level,code,postal_code
3,11071790,22016
3,11071791,21061
3,11287507,38094
3,11287660,24012
3,11287661,46034
3,11287662,38078
3,11287663,38091
3,11287664,55039
3,11287665,38012
3,11287666,38096
3,11287667,47854
3,11287668,38049
3,11287669,38095
3,11287670,38059
3,11287671,42032
3,11287672,38085
3,11287674,38019
3,11287675,38076
3,11287676,27056
3,11287677,40046
3,11287679,38025
3,11287680,38034
3,11287681,38083
3,11287682,38092
3,11287683,38093
3,11287684,23879
3,11287685,23888
3,11287686,33098
3,11287687,43016
3,11287688,38079
3,11287689,27014
3,11287690,38011
3,11287691,28846
3,11287692,38054
3,11287693,38087
3,11550072,53024
3,11670254,10072
3,12032155,15063
3,12032163,32047
3,12032192,44033
3,12032199,87064
3,12557291,61014
3,12557292,61013
3,13060465,00010
3,13060467,36050
3,2522808,91019
3,2523024,87058
3,2523071,09040
3,2523095,88050
3,2523188,87057
3,2523457,09010
3,2523532,89030
3,2523941,98042
3,2524162,90030
3,2524387,98030
3,2524401,98037
3,2524850,87045
3,2525479,09072
3,2525507,89036
3,2525514,89034
3,2525695,87051
3,3163884,54029
3,3164058,10030
3,3164070,10048
3,3164284,25069
3,3164441,25012
3,3164441,46019
3,3164631,00049
3,3164738,39030
3,3164755,22010
3,3164759,23010
3,3164759,25040
3,3164776,22070
3,3164799,25080
3,3164854,23038
3,3164916,06029
3,3164932,39049
3,3165037,17048
3,3165053,39016
3,3165186,34100
3,3165186,34121
3,3165186,34122
3,3165186,34123
3,3165186,34124
3,3165186,34125
3,3165186,34126
3,3165186,34127
3,3165186,34128
3,3165186,34129
3,3165186,34130
3,3165186,34131
3,3165186,34132
3,3165186,34133
3,3165186,34134
3,3165186,34135
3,3165186,34136
3,3165186,34137
3,3165186,34138
3,3165186,34139
3,3165186,34140
3,3165186,34141
3,3165186,34142
3,3165186,34143
3,3165186,34144
3,3165186,34145
3,3165186,34146
3,3165186,34147
3,3165186,34148
3,3165186,34149
3,3165186,34150
3,3165186,34151
3,3165499,67049
3,3165525,10100
3,3165525,10121
3,3165525,10122
3,3165525,10123
3,3165525,10124
3,3165525,10125
3,3165525,10126
3,3165525,10127
3,3165525,10128
3,3165525,10129
3,3165525,10130
3,3165525,10131
3,3165525,10132
3,3165525,10133
3,3165525,10134
3,3165525,10135
3,3165525,10136
3,3165525,10137
3,3165525,10138
3,3165525,10139
3,3165525,10140
3,3165525,10141
3,3165525,10142
3,3165525,10143
3,3165525,10144
3,3165525,10145
3,3165525,10146
3,3165525,10147
3,3165525,10148
3,3165525,10149
3,3165525,10150
3,3165525,10151
3,3165525,10152
3,3165525,10153
3,3165525,10154
3,3165525,10155
3,3165525,10156
3,3165891,26838
3,3166317,20845
3,3166464,33020
3,3166565,34010
3,3166751,39020
3,3167158,31020
3,3167205,67050
3,3168383,31020
3,3168409,34018
3,3168506,34075
3,3168593,51020
3,3169071,00118
3,3169071,00119
3,3169071,00120
3,3169071,00121
3,3169071,00122
3,3169071,00123
3,3169071,00124
3,3169071,00125
3,3169071,00126
3,3169071,00127
3,3169071,00128
3,3169071,00131
3,3169071,00132
3,3169071,00133
3,3169071,00134
3,3169071,00135
3,3169071,00136
3,3169071,00137
3,3169071,00138
3,3169071,00139
3,3169071,00141
3,3169071,00142
3,3169071,00143
3,3169071,00144
3,3169071,00145
3,3169071,00146
3,3169071,00147
3,3169071,00148
3,3169071,00149
3,3169071,00151
3,3169071,00152
3,3169071,00153
3,3169071,00154
3,3169071,00155
3,3169071,00156
3,3169071,00157
3,3169071,00158
3,3169071,00159
3,3169071,00161
3,3169071,00162
3,3169071,00163
3,3169071,00164
3,3169071,00165
3,3169071,00166
3,3169071,00167
3,3169071,00168
3,3169071,00169
3,3169071,00171
3,3169071,00172
3,3169071,00173
3,3169071,00174
3,3169071,00175
3,3169071,00176
3,3169071,00177
3,3169071,00178
3,3169071,00179
3,3169071,00181
3,3169071,00182
3,3169071,00183
3,3169071,00184
3,3169071,00185
3,3169071,00186
3,3169071,00187
3,3169071,00188
3,3169071,00189
3,3169071,00191
3,3169071,00192
3,3169071,00193
3,3169071,00194
3,3169071,00195
3,3169071,00196
3,3169071,00197
3,3169071,00198
3,3169071,00199
3,3169137,41028
3,3169137,64010
3,3169179,63093
3,3169413,31039
3,3169434,15010
3,3169822,23819
3,3169879,47016
3,3169953,10060
3,3169958,10060
3,3170081,46047
3,3170113,47010
3,3170292,84098
3,3170324,22020
3,3170368,25080
3,3171153,20068
3,3171669,25050
3,3171759,40064
3,3171813,25050
3,3172047,18030
3,3172066,23887
3,3172174,35027
3,3172395,80100
3,3172395,80121
3,3172395,80122
3,3172395,80123
3,3172395,80124
3,3172395,80125
3,3172395,80126
3,3172395,80127
3,3172395,80128
3,3172395,80129
3,3172395,80131
3,3172395,80132
3,3172395,80133
3,3172395,80134
3,3172395,80135
3,3172395,80136
3,3172395,80137
3,3172395,80138
3,3172395,80139
3,3172395,80141
3,3172395,80142
3,3172395,80143
3,3172395,80144
3,3172395,80145
3,3172395,80146
3,3172395,80147
3,3172484,34015
3,3172492,24030
3,3172866,83048
3,3172949,36030
3,3172995,62036
3,3173038,58019
3,3173130,34016
3,3173476,13816
3,3173788,22026
3,3173850,39020
3,3173977,39030
3,3174085,33085
3,3174094,25080
3,3174436,22075
3,3174478,25065
3,3174814,80050
3,3175012,38046
3,3175385,10015
3,3175411,71040
3,3175495,27010
3,3175639,25074
3,3175677,00012
3,3175850,02045
3,3176255,21045
3,3176672,39045
3,3176920,62025
3,3177041,62035
3,3177368,25030
3,3177450,34011
3,3177607,08032
3,3177973,25040
3,3178552,33080
3,3178558,22010
3,3178567,58045
3,3178990,83012
3,3179378,47011
3,3179548,33090
3,3179627,12070
3,3179722,37060
3,3180125,80074
3,3180410,19020
3,3180876,81030
3,3180938,57034
3,3181282,10070
3,3181469,21050
3,3181558,37010
3,3181581,22070
3,3181616,39030
3,3181645,71023
3,3181941,28842
3,3182121,25040
3,3182323,23816
3,3182443,67052
3,3183313,17011
3,6535881,81038
3,6535884,20813
3,6535885,39040
3,6535886,39010
3,6535887,39042
3,6535888,39040
3,6535889,39032
3,6535890,12050
3,6535890,39040
3,6535891,39010
3,6535892,39030
3,6535893,39043
3,6535894,39027
3,6535895,39034
3,6535896,39044
3,6535897,39030
3,6535898,39030
3,6535899,39010
3,6535900,39020
3,6535901,39021
3,6535902,39022
3,6535903,39040
3,6535904,39011
3,6535905,39023
3,6535906,39040
3,6535907,39024
3,6535908,39020
3,6535909,39040
3,6535910,39013
3,6535911,39010
3,6535912,39025
3,6535913,39056
3,6535914,39050
3,6535915,39040
3,6535916,39020
3,6535917,39030
3,6535918,39025
3,6535919,39040
3,6535920,39014
3,6535921,39026
3,6535922,39030
3,6535923,39038
3,6535924,39050
3,6535925,39015
3,6535926,39030
3,6535927,25036
3,6535927,39010
3,6535927,48026
3,6535928,39058
3,6535929,39030
3,6535930,39028
3,6535931,39020
3,6535932,39029
3,6535933,39030
3,6535934,39018
3,6535935,39010
3,6535936,39050
3,6535937,39040
3,6535938,39030
3,6535939,39040
3,6535939,50050
3,6535940,39039
3,6535941,39040
3,6535942,39033
3,6535949,21028
3,6535953,39100
3,6535954,39051
3,6535956,39055
3,6535957,39012
3,6535958,39040
3,6535959,39051
3,6535960,91013
3,6535967,39036
3,6535967,89844
3,6535968,39031
3,6535969,39052
3,6535970,39040
3,6535972,39040
3,6535973,39010
3,6535976,39046
3,6535977,39037
3,6535978,39010
3,6535980,39030
3,6535981,39048
3,6535982,39040
3,6535983,39020
3,6535984,39049
3,6535986,39010
3,6535987,39057
3,6535988,10060
3,6535993,21040
3,6535996,39030
3,6536000,25050
3,6536004,39040
3,6536005,39010
3,6536006,39040
3,6536007,39041
3,6536008,39010
3,6536009,39053
3,6536010,39040
3,6536011,39040
3,6536013,39040
3,6536014,39040
3,6536015,39054
3,6536016,39037
3,6536017,39030
3,6536018,39019
3,6536019,39030
3,6536020,39030
3,6536021,39010
3,6536022,39040
3,6536029,39017
3,6536030,10085
3,6536031,38051
3,6536032,10080
3,6536033,12030
3,6536034,12030
3,6536035,12065
3,6536037,12018
3,6536038,12040
3,6536039,12029
3,6536040,12030
3,6536041,14053
3,6536042,14032
3,6536043,14050
3,6536044,14033
3,6536045,10077
3,6536046,14010
3,6536047,14023
3,6536048,14020
3,6536049,14026
3,6536050,14036
3,6536051,10050
3,6536052,15060
3,6536053,13060
3,6536054,15033
3,6536055,15052
3,6536056,15050
3,6536057,15017
3,6536058,15020
3,6536058,43053
3,6536059,15038
3,6536060,12020
3,6536061,11020
3,6536062,11029
3,6536063,18030
3,6536064,18035
3,6536065,18020
3,6536066,18010
3,6536067,12030
3,6536068,12020
3,6536069,12060
3,6536070,18027
3,6536071,18017
3,6536072,18035
3,6536073,18035
3,6536075,18025
3,6536076,18032
3,6536077,18037
3,6536078,18015
3,6536079,18030
3,6536080,17014
3,6536081,17057
3,6536082,17030
3,6536083,17025
3,6536084,16020
3,6536085,12069
3,6536086,12040
3,6536087,17017
3,6536088,17030
3,6536089,17019
3,6536090,16021
3,6536091,16012
3,6536092,16043
3,6536093,16010
3,6536094,16040
3,6536095,14048
3,6536096,16017
3,6536097,16030
3,6536098,16026
3,6536099,16040
3,6536100,16027
3,6536101,16048
3,6536102,16030
3,6536103,16030
3,6536104,16030
3,6536105,21010
3,6536106,21020
3,6536107,21040
3,6536109,22034
3,6536110,22030
3,6536112,11020
3,6536113,22066
3,6536114,22010
3,6536115,18024
3,6536116,22030
3,6536117,22030
3,6536118,22069
3,6536119,23024
3,6536120,21054
3,6536121,23010
3,6536122,23032
3,6536123,23010
3,6536124,23020
3,6536125,23030
3,6536126,23034
3,6536127,23010
3,6536128,23010
3,6536129,23020
3,6536130,21039
3,6536131,22060
3,6536132,20847
3,6536133,20020
3,6536134,20825
3,6536135,20080
3,6536136,23010
3,6536137,20010
3,6536138,20010
3,6536139,20027
3,6536140,20865
3,6536141,24030
3,6536142,24030
3,6536143,24020
3,6536144,24010
3,6536145,24040
3,6536146,24050
3,6536147,24060
3,6536148,24028
3,6536149,24020
3,6536150,24060
3,6536151,24020
3,6536152,24016
3,6536153,24068
3,6536154,24017
3,6536155,24060
3,6536156,24060
3,6536157,24010
3,6536157,38050
3,6536157,50065
3,6536158,24020
3,6536159,24020
3,6536160,24047
3,6536161,24010
3,6536162,24010
3,6536164,24020
3,6536165,24050
3,6536166,25070
3,6536167,25030
3,6536168,25085
3,6536169,25064
3,6536170,27054
3,6536171,25040
3,6536172,25032
3,6536173,25040
3,6536174,25030
3,6536175,25033
3,6536176,25015
3,6536177,25020
3,6536178,25084
3,6536179,25016
3,6536180,25049
3,6536181,27010
3,6536182,27010
3,6536183,25030
3,6536184,25080
3,6536185,25025
3,6536186,25060
3,6536187,25034
3,6536188,26011
3,6536189,25030
3,6536190,25086
3,6536191,26010
3,6536192,25030
3,6536193,25010
3,6536194,25020
3,6536195,25039
3,6536196,25059
3,6536197,27010
3,6536198,27011
3,6536199,27040
3,6536202,27050
3,6536203,27040
3,6536204,27046
3,6536205,27020
3,6536206,27030
3,6536207,27020
3,6536208,38029
3,6536209,37015
3,6536210,27059
3,6536211,36030
3,6536212,26026
3,6536213,26037
3,6536214,32040
3,6536216,31010
3,6536217,38043
3,6536218,30032
3,6536219,30020
3,6536220,30020
3,6536221,30038
3,6536222,46017
3,6536223,46040
3,6536224,46048
3,6536225,46020
3,6536227,46049
3,6536229,38080
3,6536230,38022
3,6536231,38010
3,6536232,38030
3,6536233,38080
3,6536234,38053
3,6536235,38011
3,6536238,38027
3,6536240,38086
3,6536242,38057
3,6536244,38010
3,6536246,33020
3,6536247,33010
3,6536248,38010
3,6536249,33015
3,6536250,33010
3,6536251,33020
3,6536252,33030
3,6536253,38089
3,6536259,34070
3,6536260,37021
3,6536261,37012
3,6536262,37043
3,6536263,37018
3,6536264,37060
3,6536265,37019
3,6536267,41042
3,6536268,36045
3,6536269,31030
3,6536270,41048
3,6536271,32042
3,6536272,32032
3,6536274,32010
3,6536275,32010
3,6536276,32040
3,6536277,30010
3,6536278,40068
3,6536279,31036
3,6536280,31044
3,6536281,31010
3,6536282,31053
3,6536283,31047
3,6536285,31055
3,6536286,31020
3,6536287,31023
3,6536288,35030
3,6536289,61026
3,6536290,30020
3,6536291,30020
3,6536292,30028
3,6536293,35037
3,6536294,35010
3,6536295,35010
3,6536296,35020
3,6536297,35010
3,6536298,33040
3,6536299,33041
3,6536300,33040
3,6536301,33032
3,6536302,33010
3,6536303,33042
3,6536304,33030
3,6536305,33050
3,6536306,33020
3,6536307,33010
3,6536308,33033
3,6536309,33023
3,6536310,33040
3,6536311,33030
3,6536312,33050
3,6536313,33026
3,6536314,33027
3,6536315,33050
3,6536316,33040
3,6536317,33050
3,6536318,33040
3,6536319,33020
3,6536320,33046
3,6536321,33047
3,6536322,33010
3,6536323,33020
3,6536324,54010
3,6536325,55035
3,6536326,34070
3,6536327,34076
3,6536328,34077
3,6536329,34070
3,6536330,34079
3,6536331,29010
3,6536332,29011
3,6536333,29014
3,6536334,29020
3,6536335,29010
3,6536336,29020
3,6536338,29010
3,6536339,29029
3,6536340,81040
3,6536341,81040
3,6536342,33010
3,6536343,33090
3,6536344,35030
3,6536345,29010
3,6536346,40033
3,6536346,59025
3,6536347,40010
3,6536348,42043
3,6536350,52041
3,6536351,42026
3,6536352,64043
3,6536353,39050
3,6536353,40050
3,6536354,70020
3,6536355,56020
3,6536356,52022
3,6536357,06030
3,6536358,06027
3,6536359,01030
3,6536360,02020
3,6536361,02030
3,6536362,17035
3,6536363,17033
3,6536364,17058
3,6536365,17020
3,6536366,16010
3,6536367,19014
3,6536369,23020
3,6536370,23020
3,6536371,23020
3,6536372,81042
3,6536373,81010
3,6536374,25060
3,6536375,25052
3,6536376,27042
3,6536377,27044
3,6536378,32040
3,6536379,81058
3,6536380,82021
3,6536381,32020
3,6536382,32020
3,6536383,32014
3,6536384,32046
3,6536385,80051
3,6536386,31040
3,6536387,31040
3,6536388,80050
3,6536389,83040
3,6536390,11020
3,6536391,23029
3,6536392,23030
3,6536393,25040
3,6536396,31030
3,6536397,84020
3,6536398,67020
3,6536399,64034
3,6536400,66010
3,6536401,70013
3,6536402,88069
3,6536403,90041
3,6536405,98029
3,6536406,33074
3,6536406,81035
3,6536407,33075
3,6536408,13811
3,6536409,13841
3,6536410,13843
3,6536412,23823
3,6536413,23865
3,6536414,23868
3,6536415,28876
3,6536416,28879
3,6536417,12052
3,6536418,12050
3,6536419,12060
3,6536420,12070
3,6536421,12034
3,6536422,12087
3,6536423,12016
3,6536424,12040
3,6536425,12027
3,6536426,12020
3,6536427,14015
3,6536428,14050
3,6536429,14019
3,6536430,14020
3,6536431,15021
3,6536432,15061
3,6536433,15040
3,6536434,15060
3,6536435,15060
3,6536436,15023
3,6536437,15040
3,6536438,15043
3,6536439,15050
3,6536440,15067
3,6536441,15040
3,6536442,15068
3,6536443,15028
3,6536444,15060
3,6536445,15056
3,6536446,15020
3,6536447,15069
3,6536448,15060
3,6536449,15029
3,6536450,15018
3,6536451,15030
3,6536452,15057
3,6536453,15040
3,6536454,15058
3,6536455,15050
3,6536456,11010
3,6536457,11023
3,6536458,11020
3,6536459,11014
3,6536460,11020
3,6536461,11020
3,6536462,11017
3,6536463,18016
3,6536464,18010
3,6536465,18036
3,6536466,18010
3,6536467,18026
3,6536468,18010
3,6536469,17021
3,6536470,17028
3,6536471,19011
3,6536472,19020
3,6536473,19032
3,6536474,19020
3,6536475,19020
3,6536476,21041
3,6536477,21022
3,6536478,21010
3,6536479,21024
3,6536480,21020
3,6536481,21011
3,6536482,21050
3,6536483,21040
3,6536484,21033
3,6536485,21010
3,6536486,21050
3,6536487,21027
3,6536488,21020
3,6536489,21020
3,6536490,21010
3,6536491,21029
3,6536493,22070
3,6536494,22072
3,6536495,22012
3,6536496,22073
3,6536498,22074
3,6536499,20039
3,6536500,20074
3,6536501,20003
3,6536502,20022
3,6536503,20092
3,6536504,20046
3,6536505,20093
3,6536506,20032
3,6536507,20007
3,6536508,20872
3,6536509,20094
3,6536510,20036
3,6536511,20001
3,6536512,20065
3,6536513,20084
3,6536514,20823
3,6536515,20013
3,6536516,20020
3,6536517,20026
3,6536518,20015
3,6536519,20088
3,6536520,20098
3,6536521,20010
3,6536522,20099
3,6536523,20090
3,6536524,20060
3,6536525,20029
3,6536526,20009
3,6536527,20021
3,6536528,24022
3,6536529,24020
3,6536530,24060
3,6536531,24040
3,6536533,24060
3,6536534,24060
3,6536535,24060
3,6536536,24040
3,6536537,24050
3,6536538,24060
3,6536539,24035
3,6536540,24010
3,6536541,24044
3,6536542,24040
3,6536543,24025
3,6536545,24020
3,6536546,24064
3,6536547,24026
3,6536548,24065
3,6536549,24015
3,6536550,25082
3,6536550,55019
3,6536551,25014
3,6536552,25070
3,6536553,25051
3,6536554,25074
3,6536555,27040
3,6536556,27031
3,6536557,27026
3,6536558,27052
3,6536559,27027
3,6536560,27015
3,6536561,27035
3,6536562,27030
3,6536564,27036
3,6536565,27020
3,6536566,27030
3,6536567,27050
3,6536568,27017
3,6536569,26010
3,6536570,26030
3,6536571,26030
3,6536572,26042
3,6536573,26020
3,6536574,26020
3,6536575,26044
3,6536576,26010
3,6536577,26045
3,6536579,26040
3,6536580,26035
3,6536581,26049
3,6536582,26020
3,6536583,26010
3,6536584,46011
3,6536585,46040
3,6536586,46040
3,6536587,46033
3,6536588,46014
3,6536589,46010
3,6536590,46040
3,6536591,46010
3,6536592,38010
3,6536600,37060
3,6536601,37040
3,6536602,37010
3,6536603,37039
3,6536604,37060
3,6536605,37067
3,6536606,37049
3,6536607,37069
3,6536608,37059
3,6536609,36020
3,6536610,43030
3,6536611,36011
3,6536612,36071
3,6536613,36050
3,6536614,36050
3,6536615,36030
3,6536616,36030
3,6536617,36070
3,6536618,36073
3,6536619,36030
3,6536620,36040
3,6536621,36063
3,6536622,36050
3,6536623,36040
3,6536624,36026
3,6536625,36050
3,6536626,36076
3,6536627,36040
3,6536628,36014
3,6536629,36060
3,6536630,36040
3,6536631,36030
3,6536632,36050
3,6536633,32022
3,6536634,32037
3,6536635,32010
3,6536636,32040
3,6536637,31031
3,6536638,31040
3,6536639,31010
3,6536640,31030
3,6536642,31016
3,6536643,31051
3,6536644,31018
3,6536645,31040
3,6536646,31056
3,6536647,31048
3,6536648,31025
3,6536649,31020
3,6536650,31027
3,6536651,31010
3,6536651,31058
3,6536652,31020
3,6536653,31049
3,6536654,31028
3,6536655,31050
3,6536656,31059
3,6536657,30010
3,6536658,30022
3,6536659,30020
3,6536660,30031
3,6536661,30036
3,6536662,30029
3,6536664,35023
3,6536665,35041
3,6536666,35020
3,6536667,35010
3,6536668,35020
3,6536669,35020
3,6536670,35026
3,6536671,35020
3,6536672,35014
3,6536673,35040
3,6536674,35020
3,6536675,35020
3,6536676,35040
3,6536677,35010
3,6536678,35040
3,6536679,45032
3,6536680,45033
3,6536681,45034
3,6536682,45023
3,6536683,45038
3,6536684,45030
3,6536685,45019
3,6536686,45027
3,6536687,33036
3,6536688,33057
3,6536690,33050
3,6536691,33050
3,6536692,33040
3,6536693,33030
3,6536694,33017
3,6536695,33050
3,6536696,33010
3,6536697,34070
3,6536698,34071
3,6536700,34072
3,6536701,42047
3,6536702,29019
3,6536703,29020
3,6536704,43041
3,6536705,43021
3,6536706,43045
3,6536707,43037
3,6536708,43010
3,6536709,43038
3,6536710,43039
3,6536711,43028
3,6536712,42011
3,6536713,42022
3,6536715,42023
3,6536716,42035
3,6536719,42020
3,6536721,42046
3,6536722,42010
3,6536723,42020
3,6536724,41051
3,6536725,41022
3,6536726,41044
3,6536727,41015
3,6536728,41026
3,6536729,41027
3,6536730,41040
3,6536731,41020
3,6536732,41038
3,6536733,41049
3,6536734,41029
3,6536735,41019
3,6536735,54013
3,6536736,41057
3,6536737,40050
3,6536738,40032
3,6536739,40030
3,6536740,40051
3,6536741,40043
3,6536742,40061
3,6536743,40036
3,6536744,40048
3,6536745,40019
3,6536746,44011
3,6536747,44037
3,6536748,44015
3,6536751,44020
3,6536752,48034
3,6536753,48024
3,6536754,47032
3,6536755,47013
3,6536756,47010
3,6536757,47030
3,6536758,47027
3,6536759,47030
3,6536760,47019
3,6536761,61043
3,6536762,61040
3,6536763,61021
3,6536764,61026
3,6536765,61023
3,6536766,61040
3,6536767,61020
3,6536768,61010
3,6536770,47864
3,6536771,61020
3,6536773,47867
3,6536774,61010
3,6536775,60011
3,6536776,60013
3,6536777,60034
3,6536778,60024
3,6536779,60027
3,6536780,60041
3,6536781,60019
3,6536782,60030
3,6536783,60048
3,6536784,62021
3,6536785,62032
3,6536786,62020
3,6536787,62024
3,6536788,62015
3,6536789,62034
3,6536790,62017
3,6536791,62020
3,6536792,62020
3,6536793,62025
3,6536794,62038
3,6536795,63824
3,6536796,63096
3,6536797,63816
3,6536798,63077
3,6536799,63835
3,6536800,63833
3,6536801,63827
3,6536802,63822
3,6536803,63065
3,6536804,63071
3,6536805,63839
3,6536806,63078
3,6536807,54021
3,6536808,54013
3,6536809,54035
3,6536810,55023
3,6536811,55033
3,6536812,55025
3,6536813,55054
3,6536814,55034
3,6536815,55064
3,6536816,55036
3,6536818,51013
3,6536819,50012
3,6536820,50013
3,6536821,50033
3,6536822,50023
3,6536823,50060
3,6536824,50035
3,6536825,50066
3,6536826,50067
3,6536827,50060
3,6536829,50039
3,6536830,57033
3,6536831,57037
3,6536832,56031
3,6536833,56012
3,6536834,56040
3,6536835,56040
3,6536837,56036
3,6536838,56037
3,6536839,56025
3,6536840,56046
3,6536841,52032
3,6536842,52044
3,6536843,52045
3,6536846,52027
3,6536847,53011
3,6536848,53040
3,6536849,53012
3,6536850,53035
3,6536851,53014
3,6536852,53025
3,6536853,53036
3,6536854,53017
3,6536855,53040
3,6536856,53018
3,6536857,58011
3,6536858,58043
3,6536859,52043
3,6536859,58014
3,6536860,58026
3,6536861,58053
3,6536862,58054
3,6536863,58025
3,6536864,06031
3,6536865,06033
3,6536866,06044
3,6536867,06010
3,6536869,06050
3,6536870,06073
3,6536871,06053
3,6536872,06022
3,6536873,06023
3,6536874,06055
3,6536874,06072
3,6536875,06056
3,6536876,06057
3,6536877,06060
3,6536878,06064
3,6536879,06066
3,6536880,06040
3,6536881,06040
3,6536882,06040
3,6536883,06059
3,6536884,06069
3,6536885,05022
3,6536886,05031
3,6536887,05023
3,6536888,05034
3,6536889,05016
3,6536890,05030
3,6536890,39020
3,6536891,05010
3,6536892,05017
3,6536893,05010
3,6536894,05039
3,6536895,01010
3,6536896,01020
3,6536897,01030
3,6536898,01011
3,6536899,01030
3,6536900,01030
3,6536901,01024
3,6536902,01020
3,6536903,01030
3,6536904,01034
3,6536905,01010
3,6536906,01025
3,6536907,01010
3,6536908,01020
3,6536909,01016
3,6536910,01010
3,6536911,01017
3,6536912,01018
3,6536913,01030
3,6536914,01030
3,6536915,02011
3,6536916,02020
3,6536917,02020
3,6536918,02014
3,6536919,02030
3,6536920,02020
3,6536921,02044
3,6536922,02030
3,6536923,02020
3,6536924,02046
3,6536925,02010
3,6536926,02040
3,6536927,02040
3,6536928,02035
3,6536929,02025
3,6536930,02018
3,6536931,02037
3,6536932,02030
3,6536933,02010
3,6536934,02049
3,6536935,02020
3,6536936,02040
3,6536937,02020
3,6536938,00020
3,6536939,00023
3,6536940,00030
3,6536941,00010
3,6536942,00073
3,6536943,00024
3,6536944,00020
3,6536945,00053
3,6536946,00060
3,6536947,00060
3,6536948,00060
3,6536949,00030
3,6536950,00025
3,6536951,00046
3,6536952,00030
3,6536953,00020
3,6536954,00078
3,6536955,00010
3,6536956,00035
3,6536957,00036
3,6536958,00018
3,6536959,00020
3,6536960,00071
3,6536961,00068
3,6536962,00040
3,6536963,00020
3,6536964,00060
3,6536965,00020
3,6536966,00010
3,6536967,00030
3,6536968,00059
3,6536969,00060
3,6536970,04020
3,6536971,04010
3,6536972,04020
3,6536973,04015
3,6536974,04010
3,6536975,04010
3,6536976,04013
3,6536977,04020
3,6536978,03040
3,6536979,03030
3,6536980,03034
3,6536981,03030
3,6536982,03010
3,6536983,03030
3,6536984,03020
3,6536985,03040
3,6536986,03025
3,6536987,03017
3,6536988,03010
3,6536989,03040
3,6536990,03030
3,6536991,03026
3,6536992,03027
3,6536993,03030
3,6536994,03047
3,6536995,03028
3,6536996,03040
3,6536997,03039
3,6536998,03010
3,6536999,03020
3,6537000,03029
3,6537001,03020
3,6537002,03040
3,6537003,81010
3,6537005,10060
3,6537006,10070
3,6537007,10080
3,6537008,10010
3,6537008,22073
3,6537009,10010
3,6537010,10070
3,6537011,10020
3,6537013,81020
3,6537014,81035
3,6537015,81051
3,6537016,10091
3,6537017,10020
3,6537018,10020
3,6537019,10070
3,6537020,15050
3,6537021,15019
3,6537022,15040
3,6537023,15070
3,6537024,15030
3,6537025,15059
3,6537026,15060
3,6537027,11010
3,6537028,11022
3,6537029,11020
3,6537030,11020
3,6537031,11015
3,6537032,11016
3,6537033,11020
3,6537035,18034
3,6537036,18027
3,6537037,18017
3,6537038,18017
3,6537039,18020
3,6537039,18100
3,6537040,18020
3,6537041,18010
3,6537042,18014
3,6537043,18010
3,6537044,18027
3,6537045,18015
3,6537046,18036
3,6537047,18017
3,6537048,18020
3,6537048,18100
3,6537049,17041
3,6537050,17043
3,6537051,17010
3,6537052,17027
3,6537053,17042
3,6537054,17046
3,6537055,17028
3,6537056,16011
3,6537057,16041
3,6537058,16032
3,6537059,16013
3,6537060,16042
3,6537061,16016
3,6537062,16020
3,6537063,16035
3,6537064,16010
3,6537065,16038
3,6537066,16010
3,6537067,19020
3,6537067,84084
3,6537068,19020
3,6537069,19020
3,6537070,19033
3,6537071,19016
3,6537072,19017
3,6537073,19018
3,6537074,21010
3,6537075,21052
3,6537076,21044
3,6537077,21020
3,6537078,21013
3,6537079,21026
3,6537080,21056
3,6537081,21015
3,6537082,21020
3,6537083,21010
3,6537084,21030
3,6537085,21017
3,6537086,21047
3,6537087,21058
3,6537088,21019
3,6537089,21049
3,6537090,21040
3,6537091,21040
3,6537092,22040
3,6537093,22060
3,6537094,22010
3,6537095,22070
3,6537096,22010
3,6537097,22010
3,6537098,22010
3,6537100,22070
3,6537101,22070
3,6537102,23017
3,6537103,23010
3,6537104,23010
3,6537105,23035
3,6537106,23020
3,6537107,20004
3,6537108,20010
3,6537109,20842
3,6537110,20082
3,6537111,20021
3,6537112,20861
3,6537113,20010
3,6537114,20038
3,6537115,20095
3,6537116,20083
3,6537117,20064
3,6537118,20025
3,6537119,20050
3,6537120,20020
3,6537121,20066
3,6537122,20900
3,6537123,20081
3,6537124,20834
3,6537125,20876
3,6537126,20002
3,6537127,20080
3,6537128,20048
3,6537129,20087
3,6537130,20078
3,6537131,20097
3,6537132,20018
3,6537133,20030
3,6537134,20831
3,6537135,20056
3,6537136,20069
3,6537137,20814
3,6537139,20080
3,6537140,20871
3,6537141,20035
3,6537142,20020
3,6537143,24061
3,6537144,24051
3,6537145,24020
3,6537146,24010
3,6537147,24030
3,6537148,24020
3,6537149,24023
3,6537150,24055
3,6537151,24030
3,6537152,24020
3,6537153,24057
3,6537154,24050
3,6537155,24058
3,6537156,24010
3,6537158,24060
3,6537159,24060
3,6537160,24017
3,6537161,25040
3,6537162,25061
3,6537163,25043
3,6537164,25044
3,6537165,25031
3,6537166,25013
3,6537167,25045
3,6537168,25040
3,6537169,25048
3,6537170,25020
3,6537171,25083
3,6537172,25054
3,6537173,25040
3,6537174,25018
3,6537175,25076
3,6537176,25050
3,6537177,25020
3,6537178,25020
3,6537179,25027
3,6537180,25038
3,6537181,25048
3,6537183,25078
3,6537184,25089
3,6537185,25010
3,6537186,27041
3,6537188,27010
3,6537189,27020
3,6537190,27043
3,6537191,27040
3,6537192,27020
3,6537193,27022
3,6537194,27023
3,6537195,27030
3,6537196,27050
3,6537197,27030
3,6537198,27037
3,6537199,27055
3,6537200,27010
3,6537201,27050
3,6537202,27030
3,6537203,27028
3,6537204,27039
3,6537205,27020
3,6537206,27057
3,6537207,27030
3,6537208,26020
3,6537209,26010
3,6537210,26020
3,6537211,26012
3,6537212,26010
3,6537213,26020
3,6537214,26010
3,6537215,26010
3,6537216,26010
3,6537217,26032
3,6537218,26025
3,6537219,26027
3,6537220,26047
3,6537221,26010
3,6537222,26030
3,6537223,26029
3,6537224,26015
3,6537225,26016
3,6537226,26017
3,6537227,26017
3,6537228,26019
3,6537229,46031
3,6537230,46012
3,6537231,46042
3,6537232,46043
3,6537233,46010
3,6537234,46044
3,6537235,46023
3,6537236,46040
3,6537237,46040
3,6537238,46035
3,6537239,46025
3,6537241,46030
3,6537242,38010
3,6537243,38063
3,6537244,38080
3,6537245,38060
3,6537248,38010
3,6537250,38050
3,6537251,38045
3,6537252,38023
3,6537254,38010
3,6537255,38074
3,6537256,38010
3,6537258,10060
3,6537259,10080
3,6537260,10060
3,6537261,10010
3,6537262,10080
3,6537263,10090
3,6537264,10040
3,6537265,10022
3,6537266,10090
3,6537267,10070
3,6537268,10054
3,6537269,10090
3,6537269,12069
3,6537270,10050
3,6537271,10055
3,6537272,10070
3,6537273,10040
3,6537274,10084
3,6537275,10090
3,6537276,10095
3,6537277,10080
3,6537278,10040
3,6537279,10010
3,6537280,10046
3,6537281,10040
3,6537282,10080
3,6537283,10090
3,6537284,10070
3,6537285,10040
3,6537286,10050
3,6537287,10090
3,6537288,13010
3,6537289,13020
3,6537291,13047
3,6537292,13010
3,6537293,28043
3,6537294,28061
3,6537295,28010
3,6537296,28010
3,6537297,28060
3,6537298,28060
3,6537299,28010
3,6537300,28065
3,6537301,28012
3,6537302,28073
3,6537303,28070
3,6537304,28070
3,6537305,28069
3,6537306,28040
3,6537307,28060
3,6537308,28060
3,6537309,81016
3,6537310,81056
3,6537311,81057
3,6537312,81020
3,6537313,81020
3,6537314,82011
3,6537315,82011
3,6537316,82010
3,6537317,82013
3,6537318,82020
3,6537319,82030
3,6537320,82022
3,6537321,82030
3,6537322,82024
3,6537323,82033
3,6537324,82030
3,6537325,82020
3,6537326,82034
3,6537327,82020
3,6537328,82020
3,6537329,82017
3,6537330,82011
3,6537331,82030
3,6537332,82020
3,6537333,82030
3,6537334,82018
3,6537335,82034
3,6537336,82021
3,6537337,80011
3,6537338,80032
3,6537339,80050
3,6537340,80033
3,6537341,80020
3,6537342,80028
3,6537343,80030
3,6537344,80016
3,6537345,80036
3,6537346,80019
3,6537347,80030
3,6537348,80046
3,6537349,80047
3,6537350,80030
3,6537351,80049
3,6537352,80040
3,6537353,80030
3,6537354,83021
3,6537355,83043
3,6537356,83032
3,6537357,83040
3,6537358,83045
3,6537359,83040
3,6537360,83040
3,6537361,83010
3,6537362,83020
3,6537363,83040
3,6537364,83040
3,6537365,83030
3,6537366,83013
3,6537367,83030
3,6537368,83040
3,6537369,83051
3,6537370,83014
3,6537371,83050
3,6537372,83052
3,6537373,83030
3,6537374,83020
3,6537375,83050
3,6537376,83017
3,6537377,83050
3,6537378,83050
3,6537379,83053
3,6537380,83054
3,6537381,83030
3,6537382,83050
3,6537383,83030
3,6537384,83029
3,6537385,83050
3,6537386,83059
3,6537387,83030
3,6537388,83050
3,6537389,84042
3,6537390,84045
3,6537391,84011
3,6537392,84046
3,6537393,84030
3,6537394,84030
3,6537395,84050
3,6537396,84085
3,6537397,84010
3,6537398,84060
3,6537399,84060
3,6537400,84030
3,6537401,84061
3,6537402,84020
3,6537403,84060
3,6537404,84020
3,6537405,84020
3,6537406,84010
3,6537407,84060
3,6537408,84010
3,6537409,84020
3,6537410,84060
3,6537411,84020
3,6537412,84099
3,6537413,84070
3,6537414,84090
3,6537415,84037
3,6537416,84010
3,6537417,84073
3,6537418,84029
3,6537419,84070
3,6537420,84075
3,6537421,84039
3,6537422,84076
3,6537423,84077
3,6537424,84078
3,6537425,84019
3,6537426,67030
3,6537427,67050
3,6537428,67020
3,6537429,67061
3,6537430,67050
3,6537431,67024
3,6537432,67050
3,6537433,67050
3,6537434,67020
3,6537435,67030
3,6537436,67032
3,6537437,67033
3,6537438,67017
3,6537439,67026
3,6537440,67035
3,6537441,67027
3,6537442,67030
3,6537443,67047
3,6537444,67048
3,6537445,67020
3,6537446,67020
3,6537447,67038
3,6537448,67030
3,6537449,67019
3,6537450,67020
3,6537451,67059
3,6537452,67030
3,6537453,67050
3,6537454,67030
3,6537455,64033
3,6537456,64010
3,6537457,64042
3,6537458,64010
3,6537459,64010
3,6537460,64044
3,6537461,64046
3,6537462,64049
3,6537463,64014
3,6537464,65010
3,6537465,65010
3,6537466,65020
3,6537467,65012
3,6537469,65014
3,6537470,65010
3,6537471,65010
3,6537472,66040
3,6537473,66010
3,6537474,66040
3,6537475,66040
3,6537476,66010
3,6537477,66040
3,6537478,66015
3,6537479,66050
3,6537480,66023
3,6537481,66010
3,6537482,66010
3,6537483,66030
3,6537484,66040
3,6537485,66040
3,6537486,66050
3,6537487,66036
3,6537488,66020
3,6537489,66040
3,6537490,66040
3,6537491,66010
3,6537492,66040
3,6537493,66050
3,6537494,66050
3,6537495,66030
3,6537496,66040
3,6537497,66040
3,6537498,86030
3,6537499,86040
3,6537500,86043
3,6537501,86010
3,6537502,86031
3,6537503,86012
3,6537504,86010
3,6537505,86044
3,6537506,86010
3,6537507,86030
3,6537508,86014
3,6537509,86034
3,6537510,86040
3,6537511,86030
3,6537512,86010
3,6537513,86023
3,6537514,86032
3,6537515,86040
3,6537516,86030
3,6537517,86040
3,6537518,86024
3,6537519,86040
3,6537520,86045
3,6537521,86040
3,6537522,86040
3,6537523,86030
3,6537524,86040
3,6537525,86046
3,6537526,86020
3,6537527,86020
3,6537528,86017
3,6537529,86030
3,6537530,86049
3,6537531,71021
3,6537532,71031
3,6537533,71020
3,6537534,71030
3,6537535,71010
3,6537536,71033
3,6537537,71010
3,6537538,71036
3,6537539,71020
3,6537540,71030
3,6537541,71027
3,6537542,71020
3,6537543,71039
3,6537544,76015
3,6537545,71030
3,6537546,76121
3,6537547,70020
3,6537548,70033
3,6537549,70023
3,6537550,70054
3,6537551,70025
3,6537552,76013
3,6537553,70056
3,6537554,70016
3,6537555,70027
3,6537556,70044
3,6537557,70037
3,6537558,70028
3,6537559,70029
3,6537560,76014
3,6537561,74011
3,6537562,74012
3,6537563,74023
3,6537564,74016
3,6537565,74020
3,6537566,74017
3,6537567,74019
3,6537568,74026
3,6537569,74020
3,6537570,74020
3,6537571,74028
3,6537571,84081
3,6537572,72013
3,6537573,72020
3,6537574,72020
3,6537574,84010
3,6537575,72022
3,6537576,72025
3,6537577,72026
3,6537578,72028
3,6537579,72029
3,6537580,73011
3,6537581,73040
3,6537582,43011
3,6537583,73020
3,6537584,29020
3,6537584,73041
3,6537585,73020
3,6537586,73040
3,6537587,53014
3,6537587,73033
3,6537588,73044
3,6537589,73010
3,6537590,73023
3,6537591,73047
3,6537592,73020
3,6537593,73037
3,6537595,73049
3,6537596,73015
3,6537597,73038
3,6537598,73018
3,6537599,73010
3,6537600,73056
3,6537601,73020
3,6537602,73010
3,6537603,73029
3,6537604,85010
3,6537605,85011
3,6537606,85010
3,6537607,85010
3,6537608,85050
3,6537609,85022
3,6537610,85030
3,6537611,85040
3,6537612,85010
3,6537613,85030
3,6537614,85030
3,6537615,85012
3,6537616,85033
3,6537617,85034
3,6537618,85020
3,6537619,85013
3,6537620,85050
3,6537621,85010
3,6537622,85024
3,6537623,85052
3,6537624,85025
3,6537625,85010
3,6537626,85054
3,6537627,85020
3,6537628,85010
3,6537629,85020
3,6537630,85010
3,6537631,85030
3,6537632,85020
3,6537633,85030
3,6537634,85050
3,6537635,85050
3,6537636,85039
3,6537637,85032
3,6537638,85050
3,6537639,85017
3,6537640,85018
3,6537641,85029
3,6537642,85058
3,6537643,85040
3,6537644,85059
3,6537645,75010
3,6537646,75010
3,6537647,75022
3,6537648,75010
3,6537649,75024
3,6537650,75020
3,6537651,75015
3,6537652,75027
3,6537653,75019
3,6537654,75029
3,6537655,87010
3,6537656,87070
3,6537657,87042
3,6537658,87020
3,6537659,87040
3,6537660,87022
3,6537661,87050
3,6537662,87060
3,6537663,87060
3,6537664,87030
3,6537665,87013
3,6537666,87010
3,6537667,87030
3,6537668,87020
3,6537669,87014
3,6537670,87010
3,6537671,87040
3,6537673,87030
3,6537674,87010
3,6537675,87050
3,6537676,74010
3,6537677,87016
3,6537678,87070
3,6537679,87020
3,6537680,87060
3,6537681,87070
3,6537682,87070
3,6537683,87010
3,6537684,87060
3,6537685,87020
3,6537686,87070
3,6537687,87038
3,6537688,87010
3,6537689,87020
3,6537690,87060
3,6537691,87040
3,6537692,87010
3,6537693,88055
3,6537694,88067
3,6537695,88060
3,6537696,88065
3,6537697,88060
3,6537698,88040
3,6537699,88021
3,6537700,88060
3,6537701,88060
3,6537702,88067
3,6537703,88040
3,6537704,88050
3,6537705,89040
3,6537706,89035
3,6537707,89020
3,6537708,89030
3,6537709,89030
3,6537710,89012
3,6537711,89050
3,6537712,89030
3,6537713,89023
3,6537714,89020
3,6537715,89010
3,6537716,41028
3,6537716,89040
3,6537717,89040
3,6537719,89047
3,6537720,89040
3,6537721,89050
3,6537722,89058
3,6537723,89028
3,6537724,89030
3,6537725,89040
3,6537726,89049
3,6537727,89029
3,6537728,89010
3,6537729,91015
3,6537730,91027
3,6537731,91018
3,6537732,91029
3,6537733,90021
3,6537734,90030
3,6537735,90011
3,6537736,90042
3,6537737,90022
3,6537738,90010
3,6537739,90014
3,6537741,90033
3,6537742,90023
3,6537743,90045
3,6537744,90016
3,6537745,90034
3,6537746,90010
3,6537747,90025
3,6537748,90020
3,6537749,90047
3,6537750,90028
3,6537751,90030
3,6537752,90049
3,6537753,90020
3,6537754,98051
3,6537755,98031
3,6537756,98053
3,6537757,98022
3,6537758,98030
3,6537760,98070
3,6537761,98064
3,6537762,98030
3,6537765,98070
3,6537766,98030
3,6537767,98074
3,6537768,98070
3,6537769,98060
3,6537770,98076
3,6537771,98046
3,6537772,98060
3,6537773,98039
3,6537774,98078
3,6537775,92010
3,6537776,92022
3,6537777,92025
3,6537778,92020
3,6537779,92012
3,6537780,92013
3,6537781,92020
3,6537782,92029
3,6537783,92020
3,6537784,92020
3,6537785,92018
3,6537786,93010
3,6537787,93011
3,6537788,93010
3,6537789,93010
3,6537790,93014
3,6537791,93010
3,6537792,93010
3,6537793,94010
3,6537794,94010
3,6537795,94010
3,6537796,94010
3,6537797,94015
3,6537798,94017
3,6537799,94019
3,6537800,95020
3,6537801,95021
3,6537802,95022
3,6537803,95025
3,6537804,95031
3,6537805,95012
3,6537806,95044
3,6537807,95030
3,6537808,95040
3,6537809,95040
3,6537810,95038
3,6537811,95048
3,6537812,95039
3,6537813,97012
3,6537814,97010
3,6537815,97010
3,6537816,97018
3,6537817,96010
3,6537818,96010
3,6537819,96010
3,6537820,07020
3,6537821,07041
3,6537822,07010
3,6537823,07022
3,6537823,08020
3,6537825,07030
3,6537826,07030
3,6537827,07010
3,6537828,07030
3,6537829,07010
3,6537830,07013
3,6537831,07030
3,6537832,07033
3,6537833,07045
3,6537834,07015
3,6537835,07020
3,6537836,07034
3,6537837,07017
3,6537838,07040
3,6537839,07010
3,6537840,07036
3,6537841,07037
3,6537842,07040
3,6537843,07010
3,6537844,07040
3,6537845,07049
3,6537846,07030
3,6537847,08031
3,6537848,08030
3,6537849,08042
3,6537850,08040
3,6537851,08021
3,6537852,08016
3,6537853,08030
3,6537854,08010
3,6537855,08040
3,6537856,08033
3,6537857,08040
3,6537858,08020
3,6537859,08010
3,6537860,08010
3,6537861,08030
3,6537862,08030
3,6537863,08035
3,6537864,08025
3,6537865,08020
3,6537866,08020
3,6537867,08026
3,6537868,08027
3,6537869,08030
3,6537870,08036
3,6537871,08020
3,6537872,08020
3,6537873,08040
3,6537874,08046
3,6537875,08020
3,6537876,08030
3,6537877,08037
3,6537878,08017
3,6537879,08018
3,6537880,08010
3,6537881,08047
3,6537882,08010
3,6537883,08040
3,6537884,08040
3,6537885,08049
3,6537886,08040
3,6537887,09040
3,6537888,09032
3,6537889,09040
3,6537890,09040
3,6537891,09040
3,6537892,09012
3,6537893,09014
3,6537894,09033
3,6537895,09041
3,6537896,09040
3,6537897,09040
3,6537898,09040
3,6537899,09040
3,6537900,09036
3,6537901,09040
3,6537902,09023
3,6537903,09010
3,6537904,09020
3,6537905,09010
3,6537906,09030
3,6537907,09020
3,6537908,09026
3,6537909,09040
3,6537910,09030
3,6537911,09018
3,6537912,09047
3,6537914,09038
3,6537915,09027
3,6537916,09029
3,6537917,09040
3,6537918,09020
3,6537919,09010
3,6537920,09020
3,6537921,09020
3,6537922,09034
3,6537923,09010
3,6537924,09010
3,6537925,33080
3,6537926,33080
3,6537927,33070
3,6537928,33090
3,6537929,33084
3,6537930,33075
3,6537931,33092
3,6537932,33080
3,6537933,33092
3,6537934,33094
3,6537935,33080
3,6537936,33095
3,6537937,33090
3,6537938,33079
3,6537939,33090
3,6537940,33080
3,6537941,86080
3,6537942,86091
3,6537943,86082
3,6537944,86093
3,6537945,86090
3,6537946,86071
3,6537947,86094
3,6537948,86095
3,6537949,86070
3,6537950,86070
3,6537951,86080
3,6537952,86097
3,6537953,86085
3,6537954,86086
3,6537955,86088
3,6537956,86080
3,6537957,86070
3,6537958,09071
3,6537959,09080
3,6537960,09081
3,6537961,09080
3,6537962,09080
3,6537963,09090
3,6537964,09070
3,6537966,09082
3,6537968,09093
3,6537969,09090
3,6537970,09090
3,6537971,09080
3,6537972,09080
3,6537973,09070
3,6537974,09090
3,6537975,09070
3,6537977,09078
3,6537978,09090
3,6537979,09090
3,6537980,09090
3,6537981,09080
3,6537982,09070
3,6537983,09070
3,6537984,09090
3,6537985,13871
3,6537986,13812
3,6537987,13864
3,6537988,13873
3,6537989,13874
3,6537990,13896
3,6537991,13897
3,6537992,45030
3,6537993,13898
3,6537994,13814
3,6537996,13876
3,6537997,13847
3,6537998,13856
3,6537999,13887
3,6538001,23801
3,6538002,23831
3,6538003,23814
3,6538004,23851
3,6538005,23871
3,6538006,23804
3,6538007,23806
3,6538008,26821
3,6538009,26822
3,6538010,26831
3,6538012,26824
3,6538013,26846
3,6538014,26835
3,6538015,26866
3,6538018,59016
3,6538019,88837
3,6538020,88835
3,6538021,88816
3,6538022,88823
3,6538024,89862
3,6538025,89814
3,6538026,89843
3,6538027,89823
3,6538028,89866
3,6538029,89822
3,6538030,89861
3,6538031,28831
3,6538032,28832
3,6538033,28821
3,6538034,28822
3,6538035,28857
3,6538036,28868
3,6538037,10070
3,6538038,10092
3,6538039,10060
3,6538040,10012
3,6538041,10071
3,6538042,10080
3,6538043,10053
3,6538044,10020
3,6538044,50051
3,6538045,10010
3,6538046,10010
3,6538047,10010
3,6538048,10040
3,6538049,10081
3,6538050,10070
3,6538051,10050
3,6538052,10034
3,6538053,10093
3,6538054,10090
3,6538056,10040
3,6538057,10050
3,6538058,10083
3,6538059,10060
3,6538060,10090
3,6538061,10070
3,6538062,10070
3,6538064,10024
3,6538065,09042
3,6538066,10090
3,6538067,10020
3,6538068,10080
3,6538069,10010
3,6538070,10050
3,6538071,10010
3,6538072,10060
3,6538073,10045
3,6538074,10010
3,6538075,10010
3,6538076,10090
3,6538077,10040
3,6538078,10020
3,6538079,10090
3,6538080,10030
3,6538081,10090
3,6538082,10090
3,6538083,10057
3,6538084,10090
3,6538085,10019
3,6538086,10090
3,6538087,10080
3,6538088,10028
3,6538089,10070
3,6538090,10087
3,6538091,10038
3,6538093,10067
3,6538094,10030
3,6538095,10029
3,6538096,13021
3,6538097,13040
3,6538098,13031
3,6538099,13020
3,6538100,13040
3,6538101,13040
3,6538102,13033
3,6538103,13040
3,6538104,13030
3,6538105,13030
3,6538106,13030
3,6538107,13035
3,6538108,13034
3,6538108,13100
3,6538109,13045
3,6538110,13030
3,6538111,13020
3,6538112,13012
3,6538112,13100
3,6538113,13017
3,6538114,13036
3,6538115,13040
3,6538116,13040
3,6538118,13037
3,6538119,13038
3,6538120,13039
3,6538121,13030
3,6538122,28011
3,6538123,28010
3,6538124,28021
3,6538125,28040
3,6538126,28064
3,6538127,28060
3,6538128,28053
3,6538129,28066
3,6538130,28074
3,6538131,28064
3,6538132,28047
3,6538133,28010
3,6538134,28064
3,6538135,28060
3,6538136,28019
3,6538137,28070
3,6538138,28010
3,6538139,28079
3,6538140,12071
3,6538141,12081
3,6538142,12060
3,6538143,12041
3,6538144,12042
3,6538146,12030
3,6538147,12020
3,6538148,12044
3,6538149,12073
3,6538150,12074
3,6538151,12024
3,6538152,12082
3,6538153,12070
3,6538154,12020
3,6538155,12077
3,6538156,12040
3,6538157,12036
3,6538158,12017
3,6538160,12030
3,6538161,12040
3,6538162,12048
3,6538163,12020
3,6538164,12019
3,6538165,12039
3,6538166,12010
3,6538167,14020
3,6538168,14042
3,6538169,14030
3,6538170,14034
3,6538171,14050
3,6538172,14020
3,6538173,14010
3,6538174,14040
3,6538175,14055
3,6538176,14044
3,6538177,14050
3,6538178,14024
3,6538179,14040
3,6538180,14049
3,6538181,14020
3,6538182,14017
3,6538183,14059
3,6538184,14018
3,6538185,15011
3,6538186,15031
3,6538187,15042
3,6538188,15012
3,6538189,15013
3,6538191,15073
3,6538192,15053
3,6538193,15010
3,6538194,15065
3,6538195,15066
3,6538196,15050
3,6538197,15040
3,6538198,15074
3,6538199,15025
3,6538200,84049
3,6538201,84040
3,6538202,84010
3,6538203,84053
3,6538204,84010
3,6538205,84056
3,6538206,84050
3,6538207,84050
3,6538208,84050
3,6538209,84050
3,6538210,15020
3,6538211,15040
3,6538212,13835
3,6538212,15010
3,6538213,28852
3,6538214,28853
3,6538215,28823
3,6538216,28854
3,6538217,28884
3,6538218,38010
3,6538220,38010
3,6538221,38070
3,6538224,38038
3,6538226,38079
3,6538229,37010
3,6538230,37041
3,6538231,37040
3,6538232,37030
3,6538233,37040
3,6538234,37051
3,6538235,37052
3,6538236,37010
3,6538239,37023
3,6538240,37063
3,6538241,37017
3,6538242,37046
3,6538243,37030
3,6538244,37032
3,6538245,37050
3,6538246,37040
3,6538247,37055
3,6538248,37040
3,6538249,37068
3,6538250,36020
3,6538251,36077
3,6538252,36061
3,6538253,36042
3,6538254,36043
3,6538255,36020
3,6538256,36072
3,6538257,36010
3,6538259,36010
3,6538261,36070
3,6538262,36010
3,6538263,36040
3,6538264,36040
3,6538266,36054
3,6538267,36028
3,6538268,36066
3,6538269,36030
3,6538270,36015
3,6538271,36020
3,6538272,36021
3,6538274,32030
3,6538275,32043
3,6538276,32040
3,6538277,32030
3,6538279,32033
3,6538280,32020
3,6538282,32013
3,6538283,32040
3,6538284,32040
3,6538285,32034
3,6538287,32045
3,6538288,32036
3,6538291,32040
3,6538292,31030
3,6538293,31030
3,6538294,31032
3,6538295,31040
3,6538296,31014
3,6538297,31015
3,6538298,31010
3,6538300,31052
3,6538301,31040
3,6538302,31010
3,6538303,31045
3,6538304,31040
3,6538305,31024
3,6538306,31054
3,6538307,31022
3,6538308,31020
3,6538309,31026
3,6538310,31057
3,6538311,31050
3,6538312,31029
3,6538313,30020
3,6538314,30023
3,6538315,30030
3,6538316,30020
3,6538317,30035
3,6538318,30033
3,6538319,30020
3,6538320,30020
3,6538321,30030
3,6538323,30037
3,6538324,30025
3,6538325,35020
3,6538326,35022
3,6538327,35020
3,6538328,35020
3,6538329,35024
3,6538330,35012
3,6538331,35010
3,6538332,35040
3,6538333,35040
3,6538334,35010
3,6538335,35020
3,6538336,35034
3,6538338,35040
3,6538339,35016
3,6538340,35017
3,6538341,35029
3,6538342,35018
3,6538344,35048
3,6538345,35019
3,6538346,35010
3,6538347,45020
3,6538348,45030
3,6538349,45010
3,6538350,45015
3,6538351,45036
3,6538352,45030
3,6538353,45026
3,6538354,45017
3,6538355,45010
3,6538356,45010
3,6538357,45030
3,6538358,45020
3,6538359,45010
3,6538360,33020
3,6538361,33022
3,6538362,33030
3,6538363,33052
3,6538364,33043
3,6538365,33030
3,6538366,33040
3,6538367,33030
3,6538368,33024
3,6538369,33020
3,6538370,33029
3,6538371,33050
3,6538373,33050
3,6538374,33035
3,6538375,33040
3,6538376,33050
3,6538377,33030
3,6538378,33055
3,6538379,33025
3,6538380,33010
3,6538381,33056
3,6538382,33037
3,6538383,33016
3,6538384,33050
3,6538385,33050
3,6538386,33040
3,6538387,33020
3,6538388,33029
3,6538389,33030
3,6538390,33050
3,6538391,33038
3,6538392,33058
3,6538393,33048
3,6538394,33020
3,6538395,33040
3,6538397,33050
3,6538398,33010
3,6538399,33029
3,6538401,33040
3,6538402,33020
3,6538403,34070
3,6538404,34070
3,6538405,34070
3,6538406,34070
3,6538407,34070
3,6538408,34070
3,6538409,29010
3,6538410,29012
3,6538411,29013
3,6538412,29023
3,6538413,29010
3,6538414,29018
3,6538415,29027
3,6538416,29028
3,6538417,29010
3,6538418,41100
3,6538418,43051
3,6538419,43030
3,6538420,43044
3,6538421,43052
3,6538422,43035
3,6538423,43012
3,6538424,43013
3,6538425,43022
3,6538426,43024
3,6538427,43025
3,6538428,43017
3,6538429,43019
3,6538430,43059
3,6538432,43040
3,6538434,42031
3,6538435,42041
3,6538436,42040
3,6538437,42033
3,6538438,42013
3,6538439,42014
3,6538440,42024
3,6538441,42016
3,6538442,42027
3,6538443,42017
3,6538444,42048
3,6538445,42049
3,6538446,42030
3,6538447,42030
3,6538448,41030
3,6538449,41031
3,6538450,41012
3,6538451,41014
3,6538452,41033
3,6538453,41043
3,6538454,41054
3,6538455,41036
3,6538456,41037
3,6538457,41046
3,6538458,41018
3,6538459,41056
3,6538460,41028
3,6538461,40011
3,6538462,40052
3,6538463,40012
3,6538464,40034
3,6538465,40023
3,6538466,40050
3,6538467,40024
3,6538468,40014
3,6538469,40041
3,6538470,40050
3,6538471,40062
3,6538472,40027
3,6538473,40066
3,6538474,40016
3,6538475,40017
3,6538476,40018
3,6538477,40037
3,6538478,40038
3,6538479,44021
3,6538480,44022
3,6538481,44023
3,6538482,44028
3,6538483,48013
3,6538484,48014
3,6538485,48033
3,6538486,48026
3,6538487,47042
3,6538488,47010
3,6538489,47035
3,6538490,47020
3,6538491,47014
3,6538493,61040
3,6538494,61030
3,6538495,61024
3,6538496,61040
3,6538497,61037
3,6538499,61025
3,6538500,61026
3,6538501,61046
3,6538503,47866
3,6538504,61048
3,6538505,61040
3,6538506,61049
3,6538507,60021
3,6538508,60030
3,6538510,60022
3,6538511,60043
3,6538512,60030
3,6538514,60026
3,6538515,60010
3,6538516,62020
3,6538517,62039
3,6538518,62020
3,6538519,62014
3,6538520,62024
3,6538521,62020
3,6538523,62025
3,6538524,62010
3,6538525,62028
3,6538526,62020
3,6538527,62039
3,6538528,63095
3,6538529,63857
3,6538530,63083
3,6538531,63087
3,6538532,63067
3,6538533,63837
3,6538534,63066
3,6538535,63834
3,6538536,63842
3,6538537,63069
3,6538538,61100
3,6538538,63812
3,6538539,63853
3,6538540,63076
3,6538541,63825
3,6538542,63815
3,6538543,63836
3,6538544,63851
3,6538545,63092
3,6538546,63091
3,6538547,54016
3,6538548,54026
3,6538549,55011
3,6538551,51031
3,6538552,51015
3,6538555,50032
3,6538556,50052
3,6538557,50062
3,6538558,50053
3,6538560,50055
3,6538561,50034
3,6538562,50050
3,6538563,50056
3,6538564,50065
3,6538566,50019
3,6538567,50059
3,6538568,57036
3,6538571,56032
3,6538572,56040
3,6538573,56022
3,6538574,56034
3,6538576,56043
3,6538578,56040
3,6538579,56045
3,6538580,56038
3,6538581,56017
3,6538582,56020
3,6538583,56019
3,6538584,52011
3,6538585,52021
3,6538587,52029
3,6538588,52010
3,6538589,52024
3,6538590,52035
3,6538592,52036
3,6538594,52028
3,6538595,53022
3,6538596,53019
3,6538597,53023
3,6538598,53013
3,6538599,53015
3,6538600,53040
3,6538601,53040
3,6538603,53027
3,6538604,53047
3,6538605,53020
3,6538606,58042
3,6538607,58034
3,6538608,58051
3,6538609,58024
3,6538610,58020
3,6538611,20096
3,6538611,58038
3,6538612,06081
3,6538613,06084
3,6538614,06043
3,6538614,50066
3,6538615,06041
3,6538616,06034
3,6538617,06047
3,6538618,06019
3,6538619,05011
3,6538620,05012
3,6538621,05014
3,6538622,05015
3,6538623,05025
3,6538624,05026
3,6538625,05030
3,6538626,05030
3,6538627,05010
3,6538628,01010
3,6538629,01030
3,6538630,01020
3,6538631,01020
3,6538632,01010
3,6538633,01020
3,6538634,01014
3,6538635,01027
3,6538636,01010
3,6538637,01030
3,6538638,01010
3,6538639,01010
3,6538640,01020
3,6538641,01038
3,6538642,01039
3,6538643,02013
3,6538644,02010
3,6538645,02040
3,6538646,02041
3,6538647,02020
3,6538648,02031
3,6538649,02015
3,6538650,02010
3,6538651,02020
3,6538652,02040
3,6538653,02040
3,6538654,02033
3,6538655,02010
3,6538656,02020
3,6538657,02024
3,6538658,02040
3,6538659,02047
3,6538660,02030
3,6538661,02040
3,6538662,02048
3,6538663,02039
3,6538664,02030
3,6538665,00021
3,6538666,00061
3,6538667,00022
3,6538668,00072
3,6538669,00020
3,6538670,00030
3,6538671,00032
3,6538672,00020
3,6538673,00010
3,6538674,00045
3,6538675,00075
3,6538676,00026
3,6538677,00060
3,6538678,00020
3,6538679,00066
3,6538680,00013
3,6538681,00030
3,6538682,00010
3,6538683,00074
3,6538684,00017
3,6538685,00010
3,6538686,00030
3,6538687,00030
3,6538688,00010
3,6538689,00010
3,6538690,00029
3,6538691,00043
3,6538692,04010
3,6538693,04021
3,6538694,04010
3,6538695,04025
3,6538696,04010
3,6538697,04027
3,6538698,04010
3,6538699,03041
3,6538700,03021
3,6538701,03020
3,6538702,03042
3,6538703,03030
3,6538704,03023
3,6538705,03045
3,6538706,03014
3,6538707,03030
3,6538708,03016
3,6538709,03018
3,6538710,03030
3,6538711,03020
3,6538712,03046
3,6538713,03010
3,6538714,03019
3,6538715,03040
3,6538716,03020
3,6538717,03040
3,6538718,03040
3,6538719,81012
3,6538720,81030
3,6538721,81044
3,6538722,81040
3,6538723,81051
3,6538724,81040
3,6538725,81050
3,6538726,81053
3,6538727,81049
3,6538728,81055
3,6538729,81050
3,6538730,81030
3,6538731,81037
3,6538732,81041
3,6538733,81030
3,6538734,82031
3,6538735,82020
3,6538736,82020
3,6538737,82024
3,6538737,84090
3,6538738,82037
3,6538739,82030
3,6538740,82032
3,6538741,82020
3,6538742,82030
3,6538743,82030
3,6538744,82011
3,6538745,82020
3,6538746,82020
3,6538747,82016
3,6538748,82020
3,6538749,82034
3,6538750,82010
3,6538751,82030
3,6538752,82019
3,6538753,82026
3,6538754,82030
3,6538755,80071
3,6538756,80012
3,6538757,80030
3,6538758,80025
3,6538759,80040
3,6538760,80030
3,6538761,80076
3,6538762,80030
3,6538763,80017
3,6538764,80070
3,6538765,80018
3,6538766,80040
3,6538767,80038
3,6538768,80055
3,6538769,80065
3,6538770,80039
3,6538771,83020
3,6538772,83011
3,6538773,83031
3,6538774,83042
3,6538775,83040
3,6538776,83040
3,6538777,83034
3,6538778,83040
3,6538779,83040
3,6538780,83040
3,6538781,83020
3,6538782,83040
3,6538783,83040
3,6538784,83010
3,6538785,83046
3,6538786,83040
3,6538787,83020
3,6538788,83030
3,6538789,83030
3,6538790,83040
3,6538791,83038
3,6538792,83039
3,6538793,83020
3,6538794,83050
3,6538795,83020
3,6538796,83020
3,6538797,83050
3,6538798,83055
3,6538799,83010
3,6538800,83020
3,6538801,83050
3,6538802,84030
3,6538803,84010
3,6538804,84031
3,6538805,84082
3,6538806,84021
3,6538807,84032
3,6538808,84030
3,6538809,84040
3,6538810,84047
3,6538811,84030
3,6538812,84040
3,6538813,84083
3,6538814,84013
3,6538815,84051
3,6538816,84084
3,6538817,84050
3,6538818,84020
3,6538819,84010
3,6538820,84060
3,6538821,84016
3,6538822,84020
3,6538823,84060
3,6538824,84060
3,6538824,87050
3,6538825,84065
3,6538826,84066
3,6538827,84017
3,6538828,84070
3,6538829,84036
3,6538830,84020
3,6538831,84010
3,6538832,84070
3,6538833,84070
3,6538834,84030
3,6538835,84030
3,6538836,84030
3,6538837,84070
3,6538838,84030
3,6538839,84020
3,6538840,84079
3,6538841,67013
3,6538842,67022
3,6538843,67014
3,6538843,84090
3,6538844,67060
3,6538845,67030
3,6538846,67050
3,6538847,67030
3,6538848,67062
3,6538849,67020
3,6538850,67046
3,6538851,67057
3,6538852,67030
3,6538853,67037
3,6538854,67020
3,6538855,64031
3,6538856,64035
3,6538857,64023
3,6538858,64015
3,6538859,64039
3,6538860,64047
3,6538861,38062
3,6538861,65020
3,6538862,65010
3,6538863,65011
3,6538864,65010
3,6538865,65020
3,6538866,65020
3,6538867,65025
3,6538868,65010
3,6538869,66041
3,6538870,66042
3,6538871,66011
3,6538872,66050
3,6538873,66033
3,6538874,66050
3,6538875,66051
3,6538876,66050
3,6538877,66010
3,6538878,66040
3,6538879,66052
3,6538880,66050
3,6538881,66010
3,6538882,66017
3,6538883,66040
3,6538884,66030
3,6538885,66020
3,6538886,66010
3,6538887,66040
3,6538888,66050
3,6538889,66037
3,6538890,66038
3,6538891,66045
3,6538892,66018
3,6538893,66020
3,6538894,66050
3,6538895,66050
3,6538896,66054
3,6538897,86021
3,6538898,86041
3,6538899,86020
3,6538900,86042
3,6538901,86030
3,6538902,86020
3,6538903,86010
3,6538904,86020
3,6538905,86010
3,6538906,86030
3,6538907,86030
3,6538908,86010
3,6538909,86020
3,6538910,86016
3,6538911,86025
3,6538912,86020
3,6538913,86040
3,6538914,86030
3,6538915,86028
3,6538916,86018
3,6538917,86029
3,6538918,71011
3,6538919,71022
3,6538920,71024
3,6538921,71030
3,6538922,71034
3,6538923,71042
3,6538924,71026
3,6538925,71010
3,6538926,71010
3,6538927,76016
3,6538928,71010
3,6538929,50125
3,6538929,71010
3,6538930,76017
3,6538931,71014
3,6538932,71047
3,6538933,71048
3,6538934,71018
3,6538935,71019
3,6538936,71030
3,6538937,70021
3,6538938,70010
3,6538939,70020
3,6538940,76012
3,6538941,70010
3,6538942,70010
3,6538943,70024
3,6538944,70010
3,6538945,70042
3,6538946,56121
3,6538946,70017
3,6538947,70018
3,6538948,70010
3,6538949,70019
3,6538950,70010
3,6538951,74022
3,6538952,74020
3,6538953,74024
3,6538954,74015
3,6538955,74020
3,6538956,74020
3,6538957,74020
3,6538958,74027
3,6538959,72012
3,6538960,72021
3,6538961,72017
3,6538962,72027
3,6538963,72020
3,6538964,73031
3,6538965,73032
3,6538966,73040
3,6538967,73010
3,6538968,73012
3,6538969,73043
3,6538970,73013
3,6538971,73045
3,6538972,73024
3,6538973,73025
3,6538974,73046
3,6538975,73026
3,6538976,73040
3,6538977,73027
3,6538978,73040
3,6538979,73036
3,6538980,73052
3,6538982,73016
3,6538983,73017
3,6538984,73020
3,6538985,73010
3,6538986,73010
3,6538987,73040
3,6538988,73010
3,6538989,73030
3,6538990,73019
3,6538991,73010
3,6538992,85010
3,6538993,85010
3,6538994,85010
3,6538995,85050
3,6538996,85031
3,6538997,85032
3,6538998,85034
3,6538999,85010
3,6539000,85043
3,6539001,85014
3,6539002,85047
3,6539003,85020
3,6539004,85053
3,6539005,85040
3,6539006,85035
3,6539007,85026
3,6539008,85016
3,6539009,85010
3,6539010,85020
3,6539011,85036
3,6539012,85020
3,6539013,85050
3,6539014,85050
3,6539015,85038
3,6539016,85030
3,6539017,85057
3,6539018,85010
3,6539019,75010
3,6539020,75010
3,6539021,75010
3,6539022,75021
3,6539023,75014
3,6539024,75010
3,6539025,75010
3,6539026,75016
3,6539027,75010
3,6539028,75028
3,6539029,87031
3,6539030,87070
3,6539031,87071
3,6539032,87021
3,6539033,87060
3,6539034,87030
3,6539035,87050
3,6539036,87053
3,6539038,87072
3,6539039,87010
3,6539040,87020
3,6539041,87066
3,6539042,87060
3,6539043,87040
3,6539044,87040
3,6539045,87050
3,6539046,87046
3,6539047,87026
3,6539048,87010
3,6539049,87060
3,6539050,87020
3,6539051,87050
3,6539052,87036
3,6539053,87074
3,6539054,87017
3,6539055,87050
3,6539056,87069
3,6539057,87060
3,6539058,87040
3,6539059,87018
3,6539060,87020
3,6539061,87010
3,6539062,87010
3,6539063,87048
3,6539064,87030
3,6539065,87030
3,6539066,87019
3,6539067,87020
3,6539069,87060
3,6539070,87020
3,6539071,88050
3,6539072,88070
3,6539073,88050
3,6539074,88040
3,6539075,88064
3,6539076,88040
3,6539077,88060
3,6539078,88042
3,6539079,88040
3,6539080,88050
3,6539081,88040
3,6539082,88060
3,6539083,88050
3,6539084,88050
3,6539085,88060
3,6539087,88040
3,6539088,88040
3,6539089,88049
3,6539090,88050
3,6539091,88069
3,6539092,88060
3,6539093,89040
3,6539094,89011
3,6539095,89050
3,6539096,89040
3,6539097,89060
3,6539098,89041
3,6539099,89044
3,6539100,89045
3,6539101,89040
3,6539102,89064
3,6539103,89065
3,6539104,89016
3,6539105,89020
3,6539106,89056
3,6539107,89020
3,6539108,89020
3,6539109,91021
3,6539110,91014
3,6539111,91022
3,6539112,91016
3,6539113,91023
3,6539114,91017
3,6539115,91010
3,6539116,90020
3,6539117,90020
3,6539118,90020
3,6539119,90032
3,6539120,90030
3,6539121,90012
3,6539122,90030
3,6539123,90030
3,6539124,90043
3,6539125,90020
3,6539126,90010
3,6539127,90030
3,6539128,90010
3,6539128,95021
3,6539129,90024
3,6539130,90030
3,6539131,90040
3,6539132,90010
3,6539133,90036
3,6539134,90030
3,6539135,90037
3,6539136,90038
3,6539137,90040
3,6539138,90040
3,6539139,90010
3,6539140,90018
3,6539141,90020
3,6539142,90020
3,6539143,90030
3,6539144,98070
3,6539146,98070
3,6539147,98070
3,6539148,98034
3,6539149,98030
3,6539150,98063
3,6539151,98025
3,6539152,98050
3,6539153,98055
3,6539154,98050
3,6539155,98020
3,6539156,98058
3,6539157,98030
3,6539158,98075
3,6539159,98070
3,6539160,98068
3,6539161,98030
3,6539162,98030
3,6539163,98050
3,6539164,98028
3,6539165,98077
3,6539166,98069
3,6539167,98060
3,6539168,98060
3,6539169,92023
3,6539171,92010
3,6539172,92010
3,6539173,92015
3,6539174,92016
3,6539175,92017
3,6539176,92020
3,6539177,93010
3,6539178,93010
3,6539179,93013
3,6539180,93015
3,6539181,93016
3,6539182,93018
3,6539183,93010
3,6539184,93010
3,6539185,94011
3,6539186,94010
3,6539187,94010
3,6539188,94010
3,6539189,94014
3,6539190,94016
3,6539191,94010
3,6539192,94018
3,6539193,94010
3,6539194,95034
3,6539195,95011
3,6539196,95042
3,6539197,95040
3,6539198,95016
3,6539199,95040
3,6539200,95040
3,6539201,95036
3,6539202,89816
3,6539202,95040
3,6539203,95010
3,6539204,95049
3,6539205,95019
3,6539206,97014
3,6539207,96010
3,6539208,96013
3,6539209,96014
3,6539210,96015
3,6539211,96016
3,6539212,96010
3,6539213,96018
3,6539214,96019
3,6539215,96010
3,6539216,96010
3,6539217,96010
3,6539219,07021
3,6539220,07040
3,6539221,07012
3,6539222,07030
3,6539223,07031
3,6539224,07040
3,6539225,07030
3,6539226,07010
3,6539227,07010
3,6539228,07044
3,6539229,07030
3,6539230,07025
3,6539231,07010
3,6539232,07010
3,6539233,07032
3,6539234,07040
3,6539235,07027
3,6539236,07014
3,6539237,07018
3,6539238,07028
3,6539239,07035
3,6539240,07047
3,6539241,07019
3,6539242,07030
3,6539243,07040
3,6539244,08040
3,6539245,08030
3,6539246,08030
3,6539247,08010
3,6539248,08012
3,6539249,08040
3,6539250,08043
3,6539251,08030
3,6539252,08023
3,6539253,08030
3,6539254,08020
3,6539255,08030
3,6539256,08030
3,6539257,08040
3,6539258,08020
3,6539259,08044
3,6539260,08034
3,6539261,08040
3,6539262,08024
3,6539263,08030
3,6539264,08020
3,6539265,08020
3,6539266,08020
3,6539267,08030
3,6539268,08030
3,6539269,08030
3,6539270,08040
3,6539271,08040
3,6539272,08020
3,6539273,09031
3,6539274,09021
3,6539275,09010
3,6539276,09020
3,6539277,09010
3,6539278,09010
3,6539280,09010
3,6539281,09020
3,6539282,09020
3,6539283,09010
3,6539284,09010
3,6539285,09035
3,6539286,09040
3,6539287,09020
3,6539288,09022
3,6539289,09040
3,6539290,09043
3,6539291,09010
3,6539292,09010
3,6539293,09024
3,6539294,09040
3,6539295,09030
3,6539296,09020
3,6539297,09010
3,6539298,09037
3,6539300,09010
3,6539301,09040
3,6539302,09040
3,6539303,09040
3,6539304,09028
3,6539305,09040
3,6539306,09020
3,6539307,09010
3,6539308,09040
3,6539309,09048
3,6539310,09040
3,6539311,09019
3,6539312,09029
3,6539313,09020
3,6539314,09010
3,6539315,09010
3,6539316,09020
3,6539317,09040
3,6539318,09040
3,6539319,09010
3,6539319,12020
3,6539320,09049
3,6539321,09044
3,6539322,09010
3,6539323,33090
3,6539324,33070
3,6539325,33072
3,6539326,33092
3,6539327,33080
3,6539328,33080
3,6539329,33080
3,6539330,33076
3,6539331,33080
3,6539332,33078
3,6539333,33097
3,6539334,33090
3,6539335,33090
3,6539337,33080
3,6539338,86092
3,6539339,86080
3,6539340,86080
3,6539341,86072
3,6539342,86097
3,6539343,86073
3,6539345,86075
3,6539346,86080
3,6539347,86090
3,6539348,86077
3,6539349,86080
3,6539350,86097
3,6539351,86079
3,6539352,09070
3,6539353,09090
3,6539354,09070
3,6539355,09090
3,6539356,09070
3,6539357,09073
3,6539358,09083
3,6539359,09074
3,6539360,09090
3,6539361,09094
3,6539362,09080
3,6539363,09095
3,6539364,09070
3,6539365,09070
3,6539366,09080
3,6539367,09090
3,6539368,09070
3,6539369,09086
3,6539370,09075
3,6539371,09070
3,6539372,09076
3,6539373,09080
3,6539374,09070
3,6539375,09080
3,6539376,09077
3,6539377,09098
3,6539379,09099
3,6539380,09084
3,6539381,09080
3,6539382,09090
3,6539383,09070
3,6539384,09080
3,6539385,13861
3,6539386,13872
3,6539387,13862
3,6539388,13878
3,6539389,13863
3,6539390,13894
3,6539391,13853
3,6539392,13899
3,6539393,13885
3,6539394,13818
3,6539395,13884
3,6539397,13871
3,6539398,23821
3,6539399,23881
3,6539400,23841
3,6539401,23842
3,6539402,23880
3,6539403,23824
3,6539404,23864
3,6539405,23807
3,6539406,23873
3,6539407,23834
3,6539408,23899
3,6539410,23835
3,6539411,23829
3,6539412,23808
3,6539413,26812
3,6539414,26841
3,6539415,26823
3,6539416,26861
3,6539417,26847
3,6539418,26836
3,6539419,26848
3,6539420,26826
3,6539421,26828
3,6539422,47835
3,6539423,88833
3,6539424,88833
3,6539426,88836
3,6539427,88812
3,6539428,88842
3,6539429,88821
3,6539430,88831
3,6539431,88832
3,6539432,89816
3,6539433,89823
3,6539434,89844
3,6539435,89843
3,6539436,89861
3,6539437,89834
3,6539438,89868
3,6539439,28877
3,6539440,28861
3,6539441,28881
3,6539442,28891
3,6539443,28862
3,6539444,28845
3,6539446,28898
3,6539447,28838
3,6539449,28844
3,6539450,81010
3,6539451,81023
3,6539452,81010
3,6539453,81014
3,6539454,81050
3,6539455,81046
3,6539456,81047
3,6539457,81034
3,6539458,81052
3,6539459,81010
3,6539460,16045
3,6539461,16031
3,6539462,21030
3,6539463,21053
3,6539465,22035
3,6539466,22070
3,6539467,22030
3,6539468,23030
3,6539469,23021
3,6539470,23010
3,6539471,23023
3,6539472,23014
3,6539473,23033
3,6539474,20040
3,6539475,20857
3,6539476,20866
3,6539477,20061
3,6539478,20051
3,6539479,20873
3,6539480,20816
3,6539481,20063
3,6539482,20863
3,6539483,20011
3,6539484,20012
3,6539485,20096
3,6539486,24040
3,6539487,24010
3,6539488,24043
3,6539489,24010
3,6539490,24010
3,6539491,24014
3,6539492,24030
3,6539493,25030
3,6539494,27030
3,6539495,27050
3,6539496,27030
3,6539497,27010
3,6539498,27050
3,6539499,27020
3,6539500,27032
3,6539501,27040
3,6539502,38030
3,6539503,38055
3,6539504,38015
3,6539505,38056
3,6539506,38016
3,6539507,38018
3,6539509,38060
3,6539510,38050
3,6539511,38050
3,6539512,38037
3,6539513,10052
3,6539514,10070
3,6539515,10031
3,6539516,10080
3,6539517,10080
3,6539518,10040
3,6539519,10075
3,6539520,10060
3,6539521,10020
3,6539522,10010
3,6539523,10080
3,6539524,10010
3,6539525,10010
3,6539526,10080
3,6539527,10066
3,6539528,10080
3,6539530,10060
3,6539531,10060
3,6539533,10088
3,6539534,13030
3,6539535,13040
3,6539536,13030
3,6539537,13030
3,6539538,13044
3,6539539,13034
3,6539540,13040
3,6539541,13046
3,6539542,13046
3,6539543,13020
3,6539544,13047
3,6539545,13030
3,6539546,13040
3,6539547,13010
3,6539548,28045
3,6539549,28024
3,6539550,28075
3,6539551,28040
3,6539552,28046
3,6539553,28040
3,6539554,28016
3,6539555,28076
3,6539556,28077
3,6539557,28060
3,6539558,28078
3,6539559,12050
3,6539560,12050
3,6539561,12020
3,6539562,12022
3,6539562,27040
3,6539563,12023
3,6539564,12050
3,6539565,12050
3,6539566,12030
3,6539567,12040
3,6539568,12062
3,6539569,12055
3,6539570,12010
3,6539571,12030
3,6539572,12045
3,6539573,12010
3,6539574,12030
3,6539575,12064
3,6539576,12076
3,6539577,12015
3,6539578,80042
3,6539579,71040
3,6539580,09040
3,6539581,09030
3,6539582,13900
3,6539583,09013
3,6539584,09016
3,6539585,10080
3,6539586,07029
3,6539587,08045
3,6539588,09025
3,6539589,09039
3,6539590,84010
3,6539591,36024
3,6539592,06040
3,6539593,02016
3,6539594,00020
3,6539595,83030
3,6539596,65020
3,6539597,96010
3,6539598,09093
3,6539599,89813
3,6539600,89841
3,6539601,89851
3,6539602,89821
3,6539603,89831
3,6539604,12056
3,6539605,12079
3,6539606,14100
3,6539608,15050
3,6539609,18011
3,6539609,41029
3,6539609,60048
3,6539610,12028
3,6539611,16029
3,6539612,19012
3,6539613,21020
3,6539614,16046
3,6539615,22018
3,6539616,22020
3,6539617,23100
3,6539618,23036
3,6539619,23037
3,6539620,24042
3,6539621,24010
3,6539622,24036
3,6539622,55100
3,6539623,25040
3,6539624,25020
3,6539625,25020
3,6539626,25070
3,6539627,03035
3,6539627,25020
3,6539627,39050
3,6539627,70123
3,6539627,74015
3,6539627,96017
3,6539627,98051
3,6539628,64020
3,6539629,27047
3,6539631,38024
3,6539632,38020
3,6539632,56010
3,6539632,59100
3,6539632,85030
3,6539633,38050
3,6539633,48100
3,6539633,81100
3,6539634,05010
3,6539634,31036
3,6539634,36050
3,6539634,37026
3,6539634,38050
3,6539634,47853
3,6539636,38060
3,6539637,20068
3,6539637,29021
3,6539638,37045
3,6539639,31050
3,6539640,31038
3,6539641,35040
3,6539642,30020
3,6539644,30026
3,6539645,33021
3,6539646,33020
3,6539647,33010
3,6539648,33050
3,6539649,33050
3,6539650,54038
3,6539651,34073
3,6539652,34070
3,6539653,29022
3,6539654,51011
3,6539655,29026
3,6539656,84048
3,6539657,31040
3,6539658,40015
3,6539659,33083
3,6539660,32040
3,6539662,08040
3,6539663,33028
3,6539663,33070
3,6539664,13823
3,6539665,59024
3,6539666,12033
3,6539667,15020
3,6539669,15077
3,6539670,18012
3,6539671,17031
3,6539672,19038
3,6539674,20023
3,6539676,20067
3,6539677,27010
3,6539679,46024
3,6539682,38010
3,6539684,37038
3,6539684,46047
3,6539686,36078
3,6539687,32021
3,6539689,17044
3,6539689,32035
3,6539689,43032
3,6539689,47900
3,6539690,30014
3,6539691,30030
3,6539691,33074
3,6539692,35040
3,6539693,45030
3,6539694,41037
3,6539694,44012
3,6539694,45010
3,6539695,33010
3,6539696,33040
3,6539697,33039
3,6539698,33040
3,6539699,33030
3,6539700,43032
3,6539701,43043
3,6539702,43014
3,6539704,43040
3,6539705,43049
3,6539706,42015
3,6539707,41032
3,6539708,41034
3,6539709,41053
3,6539710,38057
3,6539710,41058
3,6539710,54027
3,6539711,41059
3,6539713,40054
3,6539713,42015
3,6539713,47020
3,6539716,44020
3,6539718,47030
3,6539719,61021
3,6539720,61039
3,6539721,47865
3,6539722,02023
3,6539722,61040
3,6539723,29010
3,6539723,60033
3,6539724,60015
3,6539725,60040
3,6539726,24128
3,6539726,60025
3,6539727,60037
3,6539728,60010
3,6539729,62010
3,6539730,63072
3,6539731,63813
3,6539732,63811
3,6539733,55051
3,6539734,51017
3,6539735,57020
3,6539736,57023
3,6539737,56040
3,6539738,56048
3,6539739,52046
3,6539740,53043
3,6539741,53037
3,6539742,58017
3,6539743,58010
3,6539744,06026
3,6539745,05020
3,6539746,05013
3,6539747,05020
3,6539747,52043
3,6539748,05018
3,6539749,05010
3,6539750,01010
3,6539751,01037
3,6539752,01030
3,6539753,02042
3,6539754,02023
3,6539755,02010
3,6539756,02040
3,6539756,58010
3,6539757,00062
3,6539758,00033
3,6539758,81027
3,6539758,81044
3,6539759,00030
3,6539760,00030
3,6539760,84075
3,6539761,00047
3,6539762,00015
3,6539762,25050
3,6539763,00020
3,6539764,00019
3,6539765,03044
3,6539765,64043
3,6539765,71100
3,6539766,03013
3,6539767,03020
3,6539768,03030
3,6539769,81011
3,6539770,15045
3,6539771,15060
3,6539771,38057
3,6539772,15060
3,6539773,05100
3,6539773,15048
3,6539774,18010
3,6539775,17039
3,6539776,16015
3,6539777,16034
3,6539778,21010
3,6539779,21030
3,6539781,23010
3,6539784,24060
3,6539785,25022
3,6539786,25024
3,6539787,25075
3,6539787,33074
3,6539788,27020
3,6539789,27020
3,6539790,27020
3,6539791,26039
3,6539792,46040
3,6539793,42100
3,6539793,46045
3,6539794,38062
3,6539796,06081
3,6539796,10060
3,6539796,29011
3,6539796,38050
3,6539796,46041
3,6539796,67020
3,6539798,38064
3,6539800,10023
3,6539801,10080
3,6539802,10080
3,6539803,10044
3,6539805,13030
3,6539806,13028
3,6539806,91014
3,6539807,28010
3,6539808,82010
3,6539809,48100
3,6539809,82015
3,6539810,80022
3,6539811,63066
3,6539811,80077
3,6539812,80045
3,6539813,80048
3,6539814,80067
3,6539815,83022
3,6539816,83020
3,6539817,83030
3,6539818,83020
3,6539819,84060
3,6539820,84067
3,6539821,84010
3,6539821,98066
3,6539822,67030
3,6539823,67023
3,6539824,67043
3,6539825,67030
3,6539826,67067
3,6539827,64041
3,6539829,66040
3,6539830,66026
3,6539831,66047
3,6539832,86022
3,6539833,86037
3,6539834,71028
3,6539835,74020
3,6539835,82019
3,6539836,74013
3,6539837,73021
3,6539838,73010
3,6539840,64036
3,6539840,73020
3,6539841,85021
3,6539842,85056
3,6539843,30036
3,6539843,75018
3,6539844,87040
3,6539844,88832
3,6539845,87032
3,6539846,87020
3,6539847,18039
3,6539847,87034
3,6539848,31020
3,6539848,41045
3,6539848,87035
3,6539849,27058
3,6539849,87073
3,6539850,87028
3,6539852,87037
3,6539853,87060
3,6539854,88060
3,6539855,88041
3,6539856,88055
3,6539857,89031
3,6539858,89032
3,6539859,89013
3,6539861,89040
3,6539862,08020
3,6539862,33039
3,6539862,33098
3,6539862,89069
3,6539863,62032
3,6539863,89030
3,6539864,90040
3,6539865,90030
3,6539866,90035
3,6539867,98030
3,6539868,98041
3,6539869,92021
3,6539870,92010
3,6539871,98079
3,6539873,07011
3,6539874,08013
3,6539875,08028
3,6539876,08029
3,6539877,09040
3,6539877,45012
3,6539877,98070
3,6539878,09010
3,6539879,05035
3,6539879,09040
3,6539879,20083
3,6539879,35010
3,6539879,41057
3,6539879,47822
3,6539879,54038
3,6539879,64010
3,6539879,83054
3,6539881,33077
3,6539882,86090
3,6539883,09091
3,6539884,09092
3,6539885,09070
3,6539886,09090
3,6539887,23811
3,6539888,47853
3,6539889,47832
3,6539889,81044
3,6539889,81100
3,6539890,47826
3,6539891,35040
3,6539891,59015
3,6539893,88825
3,6539894,89844
3,6539895,03041
3,6539895,64012
3,6539895,89843
3,6539896,07020
3,6539897,10061
3,6539898,10050
3,6539899,10070
3,6539899,50052
3,6539900,10017
3,6539900,81050
3,6539901,10010
3,6539902,10098
3,6539903,13012
3,6539905,13010
3,6539906,13010
3,6539907,05018
3,6539907,12043
3,6539907,16023
3,6539907,38057
3,6539907,45010
3,6539907,83028
3,6539908,12070
3,6539909,12037
3,6539910,12010
3,6539911,12070
3,6539912,15020
3,6539912,81040
3,6539913,15016
3,6539914,15010
3,6539915,84057
3,6539916,26010
3,6539916,38068
3,6539918,06034
3,6539918,30020
3,6539918,37050
3,6539919,37020
3,6539920,37058
3,6539921,31050
3,6539922,31040
3,6539923,35021
3,6539925,35013
3,6539926,35010
3,6539926,46030
3,6539927,35044
3,6539927,41028
3,6539928,35028
3,6539929,45011
3,6539930,33051
3,6539931,33050
3,6539932,33034
3,6539933,33020
3,6539934,33053
3,6539935,33044
3,6539935,38065
3,6539936,33040
3,6539937,33018
3,6539938,34074
3,6539939,34078
3,6539940,29015
3,6539941,42034
3,6539942,42044
3,6539943,42028
3,6539944,40010
3,6539945,44012
3,6539947,47043
3,6539948,47020
3,6539948,58051
3,6539949,08034
3,6539949,47018
3,6539952,60018
3,6539954,60039
3,6539955,62010
3,6539956,62014
3,6539957,62018
3,6539958,62010
3,6539959,55022
3,6539960,55045
3,6539962,19015
3,6539962,41051
3,6539962,51037
3,6539963,50060
3,6539964,50068
3,6539965,56021
3,6539965,57030
3,6539966,57020
3,6539967,52010
3,6539968,58033
3,6539969,06014
3,6539969,64023
3,6539970,06016
3,6539971,06028
3,6539972,05035
3,6539973,01035
3,6539973,37045
3,6539974,01010
3,6539975,02040
3,6539975,06016
3,6539976,00051
3,6539977,00030
3,6539977,40050
3,6539978,00060
3,6539979,00037
3,6539980,03032
3,6539981,03033
3,6539981,80026
3,6539982,03020
3,6539983,03020
3,6539983,84011
3,6539983,86090
3,6539984,03038
3,6539985,81031
3,6539986,81050
3,6539986,87060
3,6539987,81024
3,6539988,82010
3,6539989,06062
3,6539989,82010
3,6539990,80031
3,6539991,80073
3,6539992,80024
3,6539993,80030
3,6539993,81042
3,6539994,83044
3,6539995,83030
3,6539995,87035
3,6539996,83030
3,6539997,83023
3,6539998,83049
3,6539998,86021
3,6539999,83056
3,6540000,84040
3,6540001,84020
3,6540002,84059
3,6540003,33085
3,6540003,84022
3,6540004,05018
3,6540004,84010
3,6540005,64040
3,6540005,84034
3,6540006,84070
3,6540007,84087
3,6540008,84028
3,6540009,84088
3,6540009,88100
3,6540010,67020
3,6540011,67015
3,6540012,06046
3,6540012,64010
3,6540013,65010
3,6540014,66044
3,6540014,89121
3,6540014,98044
3,6540015,55041
3,6540015,64032
3,6540015,66043
3,6540016,66010
3,6540017,86030
3,6540018,86020
3,6540019,84052
3,6540019,86020
3,6540019,87030
3,6540020,16035
3,6540020,86027
3,6540021,71041
3,6540022,71016
3,6540023,70014
3,6540024,47023
3,6540024,74020
3,6540025,72015
3,6540026,22010
3,6540026,72024
3,6540027,50127
3,6540027,73051
3,6540028,73057
3,6540029,23020
3,6540029,42010
3,6540029,48013
3,6540029,55022
3,6540029,73020
3,6540030,85030
3,6540031,85048
3,6540032,06063
3,6540032,85037
3,6540033,85020
3,6540035,75026
3,6540036,87050
3,6540037,87024
3,6540038,87040
3,6540039,87075
3,6540040,88020
3,6540041,88051
3,6540042,88045
3,6540043,88060
3,6540044,89040
3,6540045,89022
3,6540046,89040
3,6540047,89038
3,6540048,89026
3,6540049,90013
3,6540050,90046
3,6540052,98061
3,6540053,98070
3,6540054,98060
3,6540055,98057
3,6540056,87060
3,6540056,98070
3,6540057,67050
3,6540057,82010
3,6540057,83040
3,6540057,98020
3,6540059,92010
3,6540060,92010
3,6540061,92020
3,6540062,95018
3,6540063,97019
3,6540064,96017
3,6540065,07010
3,6540066,08020
3,6540067,09011
3,6540068,09015
3,6540069,09010
3,6540070,09017
3,6540071,09020
3,6540072,33070
3,6540073,33099
3,6540074,84060
3,6540074,86070
3,6540075,86071
3,6540076,02023
3,6540076,86070
3,6540077,09085
3,6540078,02012
3,6540078,09096
3,6540079,09088
3,6540080,13868
3,6540081,23817
3,6540083,88822
3,6540084,89832
3,6540085,89832
3,6540086,89812
3,6540087,28887
3,6540088,28856
3,6540089,81044
3,6540090,52047
3,6540090,81030
3,6540091,22033
3,6540092,22010
3,6540093,23022
3,6540094,20017
3,6540095,25070
3,6540096,27030
3,6540098,10062
3,6540098,38040
3,6540099,38065
3,6540100,10056
3,6540101,10059
3,6540102,13043
3,6540103,13045
3,6540104,28050
3,6540105,12020
3,6540106,62100
3,6540107,01100
3,6540108,65100
3,6540108,65121
3,6540108,65122
3,6540108,65123
3,6540108,65124
3,6540108,65125
3,6540108,65126
3,6540108,65127
3,6540108,65128
3,6540108,65129
3,6540108,65132
3,6540109,72100
3,6540110,75100
3,6540111,07100
3,6540112,33170
3,6540113,86170
3,6540114,26900
3,6540115,89900
3,6540116,13100
3,6540117,32100
3,6540118,31100
3,6540119,33100
3,6540120,43100
3,6540120,43121
3,6540120,43122
3,6540120,43123
3,6540120,43124
3,6540120,43125
3,6540120,43126
3,6540120,43216
3,6540121,48100
3,6540122,57100
3,6540122,57121
3,6540122,57122
3,6540122,57123
3,6540122,57124
3,6540122,57125
3,6540122,57126
3,6540122,57127
3,6540122,57128
3,6540123,09170
3,6540124,42015
3,6540124,59100
3,6540125,09100
3,6540125,09121
3,6540125,09122
3,6540125,09123
3,6540125,09124
3,6540125,09125
3,6540125,09126
3,6540125,09127
3,6540125,09128
3,6540125,09129
3,6540125,09130
3,6540125,09131
3,6540125,09134
3,6540126,47121
3,6540126,47122
3,6540127,07026
3,6540129,37040
3,6540130,09075
3,6540130,27010
3,6540130,33040
3,6540130,33086
3,6540130,43100
3,6540130,66026
3,6540130,84131
3,6540131,12030
3,6540132,10060
3,6540134,12038
3,6540135,14046
3,6540137,10058
3,6540138,28060
3,6540139,15076
3,6540140,12020
3,6540141,11010
3,6540142,18020
3,6540144,18022
3,6540145,18013
3,6540146,17023
3,6540147,17020
3,6540148,16023
3,6540149,16040
3,6540150,16033
3,6540151,16018
3,6540152,16030
3,6540153,16039
3,6540154,19031
3,6540155,19021
3,6540156,19100
3,6540156,19124
3,6540157,21016
3,6540158,21050
3,6540159,21057
3,6540160,22021
3,6540161,11020
3,6540162,22017
3,6540163,16040
3,6540164,22020
3,6540165,22020
3,6540166,23010
3,6540167,20081
3,6540168,20864
3,6540169,20862
3,6540170,20853
3,6540171,20053
3,6540172,24033
3,6540173,24040
3,6540174,24030
3,6540175,24013
3,6540176,24010
3,6540177,24060
3,6540178,24067
3,6540179,24030
3,6540180,24060
3,6540181,25010
3,6540181,85046
3,6540181,88046
3,6540182,25040
3,6540183,25072
3,6540184,25020
3,6540185,25063
3,6540186,25023
3,6540187,25010
3,6540188,27052
3,6540189,25030
3,6540190,25050
3,6540191,25050
3,6540192,25055
3,6540193,25056
3,6540194,25010
3,6540195,26033
3,6540196,26036
3,6540197,25070
3,6540198,25068
3,6540199,25028
3,6540200,25050
3,6540201,27010
3,6540203,27012
3,6540204,27021
3,6540205,27020
3,6540206,27010
3,6540207,27020
3,6540208,27050
3,6540209,27049
3,6540209,46030
3,6540210,27020
3,6540211,36057
3,6540212,27018
3,6540213,27019
3,6540214,36075
3,6540215,26014
3,6540216,26010
3,6540217,26020
3,6540218,32010
3,6540219,31035
3,6540220,30034
3,6540221,46040
3,6540222,46020
3,6540223,46026
3,6540224,46027
3,6540225,38041
3,6540226,38052
3,6540227,38032
3,6540228,38033
3,6540229,45012
3,6540230,38017
3,6540231,38035
3,6540233,33013
3,6540234,33040
3,6540238,38030
3,6540239,37060
3,6540240,37011
3,6540241,37013
3,6540242,37010
3,6540243,37022
3,6540244,37054
3,6540245,37010
3,6540246,29010
3,6540247,37057
3,6540248,37036
3,6540249,36023
3,6540250,36034
3,6540251,40013
3,6540252,32020
3,6540254,40059
3,6540256,31010
3,6540257,47862
3,6540258,30025
3,6540259,35020
3,6540260,35047
3,6540261,62012
3,6540262,63854
3,6540263,17056
3,6540264,51010
3,6540265,29024
3,6540266,29010
3,6540267,53016
3,6540268,55040
3,6540269,05035
3,6540269,35040
3,6540269,36075
3,6540270,47021
3,6540271,35010
3,6540272,31040
3,6540273,88022
3,6540275,11020
3,6540276,17013
3,6540277,55030
3,6540278,00077
3,6540279,03040
3,6540280,16030
3,6540281,23020
3,6540282,73010
3,6540282,81010
3,6540283,27050
3,6540284,82010
3,6540285,32020
3,6540286,31020
3,6540287,00054
3,6540288,84060
3,6540289,84062
3,6540290,84010
3,6540291,67050
3,6540292,67050
3,6540293,64010
3,6540294,66021
3,6540296,98040
3,6540297,95013
3,6540298,33081
3,6540300,13888
3,6540301,47822
3,6540302,88824
3,6540303,28863
3,6540304,12040
3,6540305,12060
3,6540306,12010
3,6540309,12010
3,6540310,15070
3,6540311,15040
3,6540312,15055
3,6540313,15027
3,6540314,15010
3,6540315,15046
3,6540316,11020
3,6540317,11012
3,6540318,11013
3,6540319,18010
3,6540320,17020
3,6540321,21030
3,6540322,21040
3,6540323,21040
3,6540324,21025
3,6540325,21050
3,6540326,21040
3,6540327,22030
3,6540328,22010
3,6540329,22013
3,6540330,22025
3,6540331,22070
3,6540332,20841
3,6540333,20062
3,6540334,20075
3,6540335,20832
3,6540336,20024
3,6540337,20812
3,6540338,20826
3,6540339,20086
3,6540340,20070
3,6540341,20043
3,6540342,24021
3,6540343,24030
3,6540344,24037
3,6540345,24026
3,6540346,24010
3,6540347,24050
3,6540348,24010
3,6540349,25020
3,6540350,25042
3,6540351,25040
3,6540352,25010
3,6540354,27045
3,6540355,27050
3,6540356,27024
3,6540358,27034
3,6540359,27053
3,6540360,27010
3,6540361,27040
3,6540362,26030
3,6540363,26010
3,6540364,26010
3,6540365,26020
3,6540366,26031
3,6540367,26030
3,6540367,31039
3,6540368,26030
3,6540369,26038
3,6540370,26030
3,6540371,46041
3,6540372,46040
3,6540373,46040
3,6540374,46030
3,6540375,46020
3,6540376,46046
3,6540377,46020
3,6540378,37020
3,6540380,36031
3,6540381,36035
3,6540382,36050
3,6540383,31029
3,6540383,36055
3,6540384,36010
3,6540386,36016
3,6540387,36040
3,6540388,36070
3,6540389,31011
3,6540390,31033
3,6540391,31030
3,6540392,30021
3,6540393,30039
3,6540394,35030
3,6540395,35010
3,6540396,35040
3,6540397,35010
3,6540398,35035
3,6540399,35030
3,6540400,45030
3,6540401,45035
3,6540402,45025
3,6540403,45020
3,6540404,33045
3,6540405,33028
3,6540406,29020
3,6540407,29010
3,6540408,43036
3,6540409,43010
3,6540410,43010
3,6540412,43056
3,6540413,43029
3,6540414,42021
3,6540415,42012
3,6540416,42025
3,6540417,42045
3,6540418,42010
3,6540419,42020
3,6540420,42030
3,6540421,41011
3,6540422,41052
3,6540423,41055
3,6540424,41016
3,6540425,40055
3,6540426,40035
3,6540428,40025
3,6540429,40042
3,6540430,44034
3,6540432,48015
3,6540433,48017
3,6540434,48018
3,6540435,48022
3,6540436,48020
3,6540437,25080
3,6540437,46044
3,6540437,48027
3,6540438,47034
3,6540439,47020
3,6540440,47039
3,6540441,47028
3,6540442,61042
3,6540443,61040
3,6540444,47863
3,6540446,61045
3,6540446,85052
3,6540448,01010
3,6540449,60044
3,6540450,60030
3,6540451,60020
3,6540452,62020
3,6540453,62010
3,6540454,62020
3,6540455,62036
3,6540456,62021
3,6540457,62026
3,6540458,62010
3,6540459,63081
3,6540460,63068
3,6540461,63855
3,6540462,63846
3,6540463,63088
3,6540464,63826
3,6540465,55016
3,6540467,51019
3,6540468,51039
3,6540469,50051
3,6540470,50050
3,6540471,50025
3,6540472,50026
3,6540473,50036
3,6540474,57031
3,6540475,40015
3,6540475,57027
3,6540476,57028
3,6540477,56033
3,6540479,52031
3,6540480,52033
3,6540481,52043
3,6540482,52010
3,6540483,53021
3,6540484,53031
3,6540485,53026
3,6540486,53049
3,6540487,58031
3,6540488,58023
3,6540489,06042
3,6540490,06063
3,6540491,06046
3,6540492,06038
3,6540493,06039
3,6540494,05021
3,6540495,05029
3,6540496,01022
3,6540497,01012
3,6540498,01032
3,6540499,01010
3,6540500,01030
3,6540501,01010
3,6540502,01028
3,6540503,01010
3,6540504,02012
3,6540505,02010
3,6540506,02022
3,6540507,02020
3,6540508,02010
3,6540509,02032
3,6540510,02019
3,6540511,02026
3,6540512,02040
3,6540513,02038
3,6540514,02040
3,6540515,00031
3,6540516,00063
3,6540517,00060
3,6540518,00030
3,6540519,00052
3,6540520,00020
3,6540521,00065
3,6540522,00010
3,6540522,87020
3,6540523,00067
3,6540524,00020
3,6540525,00027
3,6540526,00028
3,6540527,00069
3,6540528,00020
3,6540529,00076
3,6540530,04023
3,6540531,04010
3,6540532,04029
3,6540533,03010
3,6540534,03012
3,6540535,03030
3,6540536,03020
3,6540537,03010
3,6540538,03036
3,6540539,03037
3,6540540,03049
3,6540541,03010
3,6540542,10040
3,6540543,81010
3,6540544,10051
3,6540545,15030
3,6540546,11011
3,6540547,11010
3,6540548,18020
3,6540549,18021
3,6540550,18026
3,6540551,18012
3,6540552,18019
3,6540553,18039
3,6540554,17057
3,6540555,17058
3,6540556,17053
3,6540557,17043
3,6540558,17047
3,6540559,17055
3,6540560,16014
3,6540561,16010
3,6540561,42100
3,6540562,16025
3,6540563,16036
3,6540564,19020
3,6540565,19025
3,6540566,21021
3,6540567,21032
3,6540568,21036
3,6540569,21037
3,6540571,21046
3,6540572,21050
3,6540573,21018
3,6540574,21048
3,6540575,22010
3,6540576,22020
3,6540577,22044
3,6540578,22070
3,6540579,22076
3,6540580,22037
3,6540581,23030
3,6540582,23019
3,6540583,20091
3,6540584,20851
3,6540585,20085
3,6540586,20821
3,6540587,20077
3,6540588,20014
3,6540589,20073
3,6540590,20033
3,6540591,20852
3,6540592,20058
3,6540593,24031
3,6540594,24040
3,6540595,24034
3,6540596,24024
3,6540597,23847
3,6540597,24069
3,6540598,24027
3,6540599,24020
3,6540600,24020
3,6540601,24010
3,6540602,24049
3,6540603,24019
3,6540604,25021
3,6540605,25073
3,6540606,25011
3,6540607,25050
3,6540608,25060
3,6540609,25040
3,6540610,25030
3,6540610,26852
3,6540611,25080
3,6540612,25020
3,6540613,25030
3,6540614,25050
3,6540615,25020
3,6540616,25026
3,6540618,25050
3,6540619,25020
3,6540620,25029
3,6540621,25030
3,6540622,25079
3,6540623,27020
3,6540624,27040
3,6540625,27010
3,6540626,27030
3,6540627,27040
3,6540628,27040
3,6540629,27052
3,6540630,27038
3,6540631,27020
3,6540632,27050
3,6540633,27010
3,6540634,27029
3,6540635,27058
3,6540637,26020
3,6540638,26030
3,6540639,26022
3,6540640,26013
3,6540641,26020
3,6540642,26030
3,6540643,26010
3,6540644,26048
3,6540645,26040
3,6540647,46037
3,6540648,46020
3,6540649,46029
3,6540650,38061
3,6540651,38060
3,6540653,38060
3,6540655,38074
3,6540657,10032
3,6540658,10014
3,6540659,10041
3,6540659,43100
3,6540660,10072
3,6540661,10080
3,6540662,10064
3,6540663,10070
3,6540664,10080
3,6540665,10040
3,6540667,13040
3,6540668,13018
3,6540669,28010
3,6540670,12021
3,6540671,12051
3,6540672,81054
3,6540673,81017
3,6540674,82030
3,6540675,82030
3,6540676,82030
3,6540676,84040
3,6540677,82030
3,6540678,82029
3,6540679,82036
3,6540680,80013
3,6540681,80030
3,6540682,80075
3,6540683,80027
3,6540684,55010
3,6540684,80054
3,6540685,80040
3,6540686,80029
3,6540687,80010
3,6540688,83040
3,6540689,83040
3,6540690,83047
3,6540691,83037
3,6540692,83027
3,6540693,83050
3,6540694,83010
3,6540695,83030
3,6540696,84080
3,6540697,84096
3,6540698,84033
3,6540699,84015
3,6540700,84035
3,6540701,84086
3,6540702,84038
3,6540703,84074
3,6540704,67020
3,6540705,67030
3,6540706,67031
3,6540707,67040
3,6540708,67020
3,6540709,67055
3,6540710,67056
3,6540711,67025
3,6540712,67066
3,6540713,67039
3,6540714,64030
3,6540715,64020
3,6540716,64013
3,6540717,64021
3,6540718,64030
3,6540719,64024
3,6540720,64025
3,6540721,64010
3,6540722,64018
3,6540723,64010
3,6540724,65010
3,6540725,65010
3,6540726,65024
3,6540727,65010
3,6540728,65017
3,6540729,53019
3,6540729,65019
3,6540730,65020
3,6540731,65027
3,6540731,98071
3,6540732,66010
3,6540733,66030
3,6540734,66014
3,6540735,66050
3,6540736,66010
3,6540737,86010
3,6540738,86038
3,6540739,71032
3,6540740,71035
3,6540741,71043
3,6540742,71030
3,6540743,71010
3,6540744,71013
3,6540745,71010
3,6540746,31041
3,6540747,71030
3,6540748,76011
3,6540749,70020
3,6540750,74018
3,6540751,72014
3,6540752,72018
3,6540753,72019
3,6540755,73020
3,6540756,73020
3,6540757,30013
3,6540757,73020
3,6540758,73022
3,6540759,73020
3,6540760,73020
3,6540761,73034
3,6540762,73030
3,6540763,73020
3,6540764,73010
3,6540765,73020
3,6540766,73035
3,6540767,73030
3,6540768,73010
3,6540769,73039
3,6540770,73010
3,6540771,85010
3,6540772,85010
3,6540773,85023
3,6540774,85042
3,6540775,85044
3,6540776,85020
3,6540777,85055
3,6540778,85027
3,6540779,85049
3,6540780,75017
3,6540781,87041
3,6540782,87033
3,6540783,63094
3,6540783,87043
3,6540784,87070
3,6540785,87012
3,6540786,87044
3,6540787,87030
3,6540788,87040
3,6540789,87040
3,6540790,03040
3,6540790,06066
3,6540790,87050
3,6540791,87010
3,6540792,87040
3,6540793,87010
3,6540794,87055
3,6540795,87030
3,6540796,87056
3,6540797,87010
3,6540799,87010
3,6540800,32020
3,6540800,87076
3,6540801,88021
3,6540802,88050
3,6540803,88024
3,6540804,88025
3,6540805,88060
3,6540806,88040
3,6540807,88060
3,6540808,88054
3,6540809,89060
3,6540810,89030
3,6540811,89030
3,6540812,89021
3,6540813,89054
3,6540814,89042
3,6540815,89050
3,6540816,89025
3,6540817,89027
3,6540818,89010
3,6540819,89048
3,6540820,65020
3,6540820,89018
3,6540821,91028
3,6540822,91010
3,6540823,90010
3,6540824,90040
3,6540825,90010
3,6540826,90039
3,6540827,98030
3,6540828,98072
3,6540829,98023
3,6540830,98070
3,6540831,98073
3,6540832,98065
3,6540833,98026
3,6540834,98067
3,6540835,98045
3,6540836,98047
3,6540837,98040
3,6540838,98049
3,6540839,92010
3,6540840,92020
3,6540841,92010
3,6540842,92028
3,6540843,92020
3,6540844,92010
3,6540845,93010
3,6540846,93019
3,6540847,00012
3,6540847,93010
3,6540848,94012
3,6540849,95024
3,6540850,95015
3,6540851,95027
3,6540852,95010
3,6540853,97017
3,6540854,96012
3,6540855,07010
3,6540856,07040
3,6540857,07043
3,6540858,07030
3,6540859,07040
3,6540860,07046
3,6540861,07020
3,6540862,07040
3,6540863,07030
3,6540864,08022
3,6540865,08020
3,6540866,08020
3,6540867,08010
3,6540868,08038
3,6540869,08040
3,6540871,09010
3,6540872,86081
3,6540873,86083
3,6540874,86070
3,6540875,05100
3,6540875,86080
3,6540875,86170
3,6540876,86078
3,6540877,86089
3,6540878,09080
3,6540879,09070
3,6540880,09080
3,6540882,13882
3,6540883,13836
3,6540884,13895
3,6540885,13833
3,6540886,13884
3,6540887,23822
3,6540888,23825
3,6540889,23827
3,6540890,23854
3,6540891,23833
3,6540892,23837
3,6540894,26811
3,6540895,26863
3,6540896,47841
3,6540897,47834
3,6540898,47842
3,6540899,88838
3,6540900,88817
3,6540901,89817
3,6540902,89818
3,6540903,89833
3,6540904,89842
3,6540905,89853
3,6540906,89822
3,6540907,10060
3,6540908,10070
3,6540909,10080
3,6540910,10080
3,6540911,10074
3,6540912,10020
3,6540914,10010
3,6540915,10042
3,6540916,10080
3,6540917,10010
3,6540918,10070
3,6540919,10080
3,6540919,41038
3,6540920,10080
3,6540921,10070
3,6540922,10010
3,6540923,10036
3,6540924,10010
3,6540925,10050
3,6540926,10080
3,6540927,10040
3,6540929,13023
3,6540930,13026
3,6540931,13030
3,6540932,13049
3,6540933,28062
3,6540934,28060
3,6540935,28015
3,6540936,10086
3,6540936,12010
3,6540937,12011
3,6540938,12050
3,6540939,12063
3,6540940,12075
3,6540941,12040
3,6540942,12068
3,6540943,12026
3,6540944,12020
3,6540945,12010
3,6540946,12020
3,6540948,12058
3,6540949,12050
3,6540950,12020
3,6540951,14051
3,6540952,14022
3,6540953,14013
3,6540954,14035
3,6540955,14025
3,6540956,14039
3,6540957,15032
3,6540958,15062
3,6540959,15060
3,6540960,15010
3,6540961,15036
3,6540962,15015
3,6540963,84020
3,6540964,84020
3,6540965,84020
3,6540966,15039
3,6540967,15044
3,6540968,28855
3,6540969,38050
3,6540970,38060
3,6540971,37040
3,6540972,37060
3,6540973,37053
3,6540974,37044
3,6540975,37020
3,6540976,37031
3,6540978,37026
3,6540979,37047
3,6540980,37066
3,6540981,37030
3,6540982,36012
3,6540983,36040
3,6540984,36032
3,6540985,13821
3,6540985,31049
3,6540985,36060
3,6540986,36030
3,6540987,36040
3,6540988,36030
3,6540990,36020
3,6540991,32030
3,6540992,31030
3,6540993,31030
3,6540994,31010
3,6540995,31021
3,6540996,31046
3,6540997,31020
3,6540998,30010
3,6540999,30024
3,6541000,30020
3,6541001,35031
3,6541002,35020
3,6541003,35042
3,6541004,35010
3,6541005,35043
3,6541006,35045
3,6541007,35020
3,6541008,35020
3,6541009,35030
3,6541011,45030
3,6541012,45020
3,6541013,45030
3,6541014,45039
3,6541015,45030
3,6541016,45030
3,6541017,33010
3,6541018,33049
3,6541019,33010
3,6541020,29010
3,6541021,29016
3,6541022,29017
3,6541024,29010
3,6541025,43047
3,6541026,42020
3,6541027,42018
3,6541028,41017
3,6541029,40021
3,6541030,40033
3,6541031,40060
3,6541032,40026
3,6541033,40063
3,6541034,40050
3,6541038,44042
3,6541039,44026
3,6541040,44049
3,6541041,48011
3,6541042,48031
3,6541043,48032
3,6541044,48025
3,6541045,47012
3,6541046,47015
3,6541047,47017
3,6541048,61041
3,6541049,61044
3,6541050,61032
3,6541051,61034
3,6541052,61012
3,6541053,61047
3,6541054,61020
3,6541055,60020
3,6541056,60020
3,6541057,60031
3,6541058,60036
3,6541059,60030
3,6541060,60020
3,6541061,60020
3,6541062,60030
3,6541063,62035
3,6541064,62020
3,6541065,62022
3,6541066,62020
3,6541067,62011
3,6541068,62022
3,6541069,62029
3,6541070,63838
3,6541071,63084
3,6541072,63823
3,6541073,63061
3,6541074,60011
3,6541074,63858
3,6541075,63073
3,6541076,63848
3,6541077,63821
3,6541078,54027
3,6541079,54028
3,6541080,55031
3,6541081,55027
3,6541082,55020
3,6541083,55019
3,6541085,51034
3,6541086,50031
3,6541087,50041
3,6541088,50014
3,6541089,50054
3,6541091,57021
3,6541092,57022
3,6541093,57016
3,6541094,56011
3,6541095,56030
3,6541096,56010
3,6541097,52048
3,6541098,52025
3,6541100,52037
3,6541101,52038
3,6541102,53034
3,6541104,53030
3,6541105,58044
3,6541106,58022
3,6541107,58015
3,6541108,58036
3,6541109,06061
3,6541110,06054
3,6541111,06024
3,6541112,06036
3,6541113,06045
3,6541114,06010
3,6541115,06065
3,6541116,06049
3,6541117,06089
3,6541118,05020
3,6541119,05028
3,6541120,01021
3,6541121,01030
3,6541122,01010
3,6541122,25014
3,6541123,01033
3,6541124,01036
3,6541125,02021
3,6541126,02010
3,6541127,02040
3,6541128,02043
3,6541129,00060
3,6541130,00020
3,6541131,00060
3,6541132,00020
3,6541133,00060
3,6541134,00030
3,6541135,04011
3,6541136,04022
3,6541137,04016
3,6541138,04020
3,6541139,04018
3,6541140,03031
3,6541141,03040
3,6541142,03040
3,6541143,03022
3,6541144,03024
3,6541145,03010
3,6541146,03010
3,6541147,03030
3,6541148,81021
3,6541149,81014
3,6541150,81050
3,6541151,81010
3,6541152,82023
3,6541153,82020
3,6541154,82030
3,6541155,82030
3,6541156,82025
3,6541157,82026
3,6541158,82027
3,6541159,82020
3,6541160,82020
3,6541161,82038
3,6541162,80021
3,6541163,80023
3,6541164,80014
3,6541165,80056
3,6541166,80057
3,6541167,80070
3,6541168,80058
3,6541169,80069
3,6541170,83015
3,6541171,83050
3,6541172,83010
3,6541173,83030
3,6541174,83030
3,6541175,83058
3,6541176,84043
3,6541177,84012
3,6541178,84020
3,6541179,84040
3,6541180,84040
3,6541181,84020
3,6541182,84052
3,6541183,84030
3,6541184,84060
3,6541185,84080
3,6541186,84030
3,6541187,84068
3,6541188,84069
3,6541189,84020
3,6541190,23013
3,6541190,84070
3,6541191,84020
3,6541192,84027
3,6541193,84020
3,6541194,84018
3,6541195,84030
3,6541196,84070
3,6541197,67021
3,6541198,67030
3,6541199,67030
3,6541200,67030
3,6541201,67020
3,6541202,67030
3,6541203,67050
3,6541204,67034
3,6541205,67020
3,6541206,67028
3,6541207,67020
3,6541208,67029
3,6541209,64020
3,6541210,64037
3,6541211,64027
3,6541212,65020
3,6541213,65023
3,6541214,65010
3,6541215,39033
3,6541215,65020
3,6541216,65020
3,6541217,65010
3,6541218,65020
3,6541219,65020
3,6541220,65020
3,6541221,65028
3,6541222,65029
3,6541223,65010
3,6541224,66040
3,6541225,66030
3,6541226,66031
3,6541227,66030
3,6541228,66016
3,6541229,66050
3,6541230,66010
3,6541231,66010
3,6541232,66040
3,6541233,66010
3,6541234,66030
3,6541235,66046
3,6541236,66019
3,6541237,66010
3,6541238,66020
3,6541239,56048
3,6541239,66010
3,6541240,86011
3,6541241,86010
3,6541242,86020
3,6541243,86020
3,6541244,86040
3,6541245,86010
3,6541246,86020
3,6541247,86019
3,6541248,71020
3,6541249,41028
3,6541249,71020
3,6541250,71020
3,6541251,71012
3,6541252,71030
3,6541253,71029
3,6541254,70022
3,6541255,70032
3,6541256,70010
3,6541257,70043
3,6541258,70038
3,6541259,76125
3,6541260,70010
3,6541261,74014
3,6541262,72023
3,6541263,73030
3,6541264,73030
3,6541265,73040
3,6541266,73028
3,6541267,73040
3,6541268,73058
3,6541269,73059
3,6541270,85050
3,6541271,85051
3,6541272,85040
3,6541273,85028
3,6541274,85040
3,6541275,85030
3,6541276,75011
3,6541277,75010
3,6541278,75023
3,6541279,75025
3,6541280,87020
3,6541281,87020
3,6541282,87030
3,6541283,87060
3,6541284,87060
3,6541285,87062
3,6541286,87040
3,6541287,87070
3,6541288,87070
3,6541289,87010
3,6541290,87023
3,6541291,87030
3,6541292,87050
3,6541293,87030
3,6541293,89900
3,6541294,87070
3,6541295,87050
3,6541296,87027
3,6541297,87040
3,6541298,87010
3,6541299,87047
3,6541300,87029
3,6541302,87040
3,6541303,88050
3,6541304,88050
3,6541305,88067
3,6541306,88040
3,6541307,88050
3,6541308,88056
3,6541309,88050
3,6541310,88050
3,6541311,89030
3,6541312,89050
3,6541313,89046
3,6541314,89063
3,6541315,89024
3,6541316,89040
3,6541317,89017
3,6541318,89050
3,6541319,89010
3,6541320,90010
3,6541321,90020
3,6541322,90010
3,6541323,90027
3,6541324,90020
3,6541325,90020
3,6541326,90010
3,6541327,90029
3,6541328,98032
3,6541331,98062
3,6541333,98070
3,6541334,98027
3,6541335,98070
3,6541336,98048
3,6541337,92010
3,6541338,92020
3,6541339,92026
3,6541340,92027
3,6541341,92014
3,6541342,92020
3,6541343,92020
3,6541344,93010
3,6541345,04021
3,6541345,70123
3,6541345,73100
3,6541345,85021
3,6541345,93017
3,6541346,94010
3,6541347,95033
3,6541348,95014
3,6541349,95043
3,6541350,95040
3,6541351,95046
3,6541352,07010
3,6541353,07040
3,6541354,07010
3,6541355,07010
3,6541356,07010
3,6541357,07024
3,6541357,09012
3,6541358,07020
3,6541358,53013
3,6541358,54016
3,6541359,07016
3,6541360,07048
3,6541361,07020
3,6541362,07030
3,6541363,08011
3,6541364,08010
3,6541365,08010
3,6541367,08015
3,6541368,08019
3,6541369,08020
3,6541370,08039
3,6541371,33086
3,6541372,86090
3,6541373,86074
3,6541374,86096
3,6541375,86090
3,6541376,86087
3,6541377,86095
3,6541378,13891
3,6541379,13812
3,6541380,13867
3,6541381,13817
3,6541382,23802
3,6541383,23824
3,6541384,23848
3,6541385,23875
3,6541387,26843
3,6541388,26845
3,6541389,26833
3,6541390,26862
3,6541391,26855
3,6541392,47833
3,6541393,88817
3,6541394,88814
3,6541395,88818
3,6541396,88831
3,6541397,88819
3,6541398,89852
3,6541399,28899
3,6541400,28836
3,6541401,28802
3,6541402,28817
3,6541403,28877
3,6541404,28885
3,6541405,28805
3,6541406,81030
3,6541407,81033
3,6541408,81020
3,6541409,81025
3,6541410,81040
3,6541411,81050
3,6541412,19034
3,6541413,22070
3,6541414,22040
3,6541415,22079
3,6541416,23030
3,6541417,23016
3,6541418,23010
3,6541419,23010
3,6541420,24050
3,6541421,24040
3,6541422,24050
3,6541423,24050
3,6541424,20032
3,6541424,25035
3,6541424,41054
3,6541424,46010
3,6541425,25036
3,6541426,27051
3,6541428,27010
3,6541429,38020
3,6541430,38086
3,6541431,10050
3,6541432,10016
3,6541433,10076
3,6541434,10018
3,6541435,10099
3,6541436,10050
3,6541437,10054
3,6541438,10050
3,6541439,10060
3,6541440,10094
3,6541441,10078
3,6541442,13040
3,6541443,13022
3,6541444,13011
3,6541446,13025
3,6541447,28010
3,6541448,28040
3,6541449,28017
3,6541450,28060
3,6541451,12031
3,6541452,12060
3,6541453,67020
3,6541454,12013
3,6541455,12014
3,6541456,12025
3,6541457,12070
3,6541458,66050
3,6541459,88040
3,6541460,92011
3,6541461,41100
3,6541461,41121
3,6541461,41122
3,6541461,41124
3,6541461,41125
3,6541461,41126
3,6541461,41127
3,6541462,02100
3,6541463,88900
3,6541464,15100
3,6541464,15121
3,6541465,36100
3,6541466,53100
3,6541467,87100
3,6541468,95100
3,6541468,95121
3,6541468,95122
3,6541468,95123
3,6541468,95124
3,6541468,95125
3,6541468,95126
3,6541468,95127
3,6541468,95128
3,6541468,95129
3,6541468,95130
3,6541468,95131
3,6541469,38100
3,6541469,38121
3,6541469,38122
3,6541469,38123
3,6541470,85100
3,6541471,11100
3,6541472,61029
3,6541473,11010
3,6541473,11100
3,6541474,60035
3,6541475,80034
3,6541476,85030
3,6541477,89834
3,6541478,89864
3,6541479,12040
3,6541480,10062
3,6541481,14011
3,6541483,18033
3,6541484,18100
3,6541485,18026
3,6541486,16030
3,6541487,12020
3,6541488,17026
3,6541489,17012
3,6541490,22077
3,6541491,22030
3,6541492,20044
3,6541493,24054
3,6541494,24010
3,6541495,24060
3,6541496,25040
3,6541497,25040
3,6541498,25080
3,6541499,25019
3,6541500,25058
3,6541501,27040
3,6541502,27043
3,6541503,26021
3,6541504,26010
3,6541505,35010
3,6541507,33020
3,6541508,38060
3,6541510,37060
3,6541511,31037
3,6541512,63075
3,6541513,29010
3,6541514,17015
3,6541515,17024
3,6541516,19013
3,6541517,21040
3,6541518,11020
3,6541519,64012
3,6541521,23010
3,6541522,20005
3,6541523,24029
3,6541524,26010
3,6541525,26028
3,6541526,27010
3,6541527,27017
3,6541528,26040
3,6541529,26040
3,6541530,36056
3,6541531,32041
3,6541532,31020
3,6541533,30010
3,6541534,46039
3,6541535,38082
3,6541536,37030
3,6541537,36010
3,6541538,41023
3,6541539,40069
3,6541540,30030
3,6541541,45020
3,6541542,51010
3,6541543,29010
3,6541544,60030
3,6541545,04020
3,6541546,03035
3,6541547,27050
3,6541548,32020
3,6541549,31050
3,6541550,65015
3,6541551,87015
3,6541552,98030
3,6541553,86070
3,6541554,59013
3,6541555,12078
3,6541556,19028
3,6541557,21050
3,6541558,22014
3,6541559,22036
3,6541560,20060
3,6541561,20844
3,6541562,20052
3,6541563,24045
3,6541564,24040
3,6541565,25010
3,6541566,27030
3,6541567,26041
3,6541568,26010
3,6541569,36030
3,6541570,31010
3,6541571,45021
3,6541572,19136
3,6541572,45037
3,6541572,54035
3,6541573,19020
3,6541574,23020
3,6541575,32020
3,6541576,31050
3,6541577,31020
3,6541578,83028
3,6541579,84095
3,6541580,89020
3,6541581,15060
3,6541582,19015
3,6541583,22060
3,6541584,22011
3,6541585,20059
3,6541586,20045
3,6541587,20822
3,6541588,24020
3,6541589,24050
3,6541590,24030
3,6541591,25040
3,6541593,27050
3,6541594,26018
3,6541595,37064
3,6541596,36047
3,6541597,36025
3,6541598,36013
3,6541599,12012
3,6541599,31043
3,6541599,36062
3,6541599,43010
3,6541599,64032
3,6541599,65131
3,6541599,81057
3,6541600,35011
3,6541601,35030
3,6541602,33030
3,6541603,33019
3,6541605,60030
3,6541606,62010
3,6541606,64034
3,6541607,62027
3,6541608,63828
3,6541609,63079
3,6541610,52010
3,6541611,53045
3,6541612,06021
3,6541613,01015
3,6541614,00060
3,6541615,00044
3,6541616,00055
3,6541617,04012
3,6541618,04014
3,6541619,04017
3,6541620,03040
3,6541621,10010
3,6541622,81017
3,6541623,17038
3,6541624,16044
3,6541625,16019
3,6541626,19010
3,6541627,19037
3,6541628,19020
3,6541629,21023
3,6541630,20833
3,6541631,29010
3,6541632,42042
3,6541633,41013
3,6541634,41021
3,6541634,61012
3,6541635,48012
3,6541636,47025
3,6541637,47032
3,6541637,60030
3,6541638,63832
3,6541639,63843
3,6541640,63831
3,6541641,63814
3,6541642,54014
3,6541643,55015
3,6541644,55047
3,6541645,55049
3,6541646,57025
3,6541647,53041
3,6541647,56017
3,6541648,53048
3,6541649,06012
3,6541650,02020
3,6541651,00041
3,6541652,00034
3,6541653,00039
3,6541654,03043
3,6541655,03040
3,6541656,18012
3,6541657,17052
3,6541658,17037
3,6541659,17047
3,6541660,21043
3,6541661,20020
3,6541662,20089
3,6541663,20054
3,6541664,20055
3,6541665,24062
3,6541666,24056
3,6541666,50053
3,6541667,24020
3,6541668,24060
3,6541669,24010
3,6541670,24050
3,6541671,24040
3,6541672,24059
3,6541673,25030
3,6541674,27040
3,6541675,26010
3,6541676,26040
3,6541677,81028
3,6541678,82020
3,6541679,80070
3,6541680,80026
3,6541681,80078
3,6541682,80079
3,6541683,80040
3,6541684,83041
3,6541685,83040
3,6541686,84081
3,6541687,84014
3,6541688,84026
3,6541689,84070
3,6541690,67041
3,6541691,67051
3,6541692,67054
3,6541693,67020
3,6541694,67030
3,6541695,67064
3,6541696,67030
3,6541697,67068
3,6541698,67069
3,6541699,67030
3,6541700,64020
3,6541701,65010
3,6541702,65020
3,6541703,66010
3,6541704,66022
3,6541705,66010
3,6541706,66030
3,6541707,66010
3,6541708,24069
3,6541709,25012
3,6541710,25046
3,6541712,25057
3,6541714,27016
3,6541715,27030
3,6541716,26010
3,6541717,26030
3,6541718,46030
3,6541719,46040
3,6541720,10070
3,6541721,10063
3,6541722,10060
3,6541723,86013
3,6541724,86015
3,6541725,86035
3,6541726,86040
3,6541727,86026
3,6541728,86010
3,6541729,86047
3,6541730,86048
3,6541731,71037
3,6541732,71010
3,6541733,70011
3,6541734,70026
3,6541735,74020
3,6541736,73042
3,6541737,38100
3,6541737,73020
3,6541738,73030
3,6541739,73020
3,6541740,73055
3,6541741,73050
3,6541742,73030
3,6541743,85020
3,6541744,75012
3,6541745,87061
3,6541747,87040
3,6541748,87010
3,6541749,87054
3,6541750,88060
3,6541751,88062
3,6541752,88040
3,6541753,88025
3,6541754,89040
3,6541756,89015
3,6541757,89060
3,6541758,89057
3,6541759,91026
3,6541760,90031
3,6541761,90040
3,6541763,90026
3,6541764,98060
3,6541765,98060
3,6541766,98040
3,6541767,92010
3,6541768,92020
3,6541769,95010
3,6541770,95030
3,6541771,97013
3,6541772,96011
3,6541773,96010
3,6541774,07010
3,6541775,08010
3,6541776,08020
3,6541778,08020
3,6541779,86092
3,6541780,13866
3,6541781,23883
3,6541782,23826
3,6541783,23847
3,6541784,26853
3,6541785,26856
3,6541786,26839
3,6541787,59021
3,6541788,89815
3,6541789,89851
3,6541790,89831
3,6541791,10013
3,6541792,10090
3,6541793,10020
3,6541794,10094
3,6541795,10010
3,6541796,10086
3,6541797,10080
3,6541798,10069
3,6541799,28041
3,6541800,28068
3,6541801,28060
3,6541802,12060
3,6541804,12030
3,6541805,12020
3,6541806,15050
3,6541807,84025
3,6541808,28883
3,6541809,28886
3,6541810,38066
3,6541811,37016
3,6541812,37020
3,6541813,37056
3,6541814,36033
3,6541815,36010
3,6541816,36050
3,6541817,36036
3,6541818,32044
3,6541820,31012
3,6541821,30015
3,6541822,35015
3,6541823,35010
3,6541824,35040
3,6541825,30122
3,6541825,30132
3,6541825,31057
3,6541825,35040
3,6541826,35030
3,6541827,29010
3,6541828,29020
3,6541829,29025
3,6541830,43053
3,6541831,43015
3,6541832,42019
3,6541833,41030
3,6541834,41045
3,6541835,40022
3,6541836,44020
3,6541838,47023
3,6541839,61033
3,6541841,60030
3,6541842,60030
3,6541843,62010
3,6541844,62010
3,6541845,62010
3,6541846,62019
3,6541847,28040
3,6541848,12032
3,6541849,12012
3,6541850,86036
3,6541851,26100
3,6541852,45100
3,6541853,03100
3,6541854,27100
3,6541855,46100
3,6541856,64100
3,6541857,71100
3,6541857,71121
3,6541857,71122
3,6541858,88100
3,6541859,98100
3,6541859,98121
3,6541859,98122
3,6541859,98123
3,6541859,98124
3,6541859,98125
3,6541859,98126
3,6541859,98127
3,6541859,98128
3,6541859,98129
3,6541859,98130
3,6541859,98131
3,6541859,98132
3,6541859,98133
3,6541859,98134
3,6541859,98135
3,6541859,98136
3,6541859,98137
3,6541859,98138
3,6541859,98139
3,6541859,98140
3,6541859,98141
3,6541859,98142
3,6541859,98143
3,6541859,98144
3,6541859,98145
3,6541859,98146
3,6541859,98147
3,6541859,98148
3,6541859,98149
3,6541859,98150
3,6541859,98151
3,6541859,98152
3,6541859,98153
3,6541859,98154
3,6541859,98155
3,6541859,98156
3,6541859,98157
3,6541859,98158
3,6541859,98159
3,6541859,98160
3,6541859,98161
3,6541859,98162
3,6541859,98163
3,6541859,98164
3,6541859,98165
3,6541859,98166
3,6541859,98167
3,6541859,98168
3,6541860,92100
3,6541861,93100
3,6541862,08100
3,6541863,47900
3,6541863,47921
3,6541863,47922
3,6541863,47923
3,6541863,47924
3,6541864,12100
3,6541865,37100
3,6541865,37121
3,6541865,37122
3,6541865,37123
3,6541865,37124
3,6541865,37125
3,6541865,37126
3,6541865,37127
3,6541865,37128
3,6541865,37129
3,6541865,37130
3,6541865,37131
3,6541865,37132
3,6541865,37133
3,6541865,37134
3,6541865,37135
3,6541865,37136
3,6541865,37137
3,6541865,37138
3,6541865,37139
3,6541865,37140
3,6541865,37141
3,6541865,37142
3,6541866,34170
3,6541867,51100
3,6541868,58100
3,6541869,23868
3,6541869,81100
3,6541870,83100
3,6541871,94100
3,6541872,63063
3,6541873,63064
3,6541874,63900
3,6541875,63844
3,6541876,63852
3,6541877,63074
3,6541878,54011
3,6541879,55032
3,6541880,55042
3,6541881,51010
3,6541882,56030
3,6541883,52014
3,6541884,53042
3,6541885,52037
3,6541885,58037
3,6541886,06035
3,6541887,06030
3,6541888,01019
3,6541889,00079
3,6541890,00058
3,6541891,00020
3,6541892,04026
3,6541893,04019
3,6541894,03011
3,6541895,03010
3,6541896,03040
3,6541897,81041
3,6541898,81030
3,6541899,81010
3,6541900,81039
3,6541901,82028
3,6541902,82030
3,6541903,80053
3,6541904,67054
3,6541904,80062
3,6541905,80035
3,6541906,80044
3,6541907,80059
3,6541908,83035
3,6541909,83036
3,6541910,83024
3,6541911,83018
3,6541912,83050
3,6541913,84091
3,6541914,84050
3,6541915,67010
3,6541916,67020
3,6541917,67020
3,6541918,67044
3,6541919,67030
3,6541920,41033
3,6541920,67020
3,6541921,67063
3,6541922,67020
3,6541923,64032
3,6541924,64036
3,6541925,64026
3,6541926,64016
3,6541927,65022
3,6541928,66010
3,6541929,48100
3,6541929,54028
3,6541929,66030
3,6541930,66034
3,6541931,66040
3,6541932,66020
3,6541933,66010
3,6541934,86039
3,6541935,71010
3,6541936,71045
3,6541937,76123
3,6541938,70015
3,6541939,74021
3,6541940,74020
3,6541941,73020
3,6541942,73040
3,6541943,73014
3,6541945,85046
3,6541946,85050
3,6541947,75013
3,6541948,87050
3,6541949,01022
3,6541949,67063
3,6541949,87010
3,6541950,87040
3,6541951,87050
3,6541952,88067
3,6541953,88044
3,6541954,88047
3,6541955,89030
3,6541956,89020
3,6541957,89043
3,6541958,91011
3,6541959,91020
3,6541960,90017
3,6541961,98066
3,6541962,98040
3,6541963,00133
3,6541963,98070
3,6541964,93012
3,6541965,94013
3,6541966,95032
3,6541967,95041
3,6541968,95035
3,6541969,95017
3,6541970,95037
3,6541971,95029
3,6541972,97015
3,6541973,97016
3,6541974,07023
3,6541975,33082
3,6541976,33080
3,6541977,86096
3,6541979,23811
3,6541980,23877
3,6541981,26843
3,6541982,47838
3,6541983,89867
3,6541984,28818
3,6541985,81043
3,6541986,22020
3,6541987,23011
3,6541988,23020
3,6541989,20811
3,6541990,20067
3,6541991,24053
3,6541992,24020
3,6541993,24020
3,6541994,24030
3,6541995,10043
3,6541996,97100
3,6541997,23900
3,6541998,40100
3,6541998,40121
3,6541998,40122
3,6541998,40123
3,6541998,40124
3,6541998,40125
3,6541998,40126
3,6541998,40127
3,6541998,40128
3,6541998,40129
3,6541998,40131
3,6541998,40132
3,6541998,40133
3,6541998,40134
3,6541998,40135
3,6541998,40136
3,6541998,40137
3,6541998,40138
3,6541998,40139
3,6541998,40141
3,6541999,67100
3,6542000,86100
3,6542001,70100
3,6542001,70121
3,6542001,70122
3,6542001,70123
3,6542001,70124
3,6542001,70125
3,6542001,70126
3,6542001,70127
3,6542001,70128
3,6542001,70129
3,6542001,70130
3,6542001,70131
3,6542001,70132
3,6542003,61100
3,6542003,61121
3,6542003,61122
3,6542004,28922
3,6542005,31050
3,6542006,50058
3,6542007,89821
3,6542008,12050
3,6542009,17100
3,6542010,16049
3,6542011,23015
3,6542012,20008
3,6542013,27030
3,6542014,25080
3,6542015,38020
3,6542016,27020
3,6542017,37010
3,6542018,26020
3,6542019,45018
3,6542020,33031
3,6542021,37035
3,6542023,32020
3,6542024,33010
3,6542025,29100
3,6542025,29121
3,6542025,29122
3,6542026,33010
3,6542027,52016
3,6542028,52010
3,6542029,11020
3,6542030,11020
3,6542031,16010
3,6542032,81059
3,6542033,23030
3,6542034,31020
3,6542035,65020
3,6542036,91020
3,6542037,20037
3,6542038,24040
3,6542039,25030
3,6542040,46013
3,6542041,55012
3,6542042,06025
3,6542043,05024
3,6542044,00048
3,6542045,00060
3,6542045,43013
3,6542046,00038
3,6542047,03040
3,6542048,03048
3,6542048,45100
3,6542049,18013
3,6542050,18013
3,6542051,18018
3,6542052,21050
3,6542053,21010
3,6542054,23025
3,6542055,22100
3,6542056,23020
3,6542057,27030
3,6542058,82027
3,6542059,80070
3,6542060,80041
3,6542061,80063
3,6542062,80040
3,6542063,83030
3,6542064,84044
3,6542065,66050
3,6542066,73010
3,6542067,85030
3,6542068,85015
3,6542069,91020
3,6542070,95030
3,6542071,86080
3,6542072,47855
3,6542073,47843
3,6542074,10063
3,6542075,10068
3,6542079,35036
3,6542080,35038
3,6542081,35010
3,6542082,33011
3,6542083,33054
3,6542084,40065
3,6542085,63062
3,6542086,63845
3,6542087,04013
3,6542087,54033
3,6542088,51035
3,6542089,50018
3,6542090,56021
3,6542091,56028
3,6542092,00042
3,6542093,00040
3,6542094,04024
3,6542095,81020
3,6542096,84070
3,6542097,67053
3,6542098,85010
3,6542099,90044
3,6542100,80010
3,6542100,88812
3,6542100,90040
3,6542101,90019
3,6542102,98071
3,6542103,92019
3,6542104,95045
3,6542105,97011
3,6542106,33098
3,6542107,23815
3,6542108,89824
3,6542109,81049
3,6542110,23031
3,6542111,24041
3,6542112,21100
3,6542113,25100
3,6542113,25121
3,6542113,25122
3,6542113,25123
3,6542113,25124
3,6542113,25125
3,6542113,25126
3,6542113,25127
3,6542113,25128
3,6542113,25129
3,6542113,25130
3,6542113,25131
3,6542113,25132
3,6542113,25133
3,6542113,25134
3,6542113,25135
3,6542113,25136
3,6542114,05100
3,6542115,04100
3,6542116,24100
3,6542116,24121
3,6542116,24122
3,6542116,24123
3,6542116,24124
3,6542116,24125
3,6542116,24126
3,6542116,24127
3,6542116,24128
3,6542116,24129
3,6542117,84100
3,6542117,84121
3,6542117,84122
3,6542117,84123
3,6542117,84124
3,6542117,84125
3,6542117,84126
3,6542117,84127
3,6542117,84128
3,6542117,84129
3,6542117,84130
3,6542117,84131
3,6542117,84132
3,6542117,84133
3,6542117,84134
3,6542117,84135
3,6542118,66100
3,6542119,28100
3,6542120,44121
3,6542120,44122
3,6542120,44123
3,6542120,44124
3,6542121,55100
3,6542122,56100
3,6542122,56121
3,6542122,56122
3,6542122,56123
3,6542122,56124
3,6542122,56125
3,6542122,56126
3,6542122,56127
3,6542122,56128
3,6542123,82100
3,6542124,73100
3,6542125,06100
3,6542125,06121
3,6542125,06122
3,6542125,06123
3,6542125,06124
3,6542125,06125
3,6542125,06126
3,6542125,06127
3,6542125,06128
3,6542125,06129
3,6542125,06130
3,6542125,06131
3,6542125,06132
3,6542125,06133
3,6542125,06134
3,6542125,06135
3,6542126,60100
3,6542126,60121
3,6542126,60122
3,6542126,60123
3,6542126,60124
3,6542126,60125
3,6542126,60126
3,6542126,60127
3,6542126,60128
3,6542126,60129
3,6542126,60131
3,6542127,90100
3,6542127,90121
3,6542127,90122
3,6542127,90123
3,6542127,90124
3,6542127,90125
3,6542127,90126
3,6542127,90127
3,6542127,90128
3,6542127,90129
3,6542127,90131
3,6542127,90132
3,6542127,90133
3,6542127,90134
3,6542127,90135
3,6542127,90136
3,6542127,90137
3,6542127,90138
3,6542127,90139
3,6542127,90140
3,6542127,90141
3,6542127,90142
3,6542127,90143
3,6542127,90144
3,6542127,90145
3,6542127,90146
3,6542127,90147
3,6542127,90148
3,6542127,90149
3,6542127,90151
3,6542128,54100
3,6542128,62025
3,6542128,82030
3,6542128,85046
3,6542129,12035
3,6542130,16040
3,6542131,23030
3,6542132,38010
3,6542133,35010
3,6542134,34076
3,6542135,91024
3,6542136,45024
3,6542137,55041
3,6542138,11024
3,6542139,22040
3,6542140,73020
3,6542141,09045
3,6542142,89831
3,6542144,33050
3,6542147,56041
3,6542148,91025
3,6542149,08020
3,6542150,27020
3,6542152,63100
3,6542153,52100
3,6542154,74100
3,6542154,74121
3,6542154,74122
3,6542154,74123
3,6542155,91100
3,6542156,10020
3,6542157,14040
3,6542158,10050
3,6542159,14010
3,6542160,21010
3,6542162,22070
3,6542163,24039
3,6542164,27020
3,6542165,25047
3,6542166,27030
3,6542167,25080
3,6542168,26010
3,6542169,26023
3,6542171,35030
3,6542172,38031
3,6542173,38050
3,6542174,45020
3,6542175,33010
3,6542176,40030
3,6542177,32020
3,6542178,30016
3,6542179,33050
3,6542180,52047
3,6542182,02034
3,6542183,81010
3,6542184,81010
3,6542185,81035
3,6542186,81042
3,6542187,81044
3,6542188,32040
3,6542189,32020
3,6542190,82037
3,6542191,32027
3,6542192,83010
3,6542193,32040
3,6542194,32020
3,6542195,71015
3,6542197,92010
3,6542200,07020
3,6542201,33080
3,6542202,33087
3,6542203,28871
3,6542204,28826
3,6542205,15035
3,6542206,15049
3,6542208,26024
3,6542209,33050
3,6542210,40057
3,6542211,61011
3,6542212,50050
3,6542213,50022
3,6542214,56040
3,6542215,05032
3,6542216,01023
3,6542217,03030
3,6542218,18030
3,6542219,25030
3,6542220,27030
3,6542221,46010
3,6542222,10020
3,6542223,10010
3,6542224,82020
3,6542225,83057
3,6542226,67050
3,6542227,67058
3,6542228,66010
3,6542229,86030
3,6542230,71038
3,6542231,85050
3,6542232,75020
3,6542233,87011
3,6542234,90020
3,6542235,98030
3,6542236,98030
3,6542237,96010
3,6542238,26816
3,6542239,88841
3,6542240,89819
3,6542241,10020
3,6542242,13020
3,6542243,13010
3,6542244,13019
3,6542245,28071
3,6542246,14054
3,6542247,84024
3,6542248,36070
3,6542249,32020
3,6542250,33030
3,6542251,34070
3,6542252,40020
3,6542254,60038
3,6542255,57032
3,6542256,57014
3,6542257,05020
3,6542258,00010
3,6542259,03040
3,6542260,03030
3,6542261,81030
3,6542262,81010
3,6542263,83010
3,6542264,84090
3,6542265,64045
3,6542266,66032
3,6542267,86033
3,6542268,71020
3,6542269,71017
3,6542270,89040
3,6542271,90048
3,6542272,98044
3,6542273,98070
3,6542274,07020
3,6542275,07030
3,6542276,09078
3,6542277,09079
3,6542278,81013
3,6542280,14026
3,6542281,35100
3,6542281,35121
3,6542281,35122
3,6542281,35123
3,6542281,35124
3,6542281,35125
3,6542281,35126
3,6542281,35127
3,6542281,35128
3,6542281,35129
3,6542281,35130
3,6542281,35131
3,6542281,35132
3,6542281,35133
3,6542281,35134
3,6542281,35135
3,6542281,35136
3,6542281,35137
3,6542281,35138
3,6542281,35139
3,6542281,35140
3,6542281,35141
3,6542281,35142
3,6542281,35143
3,6542282,16100
3,6542282,16121
3,6542282,16122
3,6542282,16123
3,6542282,16124
3,6542282,16125
3,6542282,16126
3,6542282,16127
3,6542282,16128
3,6542282,16129
3,6542282,16130
3,6542282,16131
3,6542282,16132
3,6542282,16133
3,6542282,16134
3,6542282,16135
3,6542282,16136
3,6542282,16137
3,6542282,16138
3,6542282,16139
3,6542282,16140
3,6542282,16141
3,6542282,16142
3,6542282,16143
3,6542282,16144
3,6542282,16145
3,6542282,16146
3,6542282,16147
3,6542282,16148
3,6542282,16149
3,6542282,16150
3,6542282,16151
3,6542282,16152
3,6542282,16153
3,6542282,16154
3,6542282,16155
3,6542282,16156
3,6542282,16157
3,6542282,16158
3,6542282,16159
3,6542282,16160
3,6542282,16161
3,6542282,16162
3,6542282,16163
3,6542282,16164
3,6542282,16165
3,6542282,16166
3,6542282,16167
3,6542283,20121
3,6542283,20122
3,6542283,20123
3,6542283,20124
3,6542283,20125
3,6542283,20126
3,6542283,20127
3,6542283,20128
3,6542283,20129
3,6542283,20131
3,6542283,20132
3,6542283,20133
3,6542283,20134
3,6542283,20135
3,6542283,20136
3,6542283,20137
3,6542283,20138
3,6542283,20139
3,6542283,20141
3,6542283,20142
3,6542283,20143
3,6542283,20144
3,6542283,20145
3,6542283,20146
3,6542283,20147
3,6542283,20148
3,6542283,20149
3,6542283,20151
3,6542283,20152
3,6542283,20153
3,6542283,20154
3,6542283,20155
3,6542283,20156
3,6542283,20157
3,6542283,20158
3,6542283,20159
3,6542283,20161
3,6542283,20162
3,6542284,30100
3,6542284,30121
3,6542284,30122
3,6542284,30123
3,6542284,30124
3,6542284,30125
3,6542284,30126
3,6542284,30131
3,6542284,30132
3,6542284,30133
3,6542284,30135
3,6542284,30141
3,6542284,30173
3,6542285,50100
3,6542285,50121
3,6542285,50122
3,6542285,50123
3,6542285,50124
3,6542285,50125
3,6542285,50126
3,6542285,50127
3,6542285,50128
3,6542285,50129
3,6542285,50130
3,6542285,50131
3,6542285,50132
3,6542285,50133
3,6542285,50134
3,6542285,50135
3,6542285,50136
3,6542285,50137
3,6542285,50138
3,6542285,50139
3,6542285,50140
3,6542285,50141
3,6542285,50142
3,6542285,50143
3,6542285,50144
3,6542285,50145
3,6542286,96100
3,6542287,89100
3,6542287,89121
3,6542287,89122
3,6542287,89123
3,6542287,89124
3,6542287,89125
3,6542287,89126
3,6542287,89127
3,6542287,89128
3,6542287,89129
3,6542287,89130
3,6542287,89131
3,6542287,89132
3,6542287,89133
3,6542287,89134
3,6542287,89135
3,6542288,88068
3,6542289,36051
3,6542291,56029
3,6542292,64028
3,6542293,80061
3,6542294,20072
3,6542295,24046
3,6542296,24020
3,6542297,25081
3,6542298,25080
3,6542299,37014
3,6542300,36060
3,6542301,35020
3,6542302,20076
3,6542303,46010
3,6542304,20090
3,6542307,88046
3,6542308,21010
3,6542309,21042
3,6542310,21012
3,6542311,21040
3,6542312,21040
3,6542313,17019
3,6542313,20016
3,6542313,31030
3,6542314,20042
3,6542315,20019
3,6542316,36022
3,6542317,51018
3,6542318,21051
3,6542319,20079
3,6542320,20041
3,6542321,20843
3,6542322,24048
3,6542323,25062
3,6542324,10025
3,6542325,81036
3,6542326,81027
3,6542327,81020
3,6542328,80020
3,6542329,80040
3,6542330,29020
3,6542330,47027
3,6542330,80010
3,6542331,95030
3,6542332,10026
3,6542333,37029
3,6542334,81022
3,6542335,81030
3,6542336,81030
3,6542337,81030
3,6542338,81030
3,6542339,80020
3,6542340,80040
3,6542342,80040
3,6542343,84010
3,6542344,84092
3,6542345,64011
3,6542346,95030
3,6542347,95030
3,6542348,81030
3,6542349,81030
3,6542350,81016
3,6542351,20090
3,6542352,20031
3,6542353,35020
3,6542354,45014
3,6542355,00013
3,6542356,66020
3,6542357,20881
3,6542358,10020
3,6542359,12050
3,6542360,12010
3,6542361,12070
3,6542362,12070
3,6542363,12080
3,6542365,12047
3,6542366,10070
3,6542367,10060
3,6542368,12070
3,6542369,12073
3,6542370,12050
3,6542371,12060
3,6542372,12050
3,6542373,12050
3,6542374,12070
3,6542375,12050
3,6542376,12050
3,6542377,10059
3,6542378,10060
3,6542379,10065
3,6542380,10060
3,6542381,14040
3,6542382,14010
3,6542382,30010
3,6542383,14014
3,6542383,43028
3,6542384,14040
3,6542385,14013
3,6542386,14040
3,6542387,14010
3,6542388,10060
3,6542389,10060
3,6542390,10090
3,6542391,10070
3,6542392,10040
3,6542393,14020
3,6542394,14054
3,6542395,14020
3,6542396,14012
3,6542397,14040
3,6542398,14018
3,6542399,14046
3,6542400,14047
3,6542401,14013
3,6542402,14058
3,6542404,10070
3,6542405,10020
3,6542406,14040
3,6542407,14014
3,6542408,14048
3,6542410,14040
3,6542411,14030
3,6542412,14018
3,6542413,14020
3,6542414,14030
3,6542415,28010
3,6542416,15070
3,6542417,15034
3,6542418,15030
3,6542419,15026
3,6542420,12020
3,6542421,12080
3,6542422,18025
3,6542423,12072
3,6542424,12070
3,6542425,12020
3,6542426,11020
3,6542427,18020
3,6542428,12080
3,6542429,18023
3,6542430,18013
3,6542431,18025
3,6542432,12070
3,6542433,12066
3,6542434,12060
3,6542435,12030
3,6542436,12070
3,6542437,12020
3,6542438,12010
3,6542439,12020
3,6542440,17017
3,6542441,17010
3,6542442,17020
3,6542443,17045
3,6542444,12070
3,6542446,12010
3,6542447,14041
3,6542448,17040
3,6542449,17043
3,6542450,17020
3,6542451,16030
3,6542452,16022
3,6542453,16015
3,6542453,16040
3,6542454,19020
3,6542455,14020
3,6542456,14045
3,6542457,14057
3,6542458,14020
3,6542459,16025
3,6542460,16028
3,6542461,15051
3,6542462,15070
3,6542463,15020
3,6542464,15020
3,6542465,15030
3,6542465,25034
3,6542466,21040
3,6542468,21030
3,6542469,21030
3,6542470,21010
3,6542471,21030
3,6542472,21050
3,6542474,15010
3,6542475,15020
3,6542476,15050
3,6542477,15020
3,6542478,22020
3,6542479,22028
3,6542480,22020
3,6542481,22070
3,6542482,22071
3,6542483,22010
3,6542484,22070
3,6542485,22030
3,6542486,22070
3,6542487,22070
3,6542488,11020
3,6542489,11020
3,6542490,11020
3,6542491,11020
3,6542492,11010
3,6542493,22046
3,6542494,22010
3,6542495,22030
3,6542496,22020
3,6542497,18020
3,6542498,17051
3,6542499,17032
3,6542500,17022
3,6542501,17045
3,6542502,22010
3,6542502,35023
3,6542502,46027
3,6542503,16047
3,6542504,19020
3,6542505,21020
3,6542506,21010
3,6542507,21010
3,6542508,22060
3,6542512,22010
3,6542513,22010
3,6542514,22010
3,6542515,22020
3,6542516,22010
3,6542518,22010
3,6542518,23030
3,6542519,22070
3,6542520,21040
3,6542521,23010
3,6542522,23010
3,6542523,23030
3,6542524,23020
3,6542526,22031
3,6542527,22070
3,6542529,20057
3,6542530,20060
3,6542531,20882
3,6542533,22010
3,6542534,22030
3,6542535,22020
3,6542536,22020
3,6542538,22010
3,6542540,22040
3,6542541,22010
3,6542542,22010
3,6542543,22020
3,6542543,59021
3,6542544,22010
3,6542545,22039
3,6542546,22010
3,6542547,23012
3,6542548,20060
3,6542549,20060
3,6542550,20838
3,6542551,20877
3,6542552,24030
3,6542553,24040
3,6542554,24060
3,6542555,24060
3,6542556,24069
3,6542557,24010
3,6542558,24030
3,6542559,24066
3,6542560,24020
3,6542561,24060
3,6542562,24020
3,6542563,24010
3,6542564,24040
3,6542565,24010
3,6542566,24058
3,6542567,24060
3,6542568,24010
3,6542569,24030
3,6542570,24020
3,6542571,24060
3,6542572,24060
3,6542573,24037
3,6542574,24038
3,6542575,24010
3,6542576,24010
3,6542577,24030
3,6542578,24020
3,6542579,24060
3,6542580,24010
3,6542581,24020
3,6542582,25070
3,6542583,10040
3,6542583,25060
3,6542584,24040
3,6542585,24060
3,6542586,24060
3,6542587,24010
3,6542588,24010
3,6542589,25071
3,6542590,25020
3,6542591,25060
3,6542592,25040
3,6542593,27050
3,6542594,27047
3,6542595,27040
3,6542596,25060
3,6542597,25040
3,6542598,25061
3,6542599,27040
3,6542600,27050
3,6542601,27050
3,6542603,25030
3,6542604,25050
3,6542605,25053
3,6542606,25020
3,6542607,25050
3,6542608,26020
3,6542609,26020
3,6542611,25080
3,6542612,26043
3,6542613,25030
3,6542614,27050
3,6542616,27040
3,6542618,27050
3,6542620,38071
3,6542621,38020
3,6542622,38060
3,6542623,38020
3,6542624,38050
3,6542625,38060
3,6542626,17042
3,6542626,38030
3,6542628,27050
3,6542629,27042
3,6542630,27010
3,6542631,27040
3,6542632,27016
3,6542633,27047
3,6542635,38020
3,6542636,38050
3,6542637,38050
3,6542638,38060
3,6542639,38010
3,6542640,38068
3,6542641,27011
3,6542642,27050
3,6542643,38040
3,6542644,38060
3,6542646,37020
3,6542647,37050
3,6542648,37030
3,6542650,27020
3,6542651,27053
3,6542652,27040
3,6542653,26040
3,6542654,27010
3,6542655,27049
3,6542656,16010
3,6542656,23010
3,6542656,28883
3,6542656,36040
3,6542656,37029
3,6542657,26010
3,6542658,26010
3,6542659,26046
3,6542660,36040
3,6542661,36010
3,6542662,31010
3,6542662,84069
3,6542664,46040
3,6542665,46010
3,6542666,46030
3,6542670,35010
3,6542673,35010
3,6542674,35030
3,6542674,36040
3,6542675,45010
3,6542679,38060
3,6542680,38026
3,6542681,38079
3,6542682,33030
3,6542684,38011
3,6542685,38047
3,6542686,38010
3,6542689,33010
3,6542689,39027
3,6542690,38030
3,6542691,38048
3,6542692,38050
3,6542693,38027
3,6542694,38050
3,6542697,33020
3,6542698,29020
3,6542699,37050
3,6542700,37040
3,6542701,37020
3,6542702,37030
3,6542707,43050
3,6542708,36030
3,6542709,32030
3,6542711,31010
3,6542713,61023
3,6542714,35020
3,6542716,62039
3,6542717,63082
3,6542718,63094
3,6542719,64040
3,6542720,55038
3,6542722,29020
3,6542723,50050
3,6542725,29010
3,6542726,03038
3,6542726,13864
3,6542726,32022
3,6542726,80054
3,6542727,13821
3,6542728,15050
3,6542729,20080
3,6542730,15060
3,6542731,23895
3,6542732,16024
3,6542733,26854
3,6542734,36020
3,6542735,26020
3,6542736,26827
3,6542737,15060
3,6542740,15054
3,6542741,52010
3,6542742,58012
3,6542743,54012
3,6542744,11024
3,6542745,17030
3,6542746,17027
3,6542747,51036
3,6542748,17037
3,6542749,17024
3,6542750,17017
3,6542751,17044
3,6542752,03030
3,6542753,03030
3,6542754,17032
3,6542755,17028
3,6542756,16030
3,6542757,16010
3,6542758,16030
3,6542759,16010
3,6542760,23013
3,6542761,23010
3,6542763,81040
3,6542764,81020
3,6542765,23027
3,6542766,23030
3,6542767,23010
3,6542768,25060
3,6542769,25050
3,6542770,25040
3,6542771,25080
3,6542772,25070
3,6542773,25078
3,6542774,25060
3,6542775,25070
3,6542776,25050
3,6542777,25070
3,6542778,25080
3,6542779,25010
3,6542780,25080
3,6542781,25010
3,6542782,25070
3,6542783,25080
3,6542785,27040
3,6542787,32030
3,6542789,11010
3,6542790,11010
3,6542791,11028
3,6542792,18031
3,6542793,16014
3,6542795,25080
3,6542796,83030
3,6542797,32020
3,6542798,31034
3,6542799,84090
3,6542800,84090
3,6542801,67045
3,6542802,67040
3,6542803,88040
3,6542804,89030
3,6542805,89050
3,6542805,98068
3,6542806,89060
3,6542807,98050
3,6542808,95030
3,6542809,07039
3,6542810,13821
3,6542812,13865
3,6542813,13831
3,6542816,13847
3,6542817,13824
3,6542818,23884
3,6542819,23886
3,6542820,23846
3,6542821,23876
3,6542822,26866
3,6542823,26834
3,6542824,89851
3,6542825,28841
3,6542826,28894
3,6542827,28843
3,6542828,28824
3,6542829,28804
3,6542830,28897
3,6542831,12025
3,6542832,12020
3,6542833,12030
3,6542834,12070
3,6542835,12070
3,6542836,12080
3,6542837,12060
3,6542838,12030
3,6542839,12050
3,6542840,12030
3,6542841,12060
3,6542842,12040
3,6542843,12020
3,6542844,14022
3,6542845,14010
3,6542845,57128
3,6542846,14010
3,6542847,14010
3,6542848,14020
3,6542849,14016
3,6542850,14049
3,6542851,14030
3,6542852,14040
3,6542853,15010
3,6542854,15041
3,6542855,15050
3,6542856,15070
3,6542857,15022
3,6542858,15050
3,6542859,15060
3,6542860,15060
3,6542861,15071
3,6542861,33050
3,6542862,15072
3,6542863,15070
3,6542864,15050
3,6542866,15060
3,6542867,15060
3,6542868,15064
3,6542870,15060
3,6542871,15024
3,6542872,15050
3,6542873,15020
3,6542874,15050
3,6542875,15020
3,6542876,15050
3,6542877,15060
3,6542878,15010
3,6542879,15050
3,6542880,15010
3,6542881,15020
3,6542882,15030
3,6542883,15010
3,6542884,15040
3,6542886,15020
3,6542887,15030
3,6542888,15050
3,6542889,15079
3,6542890,15020
3,6542891,15030
3,6542892,11020
3,6542893,11020
3,6542894,11020
3,6542895,21010
3,6542896,21030
3,6542897,21020
3,6542898,21039
3,6542899,21030
3,6542900,21040
3,6542901,21030
3,6542902,21050
3,6542903,21050
3,6542904,21035
3,6542905,21020
3,6542906,21030
3,6542907,21055
3,6542908,21040
3,6542909,21038
3,6542910,21020
3,6542911,22032
3,6542912,22040
3,6542915,22010
3,6542918,22020
3,6542919,22030
3,6542920,23010
3,6542920,23100
3,6542921,20836
3,6542922,20081
3,6542923,20815
3,6542924,20856
3,6542925,20070
3,6542926,20060
3,6542927,20088
3,6542928,20824
3,6542929,20855
3,6542930,20846
3,6542931,20060
3,6542932,20010
3,6542933,20883
3,6542934,20028
3,6542935,20884
3,6542936,20837
3,6542937,20070
3,6542938,24060
3,6542939,24030
3,6542940,24020
3,6542941,24040
3,6542942,24060
3,6542943,24040
3,6542944,24040
3,6542945,24060
3,6542946,24040
3,6542947,24020
3,6542948,24030
3,6542949,24060
3,6542950,24040
3,6542951,24020
3,6542952,24060
3,6542953,24030
3,6542954,24020
3,6542955,24060
3,6542956,24060
3,6542957,24040
3,6542958,24020
3,6542959,24030
3,6542960,24060
3,6542961,25030
3,6542962,27020
3,6542963,27040
3,6542963,36011
3,6542964,27013
3,6542965,27010
3,6542966,27030
3,6542967,27047
3,6542968,27010
3,6542969,27020
3,6542970,27010
3,6542971,26010
3,6542972,26010
3,6542973,26040
3,6542974,26040
3,6542976,26030
3,6542977,26020
3,6542978,46032
3,6542979,46020
3,6542983,38060
3,6542984,38050
3,6542985,37010
3,6542986,37030
3,6542987,36045
3,6542988,36070
3,6542989,36020
3,6542990,36070
3,6542993,36052
3,6542995,36030
3,6542996,36047
3,6542998,36065
3,6542999,36020
3,6543000,36040
3,6543002,31030
3,6543003,31040
3,6543004,35025
3,6543005,35040
3,6543007,35010
3,6543009,45030
3,6543010,45030
3,6543011,43042
3,6543012,43040
3,6543013,52010
3,6543014,41025
3,6543015,40026
3,6543015,41030
3,6543015,46029
3,6543016,44019
3,6543019,47861
3,6543020,61030
3,6543021,05035
3,6543021,55054
3,6543021,62020
3,6543022,63085
3,6543023,63847
3,6543024,63856
3,6543025,54015
3,6543027,56040
3,6543028,06030
3,6543029,00020
3,6543030,00020
3,6543031,00020
3,6543032,00010
3,6543033,00060
3,6543034,00020
3,6543035,00030
3,6543035,67049
3,6543036,04010
3,6543037,03040
3,6543038,03040
3,6543039,10010
3,6543040,10080
3,6543041,10060
3,6543042,15010
3,6543043,15040
3,6543044,15078
3,6543045,15050
3,6543046,15070
3,6543047,15060
3,6543048,15010
3,6543049,15060
3,6543050,15020
3,6543051,15020
3,6543052,15050
3,6543053,15010
3,6543054,15050
3,6543055,11010
3,6543056,11010
3,6543057,11020
3,6543058,11010
3,6543059,11010
3,6543060,11020
3,6543061,11020
3,6543062,11010
3,6543063,11020
3,6543064,11020
3,6543065,11010
3,6543066,11018
3,6543067,18026
3,6543067,89131
3,6543068,17054
3,6543069,17020
3,6543070,17033
3,6543071,17034
3,6543072,12071
3,6543073,17020
3,6543074,16010
3,6543075,16010
3,6543077,21050
3,6543079,21020
3,6543080,21020
3,6543082,21050
3,6543083,21020
3,6543084,21020
3,6543085,21030
3,6543086,21020
3,6543087,21030
3,6543088,21030
3,6543089,21030
3,6543090,21020
3,6543091,21010
3,6543092,21030
3,6543093,21020
3,6543094,21020
3,6543095,21030
3,6543096,21020
3,6543097,21040
3,6543098,21038
3,6543099,22070
3,6543100,22040
3,6543101,22070
3,6543102,22060
3,6543103,22070
3,6543104,22030
3,6543105,22020
3,6543106,22010
3,6543107,22060
3,6543108,22010
3,6543109,22010
3,6543110,22060
3,6543111,22070
3,6543112,22045
3,6543113,22070
3,6543114,22030
3,6543115,22030
3,6543116,22070
3,6543117,22030
3,6543118,22030
3,6543119,23016
3,6543120,23020
3,6543121,23026
3,6543122,23020
3,6543123,23020
3,6543124,23018
3,6543125,23010
3,6543126,23030
3,6543127,23030
3,6543128,20886
3,6543129,20080
3,6543130,20060
3,6543131,20080
3,6543132,20875
3,6543133,20874
3,6543134,20056
3,6543135,20885
3,6543136,20034
3,6543137,20049
3,6543138,20854
3,6543140,24060
3,6543141,24040
3,6543142,24052
3,6543143,24060
3,6543144,24050
3,6543145,24030
3,6543146,24060
3,6543147,24060
3,6543148,24050
3,6543149,24060
3,6543150,24050
3,6543151,24060
3,6543152,24010
3,6543153,24020
3,6543154,24060
3,6543155,24050
3,6543156,24060
3,6543157,24040
3,6543158,24040
3,6543159,24050
3,6543160,24060
3,6543161,24050
3,6543162,24050
3,6543163,24060
3,6543164,24060
3,6543165,24010
3,6543166,24030
3,6543167,24020
3,6543168,24040
3,6543169,24030
3,6543170,24030
3,6543171,24020
3,6543172,25030
3,6543173,25030
3,6543174,25070
3,6543175,25080
3,6543176,25070
3,6543177,25020
3,6543178,25030
3,6543179,25060
3,6543180,25030
3,6543181,25040
3,6543182,25030
3,6543183,25010
3,6543184,25050
3,6543185,25080
3,6543186,25060
3,6543187,25037
3,6543188,25030
3,6543188,31024
3,6543189,25010
3,6543190,25030
3,6543191,25050
3,6543191,55012
3,6543192,27020
3,6543193,27010
3,6543194,27040
3,6543195,27041
3,6543196,27030
3,6543197,27010
3,6543198,27040
3,6543199,27010
3,6543200,27020
3,6543201,27050
3,6543202,27040
3,6543203,27048
3,6543204,27010
3,6543205,27010
3,6543206,27010
3,6543207,27020
3,6543208,27010
3,6543209,27035
3,6543210,27010
3,6543211,26040
3,6543213,26014
3,6543214,26010
3,6543215,26010
3,6543216,26010
3,6543217,26010
3,6543218,26010
3,6543219,26020
3,6543220,26040
3,6543221,26010
3,6543222,26010
3,6543223,26017
3,6543224,26017
3,6543225,26010
3,6543228,46010
3,6543229,46018
3,6543230,46020
3,6543234,28804
3,6543234,38050
3,6543236,38080
3,6543237,38050
3,6543239,38050
3,6543240,38073
3,6543241,38022
3,6543242,38020
3,6543247,38040
3,6543248,38050
3,6543249,38086
3,6543250,10060
3,6543251,10060
3,6543252,10080
3,6543252,51013
3,6543252,62010
3,6543252,73017
3,6543253,10050
3,6543254,10080
3,6543255,10080
3,6543256,10010
3,6543257,10010
3,6543258,10010
3,6543259,10040
3,6543260,10070
3,6543261,10080
3,6543262,10080
3,6543263,10010
3,6543264,10050
3,6543265,10065
3,6543266,13020
3,6543267,13020
3,6543268,13040
3,6543269,28010
3,6543270,28072
3,6543271,28010
3,6543272,28060
3,6543273,28010
3,6543275,12010
3,6543276,12050
3,6543277,81030
3,6543278,82030
3,6543279,82010
3,6543280,80030
3,6543281,80030
3,6543282,80030
3,6543283,83040
3,6543284,83020
3,6543285,83020
3,6543286,83050
3,6543287,83020
3,6543288,67012
3,6543289,67020
3,6543290,66050
3,6543291,86010
3,6543292,71025
3,6543293,70020
3,6543294,70020
3,6543295,85050
3,6543296,87050
3,6543297,87020
3,6543298,88040
3,6543299,88050
3,6543300,88040
3,6543301,88020
3,6543302,88050
3,6543303,88050
3,6543304,89033
3,6543305,98054
3,6543307,98070
3,6543308,98030
3,6543309,98038
3,6543310,95040
3,6543311,95030
3,6543312,95028
3,6543313,95040
3,6543314,95030
3,6543315,09010
3,6543316,09080
3,6543316,63082
3,6543317,13893
3,6543318,13887
3,6543318,85043
3,6543319,13844
3,6543320,13845
3,6543321,13816
3,6543323,13868
3,6543324,13811
3,6543325,13855
3,6543326,13877
3,6543327,23892
3,6543328,23885
3,6543329,23893
3,6543330,23862
3,6543331,23813
3,6543332,23845
3,6543333,23805
3,6543334,23852
3,6543335,23898
3,6543336,23837
3,6543337,23818
3,6543339,23828
3,6543340,23855
3,6543341,23849
3,6543343,23896
3,6543344,23867
3,6543345,23857
3,6543348,26852
3,6543349,26832
3,6543350,26813
3,6543351,26825
3,6543352,26864
3,6543353,26854
3,6543354,26817
3,6543354,47100
3,6543355,26858
3,6543356,26859
3,6543357,26818
3,6543358,47837
3,6543359,88834
3,6543360,89841
3,6543361,89843
3,6543362,28811
3,6543363,28812
3,6543364,28814
3,6543365,28896
3,6543367,28819
3,6543368,28856
3,6543369,10060
3,6543370,10050
3,6543371,10060
3,6543372,10090
3,6543373,10050
3,6543374,10010
3,6543375,10060
3,6543376,10060
3,6543377,10050
3,6543378,10050
3,6543379,10046
3,6543380,10080
3,6543381,10040
3,6543382,10070
3,6543385,10060
3,6543386,10050
3,6543388,10020
3,6543389,10070
3,6543390,10050
3,6543391,10020
3,6543393,10010
3,6543394,10080
3,6543395,10040
3,6543396,10060
3,6543397,10010
3,6543398,10060
3,6543399,10040
3,6543400,10060
3,6543402,10090
3,6543403,10010
3,6543404,10070
3,6543405,10080
3,6543406,10010
3,6543407,10060
3,6543408,10070
3,6543409,10070
3,6543410,13032
3,6543411,13030
3,6543412,13030
3,6543413,13025
3,6543414,13020
3,6543416,13027
3,6543417,13020
3,6543418,28010
3,6543419,28010
3,6543420,28060
3,6543421,28010
3,6543422,28010
3,6543423,28060
3,6543424,28040
3,6543425,28010
3,6543425,41012
3,6543426,28014
3,6543427,28060
3,6543428,28010
3,6543429,28070
3,6543430,28010
3,6543431,12070
3,6543432,12040
3,6543433,12060
3,6543434,12070
3,6543435,12020
3,6543436,12040
3,6543437,12070
3,6543438,12030
3,6543439,12050
3,6543440,12010
3,6543441,12060
3,6543442,12054
3,6543443,12060
3,6543444,12083
3,6543445,12050
3,6543446,12060
3,6543447,12030
3,6543448,12050
3,6543449,12020
3,6543450,12020
3,6543451,12060
3,6543451,29020
3,6543452,12030
3,6543453,12040
3,6543454,12040
3,6543455,12050
3,6543456,12030
3,6543457,12030
3,6543458,12070
3,6543459,12060
3,6543460,12040
3,6543461,12077
3,6543462,12030
3,6543462,85010
3,6543463,12010
3,6543464,12080
3,6543466,12010
3,6543467,12070
3,6543468,12040
3,6543469,12050
3,6543470,12060
3,6543471,12070
3,6543472,12050
3,6543473,12050
3,6543475,12080
3,6543476,12030
3,6543477,12020
3,6543478,14020
3,6543479,14030
3,6543480,14021
3,6543481,14052
3,6543482,14043
3,6543483,14044
3,6543484,14010
3,6543485,14020
3,6543486,14030
3,6543487,14025
3,6543488,14030
3,6543489,14031
3,6543490,14051
3,6543491,14050
3,6543493,14050
3,6543494,14030
3,6543495,14020
3,6543496,14037
3,6543497,14010
3,6543498,14050
3,6543499,14042
3,6543500,14030
3,6543501,14059
3,6543502,14050
3,6543503,14030
3,6543504,14058
3,6543505,14020
3,6543507,14010
3,6543508,14040
3,6543509,15060
3,6543510,15050
3,6543511,15060
3,6543512,15030
3,6543513,15050
3,6543514,15026
3,6543515,15060
3,6543516,15015
3,6543517,15051
3,6543518,15010
3,6543519,15060
3,6543520,15040
3,6543521,15010
3,6543522,15050
3,6543523,15010
3,6543524,15056
3,6543525,15050
3,6543526,15056
3,6543527,15010
3,6543528,15010
3,6543529,15010
3,6543530,15059
3,6543531,15010
3,6543532,15040
3,6543532,56025
3,6543533,15075
3,6543534,84050
3,6543535,15010
3,6543536,15060
3,6543537,15060
3,6543538,15010
3,6543539,28865
3,6543540,28887
3,6543541,28893
3,6543545,38050
3,6543547,38088
3,6543548,38080
3,6543549,38050
3,6543553,37042
3,6543554,37030
3,6543555,37050
3,6543556,37030
3,6543557,37050
3,6543558,37050
3,6543560,37030
3,6543561,36050
3,6543562,36053
3,6543562,48100
3,6543564,35013
3,6543564,36010
3,6543565,36070
3,6543566,36010
3,6543569,33050
3,6543569,36030
3,6543570,32023
3,6543571,32010
3,6543572,35040
3,6543573,35030
3,6543574,35040
3,6543575,35010
3,6543576,45022
3,6543577,45020
3,6543578,33030
3,6543580,34072
3,6543581,29010
3,6543582,29020
3,6543583,41039
3,6543584,61030
3,6543585,61013
3,6543586,61040
3,6543588,60010
3,6543589,60010
3,6543590,60030
3,6543591,63086
3,6543592,63841
3,6543593,54023
3,6543594,55030
3,6543595,55020
3,6543597,55030
3,6543598,56040
3,6543599,58055
3,6543600,06060
3,6543601,01010
3,6543602,02040
3,6543603,04020
3,6543604,03010
3,6543605,03010
3,6543606,81032
3,6543607,81016
3,6543608,81040
3,6543608,84095
3,6543609,81013
3,6543610,81030
3,6543611,81030
3,6543612,81030
3,6543613,82018
3,6543614,82018
3,6543615,82010
3,6543616,80030
3,6543617,80040
3,6543618,83020
3,6543619,83016
3,6543620,83010
3,6543621,83050
3,6543622,84055
3,6543623,67030
3,6543624,67050
3,6543625,67036
3,6543626,64030
3,6543627,65020
3,6543628,66012
3,6543629,66050
3,6543630,66020
3,6543632,88060
3,6543633,88040
3,6543634,89052
3,6543635,89020
3,6543636,89014
3,6543637,89040
3,6543639,89030
3,6543640,91012
3,6543641,90040
3,6543641,95037
3,6543642,90020
3,6543644,98036
3,6543645,54013
3,6543645,98043
3,6543646,95040
3,6543647,07010
3,6543648,07030
3,6543649,07020
3,6543650,08020
3,6543651,08030
3,6543652,09088
3,6543653,13866
3,6543654,13851
3,6543655,13881
3,6543656,13874
3,6543657,13895
3,6543658,13875
3,6543660,13883
3,6543661,13815
3,6543662,13844
3,6543663,13886
3,6543664,13888
3,6543665,13848
3,6543666,23890
3,6543667,23817
3,6543668,23870
3,6543669,23861
3,6543670,23832
3,6543671,23894
3,6543672,23843
3,6543673,23848
3,6543675,23832
3,6543676,23874
3,6543677,23844
3,6543680,20083
3,6543681,26834
3,6543682,26851
3,6543683,26842
3,6543684,26842
3,6543685,26832
3,6543686,26814
3,6543687,26843
3,6543688,26866
3,6543689,26815
3,6543690,26833
3,6543691,26837
3,6543691,43037
3,6543692,26857
3,6543693,26865
3,6543694,26849
3,6543695,26867
3,6543696,47836
3,6543698,89822
3,6543699,89863
3,6543700,89867
3,6543701,28813
3,6543702,28815
3,6543703,28875
3,6543704,28801
3,6543705,28828
3,6543706,28816
3,6543707,28895
3,6543708,28864
3,6543709,28891
3,6543710,28866
3,6543711,28858
3,6543712,28868
3,6543713,28859
3,6543714,81042
3,6543715,81010
3,6543716,81050
3,6543717,16040
3,6543718,21020
3,6543719,21030
3,6543720,22010
3,6543721,22070
3,6543722,22060
3,6543725,22070
3,6543727,22070
3,6543728,22010
3,6543729,22038
3,6543730,22078
3,6543731,22013
3,6543732,22020
3,6543733,23014
3,6543734,23010
3,6543735,23010
3,6543736,23010
3,6543737,23020
3,6543738,23030
3,6543739,20082
3,6543740,20867
3,6543741,20070
3,6543742,20047
3,6543743,24010
3,6543744,20006
3,6543745,24010
3,6543746,24010
3,6543747,24030
3,6543748,24040
3,6543749,24050
3,6543750,24020
3,6543751,24040
3,6543752,24040
3,6543753,24030
3,6543754,24020
3,6543755,24040
3,6543756,24020
3,6543757,24020
3,6543758,24030
3,6543759,25020
3,6543760,25040
3,6543761,25080
3,6543762,27050
3,6543763,27010
3,6543764,27030
3,6543765,27040
3,6543766,27010
3,6543767,27034
3,6543769,27050
3,6543770,27040
3,6543771,38050
3,6543774,38060
3,6543777,10010
3,6543778,10010
3,6543779,10040
3,6543780,10060
3,6543781,10030
3,6543782,10020
3,6543783,10050
3,6543784,10070
3,6543785,10060
3,6543786,10040
3,6543787,10060
3,6543788,10020
3,6543789,10060
3,6543790,10037
3,6543791,10010
3,6543793,10050
3,6543794,10070
3,6543796,10080
3,6543797,10090
3,6543798,10040
3,6543799,13010
3,6543800,13010
3,6543801,13040
3,6543802,28070
3,6543804,28040
3,6543805,28010
3,6543806,28040
3,6543807,28028
3,6543808,12050
3,6543809,12050
3,6543811,12074
3,6543812,12010
3,6543813,12060
3,6543814,12050
3,6543815,12030
3,6543817,12030
3,6543820,12050
3,6543821,12060
3,6543822,12060
3,6543823,12053
3,6543824,12060
3,6543825,12040
3,6543827,12050
3,6543828,12040
3,6543829,12030
3,6543830,12050
3,6543831,12070
3,6543832,12040
3,6543833,12020
3,6543834,12060
3,6543835,12070
3,6543837,89822
3,6543838,10020
3,7669364,38077
3,7669365,38067
3,8658897,40053
3,8658899,33061
3,8658902,44027
3,8658903,43018
3,8659020,47824
3,8659021,60012
3,8659022,61022
3,8659023,52015
3,8659024,52026
3,8659026,50063
3,8659027,50038
3,8659031,55021
3,8659032,56042
3,8659033,56035
3,8659034,05035
3,8659034,60024
3,8659034,83025
3,9950786,22041
