level,code,postal_code
2,11875509,792103
2,11875509,792105
2,11875530,363331
2,11875541,508224
2,11875541,508279
2,11875543,502301
2,11875545,505302
2,11875551,506102
2,11875551,506103
2,11875551,506365
2,11875551,506368
2,11875551,506369
2,11875551,506381
2,11875564,799102
2,11875564,799131
2,11875564,799132
2,11875565,799201
2,11875568,245205
2,11875568,245301
2,11875568,245304
2,11875570,734301
2,11875570,734311
2,11875570,734312
2,11875570,734314
2,11875570,734315
2,11875570,734316
2,11875573,735204
2,11875573,735208
2,11875573,735211
2,11875573,735213
2,11875573,735214
2,11875573,735215
2,11875573,735216
2,11875573,735217
2,11875573,735220
2,11875573,735226
2,11875573,735227
2,11875573,735228
2,11875573,736121
2,11875573,736122
2,11875573,736123
2,11875573,736182
2,11875573,736201
2,11875573,736202
2,11875573,736203
2,11875573,736204
2,11875573,736205
2,11875573,736206
2,11875573,736207
2,11875573,736208
2,11875575,792131
2,11875580,713201
2,11875580,713203
2,11875580,713208
2,11875580,713210
2,11875580,713211
2,11875580,713215
2,11875580,713301
2,11875580,713302
2,11875580,713303
2,11875580,713304
2,11875580,713305
2,11875580,713315
2,11875580,713324
2,11875580,713325
2,11875580,713326
2,11875580,713330
2,11875580,713331
2,11875580,713332
2,11875580,713333
2,11875580,713334
2,11875580,713335
2,11875580,713336
2,11875580,713339
2,11875580,713340
2,11875580,713341
2,11875580,713343
2,11875580,713344
2,11875580,713357
2,11875580,713359
2,11875580,713360
2,11875580,713361
2,11875580,713365
2,11875580,713369
2,11875580,713370
2,11875580,713371
2,11875580,713372
2,11875580,713373
2,11875580,713386
2,11875584,795122
2,11875584,795129
2,11875586,795101
2,11875586,795103
2,11875595,795131
2,1252654,797109
2,1252654,798611
2,1252654,798620
2,1252654,798627
2,1252771,445001
2,1252771,445002
2,1252771,445101
2,1252771,445102
2,1252771,445103
2,1252771,445105
2,1252771,445106
2,1252771,445109
2,1252771,445110
2,1252771,445201
2,1252771,445202
2,1252771,445203
2,1252771,445204
2,1252771,445205
2,1252771,445206
2,1252771,445207
2,1252771,445209
2,1252771,445210
2,1252771,445211
2,1252771,445215
2,1252771,445216
2,1252771,445230
2,1252771,445301
2,1252771,445302
2,1252771,445303
2,1252771,445304
2,1252771,445305
2,1252771,445306
2,1252771,445307
2,1252771,445308
2,1252771,445323
2,1252771,445324
2,1252771,445401
2,1252771,445402
2,1252841,797099
2,1252841,797111
2,1252864,799001
2,1252864,799002
2,1252864,799003
2,1252864,799004
2,1252864,799005
2,1252864,799006
2,1252864,799007
2,1252864,799008
2,1252864,799009
2,1252864,799010
2,1252864,799011
2,1252864,799012
2,1252864,799014
2,1252864,799015
2,1252864,799022
2,1252864,799035
2,1252864,799045
2,1252864,799046
2,1252864,799102
2,1252864,799103
2,1252864,799105
2,1252864,799115
2,1252864,799130
2,1252864,799131
2,1252864,799132
2,1252864,799153
2,1252864,799201
2,1252864,799202
2,1252864,799203
2,1252864,799205
2,1252864,799207
2,1252864,799210
2,1252864,799211
2,1252864,799212
2,1252865,791001
2,1252865,791003
2,1252865,791101
2,1252865,791125
2,1252869,790001
2,1252869,790002
2,1252869,790003
2,1252869,790101
2,1252869,790114
2,1252869,790116
2,1252873,534001
2,1252873,534002
2,1252873,534003
2,1252873,534004
2,1252873,534005
2,1252873,534006
2,1252873,534007
2,1252873,534101
2,1252873,534102
2,1252873,534111
2,1252873,534112
2,1252873,534122
2,1252873,534123
2,1252873,534124
2,1252873,534126
2,1252873,534134
2,1252873,534145
2,1252873,534146
2,1252873,534156
2,1252873,534165
2,1252873,534166
2,1252873,534176
2,1252873,534186
2,1252873,534195
2,1252873,534196
2,1252873,534197
2,1252873,534198
2,1252873,534199
2,1252873,534201
2,1252873,534202
2,1252873,534204
2,1252873,534206
2,1252873,534207
2,1252873,534208
2,1252873,534209
2,1252873,534210
2,1252873,534211
2,1252873,534215
2,1252873,534216
2,1252873,534217
2,1252873,534218
2,1252873,534222
2,1252873,534225
2,1252873,534227
2,1252873,534230
2,1252873,534235
2,1252873,534236
2,1252873,534237
2,1252873,534238
2,1252873,534239
2,1252873,534240
2,1252873,534243
2,1252873,534244
2,1252873,534245
2,1252873,534247
2,1252873,534250
2,1252873,534260
2,1252873,534265
2,1252873,534266
2,1252873,534267
2,1252873,534268
2,1252873,534269
2,1252873,534275
2,1252873,534280
2,1252873,534281
2,1252873,534301
2,1252873,534302
2,1252873,534305
2,1252873,534311
2,1252873,534312
2,1252873,534313
2,1252873,534315
2,1252873,534316
2,1252873,534318
2,1252873,534320
2,1252873,534324
2,1252873,534326
2,1252873,534327
2,1252873,534328
2,1252873,534329
2,1252873,534330
2,1252873,534331
2,1252873,534338
2,1252873,534340
2,1252873,534341
2,1252873,534342
2,1252873,534350
2,1252873,534401
2,1252873,534406
2,1252873,534411
2,1252873,534416
2,1252873,534425
2,1252873,534426
2,1252873,534427
2,1252873,534432
2,1252873,534435
2,1252873,534437
2,1252873,534442
2,1252873,534444
2,1252873,534447
2,1252873,534448
2,1252873,534449
2,1252873,534450
2,1252873,534451
2,1252873,534452
2,1252873,534455
2,1252873,534456
2,1252873,534460
2,1252873,534461
2,1252873,534462
2,1252873,534467
2,1252873,534475
2,1252877,737111
2,1252877,737113
2,1252877,737121
2,1252944,442001
2,1252944,442003
2,1252944,442101
2,1252944,442102
2,1252944,442104
2,1252944,442106
2,1252944,442107
2,1252944,442111
2,1252944,442201
2,1252944,442202
2,1252944,442203
2,1252944,442301
2,1252944,442302
2,1252944,442303
2,1252944,442304
2,1252944,442305
2,1252944,442306
2,1252944,442307
2,1252949,506001
2,1252949,506002
2,1252949,506003
2,1252949,506004
2,1252949,506005
2,1252949,506006
2,1252949,506007
2,1252949,506008
2,1252949,506009
2,1252949,506011
2,1252949,506013
2,1252949,506015
2,1252949,506101
2,1252949,506102
2,1252949,506104
2,1252949,506105
2,1252949,506112
2,1252949,506122
2,1252949,506132
2,1252949,506134
2,1252949,506135
2,1252949,506142
2,1252949,506143
2,1252949,506144
2,1252949,506145
2,1252949,506146
2,1252949,506151
2,1252949,506163
2,1252949,506164
2,1252949,506165
2,1252949,506166
2,1252949,506167
2,1252949,506168
2,1252949,506169
2,1252949,506170
2,1252949,506172
2,1252949,506175
2,1252949,506201
2,1252949,506221
2,1252949,506222
2,1252949,506223
2,1252949,506224
2,1252949,506244
2,1252949,506252
2,1252949,506301
2,1252949,506302
2,1252949,506303
2,1252949,506310
2,1252949,506313
2,1252949,506314
2,1252949,506315
2,1252949,506316
2,1252949,506317
2,1252949,506318
2,1252949,506319
2,1252949,506324
2,1252949,506329
2,1252949,506330
2,1252949,506331
2,1252949,506332
2,1252949,506342
2,1252949,506343
2,1252949,506344
2,1252949,506345
2,1252949,506347
2,1252949,506348
2,1252949,506349
2,1252949,506352
2,1252949,506355
2,1252949,506356
2,1252949,506365
2,1252949,506366
2,1252949,506367
2,1252949,506368
2,1252949,506369
2,1252949,506370
2,1252949,506371
2,1252949,506381
2,1252949,506391
2,1253103,530001
2,1253103,530002
2,1253103,530003
2,1253103,530004
2,1253103,530005
2,1253103,530007
2,1253103,530008
2,1253103,530009
2,1253103,530011
2,1253103,530012
2,1253103,530013
2,1253103,530014
2,1253103,530015
2,1253103,530016
2,1253103,530017
2,1253103,530018
2,1253103,530020
2,1253103,530022
2,1253103,530024
2,1253103,530027
2,1253103,530028
2,1253103,530029
2,1253103,530031
2,1253103,530032
2,1253103,530040
2,1253103,530041
2,1253103,530043
2,1253103,530044
2,1253103,530045
2,1253103,530046
2,1253103,530047
2,1253103,530048
2,1253103,530049
2,1253103,530051
2,1253103,530052
2,1253103,530053
2,1253103,531001
2,1253103,531002
2,1253103,531011
2,1253103,531019
2,1253103,531020
2,1253103,531021
2,1253103,531022
2,1253103,531023
2,1253103,531024
2,1253103,531025
2,1253103,531026
2,1253103,531027
2,1253103,531028
2,1253103,531029
2,1253103,531030
2,1253103,531031
2,1253103,531032
2,1253103,531033
2,1253103,531034
2,1253103,531035
2,1253103,531036
2,1253103,531040
2,1253103,531055
2,1253103,531060
2,1253103,531061
2,1253103,531075
2,1253103,531077
2,1253103,531081
2,1253103,531082
2,1253103,531083
2,1253103,531084
2,1253103,531085
2,1253103,531087
2,1253103,531105
2,1253103,531111
2,1253103,531113
2,1253103,531114
2,1253103,531115
2,1253103,531116
2,1253103,531117
2,1253103,531118
2,1253103,531126
2,1253103,531127
2,1253103,531133
2,1253103,531149
2,1253103,531151
2,1253103,531162
2,1253103,531163
2,1253103,531173
2,1253103,531219
2,1253103,535005
2,1253103,535145
2,1253103,535183
2,1253103,535250
2,1253103,535273
2,1253201,464001
2,1253201,464111
2,1253201,464113
2,1253201,464114
2,1253201,464220
2,1253201,464221
2,1253201,464224
2,1253201,464226
2,1253201,464228
2,1253201,464240
2,1253201,464258
2,1253201,464331
2,1253201,464334
2,1253201,464337
2,1253407,209862
2,1253407,221001
2,1253407,221002
2,1253407,221003
2,1253407,221004
2,1253407,221005
2,1253407,221006
2,1253407,221007
2,1253407,221008
2,1253407,221010
2,1253407,221011
2,1253407,221012
2,1253407,221101
2,1253407,221103
2,1253407,221104
2,1253407,221105
2,1253407,221106
2,1253407,221107
2,1253407,221108
2,1253407,221109
2,1253407,221110
2,1253407,221112
2,1253407,221115
2,1253407,221116
2,1253407,221201
2,1253407,221202
2,1253407,221204
2,1253407,221206
2,1253407,221207
2,1253407,221208
2,1253407,221302
2,1253407,221304
2,1253407,221305
2,1253407,221306
2,1253407,221307
2,1253407,221311
2,1253407,221313
2,1253407,221401
2,1253407,221402
2,1253407,221403
2,1253407,221405
2,1253407,232101
2,1253407,232102
2,1253407,232103
2,1253407,232104
2,1253407,232105
2,1253407,232106
2,1253407,232107
2,1253407,232108
2,1253407,232109
2,1253407,232110
2,1253407,232111
2,1253407,232118
2,1253407,250402
2,1253407,250617
2,1253469,396001
2,1253469,396002
2,1253469,396007
2,1253469,396020
2,1253469,396030
2,1253469,396035
2,1253469,396045
2,1253469,396050
2,1253469,396051
2,1253469,396055
2,1253469,396065
2,1253469,396067
2,1253469,396105
2,1253469,396115
2,1253469,396120
2,1253469,396125
2,1253469,396126
2,1253469,396130
2,1253469,396135
2,1253469,396140
2,1253469,396145
2,1253469,396150
2,1253469,396155
2,1253469,396165
2,1253469,396170
2,1253469,396171
2,1253469,396180
2,1253469,396185
2,1253469,396191
2,1253469,396193
2,1253469,396195
2,1253469,396230
2,1253469,396235
2,1253469,396240
2,1253469,396375
2,1253469,396385
2,1253533,843102
2,1253533,843110
2,1253533,843114
2,1253533,844101
2,1253533,844102
2,1253533,844103
2,1253533,844111
2,1253533,844112
2,1253533,844113
2,1253533,844114
2,1253533,844115
2,1253533,844116
2,1253533,844117
2,1253533,844118
2,1253533,844119
2,1253533,844120
2,1253533,844121
2,1253533,844122
2,1253533,844123
2,1253533,844124
2,1253533,844125
2,1253533,844126
2,1253533,844128
2,1253533,844501
2,1253533,844502
2,1253533,844503
2,1253533,844504
2,1253533,844505
2,1253533,844506
2,1253533,844507
2,1253533,844508
2,1253533,844509
2,1253574,388710
2,1253574,390001
2,1253574,390002
2,1253574,390003
2,1253574,390004
2,1253574,390006
2,1253574,390007
2,1253574,390008
2,1253574,390009
2,1253574,390010
2,1253574,390011
2,1253574,390012
2,1253574,390013
2,1253574,390014
2,1253574,390016
2,1253574,390017
2,1253574,390018
2,1253574,390019
2,1253574,390020
2,1253574,390021
2,1253574,390022
2,1253574,390023
2,1253574,390024
2,1253574,390025
2,1253574,391101
2,1253574,391105
2,1253574,391107
2,1253574,391110
2,1253574,391115
2,1253574,391121
2,1253574,391125
2,1253574,391130
2,1253574,391135
2,1253574,391140
2,1253574,391145
2,1253574,391150
2,1253574,391152
2,1253574,391155
2,1253574,391156
2,1253574,391160
2,1253574,391165
2,1253574,391168
2,1253574,391170
2,1253574,391175
2,1253574,391210
2,1253574,391220
2,1253574,391240
2,1253574,391243
2,1253574,391244
2,1253574,391250
2,1253574,391310
2,1253574,391320
2,1253574,391330
2,1253574,391340
2,1253574,391345
2,1253574,391346
2,1253574,391350
2,1253574,391410
2,1253574,391421
2,1253574,391430
2,1253574,391440
2,1253574,391445
2,1253574,391450
2,1253574,391510
2,1253574,391520
2,1253574,391530
2,1253574,391740
2,1253574,391745
2,1253574,391750
2,1253574,391760
2,1253574,391761
2,1253574,391770
2,1253574,391774
2,1253574,391775
2,1253574,391776
2,1253574,391780
2,1253574,392012
2,1253574,392015
2,1253574,392030
2,1253574,392110
2,1253574,392130
2,1253574,392140
2,1253574,392150
2,1253574,392160
2,1253574,392180
2,1253574,392210
2,1253574,392220
2,1253574,392310
2,1253574,393002
2,1253574,393010
2,1253574,393041
2,1253574,393105
2,1253574,393130
2,1253629,249128
2,1253629,249131
2,1253629,249132
2,1253629,249135
2,1253629,249141
2,1253629,249151
2,1253629,249152
2,1253629,249165
2,1253629,249171
2,1253629,249185
2,1253629,249193
2,1253629,249194
2,1253629,249195
2,1253629,249196
2,1253630,581121
2,1253630,581129
2,1253630,581186
2,1253630,581187
2,1253630,581301
2,1253630,581302
2,1253630,581303
2,1253630,581304
2,1253630,581305
2,1253630,581306
2,1253630,581307
2,1253630,581308
2,1253630,581314
2,1253630,581315
2,1253630,581316
2,1253630,581317
2,1253630,581318
2,1253630,581319
2,1253630,581320
2,1253630,581321
2,1253630,581322
2,1253630,581323
2,1253630,581324
2,1253630,581325
2,1253630,581326
2,1253630,581327
2,1253630,581328
2,1253630,581329
2,1253630,581330
2,1253630,581331
2,1253630,581332
2,1253630,581333
2,1253630,581334
2,1253630,581335
2,1253630,581336
2,1253630,581337
2,1253630,581338
2,1253630,581339
2,1253630,581340
2,1253630,581341
2,1253630,581342
2,1253630,581343
2,1253630,581344
2,1253630,581345
2,1253630,581346
2,1253630,581347
2,1253630,581348
2,1253630,581349
2,1253630,581350
2,1253630,581351
2,1253630,581352
2,1253630,581353
2,1253630,581354
2,1253630,581355
2,1253630,581356
2,1253630,581357
2,1253630,581358
2,1253630,581359
2,1253630,581360
2,1253630,581361
2,1253630,581362
2,1253630,581363
2,1253630,581365
2,1253630,581384
2,1253630,581396
2,1253630,581400
2,1253630,581401
2,1253630,581402
2,1253630,581403
2,1253630,581411
2,1253630,581412
2,1253630,581421
2,1253630,581423
2,1253630,581440
2,1253630,581450
2,1253630,581453
2,1253720,791122
2,1253748,209801
2,1253748,209821
2,1253748,209825
2,1253748,209827
2,1253748,209831
2,1253748,209841
2,1253748,209859
2,1253748,209860
2,1253748,209861
2,1253748,209862
2,1253748,209863
2,1253748,209864
2,1253748,209865
2,1253748,209866
2,1253748,209867
2,1253748,209868
2,1253748,209869
2,1253748,209870
2,1253748,209871
2,1253748,209881
2,1253915,456001
2,1253915,456003
2,1253915,456006
2,1253915,456010
2,1253915,456221
2,1253915,456222
2,1253915,456224
2,1253915,456313
2,1253915,456331
2,1253915,456335
2,1253915,456337
2,1253915,456440
2,1253915,456441
2,1253915,456443
2,1253915,456550
2,1253915,456661
2,1253915,456664
2,1253915,456665
2,1253915,456668
2,1253915,456770
2,1253915,456771
2,1253915,456776
2,1253957,182101
2,1253957,182104
2,1253957,182121
2,1253957,182122
2,1253957,182124
2,1253957,182125
2,1253957,182126
2,1253957,182127
2,1253957,182128
2,1253957,182141
2,1253957,182142
2,1253957,182144
2,1253957,182161
2,1253957,182204
2,1253957,182301
2,1253957,182311
2,1253957,182312
2,1253957,182313
2,1253957,182315
2,1253957,182320
2,1253957,184121
2,1253957,184205
2,1253957,184210
2,1253957,185203
2,1253989,307025
2,1253989,312626
2,1253989,313001
2,1253989,313002
2,1253989,313003
2,1253989,313004
2,1253989,313011
2,1253989,313015
2,1253989,313022
2,1253989,313024
2,1253989,313026
2,1253989,313027
2,1253989,313031
2,1253989,313038
2,1253989,313201
2,1253989,313203
2,1253989,313204
2,1253989,313205
2,1253989,313206
2,1253989,313331
2,1253989,313601
2,1253989,313602
2,1253989,313603
2,1253989,313604
2,1253989,313701
2,1253989,313702
2,1253989,313703
2,1253989,313704
2,1253989,313705
2,1253989,313706
2,1253989,313708
2,1253989,313801
2,1253989,313802
2,1253989,313803
2,1253989,313804
2,1253989,313901
2,1253989,313902
2,1253989,313903
2,1253989,313904
2,1253989,313905
2,1253989,313906
2,1254090,561202
2,1254090,572101
2,1254090,572102
2,1254090,572103
2,1254090,572104
2,1254090,572105
2,1254090,572106
2,1254090,572107
2,1254090,572111
2,1254090,572112
2,1254090,572113
2,1254090,572114
2,1254090,572115
2,1254090,572116
2,1254090,572117
2,1254090,572118
2,1254090,572119
2,1254090,572120
2,1254090,572121
2,1254090,572122
2,1254090,572123
2,1254090,572124
2,1254090,572125
2,1254090,572126
2,1254090,572127
2,1254090,572128
2,1254090,572129
2,1254090,572130
2,1254090,572132
2,1254090,572133
2,1254090,572134
2,1254090,572135
2,1254090,572136
2,1254090,572137
2,1254090,572138
2,1254090,572139
2,1254090,572140
2,1254090,572141
2,1254090,572142
2,1254090,572168
2,1254090,572175
2,1254090,572201
2,1254090,572211
2,1254090,572212
2,1254090,572213
2,1254090,572214
2,1254090,572215
2,1254090,572216
2,1254090,572217
2,1254090,572218
2,1254090,572219
2,1254090,572220
2,1254090,572221
2,1254090,572222
2,1254090,572223
2,1254090,572224
2,1254090,572225
2,1254090,572226
2,1254090,572227
2,1254090,572228
2,1254132,798612
2,1254132,798616
2,1254242,304001
2,1254242,304021
2,1254242,304022
2,1254242,304023
2,1254242,304024
2,1254242,304025
2,1254242,304026
2,1254242,304501
2,1254242,304502
2,1254242,304503
2,1254242,304504
2,1254242,304505
2,1254242,304507
2,1254242,304801
2,1254242,304802
2,1254242,304803
2,1254242,304804
2,1254389,607201
2,1254389,612905
2,1254389,620001
2,1254389,620002
2,1254389,620003
2,1254389,620004
2,1254389,620005
2,1254389,620006
2,1254389,620007
2,1254389,620008
2,1254389,620009
2,1254389,620010
2,1254389,620011
2,1254389,620012
2,1254389,620013
2,1254389,620014
2,1254389,620015
2,1254389,620016
2,1254389,620017
2,1254389,620018
2,1254389,620019
2,1254389,620020
2,1254389,620021
2,1254389,620022
2,1254389,620023
2,1254389,620024
2,1254389,620025
2,1254389,620026
2,1254389,620101
2,1254389,620102
2,1254389,621001
2,1254389,621002
2,1254389,621003
2,1254389,621004
2,1254389,621005
2,1254389,621006
2,1254389,621007
2,1254389,621008
2,1254389,621009
2,1254389,621010
2,1254389,621011
2,1254389,621012
2,1254389,621014
2,1254389,621101
2,1254389,621104
2,1254389,621105
2,1254389,621110
2,1254389,621111
2,1254389,621112
2,1254389,621202
2,1254389,621203
2,1254389,621204
2,1254389,621205
2,1254389,621206
2,1254389,621207
2,1254389,621208
2,1254389,621209
2,1254389,621210
2,1254389,621211
2,1254389,621213
2,1254389,621214
2,1254389,621215
2,1254389,621216
2,1254389,621217
2,1254389,621218
2,1254389,621302
2,1254389,621305
2,1254389,621306
2,1254389,621307
2,1254389,621308
2,1254389,621310
2,1254389,621311
2,1254389,621312
2,1254389,621314
2,1254389,621315
2,1254389,621601
2,1254389,621651
2,1254389,621652
2,1254389,621653
2,1254389,621702
2,1254389,621703
2,1254389,621706
2,1254389,621711
2,1254389,621712
2,1254389,621715
2,1254389,621722
2,1254389,639101
2,1254389,639103
2,1254389,639112
2,1254389,639115
2,1254418,792129
2,1254418,792130
2,1254418,792131
2,1254535,472001
2,1254535,472005
2,1254535,472010
2,1254535,472101
2,1254535,472111
2,1254535,472115
2,1254535,472118
2,1254535,472221
2,1254535,472246
2,1254535,472331
2,1254535,472336
2,1254535,472337
2,1254535,472339
2,1254535,472442
2,1254535,472445
2,1254535,472446
2,1254535,472447
2,1254616,394710
2,1254616,394715
2,1254616,394716
2,1254616,394720
2,1254616,394730
2,1254650,609802
2,1254650,609804
2,1254650,609807
2,1254650,612001
2,1254650,612002
2,1254650,612101
2,1254650,612102
2,1254650,612103
2,1254650,612104
2,1254650,612105
2,1254650,612106
2,1254650,612202
2,1254650,612203
2,1254650,612204
2,1254650,612301
2,1254650,612302
2,1254650,612303
2,1254650,612401
2,1254650,612402
2,1254650,612501
2,1254650,612502
2,1254650,612503
2,1254650,612504
2,1254650,612602
2,1254650,612603
2,1254650,612605
2,1254650,612702
2,1254650,612703
2,1254650,612802
2,1254650,612804
2,1254650,613001
2,1254650,613002
2,1254650,613003
2,1254650,613004
2,1254650,613005
2,1254650,613006
2,1254650,613007
2,1254650,613008
2,1254650,613009
2,1254650,613010
2,1254650,613101
2,1254650,613102
2,1254650,613103
2,1254650,613104
2,1254650,613105
2,1254650,613201
2,1254650,613202
2,1254650,613203
2,1254650,613204
2,1254650,613205
2,1254650,613303
2,1254650,613401
2,1254650,613402
2,1254650,613403
2,1254650,613501
2,1254650,613502
2,1254650,613503
2,1254650,613504
2,1254650,613601
2,1254650,613602
2,1254650,614015
2,1254650,614017
2,1254650,614019
2,1254650,614201
2,1254650,614202
2,1254650,614203
2,1254650,614204
2,1254650,614205
2,1254650,614206
2,1254650,614207
2,1254650,614208
2,1254650,614210
2,1254650,614211
2,1254650,614301
2,1254650,614302
2,1254650,614303
2,1254650,614401
2,1254650,614402
2,1254650,614601
2,1254650,614602
2,1254650,614612
2,1254650,614613
2,1254650,614614
2,1254650,614615
2,1254650,614623
2,1254650,614625
2,1254650,614626
2,1254650,614628
2,1254650,614701
2,1254650,614704
2,1254650,614723
2,1254650,614802
2,1254650,614803
2,1254650,614804
2,1254650,614901
2,1254650,614902
2,1254650,614903
2,1254650,614904
2,1254650,614905
2,1254650,614906
2,1254662,400601
2,1254662,400602
2,1254662,400603
2,1254662,400604
2,1254662,400605
2,1254662,400606
2,1254662,400607
2,1254662,400608
2,1254662,400610
2,1254662,400612
2,1254662,400614
2,1254662,400615
2,1254662,400701
2,1254662,400703
2,1254662,400706
2,1254662,400709
2,1254662,400710
2,1254662,401101
2,1254662,401102
2,1254662,401103
2,1254662,401105
2,1254662,401106
2,1254662,401107
2,1254662,401201
2,1254662,401202
2,1254662,401203
2,1254662,401204
2,1254662,401206
2,1254662,401207
2,1254662,401208
2,1254662,401209
2,1254662,401301
2,1254662,401302
2,1254662,401303
2,1254662,401304
2,1254662,401305
2,1254662,401401
2,1254662,401402
2,1254662,401403
2,1254662,401404
2,1254662,401405
2,1254662,401501
2,1254662,401502
2,1254662,401503
2,1254662,401504
2,1254662,401506
2,1254662,401601
2,1254662,401602
2,1254662,401603
2,1254662,401604
2,1254662,401605
2,1254662,401606
2,1254662,401607
2,1254662,401608
2,1254662,401609
2,1254662,401610
2,1254662,401701
2,1254662,401702
2,1254662,401703
2,1254662,421002
2,1254662,421004
2,1254662,421005
2,1254662,421101
2,1254662,421102
2,1254662,421103
2,1254662,421201
2,1254662,421202
2,1254662,421203
2,1254662,421204
2,1254662,421301
2,1254662,421302
2,1254662,421303
2,1254662,421305
2,1254662,421306
2,1254662,421311
2,1254662,421312
2,1254662,421401
2,1254662,421402
2,1254662,421403
2,1254662,421501
2,1254662,421502
2,1254662,421503
2,1254662,421505
2,1254662,421506
2,1254662,421601
2,1254662,421602
2,1254662,421603
2,1254662,421605
2,1254807,249001
2,1254807,249121
2,1254807,249122
2,1254807,249123
2,1254807,249124
2,1254807,249125
2,1254807,249126
2,1254807,249127
2,1254807,249128
2,1254807,249130
2,1254807,249131
2,1254807,249132
2,1254807,249137
2,1254807,249141
2,1254807,249145
2,1254807,249146
2,1254807,249155
2,1254807,249161
2,1254807,249165
2,1254807,249175
2,1254807,249180
2,1254807,249181
2,1254807,249186
2,1254807,249192
2,1254807,249196
2,1254807,249199
2,1254807,249301
2,1255347,497001
2,1255347,497101
2,1255347,497111
2,1255347,497114
2,1255347,497116
2,1255347,497117
2,1255347,497118
2,1255347,497119
2,1255347,497220
2,1255347,497223
2,1255347,497224
2,1255347,497225
2,1255347,497226
2,1255347,497229
2,1255347,497231
2,1255347,497235
2,1255347,497333
2,1255350,360055
2,1255350,363001
2,1255350,363002
2,1255350,363020
2,1255350,363030
2,1255350,363035
2,1255350,363040
2,1255350,363110
2,1255350,363115
2,1255350,363310
2,1255350,363320
2,1255350,363330
2,1255350,363351
2,1255350,363410
2,1255350,363421
2,1255350,363423
2,1255350,363425
2,1255350,363427
2,1255350,363430
2,1255350,363435
2,1255350,363440
2,1255350,363510
2,1255350,363520
2,1255350,363530
2,1255350,382130
2,1255350,382745
2,1255350,382750
2,1255350,382755
2,1255350,382760
2,1255350,382765
2,1255350,382775
2,1255350,382780
2,1255365,392150
2,1255365,393050
2,1255365,393125
2,1255365,393130
2,1255365,394101
2,1255365,394105
2,1255365,394107
2,1255365,394110
2,1255365,394111
2,1255365,394120
2,1255365,394125
2,1255365,394130
2,1255365,394140
2,1255365,394150
2,1255365,394155
2,1255365,394160
2,1255365,394163
2,1255365,394170
2,1255365,394180
2,1255365,394185
2,1255365,394190
2,1255365,394210
2,1255365,394221
2,1255365,394230
2,1255365,394235
2,1255365,394240
2,1255365,394245
2,1255365,394246
2,1255365,394248
2,1255365,394250
2,1255365,394270
2,1255365,394305
2,1255365,394310
2,1255365,394315
2,1255365,394317
2,1255365,394320
2,1255365,394325
2,1255365,394326
2,1255365,394330
2,1255365,394335
2,1255365,394340
2,1255365,394345
2,1255365,394350
2,1255365,394352
2,1255365,394355
2,1255365,394360
2,1255365,394365
2,1255365,394370
2,1255365,394375
2,1255365,394380
2,1255365,394405
2,1255365,394410
2,1255365,394421
2,1255365,394430
2,1255365,394440
2,1255365,394445
2,1255365,394510
2,1255365,394515
2,1255365,394516
2,1255365,394517
2,1255365,394518
2,1255365,394520
2,1255365,394530
2,1255365,394540
2,1255365,394541
2,1255365,394550
2,1255365,394601
2,1255365,394620
2,1255365,394630
2,1255365,394633
2,1255365,394635
2,1255365,394640
2,1255365,394641
2,1255365,394650
2,1255365,394651
2,1255365,394655
2,1255365,394660
2,1255365,394670
2,1255365,394680
2,1255365,394690
2,1255365,394715
2,1255365,394716
2,1255365,395001
2,1255365,395002
2,1255365,395003
2,1255365,395004
2,1255365,395005
2,1255365,395006
2,1255365,395007
2,1255365,395008
2,1255365,395009
2,1255365,395010
2,1255365,395011
2,1255365,395012
2,1255365,395013
2,1255365,395017
2,1255365,395023
2,1255365,396510
2,1255438,769001
2,1255438,769002
2,1255438,769003
2,1255438,769004
2,1255438,769005
2,1255438,769006
2,1255438,769007
2,1255438,769008
2,1255438,769009
2,1255438,769010
2,1255438,769011
2,1255438,769012
2,1255438,769013
2,1255438,769014
2,1255438,769015
2,1255438,769016
2,1255438,769042
2,1255438,769043
2,1255438,770001
2,1255438,770002
2,1255438,770011
2,1255438,770012
2,1255438,770013
2,1255438,770014
2,1255438,770015
2,1255438,770016
2,1255438,770017
2,1255438,770018
2,1255438,770019
2,1255438,770020
2,1255438,770021
2,1255438,770022
2,1255438,770023
2,1255438,770024
2,1255438,770025
2,1255438,770031
2,1255438,770032
2,1255438,770033
2,1255438,770034
2,1255438,770035
2,1255438,770036
2,1255438,770037
2,1255438,770038
2,1255438,770039
2,1255438,770040
2,1255438,770041
2,1255438,770043
2,1255438,770044
2,1255438,770046
2,1255438,770048
2,1255438,770051
2,1255438,770052
2,1255438,770070
2,1255438,770072
2,1255438,770073
2,1255438,770074
2,1255438,770075
2,1255438,770076
2,1255497,222301
2,1255497,222302
2,1255497,222303
2,1255497,227304
2,1255497,227405
2,1255497,227406
2,1255497,227407
2,1255497,227408
2,1255497,227409
2,1255497,227411
2,1255497,227412
2,1255497,227413
2,1255497,227801
2,1255497,227805
2,1255497,227806
2,1255497,227807
2,1255497,227808
2,1255497,227809
2,1255497,227811
2,1255497,227812
2,1255497,227813
2,1255497,227814
2,1255497,227815
2,1255497,227816
2,1255497,227817
2,1255497,228001
2,1255497,228118
2,1255497,228119
2,1255497,228120
2,1255497,228121
2,1255497,228125
2,1255497,228131
2,1255497,228132
2,1255497,228133
2,1255497,228141
2,1255497,228142
2,1255497,228145
2,1255497,228151
2,1255497,228155
2,1255497,228159
2,1255497,228161
2,1255497,228171
2,1255497,228178
2,1255639,190001
2,1255639,190002
2,1255639,190003
2,1255639,190004
2,1255639,190006
2,1255639,190008
2,1255639,190009
2,1255639,190010
2,1255639,190011
2,1255639,190012
2,1255639,190015
2,1255639,190017
2,1255639,190018
2,1255639,190019
2,1255639,190020
2,1255639,190023
2,1255639,190024
2,1255639,190025
2,1255639,191101
2,1255639,191102
2,1255639,191103
2,1255639,191121
2,1255639,191131
2,1255639,191201
2,1255639,191202
2,1255639,191203
2,1255639,192121
2,1255639,193401
2,1255649,532001
2,1255649,532005
2,1255649,532122
2,1255649,532123
2,1255649,532127
2,1255649,532148
2,1255649,532168
2,1255649,532185
2,1255649,532186
2,1255649,532190
2,1255649,532195
2,1255649,532201
2,1255649,532203
2,1255649,532211
2,1255649,532212
2,1255649,532213
2,1255649,532214
2,1255649,532215
2,1255649,532216
2,1255649,532218
2,1255649,532219
2,1255649,532220
2,1255649,532221
2,1255649,532222
2,1255649,532242
2,1255649,532243
2,1255649,532263
2,1255649,532264
2,1255649,532284
2,1255649,532290
2,1255649,532291
2,1255649,532292
2,1255649,532312
2,1255649,532322
2,1255649,532401
2,1255649,532402
2,1255649,532403
2,1255649,532404
2,1255649,532405
2,1255649,532406
2,1255649,532407
2,1255649,532408
2,1255649,532409
2,1255649,532410
2,1255649,532421
2,1255649,532425
2,1255649,532426
2,1255649,532427
2,1255649,532428
2,1255649,532429
2,1255649,532430
2,1255649,532432
2,1255649,532440
2,1255649,532443
2,1255649,532445
2,1255649,532455
2,1255649,532456
2,1255649,532457
2,1255649,532458
2,1255649,532459
2,1255649,532460
2,1255649,532461
2,1255649,532462
2,1255649,532474
2,1255649,532484
2,1255649,535125
2,1255649,535128
2,1255671,799013
2,1255671,799015
2,1255671,799045
2,1255671,799101
2,1255671,799103
2,1255671,799104
2,1255671,799105
2,1255671,799114
2,1255671,799115
2,1255671,799120
2,1255671,799125
2,1255671,799141
2,1255671,799142
2,1255671,799143
2,1255671,799144
2,1255671,799145
2,1255671,799150
2,1255671,799153
2,1255671,799155
2,1255671,799156
2,1255671,799157
2,1255745,131001
2,1255745,131021
2,1255745,131022
2,1255745,131023
2,1255745,131024
2,1255745,131027
2,1255745,131028
2,1255745,131029
2,1255745,131030
2,1255745,131039
2,1255745,131101
2,1255745,131102
2,1255745,131103
2,1255745,131301
2,1255745,131302
2,1255745,131304
2,1255745,131305
2,1255745,131306
2,1255745,131402
2,1255745,131403
2,1255745,131408
2,1255745,131409
2,1255847,413001
2,1255847,413002
2,1255847,413003
2,1255847,413004
2,1255847,413005
2,1255847,413006
2,1255847,413007
2,1255847,413008
2,1255847,413101
2,1255847,413107
2,1255847,413108
2,1255847,413109
2,1255847,413111
2,1255847,413112
2,1255847,413113
2,1255847,413118
2,1255847,413202
2,1255847,413203
2,1255847,413206
2,1255847,413208
2,1255847,413209
2,1255847,413210
2,1255847,413211
2,1255847,413212
2,1255847,413213
2,1255847,413214
2,1255847,413215
2,1255847,413216
2,1255847,413217
2,1255847,413218
2,1255847,413219
2,1255847,413220
2,1255847,413221
2,1255847,413222
2,1255847,413223
2,1255847,413224
2,1255847,413226
2,1255847,413227
2,1255847,413228
2,1255847,413248
2,1255847,413250
2,1255847,413251
2,1255847,413252
2,1255847,413253
2,1255847,413255
2,1255847,413301
2,1255847,413302
2,1255847,413303
2,1255847,413304
2,1255847,413305
2,1255847,413306
2,1255847,413307
2,1255847,413308
2,1255847,413309
2,1255847,413310
2,1255847,413314
2,1255847,413315
2,1255847,413317
2,1255847,413319
2,1255847,413322
2,1255847,413324
2,1255847,413401
2,1255847,413402
2,1255847,413403
2,1255847,413404
2,1255847,413406
2,1255847,413409
2,1255847,413410
2,1255847,413411
2,1255847,413412
2,1255851,171102
2,1255851,173201
2,1255851,173202
2,1255851,173204
2,1255851,173205
2,1255851,173206
2,1255851,173207
2,1255851,173208
2,1255851,173209
2,1255851,173211
2,1255851,173212
2,1255851,173213
2,1255851,173214
2,1255851,173215
2,1255851,173217
2,1255851,173218
2,1255851,173220
2,1255851,173221
2,1255851,173222
2,1255851,173223
2,1255851,173225
2,1255851,173229
2,1255851,173230
2,1255851,173233
2,1255851,173234
2,1255851,173235
2,1255851,173236
2,1255851,174101
2,1255851,174102
2,1255851,174103
2,1255930,841203
2,1255930,841210
2,1255930,841223
2,1255930,841226
2,1255930,841227
2,1255930,841231
2,1255930,841232
2,1255930,841233
2,1255930,841234
2,1255930,841235
2,1255930,841236
2,1255930,841237
2,1255930,841238
2,1255930,841239
2,1255930,841240
2,1255930,841241
2,1255930,841242
2,1255930,841243
2,1255930,841244
2,1255930,841245
2,1255930,841286
2,1255930,841287
2,1255930,841404
2,1255930,841406
2,1255930,841408
2,1255930,841416
2,1255930,841417
2,1255930,841422
2,1255930,841434
2,1255930,841435
2,1255930,841439
2,1255930,841446
2,1255930,841502
2,1255930,841504
2,1255930,841506
2,1255930,841507
2,1255930,841509
2,1255971,261001
2,1255971,261121
2,1255971,261125
2,1255971,261131
2,1255971,261135
2,1255971,261136
2,1255971,261141
2,1255971,261145
2,1255971,261151
2,1255971,261201
2,1255971,261202
2,1255971,261203
2,1255971,261204
2,1255971,261205
2,1255971,261206
2,1255971,261207
2,1255971,261208
2,1255971,261301
2,1255971,261302
2,1255971,261303
2,1255971,261401
2,1255971,261402
2,1255971,261403
2,1255971,261404
2,1255971,261405
2,1255984,843301
2,1255984,843302
2,1255984,843311
2,1255984,843313
2,1255984,843314
2,1255984,843315
2,1255984,843316
2,1255984,843317
2,1255984,843318
2,1255984,843319
2,1255984,843320
2,1255984,843322
2,1255984,843323
2,1255984,843324
2,1255984,843325
2,1255984,843326
2,1255984,843327
2,1255984,843328
2,1255984,843329
2,1255984,843330
2,1255984,843331
2,1255984,843332
2,1255984,843333
2,1255984,843334
2,1255984,843351
2,1255984,843360
2,1255984,847302
2,1255984,847307
2,1256056,125054
2,1256056,125055
2,1256056,125056
2,1256056,125058
2,1256056,125060
2,1256056,125075
2,1256056,125076
2,1256056,125077
2,1256056,125078
2,1256056,125101
2,1256056,125102
2,1256056,125103
2,1256056,125104
2,1256056,125110
2,1256056,125201
2,1256068,307001
2,1256068,307019
2,1256068,307022
2,1256068,307023
2,1256068,307024
2,1256068,307026
2,1256068,307027
2,1256068,307028
2,1256068,307031
2,1256068,307032
2,1256068,307043
2,1256068,307501
2,1256068,307510
2,1256068,307511
2,1256068,307512
2,1256068,307513
2,1256068,307514
2,1256068,307515
2,1256068,307801
2,1256068,307802
2,1256073,171226
2,1256073,173001
2,1256073,173021
2,1256073,173022
2,1256073,173023
2,1256073,173024
2,1256073,173025
2,1256073,173026
2,1256073,173027
2,1256073,173029
2,1256073,173030
2,1256073,173031
2,1256073,173032
2,1256073,173101
2,1256073,173104
2,1256073,173223
2,1256073,173229
2,1256163,833101
2,1256163,833102
2,1256163,833103
2,1256163,833104
2,1256163,833105
2,1256163,833106
2,1256163,833201
2,1256163,833202
2,1256163,833203
2,1256163,833204
2,1256163,833212
2,1256163,833214
2,1256163,833215
2,1256163,833217
2,1256163,833218
2,1256163,833221
2,1256163,833222
2,1256163,835216
2,1256238,171001
2,1256238,171002
2,1256238,171003
2,1256238,171004
2,1256238,171005
2,1256238,171006
2,1256238,171007
2,1256238,171009
2,1256238,171010
2,1256238,171011
2,1256238,171012
2,1256238,171013
2,1256238,171014
2,1256238,171015
2,1256238,171018
2,1256238,171019
2,1256238,171103
2,1256238,171201
2,1256238,171202
2,1256238,171203
2,1256238,171204
2,1256238,171205
2,1256238,171206
2,1256238,171207
2,1256238,171208
2,1256238,171209
2,1256238,171210
2,1256238,171211
2,1256238,171212
2,1256238,171213
2,1256238,171214
2,1256238,171215
2,1256238,171216
2,1256238,171217
2,1256238,171218
2,1256238,171219
2,1256238,171220
2,1256238,171221
2,1256238,171222
2,1256238,171224
2,1256238,171225
2,1256238,171226
2,1256238,171301
2,1256238,172001
2,1256238,172021
2,1256238,172022
2,1256238,172024
2,1256238,172027
2,1256238,172028
2,1256238,172029
2,1256238,172030
2,1256238,172031
2,1256238,172034
2,1256238,172101
2,1256238,172102
2,1256238,172201
2,1256238,173217
2,1256321,331024
2,1256321,332001
2,1256321,332002
2,1256321,332021
2,1256321,332023
2,1256321,332024
2,1256321,332025
2,1256321,332026
2,1256321,332027
2,1256321,332028
2,1256321,332029
2,1256321,332030
2,1256321,332031
2,1256321,332041
2,1256321,332042
2,1256321,332301
2,1256321,332302
2,1256321,332303
2,1256321,332304
2,1256321,332305
2,1256321,332307
2,1256321,332311
2,1256321,332312
2,1256321,332315
2,1256321,332316
2,1256321,332317
2,1256321,332318
2,1256321,332401
2,1256321,332402
2,1256321,332403
2,1256321,332404
2,1256321,332405
2,1256321,332406
2,1256321,332411
2,1256321,332601
2,1256321,332602
2,1256321,332603
2,1256321,332701
2,1256321,332702
2,1256321,332703
2,1256321,332705
2,1256321,332706
2,1256321,332707
2,1256321,332708
2,1256321,332709
2,1256321,332710
2,1256321,332711
2,1256321,332712
2,1256321,332713
2,1256321,332714
2,1256321,332715
2,1256321,332718
2,1256321,332719
2,1256321,332721
2,1256321,332722
2,1256321,332742
2,1256370,484771
2,1256370,486661
2,1256370,486666
2,1256370,486669
2,1256370,486670
2,1256370,486675
2,1256370,486771
2,1256370,486775
2,1256370,486776
2,1256370,486881
2,1256370,486882
2,1256370,486884
2,1256370,486886
2,1256370,486887
2,1256370,486889
2,1256370,486890
2,1256370,486892
2,1256389,785006
2,1256389,785107
2,1256389,785602
2,1256389,785614
2,1256389,785616
2,1256389,785633
2,1256389,785640
2,1256389,785661
2,1256389,785662
2,1256389,785663
2,1256389,785664
2,1256389,785665
2,1256389,785666
2,1256389,785667
2,1256389,785669
2,1256389,785670
2,1256389,785671
2,1256389,785672
2,1256389,785673
2,1256389,785674
2,1256389,785680
2,1256389,785681
2,1256389,785682
2,1256389,785683
2,1256389,785684
2,1256389,785685
2,1256389,785686
2,1256389,785687
2,1256389,785688
2,1256389,785689
2,1256389,785690
2,1256389,785691
2,1256389,785692
2,1256389,785693
2,1256389,785696
2,1256389,785697
2,1256389,785698
2,1256389,785701
2,1256389,785705
2,1256452,473551
2,1256452,473585
2,1256452,473638
2,1256452,473660
2,1256452,473662
2,1256452,473665
2,1256452,473670
2,1256452,473770
2,1256452,473774
2,1256452,473775
2,1256452,473781
2,1256452,473793
2,1256452,473865
2,1256452,473880
2,1256452,473885
2,1256452,473990
2,1256452,473995
2,1256516,577115
2,1256516,577201
2,1256516,577202
2,1256516,577203
2,1256516,577204
2,1256516,577205
2,1256516,577211
2,1256516,577213
2,1256516,577214
2,1256516,577216
2,1256516,577220
2,1256516,577222
2,1256516,577225
2,1256516,577226
2,1256516,577227
2,1256516,577229
2,1256516,577232
2,1256516,577233
2,1256516,577243
2,1256516,577245
2,1256516,577301
2,1256516,577302
2,1256516,577401
2,1256516,577411
2,1256516,577412
2,1256516,577413
2,1256516,577414
2,1256516,577415
2,1256516,577416
2,1256516,577417
2,1256516,577418
2,1256516,577419
2,1256516,577421
2,1256516,577422
2,1256516,577423
2,1256516,577424
2,1256516,577425
2,1256516,577426
2,1256516,577427
2,1256516,577428
2,1256516,577429
2,1256516,577430
2,1256516,577431
2,1256516,577432
2,1256516,577433
2,1256516,577434
2,1256516,577435
2,1256516,577436
2,1256516,577451
2,1256516,577452
2,1256516,577453
2,1256694,465001
2,1256694,465106
2,1256694,465110
2,1256694,465113
2,1256694,465116
2,1256694,465118
2,1256694,465220
2,1256694,465223
2,1256694,465226
2,1256694,465227
2,1256694,465230
2,1256694,465333
2,1256694,465335
2,1256694,465337
2,1256694,465339
2,1256694,465441
2,1256694,465445
2,1256694,465447
2,1256694,465449
2,1256694,465550
2,1256729,242001
2,1256729,242042
2,1256729,242123
2,1256729,242127
2,1256729,242220
2,1256729,242221
2,1256729,242223
2,1256729,242226
2,1256729,242301
2,1256729,242303
2,1256729,242305
2,1256729,242306
2,1256729,242307
2,1256729,242401
2,1256729,242405
2,1256729,242406
2,1256729,242407
2,1256740,484001
2,1256740,484110
2,1256740,484114
2,1256740,484116
2,1256740,484117
2,1256740,484120
2,1256740,484330
2,1256740,484440
2,1256740,484444
2,1256740,484446
2,1256740,484660
2,1256740,484669
2,1256740,484770
2,1256740,484771
2,1256740,484774
2,1256740,484776
2,1256740,484881
2,1256740,486669
2,1256827,480661
2,1256827,480667
2,1256827,480771
2,1256827,480880
2,1256827,480881
2,1256827,480882
2,1256827,480884
2,1256827,480886
2,1256827,480887
2,1256827,480888
2,1256827,480990
2,1256827,480991
2,1256827,480994
2,1256827,480996
2,1256827,480997
2,1256827,480999
2,1256827,481226
2,1256914,465693
2,1256914,466001
2,1256914,466111
2,1256914,466113
2,1256914,466114
2,1256914,466115
2,1256914,466116
2,1256914,466118
2,1256914,466120
2,1256914,466125
2,1256914,466221
2,1256914,466331
2,1256914,466445
2,1256914,466446
2,1256914,466448
2,1256914,466554
2,1256914,466651
2,1256914,466661
2,1256914,466665
2,1256950,322001
2,1256950,322021
2,1256950,322023
2,1256950,322024
2,1256950,322025
2,1256950,322026
2,1256950,322027
2,1256950,322028
2,1256950,322029
2,1256950,322030
2,1256950,322033
2,1256950,322034
2,1256950,322201
2,1256950,322202
2,1256950,322203
2,1256950,322204
2,1256950,322205
2,1256950,322211
2,1256950,322212
2,1256950,322214
2,1256950,322215
2,1256950,322219
2,1256950,322220
2,1256950,322701
2,1256950,322702
2,1256950,322703
2,1256950,322704
2,1257023,485001
2,1257023,485005
2,1257023,485111
2,1257023,485112
2,1257023,485113
2,1257023,485114
2,1257023,485115
2,1257023,485221
2,1257023,485226
2,1257023,485331
2,1257023,485334
2,1257023,485441
2,1257023,485446
2,1257023,485447
2,1257023,485551
2,1257023,485661
2,1257023,485666
2,1257023,485771
2,1257023,485772
2,1257023,485773
2,1257023,485774
2,1257023,485775
2,1257023,485778
2,1257023,485881
2,1257248,841101
2,1257248,841201
2,1257248,841202
2,1257248,841204
2,1257248,841205
2,1257248,841206
2,1257248,841207
2,1257248,841208
2,1257248,841209
2,1257248,841211
2,1257248,841212
2,1257248,841213
2,1257248,841214
2,1257248,841215
2,1257248,841216
2,1257248,841217
2,1257248,841218
2,1257248,841219
2,1257248,841220
2,1257248,841221
2,1257248,841222
2,1257248,841223
2,1257248,841224
2,1257248,841225
2,1257248,841301
2,1257248,841302
2,1257248,841305
2,1257248,841311
2,1257248,841312
2,1257248,841313
2,1257248,841316
2,1257248,841401
2,1257248,841402
2,1257248,841403
2,1257248,841410
2,1257248,841411
2,1257248,841412
2,1257248,841414
2,1257248,841415
2,1257248,841417
2,1257248,841418
2,1257248,841419
2,1257248,841421
2,1257248,841422
2,1257248,841424
2,1257248,841442
2,1257248,841443
2,1257248,841460
2,1257403,148001
2,1257403,148002
2,1257403,148017
2,1257403,148018
2,1257403,148019
2,1257403,148020
2,1257403,148021
2,1257403,148022
2,1257403,148023
2,1257403,148024
2,1257403,148025
2,1257403,148026
2,1257403,148027
2,1257403,148028
2,1257403,148029
2,1257403,148030
2,1257403,148031
2,1257403,148033
2,1257403,148034
2,1257403,148035
2,1257403,148102
2,1257403,148106
2,1257403,148108
2,1257403,151108
2,1257544,768001
2,1257544,768002
2,1257544,768003
2,1257544,768004
2,1257544,768005
2,1257544,768006
2,1257544,768017
2,1257544,768018
2,1257544,768019
2,1257544,768020
2,1257544,768025
2,1257544,768026
2,1257544,768045
2,1257544,768104
2,1257544,768105
2,1257544,768106
2,1257544,768107
2,1257544,768112
2,1257544,768113
2,1257544,768118
2,1257544,768200
2,1257544,768210
2,1257544,768212
2,1257544,768214
2,1257544,768221
2,1257544,768222
2,1257544,768224
2,1257544,768227
2,1257544,768228
2,1257552,844501
2,1257552,844506
2,1257552,847105
2,1257552,847301
2,1257552,848101
2,1257552,848102
2,1257552,848113
2,1257552,848114
2,1257552,848115
2,1257552,848117
2,1257552,848121
2,1257552,848122
2,1257552,848125
2,1257552,848127
2,1257552,848129
2,1257552,848130
2,1257552,848131
2,1257552,848132
2,1257552,848133
2,1257552,848134
2,1257552,848160
2,1257552,848205
2,1257552,848206
2,1257552,848207
2,1257552,848208
2,1257552,848209
2,1257552,848210
2,1257552,848211
2,1257552,848213
2,1257552,848216
2,1257552,848236
2,1257552,848301
2,1257552,848302
2,1257552,848501
2,1257552,848502
2,1257552,848503
2,1257552,848504
2,1257552,848505
2,1257552,848506
2,1257630,621110
2,1257630,636001
2,1257630,636002
2,1257630,636003
2,1257630,636004
2,1257630,636005
2,1257630,636006
2,1257630,636007
2,1257630,636008
2,1257630,636009
2,1257630,636010
2,1257630,636011
2,1257630,636012
2,1257630,636013
2,1257630,636014
2,1257630,636015
2,1257630,636016
2,1257630,636017
2,1257630,636030
2,1257630,636101
2,1257630,636102
2,1257630,636103
2,1257630,636104
2,1257630,636105
2,1257630,636106
2,1257630,636107
2,1257630,636108
2,1257630,636109
2,1257630,636110
2,1257630,636111
2,1257630,636112
2,1257630,636113
2,1257630,636114
2,1257630,636115
2,1257630,636116
2,1257630,636117
2,1257630,636118
2,1257630,636119
2,1257630,636121
2,1257630,636122
2,1257630,636138
2,1257630,636139
2,1257630,636140
2,1257630,636141
2,1257630,636142
2,1257630,636201
2,1257630,636202
2,1257630,636203
2,1257630,636204
2,1257630,636302
2,1257630,636303
2,1257630,636304
2,1257630,636305
2,1257630,636306
2,1257630,636307
2,1257630,636308
2,1257630,636309
2,1257630,636351
2,1257630,636354
2,1257630,636401
2,1257630,636402
2,1257630,636403
2,1257630,636404
2,1257630,636406
2,1257630,636451
2,1257630,636452
2,1257630,636453
2,1257630,636454
2,1257630,636455
2,1257630,636456
2,1257630,636457
2,1257630,636458
2,1257630,636501
2,1257630,636502
2,1257630,636503
2,1257630,636601
2,1257630,636602
2,1257630,636906
2,1257630,637101
2,1257630,637102
2,1257630,637103
2,1257630,637104
2,1257630,637105
2,1257630,637107
2,1257630,637301
2,1257630,637303
2,1257630,637304
2,1257630,637407
2,1257630,637410
2,1257630,637501
2,1257630,637502
2,1257630,637504
2,1257805,852106
2,1257805,852107
2,1257805,852116
2,1257805,852121
2,1257805,852123
2,1257805,852124
2,1257805,852126
2,1257805,852127
2,1257805,852129
2,1257805,852201
2,1257805,852202
2,1257805,852212
2,1257805,852216
2,1257805,852217
2,1257805,852221
2,1257807,247001
2,1257807,247002
2,1257807,247120
2,1257807,247121
2,1257807,247122
2,1257807,247129
2,1257807,247231
2,1257807,247232
2,1257807,247340
2,1257807,247341
2,1257807,247342
2,1257807,247451
2,1257807,247452
2,1257807,247453
2,1257807,247551
2,1257807,247554
2,1257807,247662
2,1257807,247665
2,1257807,247669
2,1257852,464240
2,1257852,464570
2,1257852,470001
2,1257852,470002
2,1257852,470003
2,1257852,470004
2,1257852,470021
2,1257852,470051
2,1257852,470113
2,1257852,470115
2,1257852,470117
2,1257852,470118
2,1257852,470119
2,1257852,470120
2,1257852,470124
2,1257852,470125
2,1257852,470221
2,1257852,470223
2,1257852,470226
2,1257852,470227
2,1257852,470228
2,1257852,470232
2,1257852,470235
2,1257852,470335
2,1257852,470337
2,1257852,470339
2,1257852,470441
2,1257852,470442
2,1257852,470669
2,1257922,383001
2,1257922,383006
2,1257922,383010
2,1257922,383030
2,1257922,383110
2,1257922,383120
2,1257922,383205
2,1257922,383210
2,1257922,383215
2,1257922,383220
2,1257922,383225
2,1257922,383230
2,1257922,383235
2,1257922,383240
2,1257922,383245
2,1257922,383246
2,1257922,383250
2,1257922,383251
2,1257922,383255
2,1257922,383260
2,1257922,383270
2,1257922,383275
2,1257922,383276
2,1257922,383305
2,1257922,383307
2,1257922,383310
2,1257922,383315
2,1257922,383316
2,1257922,383317
2,1257922,383320
2,1257922,383325
2,1257922,383330
2,1257922,383335
2,1257922,383340
2,1257922,383345
2,1257922,383350
2,1257922,383355
2,1257922,383410
2,1257922,383421
2,1257922,383422
2,1257922,383430
2,1257922,383434
2,1257922,383440
2,1257922,383450
2,1257922,383460
2,1257922,383462
2,1257953,140001
2,1257953,140101
2,1257953,140102
2,1257953,140103
2,1257953,140108
2,1257953,140111
2,1257953,140112
2,1257953,140113
2,1257953,140114
2,1257953,140115
2,1257953,140116
2,1257953,140117
2,1257953,140118
2,1257953,140119
2,1257953,140123
2,1257953,140124
2,1257953,140125
2,1257953,140126
2,1257953,140133
2,1257953,140301
2,1257953,140306
2,1257953,140307
2,1257953,140308
2,1257953,140413
2,1257953,140901
2,1257953,160014
2,1257953,160055
2,1258074,802211
2,1258074,802212
2,1258074,802213
2,1258074,802214
2,1258074,802215
2,1258074,802216
2,1258074,802217
2,1258074,802218
2,1258074,802219
2,1258074,802220
2,1258074,802221
2,1258074,802226
2,1258074,821104
2,1258074,821107
2,1258074,821108
2,1258074,821111
2,1258074,821112
2,1258074,821113
2,1258074,821115
2,1258074,821301
2,1258074,821302
2,1258074,821303
2,1258074,821304
2,1258074,821305
2,1258074,821306
2,1258074,821307
2,1258074,821308
2,1258074,821309
2,1258074,821310
2,1258074,821311
2,1258074,821312
2,1258077,124001
2,1258077,124010
2,1258077,124021
2,1258077,124022
2,1258077,124111
2,1258077,124112
2,1258077,124113
2,1258077,124141
2,1258077,124303
2,1258077,124401
2,1258077,124404
2,1258077,124406
2,1258077,124411
2,1258077,124412
2,1258077,124501
2,1258077,124513
2,1258077,124514
2,1258183,485331
2,1258183,486001
2,1258183,486002
2,1258183,486003
2,1258183,486004
2,1258183,486005
2,1258183,486006
2,1258183,486111
2,1258183,486114
2,1258183,486115
2,1258183,486117
2,1258183,486123
2,1258183,486220
2,1258183,486223
2,1258183,486226
2,1258183,486331
2,1258183,486333
2,1258183,486335
2,1258183,486338
2,1258183,486340
2,1258183,486341
2,1258183,486440
2,1258183,486441
2,1258183,486445
2,1258183,486446
2,1258183,486447
2,1258183,486448
2,1258183,486450
2,1258183,486550
2,1258183,486553
2,1258183,486556
2,1258340,415202
2,1258340,415203
2,1258340,415208
2,1258340,415214
2,1258340,415601
2,1258340,415602
2,1258340,415603
2,1258340,415604
2,1258340,415605
2,1258340,415606
2,1258340,415607
2,1258340,415608
2,1258340,415609
2,1258340,415610
2,1258340,415611
2,1258340,415612
2,1258340,415613
2,1258340,415614
2,1258340,415615
2,1258340,415616
2,1258340,415617
2,1258340,415619
2,1258340,415620
2,1258340,415621
2,1258340,415626
2,1258340,415628
2,1258340,415629
2,1258340,415634
2,1258340,415637
2,1258340,415639
2,1258340,415640
2,1258340,415641
2,1258340,415643
2,1258340,415701
2,1258340,415702
2,1258340,415703
2,1258340,415705
2,1258340,415706
2,1258340,415708
2,1258340,415709
2,1258340,415710
2,1258340,415711
2,1258340,415712
2,1258340,415713
2,1258340,415714
2,1258340,415715
2,1258340,415716
2,1258340,415717
2,1258340,415718
2,1258340,415719
2,1258340,415720
2,1258340,415722
2,1258340,415724
2,1258340,415726
2,1258340,415727
2,1258340,415728
2,1258340,415729
2,1258340,415730
2,1258340,415801
2,1258340,415802
2,1258340,415803
2,1258340,415804
2,1258340,415805
2,1258340,415806
2,1258340,415807
2,1258340,416701
2,1258340,416702
2,1258340,416704
2,1258340,416705
2,1258340,416707
2,1258340,416709
2,1258340,416712
2,1258340,416713
2,1258343,457001
2,1258343,457114
2,1258343,457118
2,1258343,457119
2,1258343,457222
2,1258343,457226
2,1258343,457331
2,1258343,457333
2,1258343,457336
2,1258343,457339
2,1258343,457340
2,1258343,457441
2,1258343,457550
2,1258343,457555
2,1258527,829205
2,1258527,829208
2,1258527,829209
2,1258527,829210
2,1258527,834001
2,1258527,834002
2,1258527,834003
2,1258527,834004
2,1258527,834005
2,1258527,834006
2,1258527,834007
2,1258527,834008
2,1258527,834009
2,1258527,834010
2,1258527,834011
2,1258527,834013
2,1258527,835101
2,1258527,835102
2,1258527,835103
2,1258527,835202
2,1258527,835204
2,1258527,835205
2,1258527,835209
2,1258527,835210
2,1258527,835214
2,1258527,835215
2,1258527,835216
2,1258527,835217
2,1258527,835219
2,1258527,835221
2,1258527,835222
2,1258527,835225
2,1258527,835227
2,1258527,835234
2,1258527,835301
2,1258527,835303
2,1258527,835325
2,1258622,244701
2,1258622,244901
2,1258622,244921
2,1258622,244922
2,1258622,244923
2,1258622,244924
2,1258622,244925
2,1258622,244926
2,1258622,244927
2,1258622,244928
2,1258741,623115
2,1258741,623120
2,1258741,623135
2,1258741,623308
2,1258741,623315
2,1258741,623401
2,1258741,623402
2,1258741,623403
2,1258741,623404
2,1258741,623406
2,1258741,623407
2,1258741,623409
2,1258741,623501
2,1258741,623502
2,1258741,623503
2,1258741,623504
2,1258741,623512
2,1258741,623513
2,1258741,623514
2,1258741,623515
2,1258741,623516
2,1258741,623517
2,1258741,623518
2,1258741,623519
2,1258741,623520
2,1258741,623521
2,1258741,623522
2,1258741,623523
2,1258741,623524
2,1258741,623525
2,1258741,623526
2,1258741,623527
2,1258741,623528
2,1258741,623529
2,1258741,623530
2,1258741,623531
2,1258741,623532
2,1258741,623533
2,1258741,623534
2,1258741,623536
2,1258741,623537
2,1258741,623538
2,1258741,623566
2,1258741,623601
2,1258741,623603
2,1258741,623604
2,1258741,623605
2,1258741,623608
2,1258741,623701
2,1258741,623703
2,1258741,623704
2,1258741,623705
2,1258741,623706
2,1258741,623707
2,1258741,623708
2,1258741,623711
2,1258741,623712
2,1258741,623806
2,1258741,630312
2,1258832,491229
2,1258832,491441
2,1258832,491444
2,1258832,491445
2,1258832,491557
2,1258832,491558
2,1258832,491661
2,1258832,491665
2,1258832,491666
2,1258832,491668
2,1258832,491881
2,1258832,491885
2,1258832,491888
2,1258849,360001
2,1258849,360002
2,1258849,360003
2,1258849,360004
2,1258849,360005
2,1258849,360006
2,1258849,360007
2,1258849,360020
2,1258849,360021
2,1258849,360022
2,1258849,360023
2,1258849,360024
2,1258849,360025
2,1258849,360026
2,1258849,360030
2,1258849,360035
2,1258849,360040
2,1258849,360050
2,1258849,360055
2,1258849,360060
2,1258849,360070
2,1258849,360110
2,1258849,360311
2,1258849,360320
2,1258849,360330
2,1258849,360360
2,1258849,360370
2,1258849,360375
2,1258849,360380
2,1258849,360405
2,1258849,360410
2,1258849,360421
2,1258849,360430
2,1258849,360440
2,1258849,360450
2,1258849,360452
2,1258849,360460
2,1258849,360470
2,1258849,360480
2,1258849,360490
2,1258849,363621
2,1258849,363630
2,1258849,363635
2,1258849,363641
2,1258849,363642
2,1258849,363643
2,1258849,363650
2,1258849,363660
2,1258849,363670
2,1258849,364465
2,1258849,364470
2,1258849,364485
2,1258849,364490
2,1258849,365480
2,1258878,465661
2,1258878,465667
2,1258878,465669
2,1258878,465674
2,1258878,465677
2,1258878,465679
2,1258878,465680
2,1258878,465683
2,1258878,465685
2,1258878,465687
2,1258878,465689
2,1258878,465691
2,1258878,465693
2,1258878,465697
2,1258892,185121
2,1258892,185131
2,1258892,185132
2,1258892,185133
2,1258892,185135
2,1258892,185151
2,1258892,185152
2,1258892,185153
2,1258892,185155
2,1258892,185156
2,1258892,185201
2,1258892,185202
2,1258892,185203
2,1258892,185212
2,1258892,185233
2,1258892,185234
2,1258953,462046
2,1258953,464334
2,1258953,464551
2,1258953,464570
2,1258953,464573
2,1258953,464651
2,1258953,464661
2,1258953,464665
2,1258953,464668
2,1258953,464671
2,1258953,464672
2,1258953,464770
2,1258953,464774
2,1258953,464776
2,1258953,464881
2,1258953,464884
2,1258953,464886
2,1258953,464986
2,1258953,464990
2,1258953,464993
2,1258984,492001
2,1258984,492002
2,1258984,492003
2,1258984,492004
2,1258984,492005
2,1258984,492008
2,1258984,492009
2,1258984,492010
2,1258984,492012
2,1258984,492013
2,1258984,492014
2,1258984,492015
2,1258984,492016
2,1258984,492017
2,1258984,492099
2,1258984,492101
2,1258984,492109
2,1258984,492112
2,1258984,493101
2,1258984,493111
2,1258984,493113
2,1258984,493114
2,1258984,493116
2,1258984,493118
2,1258984,493195
2,1258984,493196
2,1258984,493221
2,1258984,493222
2,1258984,493225
2,1258984,493228
2,1258984,493229
2,1258984,493331
2,1258984,493332
2,1258984,493335
2,1258984,493338
2,1258984,493344
2,1258984,493441
2,1258984,493526
2,1258984,493551
2,1258984,493559
2,1258984,493661
2,1258984,493663
2,1258984,493881
2,1258984,493885
2,1258984,493888
2,1258984,493889
2,1258984,493890
2,1258984,493891
2,1258984,493992
2,1258984,493996
2,1259006,496001
2,1259006,496005
2,1259006,496100
2,1259006,496107
2,1259006,496108
2,1259006,496109
2,1259006,496111
2,1259006,496113
2,1259006,496115
2,1259006,496116
2,1259006,496242
2,1259006,496440
2,1259006,496445
2,1259006,496450
2,1259006,496551
2,1259006,496554
2,1259006,496661
2,1259006,496665
2,1259013,584101
2,1259013,584102
2,1259013,584103
2,1259013,584104
2,1259013,584111
2,1259013,584113
2,1259013,584115
2,1259013,584116
2,1259013,584118
2,1259013,584120
2,1259013,584122
2,1259013,584123
2,1259013,584124
2,1259013,584125
2,1259013,584126
2,1259013,584127
2,1259013,584128
2,1259013,584129
2,1259013,584132
2,1259013,584133
2,1259013,584134
2,1259013,584135
2,1259013,584136
2,1259013,584138
2,1259013,584139
2,1259013,584140
2,1259013,584143
2,1259013,584167
2,1259013,584170
2,1259013,584202
2,1259013,584203
2,1259065,229001
2,1259065,229010
2,1259065,229103
2,1259065,229120
2,1259065,229121
2,1259065,229122
2,1259065,229123
2,1259065,229124
2,1259065,229125
2,1259065,229126
2,1259065,229127
2,1259065,229128
2,1259065,229129
2,1259065,229130
2,1259065,229135
2,1259065,229201
2,1259065,229202
2,1259065,229203
2,1259065,229204
2,1259065,229205
2,1259065,229206
2,1259065,229207
2,1259065,229208
2,1259065,229209
2,1259065,229210
2,1259065,229211
2,1259065,229212
2,1259065,229215
2,1259065,229216
2,1259065,229301
2,1259065,229302
2,1259065,229303
2,1259065,229304
2,1259065,229305
2,1259065,229306
2,1259065,229307
2,1259065,229308
2,1259065,229309
2,1259065,229310
2,1259065,229311
2,1259065,229316
2,1259065,229401
2,1259065,229402
2,1259065,229404
2,1259065,229405
2,1259065,229406
2,1259065,229801
2,1259065,229802
2,1259164,723101
2,1259164,723102
2,1259164,723103
2,1259164,723104
2,1259164,723121
2,1259164,723126
2,1259164,723127
2,1259164,723128
2,1259164,723129
2,1259164,723130
2,1259164,723131
2,1259164,723132
2,1259164,723133
2,1259164,723142
2,1259164,723143
2,1259164,723145
2,1259164,723146
2,1259164,723147
2,1259164,723148
2,1259164,723149
2,1259164,723151
2,1259164,723152
2,1259164,723153
2,1259164,723154
2,1259164,723155
2,1259164,723156
2,1259164,723161
2,1259164,723168
2,1259164,723201
2,1259164,723202
2,1259164,723212
2,1259164,723213
2,1259164,723215
2,1259168,853204
2,1259168,854102
2,1259168,854113
2,1259168,854201
2,1259168,854202
2,1259168,854203
2,1259168,854204
2,1259168,854205
2,1259168,854301
2,1259168,854302
2,1259168,854303
2,1259168,854304
2,1259168,854305
2,1259168,854306
2,1259168,854315
2,1259168,854316
2,1259168,854317
2,1259168,854325
2,1259168,854326
2,1259168,854327
2,1259168,854330
2,1259168,854333
2,1259168,854335
2,1259168,854337
2,1259186,845301
2,1259186,845302
2,1259186,845303
2,1259186,845304
2,1259186,845305
2,1259186,845315
2,1259186,845401
2,1259186,845406
2,1259186,845411
2,1259186,845412
2,1259186,845413
2,1259186,845414
2,1259186,845415
2,1259186,845416
2,1259186,845417
2,1259186,845418
2,1259186,845419
2,1259186,845420
2,1259186,845422
2,1259186,845423
2,1259186,845424
2,1259186,845425
2,1259186,845426
2,1259186,845427
2,1259186,845428
2,1259186,845429
2,1259186,845430
2,1259186,845431
2,1259186,845432
2,1259186,845433
2,1259186,845434
2,1259186,845435
2,1259186,845436
2,1259186,845437
2,1259186,845440
2,1259186,845456
2,1259186,845457
2,1259186,845458
2,1259298,613301
2,1259298,614616
2,1259298,614617
2,1259298,614618
2,1259298,614619
2,1259298,614620
2,1259298,614621
2,1259298,614622
2,1259298,614624
2,1259298,614629
2,1259298,614630
2,1259298,614801
2,1259298,614805
2,1259298,614902
2,1259298,621305
2,1259298,621308
2,1259298,621312
2,1259298,621316
2,1259298,622001
2,1259298,622002
2,1259298,622003
2,1259298,622004
2,1259298,622005
2,1259298,622101
2,1259298,622102
2,1259298,622103
2,1259298,622104
2,1259298,622201
2,1259298,622202
2,1259298,622203
2,1259298,622204
2,1259298,622209
2,1259298,622301
2,1259298,622302
2,1259298,622303
2,1259298,622304
2,1259298,622401
2,1259298,622402
2,1259298,622403
2,1259298,622404
2,1259298,622407
2,1259298,622409
2,1259298,622411
2,1259298,622412
2,1259298,622422
2,1259298,622501
2,1259298,622502
2,1259298,622503
2,1259298,622504
2,1259298,622505
2,1259298,622506
2,1259298,622507
2,1259298,622515
2,1259339,222301
2,1259339,229408
2,1259339,229410
2,1259339,230001
2,1259339,230002
2,1259339,230121
2,1259339,230124
2,1259339,230125
2,1259339,230126
2,1259339,230127
2,1259339,230128
2,1259339,230129
2,1259339,230130
2,1259339,230131
2,1259339,230132
2,1259339,230133
2,1259339,230134
2,1259339,230135
2,1259339,230136
2,1259339,230137
2,1259339,230138
2,1259339,230139
2,1259339,230141
2,1259339,230142
2,1259339,230143
2,1259339,230144
2,1259339,230201
2,1259339,230202
2,1259339,230204
2,1259339,230301
2,1259339,230302
2,1259339,230304
2,1259339,230306
2,1259339,230401
2,1259339,230402
2,1259339,230403
2,1259339,230404
2,1259339,230405
2,1259339,230501
2,1259339,230502
2,1259339,230503
2,1259346,523001
2,1259346,523002
2,1259346,523101
2,1259346,523104
2,1259346,523105
2,1259346,523108
2,1259346,523109
2,1259346,523110
2,1259346,523111
2,1259346,523112
2,1259346,523113
2,1259346,523114
2,1259346,523115
2,1259346,523116
2,1259346,523117
2,1259346,523135
2,1259346,523155
2,1259346,523156
2,1259346,523157
2,1259346,523165
2,1259346,523166
2,1259346,523167
2,1259346,523168
2,1259346,523169
2,1259346,523170
2,1259346,523171
2,1259346,523180
2,1259346,523181
2,1259346,523182
2,1259346,523183
2,1259346,523184
2,1259346,523185
2,1259346,523186
2,1259346,523187
2,1259346,523190
2,1259346,523201
2,1259346,523211
2,1259346,523212
2,1259346,523213
2,1259346,523214
2,1259346,523223
2,1259346,523224
2,1259346,523225
2,1259346,523226
2,1259346,523227
2,1259346,523228
2,1259346,523230
2,1259346,523240
2,1259346,523241
2,1259346,523245
2,1259346,523246
2,1259346,523247
2,1259346,523252
2,1259346,523253
2,1259346,523254
2,1259346,523260
2,1259346,523261
2,1259346,523262
2,1259346,523263
2,1259346,523264
2,1259346,523265
2,1259346,523270
2,1259346,523271
2,1259346,523272
2,1259346,523273
2,1259346,523274
2,1259346,523279
2,1259346,523280
2,1259346,523281
2,1259346,523286
2,1259346,523291
2,1259346,523292
2,1259346,523301
2,1259346,523302
2,1259346,523303
2,1259346,523304
2,1259346,523305
2,1259346,523315
2,1259346,523316
2,1259346,523320
2,1259346,523326
2,1259346,523327
2,1259346,523328
2,1259346,523329
2,1259346,523330
2,1259346,523331
2,1259346,523332
2,1259346,523333
2,1259346,523334
2,1259346,523335
2,1259346,523336
2,1259346,523346
2,1259346,523356
2,1259346,523357
2,1259346,523367
2,1259346,523368
2,1259346,523369
2,1259346,523370
2,1259346,523371
2,1259346,523372
2,1259346,523373
2,1259426,533464
2,1259426,605001
2,1259426,605002
2,1259426,605003
2,1259426,605004
2,1259426,605005
2,1259426,605006
2,1259426,605007
2,1259426,605008
2,1259426,605009
2,1259426,605010
2,1259426,605011
2,1259426,605013
2,1259426,605014
2,1259426,605101
2,1259426,605102
2,1259426,605104
2,1259426,605105
2,1259426,605106
2,1259426,605107
2,1259426,605110
2,1259426,605111
2,1259426,605501
2,1259426,605502
2,1259426,607402
2,1259426,607403
2,1259426,673310
2,1259504,262501
2,1259504,262502
2,1259504,262520
2,1259504,262521
2,1259504,262522
2,1259504,262523
2,1259504,262526
2,1259504,262529
2,1259504,262530
2,1259504,262531
2,1259504,262532
2,1259504,262533
2,1259504,262534
2,1259504,262540
2,1259504,262541
2,1259504,262542
2,1259504,262543
2,1259504,262544
2,1259504,262545
2,1259504,262546
2,1259504,262547
2,1259504,262550
2,1259504,262551
2,1259504,262552
2,1259504,262553
2,1259504,262554
2,1259504,262555
2,1259504,262561
2,1259504,262572
2,1259504,262576
2,1259687,243003
2,1259687,243123
2,1259687,262001
2,1259687,262121
2,1259687,262122
2,1259687,262124
2,1259687,262201
2,1259687,262202
2,1259687,262203
2,1259687,262302
2,1259687,262305
2,1259785,797104
2,1259785,797107
2,1259785,797108
2,1259785,797114
2,1260091,800001
2,1260091,800002
2,1260091,800003
2,1260091,800004
2,1260091,800005
2,1260091,800006
2,1260091,800007
2,1260091,800008
2,1260091,800009
2,1260091,800010
2,1260091,800011
2,1260091,800012
2,1260091,800013
2,1260091,800014
2,1260091,800015
2,1260091,800016
2,1260091,800017
2,1260091,800018
2,1260091,800019
2,1260091,800020
2,1260091,800021
2,1260091,800022
2,1260091,800023
2,1260091,800024
2,1260091,800025
2,1260091,800026
2,1260091,800027
2,1260091,800028
2,1260091,800030
2,1260091,801102
2,1260091,801103
2,1260091,801104
2,1260091,801105
2,1260091,801106
2,1260091,801108
2,1260091,801109
2,1260091,801110
2,1260091,801111
2,1260091,801112
2,1260091,801113
2,1260091,801304
2,1260091,801305
2,1260091,801501
2,1260091,801503
2,1260091,801505
2,1260091,801506
2,1260091,801507
2,1260091,803110
2,1260091,803201
2,1260091,803202
2,1260091,803203
2,1260091,803211
2,1260091,803212
2,1260091,803213
2,1260091,803214
2,1260091,803221
2,1260091,803301
2,1260091,803302
2,1260091,803303
2,1260091,803306
2,1260091,803307
2,1260091,804406
2,1260091,804426
2,1260091,804451
2,1260091,804452
2,1260091,804453
2,1260091,804454
2,1260091,811104
2,1260091,811302
2,1260108,140201
2,1260108,140401
2,1260108,140402
2,1260108,140406
2,1260108,140412
2,1260108,140417
2,1260108,140506
2,1260108,140601
2,1260108,140602
2,1260108,140603
2,1260108,140701
2,1260108,140702
2,1260108,140802
2,1260108,141411
2,1260108,141801
2,1260108,147001
2,1260108,147002
2,1260108,147003
2,1260108,147004
2,1260108,147005
2,1260108,147006
2,1260108,147007
2,1260108,147021
2,1260108,147101
2,1260108,147102
2,1260108,147103
2,1260108,147104
2,1260108,147105
2,1260108,147111
2,1260108,147201
2,1260108,147202
2,1260108,147203
2,1260208,845101
2,1260208,845102
2,1260208,845103
2,1260208,845104
2,1260208,845105
2,1260208,845106
2,1260208,845107
2,1260208,845306
2,1260208,845307
2,1260208,845438
2,1260208,845449
2,1260208,845450
2,1260208,845451
2,1260208,845452
2,1260208,845453
2,1260208,845454
2,1260208,845455
2,1260208,845459
2,1260342,431401
2,1260342,431402
2,1260342,431503
2,1260342,431505
2,1260342,431506
2,1260342,431508
2,1260342,431509
2,1260342,431510
2,1260342,431511
2,1260342,431514
2,1260342,431516
2,1260342,431521
2,1260342,431536
2,1260342,431537
2,1260342,431540
2,1260342,431541
2,1260342,431720
2,1260455,488001
2,1260455,488050
2,1260455,488051
2,1260455,488059
2,1260455,488220
2,1260455,488222
2,1260455,488333
2,1260455,488441
2,1260455,488442
2,1260455,488443
2,1260455,488446
2,1260455,488448
2,1260571,388270
2,1260571,388710
2,1260571,388713
2,1260571,389001
2,1260571,389002
2,1260571,389110
2,1260571,389115
2,1260571,389120
2,1260571,389172
2,1260571,389180
2,1260571,389190
2,1260571,389210
2,1260571,389220
2,1260571,389230
2,1260571,389232
2,1260571,389235
2,1260571,389240
2,1260571,389250
2,1260571,389260
2,1260571,389265
2,1260571,389310
2,1260571,389320
2,1260571,389330
2,1260571,389340
2,1260571,389341
2,1260571,389350
2,1260571,389360
2,1260571,389365
2,1260571,389370
2,1260571,389380
2,1260571,389390
2,1260724,306001
2,1260724,306021
2,1260724,306022
2,1260724,306023
2,1260724,306101
2,1260724,306102
2,1260724,306103
2,1260724,306104
2,1260724,306105
2,1260724,306114
2,1260724,306115
2,1260724,306116
2,1260724,306119
2,1260724,306126
2,1260724,306301
2,1260724,306302
2,1260724,306303
2,1260724,306304
2,1260724,306305
2,1260724,306306
2,1260724,306307
2,1260724,306308
2,1260724,306401
2,1260724,306421
2,1260724,306422
2,1260724,306501
2,1260724,306502
2,1260724,306503
2,1260724,306504
2,1260724,306601
2,1260724,306602
2,1260724,306603
2,1260724,306701
2,1260724,306702
2,1260724,306703
2,1260724,306704
2,1260724,306705
2,1260724,306706
2,1260724,306707
2,1260724,306708
2,1260724,306709
2,1260724,306901
2,1260724,306902
2,1260724,306912
2,1260783,822101
2,1260783,822102
2,1260783,822110
2,1260783,822113
2,1260783,822115
2,1260783,822116
2,1260783,822117
2,1260783,822118
2,1260783,822120
2,1260783,822121
2,1260783,822122
2,1260783,822123
2,1260783,822126
2,1260783,822128
2,1260783,822131
2,1260783,822132
2,1260783,829202
2,1261013,413405
2,1261013,413501
2,1261013,413502
2,1261013,413503
2,1261013,413504
2,1261013,413505
2,1261013,413506
2,1261013,413507
2,1261013,413508
2,1261013,413509
2,1261013,413510
2,1261013,413511
2,1261013,413514
2,1261013,413516
2,1261013,413517
2,1261013,413518
2,1261013,413521
2,1261013,413523
2,1261013,413524
2,1261013,413525
2,1261013,413526
2,1261013,413527
2,1261013,413528
2,1261013,413529
2,1261013,413531
2,1261013,413532
2,1261013,413534
2,1261013,413544
2,1261013,413581
2,1261013,413582
2,1261013,413601
2,1261013,413602
2,1261013,413603
2,1261013,413604
2,1261013,413605
2,1261013,413606
2,1261013,413607
2,1261013,413608
2,1261013,413623
2,1261013,413624
2,1261013,431522
2,1261174,799250
2,1261174,799251
2,1261174,799253
2,1261174,799254
2,1261174,799256
2,1261174,799260
2,1261174,799261
2,1261174,799262
2,1261174,799263
2,1261174,799264
2,1261174,799266
2,1261174,799269
2,1261174,799270
2,1261174,799271
2,1261174,799273
2,1261174,799277
2,1261174,799279
2,1261174,799280
2,1261174,799281
2,1261174,799282
2,1261174,799288
2,1261174,799290
2,1261192,788108
2,1261192,788818
2,1261192,788819
2,1261192,788820
2,1261192,788830
2,1261192,788831
2,1261192,788832
2,1261192,788931
2,1261260,503001
2,1261260,503002
2,1261260,503003
2,1261260,503101
2,1261260,503102
2,1261260,503108
2,1261260,503110
2,1261260,503111
2,1261260,503112
2,1261260,503114
2,1261260,503120
2,1261260,503122
2,1261260,503123
2,1261260,503124
2,1261260,503125
2,1261260,503144
2,1261260,503145
2,1261260,503164
2,1261260,503165
2,1261260,503174
2,1261260,503175
2,1261260,503180
2,1261260,503185
2,1261260,503186
2,1261260,503187
2,1261260,503188
2,1261260,503201
2,1261260,503202
2,1261260,503206
2,1261260,503207
2,1261260,503212
2,1261260,503213
2,1261260,503217
2,1261260,503218
2,1261260,503219
2,1261260,503223
2,1261260,503224
2,1261260,503225
2,1261260,503230
2,1261260,503235
2,1261260,503245
2,1261260,503246
2,1261260,503301
2,1261260,503302
2,1261260,503305
2,1261260,503306
2,1261260,503307
2,1261260,503308
2,1261260,503309
2,1261260,503310
2,1261260,503311
2,1261260,503321
2,1261260,503322
2,1261391,643001
2,1261391,643002
2,1261391,643003
2,1261391,643004
2,1261391,643005
2,1261391,643006
2,1261391,643007
2,1261391,643101
2,1261391,643102
2,1261391,643103
2,1261391,643105
2,1261391,643201
2,1261391,643202
2,1261391,643203
2,1261391,643204
2,1261391,643205
2,1261391,643206
2,1261391,643207
2,1261391,643209
2,1261391,643211
2,1261391,643212
2,1261391,643213
2,1261391,643214
2,1261391,643215
2,1261391,643216
2,1261391,643217
2,1261391,643218
2,1261391,643219
2,1261391,643220
2,1261391,643221
2,1261391,643223
2,1261391,643224
2,1261391,643225
2,1261391,643226
2,1261391,643228
2,1261391,643231
2,1261391,643233
2,1261391,643236
2,1261391,643237
2,1261391,643238
2,1261391,643239
2,1261391,643240
2,1261391,643241
2,1261391,643242
2,1261391,643243
2,1261391,643253
2,1261448,744301
2,1261448,744302
2,1261448,744303
2,1261448,744304
2,1261530,524001
2,1261530,524002
2,1261530,524003
2,1261530,524004
2,1261530,524005
2,1261530,524101
2,1261530,524121
2,1261530,524123
2,1261530,524124
2,1261530,524126
2,1261530,524127
2,1261530,524129
2,1261530,524131
2,1261530,524132
2,1261530,524134
2,1261530,524137
2,1261530,524142
2,1261530,524152
2,1261530,524201
2,1261530,524203
2,1261530,524221
2,1261530,524222
2,1261530,524223
2,1261530,524224
2,1261530,524225
2,1261530,524226
2,1261530,524227
2,1261530,524228
2,1261530,524230
2,1261530,524234
2,1261530,524236
2,1261530,524239
2,1261530,524240
2,1261530,524301
2,1261530,524302
2,1261530,524303
2,1261530,524304
2,1261530,524305
2,1261530,524306
2,1261530,524307
2,1261530,524308
2,1261530,524309
2,1261530,524310
2,1261530,524311
2,1261530,524312
2,1261530,524313
2,1261530,524314
2,1261530,524315
2,1261530,524316
2,1261530,524317
2,1261530,524318
2,1261530,524319
2,1261530,524320
2,1261530,524321
2,1261530,524322
2,1261530,524323
2,1261530,524341
2,1261530,524342
2,1261530,524343
2,1261530,524344
2,1261530,524345
2,1261530,524346
2,1261530,524347
2,1261530,524366
2,1261530,524401
2,1261530,524402
2,1261530,524403
2,1261530,524404
2,1261530,524405
2,1261530,524406
2,1261530,524407
2,1261530,524408
2,1261530,524409
2,1261530,524410
2,1261530,524411
2,1261530,524412
2,1261530,524413
2,1261530,524414
2,1261530,524415
2,1261530,524421
2,1261632,803109
2,1261632,805101
2,1261632,805102
2,1261632,805103
2,1261632,805104
2,1261632,805106
2,1261632,805107
2,1261632,805108
2,1261632,805109
2,1261632,805110
2,1261632,805111
2,1261632,805112
2,1261632,805113
2,1261632,805121
2,1261632,805122
2,1261632,805123
2,1261632,805124
2,1261632,805125
2,1261632,805126
2,1261632,805127
2,1261632,805128
2,1261632,805129
2,1261632,805130
2,1261632,805132
2,1261632,805133
2,1261632,805141
2,1261755,461771
2,1261755,461990
2,1261755,487001
2,1261755,487110
2,1261755,487114
2,1261755,487118
2,1261755,487221
2,1261755,487225
2,1261755,487330
2,1261755,487334
2,1261755,487337
2,1261755,487441
2,1261755,487551
2,1261755,487555
2,1261755,487661
2,1261755,487770
2,1261755,487881
2,1261978,431601
2,1261978,431602
2,1261978,431603
2,1261978,431604
2,1261978,431605
2,1261978,431606
2,1261978,431704
2,1261978,431707
2,1261978,431708
2,1261978,431709
2,1261978,431710
2,1261978,431711
2,1261978,431712
2,1261978,431713
2,1261978,431714
2,1261978,431715
2,1261978,431716
2,1261978,431717
2,1261978,431718
2,1261978,431719
2,1261978,431721
2,1261978,431722
2,1261978,431723
2,1261978,431731
2,1261978,431736
2,1261978,431741
2,1261978,431742
2,1261978,431743
2,1261978,431745
2,1261978,431746
2,1261978,431750
2,1261978,431801
2,1261978,431802
2,1261978,431803
2,1261978,431804
2,1261978,431805
2,1261978,431806
2,1261978,431807
2,1261978,431808
2,1261978,431809
2,1261978,431810
2,1261978,431811
2,1262068,508001
2,1262068,508002
2,1262068,508004
2,1262068,508101
2,1262068,508105
2,1262068,508111
2,1262068,508112
2,1262068,508113
2,1262068,508114
2,1262068,508115
2,1262068,508116
2,1262068,508117
2,1262068,508126
2,1262068,508201
2,1262068,508202
2,1262068,508204
2,1262068,508205
2,1262068,508206
2,1262068,508207
2,1262068,508208
2,1262068,508210
2,1262068,508211
2,1262068,508212
2,1262068,508213
2,1262068,508214
2,1262068,508217
2,1262068,508218
2,1262068,508221
2,1262068,508223
2,1262068,508224
2,1262068,508233
2,1262068,508234
2,1262068,508238
2,1262068,508243
2,1262068,508244
2,1262068,508245
2,1262068,508246
2,1262068,508247
2,1262068,508248
2,1262068,508250
2,1262068,508252
2,1262068,508253
2,1262068,508254
2,1262068,508255
2,1262068,508256
2,1262068,508257
2,1262068,508258
2,1262068,508266
2,1262068,508277
2,1262068,508278
2,1262068,508279
2,1262068,508280
2,1262068,508284
2,1262068,508285
2,1262068,508286
2,1262068,508355
2,1262068,508373
2,1262068,508374
2,1262068,508376
2,1262068,508377
2,1262081,801301
2,1262081,801302
2,1262081,801303
2,1262081,801304
2,1262081,801305
2,1262081,801306
2,1262081,801307
2,1262081,803101
2,1262081,803107
2,1262081,803108
2,1262081,803109
2,1262081,803110
2,1262081,803111
2,1262081,803113
2,1262081,803114
2,1262081,803115
2,1262081,803116
2,1262081,803117
2,1262081,803118
2,1262081,803119
2,1262081,803120
2,1262081,803121
2,1262081,803213
2,1262081,803215
2,1262081,803216
2,1262081,805105
2,1262081,805130
2,1262081,811101
2,1262081,811102
2,1262081,811103
2,1262081,811104
2,1262118,244713
2,1262118,244715
2,1262118,262402
2,1262118,262580
2,1262118,263001
2,1262118,263126
2,1262118,263127
2,1262118,263128
2,1262118,263132
2,1262118,263134
2,1262118,263135
2,1262118,263136
2,1262118,263137
2,1262118,263138
2,1262118,263139
2,1262118,263140
2,1262118,263142
2,1262118,263156
2,1262118,263157
2,1262118,263158
2,1262118,263159
2,1262217,305026
2,1262217,341001
2,1262217,341021
2,1262217,341022
2,1262217,341023
2,1262217,341024
2,1262217,341025
2,1262217,341026
2,1262217,341027
2,1262217,341028
2,1262217,341029
2,1262217,341030
2,1262217,341031
2,1262217,341301
2,1262217,341302
2,1262217,341303
2,1262217,341304
2,1262217,341305
2,1262217,341306
2,1262217,341316
2,1262217,341317
2,1262217,341318
2,1262217,341319
2,1262217,341501
2,1262217,341502
2,1262217,341503
2,1262217,341504
2,1262217,341505
2,1262217,341506
2,1262217,341507
2,1262217,341508
2,1262217,341509
2,1262217,341510
2,1262217,341511
2,1262217,341512
2,1262217,341513
2,1262217,341514
2,1262217,341515
2,1262217,341516
2,1262217,341517
2,1262217,341518
2,1262217,341519
2,1262217,341520
2,1262217,341533
2,1262217,341542
2,1262217,341551
2,1262217,342902
2,1262293,741101
2,1262293,741102
2,1262293,741103
2,1262293,741121
2,1262293,741122
2,1262293,741123
2,1262293,741124
2,1262293,741125
2,1262293,741126
2,1262293,741127
2,1262293,741137
2,1262293,741138
2,1262293,741139
2,1262293,741140
2,1262293,741150
2,1262293,741151
2,1262293,741152
2,1262293,741153
2,1262293,741154
2,1262293,741155
2,1262293,741156
2,1262293,741157
2,1262293,741158
2,1262293,741159
2,1262293,741160
2,1262293,741161
2,1262293,741162
2,1262293,741163
2,1262293,741164
2,1262293,741165
2,1262293,741166
2,1262293,741167
2,1262293,741181
2,1262293,741201
2,1262293,741202
2,1262293,741221
2,1262293,741222
2,1262293,741223
2,1262293,741232
2,1262293,741234
2,1262293,741235
2,1262293,741238
2,1262293,741245
2,1262293,741246
2,1262293,741247
2,1262293,741248
2,1262293,741249
2,1262293,741250
2,1262293,741251
2,1262293,741252
2,1262293,741253
2,1262293,741254
2,1262293,741255
2,1262293,741256
2,1262293,741257
2,1262293,741301
2,1262293,741302
2,1262293,741313
2,1262293,741315
2,1262293,741316
2,1262293,741317
2,1262293,741319
2,1262293,741401
2,1262293,741402
2,1262293,741404
2,1262293,741501
2,1262293,741502
2,1262293,741503
2,1262293,741504
2,1262293,741505
2,1262293,741506
2,1262293,741507
2,1262293,741508
2,1262293,741509
2,1262322,570001
2,1262322,570002
2,1262322,570003
2,1262322,570004
2,1262322,570005
2,1262322,570006
2,1262322,570007
2,1262322,570008
2,1262322,570009
2,1262322,570010
2,1262322,570011
2,1262322,570012
2,1262322,570014
2,1262322,570015
2,1262322,570016
2,1262322,570017
2,1262322,570018
2,1262322,570019
2,1262322,570020
2,1262322,570022
2,1262322,570023
2,1262322,570025
2,1262322,570026
2,1262322,570027
2,1262322,570028
2,1262322,570029
2,1262322,570030
2,1262322,570031
2,1262322,570032
2,1262322,571101
2,1262322,571102
2,1262322,571103
2,1262322,571104
2,1262322,571105
2,1262322,571106
2,1262322,571107
2,1262322,571108
2,1262322,571110
2,1262322,571114
2,1262322,571116
2,1262322,571118
2,1262322,571119
2,1262322,571120
2,1262322,571121
2,1262322,571122
2,1262322,571124
2,1262322,571125
2,1262322,571128
2,1262322,571129
2,1262322,571130
2,1262322,571134
2,1262322,571187
2,1262322,571189
2,1262322,571301
2,1262322,571302
2,1262322,571311
2,1262322,571312
2,1262322,571314
2,1262322,571315
2,1262322,571601
2,1262322,571602
2,1262322,571603
2,1262322,571604
2,1262322,571610
2,1262322,571617
2,1262331,842001
2,1262331,842002
2,1262331,842003
2,1262331,842004
2,1262331,842005
2,1262331,842006
2,1262331,843101
2,1262331,843102
2,1262331,843103
2,1262331,843104
2,1262331,843105
2,1262331,843106
2,1262331,843107
2,1262331,843108
2,1262331,843109
2,1262331,843111
2,1262331,843112
2,1262331,843113
2,1262331,843115
2,1262331,843116
2,1262331,843117
2,1262331,843118
2,1262331,843119
2,1262331,843120
2,1262331,843121
2,1262331,843122
2,1262331,843123
2,1262331,843124
2,1262331,843125
2,1262331,843126
2,1262331,843127
2,1262331,843128
2,1262331,843129
2,1262331,843130
2,1262331,843312
2,1262331,843321
2,1262331,844111
2,1262331,844112
2,1262331,844118
2,1262331,844120
2,1262331,844127
2,1262331,847107
2,1262331,847307
2,1262333,247771
2,1262333,247772
2,1262333,247773
2,1262333,247774
2,1262333,247775
2,1262333,247776
2,1262333,247777
2,1262333,247778
2,1262333,251001
2,1262333,251002
2,1262333,251003
2,1262333,251201
2,1262333,251202
2,1262333,251203
2,1262333,251301
2,1262333,251305
2,1262333,251306
2,1262333,251307
2,1262333,251308
2,1262333,251309
2,1262333,251310
2,1262333,251311
2,1262333,251314
2,1262333,251315
2,1262333,251316
2,1262333,251318
2,1262333,251319
2,1262333,251320
2,1262333,251327
2,1262483,811201
2,1262483,811202
2,1262483,811211
2,1262483,811212
2,1262483,811213
2,1262483,811214
2,1262483,811311
2,1262483,813103
2,1262483,813110
2,1262483,813201
2,1262483,813207
2,1262483,813211
2,1262483,813212
2,1262483,813221
2,1262483,853204
2,1262772,476001
2,1262772,476111
2,1262772,476115
2,1262772,476134
2,1262772,476219
2,1262772,476221
2,1262772,476224
2,1262772,476228
2,1262772,476229
2,1262772,476444
2,1262772,476554
2,1262802,244001
2,1262802,244102
2,1262802,244103
2,1262802,244104
2,1262802,244105
2,1262802,244301
2,1262802,244302
2,1262802,244303
2,1262802,244304
2,1262802,244401
2,1262802,244402
2,1262802,244410
2,1262802,244411
2,1262802,244412
2,1262802,244413
2,1262802,244414
2,1262802,244415
2,1262802,244501
2,1262802,244504
2,1262802,244601
2,1262802,244602
2,1262802,244923
2,1262802,244925
2,1262825,798602
2,1262825,798603
2,1262825,798621
2,1262825,798622
2,1262844,798601
2,1262844,798604
2,1262844,798607
2,1262844,798613
2,1262844,798614
2,1262844,798615
2,1262844,798618
2,1262844,798623
2,1262997,231001
2,1262997,231210
2,1262997,231211
2,1262997,231301
2,1262997,231302
2,1262997,231303
2,1262997,231304
2,1262997,231305
2,1262997,231306
2,1262997,231307
2,1262997,231309
2,1262997,231311
2,1262997,231312
2,1262997,231313
2,1262997,231314
2,1262997,231501
2,1263215,245206
2,1263215,250001
2,1263215,250002
2,1263215,250003
2,1263215,250004
2,1263215,250005
2,1263215,250103
2,1263215,250104
2,1263215,250106
2,1263215,250110
2,1263215,250205
2,1263215,250221
2,1263215,250222
2,1263215,250223
2,1263215,250341
2,1263215,250342
2,1263215,250344
2,1263215,250401
2,1263215,250402
2,1263215,250404
2,1263215,250406
2,1263215,250501
2,1263215,250502
2,1263231,502001
2,1263231,502032
2,1263231,502101
2,1263231,502102
2,1263231,502103
2,1263231,502107
2,1263231,502108
2,1263231,502109
2,1263231,502110
2,1263231,502113
2,1263231,502114
2,1263231,502115
2,1263231,502117
2,1263231,502125
2,1263231,502130
2,1263231,502205
2,1263231,502210
2,1263231,502220
2,1263231,502221
2,1263231,502228
2,1263231,502246
2,1263231,502247
2,1263231,502248
2,1263231,502249
2,1263231,502251
2,1263231,502255
2,1263231,502256
2,1263231,502257
2,1263231,502267
2,1263231,502269
2,1263231,502270
2,1263231,502271
2,1263231,502273
2,1263231,502276
2,1263231,502277
2,1263231,502278
2,1263231,502279
2,1263231,502280
2,1263231,502281
2,1263231,502285
2,1263231,502286
2,1263231,502287
2,1263231,502290
2,1263231,502291
2,1263231,502293
2,1263231,502294
2,1263231,502295
2,1263231,502296
2,1263231,502300
2,1263231,502301
2,1263231,502302
2,1263231,502303
2,1263231,502305
2,1263231,502306
2,1263231,502307
2,1263231,502310
2,1263231,502311
2,1263231,502312
2,1263231,502313
2,1263231,502314
2,1263231,502316
2,1263231,502318
2,1263231,502319
2,1263231,502321
2,1263231,502324
2,1263231,502325
2,1263231,502329
2,1263231,502331
2,1263231,502334
2,1263231,502335
2,1263231,502336
2,1263231,502345
2,1263231,502371
2,1263231,502372
2,1263231,502375
2,1263231,502381
2,1263245,757001
2,1263245,757002
2,1263245,757003
2,1263245,757014
2,1263245,757016
2,1263245,757017
2,1263245,757018
2,1263245,757019
2,1263245,757020
2,1263245,757021
2,1263245,757022
2,1263245,757023
2,1263245,757024
2,1263245,757025
2,1263245,757026
2,1263245,757027
2,1263245,757028
2,1263245,757029
2,1263245,757030
2,1263245,757031
2,1263245,757032
2,1263245,757033
2,1263245,757034
2,1263245,757035
2,1263245,757036
2,1263245,757037
2,1263245,757038
2,1263245,757039
2,1263245,757040
2,1263245,757041
2,1263245,757042
2,1263245,757043
2,1263245,757045
2,1263245,757046
2,1263245,757047
2,1263245,757048
2,1263245,757049
2,1263245,757050
2,1263245,757051
2,1263245,757052
2,1263245,757053
2,1263245,757054
2,1263245,757055
2,1263245,757073
2,1263245,757074
2,1263245,757075
2,1263245,757077
2,1263245,757079
2,1263245,757081
2,1263245,757082
2,1263245,757083
2,1263245,757084
2,1263245,757085
2,1263245,757086
2,1263245,757087
2,1263245,757091
2,1263245,757092
2,1263245,757093
2,1263245,757100
2,1263245,757101
2,1263245,757102
2,1263245,757103
2,1263245,757104
2,1263245,757105
2,1263245,757106
2,1263245,757107
2,1263366,281001
2,1263366,281003
2,1263366,281004
2,1263366,281005
2,1263366,281006
2,1263366,281121
2,1263366,281122
2,1263366,281123
2,1263366,281201
2,1263366,281202
2,1263366,281203
2,1263366,281204
2,1263366,281205
2,1263366,281206
2,1263366,281301
2,1263366,281302
2,1263366,281305
2,1263366,281306
2,1263366,281308
2,1263366,281401
2,1263366,281403
2,1263366,281404
2,1263366,281405
2,1263366,281406
2,1263366,281501
2,1263366,281502
2,1263366,281504
2,1263815,571401
2,1263815,571402
2,1263815,571403
2,1263815,571404
2,1263815,571405
2,1263815,571415
2,1263815,571416
2,1263815,571417
2,1263815,571418
2,1263815,571419
2,1263815,571421
2,1263815,571422
2,1263815,571423
2,1263815,571424
2,1263815,571425
2,1263815,571426
2,1263815,571427
2,1263815,571428
2,1263815,571429
2,1263815,571430
2,1263815,571431
2,1263815,571432
2,1263815,571433
2,1263815,571434
2,1263815,571435
2,1263815,571436
2,1263815,571438
2,1263815,571445
2,1263815,571446
2,1263815,571448
2,1263815,571450
2,1263815,571455
2,1263815,571463
2,1263815,571475
2,1263815,571476
2,1263815,571477
2,1263815,571478
2,1263815,571605
2,1263815,571606
2,1263815,571607
2,1263815,571802
2,1263815,571807
2,1263815,571811
2,1263815,571812
2,1263835,458001
2,1263835,458002
2,1263835,458339
2,1263835,458389
2,1263835,458553
2,1263835,458556
2,1263835,458558
2,1263835,458664
2,1263835,458667
2,1263835,458669
2,1263835,458771
2,1263835,458775
2,1263835,458778
2,1263835,458880
2,1263835,458883
2,1263835,458888
2,1263835,458895
2,1263835,458990
2,1263853,481661
2,1263853,481662
2,1263853,481663
2,1263853,481664
2,1263853,481665
2,1263853,481666
2,1263853,481668
2,1263853,481672
2,1263853,481768
2,1263853,481771
2,1263853,481776
2,1263853,481885
2,1263853,481995
2,1263853,481996
2,1263853,481998
2,1263863,175001
2,1263863,175002
2,1263863,175003
2,1263863,175004
2,1263863,175005
2,1263863,175006
2,1263863,175007
2,1263863,175008
2,1263863,175009
2,1263863,175010
2,1263863,175011
2,1263863,175012
2,1263863,175013
2,1263863,175014
2,1263863,175015
2,1263863,175016
2,1263863,175017
2,1263863,175018
2,1263863,175019
2,1263863,175021
2,1263863,175023
2,1263863,175024
2,1263863,175025
2,1263863,175026
2,1263863,175027
2,1263863,175028
2,1263863,175029
2,1263863,175030
2,1263863,175031
2,1263863,175032
2,1263863,175033
2,1263863,175034
2,1263863,175035
2,1263863,175036
2,1263863,175037
2,1263863,175038
2,1263863,175039
2,1263863,175040
2,1263863,175042
2,1263863,175045
2,1263863,175046
2,1263863,175047
2,1263863,175048
2,1263863,175049
2,1263863,175050
2,1263863,175051
2,1263863,175052
2,1263863,175101
2,1263863,175106
2,1263863,175121
2,1263863,175123
2,1263863,175124
2,1263863,175125
2,1263863,175134
2,1263863,175141
2,1263863,176090
2,1264122,732101
2,1264122,732102
2,1264122,732103
2,1264122,732121
2,1264122,732122
2,1264122,732123
2,1264122,732124
2,1264122,732125
2,1264122,732126
2,1264122,732127
2,1264122,732128
2,1264122,732138
2,1264122,732139
2,1264122,732140
2,1264122,732141
2,1264122,732142
2,1264122,732143
2,1264122,732144
2,1264122,732147
2,1264122,732150
2,1264122,732201
2,1264122,732202
2,1264122,732203
2,1264122,732204
2,1264122,732205
2,1264122,732206
2,1264122,732207
2,1264122,732208
2,1264122,732209
2,1264122,732210
2,1264122,732211
2,1264122,732212
2,1264122,732213
2,1264122,732214
2,1264122,732215
2,1264122,732216
2,1264122,733124
2,1264122,733142
2,1264155,673314
2,1264155,673632
2,1264155,673633
2,1264155,673634
2,1264155,673635
2,1264155,673636
2,1264155,673637
2,1264155,673638
2,1264155,673639
2,1264155,673640
2,1264155,673641
2,1264155,673642
2,1264155,673645
2,1264155,673647
2,1264155,676101
2,1264155,676102
2,1264155,676103
2,1264155,676104
2,1264155,676105
2,1264155,676106
2,1264155,676107
2,1264155,676108
2,1264155,676109
2,1264155,676121
2,1264155,676122
2,1264155,676123
2,1264155,676301
2,1264155,676302
2,1264155,676303
2,1264155,676304
2,1264155,676305
2,1264155,676306
2,1264155,676307
2,1264155,676309
2,1264155,676311
2,1264155,676317
2,1264155,676319
2,1264155,676320
2,1264155,676501
2,1264155,676502
2,1264155,676503
2,1264155,676504
2,1264155,676505
2,1264155,676506
2,1264155,676507
2,1264155,676508
2,1264155,676509
2,1264155,676510
2,1264155,676517
2,1264155,676519
2,1264155,676521
2,1264155,676522
2,1264155,676523
2,1264155,676525
2,1264155,676528
2,1264155,676541
2,1264155,676542
2,1264155,676551
2,1264155,676552
2,1264155,676553
2,1264155,676561
2,1264155,676562
2,1264155,679321
2,1264155,679322
2,1264155,679323
2,1264155,679324
2,1264155,679325
2,1264155,679326
2,1264155,679327
2,1264155,679328
2,1264155,679329
2,1264155,679330
2,1264155,679331
2,1264155,679332
2,1264155,679333
2,1264155,679334
2,1264155,679338
2,1264155,679339
2,1264155,679340
2,1264155,679341
2,1264155,679357
2,1264155,679571
2,1264155,679573
2,1264155,679574
2,1264155,679575
2,1264155,679576
2,1264155,679577
2,1264155,679578
2,1264155,679579
2,1264155,679580
2,1264155,679582
2,1264155,679583
2,1264155,679584
2,1264155,679585
2,1264155,679586
2,1264155,679587
2,1264155,679591
2,1264293,205001
2,1264293,205119
2,1264293,205121
2,1264293,205247
2,1264293,205261
2,1264293,205262
2,1264293,205263
2,1264293,205264
2,1264293,205265
2,1264293,205267
2,1264293,205268
2,1264293,205301
2,1264293,205303
2,1264293,205304
2,1264390,382115
2,1264390,382120
2,1264390,382165
2,1264390,382170
2,1264390,382705
2,1264390,382710
2,1264390,382715
2,1264390,382728
2,1264390,382730
2,1264390,382732
2,1264390,382815
2,1264390,382820
2,1264390,382825
2,1264390,382830
2,1264390,382840
2,1264390,382850
2,1264390,382860
2,1264390,382865
2,1264390,382870
2,1264390,384001
2,1264390,384002
2,1264390,384003
2,1264390,384012
2,1264390,384120
2,1264390,384130
2,1264390,384140
2,1264390,384160
2,1264390,384170
2,1264390,384205
2,1264390,384210
2,1264390,384212
2,1264390,384215
2,1264390,384260
2,1264390,384305
2,1264390,384310
2,1264390,384315
2,1264390,384320
2,1264390,384325
2,1264390,384330
2,1264390,384335
2,1264390,384340
2,1264390,384345
2,1264390,384355
2,1264390,384360
2,1264390,384410
2,1264390,384421
2,1264390,384430
2,1264390,384435
2,1264396,123001
2,1264396,123021
2,1264396,123023
2,1264396,123024
2,1264396,123027
2,1264396,123028
2,1264396,123029
2,1264396,123031
2,1264396,123034
2,1264396,123303
2,1264396,123411
2,1264396,123412
2,1264396,123501
2,1264404,673310
2,1264408,509001
2,1264408,509002
2,1264408,509102
2,1264408,509103
2,1264408,509104
2,1264408,509105
2,1264408,509106
2,1264408,509110
2,1264408,509120
2,1264408,509125
2,1264408,509126
2,1264408,509127
2,1264408,509128
2,1264408,509129
2,1264408,509130
2,1264408,509131
2,1264408,509132
2,1264408,509133
2,1264408,509135
2,1264408,509152
2,1264408,509153
2,1264408,509201
2,1264408,509202
2,1264408,509203
2,1264408,509204
2,1264408,509205
2,1264408,509206
2,1264408,509207
2,1264408,509208
2,1264408,509209
2,1264408,509210
2,1264408,509215
2,1264408,509216
2,1264408,509217
2,1264408,509219
2,1264408,509228
2,1264408,509235
2,1264408,509301
2,1264408,509302
2,1264408,509311
2,1264408,509320
2,1264408,509321
2,1264408,509324
2,1264408,509325
2,1264408,509326
2,1264408,509327
2,1264408,509334
2,1264408,509335
2,1264408,509336
2,1264408,509337
2,1264408,509338
2,1264408,509339
2,1264408,509340
2,1264408,509349
2,1264408,509350
2,1264408,509351
2,1264408,509352
2,1264408,509353
2,1264408,509357
2,1264408,509358
2,1264408,509360
2,1264408,509371
2,1264408,509375
2,1264408,509376
2,1264408,509380
2,1264408,509381
2,1264408,509382
2,1264408,509385
2,1264408,509401
2,1264408,509406
2,1264408,509407
2,1264408,509408
2,1264408,509409
2,1264408,509410
2,1264408,509411
2,1264408,509412
2,1264522,625001
2,1264522,625002
2,1264522,625003
2,1264522,625004
2,1264522,625005
2,1264522,625006
2,1264522,625007
2,1264522,625008
2,1264522,625009
2,1264522,625011
2,1264522,625012
2,1264522,625014
2,1264522,625015
2,1264522,625016
2,1264522,625017
2,1264522,625018
2,1264522,625019
2,1264522,625020
2,1264522,625021
2,1264522,625022
2,1264522,625023
2,1264522,625101
2,1264522,625102
2,1264522,625103
2,1264522,625104
2,1264522,625105
2,1264522,625106
2,1264522,625107
2,1264522,625108
2,1264522,625109
2,1264522,625110
2,1264522,625122
2,1264522,625201
2,1264522,625205
2,1264522,625207
2,1264522,625214
2,1264522,625218
2,1264522,625221
2,1264522,625234
2,1264522,625301
2,1264522,625402
2,1264522,625501
2,1264522,625503
2,1264522,625514
2,1264522,625527
2,1264522,625529
2,1264522,625532
2,1264522,625535
2,1264522,625537
2,1264522,625701
2,1264522,625702
2,1264522,625703
2,1264522,625704
2,1264522,625705
2,1264522,625706
2,1264522,625707
2,1264522,625708
2,1264556,847102
2,1264556,847108
2,1264556,847109
2,1264556,847122
2,1264556,847211
2,1264556,847212
2,1264556,847213
2,1264556,847214
2,1264556,847215
2,1264556,847222
2,1264556,847223
2,1264556,847224
2,1264556,847225
2,1264556,847226
2,1264556,847227
2,1264556,847228
2,1264556,847229
2,1264556,847230
2,1264556,847231
2,1264556,847232
2,1264556,847234
2,1264556,847235
2,1264556,847236
2,1264556,847238
2,1264556,847239
2,1264556,847240
2,1264556,847303
2,1264556,847305
2,1264556,847308
2,1264556,847401
2,1264556,847402
2,1264556,847403
2,1264556,847404
2,1264556,847408
2,1264556,847409
2,1264556,847410
2,1264556,847411
2,1264556,847421
2,1264556,847424
2,1264729,141001
2,1264729,141002
2,1264729,141003
2,1264729,141004
2,1264729,141006
2,1264729,141007
2,1264729,141008
2,1264729,141010
2,1264729,141012
2,1264729,141013
2,1264729,141014
2,1264729,141015
2,1264729,141016
2,1264729,141017
2,1264729,141101
2,1264729,141102
2,1264729,141103
2,1264729,141104
2,1264729,141105
2,1264729,141106
2,1264729,141107
2,1264729,141108
2,1264729,141109
2,1264729,141110
2,1264729,141112
2,1264729,141113
2,1264729,141114
2,1264729,141115
2,1264729,141116
2,1264729,141117
2,1264729,141118
2,1264729,141119
2,1264729,141120
2,1264729,141121
2,1264729,141122
2,1264729,141123
2,1264729,141125
2,1264729,141126
2,1264729,141127
2,1264729,141201
2,1264729,141202
2,1264729,141203
2,1264729,141204
2,1264729,141205
2,1264729,141206
2,1264729,141401
2,1264729,141411
2,1264729,141412
2,1264729,141413
2,1264729,141414
2,1264729,141415
2,1264729,141416
2,1264729,141417
2,1264729,141418
2,1264729,141419
2,1264729,141421
2,1264729,141422
2,1264729,142021
2,1264729,142022
2,1264729,142023
2,1264729,142024
2,1264729,142025
2,1264729,142026
2,1264729,142027
2,1264729,142028
2,1264729,142029
2,1264729,142030
2,1264729,142031
2,1264729,142032
2,1264729,142033
2,1264729,142034
2,1264729,142035
2,1264729,142036
2,1264729,148107
2,1264734,226001
2,1264734,226002
2,1264734,226003
2,1264734,226004
2,1264734,226005
2,1264734,226006
2,1264734,226007
2,1264734,226008
2,1264734,226009
2,1264734,226010
2,1264734,226011
2,1264734,226012
2,1264734,226013
2,1264734,226014
2,1264734,226015
2,1264734,226016
2,1264734,226017
2,1264734,226018
2,1264734,226019
2,1264734,226020
2,1264734,226021
2,1264734,226022
2,1264734,226023
2,1264734,226024
2,1264734,226025
2,1264734,226026
2,1264734,226027
2,1264734,226028
2,1264734,226029
2,1264734,226030
2,1264734,226031
2,1264734,226101
2,1264734,226102
2,1264734,226103
2,1264734,226104
2,1264734,226201
2,1264734,226202
2,1264734,226203
2,1264734,226301
2,1264734,226302
2,1264734,226303
2,1264734,226401
2,1264734,226501
2,1264739,791113
2,1264739,791119
2,1264739,791120
2,1264818,792001
2,1264818,792102
2,1264818,792103
2,1264818,792104
2,1264818,792105
2,1264818,792111
2,1265158,284122
2,1265158,284123
2,1265158,284124
2,1265158,284125
2,1265158,284126
2,1265158,284136
2,1265158,284402
2,1265158,284403
2,1265158,284404
2,1265158,284405
2,1265158,284406
2,1265158,284501
2,1265243,784160
2,1265243,784161
2,1265243,784163
2,1265243,784164
2,1265243,784165
2,1265243,787001
2,1265243,787023
2,1265243,787031
2,1265243,787032
2,1265243,787033
2,1265243,787034
2,1265243,787035
2,1265243,787051
2,1265243,787052
2,1265243,787053
2,1265243,787054
2,1265243,787055
2,1265243,787056
2,1265292,172113
2,1265292,172114
2,1265292,172117
2,1265292,175132
2,1265292,175133
2,1265292,175139
2,1265292,175140
2,1265292,175142
2,1265468,136030
2,1265468,136038
2,1265468,136118
2,1265468,136119
2,1265468,136128
2,1265468,136129
2,1265468,136130
2,1265468,136131
2,1265468,136132
2,1265468,136135
2,1265468,136136
2,1265468,136156
2,1265492,518001
2,1265492,518002
2,1265492,518003
2,1265492,518004
2,1265492,518005
2,1265492,518006
2,1265492,518007
2,1265492,518010
2,1265492,518101
2,1265492,518102
2,1265492,518112
2,1265492,518122
2,1265492,518123
2,1265492,518124
2,1265492,518134
2,1265492,518135
2,1265492,518145
2,1265492,518155
2,1265492,518165
2,1265492,518166
2,1265492,518176
2,1265492,518186
2,1265492,518196
2,1265492,518206
2,1265492,518216
2,1265492,518217
2,1265492,518218
2,1265492,518220
2,1265492,518221
2,1265492,518222
2,1265492,518225
2,1265492,518301
2,1265492,518302
2,1265492,518308
2,1265492,518313
2,1265492,518323
2,1265492,518333
2,1265492,518343
2,1265492,518344
2,1265492,518345
2,1265492,518346
2,1265492,518347
2,1265492,518348
2,1265492,518349
2,1265492,518350
2,1265492,518360
2,1265492,518380
2,1265492,518385
2,1265492,518390
2,1265492,518395
2,1265492,518396
2,1265492,518401
2,1265492,518405
2,1265492,518411
2,1265492,518412
2,1265492,518422
2,1265492,518432
2,1265492,518442
2,1265492,518452
2,1265492,518462
2,1265492,518463
2,1265492,518464
2,1265492,518465
2,1265492,518466
2,1265492,518467
2,1265492,518468
2,1265492,518501
2,1265492,518502
2,1265492,518508
2,1265492,518510
2,1265492,518511
2,1265492,518512
2,1265492,518513
2,1265492,518523
2,1265492,518533
2,1265492,518543
2,1265492,518553
2,1265492,518563
2,1265492,518573
2,1265492,518583
2,1265492,518593
2,1265492,518594
2,1265492,518598
2,1265492,518599
2,1265492,518674
2,1265710,172001
2,1265710,172002
2,1265710,172023
2,1265710,172025
2,1265710,172026
2,1265710,172032
2,1265710,172033
2,1265710,172201
2,1265710,175101
2,1265710,175102
2,1265710,175103
2,1265710,175104
2,1265710,175105
2,1265710,175106
2,1265710,175122
2,1265710,175123
2,1265710,175125
2,1265710,175126
2,1265710,175128
2,1265710,175129
2,1265710,175130
2,1265710,175131
2,1265710,175134
2,1265710,175136
2,1265710,175138
2,1265710,175141
2,1265710,175143
2,1265869,520001
2,1265869,520002
2,1265869,520003
2,1265869,520004
2,1265869,520007
2,1265869,520008
2,1265869,520010
2,1265869,520011
2,1265869,520012
2,1265869,520013
2,1265869,520015
2,1265869,521001
2,1265869,521002
2,1265869,521003
2,1265869,521101
2,1265869,521102
2,1265869,521104
2,1265869,521105
2,1265869,521106
2,1265869,521107
2,1265869,521108
2,1265869,521109
2,1265869,521110
2,1265869,521111
2,1265869,521120
2,1265869,521121
2,1265869,521122
2,1265869,521125
2,1265869,521126
2,1265869,521130
2,1265869,521131
2,1265869,521132
2,1265869,521133
2,1265869,521134
2,1265869,521135
2,1265869,521136
2,1265869,521138
2,1265869,521139
2,1265869,521148
2,1265869,521149
2,1265869,521150
2,1265869,521151
2,1265869,521153
2,1265869,521156
2,1265869,521157
2,1265869,521158
2,1265869,521162
2,1265869,521163
2,1265869,521164
2,1265869,521165
2,1265869,521170
2,1265869,521175
2,1265869,521178
2,1265869,521180
2,1265869,521181
2,1265869,521182
2,1265869,521183
2,1265869,521185
2,1265869,521190
2,1265869,521201
2,1265869,521202
2,1265869,521207
2,1265869,521211
2,1265869,521212
2,1265869,521213
2,1265869,521214
2,1265869,521215
2,1265869,521225
2,1265869,521226
2,1265869,521227
2,1265869,521228
2,1265869,521229
2,1265869,521230
2,1265869,521235
2,1265869,521241
2,1265869,521245
2,1265869,521246
2,1265869,521247
2,1265869,521250
2,1265869,521256
2,1265869,521260
2,1265869,521261
2,1265869,521263
2,1265869,521286
2,1265869,521301
2,1265869,521311
2,1265869,521312
2,1265869,521321
2,1265869,521322
2,1265869,521323
2,1265869,521324
2,1265869,521325
2,1265869,521326
2,1265869,521327
2,1265869,521328
2,1265869,521329
2,1265869,521330
2,1265869,521331
2,1265869,521332
2,1265869,521333
2,1265869,521340
2,1265869,521343
2,1265869,521344
2,1265869,521345
2,1265869,521356
2,1265869,521366
2,1265869,521369
2,1265869,521390
2,1265869,521401
2,1265869,521402
2,1265869,521403
2,1265869,521456
2,1265869,521457
2,1265874,673001
2,1265874,673002
2,1265874,673003
2,1265874,673004
2,1265874,673005
2,1265874,673006
2,1265874,673007
2,1265874,673008
2,1265874,673009
2,1265874,673010
2,1265874,673011
2,1265874,673012
2,1265874,673014
2,1265874,673015
2,1265874,673016
2,1265874,673017
2,1265874,673018
2,1265874,673019
2,1265874,673020
2,1265874,673021
2,1265874,673027
2,1265874,673028
2,1265874,673029
2,1265874,673032
2,1265874,673051
2,1265874,673101
2,1265874,673102
2,1265874,673103
2,1265874,673104
2,1265874,673105
2,1265874,673106
2,1265874,673301
2,1265874,673302
2,1265874,673303
2,1265874,673304
2,1265874,673305
2,1265874,673306
2,1265874,673307
2,1265874,673308
2,1265874,673309
2,1265874,673310
2,1265874,673315
2,1265874,673317
2,1265874,673323
2,1265874,673328
2,1265874,673501
2,1265874,673502
2,1265874,673503
2,1265874,673504
2,1265874,673505
2,1265874,673506
2,1265874,673507
2,1265874,673508
2,1265874,673509
2,1265874,673513
2,1265874,673517
2,1265874,673521
2,1265874,673522
2,1265874,673523
2,1265874,673524
2,1265874,673525
2,1265874,673526
2,1265874,673527
2,1265874,673528
2,1265874,673529
2,1265874,673541
2,1265874,673542
2,1265874,673570
2,1265874,673571
2,1265874,673572
2,1265874,673573
2,1265874,673574
2,1265874,673580
2,1265874,673582
2,1265874,673585
2,1265874,673586
2,1265874,673601
2,1265874,673602
2,1265874,673603
2,1265874,673604
2,1265874,673611
2,1265874,673612
2,1265874,673613
2,1265874,673614
2,1265874,673616
2,1265874,673620
2,1265874,673631
2,1265874,673632
2,1265874,673633
2,1265874,673655
2,1265874,673661
2,1265912,686001
2,1265912,686002
2,1265912,686003
2,1265912,686004
2,1265912,686005
2,1265912,686006
2,1265912,686007
2,1265912,686008
2,1265912,686009
2,1265912,686010
2,1265912,686011
2,1265912,686012
2,1265912,686013
2,1265912,686014
2,1265912,686015
2,1265912,686016
2,1265912,686017
2,1265912,686018
2,1265912,686019
2,1265912,686020
2,1265912,686021
2,1265912,686022
2,1265912,686041
2,1265912,686101
2,1265912,686102
2,1265912,686103
2,1265912,686104
2,1265912,686105
2,1265912,686106
2,1265912,686121
2,1265912,686122
2,1265912,686123
2,1265912,686141
2,1265912,686143
2,1265912,686144
2,1265912,686146
2,1265912,686501
2,1265912,686502
2,1265912,686503
2,1265912,686504
2,1265912,686505
2,1265912,686506
2,1265912,686507
2,1265912,686508
2,1265912,686509
2,1265912,686510
2,1265912,686512
2,1265912,686513
2,1265912,686514
2,1265912,686515
2,1265912,686516
2,1265912,686517
2,1265912,686518
2,1265912,686519
2,1265912,686520
2,1265912,686521
2,1265912,686522
2,1265912,686531
2,1265912,686532
2,1265912,686533
2,1265912,686535
2,1265912,686536
2,1265912,686537
2,1265912,686538
2,1265912,686539
2,1265912,686540
2,1265912,686541
2,1265912,686542
2,1265912,686543
2,1265912,686544
2,1265912,686545
2,1265912,686546
2,1265912,686548
2,1265912,686555
2,1265912,686560
2,1265912,686561
2,1265912,686562
2,1265912,686563
2,1265912,686564
2,1265912,686571
2,1265912,686572
2,1265912,686573
2,1265912,686574
2,1265912,686575
2,1265912,686576
2,1265912,686577
2,1265912,686578
2,1265912,686579
2,1265912,686580
2,1265912,686581
2,1265912,686582
2,1265912,686583
2,1265912,686584
2,1265912,686585
2,1265912,686586
2,1265912,686587
2,1265912,686601
2,1265912,686602
2,1265912,686603
2,1265912,686604
2,1265912,686605
2,1265912,686606
2,1265912,686607
2,1265912,686608
2,1265912,686609
2,1265912,686610
2,1265912,686611
2,1265912,686612
2,1265912,686613
2,1265912,686616
2,1265912,686630
2,1265912,686631
2,1265912,686632
2,1265912,686633
2,1265912,686634
2,1265912,686635
2,1265912,686636
2,1265912,686637
2,1265912,686651
2,1265912,686652
2,1265912,686653
2,1266054,324001
2,1266054,324002
2,1266054,324003
2,1266054,324004
2,1266054,324005
2,1266054,324006
2,1266054,324007
2,1266054,324008
2,1266054,324009
2,1266054,324010
2,1266054,325001
2,1266054,325003
2,1266054,325004
2,1266054,325009
2,1266054,325201
2,1266054,325202
2,1266054,325203
2,1266054,325204
2,1266054,325207
2,1266054,325208
2,1266054,325214
2,1266054,325601
2,1266054,325602
2,1266054,326517
2,1266054,326518
2,1266054,326519
2,1266054,326520
2,1266054,326529
2,1266054,326530
2,1266129,763001
2,1266129,763002
2,1266129,763003
2,1266129,763004
2,1266129,763008
2,1266129,764001
2,1266129,764002
2,1266129,764003
2,1266129,764004
2,1266129,764005
2,1266129,764006
2,1266129,764011
2,1266129,764014
2,1266129,764020
2,1266129,764021
2,1266129,764027
2,1266129,764028
2,1266129,764036
2,1266129,764037
2,1266129,764038
2,1266129,764039
2,1266129,764040
2,1266129,764041
2,1266129,764042
2,1266129,764043
2,1266129,764044
2,1266129,764046
2,1266129,764055
2,1266129,764056
2,1266129,764057
2,1266129,764058
2,1266129,764081
2,1266129,765013
2,1266287,415101
2,1266287,416001
2,1266287,416002
2,1266287,416003
2,1266287,416004
2,1266287,416005
2,1266287,416006
2,1266287,416007
2,1266287,416008
2,1266287,416010
2,1266287,416011
2,1266287,416012
2,1266287,416013
2,1266287,416101
2,1266287,416102
2,1266287,416103
2,1266287,416104
2,1266287,416105
2,1266287,416106
2,1266287,416107
2,1266287,416108
2,1266287,416109
2,1266287,416110
2,1266287,416111
2,1266287,416112
2,1266287,416113
2,1266287,416114
2,1266287,416115
2,1266287,416116
2,1266287,416118
2,1266287,416119
2,1266287,416120
2,1266287,416121
2,1266287,416122
2,1266287,416138
2,1266287,416143
2,1266287,416144
2,1266287,416146
2,1266287,416201
2,1266287,416202
2,1266287,416203
2,1266287,416204
2,1266287,416205
2,1266287,416206
2,1266287,416207
2,1266287,416208
2,1266287,416209
2,1266287,416210
2,1266287,416211
2,1266287,416212
2,1266287,416213
2,1266287,416214
2,1266287,416215
2,1266287,416216
2,1266287,416218
2,1266287,416219
2,1266287,416220
2,1266287,416221
2,1266287,416223
2,1266287,416229
2,1266287,416230
2,1266287,416231
2,1266287,416232
2,1266287,416234
2,1266287,416235
2,1266287,416236
2,1266287,416501
2,1266287,416502
2,1266287,416503
2,1266287,416504
2,1266287,416505
2,1266287,416506
2,1266287,416507
2,1266287,416508
2,1266287,416509
2,1266287,416526
2,1266287,416527
2,1266287,416551
2,1266287,416552
2,1266306,561206
2,1266306,561207
2,1266306,561208
2,1266306,561209
2,1266306,561210
2,1266306,561211
2,1266306,561212
2,1266306,561213
2,1266306,561228
2,1266306,562101
2,1266306,562102
2,1266306,562103
2,1266306,562104
2,1266306,562105
2,1266306,563101
2,1266306,563102
2,1266306,563103
2,1266306,563113
2,1266306,563114
2,1266306,563115
2,1266306,563116
2,1266306,563117
2,1266306,563118
2,1266306,563119
2,1266306,563120
2,1266306,563121
2,1266306,563122
2,1266306,563123
2,1266306,563124
2,1266306,563125
2,1266306,563126
2,1266306,563127
2,1266306,563128
2,1266306,563129
2,1266306,563130
2,1266306,563131
2,1266306,563132
2,1266306,563133
2,1266306,563134
2,1266306,563135
2,1266306,563136
2,1266306,563137
2,1266306,563138
2,1266306,563139
2,1266306,563146
2,1266306,563147
2,1266306,563157
2,1266306,563159
2,1266306,563161
2,1266306,563162
2,1266367,797001
2,1266367,797002
2,1266367,797003
2,1266367,797004
2,1266367,797006
2,1266367,797101
2,1266367,797105
2,1266367,797109
2,1266367,797120
2,1266426,571201
2,1266426,571211
2,1266426,571212
2,1266426,571213
2,1266426,571214
2,1266426,571215
2,1266426,571216
2,1266426,571217
2,1266426,571218
2,1266426,571219
2,1266426,571231
2,1266426,571232
2,1266426,571234
2,1266426,571235
2,1266426,571236
2,1266426,571237
2,1266426,571247
2,1266426,571248
2,1266426,571249
2,1266426,571250
2,1266426,571251
2,1266426,571252
2,1266426,571253
2,1266426,571254
2,1266426,574234
2,1266426,574314
2,1266437,735122
2,1266437,735211
2,1266437,735224
2,1266437,735301
2,1266437,735303
2,1266437,735304
2,1266437,736101
2,1266437,736131
2,1266437,736133
2,1266437,736134
2,1266437,736135
2,1266437,736145
2,1266437,736146
2,1266437,736156
2,1266437,736157
2,1266437,736158
2,1266437,736159
2,1266437,736160
2,1266437,736165
2,1266437,736167
2,1266437,736168
2,1266437,736169
2,1266437,736170
2,1266437,736171
2,1266437,736172
2,1266437,736176
2,1266437,736179
2,1266519,172030
2,1266519,172101
2,1266519,172103
2,1266519,172104
2,1266519,172105
2,1266519,172106
2,1266519,172107
2,1266519,172108
2,1266519,172109
2,1266519,172110
2,1266519,172111
2,1266519,172112
2,1266519,172115
2,1266519,172116
2,1266519,172118
2,1266768,261501
2,1266768,261502
2,1266768,261505
2,1266768,261506
2,1266768,262701
2,1266768,262702
2,1266768,262721
2,1266768,262722
2,1266768,262723
2,1266768,262724
2,1266768,262725
2,1266768,262726
2,1266768,262727
2,1266768,262728
2,1266768,262801
2,1266768,262802
2,1266768,262803
2,1266768,262804
2,1266768,262805
2,1266768,262901
2,1266768,262902
2,1266768,262903
2,1266768,262904
2,1266768,262905
2,1266768,262906
2,1266768,262907
2,1266768,262908
2,1266768,271855
2,1266810,387001
2,1266810,387002
2,1266810,387003
2,1266810,387110
2,1266810,387115
2,1266810,387120
2,1266810,387130
2,1266810,387210
2,1266810,387230
2,1266810,387305
2,1266810,387315
2,1266810,387320
2,1266810,387330
2,1266810,387335
2,1266810,387340
2,1266810,387345
2,1266810,387350
2,1266810,387355
2,1266810,387360
2,1266810,387365
2,1266810,387370
2,1266810,387375
2,1266810,387380
2,1266810,387411
2,1266810,387430
2,1266810,387510
2,1266810,387520
2,1266810,387530
2,1266810,387540
2,1266810,387550
2,1266810,387560
2,1266810,387570
2,1266810,387610
2,1266810,387620
2,1266810,387630
2,1266810,387635
2,1266810,387640
2,1266810,387650
2,1266810,387710
2,1266810,388140
2,1266810,388180
2,1266810,388215
2,1266810,388220
2,1266810,388225
2,1266810,388230
2,1266810,388235
2,1266810,388239
2,1266810,388245
2,1266810,388250
2,1266810,388255
2,1266810,388260
2,1266810,388265
2,1266810,388410
2,1266810,388421
2,1266810,388440
2,1266857,793001
2,1266857,793002
2,1266857,793004
2,1266857,793005
2,1266857,793006
2,1266857,793007
2,1266857,793008
2,1266857,793009
2,1266857,793010
2,1266857,793011
2,1266857,793012
2,1266857,793015
2,1266857,793016
2,1266857,793017
2,1266857,793018
2,1266857,793019
2,1266857,793021
2,1266857,793022
2,1266857,793104
2,1266857,793106
2,1266857,793107
2,1266857,793108
2,1266857,793109
2,1266857,793110
2,1266857,793111
2,1266857,793112
2,1266857,793113
2,1266857,793121
2,1266857,793126
2,1267077,507001
2,1267077,507002
2,1267077,507003
2,1267077,507101
2,1267077,507103
2,1267077,507111
2,1267077,507114
2,1267077,507115
2,1267077,507116
2,1267077,507117
2,1267077,507118
2,1267077,507119
2,1267077,507120
2,1267077,507122
2,1267077,507123
2,1267077,507124
2,1267077,507125
2,1267077,507128
2,1267077,507133
2,1267077,507136
2,1267077,507137
2,1267077,507138
2,1267077,507140
2,1267077,507154
2,1267077,507157
2,1267077,507158
2,1267077,507159
2,1267077,507160
2,1267077,507161
2,1267077,507163
2,1267077,507164
2,1267077,507165
2,1267077,507166
2,1267077,507167
2,1267077,507168
2,1267077,507169
2,1267077,507170
2,1267077,507182
2,1267077,507183
2,1267077,507201
2,1267077,507202
2,1267077,507203
2,1267077,507204
2,1267077,507208
2,1267077,507209
2,1267077,507210
2,1267077,507211
2,1267077,507301
2,1267077,507302
2,1267077,507303
2,1267077,507304
2,1267077,507305
2,1267077,507306
2,1267077,507316
2,1267077,507318
2,1267077,533352
2,1267268,755019
2,1267268,756121
2,1267268,758001
2,1267268,758002
2,1267268,758013
2,1267268,758014
2,1267268,758015
2,1267268,758016
2,1267268,758017
2,1267268,758018
2,1267268,758019
2,1267268,758020
2,1267268,758021
2,1267268,758022
2,1267268,758023
2,1267268,758025
2,1267268,758026
2,1267268,758027
2,1267268,758028
2,1267268,758029
2,1267268,758030
2,1267268,758031
2,1267268,758032
2,1267268,758034
2,1267268,758035
2,1267268,758036
2,1267268,758037
2,1267268,758038
2,1267268,758040
2,1267268,758041
2,1267268,758043
2,1267268,758044
2,1267268,758045
2,1267268,758046
2,1267268,758047
2,1267268,758076
2,1267268,758078
2,1267268,758079
2,1267268,758080
2,1267268,758081
2,1267268,758082
2,1267268,758083
2,1267268,758084
2,1267268,758085
2,1267268,758086
2,1267268,758087
2,1267487,184101
2,1267487,184102
2,1267487,184104
2,1267487,184121
2,1267487,184141
2,1267487,184142
2,1267487,184143
2,1267487,184144
2,1267487,184145
2,1267487,184148
2,1267487,184151
2,1267487,184152
2,1267487,184201
2,1267487,184202
2,1267487,184203
2,1267487,184204
2,1267487,184205
2,1267487,184206
2,1267487,184210
2,1267709,132001
2,1267709,132022
2,1267709,132023
2,1267709,132024
2,1267709,132036
2,1267709,132037
2,1267709,132039
2,1267709,132040
2,1267709,132041
2,1267709,132046
2,1267709,132054
2,1267709,132114
2,1267709,132116
2,1267709,132117
2,1267709,132157
2,1267756,505001
2,1267756,505002
2,1267756,505101
2,1267756,505102
2,1267756,505122
2,1267756,505129
2,1267756,505152
2,1267756,505153
2,1267756,505162
2,1267756,505172
2,1267756,505174
2,1267756,505184
2,1267756,505185
2,1267756,505186
2,1267756,505187
2,1267756,505188
2,1267756,505208
2,1267756,505209
2,1267756,505210
2,1267756,505211
2,1267756,505212
2,1267756,505214
2,1267756,505215
2,1267756,505301
2,1267756,505302
2,1267756,505303
2,1267756,505304
2,1267756,505305
2,1267756,505306
2,1267756,505307
2,1267756,505325
2,1267756,505326
2,1267756,505327
2,1267756,505330
2,1267756,505331
2,1267756,505401
2,1267756,505402
2,1267756,505403
2,1267756,505404
2,1267756,505405
2,1267756,505415
2,1267756,505416
2,1267756,505425
2,1267756,505445
2,1267756,505450
2,1267756,505451
2,1267756,505452
2,1267756,505453
2,1267756,505454
2,1267756,505455
2,1267756,505460
2,1267756,505462
2,1267756,505466
2,1267756,505467
2,1267756,505468
2,1267756,505469
2,1267756,505470
2,1267756,505471
2,1267756,505472
2,1267756,505473
2,1267756,505474
2,1267756,505475
2,1267756,505476
2,1267756,505480
2,1267756,505481
2,1267756,505490
2,1267756,505497
2,1267756,505498
2,1267756,505501
2,1267756,505502
2,1267756,505503
2,1267756,505504
2,1267756,505505
2,1267756,505514
2,1267756,505524
2,1267756,505525
2,1267756,505526
2,1267756,505527
2,1267756,505528
2,1267756,505529
2,1267756,505530
2,1267756,505531
2,1267756,505532
2,1267812,782139
2,1267812,782144
2,1267812,782413
2,1267812,782425
2,1267812,782435
2,1267812,782441
2,1267812,782442
2,1267812,782446
2,1267812,782447
2,1267812,782448
2,1267812,782450
2,1267812,782460
2,1267812,782461
2,1267812,782462
2,1267812,782470
2,1267812,782480
2,1267812,782481
2,1267812,782482
2,1267812,782485
2,1267812,782486
2,1267812,782490
2,1267888,609601
2,1267888,609602
2,1267888,609603
2,1267888,609604
2,1267888,609605
2,1267888,609606
2,1267888,609607
2,1267888,609609
2,1267912,144401
2,1267912,144402
2,1267912,144403
2,1267912,144405
2,1267912,144407
2,1267912,144408
2,1267912,144411
2,1267912,144601
2,1267912,144602
2,1267912,144603
2,1267912,144606
2,1267912,144620
2,1267912,144621
2,1267912,144622
2,1267912,144623
2,1267912,144624
2,1267912,144625
2,1267912,144626
2,1267912,144628
2,1267912,144629
2,1267912,144631
2,1267912,144632
2,1267912,144702
2,1267912,144802
2,1267912,144803
2,1267912,144804
2,1267912,144819
2,1267997,208001
2,1267997,208002
2,1267997,208003
2,1267997,208004
2,1267997,208005
2,1267997,208006
2,1267997,208007
2,1267997,208008
2,1267997,208009
2,1267997,208010
2,1267997,208011
2,1267997,208012
2,1267997,208013
2,1267997,208014
2,1267997,208015
2,1267997,208016
2,1267997,208017
2,1267997,208019
2,1267997,208020
2,1267997,208021
2,1267997,208022
2,1267997,208023
2,1267997,208024
2,1267997,208025
2,1267997,208026
2,1267997,208027
2,1267997,209203
2,1267997,209214
2,1267997,209217
2,1267997,209304
2,1267997,209305
2,1267997,209308
2,1267997,209401
2,1267997,209402
2,1268009,629001
2,1268009,629002
2,1268009,629003
2,1268009,629004
2,1268009,629101
2,1268009,629102
2,1268009,629151
2,1268009,629152
2,1268009,629153
2,1268009,629154
2,1268009,629155
2,1268009,629156
2,1268009,629157
2,1268009,629158
2,1268009,629159
2,1268009,629160
2,1268009,629161
2,1268009,629162
2,1268009,629163
2,1268009,629164
2,1268009,629165
2,1268009,629166
2,1268009,629167
2,1268009,629168
2,1268009,629169
2,1268009,629170
2,1268009,629171
2,1268009,629172
2,1268009,629173
2,1268009,629174
2,1268009,629175
2,1268009,629176
2,1268009,629177
2,1268009,629178
2,1268009,629179
2,1268009,629180
2,1268009,629193
2,1268009,629201
2,1268009,629202
2,1268009,629203
2,1268009,629204
2,1268009,629251
2,1268009,629252
2,1268009,629301
2,1268009,629302
2,1268009,629401
2,1268009,629402
2,1268009,629403
2,1268009,629501
2,1268009,629502
2,1268009,629601
2,1268009,629602
2,1268009,629701
2,1268009,629702
2,1268009,629703
2,1268009,629704
2,1268009,629801
2,1268009,629802
2,1268009,629803
2,1268009,629804
2,1268009,629809
2,1268009,629851
2,1268009,629852
2,1268009,629901
2,1268085,175013
2,1268085,176001
2,1268085,176002
2,1268085,176021
2,1268085,176022
2,1268085,176023
2,1268085,176025
2,1268085,176026
2,1268085,176027
2,1268085,176028
2,1268085,176029
2,1268085,176030
2,1268085,176031
2,1268085,176032
2,1268085,176033
2,1268085,176036
2,1268085,176037
2,1268085,176038
2,1268085,176047
2,1268085,176051
2,1268085,176052
2,1268085,176053
2,1268085,176054
2,1268085,176055
2,1268085,176056
2,1268085,176057
2,1268085,176058
2,1268085,176059
2,1268085,176060
2,1268085,176061
2,1268085,176062
2,1268085,176063
2,1268085,176064
2,1268085,176065
2,1268085,176066
2,1268085,176071
2,1268085,176073
2,1268085,176075
2,1268085,176076
2,1268085,176077
2,1268085,176081
2,1268085,176082
2,1268085,176083
2,1268085,176084
2,1268085,176085
2,1268085,176086
2,1268085,176087
2,1268085,176088
2,1268085,176089
2,1268085,176091
2,1268085,176092
2,1268085,176093
2,1268085,176094
2,1268085,176095
2,1268085,176096
2,1268085,176097
2,1268085,176098
2,1268085,176101
2,1268085,176102
2,1268085,176103
2,1268085,176107
2,1268085,176115
2,1268085,176125
2,1268085,176128
2,1268085,176200
2,1268085,176201
2,1268085,176202
2,1268085,176203
2,1268085,176204
2,1268085,176205
2,1268085,176206
2,1268085,176208
2,1268085,176209
2,1268085,176210
2,1268085,176211
2,1268085,176213
2,1268085,176214
2,1268085,176215
2,1268085,176216
2,1268085,176217
2,1268085,176218
2,1268085,176219
2,1268085,176225
2,1268085,176401
2,1268085,176402
2,1268085,176403
2,1268085,176501
2,1268085,176502
2,1268085,177033
2,1268085,177034
2,1268085,177043
2,1268085,177101
2,1268085,177103
2,1268085,177104
2,1268085,177105
2,1268085,177106
2,1268085,177107
2,1268085,177108
2,1268085,177110
2,1268085,177111
2,1268085,177112
2,1268085,177113
2,1268085,177114
2,1268085,177117
2,1268209,781001
2,1268209,781002
2,1268209,781003
2,1268209,781004
2,1268209,781005
2,1268209,781006
2,1268209,781007
2,1268209,781008
2,1268209,781009
2,1268209,781010
2,1268209,781011
2,1268209,781012
2,1268209,781013
2,1268209,781014
2,1268209,781015
2,1268209,781016
2,1268209,781017
2,1268209,781018
2,1268209,781019
2,1268209,781020
2,1268209,781021
2,1268209,781022
2,1268209,781023
2,1268209,781024
2,1268209,781025
2,1268209,781026
2,1268209,781027
2,1268209,781028
2,1268209,781029
2,1268209,781030
2,1268209,781031
2,1268209,781032
2,1268209,781034
2,1268209,781035
2,1268209,781036
2,1268209,781037
2,1268209,781038
2,1268209,781039
2,1268209,781040
2,1268209,781101
2,1268209,781102
2,1268209,781103
2,1268209,781104
2,1268209,781120
2,1268209,781121
2,1268209,781122
2,1268209,781123
2,1268209,781124
2,1268209,781125
2,1268209,781127
2,1268209,781128
2,1268209,781129
2,1268209,781131
2,1268209,781132
2,1268209,781133
2,1268209,781134
2,1268209,781135
2,1268209,781136
2,1268209,781137
2,1268209,781141
2,1268209,781150
2,1268209,781171
2,1268209,781350
2,1268209,781354
2,1268209,781364
2,1268209,781365
2,1268209,781366
2,1268209,781376
2,1268209,781380
2,1268209,781381
2,1268209,781382
2,1268209,782401
2,1268209,782402
2,1268209,782403
2,1268508,766001
2,1268508,766002
2,1268508,766011
2,1268508,766012
2,1268508,766013
2,1268508,766014
2,1268508,766015
2,1268508,766016
2,1268508,766017
2,1268508,766018
2,1268508,766019
2,1268508,766020
2,1268508,766023
2,1268508,766026
2,1268508,766027
2,1268508,766028
2,1268508,766029
2,1268508,766031
2,1268508,766032
2,1268508,766036
2,1268508,766037
2,1268508,766100
2,1268508,766101
2,1268508,766102
2,1268508,766103
2,1268508,766107
2,1268508,766110
2,1268508,766118
2,1268731,370001
2,1268731,370015
2,1268731,370020
2,1268731,370030
2,1268731,370040
2,1268731,370105
2,1268731,370110
2,1268731,370115
2,1268731,370130
2,1268731,370135
2,1268731,370140
2,1268731,370145
2,1268731,370150
2,1268731,370155
2,1268731,370160
2,1268731,370165
2,1268731,370201
2,1268731,370203
2,1268731,370205
2,1268731,370210
2,1268731,370230
2,1268731,370240
2,1268731,370405
2,1268731,370410
2,1268731,370415
2,1268731,370421
2,1268731,370425
2,1268731,370427
2,1268731,370430
2,1268731,370435
2,1268731,370445
2,1268731,370450
2,1268731,370455
2,1268731,370460
2,1268731,370465
2,1268731,370475
2,1268731,370485
2,1268731,370490
2,1268731,370510
2,1268731,370511
2,1268731,370601
2,1268731,370602
2,1268731,370605
2,1268731,370610
2,1268731,370615
2,1268731,370620
2,1268731,370625
2,1268731,370627
2,1268731,370630
2,1268731,370640
2,1268731,370645
2,1268731,370650
2,1268731,370655
2,1268731,370660
2,1268731,370665
2,1268731,370670
2,1268731,370675
2,1268774,360490
2,1268774,362001
2,1268774,362002
2,1268774,362004
2,1268774,362011
2,1268774,362015
2,1268774,362020
2,1268774,362030
2,1268774,362037
2,1268774,362110
2,1268774,362120
2,1268774,362130
2,1268774,362135
2,1268774,362140
2,1268774,362150
2,1268774,362205
2,1268774,362215
2,1268774,362220
2,1268774,362222
2,1268774,362225
2,1268774,362226
2,1268774,362227
2,1268774,362229
2,1268774,362230
2,1268774,362235
2,1268774,362240
2,1268774,362245
2,1268774,362250
2,1268774,362255
2,1268774,362260
2,1268774,362263
2,1268774,362265
2,1268774,362266
2,1268774,362268
2,1268774,362275
2,1268774,362276
2,1268774,362310
2,1268774,362315
2,1268774,362510
2,1268774,362530
2,1268774,362550
2,1268774,362560
2,1268774,362565
2,1268774,362610
2,1268774,362620
2,1268774,362625
2,1268774,362630
2,1268774,362640
2,1268774,362650
2,1268774,362710
2,1268774,362715
2,1268774,362720
2,1268774,362725
2,1268774,365440
2,1268783,144001
2,1268783,144002
2,1268783,144003
2,1268783,144004
2,1268783,144005
2,1268783,144006
2,1268783,144007
2,1268783,144008
2,1268783,144009
2,1268783,144010
2,1268783,144011
2,1268783,144012
2,1268783,144020
2,1268783,144021
2,1268783,144022
2,1268783,144023
2,1268783,144024
2,1268783,144025
2,1268783,144026
2,1268783,144027
2,1268783,144028
2,1268783,144029
2,1268783,144030
2,1268783,144031
2,1268783,144032
2,1268783,144033
2,1268783,144034
2,1268783,144035
2,1268783,144036
2,1268783,144037
2,1268783,144039
2,1268783,144040
2,1268783,144041
2,1268783,144042
2,1268783,144043
2,1268783,144044
2,1268783,144101
2,1268783,144102
2,1268783,144103
2,1268783,144104
2,1268783,144106
2,1268783,144201
2,1268783,144301
2,1268783,144302
2,1268783,144303
2,1268783,144311
2,1268783,144402
2,1268783,144403
2,1268783,144405
2,1268783,144407
2,1268783,144409
2,1268783,144410
2,1268783,144416
2,1268783,144417
2,1268783,144418
2,1268783,144419
2,1268783,144502
2,1268783,144511
2,1268783,144623
2,1268783,144629
2,1268783,144630
2,1268783,144633
2,1268783,144701
2,1268783,144702
2,1268783,144703
2,1268783,144801
2,1268783,144805
2,1268783,144806
2,1268867,333029
2,1268867,342001
2,1268867,342003
2,1268867,342005
2,1268867,342006
2,1268867,342007
2,1268867,342008
2,1268867,342011
2,1268867,342012
2,1268867,342013
2,1268867,342014
2,1268867,342015
2,1268867,342021
2,1268867,342022
2,1268867,342023
2,1268867,342024
2,1268867,342025
2,1268867,342026
2,1268867,342027
2,1268867,342028
2,1268867,342029
2,1268867,342037
2,1268867,342301
2,1268867,342302
2,1268867,342303
2,1268867,342304
2,1268867,342305
2,1268867,342306
2,1268867,342307
2,1268867,342308
2,1268867,342309
2,1268867,342311
2,1268867,342312
2,1268867,342314
2,1268867,342601
2,1268867,342602
2,1268867,342603
2,1268867,342604
2,1268867,342605
2,1268867,342606
2,1268867,342801
2,1268867,342802
2,1268867,342901
2,1268867,345001
2,1268867,345033
2,1268908,126101
2,1268908,126102
2,1268908,126110
2,1268908,126111
2,1268908,126112
2,1268908,126113
2,1268908,126114
2,1268908,126115
2,1268908,126116
2,1268908,126125
2,1268908,126152
2,1268937,331025
2,1268937,331026
2,1268937,331027
2,1268937,331028
2,1268937,331030
2,1268937,332716
2,1268937,332746
2,1268937,333001
2,1268937,333011
2,1268937,333012
2,1268937,333021
2,1268937,333022
2,1268937,333023
2,1268937,333024
2,1268937,333025
2,1268937,333026
2,1268937,333027
2,1268937,333028
2,1268937,333029
2,1268937,333030
2,1268937,333031
2,1268937,333032
2,1268937,333033
2,1268937,333034
2,1268937,333035
2,1268937,333036
2,1268937,333041
2,1268937,333042
2,1268937,333053
2,1268937,333302
2,1268937,333303
2,1268937,333304
2,1268937,333305
2,1268937,333307
2,1268937,333308
2,1268937,333501
2,1268937,333502
2,1268937,333503
2,1268937,333504
2,1268937,333514
2,1268937,333515
2,1268937,333516
2,1268937,333701
2,1268937,333702
2,1268937,333704
2,1268937,333705
2,1268937,333707
2,1268937,333801
2,1269007,284001
2,1269007,284002
2,1269007,284003
2,1269007,284120
2,1269007,284121
2,1269007,284123
2,1269007,284127
2,1269007,284128
2,1269007,284135
2,1269007,284201
2,1269007,284202
2,1269007,284203
2,1269007,284204
2,1269007,284205
2,1269007,284206
2,1269007,284301
2,1269007,284302
2,1269007,284303
2,1269007,284304
2,1269007,284305
2,1269007,284306
2,1269007,284401
2,1269007,284405
2,1269007,284419
2,1269007,285125
2,1269007,285205
2,1269028,326001
2,1269028,326021
2,1269028,326022
2,1269028,326023
2,1269028,326024
2,1269028,326033
2,1269028,326034
2,1269028,326035
2,1269028,326036
2,1269028,326037
2,1269028,326038
2,1269028,326039
2,1269028,326501
2,1269028,326502
2,1269028,326512
2,1269028,326513
2,1269028,326514
2,1269028,326515
2,1269028,326516
2,1269028,326517
2,1269054,457661
2,1269054,457770
2,1269054,457772
2,1269054,457773
2,1269054,457775
2,1269054,457777
2,1269054,457779
2,1269054,457882
2,1269054,457887
2,1269054,457990
2,1269054,457993
2,1269136,222001
2,1269136,222002
2,1269136,222003
2,1269136,222105
2,1269136,222109
2,1269136,222125
2,1269136,222127
2,1269136,222128
2,1269136,222129
2,1269136,222131
2,1269136,222132
2,1269136,222133
2,1269136,222135
2,1269136,222136
2,1269136,222137
2,1269136,222138
2,1269136,222139
2,1269136,222141
2,1269136,222142
2,1269136,222143
2,1269136,222144
2,1269136,222145
2,1269136,222146
2,1269136,222148
2,1269136,222149
2,1269136,222161
2,1269136,222162
2,1269136,222165
2,1269136,222170
2,1269136,222175
2,1269136,222180
2,1269136,222181
2,1269136,222201
2,1269136,222202
2,1269136,222203
2,1269136,222204
2,1269136,223101
2,1269136,223102
2,1269136,223103
2,1269136,223104
2,1269136,223105
2,1269318,360110
2,1269318,360480
2,1269318,360490
2,1269318,360510
2,1269318,360515
2,1269318,360520
2,1269318,360530
2,1269318,360531
2,1269318,360540
2,1269318,360590
2,1269318,361001
2,1269318,361002
2,1269318,361003
2,1269318,361004
2,1269318,361005
2,1269318,361006
2,1269318,361007
2,1269318,361008
2,1269318,361009
2,1269318,361010
2,1269318,361011
2,1269318,361012
2,1269318,361013
2,1269318,361110
2,1269318,361120
2,1269318,361130
2,1269318,361140
2,1269318,361141
2,1269318,361142
2,1269318,361150
2,1269318,361160
2,1269318,361162
2,1269318,361170
2,1269318,361210
2,1269318,361220
2,1269318,361230
2,1269318,361240
2,1269318,361250
2,1269318,361280
2,1269318,361305
2,1269318,361306
2,1269318,361310
2,1269318,361315
2,1269318,361320
2,1269318,361325
2,1269318,361330
2,1269318,361335
2,1269318,361345
2,1269318,361347
2,1269318,361350
2,1269318,363655
2,1269322,180001
2,1269322,180002
2,1269322,180003
2,1269322,180004
2,1269322,180005
2,1269322,180006
2,1269322,180007
2,1269322,180009
2,1269322,180010
2,1269322,180011
2,1269322,180012
2,1269322,180013
2,1269322,180015
2,1269322,180016
2,1269322,180017
2,1269322,180018
2,1269322,180019
2,1269322,180020
2,1269322,181101
2,1269322,181102
2,1269322,181111
2,1269322,181121
2,1269322,181122
2,1269322,181123
2,1269322,181124
2,1269322,181131
2,1269322,181132
2,1269322,181133
2,1269322,181141
2,1269322,181143
2,1269322,181145
2,1269322,181152
2,1269322,181201
2,1269322,181202
2,1269322,181203
2,1269322,181204
2,1269322,181205
2,1269322,181206
2,1269322,181207
2,1269322,181221
2,1269322,181224
2,1269322,184120
2,1269322,184121
2,1269322,184210
2,1269322,185154
2,1269389,734001
2,1269389,734004
2,1269389,734006
2,1269389,734007
2,1269389,734015
2,1269389,734501
2,1269389,735101
2,1269389,735102
2,1269389,735121
2,1269389,735122
2,1269389,735132
2,1269389,735133
2,1269389,735134
2,1269389,735135
2,1269389,735202
2,1269389,735203
2,1269389,735205
2,1269389,735206
2,1269389,735207
2,1269389,735209
2,1269389,735210
2,1269389,735211
2,1269389,735212
2,1269389,735216
2,1269389,735218
2,1269389,735219
2,1269389,735221
2,1269389,735222
2,1269389,735223
2,1269389,735224
2,1269389,735225
2,1269389,735228
2,1269389,735229
2,1269389,735230
2,1269389,735232
2,1269389,735233
2,1269389,735234
2,1269389,735302
2,1269389,735303
2,1269389,735305
2,1269389,736206
2,1269393,307029
2,1269393,307030
2,1269393,307515
2,1269393,307803
2,1269393,343001
2,1269393,343002
2,1269393,343021
2,1269393,343022
2,1269393,343023
2,1269393,343024
2,1269393,343025
2,1269393,343027
2,1269393,343028
2,1269393,343029
2,1269393,343030
2,1269393,343032
2,1269393,343039
2,1269393,343040
2,1269393,343041
2,1269393,343042
2,1269393,343048
2,1269393,343049
2,1269411,424101
2,1269411,424102
2,1269411,424103
2,1269411,424104
2,1269411,424105
2,1269411,424106
2,1269411,424107
2,1269411,424108
2,1269411,424119
2,1269411,424201
2,1269411,424202
2,1269411,424203
2,1269411,424204
2,1269411,424205
2,1269411,424206
2,1269411,424207
2,1269411,424208
2,1269411,425001
2,1269411,425002
2,1269411,425003
2,1269411,425004
2,1269411,425101
2,1269411,425102
2,1269411,425103
2,1269411,425104
2,1269411,425105
2,1269411,425107
2,1269411,425108
2,1269411,425109
2,1269411,425110
2,1269411,425111
2,1269411,425112
2,1269411,425113
2,1269411,425114
2,1269411,425115
2,1269411,425116
2,1269411,425201
2,1269411,425203
2,1269411,425301
2,1269411,425302
2,1269411,425303
2,1269411,425304
2,1269411,425305
2,1269411,425306
2,1269411,425307
2,1269411,425308
2,1269411,425309
2,1269411,425310
2,1269411,425311
2,1269411,425327
2,1269411,425401
2,1269411,425402
2,1269411,425420
2,1269411,425501
2,1269411,425502
2,1269411,425503
2,1269411,425504
2,1269411,425505
2,1269411,425506
2,1269411,425507
2,1269411,425508
2,1269411,425524
2,1269423,284204
2,1269423,284303
2,1269423,284306
2,1269423,285001
2,1269423,285121
2,1269423,285122
2,1269423,285123
2,1269423,285124
2,1269423,285125
2,1269423,285126
2,1269423,285127
2,1269423,285128
2,1269423,285129
2,1269423,285130
2,1269423,285201
2,1269423,285202
2,1269423,285203
2,1269423,285204
2,1269423,285205
2,1269423,285206
2,1269423,285223
2,1269508,342310
2,1269508,345001
2,1269508,345021
2,1269508,345022
2,1269508,345023
2,1269508,345024
2,1269508,345025
2,1269508,345026
2,1269508,345027
2,1269508,345028
2,1269508,345031
2,1269508,345033
2,1269508,345034
2,1269519,302001
2,1269519,302002
2,1269519,302003
2,1269519,302004
2,1269519,302005
2,1269519,302006
2,1269519,302012
2,1269519,302013
2,1269519,302015
2,1269519,302016
2,1269519,302017
2,1269519,302018
2,1269519,302019
2,1269519,302020
2,1269519,302021
2,1269519,302022
2,1269519,302026
2,1269519,302027
2,1269519,302028
2,1269519,302029
2,1269519,302031
2,1269519,302033
2,1269519,302034
2,1269519,302036
2,1269519,302037
2,1269519,302038
2,1269519,302039
2,1269519,302040
2,1269519,302041
2,1269519,302042
2,1269519,302043
2,1269519,303001
2,1269519,303002
2,1269519,303003
2,1269519,303005
2,1269519,303006
2,1269519,303007
2,1269519,303008
2,1269519,303009
2,1269519,303012
2,1269519,303102
2,1269519,303103
2,1269519,303104
2,1269519,303105
2,1269519,303106
2,1269519,303107
2,1269519,303108
2,1269519,303109
2,1269519,303110
2,1269519,303119
2,1269519,303120
2,1269519,303121
2,1269519,303122
2,1269519,303123
2,1269519,303301
2,1269519,303302
2,1269519,303305
2,1269519,303328
2,1269519,303329
2,1269519,303338
2,1269519,303348
2,1269519,303503
2,1269519,303507
2,1269519,303509
2,1269519,303601
2,1269519,303602
2,1269519,303603
2,1269519,303604
2,1269519,303701
2,1269519,303702
2,1269519,303704
2,1269519,303706
2,1269519,303712
2,1269519,303801
2,1269519,303803
2,1269519,303804
2,1269519,303805
2,1269519,303806
2,1269519,303807
2,1269519,303901
2,1269519,303903
2,1269519,303904
2,1269519,303905
2,1269519,303908
2,1269519,314023
2,1269523,793109
2,1269523,793150
2,1269523,793151
2,1269523,793160
2,1269523,793200
2,1269523,793210
2,1269634,482001
2,1269634,482002
2,1269634,482003
2,1269634,482004
2,1269634,482005
2,1269634,482008
2,1269634,482009
2,1269634,482010
2,1269634,482011
2,1269634,482020
2,1269634,482021
2,1269634,482051
2,1269634,482056
2,1269634,483001
2,1269634,483053
2,1269634,483105
2,1269634,483110
2,1269634,483113
2,1269634,483119
2,1269634,483220
2,1269634,483222
2,1269634,483225
2,1269634,483334
2,1269634,483440
2,1269634,483880
2,1269744,452001
2,1269744,452002
2,1269744,452003
2,1269744,452005
2,1269744,452006
2,1269744,452007
2,1269744,452009
2,1269744,452010
2,1269744,452011
2,1269744,452012
2,1269744,452013
2,1269744,452014
2,1269744,452015
2,1269744,452016
2,1269744,452018
2,1269744,452020
2,1269744,453001
2,1269744,453111
2,1269744,453112
2,1269744,453115
2,1269744,453220
2,1269744,453331
2,1269744,453441
2,1269744,453446
2,1269744,453551
2,1269744,453552
2,1269744,453555
2,1269744,453556
2,1269744,453661
2,1269744,453771
2,1269812,685501
2,1269812,685503
2,1269812,685505
2,1269812,685507
2,1269812,685508
2,1269812,685509
2,1269812,685511
2,1269812,685512
2,1269812,685514
2,1269812,685515
2,1269812,685531
2,1269812,685532
2,1269812,685533
2,1269812,685535
2,1269812,685551
2,1269812,685552
2,1269812,685553
2,1269812,685554
2,1269812,685561
2,1269812,685562
2,1269812,685563
2,1269812,685565
2,1269812,685566
2,1269812,685571
2,1269812,685581
2,1269812,685582
2,1269812,685583
2,1269812,685584
2,1269812,685585
2,1269812,685586
2,1269812,685587
2,1269812,685588
2,1269812,685589
2,1269812,685590
2,1269812,685591
2,1269812,685595
2,1269812,685601
2,1269812,685602
2,1269812,685603
2,1269812,685604
2,1269812,685605
2,1269812,685606
2,1269812,685607
2,1269812,685608
2,1269812,685609
2,1269812,685612
2,1269812,685613
2,1269812,685614
2,1269812,685615
2,1269812,685616
2,1269812,685618
2,1269812,685619
2,1269812,685620
2,1269812,686513
2,1269812,686514
2,1269844,500001
2,1269844,500002
2,1269844,500003
2,1269844,500004
2,1269844,500005
2,1269844,500006
2,1269844,500007
2,1269844,500008
2,1269844,500009
2,1269844,500010
2,1269844,500011
2,1269844,500012
2,1269844,500013
2,1269844,500014
2,1269844,500015
2,1269844,500016
2,1269844,500017
2,1269844,500018
2,1269844,500020
2,1269844,500022
2,1269844,500023
2,1269844,500024
2,1269844,500025
2,1269844,500026
2,1269844,500027
2,1269844,500028
2,1269844,500029
2,1269844,500030
2,1269844,500031
2,1269844,500033
2,1269844,500034
2,1269844,500035
2,1269844,500036
2,1269844,500037
2,1269844,500038
2,1269844,500039
2,1269844,500040
2,1269844,500041
2,1269844,500042
2,1269844,500043
2,1269844,500044
2,1269844,500045
2,1269844,500046
2,1269844,500047
2,1269844,500048
2,1269844,500049
2,1269844,500050
2,1269844,500051
2,1269844,500052
2,1269844,500053
2,1269844,500054
2,1269844,500055
2,1269844,500056
2,1269844,500057
2,1269844,500058
2,1269844,500059
2,1269844,500060
2,1269844,500061
2,1269844,500062
2,1269844,500063
2,1269844,500064
2,1269844,500065
2,1269844,500066
2,1269844,500067
2,1269844,500068
2,1269844,500069
2,1269844,500070
2,1269844,500072
2,1269844,500073
2,1269844,500074
2,1269844,500075
2,1269844,500076
2,1269844,500077
2,1269844,500078
2,1269844,500079
2,1269844,500080
2,1269844,500081
2,1269844,500082
2,1269844,500083
2,1269844,500084
2,1269844,500085
2,1269844,500086
2,1269844,500087
2,1269844,500088
2,1269844,500089
2,1269844,500090
2,1269844,500091
2,1269844,500092
2,1269844,500093
2,1269844,500094
2,1269844,500095
2,1269844,500096
2,1269844,500097
2,1269844,500098
2,1269844,500100
2,1269844,500101
2,1269844,500103
2,1269844,500105
2,1269844,500107
2,1269844,500110
2,1269844,501101
2,1269844,501102
2,1269844,501301
2,1269844,501401
2,1269911,712101
2,1269911,712102
2,1269911,712103
2,1269911,712104
2,1269911,712105
2,1269911,712121
2,1269911,712122
2,1269911,712123
2,1269911,712124
2,1269911,712125
2,1269911,712134
2,1269911,712135
2,1269911,712136
2,1269911,712137
2,1269911,712138
2,1269911,712139
2,1269911,712146
2,1269911,712147
2,1269911,712148
2,1269911,712149
2,1269911,712152
2,1269911,712201
2,1269911,712202
2,1269911,712203
2,1269911,712204
2,1269911,712221
2,1269911,712222
2,1269911,712223
2,1269911,712232
2,1269911,712233
2,1269911,712234
2,1269911,712235
2,1269911,712245
2,1269911,712246
2,1269911,712248
2,1269911,712249
2,1269911,712250
2,1269911,712258
2,1269911,712301
2,1269911,712302
2,1269911,712303
2,1269911,712304
2,1269911,712305
2,1269911,712306
2,1269911,712308
2,1269911,712310
2,1269911,712311
2,1269911,712401
2,1269911,712402
2,1269911,712403
2,1269911,712404
2,1269911,712405
2,1269911,712406
2,1269911,712407
2,1269911,712408
2,1269911,712409
2,1269911,712410
2,1269911,712412
2,1269911,712413
2,1269911,712414
2,1269911,712415
2,1269911,712416
2,1269911,712417
2,1269911,712501
2,1269911,712502
2,1269911,712503
2,1269911,712504
2,1269911,712512
2,1269911,712513
2,1269911,712514
2,1269911,712515
2,1269911,712601
2,1269911,712602
2,1269911,712611
2,1269911,712612
2,1269911,712613
2,1269911,712614
2,1269911,712615
2,1269911,712616
2,1269911,712617
2,1269911,712701
2,1269911,712702
2,1269911,712704
2,1269911,712706
2,1269938,144105
2,1269938,144202
2,1269938,144204
2,1269938,144205
2,1269938,144206
2,1269938,144207
2,1269938,144208
2,1269938,144209
2,1269938,144210
2,1269938,144211
2,1269938,144212
2,1269938,144213
2,1269938,144214
2,1269938,144216
2,1269938,144221
2,1269938,144222
2,1269938,144223
2,1269938,144224
2,1269938,144305
2,1269938,144306
2,1269938,144404
2,1269938,144406
2,1269938,144519
2,1269938,144520
2,1269938,144521
2,1269938,144522
2,1269938,144523
2,1269938,144525
2,1269938,144527
2,1269938,144528
2,1269938,144529
2,1269938,144530
2,1269938,144531
2,1269938,144532
2,1269938,146001
2,1269938,146021
2,1269938,146022
2,1269938,146023
2,1269938,146024
2,1269938,146101
2,1269938,146102
2,1269938,146103
2,1269938,146104
2,1269938,146105
2,1269938,146106
2,1269938,146107
2,1269938,146108
2,1269938,146109
2,1269938,146110
2,1269938,146111
2,1269938,146112
2,1269938,146113
2,1269938,146114
2,1269938,146115
2,1269938,146116
2,1269940,461001
2,1269940,461005
2,1269940,461110
2,1269940,461111
2,1269940,461114
2,1269940,461115
2,1269940,461116
2,1269940,461122
2,1269940,461221
2,1269940,461223
2,1269940,461228
2,1269940,461331
2,1269940,461441
2,1269940,461446
2,1269940,461551
2,1269940,461661
2,1269940,461668
2,1269940,461771
2,1269940,461775
2,1269940,461881
2,1269940,461990
2,1270023,125001
2,1270023,125004
2,1270023,125005
2,1270023,125006
2,1270023,125007
2,1270023,125011
2,1270023,125033
2,1270023,125037
2,1270023,125038
2,1270023,125039
2,1270023,125042
2,1270023,125044
2,1270023,125047
2,1270023,125049
2,1270023,125051
2,1270023,125052
2,1270023,125112
2,1270023,125113
2,1270023,125120
2,1270023,125121
2,1270165,825301
2,1270165,825302
2,1270165,825303
2,1270165,825311
2,1270165,825312
2,1270165,825313
2,1270165,825315
2,1270165,825317
2,1270165,825319
2,1270165,825323
2,1270165,825336
2,1270165,825401
2,1270165,825402
2,1270165,825405
2,1270165,825406
2,1270165,825411
2,1270165,829101
2,1270165,829119
2,1270240,573101
2,1270240,573102
2,1270240,573103
2,1270240,573111
2,1270240,573112
2,1270240,573113
2,1270240,573115
2,1270240,573116
2,1270240,573117
2,1270240,573118
2,1270240,573119
2,1270240,573120
2,1270240,573121
2,1270240,573122
2,1270240,573123
2,1270240,573124
2,1270240,573125
2,1270240,573126
2,1270240,573127
2,1270240,573128
2,1270240,573129
2,1270240,573130
2,1270240,573131
2,1270240,573133
2,1270240,573134
2,1270240,573135
2,1270240,573136
2,1270240,573137
2,1270240,573141
2,1270240,573142
2,1270240,573144
2,1270240,573162
2,1270240,573164
2,1270240,573165
2,1270240,573201
2,1270240,573202
2,1270240,573210
2,1270240,573211
2,1270240,573212
2,1270240,573213
2,1270240,573214
2,1270240,573215
2,1270240,573216
2,1270240,573217
2,1270240,573218
2,1270240,573219
2,1270240,573220
2,1270240,573225
2,1270240,573226
2,1270371,241001
2,1270371,241121
2,1270371,241122
2,1270371,241123
2,1270371,241124
2,1270371,241125
2,1270371,241126
2,1270371,241127
2,1270371,241201
2,1270371,241202
2,1270371,241203
2,1270371,241204
2,1270371,241301
2,1270371,241302
2,1270371,241303
2,1270371,241304
2,1270371,241305
2,1270371,241401
2,1270371,241402
2,1270371,241403
2,1270371,241404
2,1270371,241405
2,1270371,241406
2,1270371,241407
2,1270397,711101
2,1270397,711102
2,1270397,711103
2,1270397,711104
2,1270397,711105
2,1270397,711106
2,1270397,711107
2,1270397,711108
2,1270397,711109
2,1270397,711110
2,1270397,711111
2,1270397,711112
2,1270397,711113
2,1270397,711114
2,1270397,711115
2,1270397,711201
2,1270397,711202
2,1270397,711203
2,1270397,711204
2,1270397,711205
2,1270397,711206
2,1270397,711225
2,1270397,711226
2,1270397,711227
2,1270397,711301
2,1270397,711302
2,1270397,711303
2,1270397,711304
2,1270397,711305
2,1270397,711306
2,1270397,711307
2,1270397,711308
2,1270397,711309
2,1270397,711310
2,1270397,711312
2,1270397,711313
2,1270397,711314
2,1270397,711315
2,1270397,711316
2,1270397,711317
2,1270397,711322
2,1270397,711401
2,1270397,711403
2,1270397,711404
2,1270397,711405
2,1270397,711408
2,1270397,711409
2,1270397,711410
2,1270397,711411
2,1270397,711412
2,1270397,711413
2,1270397,711414
2,1270397,712408
2,1270457,210301
2,1270457,210341
2,1270457,210421
2,1270457,210422
2,1270457,210424
2,1270457,210425
2,1270457,210427
2,1270457,210428
2,1270457,210429
2,1270457,210430
2,1270457,210431
2,1270457,210432
2,1270457,210501
2,1270457,210502
2,1270457,210504
2,1270457,210505
2,1270457,210506
2,1270457,210507
2,1270585,474001
2,1270585,474002
2,1270585,474003
2,1270585,474004
2,1270585,474005
2,1270585,474006
2,1270585,474007
2,1270585,474008
2,1270585,474009
2,1270585,474010
2,1270585,474011
2,1270585,474012
2,1270585,474015
2,1270585,474020
2,1270585,475001
2,1270585,475002
2,1270585,475005
2,1270585,475110
2,1270585,475115
2,1270585,475220
2,1270585,475330
2,1270585,475686
2,1270644,122001
2,1270644,122002
2,1270644,122003
2,1270644,122004
2,1270644,122005
2,1270644,122006
2,1270644,122007
2,1270644,122008
2,1270644,122009
2,1270644,122010
2,1270644,122011
2,1270644,122012
2,1270644,122015
2,1270644,122016
2,1270644,122017
2,1270644,122018
2,1270644,122051
2,1270644,122052
2,1270644,122098
2,1270644,122101
2,1270644,122102
2,1270644,122103
2,1270644,122104
2,1270644,122105
2,1270644,122107
2,1270644,122108
2,1270644,122413
2,1270644,122414
2,1270644,122502
2,1270644,122503
2,1270644,122504
2,1270644,122505
2,1270644,122506
2,1270644,122508
2,1270644,123106
2,1270644,123401
2,1270648,143505
2,1270648,143506
2,1270648,143507
2,1270648,143511
2,1270648,143512
2,1270648,143513
2,1270648,143514
2,1270648,143515
2,1270648,143516
2,1270648,143517
2,1270648,143518
2,1270648,143519
2,1270648,143520
2,1270648,143521
2,1270648,143525
2,1270648,143526
2,1270648,143527
2,1270648,143528
2,1270648,143529
2,1270648,143530
2,1270648,143531
2,1270648,143532
2,1270648,143533
2,1270648,143534
2,1270648,143602
2,1270648,143604
2,1270648,143605
2,1270648,145001
2,1270648,145022
2,1270648,145023
2,1270648,145024
2,1270648,145025
2,1270648,145026
2,1270648,145027
2,1270648,145029
2,1270648,145101
2,1270669,522001
2,1270669,522002
2,1270669,522003
2,1270669,522004
2,1270669,522005
2,1270669,522006
2,1270669,522007
2,1270669,522009
2,1270669,522015
2,1270669,522016
2,1270669,522017
2,1270669,522018
2,1270669,522019
2,1270669,522020
2,1270669,522034
2,1270669,522101
2,1270669,522102
2,1270669,522111
2,1270669,522112
2,1270669,522113
2,1270669,522124
2,1270669,522201
2,1270669,522202
2,1270669,522211
2,1270669,522212
2,1270669,522213
2,1270669,522233
2,1270669,522234
2,1270669,522235
2,1270669,522236
2,1270669,522237
2,1270669,522238
2,1270669,522256
2,1270669,522257
2,1270669,522258
2,1270669,522259
2,1270669,522261
2,1270669,522262
2,1270669,522264
2,1270669,522265
2,1270669,522268
2,1270669,522301
2,1270669,522302
2,1270669,522303
2,1270669,522304
2,1270669,522305
2,1270669,522306
2,1270669,522307
2,1270669,522308
2,1270669,522309
2,1270669,522310
2,1270669,522311
2,1270669,522312
2,1270669,522313
2,1270669,522314
2,1270669,522315
2,1270669,522316
2,1270669,522317
2,1270669,522318
2,1270669,522324
2,1270669,522325
2,1270669,522329
2,1270669,522330
2,1270669,522341
2,1270669,522401
2,1270669,522402
2,1270669,522403
2,1270669,522408
2,1270669,522409
2,1270669,522410
2,1270669,522411
2,1270669,522412
2,1270669,522413
2,1270669,522414
2,1270669,522415
2,1270669,522421
2,1270669,522426
2,1270669,522435
2,1270669,522436
2,1270669,522437
2,1270669,522438
2,1270669,522439
2,1270669,522501
2,1270669,522502
2,1270669,522503
2,1270669,522508
2,1270669,522509
2,1270669,522510
2,1270669,522529
2,1270669,522549
2,1270669,522601
2,1270669,522603
2,1270669,522611
2,1270669,522612
2,1270669,522613
2,1270669,522614
2,1270669,522615
2,1270669,522616
2,1270669,522617
2,1270669,522619
2,1270669,522626
2,1270669,522646
2,1270669,522647
2,1270669,522649
2,1270669,522657
2,1270669,522658
2,1270669,522659
2,1270669,522660
2,1270669,522661
2,1270669,522663
2,1270712,473001
2,1270712,473101
2,1270712,473105
2,1270712,473110
2,1270712,473111
2,1270712,473112
2,1270712,473113
2,1270712,473115
2,1270712,473118
2,1270712,473222
2,1270712,473226
2,1270712,473249
2,1270712,473287
2,1270712,473331
2,1270712,473885
2,1270753,585101
2,1270753,585102
2,1270753,585103
2,1270753,585104
2,1270753,585105
2,1270753,585106
2,1270753,585107
2,1270753,585210
2,1270753,585211
2,1270753,585212
2,1270753,585213
2,1270753,585217
2,1270753,585218
2,1270753,585222
2,1270753,585225
2,1270753,585228
2,1270753,585229
2,1270753,585236
2,1270753,585265
2,1270753,585292
2,1270753,585301
2,1270753,585302
2,1270753,585303
2,1270753,585305
2,1270753,585306
2,1270753,585307
2,1270753,585308
2,1270753,585309
2,1270753,585310
2,1270753,585311
2,1270753,585312
2,1270753,585313
2,1270753,585314
2,1270753,585316
2,1270753,585317
2,1270753,585318
2,1270753,585319
2,1270753,585320
2,1270753,585321
2,1270753,585322
2,1270753,585324
2,1270753,585325
2,1270753,585367
2,1270930,273001
2,1270930,273002
2,1270930,273003
2,1270930,273004
2,1270930,273005
2,1270930,273006
2,1270930,273007
2,1270930,273008
2,1270930,273009
2,1270930,273010
2,1270930,273012
2,1270930,273013
2,1270930,273014
2,1270930,273015
2,1270930,273016
2,1270930,273017
2,1270930,273152
2,1270930,273157
2,1270930,273158
2,1270930,273163
2,1270930,273165
2,1270930,273201
2,1270930,273202
2,1270930,273203
2,1270930,273209
2,1270930,273211
2,1270930,273212
2,1270930,273213
2,1270930,273301
2,1270930,273303
2,1270930,273306
2,1270930,273401
2,1270930,273402
2,1270930,273403
2,1270930,273404
2,1270930,273405
2,1270930,273406
2,1270930,273407
2,1270930,273408
2,1270930,273409
2,1270930,273411
2,1270930,273412
2,1270930,273413
2,1270967,841238
2,1270967,841405
2,1270967,841407
2,1270967,841409
2,1270967,841413
2,1270967,841420
2,1270967,841423
2,1270967,841425
2,1270967,841426
2,1270967,841427
2,1270967,841428
2,1270967,841436
2,1270967,841437
2,1270967,841438
2,1270967,841440
2,1270967,841441
2,1270967,841501
2,1270967,841503
2,1270967,841505
2,1270967,841508
2,1270997,271001
2,1270997,271002
2,1270997,271003
2,1270997,271122
2,1270997,271123
2,1270997,271124
2,1270997,271125
2,1270997,271126
2,1270997,271129
2,1270997,271202
2,1270997,271204
2,1270997,271208
2,1270997,271209
2,1270997,271301
2,1270997,271302
2,1270997,271303
2,1270997,271304
2,1270997,271305
2,1270997,271307
2,1270997,271308
2,1270997,271309
2,1270997,271310
2,1270997,271311
2,1270997,271312
2,1270997,271313
2,1270997,271319
2,1270997,271401
2,1270997,271402
2,1270997,271403
2,1270997,271502
2,1270997,271503
2,1270997,271504
2,1270997,271601
2,1270997,271602
2,1270997,271603
2,1270997,271604
2,1271152,783101
2,1271152,783120
2,1271152,783122
2,1271152,783123
2,1271152,783124
2,1271152,783125
2,1271152,783126
2,1271152,783129
2,1271152,783130
2,1271152,783132
2,1271152,783133
2,1271152,783134
2,1271176,815301
2,1271176,815302
2,1271176,815311
2,1271176,815312
2,1271176,815313
2,1271176,815314
2,1271176,815315
2,1271176,815316
2,1271176,815317
2,1271176,815318
2,1271176,825106
2,1271176,825108
2,1271176,825167
2,1271176,825320
2,1271176,825322
2,1271176,825324
2,1271176,825329
2,1271176,825412
2,1271176,825418
2,1271307,232325
2,1271307,232326
2,1271307,232327
2,1271307,232328
2,1271307,232329
2,1271307,232330
2,1271307,232331
2,1271307,232332
2,1271307,232333
2,1271307,232336
2,1271307,232339
2,1271307,232340
2,1271307,233001
2,1271307,233002
2,1271307,233221
2,1271307,233222
2,1271307,233223
2,1271307,233224
2,1271307,233225
2,1271307,233226
2,1271307,233227
2,1271307,233228
2,1271307,233229
2,1271307,233230
2,1271307,233231
2,1271307,233232
2,1271307,233233
2,1271307,233300
2,1271307,233301
2,1271307,233302
2,1271307,233303
2,1271307,233304
2,1271307,233305
2,1271307,233306
2,1271307,233307
2,1271307,233310
2,1271307,233311
2,1271307,275201
2,1271307,275202
2,1271307,275203
2,1271307,275204
2,1271307,275205
2,1271310,201001
2,1271310,201002
2,1271310,201003
2,1271310,201004
2,1271310,201005
2,1271310,201006
2,1271310,201007
2,1271310,201009
2,1271310,201010
2,1271310,201011
2,1271310,201012
2,1271310,201013
2,1271310,201014
2,1271310,201015
2,1271310,201016
2,1271310,201017
2,1271310,201018
2,1271310,201019
2,1271310,201020
2,1271310,201102
2,1271310,201103
2,1271310,201201
2,1271310,201204
2,1271310,201206
2,1271310,201301
2,1271310,201303
2,1271310,245101
2,1271310,245201
2,1271310,245205
2,1271310,245207
2,1271310,245208
2,1271310,245301
2,1271310,245304
2,1271440,804401
2,1271440,804402
2,1271440,804403
2,1271440,804404
2,1271440,804419
2,1271440,804421
2,1271440,804423
2,1271440,804424
2,1271440,804426
2,1271440,804428
2,1271440,804430
2,1271440,804435
2,1271440,805109
2,1271440,805128
2,1271440,805129
2,1271440,805131
2,1271440,805135
2,1271440,805236
2,1271440,823001
2,1271440,823002
2,1271440,823003
2,1271440,823004
2,1271440,823005
2,1271440,823311
2,1271440,824113
2,1271440,824116
2,1271440,824118
2,1271440,824201
2,1271440,824205
2,1271440,824206
2,1271440,824207
2,1271440,824209
2,1271440,824210
2,1271440,824211
2,1271440,824217
2,1271440,824219
2,1271440,824220
2,1271440,824221
2,1271440,824231
2,1271440,824232
2,1271440,824233
2,1271440,824234
2,1271440,824235
2,1271440,824236
2,1271440,824237
2,1271512,783123
2,1271512,793106
2,1271512,794002
2,1271512,794107
2,1271512,794108
2,1271512,794110
2,1271512,794111
2,1271535,246001
2,1271535,246113
2,1271535,246121
2,1271535,246123
2,1271535,246124
2,1271535,246125
2,1271535,246127
2,1271535,246128
2,1271535,246129
2,1271535,246130
2,1271535,246131
2,1271535,246142
2,1271535,246144
2,1271535,246146
2,1271535,246147
2,1271535,246148
2,1271535,246149
2,1271535,246150
2,1271535,246155
2,1271535,246159
2,1271535,246161
2,1271535,246162
2,1271535,246163
2,1271535,246164
2,1271535,246165
2,1271535,246166
2,1271535,246167
2,1271535,246169
2,1271535,246172
2,1271535,246173
2,1271535,246174
2,1271535,246175
2,1271535,246176
2,1271535,246177
2,1271535,246178
2,1271535,246179
2,1271535,246193
2,1271535,246194
2,1271535,246275
2,1271535,246276
2,1271535,246277
2,1271535,246278
2,1271535,246279
2,1271535,246285
2,1271535,249301
2,1271535,249302
2,1271535,249304
2,1271535,249306
2,1271622,760001
2,1271622,760002
2,1271622,760003
2,1271622,760004
2,1271622,760005
2,1271622,760006
2,1271622,760007
2,1271622,760008
2,1271622,760009
2,1271622,760010
2,1271622,760011
2,1271622,761001
2,1271622,761002
2,1271622,761003
2,1271622,761004
2,1271622,761005
2,1271622,761006
2,1271622,761007
2,1271622,761008
2,1271622,761009
2,1271622,761010
2,1271622,761011
2,1271622,761012
2,1271622,761013
2,1271622,761014
2,1271622,761017
2,1271622,761018
2,1271622,761019
2,1271622,761020
2,1271622,761025
2,1271622,761026
2,1271622,761027
2,1271622,761028
2,1271622,761029
2,1271622,761030
2,1271622,761031
2,1271622,761032
2,1271622,761035
2,1271622,761037
2,1271622,761041
2,1271622,761042
2,1271622,761043
2,1271622,761045
2,1271622,761052
2,1271622,761054
2,1271622,761055
2,1271622,761100
2,1271622,761101
2,1271622,761102
2,1271622,761103
2,1271622,761104
2,1271622,761105
2,1271622,761106
2,1271622,761107
2,1271622,761108
2,1271622,761109
2,1271622,761110
2,1271622,761111
2,1271622,761114
2,1271622,761115
2,1271622,761116
2,1271622,761117
2,1271622,761118
2,1271622,761119
2,1271622,761120
2,1271622,761121
2,1271622,761122
2,1271622,761123
2,1271622,761124
2,1271622,761125
2,1271622,761126
2,1271622,761131
2,1271622,761132
2,1271622,761133
2,1271622,761140
2,1271622,761141
2,1271622,761143
2,1271622,761144
2,1271622,761146
2,1271622,761151
2,1271622,761209
2,1271686,335001
2,1271686,335002
2,1271686,335021
2,1271686,335022
2,1271686,335023
2,1271686,335024
2,1271686,335025
2,1271686,335027
2,1271686,335037
2,1271686,335038
2,1271686,335039
2,1271686,335040
2,1271686,335041
2,1271686,335051
2,1271686,335061
2,1271686,335062
2,1271686,335065
2,1271686,335073
2,1271686,335701
2,1271686,335702
2,1271686,335703
2,1271686,335704
2,1271686,335705
2,1271686,335707
2,1271686,335711
2,1271686,335804
2,1271686,335805
2,1271686,335901
2,1271716,380060
2,1271716,382006
2,1271716,382007
2,1271716,382010
2,1271716,382016
2,1271716,382021
2,1271716,382024
2,1271716,382028
2,1271716,382030
2,1271716,382041
2,1271716,382042
2,1271716,382045
2,1271716,382305
2,1271716,382308
2,1271716,382315
2,1271716,382320
2,1271716,382321
2,1271716,382355
2,1271716,382421
2,1271716,382422
2,1271716,382423
2,1271716,382424
2,1271716,382426
2,1271716,382433
2,1271716,382481
2,1271716,382610
2,1271716,382620
2,1271716,382630
2,1271716,382640
2,1271716,382650
2,1271716,382721
2,1271716,382725
2,1271716,382729
2,1271716,382735
2,1271716,382740
2,1271716,382810
2,1271716,382835
2,1271716,382845
2,1271716,382855
2,1271884,142041
2,1271884,142043
2,1271884,142044
2,1271884,142047
2,1271884,142050
2,1271884,142052
2,1271884,142060
2,1271884,152001
2,1271884,152002
2,1271884,152003
2,1271884,152004
2,1271884,152005
2,1271884,152021
2,1271884,152022
2,1271884,152023
2,1271884,152024
2,1271884,152028
2,1271884,152033
2,1271884,152116
2,1271884,152117
2,1271884,152118
2,1271884,152121
2,1271884,152122
2,1271884,152123
2,1271884,152124
2,1271884,152128
2,1271884,152132
2,1271920,209502
2,1271920,209503
2,1271920,209505
2,1271920,209745
2,1271920,212601
2,1271920,212620
2,1271920,212621
2,1271920,212622
2,1271920,212631
2,1271920,212635
2,1271920,212641
2,1271920,212645
2,1271920,212650
2,1271920,212651
2,1271920,212652
2,1271920,212653
2,1271920,212654
2,1271920,212655
2,1271920,212656
2,1271920,212657
2,1271920,212658
2,1271920,212659
2,1271920,212661
2,1271920,212663
2,1271920,212664
2,1271920,212665
2,1271943,209501
2,1271943,209502
2,1271943,209503
2,1271943,209504
2,1271943,209505
2,1271943,209601
2,1271943,209602
2,1271943,209621
2,1271943,209622
2,1271943,209625
2,1271943,209651
2,1271943,209652
2,1271943,209721
2,1271943,209724
2,1271943,209739
2,1271943,209743
2,1271943,209745
2,1271943,209749
2,1271950,151202
2,1271950,151203
2,1271950,151204
2,1271950,151205
2,1271950,151207
2,1271950,151208
2,1271950,151209
2,1271950,151212
2,1271950,151213
2,1271950,152025
2,1271977,224001
2,1271977,224116
2,1271977,224117
2,1271977,224118
2,1271977,224119
2,1271977,224120
2,1271977,224121
2,1271977,224123
2,1271977,224126
2,1271977,224127
2,1271977,224133
2,1271977,224135
2,1271977,224141
2,1271977,224152
2,1271977,224153
2,1271977,224158
2,1271977,224161
2,1271977,224164
2,1271977,224171
2,1271977,224172
2,1271977,224182
2,1271977,224188
2,1271977,224189
2,1271977,224195
2,1271977,224201
2,1271977,224202
2,1271977,224203
2,1271977,224204
2,1271977,224205
2,1271977,224206
2,1271977,224207
2,1271977,224208
2,1271977,224209
2,1271977,224225
2,1271977,224228
2,1271977,224229
2,1271977,224234
2,1271977,224284
2,1271989,206001
2,1271989,206002
2,1271989,206003
2,1271989,206120
2,1271989,206123
2,1271989,206124
2,1271989,206125
2,1271989,206126
2,1271989,206127
2,1271989,206128
2,1271989,206130
2,1271989,206131
2,1271989,206242
2,1271989,206245
2,1271989,206253
2,1271993,207001
2,1271993,207002
2,1271993,207003
2,1271993,207120
2,1271993,207121
2,1271993,207122
2,1271993,207123
2,1271993,207124
2,1271993,207125
2,1271993,207241
2,1271993,207242
2,1271993,207243
2,1271993,207244
2,1271993,207245
2,1271993,207246
2,1271993,207247
2,1271993,207248
2,1271993,207249
2,1271993,207250
2,1271993,207301
2,1271993,207302
2,1271993,207401
2,1271993,207402
2,1271993,207403
2,1272019,680667
2,1272019,682001
2,1272019,682002
2,1272019,682003
2,1272019,682004
2,1272019,682005
2,1272019,682006
2,1272019,682007
2,1272019,682008
2,1272019,682009
2,1272019,682010
2,1272019,682011
2,1272019,682012
2,1272019,682013
2,1272019,682015
2,1272019,682016
2,1272019,682017
2,1272019,682018
2,1272019,682019
2,1272019,682020
2,1272019,682021
2,1272019,682022
2,1272019,682023
2,1272019,682024
2,1272019,682025
2,1272019,682026
2,1272019,682027
2,1272019,682028
2,1272019,682029
2,1272019,682030
2,1272019,682031
2,1272019,682032
2,1272019,682033
2,1272019,682034
2,1272019,682035
2,1272019,682036
2,1272019,682037
2,1272019,682038
2,1272019,682039
2,1272019,682040
2,1272019,682041
2,1272019,682042
2,1272019,682050
2,1272019,682051
2,1272019,682301
2,1272019,682302
2,1272019,682303
2,1272019,682305
2,1272019,682306
2,1272019,682307
2,1272019,682308
2,1272019,682309
2,1272019,682310
2,1272019,682311
2,1272019,682312
2,1272019,682313
2,1272019,682314
2,1272019,682315
2,1272019,682316
2,1272019,682317
2,1272019,682501
2,1272019,682502
2,1272019,682504
2,1272019,682505
2,1272019,682506
2,1272019,682507
2,1272019,682508
2,1272019,682509
2,1272019,682511
2,1272019,683101
2,1272019,683102
2,1272019,683104
2,1272019,683105
2,1272019,683106
2,1272019,683108
2,1272019,683110
2,1272019,683111
2,1272019,683112
2,1272019,683501
2,1272019,683502
2,1272019,683503
2,1272019,683511
2,1272019,683513
2,1272019,683514
2,1272019,683515
2,1272019,683516
2,1272019,683517
2,1272019,683518
2,1272019,683519
2,1272019,683520
2,1272019,683521
2,1272019,683522
2,1272019,683541
2,1272019,683542
2,1272019,683543
2,1272019,683544
2,1272019,683545
2,1272019,683546
2,1272019,683547
2,1272019,683548
2,1272019,683549
2,1272019,683550
2,1272019,683556
2,1272019,683561
2,1272019,683562
2,1272019,683563
2,1272019,683565
2,1272019,683571
2,1272019,683572
2,1272019,683573
2,1272019,683574
2,1272019,683575
2,1272019,683576
2,1272019,683577
2,1272019,683578
2,1272019,683579
2,1272019,683580
2,1272019,683581
2,1272019,683585
2,1272019,683587
2,1272019,683589
2,1272019,683594
2,1272019,686661
2,1272019,686662
2,1272019,686663
2,1272019,686664
2,1272019,686665
2,1272019,686666
2,1272019,686667
2,1272019,686668
2,1272019,686669
2,1272019,686670
2,1272019,686671
2,1272019,686672
2,1272019,686673
2,1272019,686681
2,1272019,686691
2,1272019,686692
2,1272019,686693
2,1272115,791102
2,1272115,791103
2,1272115,791104
2,1272117,450001
2,1272117,450051
2,1272117,450110
2,1272117,450112
2,1272117,450114
2,1272117,450116
2,1272117,450117
2,1272117,450119
2,1272117,450337
2,1272117,450551
2,1272117,450554
2,1272117,450661
2,1272117,450771
2,1272117,450881
2,1272117,450991
2,1272117,451115
2,1272117,451441
2,1272120,790102
2,1272120,790103
2,1272123,533001
2,1272123,533002
2,1272123,533003
2,1272123,533004
2,1272123,533005
2,1272123,533006
2,1272123,533016
2,1272123,533101
2,1272123,533102
2,1272123,533103
2,1272123,533104
2,1272123,533105
2,1272123,533106
2,1272123,533107
2,1272123,533124
2,1272123,533125
2,1272123,533126
2,1272123,533201
2,1272123,533210
2,1272123,533211
2,1272123,533212
2,1272123,533213
2,1272123,533214
2,1272123,533215
2,1272123,533216
2,1272123,533217
2,1272123,533218
2,1272123,533220
2,1272123,533221
2,1272123,533222
2,1272123,533223
2,1272123,533228
2,1272123,533229
2,1272123,533232
2,1272123,533233
2,1272123,533234
2,1272123,533235
2,1272123,533236
2,1272123,533237
2,1272123,533238
2,1272123,533239
2,1272123,533240
2,1272123,533241
2,1272123,533242
2,1272123,533244
2,1272123,533247
2,1272123,533248
2,1272123,533249
2,1272123,533250
2,1272123,533251
2,1272123,533252
2,1272123,533253
2,1272123,533254
2,1272123,533255
2,1272123,533256
2,1272123,533260
2,1272123,533261
2,1272123,533262
2,1272123,533263
2,1272123,533264
2,1272123,533274
2,1272123,533284
2,1272123,533285
2,1272123,533286
2,1272123,533287
2,1272123,533288
2,1272123,533289
2,1272123,533290
2,1272123,533291
2,1272123,533292
2,1272123,533293
2,1272123,533294
2,1272123,533295
2,1272123,533296
2,1272123,533297
2,1272123,533305
2,1272123,533306
2,1272123,533307
2,1272123,533308
2,1272123,533309
2,1272123,533339
2,1272123,533340
2,1272123,533341
2,1272123,533342
2,1272123,533343
2,1272123,533344
2,1272123,533345
2,1272123,533346
2,1272123,533347
2,1272123,533348
2,1272123,533349
2,1272123,533350
2,1272123,533351
2,1272123,533352
2,1272123,533401
2,1272123,533406
2,1272123,533407
2,1272123,533408
2,1272123,533428
2,1272123,533429
2,1272123,533430
2,1272123,533431
2,1272123,533432
2,1272123,533433
2,1272123,533434
2,1272123,533435
2,1272123,533436
2,1272123,533437
2,1272123,533440
2,1272123,533444
2,1272123,533445
2,1272123,533446
2,1272123,533447
2,1272123,533448
2,1272123,533449
2,1272123,533450
2,1272123,533461
2,1272123,533462
2,1272123,533463
2,1272123,533464
2,1272123,533468
2,1272123,533483
2,1272123,533577
2,1272123,534315
2,1272182,490001
2,1272182,490006
2,1272182,490009
2,1272182,490011
2,1272182,490020
2,1272182,490021
2,1272182,490022
2,1272182,490023
2,1272182,490024
2,1272182,490025
2,1272182,490026
2,1272182,490036
2,1272182,490042
2,1272182,491001
2,1272182,491107
2,1272182,491111
2,1272182,491221
2,1272182,491222
2,1272182,491223
2,1272182,491225
2,1272182,491226
2,1272182,491227
2,1272182,491228
2,1272182,491230
2,1272182,491331
2,1272182,491332
2,1272182,491335
2,1272182,491337
2,1272182,491338
2,1272182,491340
2,1272182,491441
2,1272182,491771
2,1272182,491888
2,1272182,491993
2,1272203,314001
2,1272203,314011
2,1272203,314021
2,1272203,314022
2,1272203,314023
2,1272203,314024
2,1272203,314025
2,1272203,314026
2,1272203,314027
2,1272203,314028
2,1272203,314029
2,1272203,314030
2,1272203,314031
2,1272203,314032
2,1272203,314034
2,1272203,314035
2,1272203,314036
2,1272203,314037
2,1272203,314038
2,1272203,314401
2,1272203,314402
2,1272203,314403
2,1272203,314404
2,1272203,314406
2,1272203,314801
2,1272203,314804
2,1272504,362520
2,1272504,362540
2,1272504,362570
2,1272649,785675
2,1272649,785676
2,1272649,786001
2,1272649,786002
2,1272649,786003
2,1272649,786004
2,1272649,786005
2,1272649,786006
2,1272649,786007
2,1272649,786008
2,1272649,786010
2,1272649,786012
2,1272649,786101
2,1272649,786102
2,1272649,786103
2,1272649,786184
2,1272649,786189
2,1272649,786191
2,1272649,786602
2,1272649,786610
2,1272649,786611
2,1272649,786612
2,1272649,786613
2,1272649,786614
2,1272649,786621
2,1272649,786622
2,1272649,786623
2,1272649,786692
2,1272651,792101
2,1272651,792110
2,1272692,424001
2,1272692,424002
2,1272692,424004
2,1272692,424005
2,1272692,424006
2,1272692,424301
2,1272692,424302
2,1272692,424303
2,1272692,424304
2,1272692,424305
2,1272692,424306
2,1272692,424307
2,1272692,424308
2,1272692,424309
2,1272692,424310
2,1272692,424311
2,1272692,424318
2,1272692,425403
2,1272692,425404
2,1272692,425405
2,1272692,425406
2,1272692,425407
2,1272692,425408
2,1272692,425413
2,1272692,425421
2,1272692,425422
2,1272692,425427
2,1272692,425428
2,1272781,759001
2,1272781,759013
2,1272781,759014
2,1272781,759015
2,1272781,759016
2,1272781,759017
2,1272781,759018
2,1272781,759019
2,1272781,759020
2,1272781,759021
2,1272781,759022
2,1272781,759023
2,1272781,759024
2,1272781,759025
2,1272781,759026
2,1272781,759027
2,1272781,759028
2,1272781,759029
2,1272781,759039
2,1272781,759120
2,1272781,759121
2,1272781,759128
2,1272781,759146
2,1272797,580001
2,1272797,580002
2,1272797,580003
2,1272797,580004
2,1272797,580005
2,1272797,580006
2,1272797,580007
2,1272797,580008
2,1272797,580009
2,1272797,580011
2,1272797,580020
2,1272797,580021
2,1272797,580023
2,1272797,580024
2,1272797,580025
2,1272797,580026
2,1272797,580027
2,1272797,580028
2,1272797,580029
2,1272797,580030
2,1272797,580031
2,1272797,580032
2,1272797,580112
2,1272797,580114
2,1272797,580118
2,1272797,581103
2,1272797,581105
2,1272797,581107
2,1272797,581113
2,1272797,581117
2,1272797,581195
2,1272797,581196
2,1272797,581201
2,1272797,581204
2,1272797,581206
2,1272797,581207
2,1272797,581209
2,1272797,582201
2,1272797,582208
2,1272848,635111
2,1272848,635201
2,1272848,635202
2,1272848,635205
2,1272848,635301
2,1272848,635302
2,1272848,635303
2,1272848,635305
2,1272848,636352
2,1272848,636701
2,1272848,636704
2,1272848,636705
2,1272848,636803
2,1272848,636804
2,1272848,636805
2,1272848,636806
2,1272848,636807
2,1272848,636808
2,1272848,636809
2,1272848,636810
2,1272848,636811
2,1272848,636812
2,1272848,636813
2,1272848,636902
2,1272848,636903
2,1272848,636904
2,1272848,636905
2,1272848,636906
2,1272895,454001
2,1272895,454010
2,1272895,454111
2,1272895,454116
2,1272895,454221
2,1272895,454331
2,1272895,454335
2,1272895,454441
2,1272895,454446
2,1272895,454449
2,1272895,454552
2,1272895,454660
2,1272895,454665
2,1272895,454773
2,1272895,454774
2,1272895,454775
2,1272980,826001
2,1272980,826003
2,1272980,826004
2,1272980,826005
2,1272980,826006
2,1272980,826007
2,1272980,826009
2,1272980,827302
2,1272980,828101
2,1272980,828103
2,1272980,828104
2,1272980,828105
2,1272980,828106
2,1272980,828107
2,1272980,828108
2,1272980,828109
2,1272980,828110
2,1272980,828111
2,1272980,828112
2,1272980,828113
2,1272980,828114
2,1272980,828115
2,1272980,828116
2,1272980,828117
2,1272980,828119
2,1272980,828120
2,1272980,828121
2,1272980,828122
2,1272980,828123
2,1272980,828124
2,1272980,828125
2,1272980,828126
2,1272980,828127
2,1272980,828128
2,1272980,828129
2,1272980,828130
2,1272980,828131
2,1272980,828132
2,1272980,828133
2,1272980,828135
2,1272980,828142
2,1272980,828201
2,1272980,828202
2,1272980,828203
2,1272980,828204
2,1272980,828205
2,1272980,828206
2,1272980,828207
2,1272980,828301
2,1272980,828302
2,1272980,828303
2,1272980,828304
2,1272980,828305
2,1272980,828306
2,1272980,828307
2,1272980,828309
2,1272980,828401
2,1272980,828402
2,1273067,455001
2,1273067,455111
2,1273067,455115
2,1273067,455116
2,1273067,455118
2,1273067,455221
2,1273067,455223
2,1273067,455227
2,1273067,455332
2,1273067,455336
2,1273067,455339
2,1273067,455440
2,1273067,455459
2,1273196,274001
2,1273196,274182
2,1273196,274201
2,1273196,274202
2,1273196,274204
2,1273196,274205
2,1273196,274208
2,1273196,274404
2,1273196,274405
2,1273196,274408
2,1273196,274501
2,1273196,274502
2,1273196,274505
2,1273196,274506
2,1273196,274508
2,1273196,274509
2,1273196,274601
2,1273196,274602
2,1273196,274603
2,1273196,274604
2,1273196,274701
2,1273196,274702
2,1273196,274703
2,1273196,274704
2,1273196,274705
2,1273196,274806
2,1273196,274807
2,1273196,274808
2,1273404,475335
2,1273404,475336
2,1273404,475661
2,1273404,475671
2,1273404,475673
2,1273404,475675
2,1273404,475682
2,1273404,475685
2,1273404,475686
2,1273451,784113
2,1273451,784114
2,1273451,784115
2,1273451,784116
2,1273451,784125
2,1273451,784144
2,1273451,784145
2,1273451,784146
2,1273451,784147
2,1273451,784148
2,1273451,784190
2,1273451,784507
2,1273451,784508
2,1273451,784509
2,1273451,784510
2,1273451,784513
2,1273451,784514
2,1273451,784521
2,1273451,784522
2,1273451,784523
2,1273451,784524
2,1273451,784525
2,1273451,784526
2,1273451,784527
2,1273451,784528
2,1273451,784529
2,1273468,734001
2,1273468,734002
2,1273468,734003
2,1273468,734004
2,1273468,734005
2,1273468,734007
2,1273468,734008
2,1273468,734009
2,1273468,734010
2,1273468,734011
2,1273468,734012
2,1273468,734013
2,1273468,734014
2,1273468,734101
2,1273468,734102
2,1273468,734103
2,1273468,734104
2,1273468,734105
2,1273468,734121
2,1273468,734123
2,1273468,734124
2,1273468,734201
2,1273468,734203
2,1273468,734204
2,1273468,734213
2,1273468,734214
2,1273468,734215
2,1273468,734216
2,1273468,734217
2,1273468,734218
2,1273468,734219
2,1273468,734220
2,1273468,734221
2,1273468,734222
2,1273468,734223
2,1273468,734224
2,1273468,734226
2,1273468,734227
2,1273468,734312
2,1273468,734313
2,1273468,734317
2,1273468,734320
2,1273468,734321
2,1273468,734421
2,1273468,734423
2,1273468,734424
2,1273468,734425
2,1273468,734426
2,1273468,734427
2,1273468,734429
2,1273468,734431
2,1273468,734434
2,1273468,734436
2,1273468,734503
2,1273468,735206
2,1273468,735223
2,1273468,735231
2,1273492,846001
2,1273492,846002
2,1273492,846003
2,1273492,846004
2,1273492,846005
2,1273492,846006
2,1273492,846007
2,1273492,846008
2,1273492,846009
2,1273492,847101
2,1273492,847102
2,1273492,847103
2,1273492,847104
2,1273492,847105
2,1273492,847106
2,1273492,847107
2,1273492,847115
2,1273492,847121
2,1273492,847122
2,1273492,847123
2,1273492,847201
2,1273492,847202
2,1273492,847203
2,1273492,847204
2,1273492,847233
2,1273492,847239
2,1273492,847301
2,1273492,847302
2,1273492,847303
2,1273492,847304
2,1273492,847306
2,1273492,847307
2,1273492,847337
2,1273492,847405
2,1273492,847407
2,1273492,847422
2,1273492,847423
2,1273492,847424
2,1273492,847427
2,1273492,847428
2,1273492,847429
2,1273492,848205
2,1273492,848207
2,1273492,848209
2,1273492,848213
2,1273492,848506
2,1273492,852216
2,1273589,470661
2,1273589,470663
2,1273589,470664
2,1273589,470666
2,1273589,470672
2,1273589,470673
2,1273589,470675
2,1273589,470771
2,1273589,470772
2,1273589,470775
2,1273589,470880
2,1273589,470881
2,1273616,396210
2,1273616,396215
2,1273616,396220
2,1273664,574107
2,1273664,574109
2,1273664,574141
2,1273664,574142
2,1273664,574143
2,1273664,574144
2,1273664,574145
2,1273664,574146
2,1273664,574148
2,1273664,574150
2,1273664,574151
2,1273664,574153
2,1273664,574154
2,1273664,574197
2,1273664,574198
2,1273664,574199
2,1273664,574201
2,1273664,574202
2,1273664,574203
2,1273664,574210
2,1273664,574211
2,1273664,574212
2,1273664,574213
2,1273664,574214
2,1273664,574216
2,1273664,574217
2,1273664,574218
2,1273664,574219
2,1273664,574220
2,1273664,574221
2,1273664,574222
2,1273664,574223
2,1273664,574224
2,1273664,574225
2,1273664,574226
2,1273664,574227
2,1273664,574228
2,1273664,574229
2,1273664,574230
2,1273664,574231
2,1273664,574232
2,1273664,574233
2,1273664,574234
2,1273664,574235
2,1273664,574236
2,1273664,574237
2,1273664,574238
2,1273664,574239
2,1273664,574240
2,1273664,574241
2,1273664,574242
2,1273664,574243
2,1273664,574248
2,1273664,574253
2,1273664,574259
2,1273664,574260
2,1273664,574265
2,1273664,574267
2,1273664,574274
2,1273664,574279
2,1273664,574285
2,1273664,574313
2,1273664,574314
2,1273664,574323
2,1273664,574324
2,1273664,574325
2,1273664,574326
2,1273664,574327
2,1273664,574328
2,1273664,574509
2,1273664,575001
2,1273664,575002
2,1273664,575003
2,1273664,575004
2,1273664,575005
2,1273664,575006
2,1273664,575007
2,1273664,575008
2,1273664,575010
2,1273664,575011
2,1273664,575013
2,1273664,575014
2,1273664,575015
2,1273664,575016
2,1273664,575017
2,1273664,575018
2,1273664,575019
2,1273664,575022
2,1273664,575023
2,1273664,575025
2,1273664,575028
2,1273664,575029
2,1273664,575030
2,1273664,577228
2,1273781,752120
2,1273781,753001
2,1273781,753002
2,1273781,753003
2,1273781,753004
2,1273781,753006
2,1273781,753007
2,1273781,753008
2,1273781,753009
2,1273781,753010
2,1273781,753011
2,1273781,753012
2,1273781,753013
2,1273781,753014
2,1273781,753015
2,1273781,754001
2,1273781,754002
2,1273781,754003
2,1273781,754004
2,1273781,754005
2,1273781,754006
2,1273781,754007
2,1273781,754008
2,1273781,754009
2,1273781,754010
2,1273781,754011
2,1273781,754013
2,1273781,754018
2,1273781,754021
2,1273781,754022
2,1273781,754025
2,1273781,754026
2,1273781,754027
2,1273781,754028
2,1273781,754029
2,1273781,754030
2,1273781,754031
2,1273781,754032
2,1273781,754035
2,1273781,754037
2,1273781,754071
2,1273781,754100
2,1273781,754105
2,1273781,754112
2,1273781,754113
2,1273781,754130
2,1273781,754131
2,1273781,754200
2,1273781,754201
2,1273781,754202
2,1273781,754203
2,1273781,754204
2,1273781,754205
2,1273781,754206
2,1273781,754207
2,1273781,754208
2,1273781,754209
2,1273781,754221
2,1273781,754290
2,1273781,754293
2,1273781,754295
2,1273801,515465
2,1273801,516001
2,1273801,516002
2,1273801,516003
2,1273801,516004
2,1273801,516005
2,1273801,516101
2,1273801,516104
2,1273801,516105
2,1273801,516107
2,1273801,516108
2,1273801,516110
2,1273801,516115
2,1273801,516126
2,1273801,516127
2,1273801,516128
2,1273801,516129
2,1273801,516130
2,1273801,516150
2,1273801,516151
2,1273801,516152
2,1273801,516162
2,1273801,516163
2,1273801,516172
2,1273801,516173
2,1273801,516175
2,1273801,516193
2,1273801,516203
2,1273801,516213
2,1273801,516214
2,1273801,516215
2,1273801,516216
2,1273801,516217
2,1273801,516218
2,1273801,516227
2,1273801,516228
2,1273801,516233
2,1273801,516237
2,1273801,516247
2,1273801,516257
2,1273801,516259
2,1273801,516267
2,1273801,516268
2,1273801,516269
2,1273801,516270
2,1273801,516289
2,1273801,516293
2,1273801,516309
2,1273801,516310
2,1273801,516311
2,1273801,516312
2,1273801,516321
2,1273801,516329
2,1273801,516330
2,1273801,516339
2,1273801,516349
2,1273801,516350
2,1273801,516355
2,1273801,516356
2,1273801,516359
2,1273801,516360
2,1273801,516361
2,1273801,516362
2,1273801,516380
2,1273801,516390
2,1273801,516391
2,1273801,516396
2,1273801,516401
2,1273801,516411
2,1273801,516421
2,1273801,516431
2,1273801,516432
2,1273801,516433
2,1273801,516434
2,1273801,516439
2,1273801,516444
2,1273801,516454
2,1273801,516464
2,1273801,516474
2,1273801,516484
2,1273801,516501
2,1273801,516502
2,1273801,516503
2,1273801,516504
2,1273801,516505
2,1273866,624622
2,1273866,638103
2,1273866,638402
2,1273866,638458
2,1273866,638462
2,1273866,641001
2,1273866,641002
2,1273866,641003
2,1273866,641004
2,1273866,641006
2,1273866,641007
2,1273866,641008
2,1273866,641009
2,1273866,641010
2,1273866,641011
2,1273866,641012
2,1273866,641013
2,1273866,641014
2,1273866,641015
2,1273866,641016
2,1273866,641017
2,1273866,641018
2,1273866,641019
2,1273866,641020
2,1273866,641021
2,1273866,641022
2,1273866,641023
2,1273866,641024
2,1273866,641025
2,1273866,641026
2,1273866,641027
2,1273866,641028
2,1273866,641029
2,1273866,641030
2,1273866,641031
2,1273866,641032
2,1273866,641033
2,1273866,641035
2,1273866,641036
2,1273866,641037
2,1273866,641038
2,1273866,641039
2,1273866,641040
2,1273866,641041
2,1273866,641042
2,1273866,641043
2,1273866,641044
2,1273866,641045
2,1273866,641046
2,1273866,641047
2,1273866,641048
2,1273866,641049
2,1273866,641050
2,1273866,641062
2,1273866,641101
2,1273866,641103
2,1273866,641104
2,1273866,641105
2,1273866,641107
2,1273866,641108
2,1273866,641109
2,1273866,641110
2,1273866,641111
2,1273866,641112
2,1273866,641113
2,1273866,641114
2,1273866,641201
2,1273866,641202
2,1273866,641301
2,1273866,641302
2,1273866,641305
2,1273866,641401
2,1273866,641402
2,1273866,641601
2,1273866,641602
2,1273866,641603
2,1273866,641604
2,1273866,641605
2,1273866,641606
2,1273866,641607
2,1273866,641652
2,1273866,641653
2,1273866,641654
2,1273866,641655
2,1273866,641658
2,1273866,641659
2,1273866,641662
2,1273866,641663
2,1273866,641664
2,1273866,641665
2,1273866,641666
2,1273866,641667
2,1273866,641668
2,1273866,641669
2,1273866,641670
2,1273866,641671
2,1273866,641687
2,1273866,641697
2,1273866,642001
2,1273866,642002
2,1273866,642003
2,1273866,642004
2,1273866,642005
2,1273866,642006
2,1273866,642007
2,1273866,642101
2,1273866,642102
2,1273866,642103
2,1273866,642104
2,1273866,642105
2,1273866,642106
2,1273866,642107
2,1273866,642108
2,1273866,642109
2,1273866,642110
2,1273866,642111
2,1273866,642112
2,1273866,642113
2,1273866,642114
2,1273866,642117
2,1273866,642120
2,1273866,642122
2,1273866,642123
2,1273866,642125
2,1273866,642126
2,1273866,642127
2,1273866,642128
2,1273866,642129
2,1273866,642130
2,1273866,642132
2,1273866,642133
2,1273866,642134
2,1273866,642154
2,1273866,642201
2,1273866,642202
2,1273866,642203
2,1273866,642204
2,1273866,642205
2,1273866,642206
2,1273866,642207
2,1273894,331001
2,1273894,331021
2,1273894,331022
2,1273894,331023
2,1273894,331029
2,1273894,331031
2,1273894,331301
2,1273894,331302
2,1273894,331303
2,1273894,331304
2,1273894,331305
2,1273894,331402
2,1273894,331403
2,1273894,331411
2,1273894,331501
2,1273894,331502
2,1273894,331503
2,1273894,331504
2,1273894,331505
2,1273894,331506
2,1273894,331507
2,1273894,331517
2,1273894,331518
2,1273894,331701
2,1273894,331802
2,1273894,331811
2,1274034,517001
2,1274034,517002
2,1274034,517004
2,1274034,517101
2,1274034,517102
2,1274034,517112
2,1274034,517113
2,1274034,517123
2,1274034,517124
2,1274034,517125
2,1274034,517126
2,1274034,517127
2,1274034,517128
2,1274034,517129
2,1274034,517130
2,1274034,517131
2,1274034,517132
2,1274034,517152
2,1274034,517167
2,1274034,517172
2,1274034,517192
2,1274034,517193
2,1274034,517194
2,1274034,517213
2,1274034,517214
2,1274034,517234
2,1274034,517235
2,1274034,517236
2,1274034,517237
2,1274034,517247
2,1274034,517257
2,1274034,517277
2,1274034,517280
2,1274034,517291
2,1274034,517297
2,1274034,517299
2,1274034,517305
2,1274034,517319
2,1274034,517325
2,1274034,517326
2,1274034,517350
2,1274034,517351
2,1274034,517352
2,1274034,517370
2,1274034,517390
2,1274034,517391
2,1274034,517401
2,1274034,517403
2,1274034,517408
2,1274034,517414
2,1274034,517415
2,1274034,517416
2,1274034,517417
2,1274034,517418
2,1274034,517419
2,1274034,517421
2,1274034,517422
2,1274034,517423
2,1274034,517424
2,1274034,517425
2,1274034,517426
2,1274034,517429
2,1274034,517432
2,1274034,517501
2,1274034,517502
2,1274034,517503
2,1274034,517504
2,1274034,517505
2,1274034,517506
2,1274034,517507
2,1274034,517520
2,1274034,517526
2,1274034,517536
2,1274034,517541
2,1274034,517551
2,1274034,517561
2,1274034,517569
2,1274034,517571
2,1274034,517581
2,1274034,517582
2,1274034,517583
2,1274034,517584
2,1274034,517586
2,1274034,517587
2,1274034,517588
2,1274034,517589
2,1274034,517590
2,1274034,517591
2,1274034,517592
2,1274034,517599
2,1274034,517619
2,1274034,517620
2,1274034,517640
2,1274034,517641
2,1274034,517642
2,1274034,517643
2,1274034,517644
2,1274034,517645
2,1274034,517646
2,1274041,312001
2,1274041,312021
2,1274041,312022
2,1274041,312023
2,1274041,312024
2,1274041,312025
2,1274041,312027
2,1274041,312201
2,1274041,312202
2,1274041,312203
2,1274041,312204
2,1274041,312205
2,1274041,312206
2,1274041,312207
2,1274041,312401
2,1274041,312402
2,1274041,312403
2,1274041,312404
2,1274041,312601
2,1274041,312602
2,1274041,312603
2,1274041,312604
2,1274041,312605
2,1274041,312606
2,1274041,312612
2,1274041,312613
2,1274041,312614
2,1274041,312615
2,1274041,312616
2,1274041,312617
2,1274041,312619
2,1274041,312620
2,1274041,312622
2,1274041,312623
2,1274041,312624
2,1274041,312625
2,1274041,312626
2,1274041,312627
2,1274041,312901
2,1274041,323303
2,1274041,323304
2,1274041,323305
2,1274041,323306
2,1274041,323307
2,1274041,326501
2,1274057,577501
2,1274057,577502
2,1274057,577511
2,1274057,577515
2,1274057,577517
2,1274057,577518
2,1274057,577519
2,1274057,577520
2,1274057,577521
2,1274057,577522
2,1274057,577523
2,1274057,577524
2,1274057,577526
2,1274057,577527
2,1274057,577529
2,1274057,577531
2,1274057,577532
2,1274057,577533
2,1274057,577535
2,1274057,577536
2,1274057,577537
2,1274057,577538
2,1274057,577539
2,1274057,577540
2,1274057,577541
2,1274057,577542
2,1274057,577543
2,1274057,577545
2,1274057,577546
2,1274057,577554
2,1274057,577555
2,1274057,577557
2,1274057,577558
2,1274057,577596
2,1274057,577597
2,1274057,577598
2,1274057,577599
2,1274221,577101
2,1274221,577102
2,1274221,577111
2,1274221,577112
2,1274221,577113
2,1274221,577114
2,1274221,577116
2,1274221,577117
2,1274221,577120
2,1274221,577121
2,1274221,577122
2,1274221,577123
2,1274221,577124
2,1274221,577125
2,1274221,577126
2,1274221,577127
2,1274221,577128
2,1274221,577129
2,1274221,577130
2,1274221,577131
2,1274221,577132
2,1274221,577133
2,1274221,577134
2,1274221,577135
2,1274221,577136
2,1274221,577137
2,1274221,577138
2,1274221,577139
2,1274221,577140
2,1274221,577144
2,1274221,577145
2,1274221,577146
2,1274221,577160
2,1274221,577168
2,1274221,577175
2,1274221,577179
2,1274221,577180
2,1274221,577181
2,1274221,577182
2,1274221,577228
2,1274221,577547
2,1274221,577548
2,1274221,577549
2,1274221,577550
2,1274305,450331
2,1274305,460663
2,1274305,480001
2,1274305,480003
2,1274305,480105
2,1274305,480106
2,1274305,480107
2,1274305,480108
2,1274305,480109
2,1274305,480110
2,1274305,480111
2,1274305,480112
2,1274305,480115
2,1274305,480221
2,1274305,480223
2,1274305,480224
2,1274305,480331
2,1274305,480334
2,1274305,480337
2,1274305,480338
2,1274305,480441
2,1274305,480447
2,1274305,480449
2,1274305,480551
2,1274305,480555
2,1274305,480557
2,1274305,480559
2,1274339,471001
2,1274339,471101
2,1274339,471105
2,1274339,471111
2,1274339,471201
2,1274339,471301
2,1274339,471311
2,1274339,471313
2,1274339,471315
2,1274339,471318
2,1274339,471405
2,1274339,471408
2,1274339,471411
2,1274339,471501
2,1274339,471510
2,1274339,471515
2,1274339,471516
2,1274339,471525
2,1274339,471606
2,1274339,471625
2,1274339,472010
2,1274839,246401
2,1274839,246422
2,1274839,246424
2,1274839,246426
2,1274839,246427
2,1274839,246428
2,1274839,246429
2,1274839,246431
2,1274839,246435
2,1274839,246440
2,1274839,246441
2,1274839,246443
2,1274839,246444
2,1274839,246446
2,1274839,246449
2,1274839,246453
2,1274839,246455
2,1274839,246472
2,1274839,246473
2,1274839,246474
2,1274839,246481
2,1274839,246482
2,1274839,246483
2,1274839,246486
2,1274839,246487
2,1274839,246488
2,1274849,176207
2,1274849,176301
2,1274849,176302
2,1274849,176303
2,1274849,176304
2,1274849,176305
2,1274849,176306
2,1274849,176308
2,1274849,176309
2,1274849,176310
2,1274849,176311
2,1274849,176312
2,1274849,176313
2,1274849,176314
2,1274849,176315
2,1274849,176316
2,1274849,176317
2,1274849,176318
2,1274849,176319
2,1274849,176320
2,1274849,176321
2,1274849,176323
2,1274849,176324
2,1274849,176325
2,1274849,176326
2,1274988,670001
2,1274988,670002
2,1274988,670003
2,1274988,670005
2,1274988,670006
2,1274988,670007
2,1274988,670008
2,1274988,670009
2,1274988,670010
2,1274988,670011
2,1274988,670012
2,1274988,670013
2,1274988,670014
2,1274988,670017
2,1274988,670018
2,1274988,670101
2,1274988,670102
2,1274988,670103
2,1274988,670104
2,1274988,670105
2,1274988,670107
2,1274988,670141
2,1274988,670142
2,1274988,670143
2,1274988,670301
2,1274988,670302
2,1274988,670303
2,1274988,670304
2,1274988,670305
2,1274988,670306
2,1274988,670307
2,1274988,670308
2,1274988,670309
2,1274988,670310
2,1274988,670325
2,1274988,670327
2,1274988,670331
2,1274988,670334
2,1274988,670353
2,1274988,670358
2,1274988,670501
2,1274988,670502
2,1274988,670503
2,1274988,670504
2,1274988,670511
2,1274988,670521
2,1274988,670561
2,1274988,670562
2,1274988,670563
2,1274988,670567
2,1274988,670571
2,1274988,670581
2,1274988,670582
2,1274988,670591
2,1274988,670592
2,1274988,670593
2,1274988,670594
2,1274988,670595
2,1274988,670601
2,1274988,670602
2,1274988,670604
2,1274988,670611
2,1274988,670612
2,1274988,670613
2,1274988,670621
2,1274988,670622
2,1274988,670631
2,1274988,670632
2,1274988,670633
2,1274988,670641
2,1274988,670642
2,1274988,670643
2,1274988,670649
2,1274988,670650
2,1274988,670651
2,1274988,670661
2,1274988,670662
2,1274988,670663
2,1274988,670671
2,1274988,670672
2,1274988,670673
2,1274988,670674
2,1274988,670675
2,1274988,670676
2,1274988,670691
2,1274988,670692
2,1274988,670693
2,1274988,670694
2,1274988,670701
2,1274988,670702
2,1274988,670703
2,1274988,670704
2,1274988,670705
2,1274988,670706
2,1274988,670741
2,1274988,673311
2,1274988,673312
2,1274988,673313
2,1274988,673316
2,1275005,700001
2,1275005,700002
2,1275005,700003
2,1275005,700004
2,1275005,700005
2,1275005,700006
2,1275005,700007
2,1275005,700008
2,1275005,700009
2,1275005,700010
2,1275005,700011
2,1275005,700012
2,1275005,700013
2,1275005,700014
2,1275005,700015
2,1275005,700016
2,1275005,700017
2,1275005,700018
2,1275005,700019
2,1275005,700020
2,1275005,700021
2,1275005,700022
2,1275005,700023
2,1275005,700024
2,1275005,700025
2,1275005,700026
2,1275005,700027
2,1275005,700028
2,1275005,700029
2,1275005,700030
2,1275005,700031
2,1275005,700032
2,1275005,700033
2,1275005,700034
2,1275005,700035
2,1275005,700036
2,1275005,700037
2,1275005,700038
2,1275005,700040
2,1275005,700041
2,1275005,700042
2,1275005,700043
2,1275005,700044
2,1275005,700045
2,1275005,700046
2,1275005,700047
2,1275005,700050
2,1275005,700052
2,1275005,700053
2,1275005,700054
2,1275005,700060
2,1275005,700061
2,1275005,700062
2,1275005,700063
2,1275005,700065
2,1275005,700066
2,1275005,700067
2,1275005,700068
2,1275005,700069
2,1275005,700071
2,1275005,700072
2,1275005,700073
2,1275005,700074
2,1275005,700075
2,1275005,700077
2,1275005,700078
2,1275005,700080
2,1275005,700082
2,1275005,700085
2,1275005,700086
2,1275005,700087
2,1275005,700088
2,1275005,700089
2,1275005,700090
2,1275005,700092
2,1275005,700094
2,1275005,700095
2,1275005,700099
2,1275005,700108
2,1275009,788001
2,1275009,788002
2,1275009,788003
2,1275009,788004
2,1275009,788005
2,1275009,788006
2,1275009,788007
2,1275009,788009
2,1275009,788010
2,1275009,788011
2,1275009,788013
2,1275009,788014
2,1275009,788015
2,1275009,788025
2,1275009,788026
2,1275009,788030
2,1275009,788031
2,1275009,788098
2,1275009,788099
2,1275009,788101
2,1275009,788102
2,1275009,788103
2,1275009,788104
2,1275009,788106
2,1275009,788107
2,1275009,788108
2,1275009,788109
2,1275009,788110
2,1275009,788111
2,1275009,788112
2,1275009,788113
2,1275009,788114
2,1275009,788115
2,1275009,788116
2,1275009,788117
2,1275009,788118
2,1275009,788119
2,1275009,788120
2,1275009,788121
2,1275009,788123
2,1275009,788126
2,1275009,788127
2,1275009,788150
2,1275009,788161
2,1275009,788801
2,1275009,788804
2,1275009,788805
2,1275009,788815
2,1275009,788816
2,1275009,788817
2,1275104,323001
2,1275104,323021
2,1275104,323022
2,1275104,323023
2,1275104,323024
2,1275104,323025
2,1275104,323026
2,1275104,323301
2,1275104,323601
2,1275104,323602
2,1275104,323603
2,1275104,323613
2,1275104,323614
2,1275104,323615
2,1275104,323616
2,1275104,323801
2,1275104,323802
2,1275104,323803
2,1275118,443001
2,1275118,443002
2,1275118,443101
2,1275118,443102
2,1275118,443103
2,1275118,443104
2,1275118,443106
2,1275118,443112
2,1275118,443201
2,1275118,443202
2,1275118,443203
2,1275118,443204
2,1275118,443206
2,1275118,443301
2,1275118,443302
2,1275118,443303
2,1275118,443304
2,1275118,443308
2,1275118,443401
2,1275118,443402
2,1275118,443403
2,1275118,443404
2,1275118,444201
2,1275118,444202
2,1275118,444203
2,1275118,444204
2,1275118,444301
2,1275118,444303
2,1275118,444304
2,1275118,444306
2,1275118,444312
2,1275121,203001
2,1275121,203002
2,1275121,203129
2,1275121,203131
2,1275121,203132
2,1275121,203141
2,1275121,203150
2,1275121,203155
2,1275121,203201
2,1275121,203202
2,1275121,203203
2,1275121,203205
2,1275121,203206
2,1275121,203389
2,1275121,203390
2,1275121,203391
2,1275121,203392
2,1275121,203393
2,1275121,203394
2,1275121,203395
2,1275121,203396
2,1275121,203397
2,1275121,203398
2,1275121,203399
2,1275121,203401
2,1275121,203402
2,1275121,203403
2,1275121,203405
2,1275121,203407
2,1275121,203408
2,1275121,203409
2,1275121,203411
2,1275121,203412
2,1275164,242021
2,1275164,243601
2,1275164,243630
2,1275164,243631
2,1275164,243632
2,1275164,243633
2,1275164,243634
2,1275164,243635
2,1275164,243636
2,1275164,243637
2,1275164,243638
2,1275164,243639
2,1275164,243641
2,1275164,243720
2,1275164,243722
2,1275164,243723
2,1275164,243724
2,1275164,243725
2,1275164,243726
2,1275164,243727
2,1275164,243751
2,1275525,731101
2,1275525,731102
2,1275525,731103
2,1275525,731104
2,1275525,731121
2,1275525,731123
2,1275525,731124
2,1275525,731125
2,1275525,731126
2,1275525,731127
2,1275525,731129
2,1275525,731130
2,1275525,731132
2,1275525,731133
2,1275525,731201
2,1275525,731202
2,1275525,731204
2,1275525,731214
2,1275525,731215
2,1275525,731216
2,1275525,731218
2,1275525,731219
2,1275525,731220
2,1275525,731221
2,1275525,731222
2,1275525,731223
2,1275525,731224
2,1275525,731233
2,1275525,731234
2,1275525,731235
2,1275525,731236
2,1275525,731237
2,1275525,731238
2,1275525,731240
2,1275525,731241
2,1275525,731242
2,1275525,731243
2,1275525,731244
2,1275525,731245
2,1275525,731301
2,1275525,731302
2,1275525,731303
2,1275525,731304
2,1275540,413207
2,1275540,413229
2,1275540,413249
2,1275540,414202
2,1275540,414203
2,1275540,414204
2,1275540,414205
2,1275540,414208
2,1275540,431122
2,1275540,431123
2,1275540,431124
2,1275540,431125
2,1275540,431126
2,1275540,431127
2,1275540,431128
2,1275540,431129
2,1275540,431130
2,1275540,431131
2,1275540,431142
2,1275540,431143
2,1275540,431144
2,1275540,431153
2,1275540,431515
2,1275540,431517
2,1275540,431518
2,1275540,431519
2,1275540,431520
2,1275540,431523
2,1275540,431530
2,1275639,495001
2,1275639,495003
2,1275639,495004
2,1275639,495006
2,1275639,495009
2,1275639,495112
2,1275639,495113
2,1275639,495115
2,1275639,495116
2,1275639,495117
2,1275639,495118
2,1275639,495119
2,1275639,495220
2,1275639,495222
2,1275639,495224
2,1275639,495330
2,1275639,495334
2,1275639,495335
2,1275639,495442
2,1275639,495550
2,1275639,495551
2,1275639,495555
2,1275639,495663
2,1275666,331801
2,1275666,331803
2,1275666,331811
2,1275666,334001
2,1275666,334003
2,1275666,334004
2,1275666,334006
2,1275666,334021
2,1275666,334022
2,1275666,334023
2,1275666,334201
2,1275666,334202
2,1275666,334302
2,1275666,334303
2,1275666,334305
2,1275666,334401
2,1275666,334402
2,1275666,334403
2,1275666,334601
2,1275666,334602
2,1275666,334603
2,1275666,334604
2,1275666,334801
2,1275666,334802
2,1275666,334803
2,1275666,334804
2,1275666,334808
2,1275680,246701
2,1275680,246721
2,1275680,246722
2,1275680,246723
2,1275680,246724
2,1275680,246725
2,1275680,246726
2,1275680,246727
2,1275680,246728
2,1275680,246729
2,1275680,246731
2,1275680,246732
2,1275680,246733
2,1275680,246734
2,1275680,246735
2,1275680,246736
2,1275680,246737
2,1275680,246745
2,1275680,246746
2,1275680,246747
2,1275680,246749
2,1275680,246761
2,1275680,246762
2,1275680,246763
2,1275680,246764
2,1275702,586101
2,1275702,586102
2,1275702,586103
2,1275702,586104
2,1275702,586105
2,1275702,586108
2,1275702,586109
2,1275702,586111
2,1275702,586112
2,1275702,586113
2,1275702,586114
2,1275702,586115
2,1275702,586116
2,1275702,586117
2,1275702,586118
2,1275702,586119
2,1275702,586120
2,1275702,586121
2,1275702,586122
2,1275702,586123
2,1275702,586124
2,1275702,586125
2,1275702,586127
2,1275702,586128
2,1275702,586129
2,1275702,586130
2,1275702,586201
2,1275702,586202
2,1275702,586203
2,1275702,586204
2,1275702,586205
2,1275702,586206
2,1275702,586207
2,1275702,586208
2,1275702,586209
2,1275702,586210
2,1275702,586211
2,1275702,586212
2,1275702,586213
2,1275702,586214
2,1275702,586215
2,1275702,586216
2,1275702,586217
2,1275702,587117
2,1275739,585226
2,1275739,585227
2,1275739,585326
2,1275739,585327
2,1275739,585328
2,1275739,585329
2,1275739,585330
2,1275739,585331
2,1275739,585353
2,1275739,585401
2,1275739,585402
2,1275739,585403
2,1275739,585411
2,1275739,585412
2,1275739,585413
2,1275739,585414
2,1275739,585415
2,1275739,585416
2,1275739,585417
2,1275739,585418
2,1275739,585419
2,1275739,585421
2,1275739,585436
2,1275739,585437
2,1275739,585443
2,1275739,585444
2,1275842,462001
2,1275842,462002
2,1275842,462003
2,1275842,462004
2,1275842,462008
2,1275842,462010
2,1275842,462011
2,1275842,462016
2,1275842,462020
2,1275842,462022
2,1275842,462023
2,1275842,462024
2,1275842,462026
2,1275842,462027
2,1275842,462030
2,1275842,462031
2,1275842,462033
2,1275842,462036
2,1275842,462037
2,1275842,462038
2,1275842,462039
2,1275842,462040
2,1275842,462041
2,1275842,462042
2,1275842,462043
2,1275842,462044
2,1275842,462045
2,1275842,462046
2,1275842,462047
2,1275842,462066
2,1275842,462100
2,1275842,462101
2,1275842,462120
2,1275842,463106
2,1275842,463111
2,1275842,464993
2,1275871,802152
2,1275871,802154
2,1275871,802155
2,1275871,802156
2,1275871,802157
2,1275871,802158
2,1275871,802159
2,1275871,802160
2,1275871,802161
2,1275871,802162
2,1275871,802163
2,1275871,802164
2,1275871,802165
2,1275871,802166
2,1275871,802183
2,1275871,802201
2,1275871,802202
2,1275871,802203
2,1275871,802204
2,1275871,802205
2,1275871,802206
2,1275871,802207
2,1275871,802208
2,1275871,802209
2,1275871,802210
2,1275871,802222
2,1275871,802223
2,1275871,802301
2,1275871,802302
2,1275871,802311
2,1275871,802312
2,1275871,802313
2,1275871,802314
2,1275871,802316
2,1275871,802351
2,1275871,802352
2,1275871,841312
2,1275900,127021
2,1275900,127022
2,1275900,127025
2,1275900,127026
2,1275900,127027
2,1275900,127028
2,1275900,127029
2,1275900,127030
2,1275900,127031
2,1275900,127032
2,1275900,127035
2,1275900,127040
2,1275900,127041
2,1275900,127042
2,1275900,127043
2,1275900,127045
2,1275900,127046
2,1275900,127111
2,1275900,127114
2,1275900,127201
2,1275900,127306
2,1275900,127307
2,1275900,127308
2,1275900,127309
2,1275900,127310
2,1275900,127311
2,1275900,127312
2,1275927,475110
2,1275927,475115
2,1275927,477001
2,1275927,477105
2,1275927,477111
2,1275927,477116
2,1275927,477117
2,1275927,477222
2,1275927,477227
2,1275927,477331
2,1275927,477332
2,1275927,477333
2,1275927,477335
2,1275927,477441
2,1275927,477445
2,1275927,477446
2,1275927,477447
2,1275927,477449
2,1275927,477555
2,1275927,477557
2,1275927,477566
2,1275927,477660
2,1275961,311001
2,1275961,311011
2,1275961,311021
2,1275961,311022
2,1275961,311023
2,1275961,311024
2,1275961,311025
2,1275961,311026
2,1275961,311030
2,1275961,311201
2,1275961,311202
2,1275961,311203
2,1275961,311204
2,1275961,311301
2,1275961,311302
2,1275961,311401
2,1275961,311402
2,1275961,311403
2,1275961,311404
2,1275961,311407
2,1275961,311408
2,1275961,311601
2,1275961,311602
2,1275961,311603
2,1275961,311604
2,1275961,311605
2,1275961,311606
2,1275961,311801
2,1275961,311802
2,1275961,311803
2,1275961,311804
2,1275961,311805
2,1275961,311806
2,1276033,360050
2,1276033,364001
2,1276033,364002
2,1276033,364003
2,1276033,364004
2,1276033,364005
2,1276033,364006
2,1276033,364050
2,1276033,364060
2,1276033,364070
2,1276033,364081
2,1276033,364110
2,1276033,364120
2,1276033,364130
2,1276033,364135
2,1276033,364140
2,1276033,364145
2,1276033,364150
2,1276033,364210
2,1276033,364230
2,1276033,364240
2,1276033,364250
2,1276033,364260
2,1276033,364265
2,1276033,364270
2,1276033,364275
2,1276033,364280
2,1276033,364290
2,1276033,364295
2,1276033,364310
2,1276033,364313
2,1276033,364320
2,1276033,364330
2,1276033,364505
2,1276033,364510
2,1276033,364530
2,1276033,364710
2,1276033,364720
2,1276033,364730
2,1276033,364740
2,1276033,364750
2,1276033,364760
2,1276033,364765
2,1276071,151001
2,1276071,151002
2,1276071,151003
2,1276071,151004
2,1276071,151005
2,1276071,151101
2,1276071,151102
2,1276071,151103
2,1276071,151104
2,1276071,151105
2,1276071,151106
2,1276071,151108
2,1276071,151111
2,1276071,151201
2,1276071,151206
2,1276071,151301
2,1276071,151302
2,1276071,151401
2,1276071,151501
2,1276071,151509
2,1276101,391810
2,1276101,392001
2,1276101,392011
2,1276101,392012
2,1276101,392015
2,1276101,392020
2,1276101,392025
2,1276101,392030
2,1276101,392035
2,1276101,392040
2,1276101,392110
2,1276101,392130
2,1276101,392135
2,1276101,392140
2,1276101,392150
2,1276101,392155
2,1276101,392160
2,1276101,392165
2,1276101,392170
2,1276101,392180
2,1276101,392210
2,1276101,392215
2,1276101,392220
2,1276101,392230
2,1276101,392240
2,1276101,393001
2,1276101,393002
2,1276101,393010
2,1276101,393017
2,1276101,393020
2,1276101,393025
2,1276101,393030
2,1276101,393040
2,1276101,393041
2,1276101,393050
2,1276101,393110
2,1276101,393115
2,1276101,393120
2,1276101,393125
2,1276101,393130
2,1276101,393135
2,1276101,393145
2,1276101,393150
2,1276101,393151
2,1276101,393155
2,1276101,394115
2,1276101,394116
2,1276101,394810
2,1276130,321001
2,1276130,321021
2,1276130,321022
2,1276130,321023
2,1276130,321024
2,1276130,321025
2,1276130,321026
2,1276130,321028
2,1276130,321201
2,1276130,321202
2,1276130,321203
2,1276130,321204
2,1276130,321205
2,1276130,321206
2,1276130,321301
2,1276130,321302
2,1276130,321303
2,1276130,321401
2,1276130,321402
2,1276130,321403
2,1276130,321404
2,1276130,321405
2,1276130,321406
2,1276130,321407
2,1276130,321408
2,1276130,321409
2,1276130,321410
2,1276130,321411
2,1276130,321601
2,1276130,321602
2,1276130,321614
2,1276130,321615
2,1276130,321642
2,1276192,441802
2,1276192,441803
2,1276192,441804
2,1276192,441805
2,1276192,441809
2,1276192,441903
2,1276192,441904
2,1276192,441905
2,1276192,441906
2,1276192,441907
2,1276192,441908
2,1276192,441909
2,1276192,441910
2,1276192,441912
2,1276192,441913
2,1276192,441914
2,1276192,441915
2,1276192,441924
2,1276301,811211
2,1276301,812001
2,1276301,812002
2,1276301,812003
2,1276301,812004
2,1276301,812005
2,1276301,812006
2,1276301,812007
2,1276301,813101
2,1276301,813105
2,1276301,813108
2,1276301,813113
2,1276301,813203
2,1276301,813204
2,1276301,813205
2,1276301,813206
2,1276301,813209
2,1276301,813210
2,1276301,813212
2,1276301,813213
2,1276301,813214
2,1276301,813221
2,1276301,813222
2,1276301,853201
2,1276301,853202
2,1276301,853203
2,1276301,853204
2,1276301,853205
2,1276391,460001
2,1276391,460004
2,1276391,460110
2,1276391,460220
2,1276391,460225
2,1276391,460330
2,1276391,460440
2,1276391,460443
2,1276391,460449
2,1276391,460551
2,1276391,460553
2,1276391,460554
2,1276391,460557
2,1276391,460661
2,1276391,460663
2,1276391,460665
2,1276391,460666
2,1276391,460668
2,1276391,461228
2,1276391,480106
2,1276391,480441
2,1276510,583101
2,1276510,583102
2,1276510,583103
2,1276510,583104
2,1276510,583105
2,1276510,583111
2,1276510,583112
2,1276510,583113
2,1276510,583114
2,1276510,583115
2,1276510,583116
2,1276510,583117
2,1276510,583118
2,1276510,583119
2,1276510,583120
2,1276510,583121
2,1276510,583122
2,1276510,583123
2,1276510,583124
2,1276510,583126
2,1276510,583128
2,1276510,583129
2,1276510,583130
2,1276510,583132
2,1276510,583134
2,1276510,583135
2,1276510,583136
2,1276510,583152
2,1276510,583153
2,1276510,583154
2,1276510,583201
2,1276510,583203
2,1276510,583211
2,1276510,583212
2,1276510,583214
2,1276510,583215
2,1276510,583216
2,1276510,583217
2,1276510,583218
2,1276510,583219
2,1276510,583220
2,1276510,583221
2,1276510,583222
2,1276510,583223
2,1276510,583224
2,1276510,583225
2,1276510,583239
2,1276510,583275
2,1276510,583276
2,1276534,590001
2,1276534,590003
2,1276534,590005
2,1276534,590006
2,1276534,590008
2,1276534,590009
2,1276534,590010
2,1276534,590011
2,1276534,590014
2,1276534,590015
2,1276534,590016
2,1276534,590017
2,1276534,590018
2,1276534,590019
2,1276534,590020
2,1276534,591101
2,1276534,591102
2,1276534,591103
2,1276534,591104
2,1276534,591106
2,1276534,591107
2,1276534,591108
2,1276534,591109
2,1276534,591110
2,1276534,591111
2,1276534,591112
2,1276534,591113
2,1276534,591114
2,1276534,591115
2,1276534,591117
2,1276534,591118
2,1276534,591119
2,1276534,591120
2,1276534,591121
2,1276534,591122
2,1276534,591123
2,1276534,591124
2,1276534,591125
2,1276534,591126
2,1276534,591127
2,1276534,591128
2,1276534,591129
2,1276534,591130
2,1276534,591131
2,1276534,591136
2,1276534,591143
2,1276534,591147
2,1276534,591153
2,1276534,591156
2,1276534,591173
2,1276534,591201
2,1276534,591211
2,1276534,591212
2,1276534,591213
2,1276534,591214
2,1276534,591215
2,1276534,591216
2,1276534,591217
2,1276534,591218
2,1276534,591219
2,1276534,591220
2,1276534,591221
2,1276534,591222
2,1276534,591223
2,1276534,591224
2,1276534,591225
2,1276534,591226
2,1276534,591227
2,1276534,591228
2,1276534,591229
2,1276534,591230
2,1276534,591231
2,1276534,591232
2,1276534,591233
2,1276534,591234
2,1276534,591235
2,1276534,591236
2,1276534,591237
2,1276534,591238
2,1276534,591239
2,1276534,591240
2,1276534,591241
2,1276534,591242
2,1276534,591243
2,1276534,591244
2,1276534,591246
2,1276534,591247
2,1276534,591248
2,1276534,591254
2,1276534,591263
2,1276534,591265
2,1276534,591287
2,1276534,591301
2,1276534,591302
2,1276534,591303
2,1276534,591304
2,1276534,591305
2,1276534,591306
2,1276534,591307
2,1276534,591309
2,1276534,591310
2,1276534,591311
2,1276534,591312
2,1276534,591313
2,1276534,591314
2,1276534,591315
2,1276534,591316
2,1276534,591317
2,1276534,591340
2,1276534,591344
2,1276534,591345
2,1276534,591346
2,1276610,811106
2,1276610,848201
2,1276610,848202
2,1276610,848204
2,1276610,851101
2,1276610,851111
2,1276610,851112
2,1276610,851113
2,1276610,851114
2,1276610,851115
2,1276610,851116
2,1276610,851117
2,1276610,851118
2,1276610,851120
2,1276610,851126
2,1276610,851127
2,1276610,851128
2,1276610,851129
2,1276610,851130
2,1276610,851131
2,1276610,851132
2,1276610,851133
2,1276610,851134
2,1276610,851210
2,1276610,851211
2,1276610,851215
2,1276610,851217
2,1276610,851218
2,1276737,271305
2,1276737,272001
2,1276737,272002
2,1276737,272123
2,1276737,272124
2,1276737,272125
2,1276737,272126
2,1276737,272127
2,1276737,272128
2,1276737,272129
2,1276737,272130
2,1276737,272131
2,1276737,272148
2,1276737,272150
2,1276737,272151
2,1276737,272153
2,1276737,272155
2,1276737,272161
2,1276737,272163
2,1276737,272165
2,1276737,272171
2,1276737,272175
2,1276737,272177
2,1276737,272178
2,1276737,272181
2,1276737,272182
2,1276737,272190
2,1276737,272191
2,1276737,272194
2,1276737,272201
2,1276737,272301
2,1276737,272302
2,1276739,494001
2,1276739,494010
2,1276739,494111
2,1276739,494221
2,1276739,494222
2,1276739,494223
2,1276739,494224
2,1276739,494226
2,1276739,494228
2,1276739,494229
2,1276739,494230
2,1276739,494237
2,1276739,494331
2,1276739,494347
2,1276739,494442
2,1276902,344001
2,1276902,344011
2,1276902,344012
2,1276902,344021
2,1276902,344022
2,1276902,344024
2,1276902,344025
2,1276902,344026
2,1276902,344027
2,1276902,344031
2,1276902,344032
2,1276902,344033
2,1276902,344034
2,1276902,344035
2,1276902,344037
2,1276902,344043
2,1276902,344044
2,1276902,344501
2,1276902,344502
2,1276902,344701
2,1276902,344702
2,1276902,344703
2,1276902,344704
2,1276902,344705
2,1276902,344706
2,1276902,344708
2,1276902,344801
2,1277014,243001
2,1277014,243002
2,1277014,243003
2,1277014,243004
2,1277014,243005
2,1277014,243006
2,1277014,243122
2,1277014,243123
2,1277014,243126
2,1277014,243201
2,1277014,243202
2,1277014,243203
2,1277014,243301
2,1277014,243302
2,1277014,243303
2,1277014,243401
2,1277014,243402
2,1277014,243403
2,1277014,243407
2,1277014,243501
2,1277014,243502
2,1277014,243503
2,1277014,243504
2,1277014,243505
2,1277014,243506
2,1277014,262201
2,1277014,262203
2,1277014,262302
2,1277014,262406
2,1277030,712410
2,1277030,713101
2,1277030,713102
2,1277030,713103
2,1277030,713104
2,1277030,713121
2,1277030,713122
2,1277030,713123
2,1277030,713124
2,1277030,713125
2,1277030,713126
2,1277030,713127
2,1277030,713128
2,1277030,713129
2,1277030,713130
2,1277030,713131
2,1277030,713132
2,1277030,713140
2,1277030,713141
2,1277030,713142
2,1277030,713143
2,1277030,713144
2,1277030,713145
2,1277030,713146
2,1277030,713147
2,1277030,713148
2,1277030,713149
2,1277030,713150
2,1277030,713151
2,1277030,713152
2,1277030,713153
2,1277030,713154
2,1277030,713156
2,1277030,713166
2,1277030,713201
2,1277030,713202
2,1277030,713203
2,1277030,713204
2,1277030,713205
2,1277030,713206
2,1277030,713207
2,1277030,713209
2,1277030,713210
2,1277030,713211
2,1277030,713212
2,1277030,713213
2,1277030,713214
2,1277030,713215
2,1277030,713216
2,1277030,713217
2,1277030,713321
2,1277030,713322
2,1277030,713323
2,1277030,713337
2,1277030,713338
2,1277030,713342
2,1277030,713346
2,1277030,713347
2,1277030,713358
2,1277030,713362
2,1277030,713363
2,1277030,713376
2,1277030,713378
2,1277030,713381
2,1277030,713384
2,1277030,713385
2,1277030,713401
2,1277030,713402
2,1277030,713403
2,1277030,713404
2,1277030,713405
2,1277030,713406
2,1277030,713407
2,1277030,713408
2,1277030,713409
2,1277030,713420
2,1277030,713421
2,1277030,713422
2,1277030,713423
2,1277030,713424
2,1277030,713426
2,1277030,713427
2,1277030,713428
2,1277030,713502
2,1277030,713512
2,1277030,713513
2,1277030,713514
2,1277030,713515
2,1277030,713519
2,1277030,713520
2,1277086,192125
2,1277086,193101
2,1277086,193103
2,1277086,193108
2,1277086,193109
2,1277086,193121
2,1277086,193122
2,1277086,193123
2,1277086,193201
2,1277086,193301
2,1277086,193302
2,1277086,193303
2,1277086,193401
2,1277086,193402
2,1277086,193404
2,1277086,193501
2,1277086,193502
2,1277086,193503
2,1277086,193504
2,1277159,225001
2,1277159,225002
2,1277159,225003
2,1277159,225119
2,1277159,225120
2,1277159,225121
2,1277159,225122
2,1277159,225123
2,1277159,225124
2,1277159,225125
2,1277159,225126
2,1277159,225201
2,1277159,225202
2,1277159,225203
2,1277159,225204
2,1277159,225205
2,1277159,225206
2,1277159,225207
2,1277159,225208
2,1277159,225301
2,1277159,225302
2,1277159,225303
2,1277159,225304
2,1277159,225305
2,1277159,225306
2,1277159,225401
2,1277159,225403
2,1277159,225404
2,1277159,225405
2,1277159,225409
2,1277159,225412
2,1277159,225413
2,1277159,225414
2,1277159,225415
2,1277159,225416
2,1277215,327001
2,1277215,327021
2,1277215,327022
2,1277215,327023
2,1277215,327024
2,1277215,327025
2,1277215,327026
2,1277215,327027
2,1277215,327031
2,1277215,327032
2,1277215,327034
2,1277215,327601
2,1277215,327602
2,1277215,327603
2,1277215,327604
2,1277215,327605
2,1277215,327606
2,1277215,327801
2,1277265,713150
2,1277265,713513
2,1277265,713514
2,1277265,722101
2,1277265,722102
2,1277265,722121
2,1277265,722122
2,1277265,722132
2,1277265,722133
2,1277265,722134
2,1277265,722135
2,1277265,722136
2,1277265,722137
2,1277265,722138
2,1277265,722139
2,1277265,722140
2,1277265,722141
2,1277265,722142
2,1277265,722143
2,1277265,722144
2,1277265,722146
2,1277265,722147
2,1277265,722148
2,1277265,722149
2,1277265,722150
2,1277265,722151
2,1277265,722152
2,1277265,722153
2,1277265,722154
2,1277265,722155
2,1277265,722156
2,1277265,722157
2,1277265,722158
2,1277265,722160
2,1277265,722161
2,1277265,722162
2,1277265,722164
2,1277265,722173
2,1277265,722183
2,1277265,722201
2,1277265,722202
2,1277265,722203
2,1277265,722204
2,1277265,722205
2,1277265,722206
2,1277265,722207
2,1277265,722208
2,1277332,560001
2,1277332,560002
2,1277332,560003
2,1277332,560004
2,1277332,560005
2,1277332,560006
2,1277332,560007
2,1277332,560008
2,1277332,560009
2,1277332,560010
2,1277332,560011
2,1277332,560012
2,1277332,560013
2,1277332,560015
2,1277332,560016
2,1277332,560017
2,1277332,560018
2,1277332,560020
2,1277332,560021
2,1277332,560022
2,1277332,560023
2,1277332,560024
2,1277332,560025
2,1277332,560026
2,1277332,560027
2,1277332,560029
2,1277332,560030
2,1277332,560032
2,1277332,560033
2,1277332,560034
2,1277332,560035
2,1277332,560036
2,1277332,560037
2,1277332,560038
2,1277332,560040
2,1277332,560041
2,1277332,560042
2,1277332,560043
2,1277332,560045
2,1277332,560046
2,1277332,560047
2,1277332,560048
2,1277332,560049
2,1277332,560050
2,1277332,560051
2,1277332,560053
2,1277332,560054
2,1277332,560055
2,1277332,560056
2,1277332,560057
2,1277332,560058
2,1277332,560059
2,1277332,560060
2,1277332,560061
2,1277332,560062
2,1277332,560063
2,1277332,560064
2,1277332,560065
2,1277332,560066
2,1277332,560067
2,1277332,560068
2,1277332,560070
2,1277332,560071
2,1277332,560072
2,1277332,560073
2,1277332,560074
2,1277332,560075
2,1277332,560076
2,1277332,560077
2,1277332,560078
2,1277332,560079
2,1277332,560080
2,1277332,560081
2,1277332,560082
2,1277332,560083
2,1277332,560084
2,1277332,560085
2,1277332,560086
2,1277332,560087
2,1277332,560088
2,1277332,560089
2,1277332,560090
2,1277332,560091
2,1277332,560092
2,1277332,560093
2,1277332,560094
2,1277332,560095
2,1277332,560096
2,1277332,560097
2,1277332,560098
2,1277332,560099
2,1277332,560100
2,1277332,560102
2,1277332,560103
2,1277332,560104
2,1277332,560105
2,1277332,560107
2,1277332,560108
2,1277332,560109
2,1277332,560110
2,1277332,560111
2,1277332,560112
2,1277332,560113
2,1277332,560114
2,1277332,560115
2,1277332,560116
2,1277332,560117
2,1277332,560300
2,1277332,560500
2,1277332,561101
2,1277332,561201
2,1277332,561203
2,1277332,561204
2,1277332,561205
2,1277332,562106
2,1277332,562107
2,1277332,562110
2,1277332,562111
2,1277332,562114
2,1277332,562119
2,1277332,562122
2,1277332,562123
2,1277332,562125
2,1277332,562127
2,1277332,562129
2,1277332,562130
2,1277332,562131
2,1277332,562132
2,1277332,562135
2,1277332,562149
2,1277332,562157
2,1277332,562162
2,1277332,562163
2,1277332,562164
2,1277400,210001
2,1277400,210120
2,1277400,210121
2,1277400,210123
2,1277400,210125
2,1277400,210126
2,1277400,210128
2,1277400,210129
2,1277400,210201
2,1277400,210202
2,1277400,210203
2,1277400,210206
2,1277400,210207
2,1277400,210208
2,1277400,210209
2,1277417,385001
2,1277417,385010
2,1277417,385110
2,1277417,385120
2,1277417,385130
2,1277417,385135
2,1277417,385210
2,1277417,385310
2,1277417,385320
2,1277417,385330
2,1277417,385410
2,1277417,385421
2,1277417,385505
2,1277417,385506
2,1277417,385510
2,1277417,385515
2,1277417,385520
2,1277417,385530
2,1277417,385535
2,1277417,385540
2,1277417,385545
2,1277417,385550
2,1277417,385555
2,1277417,385560
2,1277417,385565
2,1277417,385566
2,1277417,385570
2,1277417,385575
2,1277553,221701
2,1277553,221709
2,1277553,221711
2,1277553,221712
2,1277553,221713
2,1277553,221715
2,1277553,221716
2,1277553,221717
2,1277553,221718
2,1277553,277001
2,1277553,277121
2,1277553,277123
2,1277553,277124
2,1277553,277201
2,1277553,277202
2,1277553,277203
2,1277553,277204
2,1277553,277205
2,1277553,277207
2,1277553,277208
2,1277553,277209
2,1277553,277210
2,1277553,277211
2,1277553,277213
2,1277553,277214
2,1277553,277216
2,1277553,277219
2,1277553,277301
2,1277553,277302
2,1277553,277303
2,1277553,277304
2,1277553,277401
2,1277553,277402
2,1277553,277403
2,1277553,277501
2,1277553,277502
2,1277553,277503
2,1277553,277504
2,1277553,277506
2,1277600,756001
2,1277600,756002
2,1277600,756003
2,1277600,756019
2,1277600,756020
2,1277600,756021
2,1277600,756022
2,1277600,756023
2,1277600,756024
2,1277600,756025
2,1277600,756026
2,1277600,756027
2,1277600,756028
2,1277600,756029
2,1277600,756030
2,1277600,756032
2,1277600,756033
2,1277600,756034
2,1277600,756035
2,1277600,756036
2,1277600,756037
2,1277600,756038
2,1277600,756039
2,1277600,756040
2,1277600,756041
2,1277600,756042
2,1277600,756043
2,1277600,756044
2,1277600,756045
2,1277600,756046
2,1277600,756047
2,1277600,756048
2,1277600,756049
2,1277600,756051
2,1277600,756055
2,1277600,756056
2,1277600,756058
2,1277600,756059
2,1277600,756060
2,1277600,756079
2,1277600,756080
2,1277600,756081
2,1277600,756083
2,1277600,756084
2,1277600,756085
2,1277600,756086
2,1277600,756087
2,1277600,756115
2,1277600,756126
2,1277600,756133
2,1277600,756134
2,1277600,756166
2,1277600,756182
2,1277644,767001
2,1277644,767002
2,1277644,767016
2,1277644,767020
2,1277644,767021
2,1277644,767022
2,1277644,767023
2,1277644,767024
2,1277644,767025
2,1277644,767026
2,1277644,767027
2,1277644,767028
2,1277644,767029
2,1277644,767030
2,1277644,767032
2,1277644,767033
2,1277644,767035
2,1277644,767037
2,1277644,767038
2,1277644,767039
2,1277644,767040
2,1277644,767041
2,1277644,767042
2,1277644,767046
2,1277644,767048
2,1277644,767060
2,1277644,767061
2,1277644,767065
2,1277644,767066
2,1277644,767067
2,1277644,767068
2,1277644,767070
2,1277644,767071
2,1277662,481001
2,1277662,481051
2,1277662,481102
2,1277662,481105
2,1277662,481111
2,1277662,481115
2,1277662,481116
2,1277662,481117
2,1277662,481222
2,1277662,481224
2,1277662,481226
2,1277662,481331
2,1277662,481332
2,1277662,481335
2,1277662,481337
2,1277662,481441
2,1277662,481445
2,1277662,481449
2,1277662,481551
2,1277662,481556
2,1277662,481661
2,1277662,481665
2,1277800,271801
2,1277800,271802
2,1277800,271804
2,1277800,271806
2,1277800,271821
2,1277800,271824
2,1277800,271825
2,1277800,271830
2,1277800,271841
2,1277800,271845
2,1277800,271851
2,1277800,271855
2,1277800,271865
2,1277800,271870
2,1277800,271871
2,1277800,271872
2,1277800,271875
2,1277800,271881
2,1277800,271882
2,1277800,271901
2,1277800,271902
2,1277800,271903
2,1277800,271904
2,1278084,221602
2,1278084,221603
2,1278084,221706
2,1278084,223221
2,1278084,223222
2,1278084,223223
2,1278084,223224
2,1278084,223225
2,1278084,223226
2,1278084,223227
2,1278084,275301
2,1278084,275302
2,1278084,275304
2,1278084,275305
2,1278084,275306
2,1278084,276001
2,1278084,276121
2,1278084,276122
2,1278084,276123
2,1278084,276124
2,1278084,276125
2,1278084,276126
2,1278084,276127
2,1278084,276128
2,1278084,276129
2,1278084,276131
2,1278084,276135
2,1278084,276136
2,1278084,276137
2,1278084,276138
2,1278084,276139
2,1278084,276140
2,1278084,276141
2,1278084,276142
2,1278084,276143
2,1278084,276201
2,1278084,276202
2,1278084,276203
2,1278084,276204
2,1278084,276205
2,1278084,276206
2,1278084,276207
2,1278084,276208
2,1278084,276288
2,1278084,276301
2,1278084,276302
2,1278084,276303
2,1278084,276304
2,1278084,276305
2,1278084,276306
2,1278084,276402
2,1278084,276403
2,1278084,276404
2,1278084,276405
2,1278084,276406
2,1278084,281401
2,1278150,824101
2,1278150,824102
2,1278150,824103
2,1278150,824111
2,1278150,824112
2,1278150,824113
2,1278150,824114
2,1278150,824115
2,1278150,824116
2,1278150,824120
2,1278150,824121
2,1278150,824122
2,1278150,824123
2,1278150,824124
2,1278150,824125
2,1278150,824127
2,1278150,824129
2,1278150,824143
2,1278150,824202
2,1278150,824203
2,1278150,824207
2,1278150,824208
2,1278150,824301
2,1278150,824302
2,1278150,824303
2,1278648,744101
2,1278648,744102
2,1278648,744103
2,1278648,744104
2,1278648,744105
2,1278648,744106
2,1278648,744107
2,1278648,744112
2,1278648,744206
2,1278648,744207
2,1278648,744211
2,1278668,191103
2,1278668,192101
2,1278668,192121
2,1278668,192122
2,1278668,192124
2,1278668,192125
2,1278668,192126
2,1278668,192129
2,1278668,192201
2,1278668,192202
2,1278668,192210
2,1278668,192211
2,1278668,192212
2,1278668,192221
2,1278668,192230
2,1278668,192231
2,1278668,192232
2,1278668,192233
2,1278668,192305
2,1278668,192401
2,1278673,515001
2,1278673,515002
2,1278673,515003
2,1278673,515004
2,1278673,515005
2,1278673,515101
2,1278673,515110
2,1278673,515122
2,1278673,515123
2,1278673,515124
2,1278673,515133
2,1278673,515134
2,1278673,515144
2,1278673,515154
2,1278673,515159
2,1278673,515164
2,1278673,515201
2,1278673,515202
2,1278673,515211
2,1278673,515212
2,1278673,515231
2,1278673,515241
2,1278673,515261
2,1278673,515271
2,1278673,515281
2,1278673,515286
2,1278673,515291
2,1278673,515301
2,1278673,515303
2,1278673,515305
2,1278673,515311
2,1278673,515321
2,1278673,515331
2,1278673,515341
2,1278673,515401
2,1278673,515402
2,1278673,515405
2,1278673,515408
2,1278673,515411
2,1278673,515413
2,1278673,515414
2,1278673,515415
2,1278673,515425
2,1278673,515435
2,1278673,515445
2,1278673,515455
2,1278673,515465
2,1278673,515501
2,1278673,515511
2,1278673,515521
2,1278673,515531
2,1278673,515541
2,1278673,515551
2,1278673,515556
2,1278673,515561
2,1278673,515571
2,1278673,515581
2,1278673,515591
2,1278673,515601
2,1278673,515611
2,1278673,515621
2,1278673,515631
2,1278673,515641
2,1278673,515651
2,1278673,515661
2,1278673,515671
2,1278673,515672
2,1278673,515701
2,1278673,515711
2,1278673,515721
2,1278673,515722
2,1278673,515731
2,1278673,515741
2,1278673,515751
2,1278673,515761
2,1278673,515763
2,1278673,515765
2,1278673,515766
2,1278673,515767
2,1278673,515774
2,1278673,515775
2,1278673,515787
2,1278673,515801
2,1278673,515803
2,1278673,515812
2,1278673,515822
2,1278673,515832
2,1278673,515842
2,1278673,515863
2,1278673,515865
2,1278673,515867
2,1278673,515870
2,1278673,515871
2,1278673,515872
2,1278711,143001
2,1278711,143002
2,1278711,143003
2,1278711,143005
2,1278711,143006
2,1278711,143008
2,1278711,143009
2,1278711,143022
2,1278711,143101
2,1278711,143102
2,1278711,143103
2,1278711,143105
2,1278711,143107
2,1278711,143108
2,1278711,143109
2,1278711,143111
2,1278711,143112
2,1278711,143113
2,1278711,143114
2,1278711,143115
2,1278711,143116
2,1278711,143117
2,1278711,143119
2,1278711,143149
2,1278711,143201
2,1278711,143202
2,1278711,143203
2,1278711,143204
2,1278711,143205
2,1278711,143301
2,1278711,143302
2,1278711,143303
2,1278711,143304
2,1278711,143305
2,1278711,143402
2,1278711,143406
2,1278711,143407
2,1278711,143408
2,1278711,143409
2,1278711,143410
2,1278711,143411
2,1278711,143412
2,1278711,143413
2,1278711,143414
2,1278711,143415
2,1278711,143416
2,1278711,143419
2,1278711,143501
2,1278711,143502
2,1278711,143504
2,1278711,143601
2,1278711,143603
2,1278711,143606
2,1278716,362730
2,1278716,364515
2,1278716,364521
2,1278716,364522
2,1278716,364525
2,1278716,364530
2,1278716,365220
2,1278716,365410
2,1278716,365421
2,1278716,365430
2,1278716,365435
2,1278716,365440
2,1278716,365450
2,1278716,365455
2,1278716,365456
2,1278716,365460
2,1278716,365480
2,1278716,365535
2,1278716,365540
2,1278716,365541
2,1278716,365545
2,1278716,365550
2,1278716,365555
2,1278716,365560
2,1278716,365565
2,1278716,365601
2,1278716,365610
2,1278716,365620
2,1278716,365630
2,1278716,365635
2,1278716,365640
2,1278716,365645
2,1278716,365650
2,1278716,365660
2,1278861,133001
2,1278861,133004
2,1278861,133005
2,1278861,133006
2,1278861,133008
2,1278861,133010
2,1278861,133101
2,1278861,133102
2,1278861,133104
2,1278861,133201
2,1278861,133202
2,1278861,133203
2,1278861,133205
2,1278861,133207
2,1278861,134003
2,1278861,134007
2,1278861,134008
2,1278861,134118
2,1278861,134201
2,1278861,134202
2,1278861,134203
2,1278861,134204
2,1278861,135004
2,1278861,135133
2,1278947,301001
2,1278947,301002
2,1278947,301018
2,1278947,301019
2,1278947,301020
2,1278947,301021
2,1278947,301022
2,1278947,301023
2,1278947,301024
2,1278947,301025
2,1278947,301026
2,1278947,301027
2,1278947,301028
2,1278947,301030
2,1278947,301035
2,1278947,301401
2,1278947,301402
2,1278947,301403
2,1278947,301404
2,1278947,301405
2,1278947,301406
2,1278947,301407
2,1278947,301408
2,1278947,301409
2,1278947,301410
2,1278947,301411
2,1278947,301412
2,1278947,301413
2,1278947,301414
2,1278947,301415
2,1278947,301416
2,1278947,301427
2,1278947,301604
2,1278947,301701
2,1278947,301702
2,1278947,301703
2,1278947,301704
2,1278947,301705
2,1278947,301706
2,1278947,301707
2,1278947,301708
2,1278947,301709
2,1278947,301713
2,1278947,301714
2,1278947,321605
2,1278947,321606
2,1278947,321607
2,1278947,321633
2,1278975,244715
2,1278975,263601
2,1278975,263620
2,1278975,263621
2,1278975,263622
2,1278975,263623
2,1278975,263624
2,1278975,263625
2,1278975,263626
2,1278975,263628
2,1278975,263629
2,1278975,263636
2,1278975,263637
2,1278975,263638
2,1278975,263639
2,1278975,263643
2,1278975,263645
2,1278975,263646
2,1278975,263651
2,1278975,263652
2,1278975,263653
2,1278975,263655
2,1278975,263656
2,1278975,263658
2,1278975,263659
2,1278975,263660
2,1278975,263661
2,1278975,263663
2,1278975,263664
2,1278975,263665
2,1278975,263667
2,1278975,263676
2,1278975,263678
2,1278975,263680
2,1278986,686102
2,1278986,686103
2,1278986,686534
2,1278986,688001
2,1278986,688002
2,1278986,688003
2,1278986,688004
2,1278986,688005
2,1278986,688006
2,1278986,688007
2,1278986,688008
2,1278986,688009
2,1278986,688011
2,1278986,688012
2,1278986,688013
2,1278986,688014
2,1278986,688501
2,1278986,688502
2,1278986,688503
2,1278986,688504
2,1278986,688505
2,1278986,688506
2,1278986,688522
2,1278986,688523
2,1278986,688524
2,1278986,688526
2,1278986,688527
2,1278986,688528
2,1278986,688529
2,1278986,688530
2,1278986,688531
2,1278986,688532
2,1278986,688533
2,1278986,688535
2,1278986,688536
2,1278986,688537
2,1278986,688538
2,1278986,688539
2,1278986,688540
2,1278986,688541
2,1278986,688555
2,1278986,688561
2,1278986,688562
2,1278986,688570
2,1278986,688582
2,1278986,689109
2,1278986,689121
2,1278986,689122
2,1278986,689123
2,1278986,689124
2,1278986,689126
2,1278986,689504
2,1278986,689505
2,1278986,689506
2,1278986,689508
2,1278986,689509
2,1278986,689510
2,1278986,689511
2,1278986,689512
2,1278986,689520
2,1278986,689521
2,1278986,689571
2,1278986,689572
2,1278986,689573
2,1278986,689574
2,1278986,689590
2,1278986,689595
2,1278986,689622
2,1278986,689623
2,1278986,689624
2,1278986,689627
2,1278986,690101
2,1278986,690102
2,1278986,690103
2,1278986,690104
2,1278986,690105
2,1278986,690106
2,1278986,690107
2,1278986,690108
2,1278986,690110
2,1278986,690501
2,1278986,690502
2,1278986,690503
2,1278986,690504
2,1278986,690505
2,1278986,690506
2,1278986,690507
2,1278986,690508
2,1278986,690509
2,1278986,690510
2,1278986,690511
2,1278986,690512
2,1278986,690513
2,1278986,690514
2,1278986,690515
2,1278986,690516
2,1278986,690517
2,1278986,690527
2,1278986,690529
2,1278986,690530
2,1278986,690531
2,1278986,690533
2,1278986,690534
2,1278986,690535
2,1278986,690537
2,1278986,690547
2,1278986,690548
2,1278986,690558
2,1278986,690559
2,1278986,690571
2,1278986,690572
2,1278995,211001
2,1278995,211002
2,1278995,211003
2,1278995,211004
2,1278995,211005
2,1278995,211006
2,1278995,211007
2,1278995,211008
2,1278995,211010
2,1278995,211011
2,1278995,211012
2,1278995,211013
2,1278995,211014
2,1278995,211015
2,1278995,211016
2,1278995,211017
2,1278995,211018
2,1278995,211019
2,1278995,211021
2,1278995,211022
2,1278995,212104
2,1278995,212105
2,1278995,212106
2,1278995,212107
2,1278995,212108
2,1278995,212109
2,1278995,212111
2,1278995,212201
2,1278995,212203
2,1278995,212204
2,1278995,212208
2,1278995,212212
2,1278995,212213
2,1278995,212216
2,1278995,212217
2,1278995,212218
2,1278995,212301
2,1278995,212302
2,1278995,212303
2,1278995,212305
2,1278995,212306
2,1278995,212307
2,1278995,212308
2,1278995,212401
2,1278995,212402
2,1278995,212404
2,1278995,212405
2,1278995,212502
2,1278995,212503
2,1278995,212507
2,1278995,221502
2,1278995,221503
2,1278995,221505
2,1278995,221507
2,1278995,221508
2,1278995,229411
2,1278995,229412
2,1278995,229413
2,1279020,202001
2,1279020,202002
2,1279020,202121
2,1279020,202122
2,1279020,202123
2,1279020,202124
2,1279020,202125
2,1279020,202126
2,1279020,202127
2,1279020,202128
2,1279020,202129
2,1279020,202130
2,1279020,202131
2,1279020,202132
2,1279020,202133
2,1279020,202134
2,1279020,202135
2,1279020,202136
2,1279020,202137
2,1279020,202138
2,1279020,202139
2,1279020,202140
2,1279020,202141
2,1279020,202142
2,1279020,202143
2,1279020,202145
2,1279020,202146
2,1279020,202150
2,1279020,202155
2,1279020,202165
2,1279020,202170
2,1279020,202280
2,1279020,202281
2,1279020,202282
2,1279020,204102
2,1279020,204213
2,1279020,204215
2,1279109,444001
2,1279109,444002
2,1279109,444003
2,1279109,444004
2,1279109,444005
2,1279109,444006
2,1279109,444101
2,1279109,444102
2,1279109,444103
2,1279109,444104
2,1279109,444106
2,1279109,444107
2,1279109,444108
2,1279109,444109
2,1279109,444111
2,1279109,444117
2,1279109,444126
2,1279109,444302
2,1279109,444311
2,1279109,444401
2,1279109,444402
2,1279109,444405
2,1279109,444407
2,1279109,444501
2,1279109,444502
2,1279109,444506
2,1279109,444511
2,1279160,305001
2,1279160,305002
2,1279160,305003
2,1279160,305004
2,1279160,305005
2,1279160,305007
2,1279160,305009
2,1279160,305012
2,1279160,305021
2,1279160,305022
2,1279160,305023
2,1279160,305024
2,1279160,305025
2,1279160,305201
2,1279160,305202
2,1279160,305203
2,1279160,305204
2,1279160,305205
2,1279160,305206
2,1279160,305207
2,1279160,305401
2,1279160,305402
2,1279160,305403
2,1279160,305404
2,1279160,305405
2,1279160,305406
2,1279160,305407
2,1279160,305408
2,1279160,305412
2,1279160,305415
2,1279160,305601
2,1279160,305621
2,1279160,305622
2,1279160,305623
2,1279160,305624
2,1279160,305625
2,1279160,305627
2,1279160,305628
2,1279160,305629
2,1279160,305630
2,1279160,305631
2,1279160,305801
2,1279160,305802
2,1279160,305811
2,1279160,305812
2,1279160,305813
2,1279160,305814
2,1279160,305815
2,1279160,305816
2,1279160,305817
2,1279160,305819
2,1279160,305901
2,1279160,305922
2,1279160,305923
2,1279160,305924
2,1279160,305925
2,1279160,305926
2,1279160,305927
2,1279234,380001
2,1279234,380002
2,1279234,380003
2,1279234,380004
2,1279234,380005
2,1279234,380006
2,1279234,380007
2,1279234,380008
2,1279234,380009
2,1279234,380013
2,1279234,380014
2,1279234,380015
2,1279234,380016
2,1279234,380018
2,1279234,380019
2,1279234,380021
2,1279234,380022
2,1279234,380023
2,1279234,380024
2,1279234,380026
2,1279234,380027
2,1279234,380028
2,1279234,380049
2,1279234,380050
2,1279234,380051
2,1279234,380052
2,1279234,380054
2,1279234,380055
2,1279234,380058
2,1279234,380059
2,1279234,380060
2,1279234,380061
2,1279234,380063
2,1279234,382110
2,1279234,382115
2,1279234,382120
2,1279234,382130
2,1279234,382140
2,1279234,382145
2,1279234,382150
2,1279234,382170
2,1279234,382210
2,1279234,382213
2,1279234,382220
2,1279234,382225
2,1279234,382230
2,1279234,382240
2,1279234,382245
2,1279234,382250
2,1279234,382255
2,1279234,382260
2,1279234,382265
2,1279234,382315
2,1279234,382330
2,1279234,382340
2,1279234,382345
2,1279234,382350
2,1279234,382405
2,1279234,382415
2,1279234,382418
2,1279234,382421
2,1279234,382424
2,1279234,382425
2,1279234,382427
2,1279234,382430
2,1279234,382433
2,1279234,382435
2,1279234,382443
2,1279234,382445
2,1279234,382449
2,1279234,382450
2,1279234,382455
2,1279234,382460
2,1279234,382463
2,1279234,382465
2,1279234,382470
2,1279234,382475
2,1279234,382480
2,1279234,382481
2,1279234,383345
2,1279262,282001
2,1279262,282002
2,1279262,282003
2,1279262,282004
2,1279262,282005
2,1279262,282006
2,1279262,282007
2,1279262,282008
2,1279262,282009
2,1279262,282010
2,1279262,283101
2,1279262,283102
2,1279262,283104
2,1279262,283105
2,1279262,283110
2,1279262,283111
2,1279262,283112
2,1279262,283113
2,1279262,283114
2,1279262,283115
2,1279262,283119
2,1279262,283121
2,1279262,283122
2,1279262,283123
2,1279262,283124
2,1279262,283125
2,1279262,283126
2,1279262,283201
2,1279262,283202
2,1279345,504001
2,1279345,504002
2,1279345,504101
2,1279345,504102
2,1279345,504103
2,1279345,504104
2,1279345,504105
2,1279345,504106
2,1279345,504107
2,1279345,504109
2,1279345,504110
2,1279345,504201
2,1279345,504202
2,1279345,504203
2,1279345,504204
2,1279345,504205
2,1279345,504206
2,1279345,504207
2,1279345,504208
2,1279345,504209
2,1279345,504214
2,1279345,504215
2,1279345,504216
2,1279345,504218
2,1279345,504219
2,1279345,504220
2,1279345,504231
2,1279345,504251
2,1279345,504272
2,1279345,504273
2,1279345,504292
2,1279345,504293
2,1279345,504294
2,1279345,504295
2,1279345,504296
2,1279345,504297
2,1279345,504299
2,1279345,504301
2,1279345,504302
2,1279345,504303
2,1279345,504304
2,1279345,504306
2,1279345,504307
2,1279345,504308
2,1279345,504309
2,1279345,504310
2,1279345,504311
2,1279345,504312
2,1279345,504313
2,1279345,504323
2,1279345,504346
2,6640313,621215
2,6640313,636113
2,6640313,636118
2,6640313,636142
2,6640313,636202
2,6640313,636301
2,6640313,637001
2,6640313,637002
2,6640313,637003
2,6640313,637013
2,6640313,637014
2,6640313,637015
2,6640313,637017
2,6640313,637018
2,6640313,637019
2,6640313,637020
2,6640313,637021
2,6640313,637101
2,6640313,637102
2,6640313,637103
2,6640313,637104
2,6640313,637105
2,6640313,637107
2,6640313,637201
2,6640313,637202
2,6640313,637203
2,6640313,637204
2,6640313,637205
2,6640313,637206
2,6640313,637207
2,6640313,637208
2,6640313,637209
2,6640313,637210
2,6640313,637211
2,6640313,637212
2,6640313,637213
2,6640313,637214
2,6640313,637215
2,6640313,637301
2,6640313,637302
2,6640313,637303
2,6640313,637304
2,6640313,637401
2,6640313,637402
2,6640313,637403
2,6640313,637404
2,6640313,637405
2,6640313,637406
2,6640313,637407
2,6640313,637408
2,6640313,637409
2,6640313,637410
2,6640313,637411
2,6640313,637412
2,6640313,637503
2,6640313,637505
2,6640313,638007
2,6640313,638008
2,6640313,638181
2,6640313,638182
2,6640313,638183
2,6951502,670644
2,6951502,670645
2,6951502,670646
2,6951502,670721
2,6951502,670731
2,6951502,673121
2,6951502,673122
2,6951502,673123
2,6951502,673124
2,6951502,673575
2,6951502,673576
2,6951502,673577
2,6951502,673579
2,6951502,673581
2,6951502,673591
2,6951502,673592
2,6951502,673593
2,6951502,673595
2,6951502,673596
2,7289568,678001
2,7289568,678002
2,7289568,678003
2,7289568,678004
2,7289568,678005
2,7289568,678006
2,7289568,678007
2,7289568,678008
2,7289568,678009
2,7289568,678010
2,7289568,678011
2,7289568,678012
2,7289568,678013
2,7289568,678014
2,7289568,678101
2,7289568,678102
2,7289568,678103
2,7289568,678104
2,7289568,678501
2,7289568,678502
2,7289568,678503
2,7289568,678504
2,7289568,678505
2,7289568,678506
2,7289568,678507
2,7289568,678508
2,7289568,678510
2,7289568,678512
2,7289568,678531
2,7289568,678532
2,7289568,678533
2,7289568,678534
2,7289568,678541
2,7289568,678542
2,7289568,678543
2,7289568,678544
2,7289568,678545
2,7289568,678546
2,7289568,678551
2,7289568,678552
2,7289568,678553
2,7289568,678554
2,7289568,678555
2,7289568,678556
2,7289568,678557
2,7289568,678571
2,7289568,678572
2,7289568,678573
2,7289568,678574
2,7289568,678581
2,7289568,678582
2,7289568,678583
2,7289568,678591
2,7289568,678592
2,7289568,678593
2,7289568,678594
2,7289568,678595
2,7289568,678596
2,7289568,678597
2,7289568,678598
2,7289568,678601
2,7289568,678611
2,7289568,678612
2,7289568,678613
2,7289568,678621
2,7289568,678622
2,7289568,678623
2,7289568,678624
2,7289568,678631
2,7289568,678632
2,7289568,678633
2,7289568,678641
2,7289568,678642
2,7289568,678651
2,7289568,678661
2,7289568,678671
2,7289568,678681
2,7289568,678682
2,7289568,678683
2,7289568,678684
2,7289568,678685
2,7289568,678686
2,7289568,678687
2,7289568,678688
2,7289568,678701
2,7289568,678702
2,7289568,678703
2,7289568,678704
2,7289568,678705
2,7289568,678706
2,7289568,678721
2,7289568,678722
2,7289568,678731
2,7289568,678732
2,7289568,678762
2,7289568,679101
2,7289568,679102
2,7289568,679103
2,7289568,679104
2,7289568,679121
2,7289568,679122
2,7289568,679123
2,7289568,679301
2,7289568,679302
2,7289568,679303
2,7289568,679304
2,7289568,679305
2,7289568,679306
2,7289568,679307
2,7289568,679308
2,7289568,679309
2,7289568,679313
2,7289568,679335
2,7289568,679336
2,7289568,679337
2,7289568,679501
2,7289568,679502
2,7289568,679503
2,7289568,679504
2,7289568,679505
2,7289568,679506
2,7289568,679511
2,7289568,679512
2,7289568,679513
2,7289568,679514
2,7289568,679515
2,7289568,679516
2,7289568,679521
2,7289568,679522
2,7289568,679523
2,7289568,679533
2,7289568,679534
2,7289568,679535
2,7289568,679536
2,7289568,679551
2,7289568,679552
2,7289568,679553
2,7289568,679554
2,7626227,271201
2,7626227,271802
2,7626227,271803
2,7626227,271804
2,7626227,271805
2,7626227,271831
2,7626227,271835
2,7626227,271840
2,7626227,271845
2,7626227,271865
2,7626227,271870
2,7626227,271871
2,7626227,271875
2,7626228,272129
2,7626228,272148
2,7626228,272151
2,7626228,272152
2,7626228,272153
2,7626228,272154
2,7626228,272189
2,7626228,272191
2,7626228,272192
2,7626228,272193
2,7626228,272194
2,7626228,272195
2,7626228,272201
2,7626228,272202
2,7626228,272203
2,7626228,272204
2,7626228,272205
2,7626228,272206
2,7626228,272207
2,7626228,272208
2,7626229,274149
2,7626229,274203
2,7626229,274206
2,7626229,274207
2,7626229,274301
2,7626229,274302
2,7626229,274303
2,7626229,274304
2,7626229,274305
2,7626229,274306
2,7626229,274307
2,7626229,274308
2,7626229,274309
2,7626229,274401
2,7626229,274402
2,7626229,274406
2,7626229,274407
2,7626229,274409
2,7626229,274801
2,7626229,274802
2,7626531,444004
2,7626531,444105
2,7626531,444106
2,7626531,444110
2,7626531,444403
2,7626531,444404
2,7626531,444409
2,7626531,444503
2,7626531,444504
2,7626531,444505
2,7626531,444506
2,7626531,444507
2,7626531,444510
2,7626532,431114
2,7626532,431121
2,7626532,431132
2,7626532,431134
2,7626532,431202
2,7626532,431203
2,7626532,431204
2,7626532,431205
2,7626532,431206
2,7626532,431207
2,7626532,431208
2,7626532,431209
2,7626532,431211
2,7626532,431212
2,7626532,431213
2,7626532,431214
2,7626532,431215
2,7626532,431501
2,7626532,431502
2,7626532,431503
2,7626532,431504
2,7626532,431507
2,7626532,431512
2,7626533,431501
2,7626533,431509
2,7626533,431512
2,7626533,431513
2,7626533,431542
2,7626533,431701
2,7626533,431702
2,7626533,431703
2,7626533,431705
2,7626534,413201
2,7626534,413204
2,7626534,413205
2,7626534,413701
2,7626534,413702
2,7626534,413703
2,7626534,413704
2,7626534,413705
2,7626534,413706
2,7626534,413707
2,7626534,413708
2,7626534,413709
2,7626534,413710
2,7626534,413711
2,7626534,413712
2,7626534,413713
2,7626534,413714
2,7626534,413715
2,7626534,413716
2,7626534,413717
2,7626534,413718
2,7626534,413719
2,7626534,413720
2,7626534,413721
2,7626534,413722
2,7626534,413723
2,7626534,413725
2,7626534,413726
2,7626534,413728
2,7626534,413736
2,7626534,413737
2,7626534,413738
2,7626534,413739
2,7626534,414001
2,7626534,414002
2,7626534,414003
2,7626534,414005
2,7626534,414006
2,7626534,414101
2,7626534,414102
2,7626534,414103
2,7626534,414105
2,7626534,414106
2,7626534,414110
2,7626534,414111
2,7626534,414113
2,7626534,414201
2,7626534,414301
2,7626534,414302
2,7626534,414303
2,7626534,414304
2,7626534,414305
2,7626534,414306
2,7626534,414401
2,7626534,414402
2,7626534,414403
2,7626534,414501
2,7626534,414502
2,7626534,414503
2,7626534,414504
2,7626534,414505
2,7626534,414601
2,7626534,414602
2,7626534,414603
2,7626534,414604
2,7626534,414605
2,7626534,414606
2,7626534,414607
2,7626534,414609
2,7626534,414701
2,7626534,422601
2,7626534,422602
2,7626534,422603
2,7626534,422604
2,7626534,422605
2,7626534,422608
2,7626534,422610
2,7626534,422611
2,7626534,422620
2,7626534,422622
2,7626534,423107
2,7626534,423109
2,7626534,423601
2,7626534,423602
2,7626534,423603
2,7626534,423604
2,7626534,423605
2,7626534,423607
2,7626535,441601
2,7626535,441614
2,7626535,441701
2,7626535,441702
2,7626535,441801
2,7626535,441806
2,7626535,441807
2,7626535,441901
2,7626535,441902
2,7626535,441911
2,7626535,441916
2,7626536,441207
2,7626536,441208
2,7626536,441209
2,7626536,441217
2,7626536,442504
2,7626536,442603
2,7626536,442604
2,7626536,442605
2,7626536,442606
2,7626536,442703
2,7626536,442704
2,7626536,442705
2,7626536,442707
2,7626536,442709
2,7626536,442710
2,7626536,442903
2,7626536,442919
2,7626537,413502
2,7626537,413510
2,7626537,413511
2,7626537,413512
2,7626537,413513
2,7626537,413514
2,7626537,413515
2,7626537,413516
2,7626537,413517
2,7626537,413518
2,7626537,413519
2,7626537,413520
2,7626537,413521
2,7626537,413522
2,7626537,413523
2,7626537,413524
2,7626537,413527
2,7626537,413529
2,7626537,413530
2,7626537,413531
2,7626537,413532
2,7626537,413544
2,7626537,413581
2,7626537,413582
2,7626537,413607
2,7626537,431522
2,7626539,416510
2,7626539,416511
2,7626539,416512
2,7626539,416513
2,7626539,416514
2,7626539,416515
2,7626539,416516
2,7626539,416517
2,7626539,416518
2,7626539,416519
2,7626539,416520
2,7626539,416521
2,7626539,416522
2,7626539,416523
2,7626539,416524
2,7626539,416525
2,7626539,416528
2,7626539,416529
2,7626539,416531
2,7626539,416534
2,7626539,416549
2,7626539,416550
2,7626539,416601
2,7626539,416602
2,7626539,416603
2,7626539,416604
2,7626539,416605
2,7626539,416606
2,7626539,416608
2,7626539,416609
2,7626539,416610
2,7626539,416611
2,7626539,416612
2,7626539,416613
2,7626539,416614
2,7626539,416615
2,7626539,416616
2,7626539,416620
2,7626539,416623
2,7626539,416626
2,7626539,416628
2,7626539,416630
2,7626539,416632
2,7626539,416703
2,7626539,416801
2,7626539,416803
2,7626539,416804
2,7626539,416805
2,7626539,416806
2,7626539,416807
2,7626539,416810
2,7626539,416811
2,7626539,416812
2,7626539,416813
2,7626542,425409
2,7626542,425410
2,7626542,425411
2,7626542,425412
2,7626542,425413
2,7626542,425414
2,7626542,425415
2,7626542,425416
2,7626542,425417
2,7626542,425418
2,7626542,425419
2,7626542,425422
2,7626542,425423
2,7626542,425424
2,7626542,425426
2,7626542,425432
2,7626542,425442
2,7626542,425444
2,7626542,425452
2,7626567,847451
2,7626567,847452
2,7626567,852105
2,7626567,852108
2,7626567,852109
2,7626567,852110
2,7626567,852111
2,7626567,852123
2,7626567,852125
2,7626567,852130
2,7626567,852131
2,7626567,852133
2,7626567,852137
2,7626567,852138
2,7626567,852139
2,7626567,852214
2,7626567,852215
2,7626567,852218
2,7626567,854338
2,7626567,854339
2,7626567,854340
2,7626568,813204
2,7626568,852101
2,7626568,852108
2,7626568,852112
2,7626568,852113
2,7626568,852114
2,7626568,852115
2,7626568,852116
2,7626568,852121
2,7626568,852122
2,7626568,852124
2,7626568,852127
2,7626568,852128
2,7626568,852132
2,7626568,852202
2,7626568,852213
2,7626568,852218
2,7626568,852219
2,7626568,852220
2,7626568,853204
2,7626569,854102
2,7626569,854311
2,7626569,854312
2,7626569,854316
2,7626569,854318
2,7626569,854325
2,7626569,854328
2,7626569,854329
2,7626569,854331
2,7626569,854332
2,7626569,854333
2,7626569,854334
2,7626569,854335
2,7626569,854336
2,7626588,796001
2,7626588,796004
2,7626588,796005
2,7626588,796007
2,7626588,796008
2,7626588,796009
2,7626588,796012
2,7626588,796014
2,7626588,796015
2,7626588,796017
2,7626588,796070
2,7626588,796091
2,7626588,796111
2,7626588,796161
2,7626588,796190
2,7626588,796261
2,7626588,796410
2,7626588,796421
2,7626589,796186
2,7626589,796571
2,7626589,796581
2,7626589,796691
2,7626589,796701
2,7626589,796710
2,7626589,796751
2,7626589,796770
2,7626856,500005
2,7626856,500018
2,7626856,500019
2,7626856,500030
2,7626856,500032
2,7626856,500035
2,7626856,500039
2,7626856,500043
2,7626856,500048
2,7626856,500049
2,7626856,500052
2,7626856,500060
2,7626856,500068
2,7626856,500070
2,7626856,500074
2,7626856,500075
2,7626856,500076
2,7626856,500078
2,7626856,500079
2,7626856,500084
2,7626856,500088
2,7626856,500089
2,7626856,500090
2,7626856,500091
2,7626856,500100
2,7626856,500104
2,7626856,500108
2,7626856,500111
2,7626856,501102
2,7626856,501106
2,7626856,501111
2,7626856,501121
2,7626856,501141
2,7626856,501142
2,7626856,501143
2,7626856,501144
2,7626856,501158
2,7626856,501202
2,7626856,501203
2,7626856,501218
2,7626856,501301
2,7626856,501359
2,7626856,501401
2,7626856,501501
2,7626856,501502
2,7626856,501503
2,7626856,501504
2,7626856,501505
2,7626856,501506
2,7626856,501508
2,7626856,501509
2,7626856,501510
2,7626856,501511
2,7626856,501512
2,7626856,509217
2,7626856,509325
2,7626856,509335
2,7626856,509339
2,7626856,509358
2,7626856,509371
2,7626856,509410
2,7626859,531162
2,7626859,532122
2,7626859,532127
2,7626859,532407
2,7626859,535001
2,7626859,535002
2,7626859,535003
2,7626859,535004
2,7626859,535005
2,7626859,535006
2,7626859,535101
2,7626859,535102
2,7626859,535124
2,7626859,535125
2,7626859,535126
2,7626859,535128
2,7626859,535145
2,7626859,535148
2,7626859,535160
2,7626859,535161
2,7626859,535183
2,7626859,535204
2,7626859,535213
2,7626859,535214
2,7626859,535215
2,7626859,535216
2,7626859,535217
2,7626859,535218
2,7626859,535220
2,7626859,535221
2,7626859,535240
2,7626859,535250
2,7626859,535260
2,7626859,535270
2,7626859,535273
2,7626859,535280
2,7626859,535281
2,7626859,535463
2,7626859,535501
2,7626859,535502
2,7626859,535521
2,7626859,535522
2,7626859,535523
2,7626859,535524
2,7626859,535525
2,7626859,535526
2,7626859,535527
2,7626859,535534
2,7626859,535546
2,7626859,535547
2,7626859,535557
2,7626859,535558
2,7626859,535559
2,7626859,535568
2,7626859,535573
2,7626859,535578
2,7626859,535579
2,7626859,535580
2,7626859,535581
2,7626859,535591
2,7626859,535592
2,7626859,535593
2,7626859,535594
2,7627069,626202
2,7627069,626205
2,7627069,627758
2,7627069,627855
2,7627069,628001
2,7627069,628002
2,7627069,628003
2,7627069,628004
2,7627069,628005
2,7627069,628006
2,7627069,628007
2,7627069,628008
2,7627069,628101
2,7627069,628102
2,7627069,628103
2,7627069,628104
2,7627069,628105
2,7627069,628151
2,7627069,628152
2,7627069,628201
2,7627069,628202
2,7627069,628203
2,7627069,628204
2,7627069,628205
2,7627069,628206
2,7627069,628207
2,7627069,628208
2,7627069,628209
2,7627069,628210
2,7627069,628211
2,7627069,628212
2,7627069,628213
2,7627069,628215
2,7627069,628216
2,7627069,628217
2,7627069,628218
2,7627069,628219
2,7627069,628229
2,7627069,628251
2,7627069,628252
2,7627069,628301
2,7627069,628302
2,7627069,628303
2,7627069,628304
2,7627069,628401
2,7627069,628402
2,7627069,628501
2,7627069,628502
2,7627069,628503
2,7627069,628552
2,7627069,628601
2,7627069,628612
2,7627069,628613
2,7627069,628614
2,7627069,628615
2,7627069,628616
2,7627069,628617
2,7627069,628618
2,7627069,628619
2,7627069,628620
2,7627069,628621
2,7627069,628622
2,7627069,628623
2,7627069,628653
2,7627069,628656
2,7627069,628701
2,7627069,628702
2,7627069,628703
2,7627069,628704
2,7627069,628712
2,7627069,628714
2,7627069,628716
2,7627069,628718
2,7627069,628720
2,7627069,628721
2,7627069,628722
2,7627069,628751
2,7627069,628752
2,7627069,628753
2,7627069,628801
2,7627069,628802
2,7627069,628809
2,7627069,628851
2,7627069,628901
2,7627069,628902
2,7627069,628903
2,7627069,628904
2,7627069,628905
2,7627069,628906
2,7627069,628907
2,7627069,628908
2,7627069,628952
2,7627071,621101
2,7627071,621102
2,7627071,621103
2,7627071,621104
2,7627071,621106
2,7627071,621107
2,7627071,621108
2,7627071,621109
2,7627071,621110
2,7627071,621113
2,7627071,621114
2,7627071,621115
2,7627071,621116
2,7627071,621117
2,7627071,621118
2,7627071,621133
2,7627071,621212
2,7627071,621219
2,7627071,621220
2,7627071,621708
2,7627071,621713
2,7627071,621716
2,7627071,621717
2,7627073,609001
2,7627073,609003
2,7627073,609101
2,7627073,609102
2,7627073,609103
2,7627073,609104
2,7627073,609105
2,7627073,609106
2,7627073,609107
2,7627073,609108
2,7627073,609109
2,7627073,609110
2,7627073,609111
2,7627073,609112
2,7627073,609113
2,7627073,609114
2,7627073,609115
2,7627073,609116
2,7627073,609117
2,7627073,609118
2,7627073,609201
2,7627073,609202
2,7627073,609203
2,7627073,609204
2,7627073,609205
2,7627073,609301
2,7627073,609302
2,7627073,609303
2,7627073,609304
2,7627073,609305
2,7627073,609306
2,7627073,609307
2,7627073,609308
2,7627073,609309
2,7627073,609310
2,7627073,609311
2,7627073,609312
2,7627073,609313
2,7627073,609314
2,7627073,609401
2,7627073,609402
2,7627073,609403
2,7627073,609404
2,7627073,609501
2,7627073,609503
2,7627073,609504
2,7627073,609601
2,7627073,609604
2,7627073,609701
2,7627073,609702
2,7627073,609703
2,7627073,609704
2,7627073,609801
2,7627073,609802
2,7627073,609803
2,7627073,609804
2,7627073,609805
2,7627073,609806
2,7627073,609807
2,7627073,609808
2,7627073,609810
2,7627073,609811
2,7627073,610005
2,7627073,610101
2,7627073,610106
2,7627073,610201
2,7627073,610203
2,7627073,610204
2,7627073,610207
2,7627073,611001
2,7627073,611002
2,7627073,611003
2,7627073,611101
2,7627073,611102
2,7627073,611103
2,7627073,611104
2,7627073,611105
2,7627073,611106
2,7627073,611108
2,7627073,611109
2,7627073,611110
2,7627073,611111
2,7627073,611112
2,7627073,612102
2,7627073,612201
2,7627073,612203
2,7627073,613702
2,7627073,614707
2,7627073,614711
2,7627073,614712
2,7627073,614714
2,7627073,614716
2,7627073,614806
2,7627073,614807
2,7627073,614808
2,7627073,614809
2,7627073,614810
2,7627074,781301
2,7627074,781302
2,7627074,781305
2,7627074,781307
2,7627074,781308
2,7627074,781309
2,7627074,781311
2,7627074,781313
2,7627074,781314
2,7627074,781315
2,7627074,781316
2,7627074,781317
2,7627074,781318
2,7627074,781319
2,7627074,781321
2,7627074,781325
2,7627074,781326
2,7627074,781327
2,7627074,781328
2,7627074,781329
2,7627074,781330
2,7627074,781350
2,7627074,781352
2,7627074,781367
2,7627076,783134
2,7627076,783360
2,7627076,783373
2,7627076,783380
2,7627076,783381
2,7627076,783382
2,7627076,783383
2,7627076,783384
2,7627076,783385
2,7627076,783388
2,7627076,783389
2,7627076,783390
2,7627076,783391
2,7627076,783392
2,7627076,783393
2,7627076,783394
2,7627077,787026
2,7627077,787034
2,7627077,787035
2,7627077,787053
2,7627077,787057
2,7627077,787058
2,7627077,787059
2,7627077,787060
2,7627077,787061
2,7627077,787110
2,7627078,783127
2,7627078,783128
2,7627078,783131
2,7627078,783135
2,7627078,783301
2,7627078,783323
2,7627078,783324
2,7627078,783325
2,7627078,783330
2,7627078,783331
2,7627078,783334
2,7627078,783335
2,7627078,783337
2,7627078,783339
2,7627078,783345
2,7627078,783348
2,7627078,783349
2,7627078,783371
2,7627078,783383
2,7627078,783388
2,7627079,785104
2,7627079,785601
2,7627079,785602
2,7627079,785603
2,7627079,785609
2,7627079,785610
2,7627079,785611
2,7627079,785612
2,7627079,785613
2,7627079,785614
2,7627079,785615
2,7627079,785618
2,7627079,785619
2,7627079,785621
2,7627079,785622
2,7627079,785625
2,7627079,785626
2,7627079,785671
2,7627079,785691
2,7627079,785699
2,7627079,785702
2,7627079,785703
2,7627079,785705
2,7627080,788117
2,7627080,788150
2,7627080,788151
2,7627080,788152
2,7627080,788155
2,7627080,788156
2,7627080,788160
2,7627080,788161
2,7627080,788162
2,7627080,788163
2,7627080,788164
2,7627080,788165
2,7627080,788166
2,7627080,788168
2,7627080,788734
2,7627080,788735
2,7627080,788736
2,7627080,788737
2,7627080,788801
2,7627080,788802
2,7627081,785001
2,7627081,785004
2,7627081,785006
2,7627081,785007
2,7627081,785008
2,7627081,785009
2,7627081,785010
2,7627081,785013
2,7627081,785014
2,7627081,785015
2,7627081,785101
2,7627081,785102
2,7627081,785104
2,7627081,785105
2,7627081,785106
2,7627081,785107
2,7627081,785108
2,7627081,785110
2,7627081,785111
2,7627081,785112
2,7627081,785601
2,7627081,785616
2,7627081,785630
2,7627081,785631
2,7627081,785632
2,7627081,785633
2,7627081,785634
2,7627081,785635
2,7627081,785636
2,7627081,785666
2,7627081,785700
2,7627081,785703
2,7627081,785704
2,7627082,788156
2,7627082,788166
2,7627082,788701
2,7627082,788709
2,7627082,788710
2,7627082,788711
2,7627082,788712
2,7627082,788713
2,7627082,788719
2,7627082,788720
2,7627082,788722
2,7627082,788723
2,7627082,788724
2,7627082,788725
2,7627082,788726
2,7627082,788727
2,7627082,788728
2,7627082,788733
2,7627082,788734
2,7627082,788735
2,7627082,788736
2,7627082,788737
2,7627082,788781
2,7627082,788801
2,7627082,788803
2,7627082,788806
2,7627083,783127
2,7627083,783332
2,7627083,783333
2,7627083,783336
2,7627083,783337
2,7627083,783345
2,7627083,783346
2,7627083,783347
2,7627083,783350
2,7627083,783354
2,7627083,783360
2,7627083,783361
2,7627083,783369
2,7627083,783370
2,7627083,783372
2,7627083,783375
2,7627083,783376
2,7627084,781126
2,7627084,781138
2,7627084,781303
2,7627084,781304
2,7627084,781305
2,7627084,781306
2,7627084,781309
2,7627084,781310
2,7627084,781312
2,7627084,781317
2,7627084,781329
2,7627084,781333
2,7627084,781334
2,7627084,781335
2,7627084,781337
2,7627084,781338
2,7627084,781339
2,7627084,781340
2,7627084,781341
2,7627084,781343
2,7627084,781344
2,7627084,781346
2,7627084,781347
2,7627084,781348
2,7627084,781349
2,7627084,781350
2,7627084,781351
2,7627084,781353
2,7627084,781355
2,7627084,781360
2,7627084,781367
2,7627084,781368
2,7627084,781369
2,7627084,781370
2,7627084,781371
2,7627084,781372
2,7627084,781373
2,7627084,781374
2,7627084,781375
2,7627084,781377
2,7627084,781378
2,7627085,786125
2,7627085,786126
2,7627085,786145
2,7627085,786146
2,7627085,786147
2,7627085,786148
2,7627085,786150
2,7627085,786151
2,7627085,786152
2,7627085,786153
2,7627085,786154
2,7627085,786155
2,7627085,786156
2,7627085,786157
2,7627085,786158
2,7627085,786159
2,7627085,786160
2,7627085,786170
2,7627085,786171
2,7627085,786173
2,7627085,786174
2,7627085,786179
2,7627085,786181
2,7627085,786182
2,7627085,786183
2,7627085,786187
2,7627085,786188
2,7627085,786189
2,7627085,786190
2,7627085,786192
2,7627085,786601
2,7627169,495118
2,7627169,495444
2,7627169,495445
2,7627169,495446
2,7627169,495447
2,7627169,495448
2,7627169,495449
2,7627169,495450
2,7627169,495452
2,7627169,495454
2,7627169,495455
2,7627169,495660
2,7627169,495661
2,7627169,495674
2,7627169,495677
2,7627169,495682
2,7627169,495683
2,7627169,495684
2,7627169,495686
2,7627169,495690
2,7627169,495691
2,7627170,493662
2,7627170,493663
2,7627170,493770
2,7627170,493773
2,7627170,493776
2,7627170,493778
2,7627172,494332
2,7627172,494333
2,7627172,494334
2,7627172,494335
2,7627172,494336
2,7627172,494337
2,7627172,494635
2,7627172,494665
2,7627172,494669
2,7627172,494670
2,7627172,494771
2,7627172,494776
2,7627172,494777
2,7627173,835201
2,7627173,835211
2,7627173,835212
2,7627173,835223
2,7627173,835226
2,7627173,835228
2,7627173,835235
2,7627174,813208
2,7627174,814102
2,7627174,814133
2,7627174,814147
2,7627174,814151
2,7627174,814153
2,7627174,814154
2,7627174,814155
2,7627174,814156
2,7627174,814160
2,7627174,814165
2,7627174,815355
2,7627174,816102
2,7627175,814101
2,7627175,814102
2,7627175,814103
2,7627175,814110
2,7627175,814118
2,7627175,814119
2,7627175,814120
2,7627175,814141
2,7627175,814144
2,7627175,814145
2,7627175,814146
2,7627175,814148
2,7627175,814150
2,7627175,814151
2,7627175,814158
2,7627175,814166
2,7627175,814167
2,7627175,816103
2,7627175,816107
2,7627175,816117
2,7627175,816118
2,7627176,822111
2,7627176,822112
2,7627176,822119
2,7627176,829202
2,7627176,829203
2,7627176,829204
2,7627176,829206
2,7627176,829207
2,7627177,834004
2,7627177,834009
2,7627177,835213
2,7627177,835218
2,7627177,835302
2,7627177,835325
2,7627178,481672
2,7627178,481778
2,7627178,481879
2,7627178,481880
2,7627178,481882
2,7627178,481883
2,7627178,481884
2,7627178,481885
2,7627178,481990
2,7627179,768201
2,7627179,768202
2,7627179,768203
2,7627179,768204
2,7627179,768211
2,7627179,768213
2,7627179,768215
2,7627179,768216
2,7627179,768217
2,7627179,768219
2,7627179,768220
2,7627179,768225
2,7627179,768226
2,7627179,768233
2,7627179,768234
2,7627181,762001
2,7627181,762002
2,7627181,762010
2,7627181,762011
2,7627181,762012
2,7627181,762018
2,7627181,762019
2,7627181,762020
2,7627181,762021
2,7627181,762022
2,7627181,762027
2,7627181,762028
2,7627181,762029
2,7627181,762100
2,7627181,762101
2,7627181,762102
2,7627181,762103
2,7627181,762104
2,7627181,762105
2,7627181,762106
2,7627181,762107
2,7627181,762109
2,7627181,762110
2,7627181,762112
2,7627182,764041
2,7627182,764044
2,7627182,764045
2,7627182,764046
2,7627182,764047
2,7627182,764048
2,7627182,764051
2,7627182,764052
2,7627182,764086
2,7627182,764087
2,7627183,764059
2,7627183,764062
2,7627183,765001
2,7627183,765002
2,7627183,765013
2,7627183,765015
2,7627183,765016
2,7627183,765017
2,7627183,765018
2,7627183,765019
2,7627183,765020
2,7627183,765021
2,7627183,765022
2,7627183,765023
2,7627183,765024
2,7627183,765025
2,7627183,765026
2,7627183,765029
2,7627183,765033
2,7627183,765034
2,7627221,387210
2,7627221,387220
2,7627221,387240
2,7627221,387310
2,7627221,387345
2,7627221,387710
2,7627221,388001
2,7627221,388110
2,7627221,388121
2,7627221,388130
2,7627221,388140
2,7627221,388150
2,7627221,388160
2,7627221,388170
2,7627221,388180
2,7627221,388205
2,7627221,388210
2,7627221,388215
2,7627221,388220
2,7627221,388235
2,7627221,388305
2,7627221,388306
2,7627221,388307
2,7627221,388310
2,7627221,388315
2,7627221,388320
2,7627221,388325
2,7627221,388330
2,7627221,388335
2,7627221,388340
2,7627221,388345
2,7627221,388350
2,7627221,388355
2,7627221,388360
2,7627221,388365
2,7627221,388370
2,7627221,388430
2,7627221,388440
2,7627221,388450
2,7627221,388460
2,7627221,388465
2,7627221,388470
2,7627221,388480
2,7627221,388510
2,7627221,388520
2,7627221,388530
2,7627221,388540
2,7627221,388543
2,7627221,388545
2,7627221,388550
2,7627221,388560
2,7627221,388570
2,7627221,388580
2,7627221,388590
2,7627221,388610
2,7627221,388620
2,7627221,388625
2,7627221,388630
2,7627221,388640
2,7627222,804405
2,7627222,804406
2,7627222,804407
2,7627222,804408
2,7627222,804417
2,7627222,804418
2,7627222,804419
2,7627222,804420
2,7627222,804421
2,7627222,804422
2,7627222,804423
2,7627222,804424
2,7627222,804425
2,7627222,804426
2,7627222,804427
2,7627222,804428
2,7627222,804429
2,7627222,804432
2,7627222,804434
2,7627222,824118
2,7627222,824232
2,7627222,824235
2,7627223,802101
2,7627223,802102
2,7627223,802103
2,7627223,802111
2,7627223,802112
2,7627223,802113
2,7627223,802114
2,7627223,802115
2,7627223,802116
2,7627223,802117
2,7627223,802118
2,7627223,802119
2,7627223,802120
2,7627223,802122
2,7627223,802123
2,7627223,802125
2,7627223,802126
2,7627223,802127
2,7627223,802128
2,7627223,802129
2,7627223,802130
2,7627223,802131
2,7627223,802133
2,7627223,802134
2,7627223,802135
2,7627223,802136
2,7627223,802313
2,7627225,495552
2,7627225,495553
2,7627225,495554
2,7627225,495556
2,7627225,495557
2,7627225,495559
2,7627225,495660
2,7627225,495661
2,7627225,495663
2,7627225,495668
2,7627225,495671
2,7627225,495684
2,7627225,495687
2,7627225,495688
2,7627225,495689
2,7627225,495690
2,7627225,495691
2,7627225,495692
2,7627225,495695
2,7627228,814166
2,7627228,815351
2,7627228,815352
2,7627228,815354
2,7627228,815355
2,7627228,815359
2,7627229,853204
2,7627229,854101
2,7627229,854103
2,7627229,854104
2,7627229,854105
2,7627229,854106
2,7627229,854107
2,7627229,854108
2,7627229,854109
2,7627229,854112
2,7627229,854113
2,7627229,854114
2,7627229,854115
2,7627229,854116
2,7627229,854117
2,7627229,854317
2,7627229,854335
2,7627229,855102
2,7627229,855105
2,7627229,855113
2,7627229,855114
2,7627230,491996
2,7627231,811202
2,7627231,848203
2,7627231,851201
2,7627231,851202
2,7627231,851203
2,7627231,851204
2,7627231,851205
2,7627231,851206
2,7627231,851212
2,7627231,851213
2,7627231,851214
2,7627231,851215
2,7627231,851216
2,7627231,852161
2,7627231,853203
2,7627233,855101
2,7627233,855106
2,7627233,855107
2,7627233,855108
2,7627233,855115
2,7627233,855116
2,7627233,855117
2,7627234,583226
2,7627234,583227
2,7627234,583228
2,7627234,583229
2,7627234,583230
2,7627234,583231
2,7627234,583232
2,7627234,583234
2,7627234,583235
2,7627234,583236
2,7627234,583237
2,7627234,583238
2,7627234,583268
2,7627234,583277
2,7627234,583278
2,7627234,583279
2,7627234,583280
2,7627234,583281
2,7627234,583282
2,7627234,583283
2,7627234,583284
2,7627234,583285
2,7627234,583287
2,7627235,811106
2,7627235,811107
2,7627235,811112
2,7627235,811302
2,7627235,811304
2,7627235,811309
2,7627235,811310
2,7627235,811311
2,7627235,811315
2,7627236,492112
2,7627236,493445
2,7627236,493448
2,7627236,493449
2,7627236,493551
2,7627236,493554
2,7627236,493555
2,7627236,493558
2,7627237,713123
2,7627237,742101
2,7627237,742102
2,7627237,742103
2,7627237,742104
2,7627237,742113
2,7627237,742121
2,7627237,742122
2,7627237,742123
2,7627237,742132
2,7627237,742133
2,7627237,742134
2,7627237,742135
2,7627237,742136
2,7627237,742137
2,7627237,742138
2,7627237,742140
2,7627237,742147
2,7627237,742148
2,7627237,742149
2,7627237,742151
2,7627237,742159
2,7627237,742160
2,7627237,742161
2,7627237,742163
2,7627237,742164
2,7627237,742165
2,7627237,742166
2,7627237,742168
2,7627237,742174
2,7627237,742175
2,7627237,742184
2,7627237,742187
2,7627237,742189
2,7627237,742201
2,7627237,742202
2,7627237,742212
2,7627237,742213
2,7627237,742223
2,7627237,742224
2,7627237,742225
2,7627237,742226
2,7627237,742227
2,7627237,742235
2,7627237,742236
2,7627237,742237
2,7627237,742238
2,7627237,742301
2,7627237,742302
2,7627237,742303
2,7627237,742304
2,7627237,742305
2,7627237,742306
2,7627237,742308
2,7627237,742401
2,7627237,742402
2,7627237,742404
2,7627237,742405
2,7627237,742406
2,7627237,742407
2,7627237,742408
2,7627237,742409
2,7627237,742410
2,7627238,384110
2,7627238,384151
2,7627238,384220
2,7627238,384221
2,7627238,384225
2,7627238,384229
2,7627238,384230
2,7627238,384240
2,7627238,384241
2,7627238,384245
2,7627238,384246
2,7627238,384255
2,7627238,384260
2,7627238,384265
2,7627238,384272
2,7627238,384275
2,7627238,384285
2,7627238,384290
2,7627238,385340
2,7627238,385350
2,7627238,385360
2,7627239,843313
2,7627239,843316
2,7627239,843317
2,7627239,843325
2,7627239,843329
2,7627239,843334
2,7627240,476332
2,7627240,476335
2,7627240,476337
2,7627240,476339
2,7627240,476355
2,7627240,477332
2,7627241,600019
2,7627241,600037
2,7627241,600049
2,7627241,600050
2,7627241,600051
2,7627241,600052
2,7627241,600053
2,7627241,600054
2,7627241,600055
2,7627241,600056
2,7627241,600057
2,7627241,600058
2,7627241,600060
2,7627241,600062
2,7627241,600066
2,7627241,600067
2,7627241,600068
2,7627241,600071
2,7627241,600072
2,7627241,600076
2,7627241,600077
2,7627241,600087
2,7627241,600095
2,7627241,600099
2,7627241,600103
2,7627241,600107
2,7627241,600110
2,7627241,600120
2,7627241,600123
2,7627241,600124
2,7627241,600128
2,7627241,601101
2,7627241,601102
2,7627241,601103
2,7627241,601201
2,7627241,601202
2,7627241,601203
2,7627241,601204
2,7627241,601205
2,7627241,601206
2,7627241,602001
2,7627241,602002
2,7627241,602003
2,7627241,602021
2,7627241,602023
2,7627241,602024
2,7627241,602025
2,7627241,602026
2,7627241,602105
2,7627241,631201
2,7627241,631202
2,7627241,631203
2,7627241,631204
2,7627241,631205
2,7627241,631206
2,7627241,631207
2,7627241,631208
2,7627241,631209
2,7627241,631210
2,7627241,631211
2,7627241,631212
2,7627241,631213
2,7627241,631301
2,7627241,631302
2,7627241,631303
2,7627241,631304
2,7627241,631402
2,7644924,756046
2,7644924,756100
2,7644924,756101
2,7644924,756111
2,7644924,756112
2,7644924,756113
2,7644924,756114
2,7644924,756115
2,7644924,756116
2,7644924,756117
2,7644924,756118
2,7644924,756119
2,7644924,756120
2,7644924,756121
2,7644924,756122
2,7644924,756123
2,7644924,756124
2,7644924,756125
2,7644924,756127
2,7644924,756128
2,7644924,756129
2,7644924,756130
2,7644924,756131
2,7644924,756132
2,7644924,756133
2,7644924,756134
2,7644924,756135
2,7644924,756137
2,7644924,756138
2,7644924,756139
2,7644924,756144
2,7644924,756162
2,7644924,756163
2,7644924,756164
2,7644924,756165
2,7644924,756167
2,7644924,756168
2,7644924,756171
2,7644924,756181
2,7644925,754102
2,7644925,754103
2,7644925,754104
2,7644925,754106
2,7644925,754107
2,7644925,754108
2,7644925,754109
2,7644925,754110
2,7644925,754111
2,7644925,754113
2,7644925,754114
2,7644925,754119
2,7644925,754120
2,7644925,754132
2,7644925,754133
2,7644925,754135
2,7644925,754136
2,7644925,754137
2,7644925,754138
2,7644925,754139
2,7644925,754140
2,7644925,754141
2,7644925,754142
2,7644925,754143
2,7644925,754145
2,7644925,754160
2,7644925,754162
2,7644925,754294
2,7644926,754134
2,7644926,754141
2,7644926,754153
2,7644926,754162
2,7644926,754210
2,7644926,754211
2,7644926,754212
2,7644926,754213
2,7644926,754214
2,7644926,754215
2,7644926,754216
2,7644926,754217
2,7644926,754218
2,7644926,754219
2,7644926,754220
2,7644926,754222
2,7644926,754223
2,7644926,754224
2,7644926,754225
2,7644926,754227
2,7644926,754228
2,7644926,754231
2,7644926,754239
2,7644926,754240
2,7644926,754244
2,7644926,754245
2,7644926,754246
2,7644926,754248
2,7644926,754250
2,7644926,754253
2,7644926,754289
2,7644926,755061
2,7644927,751001
2,7644927,751002
2,7644927,751003
2,7644927,751004
2,7644927,751005
2,7644927,751006
2,7644927,751007
2,7644927,751008
2,7644927,751009
2,7644927,751010
2,7644927,751011
2,7644927,751012
2,7644927,751013
2,7644927,751014
2,7644927,751015
2,7644927,751016
2,7644927,751017
2,7644927,751018
2,7644927,751019
2,7644927,751020
2,7644927,751021
2,7644927,751022
2,7644927,751023
2,7644927,751024
2,7644927,751025
2,7644927,751026
2,7644927,751027
2,7644927,751028
2,7644927,751029
2,7644927,751030
2,7644927,751031
2,7644927,752018
2,7644927,752019
2,7644927,752020
2,7644927,752021
2,7644927,752022
2,7644927,752023
2,7644927,752027
2,7644927,752030
2,7644927,752031
2,7644927,752034
2,7644927,752035
2,7644927,752037
2,7644927,752038
2,7644927,752050
2,7644927,752054
2,7644927,752055
2,7644927,752056
2,7644927,752057
2,7644927,752060
2,7644927,752061
2,7644927,752062
2,7644927,752064
2,7644927,752066
2,7644927,752100
2,7644927,752101
2,7644927,752102
2,7644927,752103
2,7644927,752115
2,7644927,754001
2,7644927,754004
2,7644927,754005
2,7644927,754012
2,7644928,752001
2,7644928,752002
2,7644928,752003
2,7644928,752010
2,7644928,752011
2,7644928,752012
2,7644928,752013
2,7644928,752014
2,7644928,752015
2,7644928,752016
2,7644928,752017
2,7644928,752032
2,7644928,752045
2,7644928,752046
2,7644928,752104
2,7644928,752105
2,7644928,752106
2,7644928,752107
2,7644928,752108
2,7644928,752109
2,7644928,752110
2,7644928,752111
2,7644928,752113
2,7644928,752114
2,7644928,752116
2,7644928,752118
2,7644928,752119
2,7644928,752121
2,7646145,600001
2,7646145,600002
2,7646145,600003
2,7646145,600004
2,7646145,600005
2,7646145,600006
2,7646145,600007
2,7646145,600008
2,7646145,600009
2,7646145,600010
2,7646145,600011
2,7646145,600012
2,7646145,600013
2,7646145,600014
2,7646145,600015
2,7646145,600017
2,7646145,600018
2,7646145,600020
2,7646145,600021
2,7646145,600022
2,7646145,600023
2,7646145,600024
2,7646145,600025
2,7646145,600026
2,7646145,600028
2,7646145,600030
2,7646145,600031
2,7646145,600032
2,7646145,600033
2,7646145,600034
2,7646145,600035
2,7646145,600036
2,7646145,600038
2,7646145,600039
2,7646145,600040
2,7646145,600041
2,7646145,600042
2,7646145,600049
2,7646145,600078
2,7646145,600081
2,7646145,600082
2,7646145,600083
2,7646145,600084
2,7646145,600085
2,7646145,600086
2,7646145,600090
2,7646145,600092
2,7646145,600093
2,7646145,600094
2,7646145,600099
2,7646145,600101
2,7646145,600102
2,7646145,600104
2,7646145,600106
2,7646145,600107
2,7646145,600113
2,7646145,600118
2,7646146,604407
2,7646146,604505
2,7646146,631001
2,7646146,631002
2,7646146,631003
2,7646146,631004
2,7646146,631005
2,7646146,631006
2,7646146,631051
2,7646146,631052
2,7646146,631101
2,7646146,631102
2,7646146,631151
2,7646146,631152
2,7646146,632001
2,7646146,632002
2,7646146,632004
2,7646146,632006
2,7646146,632007
2,7646146,632008
2,7646146,632009
2,7646146,632010
2,7646146,632011
2,7646146,632012
2,7646146,632013
2,7646146,632014
2,7646146,632055
2,7646146,632057
2,7646146,632058
2,7646146,632059
2,7646146,632101
2,7646146,632102
2,7646146,632103
2,7646146,632104
2,7646146,632105
2,7646146,632106
2,7646146,632107
2,7646146,632113
2,7646146,632114
2,7646146,632115
2,7646146,632201
2,7646146,632202
2,7646146,632203
2,7646146,632204
2,7646146,632209
2,7646146,632311
2,7646146,632312
2,7646146,632318
2,7646146,632319
2,7646146,632401
2,7646146,632403
2,7646146,632404
2,7646146,632405
2,7646146,632406
2,7646146,632501
2,7646146,632502
2,7646146,632503
2,7646146,632504
2,7646146,632505
2,7646146,632506
2,7646146,632507
2,7646146,632508
2,7646146,632509
2,7646146,632510
2,7646146,632511
2,7646146,632512
2,7646146,632513
2,7646146,632514
2,7646146,632515
2,7646146,632516
2,7646146,632517
2,7646146,632518
2,7646146,632519
2,7646146,632520
2,7646146,632521
2,7646146,632531
2,7646146,632601
2,7646146,632602
2,7646146,632603
2,7646146,632604
2,7646146,635601
2,7646146,635602
2,7646146,635651
2,7646146,635652
2,7646146,635653
2,7646146,635654
2,7646146,635655
2,7646146,635701
2,7646146,635702
2,7646146,635703
2,7646146,635710
2,7646146,635751
2,7646146,635752
2,7646146,635754
2,7646146,635801
2,7646146,635802
2,7646146,635803
2,7646146,635804
2,7646146,635805
2,7646146,635806
2,7646146,635807
2,7646146,635808
2,7646146,635809
2,7646146,635810
2,7646146,635811
2,7646146,635812
2,7646146,635813
2,7646146,635814
2,7646146,635815
2,7646146,635851
2,7646146,635852
2,7646146,635853
2,7646146,635854
2,7646146,635901
2,7646147,604401
2,7646147,604402
2,7646147,604403
2,7646147,604404
2,7646147,604405
2,7646147,604406
2,7646147,604407
2,7646147,604408
2,7646147,604409
2,7646147,604410
2,7646147,604501
2,7646147,604502
2,7646147,604503
2,7646147,604504
2,7646147,604505
2,7646147,604601
2,7646147,605702
2,7646147,606601
2,7646147,606603
2,7646147,606604
2,7646147,606611
2,7646147,606701
2,7646147,606702
2,7646147,606703
2,7646147,606704
2,7646147,606705
2,7646147,606706
2,7646147,606707
2,7646147,606708
2,7646147,606709
2,7646147,606710
2,7646147,606751
2,7646147,606752
2,7646147,606753
2,7646147,606754
2,7646147,606755
2,7646147,606801
2,7646147,606802
2,7646147,606803
2,7646147,606804
2,7646147,606805
2,7646147,606806
2,7646147,606807
2,7646147,606808
2,7646147,606811
2,7646147,606901
2,7646147,606902
2,7646147,606903
2,7646147,606904
2,7646147,606905
2,7646147,606906
2,7646147,606907
2,7646147,606908
2,7646147,631701
2,7646147,631702
2,7646147,632301
2,7646147,632311
2,7646147,632312
2,7646147,632313
2,7646147,632314
2,7646147,632315
2,7646147,632316
2,7646147,632317
2,7646147,632319
2,7646147,632326
2,7646147,632507
2,7646147,632511
2,7646147,632512
2,7646147,635703
2,7646149,600016
2,7646149,600041
2,7646149,600043
2,7646149,600044
2,7646149,600045
2,7646149,600046
2,7646149,600047
2,7646149,600048
2,7646149,600056
2,7646149,600059
2,7646149,600061
2,7646149,600063
2,7646149,600064
2,7646149,600069
2,7646149,600070
2,7646149,600073
2,7646149,600074
2,7646149,600075
2,7646149,600088
2,7646149,600089
2,7646149,600091
2,7646149,600096
2,7646149,600097
2,7646149,600100
2,7646149,600115
2,7646149,600116
2,7646149,600117
2,7646149,600119
2,7646149,600122
2,7646149,600126
2,7646149,600127
2,7646149,600128
2,7646149,600129
2,7646149,600130
2,7646149,600131
2,7646149,600132
2,7646149,601102
2,7646149,601301
2,7646149,602105
2,7646149,602106
2,7646149,602108
2,7646149,602117
2,7646149,603001
2,7646149,603002
2,7646149,603003
2,7646149,603004
2,7646149,603101
2,7646149,603102
2,7646149,603103
2,7646149,603104
2,7646149,603105
2,7646149,603106
2,7646149,603107
2,7646149,603108
2,7646149,603109
2,7646149,603110
2,7646149,603111
2,7646149,603112
2,7646149,603127
2,7646149,603201
2,7646149,603202
2,7646149,603203
2,7646149,603204
2,7646149,603209
2,7646149,603210
2,7646149,603211
2,7646149,603301
2,7646149,603302
2,7646149,603303
2,7646149,603304
2,7646149,603305
2,7646149,603306
2,7646149,603307
2,7646149,603308
2,7646149,603309
2,7646149,603310
2,7646149,603311
2,7646149,603312
2,7646149,603313
2,7646149,603314
2,7646149,603319
2,7646149,603401
2,7646149,603402
2,7646149,603403
2,7646149,603405
2,7646149,603406
2,7646149,631202
2,7646149,631402
2,7646149,631501
2,7646149,631502
2,7646149,631551
2,7646149,631552
2,7646149,631553
2,7646149,631561
2,7646149,631601
2,7646149,631603
2,7646149,631604
2,7646149,631605
2,7646149,631606
2,7646150,604001
2,7646150,604101
2,7646150,604102
2,7646150,604151
2,7646150,604152
2,7646150,604153
2,7646150,604154
2,7646150,604201
2,7646150,604202
2,7646150,604203
2,7646150,604204
2,7646150,604205
2,7646150,604206
2,7646150,604207
2,7646150,604208
2,7646150,604210
2,7646150,604301
2,7646150,604302
2,7646150,604303
2,7646150,604304
2,7646150,604305
2,7646150,604306
2,7646150,604307
2,7646150,605014
2,7646150,605101
2,7646150,605102
2,7646150,605103
2,7646150,605105
2,7646150,605106
2,7646150,605107
2,7646150,605108
2,7646150,605109
2,7646150,605110
2,7646150,605111
2,7646150,605201
2,7646150,605202
2,7646150,605203
2,7646150,605301
2,7646150,605302
2,7646150,605401
2,7646150,605402
2,7646150,605501
2,7646150,605502
2,7646150,605601
2,7646150,605602
2,7646150,605651
2,7646150,605652
2,7646150,605701
2,7646150,605702
2,7646150,605751
2,7646150,605752
2,7646150,605754
2,7646150,605755
2,7646150,605756
2,7646150,605757
2,7646150,605758
2,7646150,605759
2,7646150,605766
2,7646150,605801
2,7646150,605802
2,7646150,605803
2,7646150,606102
2,7646150,606104
2,7646150,606107
2,7646150,606115
2,7646150,606201
2,7646150,606202
2,7646150,606203
2,7646150,606204
2,7646150,606205
2,7646150,606206
2,7646150,606207
2,7646150,606208
2,7646150,606209
2,7646150,606213
2,7646150,606301
2,7646150,606305
2,7646150,606401
2,7646150,606402
2,7646150,607101
2,7646150,607107
2,7646150,607201
2,7646150,607202
2,7646150,607203
2,7646150,607204
2,7646150,607209
2,7646150,607805
2,7646153,605007
2,7646153,605106
2,7646153,606001
2,7646153,606003
2,7646153,606103
2,7646153,606104
2,7646153,606105
2,7646153,606106
2,7646153,606108
2,7646153,606109
2,7646153,606110
2,7646153,606111
2,7646153,606302
2,7646153,606303
2,7646153,606304
2,7646153,607001
2,7646153,607002
2,7646153,607003
2,7646153,607004
2,7646153,607005
2,7646153,607006
2,7646153,607101
2,7646153,607102
2,7646153,607103
2,7646153,607104
2,7646153,607105
2,7646153,607106
2,7646153,607108
2,7646153,607109
2,7646153,607112
2,7646153,607205
2,7646153,607301
2,7646153,607302
2,7646153,607303
2,7646153,607308
2,7646153,607401
2,7646153,607402
2,7646153,607801
2,7646153,607802
2,7646153,607803
2,7646153,607804
2,7646153,607805
2,7646153,607807
2,7646153,608001
2,7646153,608002
2,7646153,608102
2,7646153,608201
2,7646153,608301
2,7646153,608302
2,7646153,608303
2,7646153,608304
2,7646153,608305
2,7646153,608306
2,7646153,608401
2,7646153,608501
2,7646153,608502
2,7646153,608601
2,7646153,608602
2,7646153,608701
2,7646153,608702
2,7646153,608703
2,7646153,608704
2,7646153,608801
2,7646154,621308
2,7646154,623401
2,7646154,623402
2,7646154,623701
2,7646154,630001
2,7646154,630002
2,7646154,630003
2,7646154,630005
2,7646154,630101
2,7646154,630102
2,7646154,630103
2,7646154,630104
2,7646154,630105
2,7646154,630106
2,7646154,630107
2,7646154,630108
2,7646154,630201
2,7646154,630202
2,7646154,630203
2,7646154,630204
2,7646154,630205
2,7646154,630206
2,7646154,630207
2,7646154,630208
2,7646154,630210
2,7646154,630211
2,7646154,630212
2,7646154,630301
2,7646154,630302
2,7646154,630303
2,7646154,630305
2,7646154,630306
2,7646154,630307
2,7646154,630309
2,7646154,630311
2,7646154,630312
2,7646154,630313
2,7646154,630314
2,7646154,630321
2,7646154,630405
2,7646154,630408
2,7646154,630410
2,7646154,630411
2,7646154,630501
2,7646154,630502
2,7646154,630551
2,7646154,630552
2,7646154,630553
2,7646154,630554
2,7646154,630555
2,7646154,630556
2,7646154,630557
2,7646154,630558
2,7646154,630559
2,7646154,630561
2,7646154,630562
2,7646154,630566
2,7646154,630602
2,7646154,630606
2,7646154,630609
2,7646154,630610
2,7646154,630611
2,7646154,630612
2,7646154,630702
2,7646154,630709
2,7646154,630710
2,7646154,630713
2,7646155,625203
2,7646155,625512
2,7646155,625513
2,7646155,625515
2,7646155,625516
2,7646155,625517
2,7646155,625518
2,7646155,625519
2,7646155,625520
2,7646155,625521
2,7646155,625523
2,7646155,625524
2,7646155,625525
2,7646155,625526
2,7646155,625527
2,7646155,625528
2,7646155,625530
2,7646155,625531
2,7646155,625533
2,7646155,625534
2,7646155,625536
2,7646155,625540
2,7646155,625556
2,7646155,625562
2,7646155,625579
2,7646155,625582
2,7646155,625601
2,7646155,625602
2,7646155,625603
2,7646155,625604
2,7646155,625605
2,7646155,625705
2,7646157,626001
2,7646157,626002
2,7646157,626003
2,7646157,626004
2,7646157,626005
2,7646157,626101
2,7646157,626102
2,7646157,626103
2,7646157,626104
2,7646157,626105
2,7646157,626106
2,7646157,626107
2,7646157,626108
2,7646157,626109
2,7646157,626110
2,7646157,626111
2,7646157,626112
2,7646157,626113
2,7646157,626114
2,7646157,626115
2,7646157,626116
2,7646157,626117
2,7646157,626118
2,7646157,626119
2,7646157,626121
2,7646157,626123
2,7646157,626124
2,7646157,626125
2,7646157,626126
2,7646157,626127
2,7646157,626128
2,7646157,626129
2,7646157,626130
2,7646157,626131
2,7646157,626132
2,7646157,626133
2,7646157,626134
2,7646157,626135
2,7646157,626136
2,7646157,626137
2,7646157,626138
2,7646157,626139
2,7646157,626140
2,7646157,626141
2,7646157,626142
2,7646157,626149
2,7646157,626161
2,7646157,626188
2,7646157,626189
2,7646157,626201
2,7646157,626202
2,7646157,626203
2,7646157,626204
2,7646157,626205
2,7646157,626607
2,7646157,626612
2,7646980,609403
2,7646980,609405
2,7646980,609501
2,7646980,609502
2,7646980,609503
2,7646980,609504
2,7646980,609603
2,7646980,609608
2,7646980,610001
2,7646980,610003
2,7646980,610004
2,7646980,610005
2,7646980,610101
2,7646980,610102
2,7646980,610103
2,7646980,610104
2,7646980,610105
2,7646980,610106
2,7646980,610107
2,7646980,610109
2,7646980,610201
2,7646980,610202
2,7646980,610203
2,7646980,610205
2,7646980,610206
2,7646980,611101
2,7646980,612201
2,7646980,612601
2,7646980,612603
2,7646980,612604
2,7646980,612605
2,7646980,612610
2,7646980,612701
2,7646980,612801
2,7646980,612802
2,7646980,612803
2,7646980,612804
2,7646980,613701
2,7646980,613702
2,7646980,613703
2,7646980,613704
2,7646980,613705
2,7646980,614001
2,7646980,614013
2,7646980,614014
2,7646980,614015
2,7646980,614016
2,7646980,614017
2,7646980,614018
2,7646980,614019
2,7646980,614020
2,7646980,614101
2,7646980,614102
2,7646980,614103
2,7646980,614208
2,7646980,614302
2,7646980,614403
2,7646980,614404
2,7646980,614702
2,7646980,614703
2,7646980,614704
2,7646980,614705
2,7646980,614706
2,7646980,614708
2,7646980,614710
2,7646980,614711
2,7646980,614713
2,7646980,614715
2,7646980,614716
2,7646980,614717
2,7646980,614738
2,7646980,614903
2,7646984,577001
2,7646984,577002
2,7646984,577003
2,7646984,577004
2,7646984,577005
2,7646984,577006
2,7646984,577007
2,7646984,577213
2,7646984,577215
2,7646984,577216
2,7646984,577217
2,7646984,577218
2,7646984,577219
2,7646984,577221
2,7646984,577223
2,7646984,577224
2,7646984,577225
2,7646984,577230
2,7646984,577231
2,7646984,577243
2,7646984,577427
2,7646984,577501
2,7646984,577512
2,7646984,577513
2,7646984,577516
2,7646984,577518
2,7646984,577525
2,7646984,577528
2,7646984,577530
2,7646984,577534
2,7646984,577544
2,7646984,577551
2,7646984,577552
2,7646984,577553
2,7646984,577556
2,7646984,577557
2,7646984,577566
2,7646984,577589
2,7646984,577601
2,7646984,581119
2,7646984,583125
2,7646984,583127
2,7646984,583131
2,7646984,583137
2,7646984,583213
2,7701203,303004
2,7701203,303107
2,7701203,303302
2,7701203,303303
2,7701203,303304
2,7701203,303305
2,7701203,303313
2,7701203,303315
2,7701203,303323
2,7701203,303325
2,7701203,303326
2,7701203,303327
2,7701203,303501
2,7701203,303502
2,7701203,303503
2,7701203,303504
2,7701203,303505
2,7701203,303506
2,7701203,303507
2,7701203,303508
2,7701203,303509
2,7701203,303510
2,7701203,303511
2,7701203,321608
2,7701203,321609
2,7701203,321612
2,7701203,321613
2,7701203,322240
2,7701204,328001
2,7701204,328021
2,7701204,328022
2,7701204,328023
2,7701204,328024
2,7701204,328025
2,7701204,328026
2,7701204,328027
2,7701204,328028
2,7701204,328029
2,7701204,328030
2,7701204,328031
2,7701204,328041
2,7701209,321610
2,7701209,321611
2,7701209,322033
2,7701209,322202
2,7701209,322203
2,7701209,322204
2,7701209,322212
2,7701209,322213
2,7701209,322215
2,7701209,322216
2,7701209,322218
2,7701209,322219
2,7701209,322220
2,7701209,322230
2,7701209,322234
2,7701209,322236
2,7701209,322238
2,7701209,322241
2,7701209,322242
2,7701209,322243
2,7701209,322249
2,7701209,322251
2,7701209,322252
2,7701209,322254
2,7701209,322255
2,7701212,325202
2,7701212,325205
2,7701212,325206
2,7701212,325207
2,7701212,325209
2,7701212,325214
2,7701212,325215
2,7701212,325216
2,7701212,325217
2,7701212,325218
2,7701212,325219
2,7701212,325220
2,7701212,325221
2,7701212,325222
2,7701212,325223
2,7701212,325224
2,7701213,305901
2,7701213,305921
2,7701213,305922
2,7701213,305925
2,7701213,313202
2,7701213,313206
2,7701213,313207
2,7701213,313211
2,7701213,313301
2,7701213,313321
2,7701213,313322
2,7701213,313323
2,7701213,313324
2,7701213,313325
2,7701213,313327
2,7701213,313328
2,7701213,313329
2,7701213,313330
2,7701213,313331
2,7701213,313332
2,7701213,313333
2,7701213,313334
2,7701213,313341
2,7701213,313342
2,7701213,313704
2,7701379,174301
2,7701379,174302
2,7701379,174303
2,7701379,174306
2,7701379,174307
2,7701379,174308
2,7701379,174314
2,7701379,174315
2,7701379,174316
2,7701379,174317
2,7701379,174319
2,7701379,174320
2,7701379,174321
2,7701379,174503
2,7701379,174507
2,7701379,176601
2,7701379,177031
2,7701379,177039
2,7701379,177041
2,7701379,177109
2,7701379,177110
2,7701379,177201
2,7701379,177202
2,7701379,177203
2,7701379,177204
2,7701379,177205
2,7701379,177206
2,7701379,177207
2,7701379,177208
2,7701379,177209
2,7701379,177210
2,7701379,177211
2,7701379,177212
2,7701379,177213
2,7701379,177219
2,7701379,177220
2,7701426,831001
2,7701426,831002
2,7701426,831003
2,7701426,831004
2,7701426,831005
2,7701426,831006
2,7701426,831007
2,7701426,831009
2,7701426,831010
2,7701426,831011
2,7701426,831012
2,7701426,831015
2,7701426,831016
2,7701426,831017
2,7701426,831018
2,7701426,831019
2,7701426,831020
2,7701426,831021
2,7701426,832101
2,7701426,832102
2,7701426,832103
2,7701426,832104
2,7701426,832105
2,7701426,832106
2,7701426,832107
2,7701426,832110
2,7701426,832111
2,7701426,832112
2,7701426,832113
2,7701426,832301
2,7701426,832302
2,7701426,832303
2,7701426,832304
2,7701426,833202
2,7701427,814155
2,7701427,825102
2,7701427,825315
2,7701427,825322
2,7701427,827001
2,7701427,827003
2,7701427,827004
2,7701427,827006
2,7701427,827009
2,7701427,827010
2,7701427,827012
2,7701427,827013
2,7701427,827014
2,7701427,827015
2,7701427,827302
2,7701427,828125
2,7701427,828134
2,7701427,828302
2,7701427,828303
2,7701427,828307
2,7701427,828403
2,7701427,828404
2,7701427,829104
2,7701427,829107
2,7701427,829111
2,7701427,829112
2,7701427,829113
2,7701427,829114
2,7701427,829116
2,7701427,829121
2,7701427,829123
2,7701427,829127
2,7701427,829128
2,7701427,829129
2,7701427,829132
2,7701427,829144
2,7701427,829149
2,7701427,829301
2,7701429,835203
2,7701429,835206
2,7701429,835207
2,7701429,835208
2,7701429,835211
2,7701429,835212
2,7701429,835214
2,7701429,835218
2,7701429,835220
2,7701429,835224
2,7701429,835227
2,7701429,835229
2,7701429,835230
2,7701429,835231
2,7701429,835232
2,7701429,835233
2,7701429,835302
2,7701507,793101
2,7701507,793102
2,7701507,793103
2,7701507,793104
2,7701507,793105
2,7701507,793122
2,7701507,793123
2,7701511,793106
2,7701511,793114
2,7701511,793115
2,7701511,793119
2,7701511,793120
2,7701511,793121
2,7701511,793126
2,7701511,793161
2,7701513,263619
2,7701513,263624
2,7701513,263628
2,7701513,263630
2,7701513,263631
2,7701513,263632
2,7701513,263633
2,7701513,263634
2,7701513,263635
2,7701513,263640
2,7701513,263641
2,7701513,263642
2,7701513,263679
2,7701515,262308
2,7701515,262310
2,7701515,262523
2,7701515,262524
2,7701515,262525
2,7701515,262527
2,7701515,262528
2,7701515,262561
2,7701515,262580
2,7701516,244712
2,7701516,244713
2,7701516,244715
2,7701516,244716
2,7701516,244717
2,7701516,262308
2,7701516,262311
2,7701516,262401
2,7701516,262405
2,7701516,263145
2,7701516,263148
2,7701516,263149
2,7701516,263150
2,7701516,263151
2,7701516,263152
2,7701516,263153
2,7701516,263160
2,7701598,497331
2,7701598,497335
2,7701598,497339
2,7701598,497442
2,7701598,497446
2,7701598,497447
2,7701598,497448
2,7701598,497449
2,7701598,497450
2,7701598,497451
2,7701598,497553
2,7701598,497555
2,7701598,497557
2,7701598,497559
2,7701598,497773
2,7701598,497778
2,7701599,496118
2,7701599,496220
2,7701599,496223
2,7701599,496224
2,7701599,496225
2,7701599,496227
2,7701599,496242
2,7701599,496245
2,7701599,496330
2,7701599,496331
2,7701599,496334
2,7701599,496336
2,7701599,496338
2,7701601,831002
2,7701601,831012
2,7701601,831013
2,7701601,831014
2,7701601,832107
2,7701601,832108
2,7701601,832109
2,7701601,832112
2,7701601,832401
2,7701601,832402
2,7701601,832403
2,7701601,832404
2,7701601,833101
2,7701601,833102
2,7701601,833105
2,7701601,833204
2,7701601,833216
2,7701601,833219
2,7701601,833220
2,7701603,813208
2,7701603,816101
2,7701603,816102
2,7701603,816105
2,7701603,816108
2,7701603,816109
2,7701603,816110
2,7701603,816115
2,7701603,816116
2,7701603,816120
2,7701603,816129
2,7701604,814111
2,7701604,814133
2,7701604,816102
2,7701604,816103
2,7701604,816104
2,7701604,816105
2,7701604,816106
2,7701604,816107
2,7701604,816117
2,7701605,822112
2,7701605,822114
2,7701605,822118
2,7701605,822124
2,7701605,822125
2,7701605,822128
2,7701605,822129
2,7701605,822132
2,7701605,822133
2,7701605,822134
2,7701605,829201
2,7701609,811101
2,7701609,811102
2,7701609,811103
2,7701609,811105
2,7701609,811107
2,7701609,811304
2,7701609,811315
2,7729742,335024
2,7729742,335063
2,7729742,335064
2,7729742,335065
2,7729742,335501
2,7729742,335502
2,7729742,335503
2,7729742,335504
2,7729742,335511
2,7729742,335512
2,7729742,335513
2,7729742,335523
2,7729742,335524
2,7729742,335525
2,7729742,335526
2,7729742,335801
2,7729742,335802
2,7729742,335803
2,7729742,344001
2,7729743,224121
2,7729743,224122
2,7729743,224123
2,7729743,224125
2,7729743,224127
2,7729743,224129
2,7729743,224132
2,7729743,224133
2,7729743,224135
2,7729743,224137
2,7729743,224139
2,7729743,224141
2,7729743,224143
2,7729743,224145
2,7729743,224146
2,7729743,224147
2,7729743,224149
2,7729743,224151
2,7729743,224152
2,7729743,224155
2,7729743,224157
2,7729743,224159
2,7729743,224161
2,7729743,224164
2,7729743,224168
2,7729743,224171
2,7729743,224172
2,7729743,224176
2,7729743,224181
2,7729743,224182
2,7729743,224183
2,7729743,224186
2,7729743,224189
2,7729743,224190
2,7729743,224195
2,7729743,224201
2,7729743,224202
2,7729743,224203
2,7729743,224205
2,7729743,224206
2,7729743,224208
2,7729743,224209
2,7729743,224210
2,7729743,224227
2,7729743,224228
2,7729743,224230
2,7729743,224231
2,7729743,224232
2,7729743,224234
2,7729743,224235
2,7729743,224238
2,7729743,224284
2,7729744,206121
2,7729744,206122
2,7729744,206129
2,7729744,206241
2,7729744,206243
2,7729744,206244
2,7729744,206246
2,7729744,206247
2,7729744,206248
2,7729744,206249
2,7729744,206250
2,7729744,206251
2,7729744,206252
2,7729744,206255
2,7729745,271201
2,7729745,271203
2,7729745,271204
2,7729745,271205
2,7729745,271206
2,7729745,271207
2,7729745,271208
2,7729745,271209
2,7729745,271210
2,7729745,271215
2,7729745,271306
2,7729745,271307
2,7729745,271504
2,7729745,271604
2,7729745,271607
2,7729745,271609
2,7729745,271861
2,7729747,208001
2,7729747,209101
2,7729747,209111
2,7729747,209112
2,7729747,209115
2,7729747,209121
2,7729747,209125
2,7729747,209202
2,7729747,209203
2,7729747,209204
2,7729747,209205
2,7729747,209206
2,7729747,209208
2,7729747,209209
2,7729747,209210
2,7729747,209301
2,7729747,209302
2,7729747,209303
2,7729747,209304
2,7729747,209306
2,7729747,209307
2,7729747,209308
2,7729747,209310
2,7729747,209311
2,7729747,209312
2,7729747,209863
2,7729749,273151
2,7729749,273155
2,7729749,273157
2,7729749,273161
2,7729749,273162
2,7729749,273163
2,7729749,273164
2,7729749,273207
2,7729749,273301
2,7729749,273302
2,7729749,273303
2,7729749,273304
2,7729749,273305
2,7729749,273306
2,7729749,273308
2,7729749,273309
2,7729749,273310
2,7729749,273311
2,7729749,273405
2,7729750,221601
2,7729750,221602
2,7729750,221603
2,7729750,221705
2,7729750,221706
2,7729750,223222
2,7729750,275101
2,7729750,275102
2,7729750,275103
2,7729750,275105
2,7729750,275301
2,7729750,275302
2,7729750,275303
2,7729750,275304
2,7729750,275305
2,7729750,275306
2,7729750,275307
2,7729750,276126
2,7729750,276129
2,7729750,276142
2,7729750,276201
2,7729750,276202
2,7729750,276204
2,7729750,276305
2,7729750,276306
2,7729750,276402
2,7729750,276403
2,7729750,276405
2,7874372,685533
2,7874372,686510
2,7874372,686511
2,7874372,686547
2,7874372,689101
2,7874372,689102
2,7874372,689103
2,7874372,689104
2,7874372,689105
2,7874372,689106
2,7874372,689107
2,7874372,689108
2,7874372,689110
2,7874372,689111
2,7874372,689112
2,7874372,689113
2,7874372,689115
2,7874372,689122
2,7874372,689123
2,7874372,689501
2,7874372,689502
2,7874372,689503
2,7874372,689507
2,7874372,689513
2,7874372,689514
2,7874372,689531
2,7874372,689532
2,7874372,689533
2,7874372,689541
2,7874372,689542
2,7874372,689543
2,7874372,689544
2,7874372,689545
2,7874372,689546
2,7874372,689547
2,7874372,689548
2,7874372,689549
2,7874372,689550
2,7874372,689551
2,7874372,689581
2,7874372,689582
2,7874372,689583
2,7874372,689584
2,7874372,689585
2,7874372,689586
2,7874372,689587
2,7874372,689588
2,7874372,689589
2,7874372,689591
2,7874372,689592
2,7874372,689594
2,7874372,689597
2,7874372,689602
2,7874372,689611
2,7874372,689612
2,7874372,689613
2,7874372,689614
2,7874372,689615
2,7874372,689621
2,7874372,689625
2,7874372,689626
2,7874372,689641
2,7874372,689642
2,7874372,689643
2,7874372,689644
2,7874372,689645
2,7874372,689646
2,7874372,689647
2,7874372,689648
2,7874372,689649
2,7874372,689650
2,7874372,689652
2,7874372,689653
2,7874372,689654
2,7874372,689656
2,7874372,689661
2,7874372,689662
2,7874372,689663
2,7874372,689664
2,7874372,689666
2,7874372,689667
2,7874372,689668
2,7874372,689671
2,7874372,689672
2,7874372,689673
2,7874372,689674
2,7874372,689675
2,7874372,689676
2,7874372,689677
2,7874372,689678
2,7874372,689691
2,7874372,689692
2,7874372,689693
2,7874372,689694
2,7874372,689695
2,7874372,689698
2,7874372,689699
2,7874372,689711
2,7874372,690504
2,7874372,690522
2,7874372,691523
2,7874372,691524
2,7874372,691525
2,7874372,691526
2,7874372,691530
2,7874372,691551
2,7874372,691552
2,7874372,691553
2,7874372,691554
2,7874372,691555
2,7874372,691556
2,7874380,627001
2,7874380,627002
2,7874380,627003
2,7874380,627004
2,7874380,627005
2,7874380,627006
2,7874380,627007
2,7874380,627008
2,7874380,627009
2,7874380,627010
2,7874380,627011
2,7874380,627012
2,7874380,627101
2,7874380,627102
2,7874380,627103
2,7874380,627104
2,7874380,627105
2,7874380,627106
2,7874380,627107
2,7874380,627108
2,7874380,627109
2,7874380,627110
2,7874380,627111
2,7874380,627112
2,7874380,627113
2,7874380,627114
2,7874380,627115
2,7874380,627116
2,7874380,627117
2,7874380,627118
2,7874380,627119
2,7874380,627120
2,7874380,627127
2,7874380,627133
2,7874380,627151
2,7874380,627152
2,7874380,627201
2,7874380,627202
2,7874380,627351
2,7874380,627352
2,7874380,627353
2,7874380,627354
2,7874380,627355
2,7874380,627356
2,7874380,627357
2,7874380,627358
2,7874380,627359
2,7874380,627401
2,7874380,627412
2,7874380,627413
2,7874380,627414
2,7874380,627415
2,7874380,627416
2,7874380,627417
2,7874380,627418
2,7874380,627420
2,7874380,627421
2,7874380,627422
2,7874380,627423
2,7874380,627424
2,7874380,627425
2,7874380,627426
2,7874380,627427
2,7874380,627428
2,7874380,627452
2,7874380,627453
2,7874380,627501
2,7874380,627502
2,7874380,627601
2,7874380,627602
2,7874380,627603
2,7874380,627604
2,7874380,627651
2,7874380,627652
2,7874380,627654
2,7874380,627657
2,7874380,627713
2,7874380,627719
2,7874380,627751
2,7874380,627753
2,7874380,627754
2,7874380,627755
2,7874380,627756
2,7874380,627757
2,7874380,627758
2,7874380,627759
2,7874380,627760
2,7874380,627761
2,7874380,627764
2,7874380,627802
2,7874380,627803
2,7874380,627804
2,7874380,627805
2,7874380,627806
2,7874380,627807
2,7874380,627808
2,7874380,627809
2,7874380,627811
2,7874380,627812
2,7874380,627813
2,7874380,627814
2,7874380,627818
2,7874380,627851
2,7874380,627852
2,7874380,627853
2,7874380,627854
2,7874380,627855
2,7874380,627856
2,7874380,627857
2,7874380,627858
2,7874380,627859
2,7874380,627860
2,7874380,627861
2,7874380,627862
2,7874380,627951
2,7874380,627953
2,7874380,628502
2,7874380,628552
2,7874389,205121
2,7874389,205262
2,7874389,283103
2,7874389,283130
2,7874389,283135
2,7874389,283136
2,7874389,283141
2,7874389,283142
2,7874389,283145
2,7874389,283151
2,7874389,283152
2,7874389,283203
2,7874389,283204
2,7874389,283205
2,7874389,283206
2,7874389,283207
2,7902634,209720
2,7902634,209721
2,7902634,209722
2,7902634,209723
2,7902634,209725
2,7902634,209726
2,7902634,209727
2,7902634,209728
2,7902634,209729
2,7902634,209731
2,7902634,209732
2,7902634,209733
2,7902634,209734
2,7902634,209735
2,7902634,209736
2,7902634,209738
2,7902634,209747
2,7909821,689695
2,7909821,689696
2,7909821,690518
2,7909821,690519
2,7909821,690520
2,7909821,690521
2,7909821,690522
2,7909821,690523
2,7909821,690524
2,7909821,690525
2,7909821,690526
2,7909821,690528
2,7909821,690536
2,7909821,690538
2,7909821,690539
2,7909821,690540
2,7909821,690542
2,7909821,690544
2,7909821,690546
2,7909821,690547
2,7909821,690561
2,7909821,690573
2,7909821,690574
2,7909821,691001
2,7909821,691002
2,7909821,691003
2,7909821,691004
2,7909821,691005
2,7909821,691006
2,7909821,691007
2,7909821,691008
2,7909821,691009
2,7909821,691010
2,7909821,691011
2,7909821,691012
2,7909821,691013
2,7909821,691014
2,7909821,691015
2,7909821,691016
2,7909821,691019
2,7909821,691020
2,7909821,691021
2,7909821,691301
2,7909821,691302
2,7909821,691303
2,7909821,691304
2,7909821,691305
2,7909821,691306
2,7909821,691307
2,7909821,691308
2,7909821,691309
2,7909821,691310
2,7909821,691311
2,7909821,691312
2,7909821,691319
2,7909821,691322
2,7909821,691331
2,7909821,691332
2,7909821,691333
2,7909821,691334
2,7909821,691500
2,7909821,691501
2,7909821,691502
2,7909821,691503
2,7909821,691504
2,7909821,691505
2,7909821,691506
2,7909821,691507
2,7909821,691508
2,7909821,691509
2,7909821,691510
2,7909821,691511
2,7909821,691512
2,7909821,691515
2,7909821,691516
2,7909821,691520
2,7909821,691521
2,7909821,691522
2,7909821,691526
2,7909821,691527
2,7909821,691531
2,7909821,691532
2,7909821,691533
2,7909821,691534
2,7909821,691535
2,7909821,691536
2,7909821,691537
2,7909821,691538
2,7909821,691540
2,7909821,691541
2,7909821,691543
2,7909821,691552
2,7909821,691553
2,7909821,691557
2,7909821,691559
2,7909821,691560
2,7909821,691566
2,7909821,691571
2,7909821,691572
2,7909821,691573
2,7909821,691574
2,7909821,691576
2,7909821,691577
2,7909821,691578
2,7909821,691579
2,7909821,691581
2,7909821,691582
2,7909821,691583
2,7909821,691584
2,7909821,691585
2,7909821,691589
2,7909821,691590
2,7909821,691601
2,7909821,691602
2,7909823,695001
2,7909823,695002
2,7909823,695003
2,7909823,695004
2,7909823,695005
2,7909823,695006
2,7909823,695007
2,7909823,695008
2,7909823,695009
2,7909823,695010
2,7909823,695011
2,7909823,695012
2,7909823,695013
2,7909823,695014
2,7909823,695015
2,7909823,695016
2,7909823,695018
2,7909823,695019
2,7909823,695020
2,7909823,695021
2,7909823,695022
2,7909823,695023
2,7909823,695024
2,7909823,695025
2,7909823,695026
2,7909823,695027
2,7909823,695028
2,7909823,695029
2,7909823,695030
2,7909823,695032
2,7909823,695033
2,7909823,695034
2,7909823,695035
2,7909823,695036
2,7909823,695038
2,7909823,695040
2,7909823,695043
2,7909823,695099
2,7909823,695101
2,7909823,695102
2,7909823,695103
2,7909823,695104
2,7909823,695121
2,7909823,695122
2,7909823,695123
2,7909823,695124
2,7909823,695125
2,7909823,695126
2,7909823,695132
2,7909823,695133
2,7909823,695134
2,7909823,695141
2,7909823,695142
2,7909823,695143
2,7909823,695144
2,7909823,695145
2,7909823,695146
2,7909823,695301
2,7909823,695302
2,7909823,695303
2,7909823,695304
2,7909823,695305
2,7909823,695306
2,7909823,695307
2,7909823,695308
2,7909823,695309
2,7909823,695310
2,7909823,695311
2,7909823,695312
2,7909823,695313
2,7909823,695316
2,7909823,695317
2,7909823,695318
2,7909823,695501
2,7909823,695502
2,7909823,695503
2,7909823,695504
2,7909823,695505
2,7909823,695506
2,7909823,695507
2,7909823,695508
2,7909823,695512
2,7909823,695513
2,7909823,695521
2,7909823,695522
2,7909823,695523
2,7909823,695524
2,7909823,695525
2,7909823,695526
2,7909823,695527
2,7909823,695528
2,7909823,695541
2,7909823,695542
2,7909823,695543
2,7909823,695547
2,7909823,695551
2,7909823,695561
2,7909823,695562
2,7909823,695563
2,7909823,695564
2,7909823,695568
2,7909823,695570
2,7909823,695571
2,7909823,695572
2,7909823,695573
2,7909823,695574
2,7909823,695575
2,7909823,695581
2,7909823,695582
2,7909823,695583
2,7909823,695584
2,7909823,695585
2,7909823,695586
2,7909823,695587
2,7909823,695588
2,7909823,695589
2,7909823,695601
2,7909823,695602
2,7909823,695603
2,7909823,695604
2,7909823,695605
2,7909823,695606
2,7909823,695607
2,7909823,695608
2,7909823,695609
2,7909823,695610
2,7909823,695611
2,7909823,695612
2,7909823,695614
2,7909823,695615
2,7909838,796410
2,7909838,796421
2,7909838,796431
2,7909838,796441
2,7909838,796470
2,7909838,796501
2,7909842,581101
2,7909842,581102
2,7909842,581104
2,7909842,581106
2,7909842,581108
2,7909842,581109
2,7909842,581110
2,7909842,581111
2,7909842,581112
2,7909842,581115
2,7909842,581116
2,7909842,581118
2,7909842,581119
2,7909842,581120
2,7909842,581123
2,7909842,581126
2,7909842,581128
2,7909842,581145
2,7909842,581148
2,7909842,581193
2,7909842,581198
2,7909842,581199
2,7909842,581202
2,7909842,581203
2,7909842,581205
2,7909842,581208
2,7909842,581210
2,7909842,581211
2,7909842,581212
2,7909842,581213
2,7909842,581237
2,7909847,582101
2,7909847,582102
2,7909847,582103
2,7909847,582104
2,7909847,582111
2,7909847,582112
2,7909847,582113
2,7909847,582114
2,7909847,582115
2,7909847,582116
2,7909847,582117
2,7909847,582118
2,7909847,582119
2,7909847,582120
2,7909847,582202
2,7909847,582203
2,7909847,582204
2,7909847,582205
2,7909847,582206
2,7909847,582207
2,7909847,582209
2,7909847,582210
2,7909847,582211
2,7909847,583226
2,7909847,583227
2,7909847,583229
2,7909847,583233
2,7909847,583235
2,7909847,583238
2,7909847,583268
2,7909847,583277
2,7909847,583279
2,7909847,583282
2,7909847,583285
2,7909847,583286
2,7909874,140405
2,7909874,140406
2,7909874,140407
2,7909874,140408
2,7909874,140412
2,7909874,140417
2,7909874,140602
2,7909874,140802
2,7909874,141411
2,7909874,141421
2,7909874,141801
2,7909874,147301
2,7909875,151202
2,7909875,151210
2,7909875,151211
2,7909875,152022
2,7909875,152025
2,7909875,152026
2,7909875,152031
2,7909875,152032
2,7909875,152101
2,7909875,152107
2,7909875,152112
2,7909875,152113
2,7909875,152114
2,7909875,152115
2,8131497,442302
2,8131497,444601
2,8131497,444602
2,8131497,444603
2,8131497,444604
2,8131497,444605
2,8131497,444606
2,8131497,444607
2,8131497,444701
2,8131497,444702
2,8131497,444704
2,8131497,444705
2,8131497,444706
2,8131497,444707
2,8131497,444708
2,8131497,444709
2,8131497,444710
2,8131497,444711
2,8131497,444717
2,8131497,444719
2,8131497,444720
2,8131497,444723
2,8131497,444801
2,8131497,444802
2,8131497,444803
2,8131497,444804
2,8131497,444805
2,8131497,444806
2,8131497,444807
2,8131497,444808
2,8131497,444809
2,8131497,444810
2,8131497,444813
2,8131497,444901
2,8131497,444902
2,8131497,444903
2,8131497,444904
2,8131497,444905
2,8131497,444906
2,8131497,444907
2,8131497,444908
2,8131497,444915
2,8131498,423701
2,8131498,423702
2,8131498,423703
2,8131498,431001
2,8131498,431002
2,8131498,431003
2,8131498,431004
2,8131498,431005
2,8131498,431006
2,8131498,431007
2,8131498,431008
2,8131498,431009
2,8131498,431010
2,8131498,431011
2,8131498,431101
2,8131498,431102
2,8131498,431103
2,8131498,431104
2,8131498,431105
2,8131498,431107
2,8131498,431109
2,8131498,431110
2,8131498,431111
2,8131498,431112
2,8131498,431113
2,8131498,431114
2,8131498,431115
2,8131498,431116
2,8131498,431117
2,8131498,431118
2,8131498,431120
2,8131498,431121
2,8131498,431132
2,8131498,431133
2,8131498,431134
2,8131498,431135
2,8131498,431136
2,8131498,431137
2,8131498,431147
2,8131498,431148
2,8131498,431150
2,8131498,431151
2,8131498,431152
2,8131498,431154
2,8131498,431202
2,8131500,440001
2,8131500,440002
2,8131500,440003
2,8131500,440005
2,8131500,440006
2,8131500,440007
2,8131500,440008
2,8131500,440010
2,8131500,440012
2,8131500,440013
2,8131500,440014
2,8131500,440015
2,8131500,440016
2,8131500,440017
2,8131500,440018
2,8131500,440019
2,8131500,440020
2,8131500,440021
2,8131500,440022
2,8131500,440023
2,8131500,440024
2,8131500,440025
2,8131500,440026
2,8131500,440027
2,8131500,440030
2,8131500,440032
2,8131500,440033
2,8131500,440034
2,8131500,440035
2,8131500,440036
2,8131500,440037
2,8131500,441001
2,8131500,441101
2,8131500,441102
2,8131500,441103
2,8131500,441104
2,8131500,441105
2,8131500,441106
2,8131500,441107
2,8131500,441108
2,8131500,441109
2,8131500,441110
2,8131500,441111
2,8131500,441112
2,8131500,441113
2,8131500,441122
2,8131500,441123
2,8131500,441201
2,8131500,441202
2,8131500,441203
2,8131500,441204
2,8131500,441210
2,8131500,441214
2,8131500,441301
2,8131500,441302
2,8131500,441303
2,8131500,441304
2,8131500,441305
2,8131500,441306
2,8131500,441401
2,8131500,441404
2,8131500,441501
2,8131500,441502
2,8131501,422001
2,8131501,422002
2,8131501,422003
2,8131501,422004
2,8131501,422005
2,8131501,422006
2,8131501,422007
2,8131501,422008
2,8131501,422009
2,8131501,422010
2,8131501,422011
2,8131501,422012
2,8131501,422013
2,8131501,422101
2,8131501,422102
2,8131501,422103
2,8131501,422104
2,8131501,422105
2,8131501,422112
2,8131501,422113
2,8131501,422201
2,8131501,422202
2,8131501,422203
2,8131501,422204
2,8131501,422205
2,8131501,422206
2,8131501,422207
2,8131501,422208
2,8131501,422209
2,8131501,422210
2,8131501,422211
2,8131501,422212
2,8131501,422213
2,8131501,422214
2,8131501,422215
2,8131501,422221
2,8131501,422222
2,8131501,422301
2,8131501,422302
2,8131501,422303
2,8131501,422304
2,8131501,422305
2,8131501,422306
2,8131501,422308
2,8131501,422401
2,8131501,422402
2,8131501,422403
2,8131501,422501
2,8131501,422502
2,8131501,422606
2,8131501,423101
2,8131501,423102
2,8131501,423104
2,8131501,423105
2,8131501,423106
2,8131501,423108
2,8131501,423110
2,8131501,423111
2,8131501,423117
2,8131501,423201
2,8131501,423202
2,8131501,423203
2,8131501,423204
2,8131501,423205
2,8131501,423206
2,8131501,423208
2,8131501,423212
2,8131501,423213
2,8131501,423301
2,8131501,423302
2,8131501,423303
2,8131501,423401
2,8131501,423402
2,8131501,423403
2,8131501,423501
2,8131501,423502
2,8131501,424109
2,8131502,412206
2,8131502,412801
2,8131502,412802
2,8131502,412803
2,8131502,412804
2,8131502,412805
2,8131502,412806
2,8131502,415001
2,8131502,415002
2,8131502,415003
2,8131502,415004
2,8131502,415010
2,8131502,415011
2,8131502,415012
2,8131502,415013
2,8131502,415014
2,8131502,415015
2,8131502,415019
2,8131502,415020
2,8131502,415021
2,8131502,415022
2,8131502,415023
2,8131502,415102
2,8131502,415103
2,8131502,415104
2,8131502,415105
2,8131502,415106
2,8131502,415107
2,8131502,415108
2,8131502,415109
2,8131502,415110
2,8131502,415111
2,8131502,415112
2,8131502,415114
2,8131502,415115
2,8131502,415116
2,8131502,415122
2,8131502,415124
2,8131502,415205
2,8131502,415206
2,8131502,415207
2,8131502,415209
2,8131502,415211
2,8131502,415212
2,8131502,415312
2,8131502,415501
2,8131502,415502
2,8131502,415503
2,8131502,415504
2,8131502,415505
2,8131502,415506
2,8131502,415507
2,8131502,415508
2,8131502,415509
2,8131502,415510
2,8131502,415511
2,8131502,415512
2,8131502,415513
2,8131502,415514
2,8131502,415515
2,8131502,415516
2,8131502,415517
2,8131502,415518
2,8131502,415519
2,8131502,415520
2,8131502,415521
2,8131502,415522
2,8131502,415523
2,8131502,415524
2,8131502,415525
2,8131502,415526
2,8131502,415527
2,8131502,415528
2,8131502,415530
2,8131502,415536
2,8131502,415537
2,8131502,415538
2,8131502,415539
2,8131502,415540
2,8131502,415715
2,8133375,410301
2,8133375,410302
2,8133375,410401
2,8133375,410402
2,8133375,410403
2,8133375,410405
2,8133375,410406
2,8133375,410501
2,8133375,410502
2,8133375,410503
2,8133375,410504
2,8133375,410505
2,8133375,410506
2,8133375,410507
2,8133375,410508
2,8133375,410509
2,8133375,410510
2,8133375,410511
2,8133375,410512
2,8133375,410513
2,8133375,410515
2,8133375,410516
2,8133375,411001
2,8133375,411002
2,8133375,411003
2,8133375,411004
2,8133375,411005
2,8133375,411006
2,8133375,411007
2,8133375,411008
2,8133375,411009
2,8133375,411011
2,8133375,411012
2,8133375,411013
2,8133375,411014
2,8133375,411015
2,8133375,411016
2,8133375,411017
2,8133375,411018
2,8133375,411019
2,8133375,411020
2,8133375,411021
2,8133375,411022
2,8133375,411023
2,8133375,411024
2,8133375,411025
2,8133375,411026
2,8133375,411027
2,8133375,411028
2,8133375,411030
2,8133375,411031
2,8133375,411032
2,8133375,411033
2,8133375,411034
2,8133375,411035
2,8133375,411036
2,8133375,411037
2,8133375,411038
2,8133375,411039
2,8133375,411040
2,8133375,411041
2,8133375,411042
2,8133375,411043
2,8133375,411044
2,8133375,411045
2,8133375,411046
2,8133375,411047
2,8133375,411048
2,8133375,411051
2,8133375,411052
2,8133375,411057
2,8133375,411058
2,8133375,411060
2,8133375,411061
2,8133375,411062
2,8133375,411067
2,8133375,411068
2,8133375,412101
2,8133375,412102
2,8133375,412103
2,8133375,412104
2,8133375,412105
2,8133375,412106
2,8133375,412107
2,8133375,412108
2,8133375,412109
2,8133375,412110
2,8133375,412112
2,8133375,412115
2,8133375,412201
2,8133375,412202
2,8133375,412203
2,8133375,412204
2,8133375,412205
2,8133375,412206
2,8133375,412207
2,8133375,412208
2,8133375,412209
2,8133375,412210
2,8133375,412211
2,8133375,412212
2,8133375,412213
2,8133375,412214
2,8133375,412215
2,8133375,412216
2,8133375,412218
2,8133375,412219
2,8133375,412220
2,8133375,412301
2,8133375,412303
2,8133375,412304
2,8133375,412305
2,8133375,412306
2,8133375,412307
2,8133375,412308
2,8133375,412311
2,8133375,412312
2,8133375,412401
2,8133375,412402
2,8133375,412403
2,8133375,412404
2,8133375,412405
2,8133375,412406
2,8133375,412408
2,8133375,412409
2,8133375,412410
2,8133375,412411
2,8133375,412412
2,8133375,413102
2,8133375,413103
2,8133375,413104
2,8133375,413105
2,8133375,413106
2,8133375,413110
2,8133375,413114
2,8133375,413115
2,8133375,413116
2,8133375,413120
2,8133375,413130
2,8133375,413132
2,8133375,413133
2,8133375,413801
2,8133375,413802
2,8133543,679105
2,8133543,679106
2,8133543,679531
2,8133543,679532
2,8133543,679561
2,8133543,679562
2,8133543,679563
2,8133543,679564
2,8133543,680001
2,8133543,680002
2,8133543,680003
2,8133543,680004
2,8133543,680005
2,8133543,680006
2,8133543,680007
2,8133543,680008
2,8133543,680009
2,8133543,680010
2,8133543,680011
2,8133543,680012
2,8133543,680013
2,8133543,680014
2,8133543,680020
2,8133543,680021
2,8133543,680022
2,8133543,680026
2,8133543,680027
2,8133543,680028
2,8133543,680101
2,8133543,680102
2,8133543,680103
2,8133543,680104
2,8133543,680121
2,8133543,680122
2,8133543,680123
2,8133543,680125
2,8133543,680301
2,8133543,680302
2,8133543,680303
2,8133543,680304
2,8133543,680305
2,8133543,680306
2,8133543,680307
2,8133543,680308
2,8133543,680309
2,8133543,680310
2,8133543,680311
2,8133543,680312
2,8133543,680317
2,8133543,680501
2,8133543,680502
2,8133543,680503
2,8133543,680504
2,8133543,680505
2,8133543,680506
2,8133543,680507
2,8133543,680508
2,8133543,680509
2,8133543,680510
2,8133543,680511
2,8133543,680512
2,8133543,680513
2,8133543,680514
2,8133543,680515
2,8133543,680516
2,8133543,680517
2,8133543,680518
2,8133543,680519
2,8133543,680520
2,8133543,680521
2,8133543,680522
2,8133543,680523
2,8133543,680524
2,8133543,680541
2,8133543,680542
2,8133543,680543
2,8133543,680544
2,8133543,680551
2,8133543,680552
2,8133543,680555
2,8133543,680561
2,8133543,680562
2,8133543,680563
2,8133543,680564
2,8133543,680565
2,8133543,680566
2,8133543,680567
2,8133543,680568
2,8133543,680569
2,8133543,680570
2,8133543,680571
2,8133543,680581
2,8133543,680582
2,8133543,680583
2,8133543,680584
2,8133543,680585
2,8133543,680586
2,8133543,680587
2,8133543,680588
2,8133543,680589
2,8133543,680590
2,8133543,680591
2,8133543,680594
2,8133543,680596
2,8133543,680601
2,8133543,680602
2,8133543,680604
2,8133543,680611
2,8133543,680612
2,8133543,680613
2,8133543,680614
2,8133543,680615
2,8133543,680616
2,8133543,680617
2,8133543,680618
2,8133543,680619
2,8133543,680620
2,8133543,680623
2,8133543,680631
2,8133543,680641
2,8133543,680642
2,8133543,680651
2,8133543,680652
2,8133543,680653
2,8133543,680655
2,8133543,680656
2,8133543,680661
2,8133543,680662
2,8133543,680663
2,8133543,680664
2,8133543,680665
2,8133543,680666
2,8133543,680667
2,8133543,680668
2,8133543,680669
2,8133543,680670
2,8133543,680671
2,8133543,680681
2,8133543,680682
2,8133543,680683
2,8133543,680684
2,8133543,680685
2,8133543,680686
2,8133543,680687
2,8133543,680688
2,8133543,680689
2,8133543,680697
2,8133543,680699
2,8133543,680701
2,8133543,680702
2,8133543,680703
2,8133543,680711
2,8133543,680721
2,8133543,680722
2,8133543,680724
2,8133543,680731
2,8133543,680732
2,8133543,680733
2,8133543,680734
2,8133543,680741
2,8133543,680751
2,8199441,608703
2,8199441,608901
2,8199441,612901
2,8199441,612902
2,8199441,612903
2,8199441,612904
2,8199441,621218
2,8199441,621651
2,8199441,621653
2,8199441,621701
2,8199441,621704
2,8199441,621705
2,8199441,621707
2,8199441,621709
2,8199441,621710
2,8199441,621713
2,8199441,621714
2,8199441,621715
2,8199441,621718
2,8199441,621719
2,8199441,621729
2,8199441,621730
2,8199441,621801
2,8199441,621802
2,8199441,621803
2,8199441,621804
2,8199441,621805
2,8199441,621806
2,8199441,621851
2,8223993,635001
2,8223993,635002
2,8223993,635101
2,8223993,635102
2,8223993,635103
2,8223993,635104
2,8223993,635105
2,8223993,635106
2,8223993,635107
2,8223993,635108
2,8223993,635109
2,8223993,635110
2,8223993,635111
2,8223993,635112
2,8223993,635113
2,8223993,635114
2,8223993,635115
2,8223993,635116
2,8223993,635117
2,8223993,635118
2,8223993,635119
2,8223993,635120
2,8223993,635121
2,8223993,635122
2,8223993,635123
2,8223993,635124
2,8223993,635126
2,8223993,635130
2,8223993,635203
2,8223993,635204
2,8223993,635206
2,8223993,635207
2,8223993,635304
2,8223993,635306
2,8223993,635307
2,8223993,636902
2,8223994,624001
2,8223994,624002
2,8223994,624003
2,8223994,624004
2,8223994,624005
2,8223994,624101
2,8223994,624103
2,8223994,624201
2,8223994,624202
2,8223994,624204
2,8223994,624206
2,8223994,624208
2,8223994,624210
2,8223994,624211
2,8223994,624212
2,8223994,624215
2,8223994,624216
2,8223994,624219
2,8223994,624220
2,8223994,624302
2,8223994,624303
2,8223994,624304
2,8223994,624306
2,8223994,624307
2,8223994,624308
2,8223994,624401
2,8223994,624402
2,8223994,624403
2,8223994,624601
2,8223994,624610
2,8223994,624612
2,8223994,624613
2,8223994,624614
2,8223994,624615
2,8223994,624616
2,8223994,624617
2,8223994,624618
2,8223994,624619
2,8223994,624620
2,8223994,624621
2,8223994,624622
2,8223994,624701
2,8223994,624702
2,8223994,624703
2,8223994,624704
2,8223994,624705
2,8223994,624706
2,8223994,624707
2,8223994,624708
2,8223994,624709
2,8223994,624710
2,8223994,624711
2,8223994,624712
2,8223994,624801
2,8223994,624802
2,8223994,639203
2,8223994,642113
2,8223995,638001
2,8223995,638002
2,8223995,638003
2,8223995,638004
2,8223995,638005
2,8223995,638007
2,8223995,638009
2,8223995,638010
2,8223995,638011
2,8223995,638012
2,8223995,638051
2,8223995,638052
2,8223995,638053
2,8223995,638054
2,8223995,638055
2,8223995,638056
2,8223995,638057
2,8223995,638060
2,8223995,638101
2,8223995,638102
2,8223995,638103
2,8223995,638104
2,8223995,638105
2,8223995,638106
2,8223995,638107
2,8223995,638108
2,8223995,638109
2,8223995,638110
2,8223995,638111
2,8223995,638112
2,8223995,638115
2,8223995,638116
2,8223995,638151
2,8223995,638152
2,8223995,638153
2,8223995,638154
2,8223995,638301
2,8223995,638311
2,8223995,638312
2,8223995,638313
2,8223995,638314
2,8223995,638315
2,8223995,638316
2,8223995,638401
2,8223995,638402
2,8223995,638451
2,8223995,638452
2,8223995,638453
2,8223995,638454
2,8223995,638455
2,8223995,638456
2,8223995,638457
2,8223995,638458
2,8223995,638459
2,8223995,638460
2,8223995,638461
2,8223995,638462
2,8223995,638476
2,8223995,638501
2,8223995,638502
2,8223995,638503
2,8223995,638504
2,8223995,638505
2,8223995,638506
2,8223995,638656
2,8223995,638657
2,8223995,638660
2,8223995,638661
2,8223995,638672
2,8223995,638673
2,8223995,638701
2,8223995,638702
2,8223995,638703
2,8223995,638706
2,8223995,638751
2,8223995,638752
2,8223995,638812
2,8223995,639201
2,8223995,639202
2,8223995,641605
2,8223995,641607
2,8223995,642206
2,8223996,621301
2,8223996,621306
2,8223996,621311
2,8223996,621313
2,8223996,621315
2,8223996,638151
2,8223996,639001
2,8223996,639002
2,8223996,639003
2,8223996,639004
2,8223996,639005
2,8223996,639006
2,8223996,639007
2,8223996,639008
2,8223996,639102
2,8223996,639104
2,8223996,639105
2,8223996,639107
2,8223996,639108
2,8223996,639109
2,8223996,639110
2,8223996,639111
2,8223996,639113
2,8223996,639114
2,8223996,639116
2,8223996,639117
2,8223996,639118
2,8223996,639119
2,8223996,639120
2,8223996,639136
2,8223996,639201
2,8223996,639202
2,8223996,639203
2,8223996,639205
2,8223996,639206
2,8223996,639207
2,8224036,561206
2,8224036,561207
2,8224036,561208
2,8224036,561209
2,8224036,561210
2,8224036,561211
2,8224036,561212
2,8224036,561213
2,8224036,561228
2,8224036,562101
2,8224036,562102
2,8224036,562103
2,8224036,562104
2,8224036,562105
2,8224036,563121
2,8224036,563123
2,8224036,563124
2,8224036,563125
2,8224036,563138
2,8224036,563146
2,8224036,563159
2,8224037,586113
2,8224037,586125
2,8224037,587101
2,8224037,587102
2,8224037,587103
2,8224037,587104
2,8224037,587111
2,8224037,587112
2,8224037,587113
2,8224037,587114
2,8224037,587115
2,8224037,587116
2,8224037,587117
2,8224037,587118
2,8224037,587119
2,8224037,587120
2,8224037,587121
2,8224037,587122
2,8224037,587124
2,8224037,587125
2,8224037,587154
2,8224037,587155
2,8224037,587156
2,8224037,587201
2,8224037,587202
2,8224037,587203
2,8224037,587204
2,8224037,587205
2,8224037,587206
2,8224037,587207
2,8224037,587301
2,8224037,587311
2,8224037,587312
2,8224037,587313
2,8224037,587314
2,8224037,587315
2,8224037,587316
2,8224037,587330
2,8224037,587331
2,8224050,571109
2,8224050,571110
2,8224050,571111
2,8224050,571115
2,8224050,571117
2,8224050,571123
2,8224050,571126
2,8224050,571127
2,8224050,571128
2,8224050,571313
2,8224050,571316
2,8224050,571320
2,8224050,571342
2,8224050,571439
2,8224050,571440
2,8224050,571441
2,8224050,571442
2,8224050,571443
2,8224050,571444
2,8224050,571457
2,8224050,571490
2,8224051,574101
2,8224051,574102
2,8224051,574103
2,8224051,574104
2,8224051,574105
2,8224051,574106
2,8224051,574107
2,8224051,574108
2,8224051,574109
2,8224051,574110
2,8224051,574111
2,8224051,574112
2,8224051,574113
2,8224051,574114
2,8224051,574115
2,8224051,574116
2,8224051,574117
2,8224051,574118
2,8224051,574119
2,8224051,574122
2,8224051,574129
2,8224051,574144
2,8224051,574244
2,8224051,576101
2,8224051,576102
2,8224051,576103
2,8224051,576104
2,8224051,576105
2,8224051,576106
2,8224051,576107
2,8224051,576108
2,8224051,576111
2,8224051,576112
2,8224051,576113
2,8224051,576114
2,8224051,576115
2,8224051,576117
2,8224051,576120
2,8224051,576121
2,8224051,576122
2,8224051,576124
2,8224051,576201
2,8224051,576210
2,8224051,576211
2,8224051,576212
2,8224051,576213
2,8224051,576214
2,8224051,576215
2,8224051,576216
2,8224051,576217
2,8224051,576218
2,8224051,576219
2,8224051,576220
2,8224051,576221
2,8224051,576222
2,8224051,576223
2,8224051,576224
2,8224051,576225
2,8224051,576226
2,8224051,576227
2,8224051,576228
2,8224051,576229
2,8224051,576230
2,8224051,576231
2,8224051,576232
2,8224051,576233
2,8224051,576234
2,8224051,576235
2,8224051,576247
2,8224051,576257
2,8224051,576282
2,8224051,576283
2,8224306,561201
2,8224306,562108
2,8224306,562109
2,8224306,562112
2,8224306,562117
2,8224306,562119
2,8224306,562120
2,8224306,562121
2,8224306,562126
2,8224306,562128
2,8224306,562138
2,8224306,562159
2,8224306,562160
2,8224306,562161
2,8224605,585201
2,8224605,585202
2,8224605,585214
2,8224605,585215
2,8224605,585216
2,8224605,585219
2,8224605,585220
2,8224605,585221
2,8224605,585223
2,8224605,585224
2,8224605,585237
2,8224605,585287
2,8224605,585290
2,8224605,585291
2,8224605,585304
2,8224605,585309
2,8224605,585315
2,8224605,585319
2,8224605,585321
2,8224605,585323
2,8224605,585355
2,8261085,796070
2,8261085,796081
2,8261085,796091
2,8261085,796101
2,8335032,797101
2,8335032,797110
2,8335041,700039
2,8335041,700061
2,8335041,700070
2,8335041,700084
2,8335041,700093
2,8335041,700094
2,8335041,700096
2,8335041,700100
2,8335041,700103
2,8335041,700104
2,8335041,700105
2,8335041,700107
2,8335041,700135
2,8335041,700137
2,8335041,700138
2,8335041,700139
2,8335041,700140
2,8335041,700141
2,8335041,700142
2,8335041,700143
2,8335041,700144
2,8335041,700145
2,8335041,700146
2,8335041,700147
2,8335041,700148
2,8335041,700149
2,8335041,700150
2,8335041,700151
2,8335041,700152
2,8335041,700153
2,8335041,700154
2,8335041,743312
2,8335041,743318
2,8335041,743329
2,8335041,743330
2,8335041,743331
2,8335041,743332
2,8335041,743336
2,8335041,743337
2,8335041,743338
2,8335041,743345
2,8335041,743347
2,8335041,743348
2,8335041,743349
2,8335041,743351
2,8335041,743354
2,8335041,743355
2,8335041,743356
2,8335041,743357
2,8335041,743363
2,8335041,743368
2,8335041,743370
2,8335041,743371
2,8335041,743372
2,8335041,743373
2,8335041,743374
2,8335041,743375
2,8335041,743376
2,8335041,743377
2,8335041,743378
2,8335041,743383
2,8335041,743387
2,8335041,743395
2,8335041,743399
2,8335041,743502
2,8335041,743503
2,8335041,743504
2,8335041,743513
2,8335041,743609
2,8335041,743610
2,8335041,743611
2,8335041,743613
2,8335137,721101
2,8335137,721102
2,8335137,721121
2,8335137,721122
2,8335137,721124
2,8335137,721125
2,8335137,721126
2,8335137,721127
2,8335137,721128
2,8335137,721129
2,8335137,721130
2,8335137,721131
2,8335137,721132
2,8335137,721133
2,8335137,721135
2,8335137,721136
2,8335137,721140
2,8335137,721143
2,8335137,721144
2,8335137,721145
2,8335137,721146
2,8335137,721147
2,8335137,721148
2,8335137,721149
2,8335137,721150
2,8335137,721153
2,8335137,721155
2,8335137,721156
2,8335137,721157
2,8335137,721159
2,8335137,721160
2,8335137,721161
2,8335137,721166
2,8335137,721201
2,8335137,721211
2,8335137,721212
2,8335137,721222
2,8335137,721232
2,8335137,721242
2,8335137,721253
2,8335137,721260
2,8335137,721301
2,8335137,721302
2,8335137,721303
2,8335137,721304
2,8335137,721305
2,8335137,721306
2,8335137,721424
2,8335137,721425
2,8335137,721426
2,8335137,721435
2,8335137,721436
2,8335137,721437
2,8335137,721443
2,8335137,721445
2,8335137,721451
2,8335137,721457
2,8335137,721467
2,8335137,721501
2,8335137,721503
2,8335137,721504
2,8335137,721505
2,8335137,721506
2,8335137,721507
2,8335137,721513
2,8335137,721514
2,8335137,721515
2,8335137,721516
2,8335137,721517
2,8335137,721627
2,8335137,721641
2,8335139,721130
2,8335139,721131
2,8335139,721134
2,8335139,721135
2,8335139,721137
2,8335139,721139
2,8335139,721151
2,8335139,721152
2,8335139,721153
2,8335139,721154
2,8335139,721158
2,8335139,721167
2,8335139,721171
2,8335139,721172
2,8335139,721253
2,8335139,721401
2,8335139,721402
2,8335139,721403
2,8335139,721404
2,8335139,721405
2,8335139,721406
2,8335139,721420
2,8335139,721422
2,8335139,721423
2,8335139,721425
2,8335139,721427
2,8335139,721428
2,8335139,721429
2,8335139,721430
2,8335139,721431
2,8335139,721432
2,8335139,721433
2,8335139,721434
2,8335139,721435
2,8335139,721437
2,8335139,721438
2,8335139,721439
2,8335139,721440
2,8335139,721441
2,8335139,721442
2,8335139,721443
2,8335139,721444
2,8335139,721446
2,8335139,721447
2,8335139,721448
2,8335139,721449
2,8335139,721450
2,8335139,721452
2,8335139,721453
2,8335139,721454
2,8335139,721455
2,8335139,721456
2,8335139,721458
2,8335139,721463
2,8335139,721601
2,8335139,721602
2,8335139,721603
2,8335139,721606
2,8335139,721607
2,8335139,721624
2,8335139,721625
2,8335139,721626
2,8335139,721627
2,8335139,721628
2,8335139,721629
2,8335139,721631
2,8335139,721632
2,8335139,721633
2,8335139,721634
2,8335139,721635
2,8335139,721636
2,8335139,721637
2,8335139,721641
2,8335139,721642
2,8335139,721643
2,8335139,721644
2,8335139,721645
2,8335139,721646
2,8335139,721647
2,8335139,721648
2,8335139,721649
2,8335139,721650
2,8335139,721651
2,8335139,721652
2,8335139,721653
2,8335139,721654
2,8335139,721655
2,8335139,721656
2,8335139,721657
2,8335139,721658
2,8335139,721659
2,8335142,733121
2,8335142,733123
2,8335142,733125
2,8335142,733128
2,8335142,733129
2,8335142,733130
2,8335142,733132
2,8335142,733134
2,8335142,733143
2,8335142,733156
2,8335142,733201
2,8335142,733202
2,8335142,733207
2,8335142,733208
2,8335142,733209
2,8335142,733210
2,8335142,733215
2,8335144,700048
2,8335144,700049
2,8335144,700051
2,8335144,700055
2,8335144,700056
2,8335144,700057
2,8335144,700058
2,8335144,700059
2,8335144,700064
2,8335144,700076
2,8335144,700079
2,8335144,700081
2,8335144,700083
2,8335144,700089
2,8335144,700091
2,8335144,700097
2,8335144,700101
2,8335144,700102
2,8335144,700105
2,8335144,700106
2,8335144,700109
2,8335144,700110
2,8335144,700111
2,8335144,700112
2,8335144,700113
2,8335144,700114
2,8335144,700115
2,8335144,700116
2,8335144,700117
2,8335144,700118
2,8335144,700119
2,8335144,700120
2,8335144,700121
2,8335144,700122
2,8335144,700123
2,8335144,700124
2,8335144,700125
2,8335144,700126
2,8335144,700127
2,8335144,700128
2,8335144,700129
2,8335144,700130
2,8335144,700131
2,8335144,700132
2,8335144,700133
2,8335144,700134
2,8335144,700135
2,8335144,700136
2,8335144,700155
2,8335144,700156
2,8335144,700157
2,8335144,700158
2,8335144,700159
2,8335144,700160
2,8335144,700161
2,8335144,700162
2,8335144,743122
2,8335144,743123
2,8335144,743124
2,8335144,743125
2,8335144,743126
2,8335144,743127
2,8335144,743128
2,8335144,743129
2,8335144,743130
2,8335144,743133
2,8335144,743134
2,8335144,743135
2,8335144,743136
2,8335144,743144
2,8335144,743145
2,8335144,743165
2,8335144,743166
2,8335144,743193
2,8335144,743194
2,8335144,743221
2,8335144,743222
2,8335144,743223
2,8335144,743232
2,8335144,743233
2,8335144,743234
2,8335144,743235
2,8335144,743245
2,8335144,743247
2,8335144,743248
2,8335144,743249
2,8335144,743251
2,8335144,743252
2,8335144,743262
2,8335144,743263
2,8335144,743268
2,8335144,743270
2,8335144,743271
2,8335144,743272
2,8335144,743273
2,8335144,743286
2,8335144,743287
2,8335144,743289
2,8335144,743290
2,8335144,743291
2,8335144,743292
2,8335144,743293
2,8335144,743294
2,8335144,743297
2,8335144,743329
2,8335144,743401
2,8335144,743405
2,8335144,743411
2,8335144,743412
2,8335144,743422
2,8335144,743423
2,8335144,743424
2,8335144,743425
2,8335144,743426
2,8335144,743427
2,8335144,743428
2,8335144,743429
2,8335144,743435
2,8335144,743437
2,8335144,743438
2,8335144,743439
2,8335144,743442
2,8335144,743445
2,8335144,743446
2,8335144,743456
2,8335144,743611
2,8335144,743701
2,8335144,743702
2,8335144,743704
2,8335144,743710
2,8335144,743711
2,8335421,110001
2,8335421,110002
2,8335421,110003
2,8335421,110004
2,8335421,110005
2,8335421,110006
2,8335421,110008
2,8335421,110011
2,8335421,110012
2,8335421,110055
2,8335421,110060
2,8335421,110069
2,8335421,110100
2,8335422,110006
2,8335422,110007
2,8335422,110054
2,8335422,110084
2,8335422,110085
2,8335422,110086
2,8335423,110003
2,8335423,110013
2,8335423,110014
2,8335423,110017
2,8335423,110019
2,8335423,110020
2,8335423,110024
2,8335423,110025
2,8335423,110044
2,8335423,110048
2,8335423,110049
2,8335423,110050
2,8335423,110062
2,8335423,110065
2,8335423,110076
2,8335423,110080
2,8335424,110031
2,8335424,110032
2,8335424,110051
2,8335424,110053
2,8335424,110090
2,8335424,110091
2,8335424,110092
2,8335424,110093
2,8335424,110094
2,8335424,110095
2,8335424,110096
2,8335425,110032
2,8335425,110053
2,8335425,110090
2,8335425,110093
2,8335426,110010
2,8335426,110016
2,8335426,110021
2,8335426,110022
2,8335426,110023
2,8335426,110028
2,8335426,110029
2,8335426,110030
2,8335426,110037
2,8335426,110038
2,8335426,110043
2,8335426,110045
2,8335426,110046
2,8335426,110047
2,8335426,110057
2,8335426,110061
2,8335426,110064
2,8335426,110066
2,8335426,110067
2,8335426,110068
2,8335426,110070
2,8335426,110071
2,8335426,110072
2,8335426,110073
2,8335426,110074
2,8335426,110075
2,8335426,110077
2,8335426,110078
2,8335426,110097
2,8335427,110009
2,8335427,110033
2,8335427,110034
2,8335427,110035
2,8335427,110036
2,8335427,110039
2,8335427,110040
2,8335427,110042
2,8335427,110052
2,8335427,110056
2,8335427,110081
2,8335427,110082
2,8335427,110083
2,8335427,110085
2,8335427,110086
2,8335427,110088
2,8335427,110089
2,8335427,110094
2,8335458,110015
2,8335458,110018
2,8335458,110026
2,8335458,110027
2,8335458,110041
2,8335458,110043
2,8335458,110045
2,8335458,110058
2,8335458,110059
2,8335458,110063
2,8335458,110064
2,8335458,110071
2,8335458,110073
2,8335458,110077
2,8335458,110078
2,8335458,110087
2,8347332,110001
2,8347332,110002
2,8347332,110020
2,8347332,110029
2,8347332,110043
2,8347332,110084
2,8347332,110098
2,8347665,670511
2,8347665,671121
2,8347665,671122
2,8347665,671123
2,8347665,671124
2,8347665,671310
2,8347665,671311
2,8347665,671312
2,8347665,671313
2,8347665,671314
2,8347665,671315
2,8347665,671316
2,8347665,671317
2,8347665,671318
2,8347665,671319
2,8347665,671321
2,8347665,671322
2,8347665,671323
2,8347665,671324
2,8347665,671326
2,8347665,671348
2,8347665,671351
2,8347665,671531
2,8347665,671532
2,8347665,671533
2,8347665,671534
2,8347665,671541
2,8347665,671542
2,8347665,671543
2,8347665,671551
2,8347665,671552
2,8402825,133301
2,8402825,133302
2,8402825,134101
2,8402825,134102
2,8402825,134103
2,8402825,134104
2,8402825,134105
2,8402825,134107
2,8402825,134108
2,8402825,134109
2,8402825,134112
2,8402825,134113
2,8402825,134114
2,8402825,134116
2,8402825,134117
2,8402825,134118
2,8402825,134203
2,8402825,134204
2,8402825,134205
2,8407027,151101
2,8407027,151102
2,8407027,151501
2,8407027,151502
2,8407027,151503
2,8407027,151504
2,8407027,151505
2,8407027,151506
2,8407027,151507
2,8407027,151508
2,8407027,151509
2,8407027,151510
2,8407028,142001
2,8407028,142002
2,8407028,142003
2,8407028,142011
2,8407028,142037
2,8407028,142038
2,8407028,142039
2,8407028,142040
2,8407028,142042
2,8407028,142043
2,8407028,142045
2,8407028,142046
2,8407028,142048
2,8407028,142049
2,8407028,142053
2,8407028,142054
2,8407028,142055
2,8407028,142056
2,8407028,142057
2,8407028,142058
2,8407028,151208
2,8407028,152028
2,8407165,148024
2,8407165,148025
2,8407165,148100
2,8407165,148101
2,8407165,148102
2,8407165,148103
2,8407165,148104
2,8407165,148105
2,8407165,148106
2,8407165,148107
2,8407165,148108
2,8407165,148109
2,8407426,140103
2,8407426,140109
2,8407426,140110
2,8407426,140112
2,8407426,140201
2,8407426,140301
2,8407426,140306
2,8407426,140307
2,8407426,140413
2,8407426,140501
2,8407426,140506
2,8407426,140507
2,8407426,140603
2,8407426,140604
2,8407426,140901
2,8407426,160055
2,8407426,160059
2,8407426,160062
2,8407426,160071
2,8407426,160103
2,8407426,160104
2,8407479,144029
2,8407479,144224
2,8407479,144415
2,8407479,144421
2,8407479,144422
2,8407479,144501
2,8407479,144502
2,8407479,144503
2,8407479,144504
2,8407479,144505
2,8407479,144506
2,8407479,144507
2,8407479,144508
2,8407479,144509
2,8407479,144510
2,8407479,144511
2,8407479,144512
2,8407479,144513
2,8407479,144514
2,8407479,144515
2,8407479,144516
2,8407479,144517
2,8407479,144518
2,8407479,144521
2,8407479,144522
2,8407479,144524
2,8407479,144525
2,8407479,144526
2,8407479,144527
2,8407479,144532
2,8407479,144533
2,8407479,146115
2,8408319,143009
2,8408319,143022
2,8408319,143107
2,8408319,143111
2,8408319,143112
2,8408319,143114
2,8408319,143115
2,8408319,143117
2,8408319,143118
2,8408319,143301
2,8408319,143302
2,8408319,143303
2,8408319,143304
2,8408319,143305
2,8408319,143401
2,8408319,143402
2,8408319,143406
2,8408319,143407
2,8408319,143408
2,8408319,143409
2,8408319,143410
2,8408319,143411
2,8408319,143412
2,8408319,143413
2,8408319,143415
2,8408319,143416
2,8408319,143419
2,8408319,143422
2,8533697,766104
2,8533697,766105
2,8533697,766106
2,8533697,766107
2,8533697,766108
2,8533697,766111
2,8533697,766118
2,8533699,761014
2,8533699,761015
2,8533699,761016
2,8533699,761017
2,8533699,761018
2,8533699,761200
2,8533699,761201
2,8533699,761206
2,8533699,761207
2,8533699,761208
2,8533699,761210
2,8533699,761211
2,8533699,761212
2,8533699,761213
2,8533699,761214
2,8533699,761215
2,8533699,761217
2,8739870,246141
2,8739870,246171
2,8739870,246419
2,8739870,246421
2,8739870,246425
2,8739870,246429
2,8739870,246439
2,8739870,246442
2,8739870,246445
2,8739870,246448
2,8739870,246469
2,8739870,246471
2,8739870,246475
2,8739870,246495
2,8739995,458110
2,8739995,458113
2,8739995,458116
2,8739995,458118
2,8739995,458220
2,8739995,458226
2,8739995,458228
2,8739995,458330
2,8739995,458336
2,8739995,458339
2,8739995,458441
2,8739995,458468
2,8739995,458553
2,8739996,451332
2,8739996,451441
2,8739996,451442
2,8739997,784001
2,8739997,784010
2,8739997,784025
2,8739997,784026
2,8739997,784027
2,8739997,784028
2,8739997,784101
2,8739997,784102
2,8739997,784103
2,8739997,784104
2,8739997,784105
2,8739997,784110
2,8739997,784111
2,8739997,784112
2,8739997,784117
2,8739997,784149
2,8739997,784150
2,8739997,784153
2,8739997,784154
2,8739997,784166
2,8739997,784167
2,8739997,784168
2,8739997,784169
2,8739997,784170
2,8739997,784171
2,8739997,784172
2,8739997,784173
2,8739997,784174
2,8739997,784175
2,8739997,784176
2,8739997,784177
2,8739997,784178
2,8739997,784179
2,8739997,784180
2,8739997,784182
2,8739997,784184
2,8739997,784189
2,8739997,784501
2,8739997,784502
2,8739997,784504
2,8739997,784505
2,8739997,784506
2,8740057,246763
2,8740057,247656
2,8740057,247661
2,8740057,247662
2,8740057,247663
2,8740057,247664
2,8740057,247665
2,8740057,247666
2,8740057,247667
2,8740057,247668
2,8740057,247670
2,8740057,247671
2,8740057,249401
2,8740057,249402
2,8740057,249403
2,8740057,249404
2,8740057,249405
2,8740057,249407
2,8740057,249408
2,8740057,249410
2,8740057,249411
2,8740088,451447
2,8740088,451449
2,8740088,451551
2,8740088,451556
2,8740088,451660
2,8740088,451666
2,8740088,451770
2,8740088,451881
2,8740089,450001
2,8740089,450221
2,8740089,450331
2,8740089,450332
2,8740089,450445
2,8740091,768027
2,8740091,768028
2,8740091,768029
2,8740091,768030
2,8740091,768031
2,8740091,768032
2,8740091,768033
2,8740091,768034
2,8740091,768035
2,8740091,768036
2,8740091,768037
2,8740091,768038
2,8740091,768039
2,8740091,768040
2,8740091,768042
2,8740091,768045
2,8740091,768048
2,8740091,768049
2,8740091,768050
2,8740091,768052
2,8740091,768102
2,8740091,768103
2,8740091,768104
2,8740091,768111
2,8740091,768115
2,8740099,461111
2,8740099,461228
2,8740099,461331
2,8740099,461441
2,8740316,796181
2,8740316,796184
2,8740316,796186
2,8740316,796370
2,8740329,795011
2,8740329,795118
2,8740329,795124
2,8740329,795126
2,8740329,795133
2,8740329,795134
2,8740332,795125
2,8740332,795141
2,8740332,795146
2,8740332,795147
2,8740332,795159
2,8740334,795007
2,8740334,795104
2,8740334,795105
2,8740334,795106
2,8740334,795107
2,8740334,795112
2,8740334,795118
2,8740334,795122
2,8740334,795125
2,8740334,795129
2,8740334,795150
2,8740335,795101
2,8740335,795103
2,8740335,795130
2,8740335,795132
2,8740335,795135
2,8740335,795138
2,8740335,795148
2,8740335,795149
2,8740338,795142
2,8740338,795144
2,8740338,795145
2,8740785,473330
2,8740785,473331
2,8740785,473332
2,8740785,473335
2,8740785,473440
2,8740785,473443
2,8740785,473444
2,8740785,473445
2,8740785,473446
2,8740806,483220
2,8740806,483222
2,8740806,483225
2,8740806,483330
2,8740806,483331
2,8740806,483332
2,8740806,483334
2,8740806,483336
2,8740806,483440
2,8740806,483442
2,8740806,483501
2,8740806,483504
2,8740806,483770
2,8740806,483773
2,8740806,483775
2,8740806,483880
2,8740806,483990
2,8740934,802132
2,8740934,802213
2,8740934,802218
2,8740934,821101
2,8740934,821102
2,8740934,821103
2,8740934,821104
2,8740934,821105
2,8740934,821106
2,8740934,821108
2,8740934,821109
2,8740934,821110
2,8805932,782103
2,8805932,782104
2,8805932,782105
2,8805932,782106
2,8805932,782121
2,8805932,782126
2,8805932,782127
2,8805932,782410
2,8805932,782411
2,8805932,782412
2,8805932,782413
2,8849144,782001
2,8849144,782002
2,8849144,782003
2,8849144,782101
2,8849144,782102
2,8849144,782103
2,8849144,782106
2,8849144,782120
2,8849144,782121
2,8849144,782122
2,8849144,782123
2,8849144,782124
2,8849144,782125
2,8849144,782135
2,8849144,782136
2,8849144,782137
2,8849144,782138
2,8849144,782139
2,8849144,782140
2,8849144,782141
2,8849144,782142
2,8849144,782143
2,8849144,782144
2,8849144,782413
2,8849144,782425
2,8849144,782426
2,8849144,782427
2,8849144,782428
2,8849144,782429
2,8849144,782435
2,8849144,782439
2,8849144,782440
2,8849144,782442
2,8849144,782445
2,8849144,782446
2,8849144,782447
2,8849144,782481
2,8849144,785602
2,8858071,811301
2,8858071,811303
2,8858071,811305
2,8858071,811307
2,8858071,811308
2,8858071,811311
2,8858071,811312
2,8858071,811313
2,8858071,811314
2,8858071,811315
2,8858071,811316
2,8858071,811317
2,8858072,811308
2,8858072,813101
2,8858072,813102
2,8858072,813103
2,8858072,813104
2,8858072,813105
2,8858072,813106
2,8858072,813107
2,8858072,813108
2,8858072,813109
2,8858072,813110
2,8858072,813201
2,8858072,813202
2,8858072,813205
2,8858072,813207
2,8858072,813211
2,8858072,813212
2,8858072,813221
2,8858072,814131
2,8986228,794001
2,8986228,794002
2,8986228,794003
2,8986228,794005
2,8986228,794101
2,8986228,794103
2,8986228,794104
2,8986228,794105
2,8986228,794106
2,8986228,794107
2,8986228,794108
2,8986228,794109
2,8986228,794112
2,8986228,794115
2,8986741,752024
2,8986741,752025
2,8986741,752026
2,8986741,752063
2,8986741,752065
2,8986741,752068
2,8986741,752069
2,8986741,752070
2,8986741,752077
2,8986741,752078
2,8986741,752079
2,8986741,752080
2,8986741,752081
2,8986741,752082
2,8986741,752083
2,8986741,752084
2,8986741,752085
2,8986741,752089
2,8986741,752090
2,8986741,752091
2,8986741,752092
2,8986741,752093
2,8986741,752094
2,8996923,762012
2,8996923,762013
2,8996923,762014
2,8996923,762015
2,8996923,762016
2,8996923,762017
2,8996923,762018
2,8996923,762020
2,8996923,762023
2,8996923,762024
2,8996923,762026
2,8996923,762030
2,9035761,814112
2,9035761,814113
2,9035761,814114
2,9035761,814115
2,9035761,814116
2,9035761,814120
2,9035761,814122
2,9035761,814142
2,9035761,814143
2,9035761,814146
2,9035761,814149
2,9035761,814150
2,9035761,814152
2,9035761,814153
2,9035761,814157
2,9035761,815353
2,9035761,815357
2,9072745,211011
2,9072745,212201
2,9072745,212202
2,9072745,212203
2,9072745,212204
2,9072745,212205
2,9072745,212206
2,9072745,212207
2,9072745,212208
2,9072745,212213
2,9072745,212214
2,9072745,212216
2,9072745,212217
2,9072745,212218
2,9072745,212401
2,9072745,212507
2,9072769,484001
2,9072769,484551
2,9072769,484555
2,9072769,484660
2,9072769,484661
2,9072769,484664
2,9072769,484665
2,9072769,486661
2,9072780,360490
2,9072780,360510
2,9072780,360530
2,9072780,360545
2,9072780,360550
2,9072780,360570
2,9072780,360575
2,9072780,360576
2,9072780,360577
2,9072780,360579
2,9072780,360590
2,9072780,362230
2,9072780,362620
2,9072780,362650
2,9072781,250101
2,9072781,250345
2,9072781,250601
2,9072781,250606
2,9072781,250609
2,9072781,250611
2,9072781,250615
2,9072781,250617
2,9072781,250619
2,9072781,250620
2,9072781,250621
2,9072781,250622
2,9072781,250623
2,9072781,250625
2,9072781,250626
2,9072783,244102
2,9072783,244221
2,9072783,244222
2,9072783,244223
2,9072783,244225
2,9072783,244231
2,9072783,244235
2,9072783,244236
2,9072783,244241
2,9072783,244242
2,9072783,244245
2,9072783,244251
2,9072783,244255
2,9072783,244304
2,9072783,244501
2,9072784,201008
2,9072784,201301
2,9072784,201303
2,9072784,201304
2,9072784,201305
2,9072784,201306
2,9072784,201307
2,9072784,201309
2,9072784,201310
2,9072784,201311
2,9072784,201312
2,9072784,201313
2,9072784,201314
2,9072784,201315
2,9072784,201316
2,9072784,201317
2,9072784,201318
2,9072784,203135
2,9072784,203141
2,9072784,203155
2,9072784,203201
2,9072784,203202
2,9072784,203203
2,9072784,203207
2,9072784,203209
2,9072787,210421
2,9072787,210423
2,9072787,210424
2,9072787,210425
2,9072787,210426
2,9072787,210427
2,9072787,210429
2,9072787,210431
2,9072787,210433
2,9072787,210504
2,9072787,210507
2,9072788,210202
2,9072788,210203
2,9072788,210204
2,9072788,210205
2,9072788,210206
2,9072788,210207
2,9072788,210208
2,9072788,210209
2,9072788,250617
2,9072811,221009
2,9072811,221115
2,9072811,232101
2,9072811,232102
2,9072811,232103
2,9072811,232104
2,9072811,232105
2,9072811,232106
2,9072811,232107
2,9072811,232108
2,9072811,232109
2,9072811,232110
2,9072811,232111
2,9072811,232118
2,9072811,232120
2,9072813,394365
2,9072813,394375
2,9072813,394380
2,9072813,394630
2,9072813,394633
2,9072813,394635
2,9072813,394641
2,9072813,394651
2,9072813,394652
2,9072813,394655
2,9072813,394680
2,9072825,394730
2,9072825,396040
2,9072825,396051
2,9072825,396060
2,9072825,396110
2,9072825,396310
2,9072825,396321
2,9072825,396325
2,9072825,396350
2,9072825,396360
2,9072825,396370
2,9072825,396380
2,9072825,396403
2,9072825,396406
2,9072825,396409
2,9072825,396412
2,9072825,396415
2,9072825,396418
2,9072825,396424
2,9072825,396427
2,9072825,396430
2,9072825,396433
2,9072825,396436
2,9072825,396439
2,9072825,396440
2,9072825,396445
2,9072825,396450
2,9072825,396460
2,9072825,396463
2,9072825,396466
2,9072825,396469
2,9072825,396472
2,9072825,396475
2,9072825,396521
2,9072825,396530
2,9072825,396540
2,9072825,396560
2,9072825,396570
2,9072825,396580
2,9072825,396590
2,9072830,247670
2,9072830,248001
2,9072830,248002
2,9072830,248003
2,9072830,248005
2,9072830,248006
2,9072830,248007
2,9072830,248008
2,9072830,248009
2,9072830,248011
2,9072830,248012
2,9072830,248013
2,9072830,248014
2,9072830,248015
2,9072830,248016
2,9072830,248018
2,9072830,248121
2,9072830,248122
2,9072830,248123
2,9072830,248124
2,9072830,248125
2,9072830,248140
2,9072830,248142
2,9072830,248143
2,9072830,248145
2,9072830,248146
2,9072830,248158
2,9072830,248159
2,9072830,248165
2,9072830,248171
2,9072830,248179
2,9072830,248195
2,9072830,248196
2,9072830,248197
2,9072830,248198
2,9072830,248199
2,9072830,249201
2,9072830,249202
2,9072830,249203
2,9072830,249204
2,9072830,249205
2,9148988,121001
2,9148988,121002
2,9148988,121003
2,9148988,121004
2,9148988,121005
2,9148988,121006
2,9148988,121007
2,9148988,121008
2,9148988,121009
2,9148988,121010
2,9148988,121012
2,9148988,121013
2,9148988,121014
2,9148988,121015
2,9148988,121101
2,9148988,121102
2,9148988,121103
2,9148988,121105
2,9148988,121106
2,9148988,121107
2,9157653,123021
2,9157653,123034
2,9157653,123035
2,9157653,123101
2,9157653,123102
2,9157653,123103
2,9157653,123106
2,9157653,123110
2,9157653,123301
2,9157653,123302
2,9157653,123303
2,9157653,123401
2,9157653,123411
2,9157653,123412
2,9157653,123501
2,9159091,125048
2,9159091,125050
2,9159091,125051
2,9159091,125052
2,9159091,125053
2,9159091,125106
2,9159091,125111
2,9159091,125113
2,9159091,125120
2,9159091,125133
2,9165869,391110
2,9165869,391120
2,9165869,391121
2,9165869,391810
2,9165869,392025
2,9165869,392040
2,9165869,392150
2,9165869,392170
2,9165869,393001
2,9165869,393020
2,9165869,393025
2,9165869,393040
2,9165869,393041
2,9165869,393050
2,9165869,393105
2,9165869,393110
2,9165869,393115
2,9165869,393120
2,9165869,393125
2,9165869,393130
2,9165869,393135
2,9165869,393140
2,9165869,393145
2,9165869,393150
2,9165869,393151
2,9165869,393155
2,9165869,394810
2,9166019,796290
2,9166019,796310
2,9166019,796320
2,9166019,796321
2,9166019,796370
2,9166020,795006
2,9166020,795117
2,9166020,795118
2,9166020,795128
2,9166020,795133
2,9166020,795134
2,9166020,795139
2,9166022,796770
2,9166022,796891
2,9166022,796901
2,9255562,403001
2,9255562,403002
2,9255562,403004
2,9255562,403005
2,9255562,403006
2,9255562,403101
2,9255562,403102
2,9255562,403103
2,9255562,403104
2,9255562,403105
2,9255562,403107
2,9255562,403108
2,9255562,403109
2,9255562,403110
2,9255562,403201
2,9255562,403202
2,9255562,403203
2,9255562,403204
2,9255562,403206
2,9255562,403402
2,9255562,403403
2,9255562,403404
2,9255562,403406
2,9255562,403501
2,9255562,403502
2,9255562,403503
2,9255562,403504
2,9255562,403505
2,9255562,403506
2,9255562,403507
2,9255562,403508
2,9255562,403509
2,9255562,403510
2,9255562,403511
2,9255562,403512
2,9255562,403513
2,9255562,403515
2,9255562,403516
2,9255562,403517
2,9255562,403521
2,9255562,403523
2,9255562,403524
2,9255562,403526
2,9255562,403529
2,9255562,403530
2,9255567,403105
2,9255567,403106
2,9255567,403107
2,9255567,403115
2,9255567,403401
2,9255567,403404
2,9255567,403406
2,9255567,403409
2,9255567,403410
2,9255567,403601
2,9255567,403602
2,9255567,403701
2,9255567,403702
2,9255567,403703
2,9255567,403704
2,9255567,403705
2,9255567,403706
2,9255567,403707
2,9255567,403708
2,9255567,403709
2,9255567,403710
2,9255567,403712
2,9255567,403713
2,9255567,403714
2,9255567,403717
2,9255567,403718
2,9255567,403719
2,9255567,403723
2,9255567,403724
2,9255567,403725
2,9255567,403726
2,9255567,403728
2,9255567,403729
2,9255567,403801
2,9255567,403802
2,9255567,403804
2,9255567,403806
2,9645384,754023
2,9645384,754024
2,9645384,754082
2,9645384,754205
2,9645384,754214
2,9645384,754292
2,9645384,754296
2,9645384,755001
2,9645384,755003
2,9645384,755004
2,9645384,755005
2,9645384,755006
2,9645384,755007
2,9645384,755008
2,9645384,755009
2,9645384,755010
2,9645384,755011
2,9645384,755012
2,9645384,755013
2,9645384,755014
2,9645384,755015
2,9645384,755016
2,9645384,755017
2,9645384,755018
2,9645384,755019
2,9645384,755020
2,9645384,755022
2,9645384,755023
2,9645384,755024
2,9645384,755025
2,9645384,755026
2,9645384,755027
2,9645384,755028
2,9645384,755036
2,9645384,755043
2,9645384,755044
2,9645384,755049
2,9645384,755050
2,9645384,755051
2,9645384,755062
2,9645384,758025
2,9747929,457882
2,9747929,457885
2,9747929,457887
2,9747929,457888
2,9747929,457990
2,9747931,182124
2,9747931,182143
2,9747931,182144
2,9747931,182145
2,9747931,182146
2,9747931,182147
2,9747931,182148
2,9747931,182201
2,9747931,182202
2,9747931,182203
2,9747931,182204
2,9747931,182205
2,9747931,182206
2,9747931,182221
2,9747931,182222
2,9747933,484113
2,9747933,484116
2,9747933,484117
2,9747933,484220
2,9747933,484224
2,9747933,484330
2,9747933,484334
2,9747933,484336
2,9747933,484440
2,9747933,484444
2,9747933,484446
2,9747933,484447
2,9747933,484555
2,9747933,484770
2,9747933,484881
2,9747933,484886
2,9747933,484887
2,9747936,193503
2,9747936,193505
2,9747938,190005
2,9747938,190007
2,9747938,190014
2,9747938,190015
2,9747938,190019
2,9747938,190021
2,9747938,191111
2,9747938,191112
2,9747938,191113
2,9747938,191132
2,9747938,192121
2,9747938,193401
2,9747938,193411
2,9747942,494444
2,9747942,494446
2,9747942,494447
2,9747942,494448
2,9747942,494450
2,9747942,494552
2,9747944,441205
2,9747944,441206
2,9747944,441207
2,9747944,441212
2,9747944,441215
2,9747944,441221
2,9747944,441222
2,9747944,441223
2,9747944,441224
2,9747944,441225
2,9747944,441226
2,9747944,442401
2,9747944,442402
2,9747944,442403
2,9747944,442404
2,9747944,442406
2,9747944,442501
2,9747944,442502
2,9747944,442503
2,9747944,442504
2,9747944,442505
2,9747944,442507
2,9747944,442605
2,9747944,442606
2,9747944,442701
2,9747944,442702
2,9747944,442710
2,9747944,442901
2,9747944,442902
2,9747944,442903
2,9747944,442904
2,9747944,442905
2,9747944,442906
2,9747944,442907
2,9747944,442908
2,9747944,442914
2,9747944,442916
2,9747944,442917
2,9747944,442918
2,9747946,792055
2,9747946,792056
2,9747946,792103
2,9747946,792120
2,9747946,792121
2,9747946,792122
2,9747946,792123
2,9747948,825103
2,9747948,825321
2,9747948,825401
2,9747948,825403
2,9747948,825404
2,9747948,825408
2,9747948,825414
2,9747953,494111
2,9747953,494114
2,9747953,494115
2,9747953,494122
2,9747953,494441
2,9747953,494448
2,9747953,494449
2,9747953,494450
2,9747953,494552
2,9747953,494553
2,9747953,494556
2,9747955,795101
2,9747955,795102
2,9747955,795127
2,9747955,795131
2,9747955,795135
2,9747956,140119
2,9747956,140125
2,9747956,140133
2,9747956,140603
2,9747956,160001
2,9747956,160002
2,9747956,160003
2,9747956,160004
2,9747956,160005
2,9747956,160009
2,9747956,160011
2,9747956,160012
2,9747956,160014
2,9747956,160015
2,9747956,160016
2,9747956,160017
2,9747956,160018
2,9747956,160019
2,9747956,160020
2,9747956,160022
2,9747956,160023
2,9747956,160025
2,9747956,160030
2,9747956,160036
2,9747956,160043
2,9747956,160047
2,9747956,160101
2,9747956,160102
2,9747958,825109
2,9747958,825132
2,9747958,825318
2,9747958,825323
2,9747958,825407
2,9747958,825409
2,9747958,825410
2,9747958,825413
2,9747958,825418
2,9747958,825421
2,9747961,396193
2,9747961,396230
2,9747961,396235
2,9747961,396240
2,9747963,192124
2,9747963,192221
2,9747963,192233
2,9747965,181141
2,9747967,415301
2,9747967,415302
2,9747967,415303
2,9747967,415304
2,9747967,415305
2,9747967,415306
2,9747967,415307
2,9747967,415308
2,9747967,415309
2,9747967,415310
2,9747967,415311
2,9747967,415313
2,9747967,415315
2,9747967,415401
2,9747967,415402
2,9747967,415403
2,9747967,415404
2,9747967,415405
2,9747967,415406
2,9747967,415407
2,9747967,415408
2,9747967,415409
2,9747967,415410
2,9747967,415411
2,9747967,415412
2,9747967,415413
2,9747967,415414
2,9747967,415415
2,9747967,416301
2,9747967,416302
2,9747967,416303
2,9747967,416304
2,9747967,416305
2,9747967,416306
2,9747967,416307
2,9747967,416308
2,9747967,416309
2,9747967,416310
2,9747967,416311
2,9747967,416312
2,9747967,416313
2,9747967,416314
2,9747967,416315
2,9747967,416316
2,9747967,416401
2,9747967,416402
2,9747967,416403
2,9747967,416404
2,9747967,416405
2,9747967,416406
2,9747967,416407
2,9747967,416408
2,9747967,416409
2,9747967,416410
2,9747967,416411
2,9747967,416412
2,9747967,416413
2,9747967,416414
2,9747967,416415
2,9747967,416416
2,9747967,416417
2,9747967,416418
2,9747967,416419
2,9747967,416420
2,9747967,416436
2,9747967,416437
2,9747968,768107
2,9747968,768108
2,9747968,768109
2,9747968,768110
2,9747968,768119
2,9747968,768121
2,9747968,768228
2,9747971,799204
2,9747971,799266
2,9747971,799273
2,9747971,799275
2,9747971,799278
2,9747971,799284
2,9747971,799285
2,9747971,799286
2,9747971,799287
2,9747971,799289
2,9747972,797103
2,9747972,797106
2,9747972,797112
2,9747972,797113
2,9747972,797115
2,9747972,797116
2,9747972,797117
2,9747972,797118
2,9747974,202139
2,9747974,204101
2,9747974,204102
2,9747974,204211
2,9747974,204212
2,9747974,204213
2,9747974,204214
2,9747974,204215
2,9747974,204216
2,9747974,281001
2,9747974,281104
2,9747974,281306
2,9747974,281307
2,9747974,281308
2,9747976,795002
2,9747976,795003
2,9747976,795005
2,9747976,795008
2,9747976,795010
2,9747976,795114
2,9747976,795116
2,9747976,795130
2,9747976,795136
2,9747976,795140
2,9747976,795149
2,9747977,795001
2,9747977,795002
2,9747977,795003
2,9747977,795004
2,9747977,795009
2,9747977,795103
2,9747977,795113
2,9747977,795115
2,9747977,795116
2,9747977,795132
2,9747977,795136
2,9747977,795140
2,9747977,795146
2,9747977,795159
2,9747979,798625
2,9747981,124102
2,9747981,124103
2,9747981,124104
2,9747981,124105
2,9747981,124106
2,9747981,124107
2,9747981,124108
2,9747981,124109
2,9747981,124142
2,9747981,124146
2,9747981,124201
2,9747981,124202
2,9747981,124404
2,9747981,124501
2,9747981,124504
2,9747981,124505
2,9747981,124506
2,9747981,124507
2,9747981,124508
2,9747983,136020
2,9747983,136021
2,9747983,136026
2,9747983,136027
2,9747983,136033
2,9747983,136034
2,9747983,136035
2,9747983,136042
2,9747983,136043
2,9747983,136044
2,9747983,136117
2,9747988,191112
2,9747988,192121
2,9747988,192122
2,9747988,192123
2,9747988,192124
2,9747988,192211
2,9747988,192221
2,9747988,192231
2,9747988,192301
2,9747988,192302
2,9747988,192303
2,9747988,192304
2,9747988,192306
2,9747988,193306
2,9747990,184121
2,9747990,185101
2,9747990,185102
2,9747990,185121
2,9747990,185211
2,9747996,182311
2,9747996,182320
2,9747996,185233
2,9747998,400001
2,9747998,400002
2,9747998,400003
2,9747998,400004
2,9747998,400005
2,9747998,400006
2,9747998,400007
2,9747998,400008
2,9747998,400009
2,9747998,400010
2,9747998,400011
2,9747998,400012
2,9747998,400013
2,9747998,400014
2,9747998,400015
2,9747998,400016
2,9747998,400017
2,9747998,400018
2,9747998,400019
2,9747998,400020
2,9747998,400021
2,9747998,400022
2,9747998,400024
2,9747998,400025
2,9747998,400026
2,9747998,400027
2,9747998,400028
2,9747998,400029
2,9747998,400030
2,9747998,400031
2,9747998,400032
2,9747998,400033
2,9747998,400034
2,9747998,400035
2,9747998,400037
2,9747998,400042
2,9747998,400043
2,9747998,400049
2,9747998,400050
2,9747998,400051
2,9747998,400052
2,9747998,400053
2,9747998,400054
2,9747998,400055
2,9747998,400056
2,9747998,400057
2,9747998,400058
2,9747998,400059
2,9747998,400060
2,9747998,400061
2,9747998,400063
2,9747998,400064
2,9747998,400065
2,9747998,400066
2,9747998,400067
2,9747998,400068
2,9747998,400069
2,9747998,400070
2,9747998,400071
2,9747998,400072
2,9747998,400074
2,9747998,400075
2,9747998,400076
2,9747998,400077
2,9747998,400078
2,9747998,400079
2,9747998,400080
2,9747998,400081
2,9747998,400082
2,9747998,400083
2,9747998,400084
2,9747998,400085
2,9747998,400086
2,9747998,400087
2,9747998,400088
2,9747998,400089
2,9747998,400091
2,9747998,400092
2,9747998,400093
2,9747998,400094
2,9747998,400095
2,9747998,400096
2,9747998,400097
2,9747998,400098
2,9747998,400099
2,9747998,400101
2,9747998,400102
2,9747998,400103
2,9747998,400104
2,9747999,132101
2,9747999,132102
2,9747999,132103
2,9747999,132104
2,9747999,132105
2,9747999,132106
2,9747999,132107
2,9747999,132108
2,9747999,132113
2,9747999,132115
2,9747999,132122
2,9747999,132140
2,9747999,132145
2,9748001,194102
2,9748001,194103
2,9748001,194105
2,9748001,194109
2,9748001,194301
2,9748001,194302
2,9748001,194303
2,9748003,835235
2,9748003,835302
2,9748005,798611
2,9748007,791118
2,9748009,192305
2,9748010,486881
2,9748010,486885
2,9748010,486886
2,9748010,486887
2,9748010,486888
2,9748010,486889
2,9748012,792110
2,9748013,231205
2,9748013,231206
2,9748013,231207
2,9748013,231208
2,9748013,231209
2,9748013,231210
2,9748013,231212
2,9748013,231213
2,9748013,231215
2,9748013,231216
2,9748013,231217
2,9748013,231218
2,9748013,231219
2,9748013,231220
2,9748013,231221
2,9748013,231222
2,9748013,231223
2,9748013,231224
2,9748013,231225
2,9748013,231226
2,9748015,794102
2,9748015,794114
2,9748018,744201
2,9748018,744202
2,9748018,744203
2,9748018,744204
2,9748018,744205
2,9748018,744209
2,9748018,744210
2,9748019,682551
2,9748019,682553
2,9748019,682554
2,9748019,682555
2,9748019,682556
2,9748021,641604
2,9748023,494661
2,9748025,790001
2,9748025,791001
2,9748025,791109
2,9748025,791110
2,9748025,791111
2,9748025,791112
2,9748025,791113
2,9748025,791119
2,9748025,791121
2,9748025,791123
2,9748025,792104
2,9748026,825101
2,9748026,825314
2,9748026,825316
2,9748026,825325
2,9748026,825326
2,9748026,825330
2,9748026,829101
2,9748026,829102
2,9748026,829103
2,9748026,829105
2,9748026,829106
2,9748026,829108
2,9748026,829109
2,9748026,829110
2,9748026,829117
2,9748026,829118
2,9748026,829119
2,9748026,829122
2,9748026,829124
2,9748026,829125
2,9748026,829126
2,9748026,829130
2,9748026,829131
2,9748026,829133
2,9748026,829134
2,9748026,829135
2,9748026,829143
2,9748026,829150
2,9748029,796901
2,9748030,272124
2,9748030,272125
2,9748030,272126
2,9748030,272148
2,9748030,272152
2,9748030,272154
2,9748030,272162
2,9748030,272164
2,9748030,272165
2,9748030,272172
2,9748030,272173
2,9748030,272175
2,9748030,272176
2,9748030,272178
2,9748030,272199
2,9748030,272270
2,9748030,272271
2,9748034,790104
2,9748034,790105
2,9748034,790106
2,9748035,791002
2,9748035,791105
2,9748037,133103
2,9748037,133204
2,9748037,133206
2,9748037,135001
2,9748037,135002
2,9748037,135003
2,9748037,135004
2,9748037,135021
2,9748037,135101
2,9748037,135102
2,9748037,135103
2,9748037,135106
2,9748037,135133
2,9748038,804401
2,9748038,804402
2,9748038,804419
2,9748038,804427
2,9748038,824115
2,9748038,824127
2,9748040,191201
2,9748042,193221
2,9748042,193222
2,9748042,193223
2,9748042,193224
2,9748042,193225
2,9748042,193302
2,9748042,193303
3,10136755,171223
3,10152760,133201
3,10165760,301030
3,10165772,301001
3,10168655,321606
3,10202136,250623
3,10209444,460447
3,10210757,480441
3,10210945,480441
3,10214095,480106
3,10214288,441110
3,10244604,768218
3,10249965,151301
3,10250933,313001
3,10252936,151101
3,10253601,326519
3,10256352,141104
3,10256367,141101
3,10256415,142021
3,10261375,131001
3,10261380,131001
3,10261433,131028
3,10261593,142029
3,10261694,141120
3,10263041,110081
3,10263046,110081
3,10263048,110081
3,10263053,110041
3,10263232,110062
3,10265937,121003
3,10269873,245207
3,10281812,754025
3,10282670,770042
3,10303668,796751
3,10303818,151201
3,10313824,125044
3,10318603,123302
3,10347952,305403
3,10371510,250001
3,10400284,847103
3,10400291,848210
3,10431325,477117
3,10431770,333304
3,10435099,202140
3,10435648,140108
3,10436674,140501
3,10436954,134005
3,10438617,281006
3,10447536,490036
3,10448734,431602
3,10448744,431603
3,10453829,442105
3,10458104,482002
3,10458113,482004
3,10467925,205267
3,10468261,207247
3,10469637,441501
3,10469713,441401
3,10469865,441204
3,10472256,476224
3,10490140,508202
3,10498962,471408
3,10503977,443301
3,10513917,444409
3,10519399,441207
3,10523631,431811
3,10524136,500089
3,10525096,509002
3,10535156,480555
3,10536511,441107
3,10541309,487118
3,10543412,483110
3,10569308,441906
3,10571120,441911
3,10578714,425416
3,10627510,682506
3,10628607,688534
3,10629189,688522
3,10682270,143530
3,10686949,176401
3,10688519,423204
3,10688880,423202
3,10689661,452020
3,10692150,385001
3,10692195,385210
3,10697739,481001
3,10697739,481331
3,10698045,143111
3,10699493,441614
3,10699503,441601
3,10700647,143519
3,10700999,143601
3,10704820,495004
3,10704841,495009
3,10704841,495551
3,10705043,495334
3,10705281,454221
3,10707711,431111
3,10713165,144042
3,10713187,144042
3,10713706,144416
3,10713768,144409
3,10729228,144514
3,10756350,768036
3,10778953,520007
3,10778953,521002
3,10778956,521137
3,10778957,521134
3,10781410,494553
3,10784527,535005
3,10787782,532168
3,10789902,601202
3,10790914,802214
3,10792147,307026
3,10801076,455221
3,10803336,342024
3,10805222,306116
3,10807126,313332
3,10832437,802111
3,10832916,801110
3,10834074,804422
3,10835985,822110
3,10837742,802155
3,10846419,574142
3,10846421,574142
3,10849382,515761
3,10858989,673633
3,10859990,175126
3,10873279,442406
3,10873312,442905
3,10873318,441223
3,10873318,441226
3,10873318,442908
3,10877877,671319
3,10880091,848101
3,10880091,848114
3,10883450,825319
3,10885747,825409
3,10885799,825409
3,10886277,847224
3,10894229,851135
3,10894326,851218
3,10896979,570026
3,10910167,670301
3,10910174,670004
3,10910176,670011
3,10910201,670604
3,10910220,670741
3,10910231,670613
3,10910255,670591
3,10910263,670602
3,10922760,670692
3,10922772,670643
3,10924880,673523
3,10924923,673501
3,10924927,673309
3,10924934,673505
3,10924946,670671
3,10924957,673517
3,10924994,673541
3,10925004,673525
3,10925345,673304
3,10926750,143008
3,10929691,673613
3,10929715,673611
3,10929726,673019
3,10929727,673008
3,10930086,676106
3,10930087,676106
3,10930101,676307
3,10933954,679562
3,10933957,679581
3,10938241,403530
3,10967957,442917
3,10972498,505122
3,10972498,505184
3,10972498,505301
3,10972498,505471
3,10973773,583123
3,10974014,571213
3,10975920,591103
3,10979212,581320
3,10979613,576213
3,11018519,816107
3,11031613,425003
3,11031613,425203
3,11073561,682030
3,11102685,396406
3,11127930,828134
3,11184118,683511
3,11184125,581363
3,11184126,631301
3,11184132,388510
3,11184230,798625
3,11184234,798618
3,11184254,831002
3,11184261,851112
3,11184276,387310
3,11184277,387325
3,11184322,781354
3,11184336,781371
3,11184375,690102
3,11184400,383215
3,11184400,383340
3,11184427,626189
3,11184442,364515
3,11184445,781307
3,11184448,394720
3,11184449,412208
3,11184472,744205
3,11184474,151103
3,11184488,682308
3,11184492,680551
3,11184575,673638
3,11184579,680545
3,11184587,382765
3,11184590,625402
3,11184591,680310
3,11184592,413502
3,11184595,394115
3,11184613,752081
3,11184656,691576
3,11184814,828403
3,11184816,502255
3,11184818,690105
3,11184821,624301
3,11184827,828202
3,11184845,682312
3,11184889,682504
3,11184900,396380
3,11185173,828202
3,11185177,680552
3,11185179,680671
3,11185182,682503
3,11185242,782003
3,11185246,335024
3,11185497,484330
3,11185500,769043
3,11185501,360530
3,11185507,680014
3,11185516,682557
3,11185518,629810
3,11185520,632311
3,11185522,770034
3,11185601,690516
3,11185616,614624
3,11185658,636010
3,11185661,680691
3,11185663,620013
3,11185666,683544
3,11185792,370020
3,11185798,392012
3,11185817,600125
3,11185817,603111
3,11185822,629151
3,11185833,682304
3,11185837,629165
3,11185839,833223
3,11185844,680581
3,11185845,682559
3,11185885,148033
3,11185888,683516
3,11185892,641041
3,11186049,629180
3,11186050,641035
3,11186058,612105
3,11186259,421503
3,11186262,636457
3,11186287,624801
3,11186294,394305
3,11186352,792120
3,11186365,636109
3,11186365,636302
3,11189027,695584
3,11203604,781132
3,11203608,641031
3,11203670,833221
3,11205158,635813
3,11205260,680522
3,11253678,518004
3,11269032,516431
3,11269054,516431
3,11269055,516434
3,11271185,516233
3,11271185,516361
3,11344138,636701
3,11348609,632106
3,11348609,632601
3,11421456,631202
3,11422054,631302
3,11422157,631304
3,11439700,606604
3,11441900,632317
3,11442958,631502
3,11442961,631502
3,11452593,673639
3,11453083,643207
3,11460468,643005
3,11461756,641022
3,11462193,679572
3,11462400,679532
3,11462885,680542
3,11462910,679563
3,11462949,680104
3,11462955,680512
3,11462993,680012
3,11462998,680553
3,11463027,680546
3,11463028,680541
3,11463037,680501
3,11463041,680581
3,11463049,680501
3,11463051,680519
3,11463053,680604
3,11463084,680585
3,11463106,682027
3,11463347,680589
3,11463359,680654
3,11463538,680683
3,11463634,680308
3,11463796,683578
3,11463882,686670
3,11463928,680733
3,11477647,678004
3,11488257,641407
3,11488264,642203
3,11488277,641663
3,11488307,641062
3,11500522,641112
3,11500776,686585
3,11501674,690526
3,11502105,691303
3,11502176,691573
3,11521070,638314
3,11522068,638312
3,11522093,638002
3,11522239,638057
3,11522284,638107
3,11522317,638009
3,11522812,638115
3,11556871,638008
3,11557378,638154
3,11557604,638152
3,11557951,641016
3,11602339,621805
3,11604014,614902
3,11604574,612702
3,11604588,612001
3,11604632,612204
3,11607797,613006
3,11621019,609405
3,11624853,829201
3,11626021,829143
3,11626022,829118
3,11626078,829101
3,11626327,835217
3,11626385,834006
3,11626434,835102
3,11626434,835325
3,11627340,829117
3,11628557,829104
3,11628594,829111
3,11628615,827010
3,11645204,835229
3,11654848,626102
3,11655515,629177
3,11655518,629177
3,11655591,629164
3,11655591,629301
3,11655976,629704
3,11656142,627357
3,11656198,627601
3,11656271,627453
3,11656337,627451
3,11656566,627103
3,11656716,629403
3,11656724,629703
3,11657498,639114
3,11658948,639107
3,11662067,639115
3,11662451,620012
3,11663316,621712
3,11663474,620015
3,11663478,620016
3,11664417,625014
3,11664437,625104
3,11664492,625009
3,11664494,625020
3,11664517,625018
3,11664525,625017
3,11664575,625201
3,11664576,625201
3,11664611,625005
3,11675963,628201
3,11677565,624709
3,11677743,624705
3,11678557,605401
3,11678671,607106
3,11678871,607006
3,11679729,605007
3,11680352,625524
3,11680426,625515
3,11680475,625540
3,11680678,626122
3,11681445,608102
3,11682010,636012
3,11682016,636013
3,11682203,636301
3,11682427,637410
3,11682456,637403
3,11682486,637408
3,11683679,637002
3,11683818,639116
3,11685951,621107
3,11729058,815302
3,11875592,795127
3,12032137,274403
3,12165957,796571
3,12261431,517113
3,12261431,517123
3,12261431,517291
3,12261431,517326
3,12261432,533234
3,12382220,682552
3,12382223,682558
3,12382224,682554
3,12402198,443302
3,12501195,416215
3,12501201,412806
3,12501475,335062
3,12501476,148031
3,12518923,384210
3,12518993,484555
3,12519055,843111
3,12519091,497111
3,12519107,457779
3,12519151,846002
3,12519333,792101
3,12519444,191113
3,12519445,193411
3,12522825,770037
3,12522831,828201
3,12523252,793012
3,12523315,799144
3,12523320,796470
3,12523344,799260
3,12523372,795010
3,12523445,785601
3,12523508,797107
3,12523544,798620
3,12523868,792129
3,12524303,791114
3,12524323,790102
3,1252646,623517
3,1252653,798620
3,1252668,791120
3,1252692,232329
3,1252698,225414
3,1252702,222180
3,1252734,636601
3,1252738,423401
3,1252744,581359
3,1252756,571441
3,1252783,530005
3,1252810,795149
3,1252825,403705
3,1252840,797111
3,1252885,321408
3,1252887,643231
3,1252908,444505
3,1252919,444906
3,1252925,442907
3,1252946,481331
3,1252960,445304
3,1252964,795148
3,1252998,631605
3,1253013,412803
3,1253077,521165
3,1253087,574243
3,1253091,415311
3,1253095,384315
3,1253105,362130
3,1253132,571218
3,1253143,382150
3,1253145,621316
3,1253147,636116
3,1253177,605652
3,1253193,382870
3,1253217,606754
3,1253230,403722
3,1253257,416516
3,1253315,389340
3,1253328,624710
3,1253340,688536
3,1253347,385575
3,1253374,387380
3,1253374,388245
3,1253381,364060
3,1253392,695141
3,1253401,403721
3,1253403,425305
3,1253452,604408
3,1253471,403506
3,1253472,642127
3,1253482,388120
3,1253488,393135
3,1253490,605108
3,1253500,670009
3,1253545,423701
3,1253557,412207
3,1253559,391760
3,1253577,384355
3,1253578,524405
3,1253579,625218
3,1253595,624802
3,1253623,603406
3,1253628,249193
3,1253634,635207
3,1253638,271604
3,1253640,394105
3,1253656,491107
3,1253671,625532
3,1253672,403406
3,1253673,243641
3,1253685,144204
3,1253694,193123
3,1253698,515812
3,1253705,680562
3,1253730,671322
3,1253750,384170
3,1253752,304024
3,1253754,456221
3,1253791,793105
3,1253805,388220
3,1253807,441203
3,1253815,364330
3,1253861,445206
3,1253863,484661
3,1253869,396170
3,1253888,575020
3,1253898,481105
3,1253904,795142
3,1253918,243639
3,1253958,413517
3,1253979,757041
3,1253984,464770
3,1254025,572227
3,1254069,283204
3,1254080,441912
3,1254092,493445
3,1254102,271208
3,1254111,413601
3,1254131,736159
3,1254133,798612
3,1254136,641034
3,1254177,422212
3,1254198,192123
3,1254209,835233
3,1254214,127040
3,1254231,828402
3,1254249,623409
3,1254274,125120
3,1254283,321611
3,1254300,606106
3,1254302,247343
3,1254309,700119
3,1254322,604407
3,1254333,632515
3,1254345,676306
3,1254347,630611
3,1254372,625706
3,1254400,481449
3,1254442,210128
3,1254481,242307
3,1254513,250625
3,1254570,795138
3,1254590,613204
3,1254608,171201
3,1254609,796186
3,1254624,388250
3,1254638,385565
3,1254640,385555
3,1254663,457777
3,1254694,855116
3,1254695,244601
3,1254709,792001
3,1254727,587315
3,1254732,486220
3,1254734,785112
3,1254751,470880
3,1254797,824236
3,1254798,475005
3,1254813,851133
3,1254880,577228
3,1254908,331304
3,1254909,456665
3,1254912,712410
3,1254993,193225
3,1255023,244922
3,1255027,262309
3,1255056,795141
3,1255078,151302
3,1255082,142050
3,1255104,425413
3,1255109,431504
3,1255127,209731
3,1255130,465680
3,1255134,410506
3,1255175,364140
3,1255187,457118
3,1255211,743429
3,1255212,495330
3,1255221,441122
3,1255254,515411
3,1255265,522501
3,1255271,442406
3,1255283,612302
3,1255297,465677
3,1255348,422211
3,1255361,335804
3,1255383,333029
3,1255405,571237
3,1255425,326513
3,1255449,148028
3,1255484,641402
3,1255489,247663
3,1255496,443302
3,1255551,326530
3,1255560,331507
3,1255597,244924
3,1255616,626125
3,1255630,602105
3,1255631,563135
3,1255633,577139
3,1255640,608703
3,1255705,756045
3,1255708,781317
3,1255713,577429
3,1255816,532284
3,1255858,387240
3,1255860,306104
3,1255870,122103
3,1255878,140308
3,1255887,486226
3,1255891,193223
3,1255910,781103
3,1255925,344044
3,1255958,638102
3,1255981,458990
3,1256003,251319
3,1256027,641302
3,1256029,583121
3,1256050,283151
3,1256053,212305
3,1256064,464228
3,1256065,442504
3,1256087,140406
3,1256096,212217
3,1256104,572137
3,1256117,391115
3,1256119,422103
3,1256122,833220
3,1256124,712409
3,1256146,458228
3,1256167,333516
3,1256184,641005
3,1256205,443203
3,1256214,586128
3,1256246,835223
3,1256255,785686
3,1256259,396230
3,1256269,431112
3,1256295,803117
3,1256322,204215
3,1256335,828121
3,1256343,364240
3,1256372,261303
3,1256385,581355
3,1256426,413701
3,1256431,585224
3,1256450,389370
3,1256469,412801
3,1256470,424308
3,1256475,425405
3,1256489,423109
3,1256529,283135
3,1256539,581205
3,1256569,246747
3,1256572,824211
3,1256574,243505
3,1256593,476337
3,1256597,843329
3,1256616,389210
3,1256620,444203
3,1256650,212108
3,1256673,458883
3,1256725,144702
3,1256727,301706
3,1256731,243505
3,1256750,425409
3,1256773,127046
3,1256812,796181
3,1256814,585222
3,1256820,495557
3,1256823,461223
3,1256828,475682
3,1256832,246746
3,1256854,451666
3,1256857,637409
3,1256889,313903
3,1256931,628251
3,1256934,623120
3,1256952,312613
3,1256955,391121
3,1256955,391770
3,1256959,425502
3,1256967,581118
3,1256974,480106
3,1256976,209728
3,1256983,591126
3,1256983,591213
3,1256989,638401
3,1256990,455459
3,1256995,626203
3,1257005,225122
3,1257060,423301
3,1257077,204216
3,1257093,305407
3,1257149,382210
3,1257178,571121
3,1257191,151507
3,1257196,250342
3,1257203,313330
3,1257237,465697
3,1257259,493558
3,1257268,212216
3,1257279,495686
3,1257307,441107
3,1257313,453551
3,1257326,174301
3,1257347,403505
3,1257352,307029
3,1257354,711313
3,1257369,591313
3,1257399,403704
3,1257409,413307
3,1257410,325601
3,1257436,422605
3,1257456,583119
3,1257459,241204
3,1257461,241403
3,1257476,403710
3,1257479,464661
3,1257482,147103
3,1257486,382110
3,1257498,284304
3,1257503,141114
3,1257528,344021
3,1257546,621112
3,1257547,625402
3,1257559,147101
3,1257566,132101
3,1257599,229127
3,1257611,403511
3,1257681,495003
3,1257691,441802
3,1257698,573134
3,1257751,731234
3,1257765,457550
3,1257771,796901
3,1257785,442202
3,1257794,816109
3,1257800,243638
3,1257817,133104
3,1257819,314025
3,1257854,209871
3,1257855,126112
3,1257865,306702
3,1257879,133204
3,1257887,275204
3,1257896,281306
3,1257901,394230
3,1257908,799145
3,1257928,476229
3,1257940,209303
3,1257976,790003
3,1258003,246171
3,1258061,582209
3,1258078,171207
3,1258098,370030
3,1258109,563122
3,1258111,231216
3,1258124,444506
3,1258126,712248
3,1258128,249201
3,1258133,341503
3,1258164,243201
3,1258178,123401
3,1258186,841305
3,1258203,277209
3,1258221,768212
3,1258229,756019
3,1258242,466446
3,1258247,470227
3,1258292,281204
3,1258293,829209
3,1258294,845305
3,1258307,425508
3,1258323,835222
3,1258352,210431
3,1258367,458226
3,1258386,637408
3,1258395,306101
3,1258440,343040
3,1258474,581115
3,1258477,125076
3,1258492,781354
3,1258501,784505
3,1258534,360550
3,1258537,457993
3,1258553,441106
3,1258590,284203
3,1258652,274305
3,1258658,721242
3,1258671,134118
3,1258698,623526
3,1258714,761028
3,1258726,517291
3,1258726,517641
3,1258747,686663
3,1258771,396240
3,1258788,445304
3,1258795,365560
3,1258797,313324
3,1258815,457887
3,1258819,393145
3,1258843,816108
3,1258859,410505
3,1258864,803116
3,1258895,805125
3,1258900,623525
3,1258903,143101
3,1258928,331802
3,1258930,328025
3,1258950,335051
3,1258966,134204
3,1259009,733134
3,1259017,403720
3,1259019,413705
3,1259022,144517
3,1259026,415511
3,1259034,470119
3,1259036,423107
3,1259039,782103
3,1259056,473226
3,1259060,824125
3,1259069,385340
3,1259072,281504
3,1259075,135133
3,1259082,203209
3,1259083,587314
3,1259098,403705
3,1259102,192221
3,1259110,143516
3,1259148,305022
3,1259154,445204
3,1259157,209825
3,1259158,761018
3,1259177,431511
3,1259231,136026
3,1259239,450114
3,1259251,192301
3,1259259,621711
3,1259261,622504
3,1259272,442302
3,1259283,209111
3,1259293,628905
3,1259296,678503
3,1259388,476115
3,1259409,601204
3,1259412,571216
3,1259429,403401
3,1259460,345021
3,1259505,493551
3,1259540,326034
3,1259542,412115
3,1259554,273152
3,1259569,457331
3,1259592,752104
3,1259602,461775
3,1259608,342601
3,1259617,246472
3,1259638,307022
3,1259639,481668
3,1259647,283123
3,1259652,412303
3,1259688,335803
3,1259690,403114
3,1259693,333031
3,1259701,241406
3,1259744,303338
3,1259773,522529
3,1259775,144410
3,1259795,283207
3,1259801,206247
3,1259811,415523
3,1259813,342301
3,1259818,250401
3,1259840,457773
3,1259841,388450
3,1259843,382610
3,1259855,638052
3,1259869,403512
3,1259881,679322
3,1259907,534320
3,1259916,636810
3,1259917,606105
3,1259939,136128
3,1259986,521366
3,1259994,670307
3,1260035,444501
3,1260038,713512
3,1260050,193121
3,1260052,679303
3,1260063,829118
3,1260082,767025
3,1260120,431506
3,1260135,414102
3,1260156,122503
3,1260206,791102
3,1260213,403512
3,1260228,431501
3,1260232,327024
3,1260274,425111
3,1260304,676302
3,1260304,679321
3,1260421,173025
3,1260447,451770
3,1260448,607106
3,1260454,488001
3,1260456,691583
3,1260482,700114
3,1260488,416201
3,1260506,576122
3,1260527,712149
3,1260537,175124
3,1260543,480334
3,1260548,450661
3,1260606,670721
3,1260628,623521
3,1260645,451447
3,1260685,635809
3,1260693,630107
3,1260707,364270
3,1260717,284403
3,1260719,495448
3,1260719,495449
3,1260734,472221
3,1260771,532221
3,1260786,625503
3,1260806,360004
3,1260807,425504
3,1260821,321613
3,1260824,816107
3,1260833,431107
3,1260868,203396
3,1260911,391440
3,1260933,360110
3,1260938,335041
3,1260954,271206
3,1260959,424201
3,1260962,461881
3,1261037,210203
3,1261049,636455
3,1261050,394540
3,1261068,423502
3,1261111,403601
3,1261121,176202
3,1261124,144039
3,1261142,785615
3,1261158,333041
3,1261164,471201
3,1261186,781030
3,1261205,793119
3,1261208,793102
3,1261227,334803
3,1261234,335523
3,1261242,833217
3,1261257,276206
3,1261261,481885
3,1261262,201204
3,1261285,852131
3,1261330,301705
3,1261369,312202
3,1261369,312601
3,1261378,306303
3,1261382,132117
3,1261394,671314
3,1261396,413521
3,1261398,679329
3,1261451,273304
3,1261468,796321
3,1261500,403114
3,1261517,450221
3,1261531,535217
3,1261532,607105
3,1261539,562123
3,1261553,695541
3,1261563,785685
3,1261564,628617
3,1261604,493113
3,1261613,333042
3,1261660,403505
3,1261661,403707
3,1261664,425418
3,1261667,582208
3,1261699,801109
3,1261704,630556
3,1261705,624401
3,1261711,313301
3,1261722,821310
3,1261739,126116
3,1261752,465669
3,1261760,506132
3,1261767,396235
3,1261768,382330
3,1261771,125039
3,1261782,441304
3,1261786,171213
3,1261795,364004
3,1261798,494333
3,1261800,582207
3,1261810,582119
3,1261828,134203
3,1261847,577134
3,1261853,532421
3,1261872,303348
3,1261882,334201
3,1261900,457887
3,1261901,271865
3,1261906,610105
3,1261911,627108
3,1261915,636454
3,1261931,425412
3,1261932,443404
3,1261968,281403
3,1261971,422305
3,1261971,422403
3,1261971,423106
3,1261971,423208
3,1261974,591120
3,1261998,247452
3,1262013,786621
3,1262020,457222
3,1262034,638458
3,1262040,637406
3,1262062,370655
3,1262065,731220
3,1262073,413602
3,1262083,174101
3,1262089,247342
3,1262092,734429
3,1262093,508211
3,1262109,246763
3,1262111,110043
3,1262116,481776
3,1262131,743165
3,1262134,486340
3,1262167,493778
3,1262168,226303
3,1262187,485446
3,1262198,798622
3,1262209,456335
3,1262240,517590
3,1262266,571432
3,1262284,643224
3,1262285,673614
3,1262291,285206
3,1262296,321602
3,1262302,673504
3,1262318,824301
3,1262319,147201
3,1262374,248179
3,1262380,621211
3,1262412,742149
3,1262414,204213
3,1262419,852122
3,1262426,140101
3,1262435,416219
3,1262444,421401
3,1262463,685612
3,1262485,473443
3,1262497,370421
3,1262504,450112
3,1262510,581349
3,1262516,582118
3,1262534,460661
3,1262546,574154
3,1262553,582117
3,1262562,563131
3,1262574,441224
3,1262578,152026
3,1262596,144211
3,1262632,828204
3,1262648,623704
3,1262650,142060
3,1262664,584125
3,1262689,441303
3,1262715,284303
3,1262768,403512
3,1262824,798621
3,1262843,798601
3,1262863,795133
3,1262864,403507
3,1262873,441502
3,1262905,637015
3,1262926,761015
3,1262928,209881
3,1263010,734214
3,1263021,242301
3,1263022,251315
3,1263034,601203
3,1263051,244701
3,1263057,477441
3,1263073,792122
3,1263080,453441
3,1263083,415509
3,1263103,642110
3,1263120,341510
3,1263142,362260
3,1263148,713146
3,1263152,571431
3,1263181,845426
3,1263189,276204
3,1263195,443301
3,1263224,415012
3,1263257,577534
3,1263275,250401
3,1263294,441104
3,1263300,486331
3,1263309,477222
3,1263331,670702
3,1263384,210001
3,1263494,403803
3,1263522,785634
3,1263532,786181
3,1263557,636806
3,1263580,403507
3,1263591,431505
3,1263594,584123
3,1263621,441401
3,1263648,326037
3,1263664,423104
3,1263666,370030
3,1263684,431131
3,1263691,212207
3,1263723,854113
3,1263730,277207
3,1263764,486111
3,1263777,413305
3,1263807,801108
3,1263832,825316
3,1263833,454010
3,1263840,403527
3,1263859,125104
3,1263865,127043
3,1263883,333704
3,1263888,532242
3,1263900,623518
3,1263911,311604
3,1263937,410503
3,1263940,454446
3,1263942,629252
3,1263943,362630
3,1263949,458110
3,1263983,796441
3,1264010,563130
3,1264024,331028
3,1264032,304502
3,1264037,576108
3,1264047,637503
3,1264070,828304
3,1264085,226102
3,1264099,458339
3,1264101,495551
3,1264115,422203
3,1264136,571430
3,1264138,152107
3,1264198,465106
3,1264215,142044
3,1264241,143601
3,1264250,485331
3,1264250,485778
3,1264282,841239
3,1264297,413217
3,1264310,262803
3,1264317,485771
3,1264322,788831
3,1264323,321608
3,1264331,788830
3,1264344,387335
3,1264351,284405
3,1264356,261141
3,1264359,210427
3,1264363,261203
3,1264398,387130
3,1264414,493445
3,1264457,587312
3,1264490,281305
3,1264504,272173
3,1264514,562120
3,1264523,614903
3,1264524,641105
3,1264543,700129
3,1264551,815353
3,1264553,572132
3,1264570,852113
3,1264644,141115
3,1264653,465693
3,1264756,332025
3,1264773,201102
3,1264792,591301
3,1264794,443302
3,1264795,415521
3,1264816,411047
3,1264829,127201
3,1264839,835302
3,1264845,445002
3,1264850,262524
3,1264860,480108
3,1264861,360035
3,1264906,394110
3,1264912,363421
3,1264986,796891
3,1264987,431708
3,1264987,431713
3,1265041,422306
3,1265053,274502
3,1265084,481222
3,1265085,416701
3,1265143,303503
3,1265166,742148
3,1265190,788163
3,1265201,582116
3,1265208,247663
3,1265225,382775
3,1265233,480886
3,1265242,262701
3,1265246,323603
3,1265310,261135
3,1265311,477445
3,1265323,136132
3,1265387,629163
3,1265395,679571
3,1265400,614101
3,1265401,686681
3,1265415,362650
3,1265446,583277
3,1265451,571234
3,1265452,327801
3,1265472,493663
3,1265521,413208
3,1265534,210505
3,1265545,140103
3,1265555,517425
3,1265580,673571
3,1265583,496225
3,1265591,572130
3,1265607,581113
3,1265619,483110
3,1265646,577423
3,1265655,321201
3,1265660,490042
3,1265670,473222
3,1265711,713343
3,1265716,210426
3,1265721,761131
3,1265752,454331
3,1265766,458116
3,1265773,825316
3,1265799,612601
3,1265815,182142
3,1265888,524137
3,1265901,486556
3,1265932,676503
3,1265933,630106
3,1265933,630702
3,1265961,303108
3,1265964,484334
3,1265972,171202
3,1265989,363621
3,1266022,496220
3,1266028,485226
3,1266038,643217
3,1266050,231207
3,1266070,518313
3,1266087,394120
3,1266117,415501
3,1266126,572129
3,1266144,613703
3,1266162,423601
3,1266179,712235
3,1266222,573130
3,1266240,625522
3,1266258,796081
3,1266302,473770
3,1266307,522302
3,1266322,629251
3,1266348,770048
3,1266385,680664
3,1266387,638151
3,1266390,416114
3,1266392,571231
3,1266402,572127
3,1266414,825410
3,1266422,761032
3,1266425,624101
3,1266433,768222
3,1266448,802216
3,1266477,205303
3,1266485,303603
3,1266489,855107
3,1266496,481115
3,1266509,246731
3,1266510,283122
3,1266518,431804
3,1266540,611104
3,1266575,263148
3,1266596,242405
3,1266620,470117
3,1266631,431101
3,1266632,465687
3,1266640,242305
3,1266668,792130
3,1266731,465679
3,1266747,313803
3,1266774,384325
3,1266787,143419
3,1266794,250101
3,1266806,383255
3,1266838,722140
3,1266843,262308
3,1266847,455336
3,1266849,251201
3,1266855,176047
3,1266872,496661
3,1266878,493225
3,1266882,495556
3,1266891,131402
3,1266926,271303
3,1266931,472115
3,1266937,210425
3,1266943,421601
3,1266945,700117
3,1266960,140301
3,1266976,721301
3,1267006,441101
3,1267044,332709
3,1267090,388620
3,1267115,272175
3,1267121,829205
3,1267182,202138
3,1267185,284120
3,1267187,801105
3,1267190,212655
3,1267195,411003
3,1267222,766012
3,1267227,362220
3,1267239,587206
3,1267253,193224
3,1267271,480994
3,1267331,635113
3,1267336,305404
3,1267435,690503
3,1267456,632007
3,1267461,441302
3,1267481,413624
3,1267492,394150
3,1267495,387630
3,1267517,495445
3,1267605,173204
3,1267669,144801
3,1267675,734203
3,1267680,470337
3,1267716,413203
3,1267745,626106
3,1267754,741152
3,1267776,194103
3,1267786,473660
3,1267794,487221
3,1267819,322241
3,1267827,212206
3,1267862,388325
3,1267869,641104
3,1267887,609602
3,1267911,144601
3,1267923,323301
3,1267934,312202
3,1267964,752078
3,1267972,244501
3,1267978,767039
3,1267979,242223
3,1268000,303012
3,1268004,385520
3,1268007,455332
3,1268008,629702
3,1268011,209725
3,1268020,431103
3,1268024,521151
3,1268032,834006
3,1268052,632102
3,1268059,523230
3,1268189,562117
3,1268215,209505
3,1268257,700058
3,1268273,585417
3,1268276,209724
3,1268279,759018
3,1268310,628552
3,1268311,180010
3,1268325,285204
3,1268341,713409
3,1268344,441501
3,1268360,627416
3,1268383,733129
3,1268403,734301
3,1268408,832102
3,1268418,755028
3,1268450,361160
3,1268460,413105
3,1268469,125201
3,1268480,431702
3,1268484,413114
3,1268489,413507
3,1268501,136117
3,1268513,263140
3,1268540,243637
3,1268545,226101
3,1268566,743347
3,1268593,136027
3,1268606,752056
3,1268616,209502
3,1268628,431123
3,1268651,416216
3,1268662,577548
3,1268667,394335
3,1268677,228145
3,1268680,382715
3,1268705,571311
3,1268739,210424
3,1268752,801104
3,1268754,171008
3,1268761,410502
3,1268775,825409
3,1268802,171205
3,1268810,793150
3,1268814,246443
3,1268851,783382
3,1268855,854328
3,1268874,303328
3,1268896,431509
3,1268962,209302
3,1268988,828111
3,1269012,847404
3,1269019,246728
3,1269042,124103
3,1269046,811308
3,1269055,343040
3,1269056,203135
3,1269065,360370
3,1269087,412303
3,1269102,621802
3,1269126,458330
3,1269153,472118
3,1269157,307515
3,1269163,334802
3,1269165,283136
3,1269168,244712
3,1269175,814142
3,1269179,360050
3,1269183,271904
3,1269190,391510
3,1269217,457226
3,1269227,251314
3,1269247,742213
3,1269267,143115
3,1269269,144033
3,1269298,815351
3,1269315,424206
3,1269323,516434
3,1269327,413201
3,1269350,392150
3,1269379,828112
3,1269410,415712
3,1269415,207302
3,1269422,285123
3,1269439,396421
3,1269441,202128
3,1269495,464886
3,1269498,306302
3,1269503,484771
3,1269545,311201
3,1269548,203141
3,1269555,262001
3,1269592,833203
3,1269602,577528
3,1269605,135003
3,1269631,470881
3,1269646,283202
3,1269652,226203
3,1269653,461111
3,1269657,752068
3,1269663,136129
3,1269670,243723
3,1269690,641103
3,1269694,673521
3,1269731,132041
3,1269751,586209
3,1269762,413106
3,1269784,587125
3,1269809,202124
3,1269810,422403
3,1269818,383430
3,1269819,637101
3,1269822,628716
3,1269827,532312
3,1269873,571105
3,1269876,587118
3,1269897,572218
3,1269908,591309
3,1269936,562114
3,1269943,577527
3,1269945,576282
3,1269970,577217
3,1269990,577526
3,1270032,577598
3,1270036,581111
3,1270056,184142
3,1270057,532459
3,1270059,768016
3,1270066,761102
3,1270072,431513
3,1270077,442301
3,1270102,801302
3,1270118,825322
3,1270192,453111
3,1270212,841436
3,1270216,204101
3,1270232,274203
3,1270237,250404
3,1270245,735215
3,1270265,636903
3,1270286,480224
3,1270304,415713
3,1270317,343001
3,1270335,690514
3,1270343,384240
3,1270351,249401
3,1270357,144208
3,1270364,202125
3,1270375,461331
3,1270402,571439
3,1270413,393030
3,1270417,125033
3,1270435,581104
3,1270437,221503
3,1270439,193221
3,1270458,311025
3,1270463,141107
3,1270474,389350
3,1270482,581329
3,1270504,735122
3,1270509,246726
3,1270522,781102
3,1270523,144221
3,1270543,788819
3,1270554,431712
3,1270568,743263
3,1270587,332706
3,1270603,680101
3,1270618,284202
3,1270640,486553
3,1270667,765022
3,1270686,571111
3,1270718,601201
3,1270743,193403
3,1270759,203408
3,1270763,311021
3,1270779,415703
3,1270798,521356
3,1270818,765026
3,1270820,625518
3,1270824,572216
3,1270827,833213
3,1270884,342902
3,1270898,573120
3,1270903,477660
3,1270951,241404
3,1270974,515401
3,1270996,271003
3,1271005,828401
3,1271047,783334
3,1271059,281303
3,1271078,210430
3,1271079,131301
3,1271083,477116
3,1271085,313705
3,1271113,814133
3,1271142,743252
3,1271151,783101
3,1271199,604202
3,1271213,523357
3,1271244,442505
3,1271264,231210
3,1271295,205121
3,1271314,471313
3,1271319,832303
3,1271343,445301
3,1271345,209206
3,1271346,721212
3,1271361,496111
3,1271400,835208
3,1271408,147102
3,1271413,431127
3,1271449,453220
3,1271453,783331
3,1271493,822114
3,1271549,122505
3,1271563,470229
3,1271575,144207
3,1271582,284203
3,1271613,521101
3,1271613,521345
3,1271621,761026
3,1271630,532243
3,1271641,249136
3,1271644,247341
3,1271663,636105
3,1271692,627352
3,1271717,370201
3,1271722,396360
3,1271750,832108
3,1271771,314026
3,1271780,244235
3,1271813,177201
3,1271834,416502
3,1271847,487551
3,1271874,854318
3,1271892,803201
3,1271902,209871
3,1271923,143602
3,1271942,209625
3,1271947,243201
3,1271947,243503
3,1271954,742212
3,1271956,281122
3,1271965,735211
3,1271975,425503
3,1271982,686631
3,1271984,628902
3,12719976,591312
3,12720101,574214
3,1272020,624702
3,1272022,686121
3,1272025,425109
3,1272027,628801
3,1272059,431102
3,1272061,125102
3,1272074,626201
3,1272101,721429
3,1272145,263653
3,1272156,631702
3,1272177,442404
3,1272225,802119
3,1272229,843316
3,1272259,786602
3,1272302,231208
3,1272307,413220
3,1272320,731123
3,1272358,228131
3,1272396,491445
3,1272400,491661
3,1272411,425408
3,1272421,825407
3,1272423,421201
3,1272444,248140
3,1272453,246127
3,1272502,362520
3,1272517,148035
3,1272518,790101
3,1272532,736135
3,1272546,143531
3,1272552,797112
3,1272587,523357
3,1272596,445203
3,1272607,744202
3,1272610,841207
3,1272629,786171
3,1272634,761012
3,1272646,403504
3,1272670,148024
3,1272699,361210
3,1272701,363310
3,1272720,360410
3,1272744,364320
3,1272768,782123
3,1272771,144804
3,1272783,787057
3,1272790,784110
3,1272822,123106
3,1272856,670106
3,1272857,431809
3,1272860,143519
3,1272861,365640
3,1272864,262545
3,1272878,454449
3,1272962,385310
3,1272970,382460
3,1272983,244231
3,1272985,148105
3,1272996,470228
3,1272997,493773
3,1273006,454552
3,1273040,787055
3,1273043,845418
3,1273078,415804
3,1273083,304023
3,1273088,623514
3,1273123,562110
3,1273129,606902
3,1273132,625602
3,1273136,443204
3,1273145,604501
3,1273153,334801
3,1273166,785614
3,1273181,453115
3,1273265,247554
3,1273283,313202
3,1273304,412109
3,1273319,454331
3,1273347,742113
3,1273347,742134
3,1273347,742306
3,1273358,282005
3,1273367,403707
3,1273371,250221
3,1273374,413801
3,1273383,431002
3,1273390,824143
3,1273403,475661
3,1273409,243635
3,1273415,752084
3,1273416,201015
3,1273434,444803
3,1273440,445202
3,1273448,523247
3,1273463,796111
3,1273473,313211
3,1273512,415712
3,1273528,332702
3,1273574,581325
3,1273593,365220
3,1273618,396210
3,1273637,229203
3,1273648,176304
3,1273665,388225
3,1273712,173210
3,1273724,203207
3,1273727,396193
3,1273751,475110
3,1273756,477447
3,1273765,415706
3,1273770,396215
3,1273783,403709
3,1273788,403706
3,1273793,403703
3,1273817,403710
3,1273847,403708
3,1273858,403516
3,1273909,795128
3,1273923,231304
3,1273960,363520
3,1273978,486771
3,1273992,425107
3,1273993,231205
3,1274005,625214
3,1274043,713331
3,1274080,343041
3,1274098,833106
3,1274116,535128
3,1274151,625515
3,1274169,585301
3,1274169,585302
3,1274169,585307
3,1274172,403715
3,1274229,761010
3,1274250,444807
3,1274252,136034
3,1274262,460330
3,1274267,487770
3,1274270,403711
3,1274315,209721
3,1274346,202130
3,1274351,250617
3,1274359,331502
3,1274369,382321
3,1274381,325220
3,1274406,793108
3,1274414,627414
3,1274422,638051
3,1274429,606701
3,1274457,326518
3,1274460,313904
3,1274466,691583
3,1274532,303901
3,1274560,251311
3,1274600,494337
3,1274618,783371
3,1274633,798613
3,1274640,573116
3,1274642,577213
3,1274647,781101
3,1274672,829203
3,1274674,444704
3,1274699,721201
3,1274701,307030
3,1274714,246725
3,1274735,471525
3,1274743,832401
3,1274747,484660
3,1274755,473446
3,1274761,756133
3,1274770,232104
3,1274807,384220
3,1274822,758041
3,1274824,262523
3,1274837,495671
3,1274862,577522
3,1274874,365630
3,1274881,832301
3,1274886,248123
3,1274900,232103
3,1274914,410501
3,1274916,811303
3,1274954,786184
3,1274961,403731
3,1274974,403505
3,1274989,403515
3,1275016,581106
3,1275050,768017
3,1275053,135101
3,1275066,484110
3,1275068,450331
3,1275069,815353
3,1275097,835204
3,1275132,761118
3,1275147,151502
3,1275152,251309
3,1275191,441206
3,1275194,768216
3,1275230,388540
3,1275252,816120
3,1275302,341502
3,1275321,783380
3,1275334,790001
3,1275346,731204
3,1275363,785612
3,1275364,782480
3,1275384,484110
3,1275435,261201
3,1275441,331027
3,1275443,765019
3,1275466,181132
3,1275476,243720
3,1275481,262201
3,1275488,577116
3,1275572,212635
3,1275590,243633
3,1275593,262202
3,1275601,431710
3,1275609,362110
3,1275618,241301
3,1275641,783348
3,1275646,244411
3,1275647,342602
3,1275655,802212
3,1275656,801104
3,1275661,224204
3,1275689,768032
3,1275692,192124
3,1275694,471405
3,1275700,494444
3,1275732,206243
3,1275736,331501
3,1275740,562109
3,1275753,481885
3,1275762,465674
3,1275804,413504
3,1275818,759017
3,1275826,263132
3,1275836,412206
3,1275838,494446
3,1275845,455115
3,1275849,205262
3,1275865,431801
3,1275866,828303
3,1275901,421308
3,1275905,475220
3,1275920,343029
3,1275921,271831
3,1275959,305921
3,1275977,151504
3,1275996,483053
3,1276013,360450
3,1276026,148026
3,1276058,743123
3,1276062,768030
3,1276067,581320
3,1276092,321406
3,1276103,206242
3,1276152,458775
3,1276219,585328
3,1276242,493770
3,1276258,494450
3,1276265,460220
3,1276315,147202
3,1276320,712124
3,1276330,335501
3,1276346,424105
3,1276355,331403
3,1276370,370140
3,1276375,385320
3,1276378,673015
3,1276399,563116
3,1276400,453001
3,1276419,202145
3,1276455,484774
3,1276463,241304
3,1276472,403716
3,1276495,843316
3,1276533,590001
3,1276548,742133
3,1276615,312023
3,1276616,144621
3,1276625,313011
3,1276627,361009
3,1276642,262401
3,1276652,321401
3,1276660,127032
3,1276738,494223
3,1276754,341021
3,1276756,493554
3,1276783,585327
3,1276810,451551
3,1276819,822111
3,1276856,413401
3,1276857,281405
3,1276869,785602
3,1276870,768029
3,1276888,325221
3,1276895,148101
3,1276897,456771
3,1276916,480447
3,1276932,722202
3,1276948,328021
3,1276954,811302
3,1276982,482051
3,1276982,483225
3,1276983,480667
3,1277005,464668
3,1277008,483001
3,1277201,574211
3,1277238,277202
3,1277255,571101
3,1277263,854202
3,1277283,581202
3,1277294,175123
3,1277338,144505
3,1277344,770038
3,1277362,303313
3,1277450,470021
3,1277514,752070
3,1277527,344022
3,1277533,495559
3,1277590,306701
3,1277613,472111
3,1277636,444302
3,1277671,471318
3,1277675,731123
3,1277684,803212
3,1277695,206124
3,1277699,326022
3,1277737,854315
3,1277759,576214
3,1277770,486441
3,1277776,481111
3,1277780,712222
3,1277793,212663
3,1277841,283104
3,1277844,741502
3,1277874,455227
3,1277875,496224
3,1277882,250609
3,1277897,734014
3,1277907,263642
3,1277918,493449
3,1277924,365440
3,1277930,333023
3,1277939,845101
3,1277949,516227
3,1277950,743401
3,1277955,122101
3,1277970,454660
3,1277992,142037
3,1278006,473885
3,1278006,473995
3,1278017,587201
3,1278036,244225
3,1278064,210121
3,1278077,143202
3,1278100,624613
3,1278117,581316
3,1278130,600054
3,1278139,413520
3,1278142,209870
3,1278178,534134
3,1278182,637501
3,1278187,325218
3,1278190,202280
3,1278204,614701
3,1278228,210201
3,1278278,311301
3,1278294,466116
3,1278308,813201
3,1278317,401103
3,1278317,421601
3,1278334,804401
3,1278343,628202
3,1278344,621103
3,1278389,173208
3,1278393,573102
3,1278409,622201
3,1278446,854311
3,1278448,614616
3,1278455,413201
3,1278458,493441
3,1278464,403524
3,1278498,243301
3,1278507,203390
3,1278508,484224
3,1278515,230501
3,1278530,494665
3,1278532,325202
3,1278539,641653
3,1278540,582201
3,1278541,622101
3,1278546,608002
3,1278551,581314
3,1278553,393001
3,1278566,403509
3,1278573,370110
3,1278574,415634
3,1278580,444705
3,1278588,451556
3,1278622,638501
3,1278692,642104
3,1278703,711401
3,1278707,394107
3,1278742,392110
3,1278751,638311
3,1278753,614617
3,1278758,147203
3,1278768,396230
3,1278774,721121
3,1278775,460551
3,1278787,781031
3,1278796,785680
3,1278802,441902
3,1278805,262723
3,1278862,431517
3,1278868,476111
3,1278871,431204
3,1278889,480221
3,1278899,485775
3,1278905,484886
3,1278969,791001
3,1278973,581103
3,1278983,625531
3,1278987,442703
3,1279045,403508
3,1279059,622301
3,1279062,625501
3,1279063,641101
3,1279094,444101
3,1279110,465223
3,1279113,413101
3,1279115,326033
3,1279123,534235
3,1279135,209101
3,1279135,209206
3,1279144,495552
3,1279154,416505
3,1279158,143102
3,1279181,488220
3,1279219,231301
3,1279225,731201
3,1279307,246722
3,1279318,612101
3,1279334,723121
3,1279373,382421
3,1279396,307501
3,1279405,623601
3,1279407,783384
3,1279409,493661
3,13100428,394110
3,13100430,394110
3,13100431,394130
3,13156740,744205
3,13156743,531162
3,13156748,535003
3,13156750,522302
3,13156759,516360
3,13156764,533107
3,13156768,516193
3,13156828,781371
3,13156830,782481
3,13156834,781304
3,13156852,781122
3,13156865,784154
3,13156877,781304
3,13156885,783101
3,13156906,782410
3,13156923,802116
3,13156926,843113
3,13156934,160003
3,13156935,160102
3,13156938,497331
3,13156938,497449
3,13156957,496005
3,13156970,396210
3,13156971,396230
3,13156972,396210
3,13157019,403601
3,13157022,403114
3,13157025,403006
3,13157035,382355
3,13157040,396020
3,13157043,382732
3,13157044,396427
3,13157045,364002
3,13157046,390009
3,13157049,362263
3,13157050,393120
3,13157050,394115
3,13157052,394120
3,13157054,396191
3,13157062,360550
3,13157065,361140
3,13157066,383001
3,13157069,382428
3,13157078,396193
3,13157081,396105
3,13157082,394140
3,13157085,382435
3,13157086,391310
3,13157087,382355
3,13157088,396450
3,13157095,364060
3,13157096,382760
3,13157101,396191
3,13157104,382016
3,13157108,370040
3,13157112,383001
3,13157113,382725
3,13157115,388110
3,13157116,388320
3,13157118,396150
3,13157123,393010
3,13157124,360579
3,13157125,391330
3,13157126,385110
3,13157129,396165
3,13157130,396191
3,13157136,394230
3,13157137,394350
3,13157139,380058
3,13157140,360578
3,1333553,494669
3,13353359,182101
3,13353360,185153
3,13353363,191113
3,13353369,192124
3,13353378,828131
3,13353390,828115
3,13353398,828403
3,13353410,825336
3,13353412,828401
3,13353415,828109
3,13353431,828403
3,13353435,831004
3,13353436,831002
3,13353438,831002
3,13353441,831012
3,13353442,577142
3,13353444,581314
3,13353446,574151
3,13353447,574231
3,13353454,591308
3,13353458,570008
3,13353459,574199
3,13353463,680620
3,13353469,680563
3,13353470,680561
3,13353472,680563
3,13353481,680641
3,13353483,680683
3,13353485,680562
3,13353487,670601
3,13353490,673524
3,13353491,680712
3,13353496,690532
3,13353498,680589
3,13353500,670592
3,13353504,680125
3,13353507,670594
3,13353508,680617
3,13353511,670643
3,13353512,670142
3,13353513,670621
3,13353514,670334
3,13353515,695524
3,13353520,678501
3,13353521,690506
3,13353522,680686
3,13353526,673631
3,13353528,676312
3,13353532,676304
3,13353533,695017
3,13353538,688525
3,13353543,688521
3,13353545,673315
3,13353557,680681
3,13353559,676303
3,13353561,676503
3,13353562,673633
3,13353565,676528
3,13353567,670675
3,13353570,695042
3,13353577,673019
3,13353580,688006
3,13353583,695020
3,13353585,673655
3,13353598,458470
3,13353608,461115
3,13353611,477332
3,13353614,484336
3,13353618,484114
3,13353623,416229
3,13353631,421302
3,13353633,421302
3,13353641,422010
3,13353644,425419
3,13353657,415105
3,13353663,431105
3,13353664,415639
3,13353667,422502
3,13353668,415604
3,13353668,415712
3,13353674,421302
3,13353675,421302
3,13353676,431002
3,13353679,416109
3,13353681,416013
3,13353683,415004
3,13353684,416203
3,13353688,416138
3,1344377,721604
3,1348581,712701
3,1348671,712410
3,1348734,711405
3,1348737,711411
3,1348747,711403
3,1348785,711322
3,1348788,711310
3,1348789,711310
3,1348791,711314
3,1348820,700138
3,1349041,721650
3,13494535,795133
3,13494538,795011
3,13494538,795126
3,13494539,795009
3,13494546,755023
3,13494548,761114
3,13494554,759025
3,13494555,761001
3,13494558,761125
3,13494561,752103
3,13494565,766026
3,13494568,759146
3,13494573,761125
3,13494574,752103
3,13494578,754004
3,13494578,754032
3,13494578,754035
3,13494584,761001
3,13494585,766104
3,13494588,144004
3,13494589,144024
3,13494592,144805
3,13494595,151501
3,13494600,323614
3,13494602,323022
3,13494606,305624
3,13494609,335027
3,13494612,341511
3,13494613,342015
3,13494617,626005
3,13494622,626003
3,13494623,611106
3,13494624,637504
3,13494625,626203
3,13494626,637501
3,13494628,626004
3,13494630,614612
3,13494632,600069
3,13494640,627357
3,13494644,626103
3,13494645,632002
3,13494646,629165
3,13494648,638451
3,13494649,629153
3,13494657,629801
3,13494660,629153
3,13494662,632006
3,13494667,632058
3,13494668,626203
3,13494669,639006
3,13494675,631702
3,13494677,626189
3,13494678,624211
3,13494685,626189
3,13494687,632006
3,13494690,629193
3,13494692,624003
3,13494697,626124
3,13494701,629172
3,13494703,628002
3,13494708,629173
3,13494710,629168
3,13494713,626189
3,13494722,631204
3,13494743,799004
3,13494745,799012
3,13494746,799211
3,13494747,799003
3,13494749,799003
3,13546225,757029
3,13546225,757092
3,13546237,796891
3,13645541,261401
3,13645564,261001
3,13645582,456550
3,13645583,415407
3,13645584,360311
3,13645585,473660
3,13645587,415511
3,13645738,711226
3,1442251,132140
3,1443367,110072
3,1443376,110043
3,1443377,110043
3,1445156,501203
3,1445310,500005
3,1445624,502314
3,1465623,600125
3,1465873,603203
3,1465879,600069
3,1465910,600126
3,1465910,603202
3,1466027,600062
3,1466056,631208
3,6619512,670692
3,6620455,605101
3,6698412,303326
3,6941535,176302
3,6990539,470113
3,7279597,758035
3,7279599,400708
3,7279734,151204
3,7279741,396191
3,7279742,173205
3,7279750,173220
3,7279752,462046
3,7284334,403516
3,7284803,735204
3,7284803,736121
3,7284820,736182
3,7290222,623523
3,7302812,504346
3,7302827,507203
3,7302830,516002
3,7302833,530026
3,7302838,515761
3,7302844,522124
3,7302849,781315
3,7302851,507303
3,7302853,520007
3,7302854,782105
3,7302855,791110
3,7302857,787059
3,7303235,688527
3,7303983,382705
3,7576656,686015
3,7645176,142047
3,7645180,144417
3,7645181,148106
3,7660032,670007
3,7701509,794111
3,7701510,793014
3,7910929,147105
3,8018163,783360
3,8030166,403515
3,8181689,683512
3,8199408,623522
3,8199699,630502
3,8199724,641109
3,8199724,642123
3,8223942,638006
3,8223943,637209
3,8223944,637505
3,8223964,639102
3,8223965,637504
3,8223969,608502
3,8223971,608301
3,8223977,624210
3,8224612,333307
3,8224613,306902
3,8224697,629151
3,8402790,144629
3,8410466,144701
3,8430980,793112
3,8431490,791118
3,8432239,795134
3,8432244,795103
3,8432290,791122
3,8432864,486335
3,8439091,804404
3,8439091,804421
3,8439091,824210
3,8439091,824236
3,8439149,841438
3,8440759,303007
3,8441929,676320
3,8442535,639114
3,8442574,630104
3,8442575,630108
3,8442929,444506
3,8457516,456443
3,8468820,421204
3,8475945,455440
3,8541964,383205
3,8581647,494556
3,8618019,683585
3,8629543,131101
3,8740192,783369
3,8740373,793003
3,8740787,464224
3,8740814,464665
3,8740819,845411
3,8741053,770017
3,8741091,464114
3,8858031,495224
3,8985916,493111
3,8986098,733215
3,9036524,811101
3,9063948,758034
3,9072777,394327
3,9171965,485226
3,9408052,793005
3,9645432,175125
3,9782260,791002
3,9782490,795134
3,9909450,124010
3,9914991,124505
3,9915464,122051
3,9972727,600095
3,9977596,125120
3,9985580,193222
