parent_code,code,name,aliases
2058645,8347838,Abbey,
2058645,2077963,Albany,
2058645,12069990,Albany city centre,
2058645,8348266,Alexander Heights,
2058645,9973429,Alfred Cove,
2058645,9973430,Alkimos,
2058645,2077878,Allanson,
2058645,2077641,Applecross,
2058645,8348086,Ardross,
2058645,8348384,Argyle,
2058645,2077579,Armadale,
2058645,7303243,Ascot,
2058645,8347888,Ashby,
2058645,8348310,Ashfield,
2058645,2078908,Attadale,
2058645,8348275,Atwell,
2058645,8348783,Aubin Grove,
2058645,2077476,Augusta,
2058645,2077454,Australind,
2058645,8348276,Aveley,
2058645,2077358,Bakers Hill,
2058645,8299269,Balcatta,
2058645,8349017,Baldivis,
2058645,8348286,Balga,
2058645,2077293,Balingup,
2058645,8348081,Ballajura,
2058645,8349020,Banjup,
2058645,8348061,Banksia Grove,
2058645,10097516,Barragup,
2058645,2077030,Bassendean,
2058645,8348090,Bateman,
2058645,8348179,Baynton,
2058645,8349022,Bayonet Head,
2058645,8349270,Bayswater,
2058645,8348662,Beachlands,
2058645,7290304,Beaconsfield,
2058645,8349023,Beckenham,
2058645,9985076,Bedford,
2058645,2076923,Bedfordale,
2058645,8348485,Beechboro,
2058645,8347945,Beeliar,
2058645,8349360,Beldon,
2058645,2076817,Bellevue,
2058645,8299578,Belmont,
2058645,11704298,Bennett Springs,
2058645,2076752,Bentley,
2058645,8348317,Beresford,
2058645,8349019,Bertram,
2058645,2076699,Beverley,
2058645,8349024,Bibra Lake,
2058645,2076674,Bickley,
2058645,2078907,Bicton,
2058645,8348483,Bilingurr,
2058645,8645732,Bindoon,
2058645,2078317,Binningup,
2058645,8348062,Bluff Point,
2058645,2076246,Boddington,
2058645,8348406,Booragoon,
2058645,2075988,Boulder,
2058645,8347854,Bouvard,
2058645,2075916,Boya,
2058645,2075909,Boyanup,
2058645,2075895,Boyup Brook,
2058645,9997107,Brabham,
2058645,8348011,Brentwood,
2058645,2075807,Bridgetown,
2058645,8348102,Brigadoon,
2058645,8348820,Broadwater,
2058645,8349025,Broadwood,
2058645,8348701,Brockman,
2058645,8348533,Brookdale,
2058645,2075721,Brookton,
2058645,2075720,Broome,
2058645,2075657,Bruce Rock,
2058645,8349271,Brunswick,
2058645,8348135,Bulgarra,
2058645,8349218,Bull Creek,
2058645,2075462,Bullsbrook,
2058645,2075432,Bunbury,
2058645,2075350,Burekup,
2058645,8348751,Burns Beach,
2058645,6692202,Burswood,
2058645,2075265,Busselton,
2058645,12069991,Busselton city centre,
2058645,8348326,Butler,
2058645,2075230,Byford,
2058645,8349027,Cable Beach,
2058645,8348063,Calista,
2058645,11776258,Camballin,
2058645,8349032,Camillo,
2058645,7302631,Canning Vale,
2058645,2075024,Cannington,
2058645,2075008,Capel,
2058645,2074927,Cardup,
2058645,8349036,Carey Park,
2058645,8349039,Carine,
2058645,8348268,Carlisle,
2058645,2074876,Carmel,
2058645,2074865,Carnarvon,
2058645,8348173,Carramar,
2058645,8348599,Castletown,
2058645,8349443,Casuarina,
2058645,2074700,Caversham,
2058645,8349407,Centennial Park,
2058645,2079019,Cervantes,
2058645,8348519,Champion Lakes,
2058645,2072728,Chidlow,
2058645,2074408,Chittering,
2058645,8349042,Churchlands,
2058645,10035407,City Beach,
2058645,8394228,City of Cockburn,
2058645,2078904,Claremont,
2058645,8349030,Cloverdale,
2058645,8349040,Cockburn Central,
2058645,8348099,College Grove,
2058645,2074113,Collie,
2058645,8349043,Collingwood Heights,
2058645,6695266,Como,
2058645,8348602,Connolly,
2058645,8348269,Coodanup,
2058645,2073969,Coogee,
2058645,2073955,Cookernup,
2058645,8349045,Coolbellup,
2058645,10038843,Coolbinia,
2058645,2073890,Coolgardie,
2058645,8349046,Cooloongup,
2058645,2073806,Coondle,
2058645,7115182,Coral Bay,
2058645,2073633,Corrigin,
2058645,2073603,Cottesloe,
2058645,2073571,Cowaramup,
2058645,8348877,Craigie,
2058645,10041014,Crawley,
2058645,2073354,Cunderdin,
2058645,6697152,Currambine,
2058645,10043037,Daglish,
2058645,2078912,Dalkeith,
2058645,2073216,Dalwallinu,
2058645,8349049,Dalyellup,
2058645,2073200,Dampier,
2058645,8348272,Dampier Peninsula,
2058645,8348333,Darch,
2058645,2073162,Dardanup,
2058645,11745832,Dardanup West,
2058645,8348402,Darling Downs,
2058645,2073140,Darlington,
2058645,7290513,Dawesville,
2058645,10048440,Dayton,
2058645,8349050,Deepdale,
2058645,2061676,Denham,
2058645,2072945,Denmark,
2058645,2072924,Derby,
2058645,8349051,Dianella,
2058645,8349053,Djugun,
2058645,2072691,Dongara,
2058645,2072677,Donnybrook,
2058645,8348415,Doubleview,
2058645,2079175,Drummond Cove,
2058645,8349444,Dudley Park,
2058645,8349052,Duncraig,
2058645,2072430,Dunsborough,
2058645,2072393,Dwellingup,
2058645,10062881,East Bunbury,
2058645,10049213,East Cannington,
2058645,11072578,East Carnarvon,
2058645,2078894,East Fremantle,
2058645,8335007,East Perth,
2058645,8348675,East Victoria Park,
2058645,2078313,Eaton,
2058645,10054918,Eden Hill,
2058645,8349054,Edgewater,
2058645,10054920,Eglinton,
2058645,10629648,Eighty Mile Beach,
2058645,8348596,Ellenbrook,
2058645,10054921,Embleton,
2058645,7302629,Erskine,
2058645,2071860,Esperance,
2058645,2079492,Exmouth,
2058645,8349056,Falcon,
2058645,10054922,Ferndale,
2058645,2071536,Fitzroy Crossing,
2058645,8349363,Floreat,
2058645,8349057,Forrestdale,
2058645,8349055,Forrestfield,
2058645,2071223,Fremantle,
2058645,8219762,Furnissdale,
2058645,8348068,Gabbadah,
2058645,10300642,Garden Island,
2058645,8310707,Gelorup,
2058645,8348357,Geographe,
2058645,2070998,Geraldton,
2058645,11523842,Geraldton city centre,
2058645,8349059,Gidgegannup,
2058645,2070866,Gingin,
2058645,8349041,Girrawheen,
2058645,8348033,Gledhow,
2058645,8348607,Glen Forrest,
2058645,2079707,Glen Iris,
2058645,8348444,Glendalough,
2058645,8348576,Glenfield,
2058645,8347857,Gnangara,
2058645,8349061,Gnarabup,
2058645,2070753,Gnowangerup,
2058645,8348071,Golden Bay,
2058645,2070664,Goomalling,
2058645,2070633,Gooseberry Hill,
2058645,2070571,Gosnells,
2058645,2070478,Grasmere,
2058645,8348609,Greenfields,
2058645,2070423,Greenmount,
2058645,8348296,Greenwood,
2058645,2070332,Guildford,
2058645,8348072,Gwelup,
2058645,2070176,Halls Creek,
2058645,8349062,Halls Head,
2058645,2070165,Hamersley,
2058645,8348610,Hamilton Hill,
2058645,8349060,Hammond Park,
2058645,8349063,Hannans,
2058645,10054939,Harrisdale,
2058645,2070009,Harvey,
2058645,10054940,Haynes,
2058645,8349064,Hazelmere,
2058645,8348287,Helena Valley,
2058645,10055015,Henley Brook,
2058645,2069846,Herne Hill,
2058645,8349067,High Wycombe,
2058645,8349374,Highgate,
2058645,10055083,Hilbert,
2058645,6621336,Hillarys,
2058645,8349065,Hillman,
2058645,10055097,Hilton,
2058645,8347709,Hocking,
2058645,2069647,Hopetoun,
2058645,2069566,Hovea,
2058645,8349269,Huntingdale,
2058645,8349408,Inglewood,
2058645,8348392,Innaloo,
2058645,8348630,Jandakot,
2058645,8349372,Jane Brook,
2058645,2069163,Jarrahdale,
2058645,10055302,Jindalee,
2058645,8348076,Jolimont,
2058645,6695255,Joondalup,
2058645,10055383,Joondanna,
2058645,2079020,Jurien Bay,
2058645,11695435,Kalamunda,
2058645,2068835,Kalbarri,
2058645,2068827,Kalgan,
2058645,2068823,Kalgoorlie,
2058645,10055413,Kallaroo,
2058645,11704399,Kambalda East,
2058645,8539246,Kambalda West,
2058645,8348904,Karawara,
2058645,8349071,Kardinya,
2058645,8348292,Karloo,
2058645,2068693,Karnup,
2058645,6620339,Karratha,
2058645,11704330,Karratha Industrial Estate,
2058645,8349072,Karrinyup,
2058645,2068661,Katanning,
2058645,2068612,Kellerberrin,
2058645,2068594,Kelmscott,
2058645,2068589,Kendenup,
2058645,2068569,Kenwick,
2058645,8349075,Kewdale,
2058645,2068530,Keysbrook,
2058645,8349076,Kiara,
2058645,8348603,King Leopold Ranges,
2058645,8348631,Kingsford,
2058645,8349069,Kingsley,
2058645,6697151,Kinross,
2058645,2068340,Kojonup,
2058645,8348389,Koondoola,
2058645,8348825,Koongamia,
2058645,2068110,Kununurra,
2058645,2068079,Kwinana,
2058645,11748695,Lagrange,
2058645,11747927,Lake Argyle,
2058645,10103491,Lake Clifton,
2058645,2068013,Lake Grace,
2058645,10103490,Lakelands,
2058645,8348267,Lamington,
2058645,2078703,Lancelin,
2058645,8349177,Landsdale,
2058645,8348634,Langford,
2058645,8348636,Lathlain,
2058645,2067890,Laverton,
2058645,8348637,Leda,
2058645,8335008,Leederville,
2058645,8348304,Leeming,
2058645,8310729,Leinster,
2058645,2067792,Leonora,
2058645,8310732,Leschenault,
2058645,8349078,Lesmurdie,
2058645,8310733,Little Grove,
2058645,8348604,Lockridge,
2058645,8349233,Lockyer,
2058645,2067412,Lower Chittering,
2058645,2079796,Lower King,
2058645,8348666,Lynwood,
2058645,2067260,Maddington,
2058645,8348405,Madeley,
2058645,8349074,Madora Bay,
2058645,2067230,Mahogany Creek,
2058645,8348686,Mahomets Flats,
2058645,2062428,Maida Vale,
2058645,2067119,Mandurah,
2058645,11523848,Mandurah city centre,
2058645,2067086,Manjimup,
2058645,2067074,Manning,
2058645,11073472,Marangaroo,
2058645,2067029,Marble Bar,
2058645,2066981,Margaret River,
2058645,8348588,Mariginiup,
2058645,8349419,Marmion,
2058645,8349080,Martin,
2058645,11746030,Marybrook,
2058645,2066756,Maylands,
2058645,8349355,McKail,
2058645,8348465,Meadow Springs,
2058645,2066608,Medina,
2058645,2066591,Meekatharra,
2058645,8349390,Melville,
2058645,8347880,Menora,
2058645,2066472,Merredin,
2058645,8348105,Merriwa,
2058645,2066358,Middle Swan,
2058645,8348403,Middleton Beach,
2058645,2066338,Midland,
2058645,10056965,Midvale,
2058645,8349081,Millars Well,
2058645,8349417,Millbridge,
2058645,2066283,Millendon,
2058645,8348257,Milpara,
2058645,8348144,Mira Mar,
2058645,8349445,Mirrabooka,
2058645,2065836,Moora,
2058645,11704412,Morangup,
2058645,2065779,Morawa,
2058645,8349276,Moresby,
2058645,8348639,Morgantown,
2058645,8349083,Morley,
2058645,2065710,Mosman Park,
2058645,2065666,Mount Barker,
2058645,11704287,Mount Claremont,
2058645,8349085,Mount Clarence,
2058645,8349084,Mount Hawthorn,
2058645,2065602,Mount Helena,
2058645,6941710,Mount Lawley,
2058645,2065578,Mount Magnet,
2058645,8349087,Mount Nasura,
2058645,10056968,Mount Pleasant,
2058645,8348649,Mount Richon,
2058645,8348648,Mount Tarcoola,
2058645,2065505,Muchea,
2058645,2065390,Mullewa,
2058645,2065337,Mundaring,
2058645,2065329,Mundijong,
2058645,8349393,Munster,
2058645,8349091,Murdoch,
2058645,10056969,Myaree,
2058645,2065001,Nannup,
2058645,2064915,Narrogin,
2058645,2064874,Nedlands,
2058645,2064768,Newman,
2058645,8692947,Nickol,
2058645,8348619,Nollamara,
2058645,8348087,Noranda,
2058645,2064553,Norseman,
2058645,2064546,North Beach,
2058645,11704294,North Coogee,
2058645,2064526,North Dandalup,
2058645,2064510,North Fremantle,
2058645,8348319,North Lake,
2058645,8288536,North Perth,
2058645,10177173,North West Cape,
2058645,10103625,North Yunderup,
2058645,2064550,Northam,
2058645,2064549,Northampton,
2058645,8288551,Northbridge,
2058645,2064403,Nullagine,
2058645,10110319,Nulsen,
2058645,10056972,Oakford,
2058645,11704371,Ocean Beach,
2058645,8349092,Ocean Reef,
2058645,2064155,Onslow,
2058645,8349421,Orana,
2058645,10056973,Orange Grove,
2058645,8348065,Orelia,
2058645,6621354,Osborne Park,
2058645,8348655,Padbury,
2058645,8348699,Palmyra,
2058645,8310763,Pannawonica,
2058645,8310764,Paraburdoo,
2058645,2063817,Parkerville,
2058645,8348261,Parklands,
2058645,10056974,Parkwood,
2058645,10056976,Parmelia,
2058645,2063705,Pearce,
2058645,8348661,Pearsall,
2058645,8349095,Pegs Creek,
2058645,8348278,Pelican Point,
2058645,2063604,Pemberton,
2058645,2078903,Peppermint Grove,
2058645,2063523,Perth,
2058645,11523824,Perth city centre,
2058645,8348093,Piara Waters,
2058645,8348282,Piccadilly,
2058645,2063432,Pickering Brook,
2058645,2063304,Pingelly,
2058645,2063293,Pinjarra,
2058645,10110341,Pink Lake,
2058645,2072950,Port Denison,
2058645,2063042,Port Hedland,
2058645,8349098,Port Kennedy,
2058645,2062829,Quairading,
2058645,8348375,Queens Park,
2058645,2062766,Quindalup,
2058645,2078766,Quinns Rocks,
2058645,8349099,Rangeway,
2058645,2062660,Ravensthorpe,
2058645,8625729,Ravenswood,
2058645,8349251,Redcliffe,
2058645,8348294,Ridgewood,
2058645,8349278,Riverton,
2058645,10056984,Rivervale,
2058645,10062812,Robinson,
2058645,2062338,Rockingham,
2058645,11523850,Rockingham city centre,
2058645,2062276,Roebourne,
2058645,10860857,Roebuck,
2058645,2062270,Roelands,
2058645,2062259,Roleystone,
2058645,8348410,Rossmoyne,
2058645,8310772,Rottnest Island,
2058645,2062057,Safety Bay,
2058645,8349101,Salter Point,
2058645,8349096,Samson,
2058645,8349423,San Remo,
2058645,2061845,Sawyers Valley,
2058645,2061840,Scarborough,
2058645,8349100,Secret Harbour,
2058645,2061735,Serpentine,
2058645,8348424,Seville Grove,
2058645,8349281,Shadforth,
2058645,8349279,Shelley,
2058645,2078909,Shenton Park,
2058645,7932538,Shoalwater,
2058645,8348742,Silver Sands,
2058645,8348625,Sinagra,
2058645,11704376,Sinclair,
2058645,8348281,Singleton,
2058645,8349422,Somerville,
2058645,8261095,Sorrento,
2058645,11704253,South Bunbury,
2058645,11704384,South Carnarvon,
2058645,10057007,South Fremantle,
2058645,10057009,South Guildford,
2058645,8348328,South Hedland,
2058645,11704272,South Kalgoorlie,
2058645,10057011,South Lake,
2058645,2061261,South Perth,
2058645,10103756,South Yunderup,
2058645,2061298,Southern Cross,
2058645,8349426,Southern River,
2058645,8347702,Spalding,
2058645,2061224,Spearwood,
2058645,8348744,Spencer Park,
2058645,8349102,St George Ranges,
2058645,8349362,St James,
2058645,7281785,Stirling,
2058645,2060993,Stoneville,
2058645,8347704,Strathalbyn,
2058645,8310758,Stratham,
2058645,8348708,Stratton,
2058645,2060886,Subiaco,
2058645,8349103,Success,
2058645,8349104,Sunset Beach,
2058645,2060771,Swan View,
2058645,2060785,Swanbourne,
2058645,8347750,Tapping,
2058645,8348128,Tarcoola Beach,
2058645,8348331,Telfer,
2058645,8349293,The Vines,
2058645,8349108,Thornlie,
2058645,6354929,Tom Price,
2058645,2060087,Toodyay,
2058645,2059895,Trigg,
2058645,8349105,Tuart Hill,
2058645,2078732,Two Rocks,
2058645,2059581,Upper Swan,
2058645,8348219,Usher,
2058645,2059539,Utakarra,
2058645,2059507,Vasse,
2058645,8478275,Victoria Park,
2058645,8348324,Victory Heights,
2058645,8348746,Viveash,
2058645,2059372,Waggrakine,
2058645,2059371,Wagin,
2058645,8349111,Waikiki,
2058645,2059245,Walliston,
2058645,8348964,Wandi,
2058645,8348915,Wandina,
2058645,8349112,Wannanup,
2058645,2059124,Wanneroo,
2058645,2059100,Warburton,
2058645,2079183,Warnbro,
2058645,2059047,Waroona,
2058645,8348748,Warrenup,
2058645,8349405,Warwick,
2058645,8349280,Waterford,
2058645,10057016,Watermans Bay,
2058645,8349283,Wattle Grove,
2058645,2058708,Wellard,
2058645,2058682,Wembley,
2058645,10057017,Wembley Downs,
2058645,10110355,West Beach,
2058645,11695440,West Busselton,
2058645,10112557,West End,
2058645,11704375,West Lamington,
2058645,10057018,West Leederville,
2058645,8288537,West Perth,
2058645,8349113,West Swan,
2058645,2058594,West Toodyay,
2058645,8349002,Westminster,
2058645,8347731,White Gum Valley,
2058645,8310788,Wickham,
2058645,8348679,Willagee,
2058645,8348101,Willetton,
2058645,2058312,Williams,
2058645,8348313,Willyung,
2058645,8348314,Wilson,
2058645,8349115,Winthrop,
2058645,8348632,Withers,
2058645,2058005,Wongan Hills,
2058645,8347733,Wonthella,
2058645,10057020,Woodbridge,
2058645,8349406,Woodridge,
2058645,8347891,Woodvale,
2058645,2057800,Wooroloo,
2058645,8347735,Woorree,
2058645,2057751,Wundowie,
2058645,2057705,Wyndham,
2058645,8347737,Yakamia,
2058645,2057633,Yalgoo,
2058645,2057614,Yallingup,
2058645,8347739,Yalyalup,
2058645,2057575,Yanchep,
2058645,8349117,Yangebup,
2058645,8349118,Yokine,
2058645,2057277,York,
2058645,2057237,Youngs,
2061327,9973147,Aberfoyle Park,
2061327,2078025,Adelaide,
2061327,11523825,Adelaide city centre,
2061327,7302628,Adelaide Hills,
2061327,9973088,Albert Park,
2061327,9973197,Alberton,
2061327,2077937,Aldgate,
2061327,2077935,Aldinga,
2061327,8539243,Aldinga Beach,
2061327,9973089,Allenby Gardens,
2061327,8348194,Andrews Farm,
2061327,2077729,Angaston,
2061327,9973198,Angle Park,
2061327,2077719,Angle Vale,
2061327,2077599,Ardrossan,
2061327,2077566,Arno Bay,
2061327,8348186,Ascot Park,
2061327,8348229,Ashford,
2061327,6943474,Athelstone,
2061327,8348230,Athol Park,
2061327,2077478,Auburn,
2061327,8349337,Auldana,
2061327,2077347,Balaklava,
2061327,2077296,Balhannah,
2061327,8347849,Banksia Park,
2061327,2176829,Barmera,
2061327,2176552,Beachport,
2061327,2076944,Beaumont,
2061327,2076918,Bedford Park,
2061327,2076842,Belair,
2061327,8348198,Bellevue Heights,
2061327,2176071,Berri,
2061327,8348577,Beulah Park,
2061327,8349404,Beverley,
2061327,2076528,Birdwood,
2061327,2076526,Birkenhead,
2061327,8348223,Black Forest,
2061327,2076378,Blackwood,
2061327,6943455,Blair Athol,
2061327,8348445,Blakeview,
2061327,2174615,Bordertown,
2061327,8348231,Bowden,
2061327,8348232,Brahma Lodge,
2061327,2075806,Bridgewater,
2061327,2075795,Brighton,
2061327,8348200,Broadview,
2061327,9972791,Brompton,
2061327,9973324,Brooklyn Park,
2061327,2075308,Burra,
2061327,8349396,Burton,
2061327,2075200,Cadell,
2061327,2075133,Callington,
2061327,9973325,Camden Park,
2061327,2075056,Campbelltown,
2061327,2074685,Ceduna,
2061327,8348980,Chandlers Hill,
2061327,2074579,Charleston,
2061327,2074526,Cheltenham,
2061327,2074512,Cherry Gardens,
2061327,8348408,Christie Downs,
2061327,9258643,Christies Beach,
2061327,2078505,Clapham,
2061327,2074329,Clare,
2061327,9973135,Clarence Gardens,
2061327,9973275,Clarence Park,
2061327,2074325,Clarendon,
2061327,8348204,Clearview,
2061327,2074280,Cleve,
2061327,9973120,Clovelly Park,
2061327,2074188,Cockatoo Valley,
2061327,7602208,Coffin Bay,
2061327,8348440,College Park,
2061327,8348027,Collinswood,
2061327,8348042,Colonel Light Gardens,
2061327,2170869,Compton,
2061327,2073985,Coober Pedy,
2061327,2073643,Coromandel Valley,
2061327,8347948,Cowandilla,
2061327,2073548,Cowell,
2061327,2073528,Crafers,
2061327,9973136,Crafers West,
2061327,2073523,Craigburn Farm,
2061327,8347802,Craigmore,
2061327,8348019,Croydon Park,
2061327,2073422,Crystal Brook,
2061327,8347835,Cumberland Park,
2061327,2073361,Cummins,
2061327,2073139,Darlington,
2061327,8348052,Davoren Park,
2061327,8347764,Daw Park,
2061327,8348643,Dernancourt,
2061327,9973090,Devon Park,
2061327,9973256,Direk,
2061327,8348233,Dover Gardens,
2061327,9973202,Dudley Park,
2061327,8348096,Dulwich,
2061327,8349392,Eastwood,
2061327,2072273,Echunga,
2061327,8348578,Eden Hills,
2061327,8348193,Edwardstown,
2061327,2072096,Elizabeth,
2061327,9973178,Elizabeth Downs,
2061327,9973179,Elizabeth East,
2061327,9973180,Elizabeth Grove,
2061327,9973181,Elizabeth North,
2061327,9973182,Elizabeth Park,
2061327,9973183,Elizabeth South,
2061327,9973185,Elizabeth Vale,
2061327,2071961,Encounter Bay,
2061327,6621335,Enfield,
2061327,9973041,Erindale,
2061327,9973204,Ethelton,
2061327,2071821,Eudunda,
2061327,8347897,Evandale,
2061327,8347873,Evanston,
2061327,9973104,Evanston Gardens,
2061327,9973105,Evanston Park,
2061327,9973316,Everard Park,
2061327,8348151,Exeter,
2061327,8348016,Fairview Park,
2061327,8349162,Felixstow,
2061327,9973208,Ferryden Park,
2061327,2071601,Findon,
2061327,8348760,Firle,
2061327,8347967,Fitzroy,
2061327,8348986,Flagstaff Hill,
2061327,8348987,Flinders Park,
2061327,9973317,Forestville,
2061327,2071233,Freeling,
2061327,9973042,Frewville,
2061327,8349266,Fulham,
2061327,8348985,Fulham Gardens,
2061327,7289886,Fullarton,
2061327,2071059,Gawler,
2061327,12420881,Gawler Belt,
2061327,12069992,Gawler city centre,
2061327,9973107,Gawler East,
2061327,9973108,Gawler South,
2061327,9973109,Gawler West,
2061327,2071001,Gepps Cross,
2061327,8348381,Gilberton,
2061327,2070884,Gilles Plains,
2061327,2070857,Gladstone,
2061327,8348581,Glandore,
2061327,9973212,Glanville,
2061327,8348217,Glen Osmond,
2061327,8347721,Glenalta,
2061327,2165385,Glencoe,
2061327,2070830,Glenelg,
2061327,9973114,Glenelg East,
2061327,9973115,Glenelg North,
2061327,11704301,Glenelg South,
2061327,8348755,Glengowrie,
2061327,8348054,Glenside,
2061327,9973043,Glenunga,
2061327,8347830,Glossop,
2061327,8348407,Glynde,
2061327,2070711,Golden Grove,
2061327,8348963,Goodwood,
2061327,2070667,Goolwa,
2061327,7116073,Goolwa Beach,
2061327,10242891,Goolwa North,
2061327,7116074,Goolwa South,
2061327,2070515,Grange,
2061327,8348038,Greenacres,
2061327,2070422,Greenock,
2061327,8348988,Greenwith,
2061327,8348989,Gulfview Heights,
2061327,2070292,Gumeracha,
2061327,2070216,Hackham,
2061327,9973160,Hackham West,
2061327,8349038,Hackney,
2061327,2070212,Hahndorf,
2061327,9973121,Hallett Cove,
2061327,2070147,Hamley Bridge,
2061327,8348952,Hampstead Gardens,
2061327,2070106,Happy Valley,
2061327,9973138,Hawthorn,
2061327,8348510,Hawthorndene,
2061327,8348806,Hayborough,
2061327,9973058,Hazelwood Park,
2061327,2069920,Heathfield,
2061327,8348250,Heathpool,
2061327,9973084,Hectorville,
2061327,9973091,Henley Beach,
2061327,8348048,Henley Beach South,
2061327,8348763,Hewett,
2061327,8348147,Highbury,
2061327,8349398,Highgate,
2061327,8349369,Hillbank,
2061327,8348015,Hillcrest,
2061327,8348992,Hillier,
2061327,8348453,Hilton,
2061327,2069762,Hindmarsh Island,
2061327,8349332,Holden Hill,
2061327,2069646,Hope Valley,
2061327,2069573,Houghton,
2061327,8348809,Hove,
2061327,8348991,Huntfield Heights,
2061327,9973318,Hyde Park,
2061327,2069375,Ingle Farm,
2061327,2069326,Ironbank,
2061327,2069194,Jamestown,
2061327,8349428,Joslin,
2061327,2068856,Kadina,
2061327,2068782,Kangarilla,
2061327,2068751,Kanmantoo,
2061327,2068734,Kapunda,
2061327,2068688,Karoonda,
2061327,2161714,Keith,
2061327,9973059,Kensington Gardens,
2061327,8347877,Kensington Park,
2061327,8348490,Kent Town,
2061327,2068547,Kersbrook,
2061327,2068542,Keswick,
2061327,8348995,Kidman Park,
2061327,8349138,Kilburn,
2061327,8349147,Kilkenny,
2061327,2068483,Kimba,
2061327,9973319,Kings Park,
2061327,2068429,Kingscote,
2061327,2161313,Kingston,
2061327,2068416,Kingston Park,
2061327,2068414,Kingston South East,
2061327,6621338,Klemzig,
2061327,9973113,Kudla,
2061327,8348005,Kurralta Park,
2061327,2160678,Lameroo,
2061327,2067930,Largs Bay,
2061327,9234521,Largs North,
2061327,2067903,Laura,
2061327,9973060,Leabrook,
2061327,2067797,Lenswood,
2061327,2067760,Lewiston,
2061327,9973062,Linden Park,
2061327,2067621,Littlehampton,
2061327,2067565,Lobethal,
2061327,8348996,Lockleys,
2061327,2159500,Loveday,
2061327,9973140,Lower Mitcham,
2061327,2159416,Loxton,
2061327,11704395,Loxton North,
2061327,2159395,Lucindale,
2061327,2067333,Lyndoch,
2061327,2067307,Macclesfield,
2061327,9973190,MacDonald Park,
2061327,8348077,Magill,
2061327,2067214,Maitland,
2061327,2067167,Mallala,
2061327,8349387,Malvern,
2061327,11704379,Manningham,
2061327,2067070,Mannum,
2061327,8349430,Mansfield Park,
2061327,9973141,Marden,
2061327,2066957,Marino,
2061327,2066954,Marion,
2061327,9973327,Marleston,
2061327,8348092,Marryatville,
2061327,8219801,Maslin Beach,
2061327,8349323,Mawson Lakes,
2061327,8348997,Maylands,
2061327,8348998,McCracken,
2061327,2066680,McLaren Flat,
2061327,2066679,McLaren Vale,
2061327,2066626,Meadows,
2061327,6957266,Medindie,
2061327,8349438,Melrose Park,
2061327,2066511,Meningie,
2061327,2066356,Middleton,
2061327,2066322,Milang,
2061327,8348729,Mile End,
2061327,2157652,Millicent,
2061327,9973320,Millswood,
2061327,2066158,Minlaton,
2061327,2066066,Mitcham,
2061327,8347903,Mitchell Park,
2061327,2066052,Moana,
2061327,2066041,Modbury,
2061327,9973271,Modbury Heights,
2061327,9973272,Modbury North,
2061327,2157247,Monash,
2061327,2065843,Moonta,
2061327,2063034,Moonta Bay,
2061327,11704434,Moorak,
2061327,2065740,Morphett Vale,
2061327,8348587,Morphettville,
2061327,2065665,Mount Barker,
2061327,2065642,Mount Compass,
2061327,2156643,Mount Gambier,
2061327,2065552,Mount Pleasant,
2061327,2065538,Mount Torrens,
2061327,9973191,Munno Para,
2061327,8348311,Munno Para West,
2061327,2065176,Murray Bridge,
2061327,2065115,Mylor,
2061327,2065112,Myponga,
2061327,8347697,Myrtle Bank,
2061327,8347703,Nailsworth,
2061327,2065078,Nairne,
2061327,8310746,Nangwarry,
2061327,2064970,Napperby,
2061327,2155796,Naracoorte,
2061327,8348416,Netherby,
2061327,8347921,Netley,
2061327,11704377,New Port,
2061327,8348589,Newton,
2061327,9973171,Noarlunga Downs,
2061327,2064565,Normanville,
2061327,8469169,North Adelaide,
2061327,9973116,North Brighton,
2061327,8348382,North Haven,
2061327,11704393,North Moonta,
2061327,9973329,North Plympton,
2061327,2064512,Northfield,
2061327,8349204,Northgate,
2061327,2064439,Norton Summit,
2061327,9973143,Norwood,
2061327,9973330,Novar Gardens,
2061327,2064340,Nuriootpa,
2061327,8348197,O'Sullivan Beach,
2061327,2064308,Oakbank,
2061327,8348041,Oakden,
2061327,9973124,Oaklands Park,
2061327,2064655,Old Noarlunga,
2061327,9973172,Old Reynella,
2061327,2064173,One Tree Hill,
2061327,8348244,Onkaparinga Hills,
2061327,2064063,Orroroo,
2061327,8348351,Osborne,
2061327,8348274,Ottoway,
2061327,8348391,Ovingham,
2061327,2064258,O’Halloran Hill,O'Halloran Hill
2061327,8348166,Panorama,
2061327,8348189,Para Hills,
2061327,9973260,Para Hills West,
2061327,9973263,Para Vista,
2061327,6943454,Paradise,
2061327,8349238,Parafield Gardens,
2061327,8349003,Paralowie,
2061327,8348396,Paringa,
2061327,8348395,Park Holme,
2061327,7281795,Parkside,
2061327,8348361,Pasadena,
2061327,9973144,Payneham,
2061327,8347994,Payneham South,
2061327,2063597,Penfield,
2061327,8348399,Pennington,
2061327,2153473,Penola,
2061327,2063518,Peterborough,
2061327,8347713,Peterhead,
2061327,2152985,Pinnaroo,
2061327,2063191,Plympton,
2061327,9973125,Plympton Park,
2061327,8347884,Pooraka,
2061327,2063059,Port Adelaide,
2061327,2063056,Port Augusta,
2061327,2063055,Port Augusta West,
2061327,2063054,Port Broughton,
2061327,2063051,Port Elliot,
2061327,2063041,Port Hughes,
2061327,2063036,Port Lincoln,
2061327,2152660,Port MacDonnell,
2061327,2063031,Port Noarlunga,
2061327,9973173,Port Noarlunga South,
2061327,2063030,Port Pirie,
2061327,11746424,Port Pirie South,
2061327,11704285,Port Pirie West,
2061327,2063024,Port Wakefield,
2061327,2063023,Port Willunga,
2061327,2062944,Prospect,
2061327,11745988,Pukatja,
2061327,8348447,Queenstown,
2061327,2062745,Quorn,
2061327,8348380,Redwood Park,
2061327,2151737,Renmark,
2061327,2151736,Renmark North,
2061327,2151735,Renmark West,
2061327,9972789,Renown Park,
2061327,2062459,Reynella,
2061327,9973174,Reynella East,
2061327,8348109,Richmond,
2061327,8348000,Ridgehaven,
2061327,8348316,Ridleyton,
2061327,8348913,Risdon Park,
2061327,11704310,Risdon Park South,
2061327,11704408,Riverglades,
2061327,2062391,Riverton,
2061327,2062381,Robe,
2061327,9705457,Rose Park,
2061327,8348921,Rosewater,
2061327,2062216,Roseworthy,
2061327,8348246,Rosslyn Park,
2061327,8348263,Rostrevor,
2061327,2062151,Roxby Downs,
2061327,9973095,Royal Park,
2061327,9973145,Royston Park,
2061327,2062013,Salisbury,
2061327,9973264,Salisbury Downs,
2061327,7116072,Salisbury East,
2061327,9973265,Salisbury Heights,
2061327,9973266,Salisbury North,
2061327,9973267,Salisbury Park,
2061327,9973268,Salisbury Plain,
2061327,2078451,Seacliff,
2061327,9973117,Seacliff Park,
2061327,8348247,Seacombe Gardens,
2061327,9973131,Seacombe Heights,
2061327,2061769,Seaford,
2061327,9440341,Seaford Meadows,
2061327,9440342,Seaford Rise,
2061327,2061758,Seaton,
2061327,8348762,Seaview Downs,
2061327,9973233,Sefton Park,
2061327,8310777,Sellicks Beach,
2061327,2061745,Semaphore,
2061327,9973096,Semaphore Park,
2061327,9973220,Semaphore South,
2061327,8349010,Sheidow Park,
2061327,2061418,Smithfield,
2061327,9973196,Smithfield Plains,
2061327,2061399,Smoky Bay,
2061327,2061341,Solomontown,
2061327,9973118,Somerton Park,
2061327,9973119,South Brighton,
2061327,9973132,South Plympton,
2061327,8349432,Springfield,
2061327,2061144,Springton,
2061327,8348254,St Agnes,
2061327,12217595,St Clair,
2061327,8348352,St Georges,
2061327,8348309,St Marys,
2061327,8348830,St Morris,
2061327,8349442,St Peters,
2061327,2061115,Stansbury,
2061327,8348478,Stepney,
2061327,2061039,Stirling,
2061327,8349011,Stirling North,
2061327,8348251,Stonyfell,
2061327,2060951,Strathalbyn,
2061327,2060937,Streaky Bay,
2061327,2060898,Sturt,
2061327,2060852,Summertown,
2061327,8347696,Surrey Downs,
2061327,2147792,Sutton Town,
2061327,2060703,Tailem Bend,
2061327,2060604,Tanunda,
2061327,8349434,Taperoo,
2061327,2060497,Tea Tree Gully,
2061327,8347964,Tennyson,
2061327,8347726,Teringie,
2061327,2060384,Thebarton,
2061327,8604804,Thevenard,
2061327,2146523,Tintinara,
2061327,8348006,Toorak Gardens,
2061327,8347824,Torrens Park,
2061327,9973331,Torrensville,
2061327,8348817,Tranmere,
2061327,9973146,Trinity Gardens,
2061327,9973133,Trott Park,
2061327,2059873,Truro,
2061327,2059837,Tumby Bay,
2061327,9973069,Tusmore,
2061327,2059689,Two Wells,
2061327,8348459,Underdale,
2061327,2059589,Unley,
2061327,9973322,Unley Park,
2061327,2059582,Upper Sturt,
2061327,2059577,Uraidla,
2061327,8349012,Urrbrae,
2061327,8348845,Vale Park,
2061327,8349359,Valley View,
2061327,2059470,Victor Harbor,
2061327,2059436,Virginia,
2061327,8348592,Vista,
2061327,2059362,Waikerie,
2061327,9973224,Walkley Heights,
2061327,2059263,Wallaroo,
2061327,8348474,Warradale,
2061327,2058921,Wasleys,
2061327,2058897,Waterloo Corner,
2061327,9973078,Wattle Park,
2061327,2058823,Wayville,
2061327,2058710,Welland,
2061327,8347993,West Beach,
2061327,8348875,West Croydon,
2061327,9973097,West Hindmarsh,
2061327,8349013,West Lakes,
2061327,9973098,West Lakes Shore,
2061327,8349015,Westbourne Park,
2061327,9609991,Westrichmond,
2061327,2058430,Whyalla,
2061327,8520232,Whyalla Jenkins,
2061327,8520165,Whyalla Norrie,
2061327,8520140,Whyalla Playford,
2061327,8520183,Whyalla Stuart,
2061327,2058325,Willaston,
2061327,2058304,Williamstown,
2061327,2058273,Willunga,
2061327,2058265,Wilmington,
2061327,9973227,Windsor Gardens,
2061327,8347879,Woodcroft,
2061327,8348188,Woodforde,
2061327,2057904,Woodside,
2061327,2057897,Woodville,
2061327,9973231,Woodville Gardens,
2061327,9973099,Woodville North,
2061327,9973100,Woodville Park,
2061327,9973101,Woodville South,
2061327,9973102,Woodville West,
2061327,2142886,Worrolong,
2061327,2057756,Wudinna,
2061327,8348084,Wynn Vale,
2061327,2057532,Yankalilla,
2061327,2057273,Yorketown,
2064513,9973033,Acacia Hills,
2064513,8348668,Alawa,
2064513,2077895,Alice Springs,
2064513,11523834,Alice Springs city centre,
2064513,2079582,Alyangula,
2064513,11746241,Anmatjere,
2064513,8347807,Anula,
2064513,8349287,Araluen,
2064513,8348653,Bakewell,
2064513,2077026,Batchelor,
2064513,8349145,Bees Creek,
2064513,9972980,Bellamack,
2064513,8347805,Berrimah,
2064513,9973022,Berry Springs,
2064513,8348377,Beswick,
2064513,2076017,Borroloola,
2064513,8349109,Braitling,
2064513,8348079,Brinkin,
2064513,8349143,Coconut Grove,
2064513,9972986,Coolalinga,
2064513,8349297,Cossack,
2064513,2073124,Darwin,
2064513,8348064,Darwin River,
2064513,11704368,Desert Springs,
2064513,8349028,Driver,
2064513,8348823,Durack,
2064513,8348117,East Side,
2064513,8348176,Eaton,
2064513,2079695,Fannie Bay,
2064513,8347977,Farrar,
2064513,8219764,Galiwinku,
2064513,8310706,Gapuwiyak,
2064513,8348792,Gillen,
2064513,8348140,Girraween,
2064513,8348611,Gray,
2064513,8347742,Gunbalanya,
2064513,8348802,Gunn,
2064513,8348360,Herbert,
2064513,8310697,Hermannsburg,
2064513,8348673,Holtze,
2064513,8310720,Howard Springs,
2064513,8349152,Humpty Doo,
2064513,11745869,Ilparpa,
2064513,7290714,Jabiru,
2064513,8349153,Jingili,
2064513,8348674,Johnston,
2064513,8348394,Kakadu,
2064513,9972979,Karama,
2064513,2068655,Katherine,
2064513,11185808,Katherine East,
2064513,11185807,Katherine South,
2064513,8310726,Lajamanu,
2064513,8349300,Lansdowne,
2064513,8347811,Larapinta,
2064513,2079691,Larrakeyah,
2064513,2079692,Leanyer,
2064513,2079693,Ludmilla,
2064513,8349366,Lyons,
2064513,8349155,Malak,
2064513,2067089,Maningrida,
2064513,8347821,Marlow Lagoon,
2064513,11002162,Marrakai,
2064513,8348534,Marrara,
2064513,2066808,Mataranka,
2064513,2066653,McMinns Lagoon,
2064513,8310742,Milingimbi,
2064513,8349156,Millner,
2064513,8349148,Miniyeri,
2064513,8347937,Moil,
2064513,8347817,Moulden,
2064513,8349154,Mount Johns,
2064513,9972978,Muirhead,
2064513,8348856,Nakara,
2064513,8310749,Ngukurr,
2064513,2064735,Nhulunbuy,
2064513,2079696,Nightcliff,
2064513,6301965,Palmerston,
2064513,2063845,Parap,
2064513,11748862,Petermann,
2064513,8310770,Ramingining,
2064513,8347855,Rapid Creek,
2064513,8349373,Rosebery,
2064513,8347708,Ross,
2064513,8349394,Sadadeen,
2064513,8347862,Sandover,
2064513,8219824,Santa Teresa,
2064513,2079686,Stuart Park,
2064513,2060626,Tanami,
2064513,2060436,Tennant Creek,
2064513,8348398,The Gap,
2064513,9972974,The Gardens,
2064513,8347912,The Narrows,
2064513,8347863,Tindal,
2064513,8347832,Tiwi,
2064513,9973021,Virginia,
2064513,9409192,Wadeye,
2064513,8347997,Wagaman,
2064513,8347816,Wanguri,
2064513,11072460,West Arnhem,
2064513,8349302,Wickham,
2064513,8348123,Winnellie,
2064513,8347864,Woodroffe,
2064513,9972975,Woolner,
2064513,8349414,Wulagi,
2064513,8347917,Wurrumiyanga,
2064513,2057293,Yirrkala,
2064513,2057215,Yuendumu,
2064513,6355222,Yulara,
2064513,11704329,Zuccoli,
2145234,2178378,Abbotsford,
2145234,8348241,Aberfeldie,
2145234,12217997,Aintree,
2145234,2178224,Aireys Inlet,
2145234,6290236,Airport West,
2145234,8348786,Albanvale,
2145234,8348850,Albert Park,
2145234,2178180,Albion,
2145234,2178144,Alexandra,
2145234,2178126,Alfredton,
2145234,2178081,Allansford,
2145234,2178005,Alphington,
2145234,2177992,Altona,
2145234,9972579,Altona Meadows,
2145234,8298607,Altona North,
2145234,2177925,Anakie,
2145234,2177872,Anglesea,
2145234,2177810,Apollo Bay,
2145234,2177756,Ararat,
2145234,8347962,Ardeer,
2145234,2177678,Armadale,
2145234,10110879,Armstrong Creek,
2145234,2177580,Ascot,
2145234,2177576,Ascot Vale,
2145234,2177571,Ashburton,
2145234,7932611,Ashwood,
2145234,2177547,Aspendale,
2145234,7932653,Aspendale Gardens,
2145234,6693767,Attwood,
2145234,2177467,Avenel,
2145234,2177454,Avoca,
2145234,8347981,Avondale Heights,
2145234,2177426,Avonsleigh,
2145234,2177417,Axedale,
2145234,2177394,Bacchus Marsh,
2145234,2177280,Badger Creek,
2145234,2177233,Bairnsdale,
2145234,2177207,Balaclava,
2145234,2177100,Ballan,
2145234,2177091,Ballarat,
2145234,8014922,Ballarat Central,
2145234,2177090,Ballarat East,
2145234,11704282,Ballarat North,
2145234,2177039,Balnarring,
2145234,2177026,Balwyn,
2145234,7932629,Balwyn North,
2145234,2176987,Bandiana,
2145234,9972525,Bangholme,
2145234,2176938,Bannockburn,
2145234,2176907,Baranduda,
2145234,2176818,Barnawartha,
2145234,2154496,Barwon Heads,
2145234,2176636,Batesford,
2145234,2176583,Baxter,
2145234,2176566,Bayswater,
2145234,9972470,Bayswater North,
2145234,2176542,Beaconsfield,
2145234,2176537,Beaconsfield Upper,
2145234,2176492,Beaufort,
2145234,2176487,Beaumaris,
2145234,2176429,Beechworth,
2145234,2176358,Belgrave,
2145234,2176357,Belgrave Heights,
2145234,2176356,Belgrave South,
2145234,8348779,Bell Park,
2145234,8348780,Bell Post Hill,
2145234,2176325,Bellbrae,
2145234,8347893,Bellfield,
2145234,2176262,Belmont,
2145234,2176225,Benalla,
2145234,2176187,Bendigo,
2145234,11523846,Bendigo city centre,
2145234,2176123,Bentleigh,
2145234,2176122,Bentleigh East,
2145234,2176031,Berwick,
2145234,2175989,Beveridge,
2145234,2175721,Birchip,
2145234,8348861,Birdwoodton,
2145234,2175681,Birregurra,
2145234,2175655,Bittern,
2145234,2175551,Black Hill,
2145234,7932652,Black Rock,
2145234,7932624,Blackburn,
2145234,7932632,Blackburn North,
2145234,7932634,Blackburn South,
2145234,6254975,Blairgowrie,
2145234,8348265,Blind Bight,
2145234,2174978,Bolwarra,
2145234,2207538,Bonbeach,
2145234,2174938,Bonegilla,
2145234,2174909,Bonnie Doon,
2145234,2174838,Boolarra,
2145234,2174667,Boort,
2145234,2174580,Boronia,
2145234,8348039,Botanic Ridge,
2145234,2174360,Box Hill,
2145234,7932631,Box Hill North,
2145234,7932623,Box Hill South,
2145234,8349364,Braybrook,
2145234,10110913,Breakwater,
2145234,2174114,Briagolong,
2145234,2174111,Briar Hill,
2145234,2174041,Bright,
2145234,2174039,Brighton,
2145234,7932646,Brighton East,
2145234,2173976,Broadford,
2145234,2173964,Broadmeadows,
2145234,7932574,Brookfield,
2145234,8349239,Brooklyn,
2145234,2173804,Brown Hill,
2145234,2173741,Brunswick,
2145234,2173739,Brunswick East,
2145234,2173734,Brunswick West,
2145234,2173712,Bruthen,
2145234,2173511,Bulla,
2145234,2173464,Bulleen,
2145234,2173457,Bullengarook,
2145234,2173356,Buln Buln,
2145234,8349381,Bundoora,
2145234,2173220,Buninyong,
2145234,2173194,Bunyip,
2145234,2173121,Burnley,
2145234,8348259,Burnside,
2145234,9972585,Burnside Heights,
2145234,7932622,Burwood,
2145234,2172994,Burwood East,
2145234,2172987,Bushfield,
2145234,8349376,Cairnlea,
2145234,8349377,California Gully,
2145234,2172686,Camberwell,
2145234,2172607,Campbellfield,
2145234,2172597,Campbells Creek,
2145234,2172562,Camperdown,
2145234,2172540,Canadian,
2145234,9972519,Cannons Creek,
2145234,7932625,Canterbury,
2145234,8310661,Cape Paterson,
2145234,8348288,Cape Woolamai,
2145234,13118738,Capel Sound,
2145234,2172346,Cardigan,
2145234,8539242,Cardigan Village,
2145234,8348949,Cardross,
2145234,2172308,Carisbrook,
2145234,2172293,Carlton,
2145234,2172289,Carlton North,
2145234,2172264,Carnegie,
2145234,7281805,Caroline Springs,
2145234,2172192,Carrum,
2145234,2172191,Carrum Downs,
2145234,2172132,Casterton,
2145234,2172106,Castlemaine,
2145234,2171948,Caulfield,
2145234,2171947,Caulfield East,
2145234,2171945,Caulfield North,
2145234,7932643,Caulfield South,
2145234,7932635,Chadstone,
2145234,2171731,Charlton,
2145234,2171694,Chelsea,
2145234,2171693,Chelsea Heights,
2145234,2207618,Cheltenham,
2145234,2171640,Chewton,
2145234,2171619,Chiltern,
2145234,8348898,Chirnside Park,
2145234,8348796,Chum Creek,
2145234,8219721,Churchill,
2145234,10300648,City of Port Phillip,
2145234,2171452,Clarinda,
2145234,2171400,Clayton,
2145234,2171395,Clayton South,
2145234,2171324,Clifton Hill,
2145234,2171320,Clifton Springs,
2145234,2171271,Clunes,
2145234,2171257,Clyde,
2145234,2171250,Clyde North,
2145234,13118739,Cobblebank,
2145234,2171184,Cobden,
2145234,2171173,Cobram,
2145234,2171168,Coburg,
2145234,9972423,Coburg North,
2145234,2171159,Cockatoo,
2145234,2171077,Cohuna,
2145234,2171069,Colac,
2145234,2171056,Coldstream,
2145234,2171040,Coleraine,
2145234,2171000,Collingwood,
2145234,2170809,Congupna,
2145234,2170775,Connewarre,
2145234,8348902,Coolaroo,
2145234,2170312,Corinella,
2145234,2170307,Corio,
2145234,8310690,Coronet Bay,
2145234,2170246,Corryong,
2145234,2170217,Cottles Bridge,
2145234,2170162,Cowes,
2145234,2170089,Craigieburn,
2145234,2170079,Cranbourne,
2145234,9972515,Cranbourne East,
2145234,9972516,Cranbourne North,
2145234,8539244,Cranbourne South,
2145234,9972517,Cranbourne West,
2145234,2170027,Cremorne,
2145234,2169999,Creswick,
2145234,2169995,Crib Point,
2145234,2169867,Croydon,
2145234,9972471,Croydon Hills,
2145234,2169866,Croydon North,
2145234,9972472,Croydon South,
2145234,8348303,Dallas,
2145234,2169480,Dalyston,
2145234,2169460,Dandenong,
2145234,9972522,Dandenong North,
2145234,2169386,Darley,
2145234,2169363,Darnum,
2145234,2169281,Daylesford,
2145234,2169145,Deer Park,
2145234,8015185,Delacombe,
2145234,8348306,Delahey,
2145234,2169049,Dennington,
2145234,2169030,Dereel,
2145234,2169018,Derrimut,
2145234,2168945,Devon Meadows,
2145234,2168919,Diamond Creek,
2145234,2168854,Diggers Rest,
2145234,2168820,Dimboola,
2145234,2168807,Dingley Village,
2145234,8348911,Dinner Plain,
2145234,7521471,Docklands,
2145234,8348799,Don Valley,
2145234,2168620,Donald,
2145234,2168607,Doncaster,
2145234,2168605,Doncaster East,
2145234,2168579,Donvale,
2145234,2168537,Doreen,
2145234,8347324,Doveton,
2145234,2168386,Dromana,
2145234,2168372,Drouin,
2145234,8348315,Drumcondra,
2145234,2168309,Drysdale,
2145234,2168101,Dunkeld,
2145234,2168068,Dunolly,
2145234,2167962,Eagle Point,
2145234,2167973,Eaglehawk,
2145234,8348914,Eaglemont,
2145234,11704369,East Bairnsdale,
2145234,11704286,East Bendigo,
2145234,8629545,East Geelong,
2145234,6952201,East Melbourne,
2145234,8577942,East Warburton,
2145234,2167817,Echuca,
2145234,2167816,Echuca Village,
2145234,2167791,Eden Park,
2145234,2167794,Edenhope,
2145234,2167751,Edithvale,
2145234,2167636,Eildon,
2145234,2167503,Elliminyt,
2145234,2167476,Elmore,
2145234,2167462,Elphinstone,
2145234,2167449,Elsternwick,
2145234,2167445,Eltham,
2145234,2167444,Eltham North,
2145234,7932620,Elwood,
2145234,2167425,Emerald,
2145234,8347325,Endeavour Hills,
2145234,2167313,Enfield,
2145234,2167281,Eppalock,
2145234,2167279,Epping,
2145234,2167275,Epsom,
2145234,2167208,Essendon,
2145234,9972420,Essendon North,
2145234,9972421,Essendon West,
2145234,8347911,Eumemmerring,
2145234,8347920,Eureka,
2145234,2167087,Euroa,
2145234,9972590,Eynesbury,
2145234,9972411,Fairfield,
2145234,8578656,Falls Creek,
2145234,2166819,Fawkner,
2145234,7281850,Ferntree Gully,
2145234,2166745,Ferny Creek,
2145234,8349244,Fingal,
2145234,2166652,Fish Creek,
2145234,2166584,Fitzroy,
2145234,2154962,Fitzroy North,
2145234,9972408,Flemington,
2145234,2166453,Flinders,
2145234,8348811,Flora Hill,
2145234,2166409,Flowerdale,
2145234,2166370,Footscray,
2145234,2166340,Forest Hill,
2145234,2166271,Foster,
2145234,2166144,Frankston,
2145234,2166143,Frankston East,
2145234,9972526,Frankston North,
2145234,9972527,Frankston South,
2145234,2166034,Fulham,
2145234,2165883,Gardenvale,
2145234,2165868,Garfield,
2145234,2165798,Geelong,
2145234,11523841,Geelong city centre,
2145234,2165796,Geelong West,
2145234,2165771,Gembrook,
2145234,8347728,Girgarre,
2145234,2165488,Gisborne,
2145234,11704444,Gisborne South,
2145234,6290241,Gladstone Park,
2145234,2165296,Glen Huntly,
2145234,2165290,Glen Iris,
2145234,2165171,Glen Waverley,
2145234,2165329,Glenferrie,
2145234,2165321,Glengarry,
2145234,2165207,Glenrowan,
2145234,2165200,Glenroy,
2145234,8015184,Golden Point,
2145234,8348813,Golden Square,
2145234,2164934,Goornong,
2145234,2164902,Gordon,
2145234,9972424,Gowanbrae,
2145234,8348340,Grahamvale,
2145234,2164694,Grantville,
2145234,2164590,Greendale,
2145234,2164515,Greensborough,
2145234,2164495,Greenvale,
2145234,2164395,Grovedale,
2145234,2164385,Gruyere,
2145234,2164256,Gunbower,
2145234,2164117,Haddon,
2145234,9972464,Hadfield,
2145234,2164062,Hallam,
2145234,2164025,Hamilton,
2145234,10110993,Hamlyn Heights,
2145234,2163994,Hampton,
2145234,7932649,Hampton East,
2145234,2163990,Hampton Park,
2145234,2163942,Harcourt,
2145234,2163915,Harkaway,
2145234,2163837,Hastings,
2145234,8348818,Haven,
2145234,2163782,Hawthorn,
2145234,7932627,Hawthorn East,
2145234,2163776,Hawthorn South,
2145234,11704378,Hazelwood North,
2145234,2163701,Healesville,
2145234,2163696,Heathcote,
2145234,2163690,Heatherton,
2145234,2163684,Heathmont,
2145234,2163654,Heidelberg,
2145234,9972412,Heidelberg Heights,
2145234,2163653,Heidelberg West,
2145234,2163572,Hepburn,
2145234,8348350,Herne Hill,
2145234,6615520,Heyfield,
2145234,2163504,Heywood,
2145234,2163472,Highett,
2145234,8348824,Highton,
2145234,8349243,Hillside,
2145234,8348007,Hmas Cerberus,
2145234,2163338,Hoddles Creek,
2145234,2163168,Hopetoun,
2145234,7932577,Hopetoun Park,
2145234,7281807,Hoppers Crossing,
2145234,2163055,Horsham,
2145234,8348827,Hotham Heights,
2145234,2162970,Hughesdale,
2145234,8348562,Huntingdale,
2145234,2162886,Huntly,
2145234,2162857,Hurstbridge,
2145234,8310721,Indented Head,
2145234,2162723,Inglewood,
2145234,2162661,Invergordon,
2145234,2162659,Inverleigh,
2145234,2162658,Inverloch,
2145234,10375626,Invermay,
2145234,8348010,Invermay Park,
2145234,8348432,Ironbark,
2145234,2162586,Irymple,
2145234,8348012,Ivanhoe,
2145234,2162546,Ivanhoe East,
2145234,8348831,Jacana,
2145234,8348047,Jackass Flat,
2145234,8348832,Jan Juc,
2145234,2162387,Jeeralang Junction,
2145234,6952202,Jolimont,
2145234,8348935,Junction Village,
2145234,8348834,Junortoun,
2145234,2161996,Kalimna,
2145234,2161984,Kallista,
2145234,2161976,Kalorama,
2145234,2161903,Kangaroo Flat,
2145234,8348018,Kangaroo Ground,
2145234,2161868,Kaniva,
2145234,2161771,Katunga,
2145234,8348826,Kealba,
2145234,2161719,Keilor,
2145234,9972569,Keilor Downs,
2145234,9972422,Keilor East,
2145234,9972572,Keilor Lodge,
2145234,9972574,Keilor Park,
2145234,2161613,Kennington,
2145234,2161609,Kensington,
2145234,2161587,Kerang,
2145234,2161540,Kew,
2145234,7932628,Kew East,
2145234,2161532,Keysborough,
2145234,8348020,Kialla,
2145234,8219789,Killara,
2145234,2161415,Kilmore,
2145234,2161408,Kilsyth,
2145234,9972473,Kilsyth South,
2145234,2161354,Kinglake,
2145234,2161351,Kinglake West,
2145234,8347839,Kings Park,
2145234,6930848,Kingsbury,
2145234,9972581,Kingsville,
2145234,8348488,Knoxfield,
2145234,2161068,Koo-Wee-Rup,
2145234,2161113,Koondrook,
2145234,2161066,Kooyong,
2145234,2161047,Koroit,
2145234,2161034,Korumburra,
2145234,7932575,Kurunjang,
2145234,2160910,Kyabram,
2145234,2160885,Kyneton,
2145234,2160772,Lake Boga,
2145234,8348185,Lake Gardens,
2145234,11704380,Lake Tyers Beach,
2145234,10109461,Lake Wendouree,
2145234,2160735,Lakes Entrance,
2145234,2160706,Lalor,
2145234,2154420,Lancefield,
2145234,2160602,Lang Lang,
2145234,2160582,Langwarrin,
2145234,9972530,Langwarrin South,
2145234,2160560,Lara,
2145234,8219796,Launching Place,
2145234,2207598,Laverton,
2145234,2160368,Leitchville,
2145234,2160354,Leneva,
2145234,2160339,Leongatha,
2145234,2160336,Leopold,
2145234,2160308,Lethbridge,
2145234,2160188,Lilydale,
2145234,2160091,Linton,
2145234,2159912,Little River,
2145234,2159795,Loch,
2145234,8219797,Loch Sport,
2145234,2159769,Lockington,
2145234,2159761,Lockwood,
2145234,8595575,Lockwood South,
2145234,8348097,Long Gully,
2145234,2159684,Longford,
2145234,2159606,Longwarry,
2145234,2159545,Lorne,
2145234,2159497,Lovely Banks,
2145234,2159454,Lower Plenty,
2145234,10109462,Lucas,
2145234,2159389,Lucknow,
2145234,8347982,Lynbrook,
2145234,2159291,Lysterfield,
2145234,9972520,Lysterfield South,
2145234,2159266,Macarthur,
2145234,2159256,Macclesfield,
2145234,2159231,Macedon,
2145234,2159177,Macleod,
2145234,2159141,Maddingley,
2145234,2159131,Maffra,
2145234,8348957,Maiden Gully,
2145234,6621340,Maidstone,
2145234,2158988,Maldon,
2145234,2158977,Mallacoota,
2145234,2158964,Malmsbury,
2145234,2158952,Malvern,
2145234,7932638,Malvern East,
2145234,2158916,Mandurang,
2145234,8348028,Manifold Heights,
2145234,2158839,Mansfield,
2145234,2158724,Maribyrnong,
2145234,2158687,Marlo,
2145234,2158663,Marong,
2145234,2158561,Maryborough,
2145234,8348032,Maryknoll,
2145234,2207547,McCrae,
2145234,2158307,McKinnon,
2145234,8348967,Meadow Heights,
2145234,2158204,Meeniyan,
2145234,2158177,Melbourne,
2145234,9972414,Melbourne Airport,
2145234,11523810,Melbourne City Centre,
2145234,2158151,Melton,
2145234,2158145,Melton South,
2145234,7932573,Melton West,
2145234,2158109,Mentone,
2145234,2158106,Menzies Creek,
2145234,2158100,Merbein,
2145234,2158087,Meredith,
2145234,2158051,Mernda,
2145234,2158029,Merrigum,
2145234,2158028,Merrijig,
2145234,2157958,Metung,
2145234,8348035,Mickleham,
2145234,8348970,Middle Park,
2145234,2157705,Milawa,
2145234,2157698,Mildura,
2145234,2157635,Mill Park,
2145234,2157654,Millgrove,
2145234,2157567,Miners Rest,
2145234,2157487,Mirboo North,
2145234,2157410,Mitcham,
2145234,8349384,Mitchell Park,
2145234,2157343,Moe,
2145234,2157239,Monbulk,
2145234,2157182,Mont Albert,
2145234,7932630,Mont Albert North,
2145234,2157167,Montmorency,
2145234,2157161,Montrose,
2145234,2157123,Moolap,
2145234,2157056,Moonee Ponds,
2145234,2157026,Moorabbin,
2145234,2156981,Moorooduc,
2145234,2156977,Mooroolbark,
2145234,2156974,Mooroopna,
2145234,2156933,Mordialloc,
2145234,2156897,Moriac,
2145234,2156878,Mornington,
2145234,2156850,Mortlake,
2145234,2156825,Morwell,
2145234,2156722,Mount Beauty,
2145234,6930744,Mount Buller,
2145234,2156695,Mount Clear,
2145234,2156682,Mount Cottrell,
2145234,2156679,Mount Dandenong,
2145234,2156669,Mount Duneed,
2145234,2156666,Mount Egerton,
2145234,2156663,Mount Eliza,
2145234,2156652,Mount Evelyn,
2145234,8015187,Mount Helen,
2145234,2156590,Mount Macedon,
2145234,2156578,Mount Martha,
2145234,2156544,Mount Pleasant,
2145234,2156492,Mount Waverley,
2145234,2156340,Mulgrave,
2145234,2156176,Murchison,
2145234,2156067,Murrumbeena,
2145234,2156053,Murtoa,
2145234,2155907,Myrtleford,
2145234,2155878,Nagambie,
2145234,2155802,Napoleons,
2145234,2155754,Nar Nar Goon,
2145234,2155753,Nar Nar Goon North,
2145234,2155718,Narre Warren,
2145234,2155717,Narre Warren North,
2145234,9972518,Narre Warren South,
2145234,8310747,Nathalia,
2145234,2155600,Neerim South,
2145234,2155529,Nerrina,
2145234,11704309,New Gisborne,
2145234,8348181,Newborough,
2145234,8348187,Newcomb,
2145234,2155439,Newington,
2145234,11704387,Newlands Arm,
2145234,2155411,Newport,
2145234,2155393,Newstead,
2145234,8348982,Newtown,
2145234,2155370,Nhill,
2145234,8348046,Nichols Point,
2145234,2155354,Nicholson,
2145234,6290237,Niddrie,
2145234,2155204,Noble Park,
2145234,9972524,Noble Park North,
2145234,2207153,Norlane,
2145234,11704271,North Bendigo,
2145234,2207611,North Brighton,
2145234,10112204,North Geelong,
2145234,2154912,North Melbourne,
2145234,9972467,North Warrandyte,
2145234,2154826,North Wonthaggi,
2145234,2155001,Northcote,
2145234,2154796,Notting Hill,
2145234,2154723,Numurkah,
2145234,2154720,Nunawading,
2145234,2154687,Nyah,
2145234,2154686,Nyah West,
2145234,2154670,Nyora,
2145234,9972465,Oak Park,
2145234,2154618,Oakleigh,
2145234,2154616,Oakleigh East,
2145234,7932640,Oakleigh South,
2145234,12069926,Ocean Grove,
2145234,2154481,Officer,
2145234,2154386,Olinda,
2145234,2154208,Orbost,
2145234,2154172,Ormond,
2145234,2154088,Ouyen,
2145234,2154048,Oxley,
2145234,2153953,Pakenham,
2145234,2153950,Pakenham Upper,
2145234,2153829,Panton Hill,
2145234,8348805,Park Orchards,
2145234,2153784,Parkdale,
2145234,2153770,Parkville,
2145234,2153720,Pascoe Vale,
2145234,9972466,Pascoe Vale South,
2145234,8349399,Patterson Lakes,
2145234,2153657,Paynesville,
2145234,2153623,Pearcedale,
2145234,2153466,Penshurst,
2145234,7302624,Phillip Island,
2145234,2152855,Plenty,
2145234,8348050,Plumpton,
2145234,2152819,Point Cook,
2145234,2152815,Point Lonsdale,
2145234,2152712,Poowong,
2145234,2152698,Porepunkah,
2145234,2152683,Port Campbell,
2145234,2152676,Port Fairy,
2145234,2152658,Port Melbourne,
2145234,2152686,Portarlington,
2145234,2152667,Portland,
2145234,11704423,Portland North,
2145234,10375621,Portland West,
2145234,2152593,Prahran,
2145234,2152558,Preston,
2145234,8348108,Princes Hill,
2145234,2152454,Puckapunyal,
2145234,2152367,Pyalong,
2145234,2152351,Pyramid Hill,
2145234,8348784,Quarry Hill,
2145234,2152279,Queenscliff,
2145234,2152182,Rainbow,
2145234,9972587,Ravenhall,
2145234,2151943,Red Cliffs,
2145234,2151904,Red Hill,
2145234,2151898,Red Hill South,
2145234,8348053,Redan,
2145234,2151718,Research,
2145234,2151716,Reservoir,
2145234,2151678,Rhyll,
2145234,2151649,Richmond,
2145234,2151576,Ringwood,
2145234,2151575,Ringwood East,
2145234,2151574,Ringwood North,
2145234,8348215,Rippleside,
2145234,2151560,Ripponlea,
2145234,8310771,Robinvale,
2145234,2151455,Rochester,
2145234,2151449,Rockbank,
2145234,2151174,Romsey,
2145234,2151146,Rosanna,
2145234,2151120,Rosebud,
2145234,9972543,Rosebud West,
2145234,2151107,Rosedale,
2145234,2151038,Ross Creek,
2145234,2150894,Rowville,
2145234,8347896,Roxburgh Park,
2145234,2150825,Rupanyup,
2145234,2150817,Rushworth,
2145234,2150788,Rutherglen,
2145234,2150765,Rye,
2145234,8348260,Safety Beach,
2145234,11746422,Sailors Gully,
2145234,2150717,Saint Albans,
2145234,2150716,Saint Andrews,
2145234,8219833,Saint Andrews Beach,
2145234,2150687,Saint Helena,
2145234,2150660,Saint Kilda,
2145234,2150654,Saint Leonards,
2145234,2150615,Sale,
2145234,2150234,San Remo,
2145234,9972528,Sandhurst,
2145234,2150460,Sandringham,
2145234,2150213,Sarsfield,
2145234,2150206,Sassafras,
2145234,2150124,Scarsdale,
2145234,2150093,Scoresby,
2145234,2149964,Sea Lake,
2145234,8347752,Seabrook,
2145234,2149975,Seaford,
2145234,8348221,Seaholme,
2145234,2149936,Sebastopol,
2145234,9972582,Seddon,
2145234,2149918,Sedgwick,
2145234,2149909,Selby,
2145234,2149799,Seville,
2145234,8539254,Seville East,
2145234,2149797,Seymour,
2145234,2149645,Shepparton,
2145234,11704396,Shepparton East,
2145234,2149587,Shoreham,
2145234,2149532,Silvan,
2145234,8349228,Simpson,
2145234,2149361,Skipton,
2145234,8349439,Skye,
2145234,2149241,Smythes Creek,
2145234,2149240,Smythesdale,
2145234,2149208,Snake Valley,
2145234,8348682,Soldiers Hill,
2145234,2149142,Somers,
2145234,2149128,Somerville,
2145234,2149106,Sorrento,
2145234,10112279,South Geelong,
2145234,8348238,South Kingsville,
2145234,2148955,South Melbourne,
2145234,2156942,South Morang,
2145234,9972409,South Wharf,
2145234,2148876,South Yarra,
2145234,7302683,Southbank,
2145234,2148780,Spotswood,
2145234,2148591,Springvale,
2145234,2148588,Springvale South,
2145234,8015209,St Albans,
2145234,8348137,St Albans Park,
2145234,11704312,St Helena,
2145234,7303250,St Kilda East,
2145234,8029812,St Kilda West,
2145234,2148532,Stanhope,
2145234,2148431,Stawell,
2145234,2148120,Stratford,
2145234,8349016,Strathdale,
2145234,2148086,Strathfieldsaye,
2145234,2148077,Strathmerton,
2145234,11695439,Strathmore,
2145234,8348057,Strathmore Heights,
2145234,2147914,Sunbury,
2145234,2147864,Sunshine,
2145234,9972577,Sunshine North,
2145234,9972578,Sunshine West,
2145234,2147826,Surrey Hills,
2145234,2147756,Swan Hill,
2145234,2147740,Swan Reach,
2145234,2147717,Sydenham,
2145234,2147567,Tallangatta,
2145234,2147564,Tallarook,
2145234,2147545,Tallygaroopna,
2145234,2147476,Tangambalanga,
2145234,2147460,Tanjil South,
2145234,2147357,Tarneit,
2145234,2147273,Tatura,
2145234,2147265,Tawonga,
2145234,9972586,Taylors Hill,
2145234,8347847,Taylors Lakes,
2145234,8348685,Tecoma,
2145234,2147197,Teesdale,
2145234,2147140,Templestowe,
2145234,2147139,Templestowe Lower,
2145234,2147070,Terang,
2145234,2146967,The Basin,
2145234,2146899,The Patch,
2145234,2146827,Thomastown,
2145234,8348133,Thomson,
2145234,2146793,Thornbury,
2145234,2146594,Timboon,
2145234,2146390,Tongala,
2145234,2146352,Toolamba,
2145234,2146345,Toolern Vale,
2145234,2146304,Toongabbie,
2145234,2146294,Toora,
2145234,2146293,Tooradin,
2145234,2146291,Toorak,
2145234,8348736,Tootgarook,
2145234,2146218,Torquay,
2145234,2146126,Trafalgar,
2145234,2146108,Traralgon,
2145234,2146105,Traralgon South,
2145234,8348164,Travancore,
2145234,2146065,Trentham,
2145234,2145990,Truganina,
2145234,2145921,Tullamarine,
2145234,2145645,Tyabb,
2145234,2145635,Tyers,
2145234,2145633,Tylden,
2145234,2145409,Upwey,
2145234,2145289,Ventnor,
2145234,8219840,Venus Bay,
2145234,2145267,Vermont,
2145234,9972487,Vermont South,
2145234,8348843,Viewbank,
2145234,2145158,Violet Town,
2145234,2145098,Wahgunyah,
2145234,8348066,Waldara,
2145234,2144949,Wallan,
2145234,2144905,Wallington,
2145234,10112331,Wandana Heights,
2145234,2144795,Wandin North,
2145234,2144787,Wandong,
2145234,2144764,Wangaratta,
2145234,2144729,Wantirna,
2145234,2144728,Wantirna South,
2145234,2144695,Warburton,
2145234,9972521,Warneet,
2145234,2144617,Warracknabeal,
2145234,2144604,Warragul,
2145234,2144583,Warrandyte,
2145234,2144582,Warrandyte South,
2145234,9972477,Warranwood,
2145234,2144551,Warrenheip,
2145234,2144528,Warrnambool,
2145234,8348070,Waterways,
2145234,2144397,Watsonia,
2145234,9972413,Watsonia North,
2145234,2144355,Wattleglen,
2145234,2144326,Waurn Ponds,
2145234,2144270,Wedderburn,
2145234,13118737,Weir Views,
2145234,2144139,Wendouree,
2145234,2144095,Werribee,
2145234,2148896,Werribee South,
2145234,2144078,Wesburn,
2145234,9972583,West Footscray,
2145234,7281818,West Melbourne,
2145234,11694936,West Wodonga,
2145234,9972415,Westmeadows,
2145234,2143887,Wheelers Hill,
2145234,10109910,White Hills,
2145234,10112373,Whittington,
2145234,2143747,Whittlesea,
2145234,2143603,Willaura,
2145234,8643474,Williams Landing,
2145234,2143561,Williamstown,
2145234,9972580,Williamstown North,
2145234,2143541,Willow Grove,
2145234,2143451,Winchelsea,
2145234,2143407,Windsor,
2145234,2143285,Wodonga,
2145234,2143255,Wollert,
2145234,2143152,Wonga Park,
2145234,2143131,Wonthaggi,
2145234,2143103,Woodend,
2145234,2142926,Woori Yallock,
2145234,2142825,Wurruk,
2145234,2142724,Wy Yung,
2145234,2142781,Wycheproof,
2145234,8348078,Wyndham Vale,
2145234,2142707,Yackandandah,
2145234,8349070,Yallambie,
2145234,8539257,Yallourn North,
2145234,2142507,Yarra Glen,
2145234,2142501,Yarra Junction,
2145234,2142506,Yarragon,
2145234,2142494,Yarram,
2145234,8348837,Yarrambat,
2145234,2142457,Yarraville,
2145234,2142447,Yarrawonga,
2145234,2142426,Yarroweyah,
2145234,2142392,Yea,
2145234,8348082,Yellingbo,
2145234,2142282,Yinnar,
2145234,2142281,Yinnar South,
2147291,10057022,Acton Park,
2147291,8348640,Ambleside,
2147291,2177481,Austins Ferry,
2147291,2177263,Bagdad,
2147291,8349119,Battery Point,
2147291,2176541,Beaconsfield,
2147291,2176478,Beauty Point,
2147291,2176313,Bellerive,
2147291,2176066,Berriedale,
2147291,2175958,Bicheno,
2147291,2175527,Blackmans Bay,
2147291,8349120,Blackstone Heights,
2147291,2174079,Bridgewater,
2147291,2174066,Bridport,
2147291,8348338,Brighton,
2147291,8348339,Brooklyn,
2147291,2173125,Burnie,
2147291,12069993,Burnie city centre,
2147291,2172677,Cambridge,
2147291,2172621,Campania,
2147291,2172584,Campbell Town,
2147291,2172292,Carlton,
2147291,2172219,Carrick,
2147291,8349121,Chigwell,
2147291,2171476,Claremont,
2147291,8347734,Clarendon Vale,
2147291,8348342,Clifton Beach,
2147291,2170978,Collinsvale,
2147291,2170702,Cooee,
2147291,8219748,Cremorne,
2147291,2170002,Cressy,
2147291,2169638,Currie,
2147291,2169589,Cygnet,
2147291,2169113,Deloraine,
2147291,8349127,Derwent Park,
2147291,2168943,Devonport,
2147291,2168822,Dilston,
2147291,8219755,Dodges Ferry,
2147291,2168623,Don,
2147291,2168448,Dover,
2147291,2168385,Dromedary,
2147291,10062592,Dynnyrne,
2147291,11704269,East Devonport,
2147291,10113376,East Launceston,
2147291,2167056,Evandale,
2147291,8310702,Exeter,
2147291,2166750,Fern Tree,
2147291,2166363,Forcett,
2147291,2166291,Forth,
2147291,2166160,Franklin,
2147291,8219763,Gagebrook,
2147291,2165821,Gawler,
2147291,2165791,Geeveston,
2147291,8348346,Geilston Bay,
2147291,2165718,George Town,
2147291,8349409,Glebe,
2147291,2165295,Glen Huon,
2147291,2165229,Glenorchy,
2147291,2206048,Goodwood,
2147291,2164700,Granton,
2147291,2164652,Gravelly Beach,
2147291,8349128,Grindelwald,
2147291,2164104,Hadspen,
2147291,8348347,Havenview,
2147291,8349129,Herdsmans Cove,
2147291,8349288,Hillcrest,
2147291,2163383,Hillwood,
2147291,2163355,Hobart,
2147291,11523836,Hobart city centre,
2147291,8349131,Honeywood,
2147291,8219776,Howden,
2147291,6692248,Howrah,
2147291,2162873,Huonville,
2147291,2205846,Invermay,
2147291,2161546,Kettering,
2147291,8349134,Kings Meadows,
2147291,2161311,Kingston,
2147291,2161309,Kingston Beach,
2147291,2160864,Lachlan,
2147291,2160523,Latrobe,
2147291,2160519,Lauderdale,
2147291,2160517,Launceston,
2147291,11523844,Launceston city centre,
2147291,2160399,Legana,
2147291,8349136,Lenah Valley,
2147291,2160277,Lewisham,
2147291,2160187,Lilydale,
2147291,2160113,Lindisfarne,
2147291,2159683,Longford,
2147291,2159432,Low Head,
2147291,2206066,Lutana,
2147291,2159093,Magra,
2147291,2158744,Margate,
2147291,2205838,Mayfield,
2147291,8349289,Miandetta,
2147291,11704303,Midway Point,
2147291,2157299,Mole Creek,
2147291,6693052,Montagu Bay,
2147291,8347683,Montello,
2147291,8349290,Montrose,
2147291,2157090,Moonah,
2147291,8349284,Mornington,
2147291,8349139,Mount Nelson,
2147291,10062593,Mount Stuart,
2147291,11745889,Mountain River,
2147291,8349291,Mowbray,
2147291,2155415,New Norfolk,
2147291,2206068,New Town,
2147291,2155416,Newnham,
2147291,2155392,Newstead,
2147291,10062594,North Hobart,
2147291,8349292,Norwood,
2147291,8347799,Oakdowns,
2147291,2154545,Oatlands,
2147291,2154445,Old Beach,
2147291,2154195,Orford,
2147291,8310756,Otago,
2147291,8348663,Park Grove,
2147291,2153494,Penguin,
2147291,2153391,Perth,
2147291,2152740,Pontville,
2147291,2152653,Port Sorell,
2147291,8348665,Primrose Sands,
2147291,8348111,Prospect Vale,
2147291,2152272,Queenstown,
2147291,2152185,Railton,
2147291,2152123,Ranelagh,
2147291,8349296,Ravenswood,
2147291,2151648,Richmond,
2147291,2151622,Ridgley,
2147291,8580675,Risdon Vale,
2147291,8348334,Riverside,
2147291,8349140,Rocherlea,
2147291,2151215,Rokeby,
2147291,11704324,Romaine,
2147291,2151127,Rosebery,
2147291,8348355,Rosetta,
2147291,8349142,Rosny,
2147291,2150653,Saint Leonards,
2147291,2150644,Saint Marys,
2147291,2150485,Sandford,
2147291,2206089,Sandy Bay,
2147291,2150136,Scamander,
2147291,2150060,Scottsdale,
2147291,6621356,Seven Mile Beach,
2147291,8349144,Shearwater,
2147291,2149687,Sheffield,
2147291,8348354,Shorewell Park,
2147291,2149254,Smithton,
2147291,2149184,Snug,
2147291,2149138,Somerset,
2147291,2149116,Sorell,
2147291,2149100,South Arm,
2147291,10062597,South Hobart,
2147291,10113450,South Launceston,
2147291,2148770,Spreyton,
2147291,2150679,St Helens,
2147291,2148528,Stanley,
2147291,8310757,Stieglitz,
2147291,11704426,Stony Rise,
2147291,2148132,Strahan,
2147291,2147934,Sulphur Creek,
2147291,10113488,Summerhill,
2147291,2147736,Swansea,
2147291,2147344,Taroona,
2147291,8349130,Tolmans Hill,
2147291,8348356,Tranmere,
2147291,8348348,Trevallyn,
2147291,2146049,Triabunna,
2147291,8219838,Turners Beach,
2147291,2145532,Ulverstone,
2147291,11704311,Upper Burnie,
2147291,2144581,Warrane,
2147291,8349295,Waverley,
2147291,10062598,West Hobart,
2147291,10113559,West Launceston,
2147291,10062591,West Moonah,
2147291,2143942,West Strahan,
2147291,11704283,West Ulverstone,
2147291,2144044,Westbury,
2147291,2142747,Wynyard,
2147291,8348116,Youngtown,
2147291,2142185,Zeehan,
2152274,2178321,Acacia Ridge,
2152274,8349073,Adare,
2152274,2178256,Advancetown,
2152274,6621373,Agnes Water,
2152274,6354936,Airlie Beach,
2152274,2178220,Aitkenvale,
2152274,2178208,Albany Creek,
2152274,2178194,Alberton,
2152274,8348606,Alderley,
2152274,2178162,Aldershot,
2152274,6693768,Alexandra Headland,
2152274,8348615,Alexandra Hills,
2152274,8348977,Algester,
2152274,8310675,Alice River,
2152274,8347834,Allenstown,
2152274,8219726,Alligator Creek,
2152274,2178044,Allora,
2152274,2178013,Aloomba,
2152274,2177990,Alton Downs,
2152274,2177977,Amamoor,
2152274,2177914,Andergrove,
2152274,8348341,Annandale,
2152274,8348815,Annerley,
2152274,8348819,Anstead,
2152274,2177794,Apple Tree Creek,
2152274,10112566,Araluen,
2152274,9958149,Arana Hills,
2152274,2177752,Aratula,
2152274,9957333,Archerfield,
2152274,11746421,Armstrong Beach,
2152274,8348521,Aroona,
2152274,8348473,Arundel,
2152274,9883890,Ascot,
2152274,8348091,Ashfield,
2152274,2177560,Ashgrove,
2152274,8348495,Ashmore,
2152274,2177546,Aspley,
2152274,2177541,Atherton,
2152274,6943571,Auchenflower,
2152274,8348298,Augustine Heights,
2152274,8348051,Avenell Heights,
2152274,8349202,Avoca,
2152274,2177441,Avondale,
2152274,2177413,Ayr,
2152274,2177402,Babinda,
2152274,2177251,Bahrs Scrub,
2152274,2177222,Bakers Creek,
2152274,8556202,Bald Hills,
2152274,8219717,Balgal Beach,
2152274,9957354,Balmoral,
2152274,2177023,Bamaga,
2152274,8348502,Banksia Beach,
2152274,8349213,Bannockburn,
2152274,6943553,Banyo,
2152274,2176895,Barcaldine,
2152274,8348537,Bardon,
2152274,8348503,Barellan Point,
2152274,2176868,Bargara,
2152274,8348538,Barlows Hill,
2152274,2176832,Barmaryee,
2152274,11704328,Barney Point,
2152274,7932657,Basin Pocket,
2152274,8348788,Battery Hill,
2152274,2176590,Bauple,
2152274,8348002,Bayview Heights,
2152274,2176553,Beachmere,
2152274,8349207,Beaconsfield,
2152274,2176495,Beaudesert,
2152274,2176437,Beecher,
2152274,2176433,Beechmont,
2152274,2176412,Beenleigh,
2152274,2176411,Beerburrum,
2152274,2176406,Beerwah,
2152274,2176359,Belgian Gardens,
2152274,2207349,Bellara,
2152274,8348846,Bellbird Park,
2152274,8348635,Bellbowrie,
2152274,8348717,Belli Park,
2152274,8348847,Bellmere,
2152274,2176264,Belmont,
2152274,8348118,Belvedere,
2152274,2176217,Benaraby,
2152274,2176127,Benowa,
2152274,8348714,Bentley Park,
2152274,8348738,Berrinba,
2152274,8348720,Berserker,
2152274,2175959,Biboohra,
2152274,2175918,Biggenden,
2152274,6621334,Biggera Waters,
2152274,2175860,Bilinga,
2152274,2175819,Biloela,
2152274,2175696,Birkdale,
2152274,8348723,Birtinya,
2152274,10104159,Black Mountain,
2152274,10105672,Black River,
2152274,2175650,Blackall,
2152274,2175622,Blackbutt,
2152274,2175453,Blacks Beach,
2152274,7932661,Blackstone,
2152274,2175403,Blackwater,
2152274,2175326,Bli Bli,
2152274,2175286,Bloomsbury,
2152274,8219731,Blue Mountain Heights,
2152274,8600527,Bluewater,
2152274,8349021,Bluewater Park,
2152274,2175204,Bluff,
2152274,8219733,Bohle Plains,
2152274,8347886,Bokarina,
2152274,2174945,Bondoola,
2152274,2174933,Bongaree,
2152274,8349311,Bonogin,
2152274,8348104,Booie,
2152274,2174755,Boonah,
2152274,2174740,Boondall,
2152274,8219735,Booral,
2152274,7932654,Booval,
2152274,8348216,Boronia Heights,
2152274,8310684,Bouldercombe,
2152274,2174444,Bowen,
2152274,6931017,Bowen Hills,
2152274,2174314,Boyland,
2152274,2174307,Boyne Island,
2152274,6943558,Bracken Ridge,
2152274,2174207,Brandon,
2152274,8348758,Branyan,
2152274,7932659,Brassall,
2152274,8349226,Bray Park,
2152274,8348852,Breddan,
2152274,6943559,Brendale,
2152274,6945028,Bridgeman Downs,
2152274,2174040,Brighton,
2152274,2174031,Brightview,
2152274,8348752,Brinsmead,
2152274,2174003,Brisbane,
2152274,11523822,Brisbane central business district,
2152274,2173977,Broadbeach,
2152274,10063038,Broadbeach Waters,
2152274,2173887,Brookfield,
2152274,8348854,Brookwater,
2152274,2173833,Broughton,
2152274,2173687,Bucasia,
2152274,2173686,Bucca,
2152274,2173682,Buccan,
2152274,8348855,Buddina,
2152274,2173605,Buderim,
2152274,2207247,Bulimba,
2152274,2173323,Bundaberg,
2152274,11704292,Bundaberg East,
2152274,11704264,Bundaberg North,
2152274,11704284,Bundaberg South,
2152274,11704291,Bundaberg West,
2152274,8348236,Bundall,
2152274,2173310,Bundamba,
2152274,8348114,Bungalow,
2152274,8348115,Bungundarra,
2152274,8349347,Bunya,
2152274,9957334,Burbank,
2152274,8348766,Burdell,
2152274,2173152,Burleigh Heads,
2152274,10063050,Burleigh Waters,
2152274,2173134,Burnett Heads,
2152274,8349349,Burnside,
2152274,2173099,Burpengary,
2152274,11704256,Burpengary East,
2152274,8219739,Burrum Heads,
2152274,2172999,Burua,
2152274,8219740,Bushland Beach,
2152274,2172868,Cabarlah,
2152274,2172832,Caboolture,
2152274,9958151,Caboolture South,
2152274,2172797,Cairns,
2152274,11703914,Cairns City,
2152274,11704255,Cairns North,
2152274,8348765,Calamvale,
2152274,2172728,Calliope,
2152274,2172710,Caloundra,
2152274,10104160,Caloundra West,
2152274,2172679,Cambooya,
2152274,8349242,Camira,
2152274,2075074,Camooweal,
2152274,9957444,Camp Hill,
2152274,2172555,Camp Mountain,
2152274,8348393,Cannon Hill,
2152274,2172476,Cannon Valley,
2152274,2172477,Cannonvale,
2152274,2172442,Canungra,
2152274,2172434,Capalaba,
2152274,2172418,Capella,
2152274,8219720,Caravonica,
2152274,2172356,Carbrook,
2152274,2172336,Cardwell,
2152274,8348397,Carina Heights,
2152274,7281839,Carindale,
2152274,8348451,Carrara,
2152274,6943557,Carseldine,
2152274,8348120,Cashmere,
2152274,8348427,Castaways Beach,
2152274,11670310,Castle Hill,
2152274,2171916,Cawarral,
2152274,9958086,Cedar Creek,
2152274,2171888,Cedar Grove,
2152274,9958087,Cedar Vale,
2152274,8347861,Centenary Heights,
2152274,8348491,Chambers Flat,
2152274,9957465,Chandler,
2152274,6931019,Chapel Hill,
2152274,2171764,Charleville,
2152274,2171722,Charters Towers,
2152274,11703924,Charters Towers City,
2152274,10112589,Chatsworth,
2152274,8348472,Chelmer,
2152274,8310665,Cherbourg,
2152274,6943582,Chermside,
2152274,9957323,Chermside West,
2152274,2171626,Childers,
2152274,2171596,Chinchilla,
2152274,2171522,Churchill,
2152274,8348516,Chuwar,
2152274,8348124,Clagiraba,
2152274,6943581,Clayfield,
2152274,10063059,Clear Island Waters,
2152274,9883896,Clear Mountain,
2152274,2171365,Clermont,
2152274,2171360,Cleveland,
2152274,2171333,Clifton,
2152274,6692725,Clifton Beach,
2152274,8349203,Clinton,
2152274,2171306,Cloncurry,
2152274,7932687,Clontarf,
2152274,2171297,Closeburn,
2152274,2171280,Cluden,
2152274,9957699,Coalfalls,
2152274,8348518,Coes Creek,
2152274,7932671,Collingwood Park,
2152274,2170977,Collinsville,
2152274,2170907,Comet,
2152274,8348879,Condon,
2152274,2170748,Conondale,
2152274,8347793,Coochiemudlo Island,
2152274,8348969,Cooee Bay,
2152274,2170658,Cooktown,
2152274,2170628,Coolangatta,
2152274,8219743,Cooloola Cove,
2152274,2170581,Coolum Beach,
2152274,8348789,Coombabah,
2152274,11694935,Coomera,
2152274,2170547,Coominya,
2152274,9957339,Coopers Plains,
2152274,8310689,Cooran,
2152274,10115994,Cooroibah,
2152274,2170437,Cooroy,
2152274,2170435,Coorparoo,
2152274,2170427,Cootharaba,
2152274,8348113,Cooya Beach,
2152274,8349168,Coppabella,
2152274,8348790,Coral Cove,
2152274,2170318,Corinda,
2152274,2170278,Cornubia,
2152274,8348130,Cotswold Hills,
2152274,8219746,Craiglie,
2152274,8219747,Craignish,
2152274,8349416,Cranbrook,
2152274,2170070,Cranley,
2152274,8348857,Crestmead,
2152274,2169883,Crows Nest,
2152274,11102939,Cullinane,
2152274,2169728,Cunnamulla,
2152274,2169689,Curra,
2152274,8348253,Currajong,
2152274,8349370,Currimundi,
2152274,11695436,Currumbin,
2152274,8348801,Currumbin Valley,
2152274,10063132,Currumbin Waters,
2152274,8347882,Daisy Hill,
2152274,2169537,Dakabin,
2152274,2169535,Dalby,
2152274,10114319,Darling Heights,
2152274,2169360,Darra,
2152274,2169282,Dayboro,
2152274,2169237,Deagon,
2152274,2169220,Deception Bay,
2152274,7932667,Deebing Heights,
2152274,8219753,Deeragun,
2152274,9958239,Delaneys Creek,
2152274,8348325,Depot Hill,
2152274,10104164,Dicky Beach,
2152274,10104165,Diddillibah,
2152274,2168819,Dimbulah,
2152274,2168765,Dinmore,
2152274,2168726,Dirranbandi,
2152274,2174104,Donnybrook,
2152274,8348858,Doolandella,
2152274,8310698,Doomadgee,
2152274,7289869,Doonan,
2152274,8348255,Douglas,
2152274,8348860,Draper,
2152274,2168405,Drayton,
2152274,8348024,Drewvale,
2152274,2168224,Dugandan,
2152274,10104639,Dulong,
2152274,8219756,Dundowran,
2152274,8219757,Dundowran Beach,
2152274,2168050,Dunwich,
2152274,8349245,Durack,
2152274,6943569,Dutton Park,
2152274,8310699,Dysart,
2152274,2169568,D’Aguilar,D'Aguilar
2152274,2167983,Eagleby,
2152274,8348812,Earlville,
2152274,2207258,East Brisbane,
2152274,8348141,East Deep Creek,
2152274,10235577,East Innisfail,
2152274,9957700,East Ipswich,
2152274,10097509,East Mackay,
2152274,10114321,East Toowoomba,
2152274,7932663,Eastern Heights,
2152274,9958152,Eatons Hill,
2152274,8348378,Edens Landing,
2152274,2167771,Edge Hill,
2152274,2167744,Edmonton,
2152274,8348437,Eerwah Vale,
2152274,2167693,Eidsvold,
2152274,2167651,Eight Mile Plains,
2152274,2167631,Eimeo,
2152274,8348464,Elanora,
2152274,8348689,Eli Waters,
2152274,2167566,Elimbah,
2152274,8348449,Ellen Grove,
2152274,2167490,Elliott Heads,
2152274,2167426,Emerald,
2152274,2167333,Emu Park,
2152274,8348782,Enoggera,
2152274,10097510,Erakala,
2152274,2167230,Esk,
2152274,2167192,Etna Creek,
2152274,2167190,Eton,
2152274,2167164,Eudlo,
2152274,2167134,Eumundi,
2152274,8348461,Everton Hills,
2152274,9957324,Everton Park,
2152274,6533369,Fairfield,
2152274,2166857,Farleigh,
2152274,2166849,Farnborough,
2152274,2166746,Fernvale,
2152274,6943583,Ferny Grove,
2152274,9958153,Ferny Hills,
2152274,8348864,Fig Tree Pocket,
2152274,2166693,Finch Hatton,
2152274,6944262,Fitzgibbon,
2152274,8347970,Flaxton,
2152274,7932666,Flinders View,
2152274,10104166,Forest Glen,
2152274,2166336,Forest Hill,
2152274,9957340,Forest Lake,
2152274,8348866,Forestdale,
2152274,6943577,Fortitude Valley,
2152274,8348867,Frenchville,
2152274,2166083,Freshwater,
2152274,8348558,Gailes,
2152274,8348853,Garbutt,
2152274,2165828,Gatton,
2152274,8348563,Gaven,
2152274,2165818,Gayndah,
2152274,2165815,Gaythorne,
2152274,8347841,Geebung,
2152274,2165548,Gilston,
2152274,2165529,Gin Gin,
2152274,2165478,Gladstone,
2152274,11704262,Gladstone Central,
2152274,2165458,Glass House Mountains,
2152274,8347853,Glen Aplin,
2152274,8348145,Glen Eden,
2152274,8219766,Glenden,
2152274,2165352,Gleneagle,
2152274,2165339,Glenella,
2152274,2165227,Glenore Grove,
2152274,8349317,Glenvale,
2152274,2165173,Glenview,
2152274,2165087,Gold Coast,
2152274,7303640,Golden Beach,
2152274,8349273,Goldsborough,
2152274,2165045,Gooburrum,
2152274,2165025,Goodna,
2152274,8219768,Goombungee,
2152274,2164988,Goomeri,
2152274,11102947,Goondi Bend,
2152274,11102948,Goondi Hill,
2152274,2164972,Goondiwindi,
2152274,9957325,Gordon Park,
2152274,2164883,Gordonvale,
2152274,2164797,Gowrie Junction,
2152274,2164784,Gracemere,
2152274,8349342,Graceville,
2152274,8349343,Grange,
2152274,2164702,Grantham,
2152274,8349132,Granville,
2152274,8219770,Grasstree Beach,
2152274,2164601,Greenbank,
2152274,2164536,Greenmount,
2152274,9957342,Greenslopes,
2152274,8348868,Griffin,
2152274,8348869,Guanaba,
2152274,8348849,Gulliver,
2152274,9957500,Gumdale,
2152274,2164129,Gympie,
2152274,2164124,Habana,
2152274,2207245,Hamilton,
2152274,2164000,Hampden,
2152274,8348075,Happy Valley,
2152274,2163914,Harlaxton,
2152274,2163881,Harristown,
2152274,2163880,Harrisville,
2152274,2163821,Hatton Vale,
2152274,2207252,Hawthorne,
2152274,2163754,Hay Point,
2152274,11704323,Healy,
2152274,8348143,Heathwood,
2152274,8349264,Heatley,
2152274,7576707,Helensvale,
2152274,2163633,Helidon,
2152274,8349345,Hemmant,
2152274,8349348,Hendra,
2152274,2163558,Herberton,
2152274,8348161,Heritage Park,
2152274,8348237,Hermit Park,
2152274,6931014,Herston,
2152274,6354957,Hervey Bay,
2152274,8219752,Highfields,
2152274,6943567,Highgate Hill,
2152274,8348148,Highland Park,
2152274,8348870,Highvale,
2152274,8348280,Hillcrest,
2152274,10114322,Hodgson Vale,
2152274,11978598,Holland Park,
2152274,8348561,Holland Park West,
2152274,2207391,Holloways Beach,
2152274,7521753,Hollywell,
2152274,8349341,Holmview,
2152274,2163237,Home Hill,
2152274,8310718,Hope Island,
2152274,8219775,Hope Vale,
2152274,8348242,Horn,
2152274,8310719,Horseshoe Bay,
2152274,2163017,Howard,
2152274,2162976,Hughenden,
2152274,8349262,Hunchy,
2152274,8348157,Hyde Park,
2152274,8347819,Idalia,
2152274,8348034,Ilkley,
2152274,2162760,Imbil,
2152274,6931021,Inala,
2152274,6943573,Indooroopilly,
2152274,2162737,Ingham,
2152274,2162724,Inglewood,
2152274,8348871,Injinoo,
2152274,8219778,Innes Park,
2152274,2162683,Innisfail,
2152274,11102940,Innisfail Estate,
2152274,8347820,Inverness,
2152274,2162644,Ipswich,
2152274,8348174,Ironbark,
2152274,8219779,Jacobs Well,
2152274,8347909,Jamboree Heights,
2152274,2162433,Jandowae,
2152274,8219780,Jensen,
2152274,2162276,Jimboomba,
2152274,8349277,Jindalee,
2152274,10113196,Jones Hill,
2152274,8348872,Joyner,
2152274,8348778,Jubilee Pocket,
2152274,2162101,Julatten,
2152274,2162098,Julia Creek,
2152274,2162002,Kalbar,
2152274,11703908,Kalinga,
2152274,8348182,Kalkie,
2152274,6943560,Kallangur,
2152274,8349314,Kamerunga,
2152274,2161941,Kandanga,
2152274,8349247,Kangaroo Point,
2152274,8348264,Kanimbla,
2152274,8219786,Karalee,
2152274,8219787,Karana Downs,
2152274,2161798,Karumba,
2152274,8348749,Kawana,
2152274,2161762,Kawungan,
2152274,8349198,Kearneys Spring,
2152274,8348750,Kedron,
2152274,8349248,Kelso,
2152274,6931015,Kelvin Grove,
2152274,2161650,Kenilworth,
2152274,6931020,Kenmore,
2152274,9957647,Kenmore Hills,
2152274,8349249,Kensington,
2152274,8348530,Kensington Grove,
2152274,6943584,Keperra,
2152274,8348873,Kepnock,
2152274,7284453,Kewarra Beach,
2152274,8347783,Kiels Mountain,
2152274,2161470,Kilcoy,
2152274,2161452,Kilkivan,
2152274,2161441,Killarney,
2152274,2161291,Kin Kin,
2152274,8348500,Kin Kora,
2152274,2161376,Kingaroy,
2152274,8349254,Kings Beach,
2152274,2161318,Kingsthorpe,
2152274,2161315,Kingston,
2152274,7290158,Kinka Beach,
2152274,7932689,Kippa-Ring,
2152274,8349209,Kirkwood,
2152274,8349354,Kirwan,
2152274,2161235,Kleinton,
2152274,2161198,Koah,
2152274,8348880,Koongal,
2152274,6640072,Kooralbyn,
2152274,2161026,Koumala,
2152274,2161022,Kowanyama,
2152274,8347867,Kuluin,
2152274,8348876,Kuraby,
2152274,2160944,Kuranda,
2152274,8349389,Kureelpa,
2152274,7290161,Kurrimine Beach,
2152274,7932692,Kurwongbah,
2152274,2160914,Kuttabul,
2152274,8012683,Labrador,
2152274,2160782,Laidley,
2152274,8348886,Lake Macdonald,
2152274,2160737,Lakes Creek,
2152274,8349424,Lammermoor,
2152274,2160645,Landsborough,
2152274,2160514,Laura,
2152274,2160484,Lawnton,
2152274,8349250,Leichhardt,
2152274,8348536,Little Mountain,
2152274,8310734,Lockhart River,
2152274,8348878,Lockrose,
2152274,8348881,Lockyer Waters,
2152274,8348882,Logan Central,
2152274,7281838,Logan City,
2152274,9958108,Logan Reserve,
2152274,2159729,Logan Village,
2152274,2159734,Loganholme,
2152274,2159732,Loganlea,
2152274,2159630,Longreach,
2152274,8348457,Lota,
2152274,10063293,Lower Beechmont,
2152274,2159424,Lowood,
2152274,2159397,Lucinda,
2152274,6943550,Lutwyche,
2152274,6943576,Macgregor,
2152274,8348774,Machans Beach,
2152274,2159220,Mackay,
2152274,10097512,Mackay City,
2152274,10097513,Mackay Harbour,
2152274,9957345,Mackenzie,
2152274,8348178,Macleay Island,
2152274,7303211,Magnetic Island,
2152274,6941781,Main Beach,
2152274,2159006,Malanda,
2152274,2158983,Maleny,
2152274,6943561,Mango Hill,
2152274,9957521,Manly West,
2152274,8348165,Manoora,
2152274,9957346,Mansfield,
2152274,8348896,Manunda,
2152274,2158812,Mapleton,
2152274,2158777,Marburg,
2152274,8219800,Marcoola,
2152274,7289870,Marcus Beach,
2152274,2158767,Mareeba,
2152274,2158745,Margate,
2152274,2158731,Marian,
2152274,8348889,Maroochy River,
2152274,2207268,Maroochydore,
2152274,8348890,Marsden,
2152274,2158562,Maryborough,
2152274,11704400,Maryborough West,
2152274,2158494,Maudsland,
2152274,8348883,McDowall,
2152274,2158310,McKinlay,
2152274,8348893,Meadowbrook,
2152274,8348180,Menzies,
2152274,9195765,Meridan Plains,
2152274,11704321,Meringandan West,
2152274,7535702,Mermaid Beach,
2152274,10063458,Mermaid Waters,
2152274,8348245,Merrimac,
2152274,7932257,Miami,
2152274,8348706,Middle Park,
2152274,8349351,Middle Ridge,
2152274,6696812,Middlemount,
2152274,2157694,Miles,
2152274,2157678,Millaa Millaa,
2152274,8348258,Millbank,
2152274,11704435,Millchester,
2152274,2157641,Millmerran,
2152274,8349252,Millstream,
2152274,6943570,Milton,
2152274,2157576,Minden,
2152274,8348894,Minyama,
2152274,2157491,Mirani,
2152274,2157486,Miriam Vale,
2152274,8358875,Mission Beach,
2152274,8348184,Mission River,
2152274,2157409,Mitchell,
2152274,2157380,Mitchelton,
2152274,10104168,Moffat Beach,
2152274,2157331,Moggill,
2152274,8348249,Molendinar,
2152274,10113237,Monkland,
2152274,8349357,Mons,
2152274,2157166,Monto,
2152274,2157157,Montville,
2152274,2157109,Mooloolaba,
2152274,7932656,Moores Pocket,
2152274,8348895,Mooroobool,
2152274,8348900,Moorooka,
2152274,6533368,Moranbah,
2152274,2156934,Morayfield,
2152274,9957533,Moreton Island,
2152274,9957543,Morningside,
2152274,8348252,Mornington,
2152274,2156783,Mossman,
2152274,8349294,Mothar Mountain,
2152274,8029784,Mount Coolum,
2152274,2156683,Mount Cotton,
2152274,2156681,Mount Crosby,
2152274,2156636,Mount Gravatt,
2152274,9957347,Mount Gravatt East,
2152274,2065594,Mount Isa,
2152274,2156608,Mount Julian,
2152274,8348702,Mount Lofty,
2152274,10104896,Mount Louisa,
2152274,8310717,Mount Low,
2152274,2156564,Mount Morgan,
2152274,10063515,Mount Nathan,
2152274,6943575,Mount Ommaney,
2152274,2156546,Mount Perry,
2152274,8348284,Mount Pleasant,
2152274,2156524,Mount Samson,
2152274,8348842,Mount Sheridan,
2152274,8348285,Mount Warren Park,
2152274,8349412,Mountain Creek,
2152274,2156480,Moura,
2152274,2156472,Mourilyan,
2152274,10241401,Mowbray,
2152274,2156403,Mudgeeraba,
2152274,8310745,Mudjimba,
2152274,8599683,Mulambin,
2152274,8348423,Mundingburra,
2152274,8348901,Mundoolun,
2152274,2156240,Mundubbera,
2152274,8348865,Munruben,
2152274,8260131,Murarrie,
2152274,2156157,Murgon,
2152274,2156138,Murphys Creek,
2152274,8347676,Murray,
2152274,8348442,Murrumba Downs,
2152274,8348195,Mysterton,
2152274,2155862,Nambour,
2152274,2155845,Nanango,
2152274,11704406,Nanum,
2152274,2155787,Narangba,
2152274,9885830,Nathan,
2152274,2155628,Nebo,
2152274,8310748,Nelly Bay,
2152274,2155542,Nerang,
2152274,8348903,New Auckland,
2152274,8348547,New Beith,
2152274,2207249,New Farm,
2152274,8219807,New Mapoon,
2152274,2155424,Newmarket,
2152274,7932690,Newport,
2152274,2155398,Newstead,
2152274,8348594,Newtown,
2152274,2155329,Nikenbah,
2152274,8348908,Ninderry,
2152274,8310750,Ningi,
2152274,2155218,Nobby,
2152274,2155175,Nome,
2152274,2155135,Noosa Heads,
2152274,2155132,Noosaville,
2152274,8347999,Norman Gardens,
2152274,2207250,Norman Park,
2152274,2155085,Normanton,
2152274,2155072,North Arm,
2152274,7932655,North Booval,
2152274,7932658,North Ipswich,
2152274,8348001,North Isis,
2152274,6943562,North Lakes,
2152274,2154917,North Mackay,
2152274,9958110,North Maclean,
2152274,10104892,North Maleny,
2152274,10114323,North Toowoomba,
2152274,8348456,North Ward,
2152274,8348613,Norville,
2152274,6943554,Nudgee,
2152274,6943548,Nundah,
2152274,2154656,Oakey,
2152274,2154630,Oakhurst,
2152274,8348918,Ocean View,
2152274,2154344,One Mile,
2152274,2154261,Oonoonba,
2152274,8349315,Ooralea,
2152274,2154178,Ormeau,
2152274,10063591,Ormeau Hills,
2152274,2154176,Ormiston,
2152274,7302638,Oxenford,
2152274,2154050,Oxley,
2152274,8348919,Pacific Haven,
2152274,8348550,Pacific Heights,
2152274,8348551,Pacific Paradise,
2152274,8348920,Pacific Pines,
2152274,6943586,Paddington,
2152274,2153930,Pallarenda,
2152274,2153925,Palm Beach,
2152274,2206599,Palm Cove,
2152274,8310762,Palm Island,
2152274,8349316,Palmview,
2152274,2153887,Palmwoods,
2152274,6697782,Paradise Point,
2152274,8348795,Park Avenue,
2152274,2153773,Park Ridge,
2152274,9958111,Park Ridge South,
2152274,2153775,Parkhurst,
2152274,8349037,Parkinson,
2152274,8347947,Parkside,
2152274,8348307,Parkwood,
2152274,8349386,Parramatta Park,
2152274,8348365,Parrearra,
2152274,2153650,Peachester,
2152274,2153639,Peak Crossing,
2152274,2153566,Peeramon,
2152274,8348925,Pelican Waters,
2152274,6957219,Peregian Beach,
2152274,10104370,Peregian Springs,
2152274,2153359,Petrie,
2152274,8348202,Petrie Terrace,
2152274,2153301,Pialba,
2152274,8348248,Pimlico,
2152274,2153168,Pimpama,
2152274,2153082,Pine Mountain,
2152274,8348926,Pinjarra Hills,
2152274,8348295,Pioneer,
2152274,2152918,Pittsworth,
2152274,8348909,Placid Hills,
2152274,2152900,Plainland,
2152274,2207309,Point Lookout,
2152274,2152812,Point Vernon,
2152274,2152750,Pomona,
2152274,8348927,Poona,
2152274,8310768,Pormpuraaw,
2152274,2152681,Port Douglas,
2152274,10114324,Preston,
2152274,10114325,Prince Henry Heights,
2152274,2152490,Proserpine,
2152274,9957656,Pullenvale,
2152274,2152388,Purga,
2152274,8349227,Queenton,
2152274,2152257,Quilpie,
2152274,11704397,Qunaba,
2152274,7932664,Raceview,
2152274,8348196,Railway Estate,
2152274,6955345,Rainbow Beach,
2152274,10114318,Rangeville,
2152274,8349319,Rangewood,
2152274,8348207,Rasmussen,
2152274,2152048,Ravenshoe,
2152274,2151905,Red Hill,
2152274,2151998,Redbank,
2152274,7932670,Redbank Plains,
2152274,2151892,Redland Bay,
2152274,2151886,Redlynch,
2152274,8348205,Redridge,
2152274,8347926,Reedy Creek,
2152274,8348929,Reesville,
2152274,8348206,Regency Downs,
2152274,8349232,Regents Park,
2152274,9957348,Richlands,
2152274,2151651,Richmond,
2152274,2151566,Ripley,
2152274,8219819,River Heads,
2152274,9957668,Riverhills,
2152274,2151513,Riverview,
2152274,9883891,Robertson,
2152274,8348930,Robina,
2152274,2151457,Rochedale,
2152274,9958114,Rochedale South,
2152274,2151437,Rockhampton,
2152274,2151430,Rocklea,
2152274,8348226,Rockville,
2152274,2151187,Roma,
2152274,8348208,Rosemount,
2152274,9973239,Rosenthal Heights,
2152274,2151057,Rosewood,
2152274,8348560,Rosslea,
2152274,10231308,Rosslyn,
2152274,7932691,Rothwell,
2152274,8348735,Rowes Bay,
2152274,2150867,Rubyvale,
2152274,8348932,Runaway Bay,
2152274,8348933,Runcorn,
2152274,8348934,Rural View,
2152274,9958140,Russell Island,
2152274,9957702,Sadliers Crossing,
2152274,8349401,Salisbury,
2152274,2150521,Samford,
2152274,9958500,Samford Valley,
2152274,2150513,Samson Vale,
2152274,2150483,Sandgate,
2152274,8310774,Sandstone Point,
2152274,8349260,Sandy Creek,
2152274,2150229,Sapphire,
2152274,2150216,Sarina,
2152274,8310775,Sarina Beach,
2152274,2207330,Scarborough,
2152274,2150126,Scarness,
2152274,2148760,Seaforth,
2152274,9957594,Seven Hills,
2152274,9957349,Seventeen Mile Rocks,
2152274,8347715,Shailer Park,
2152274,2149738,Sharon,
2152274,10104899,Shaw,
2152274,8348213,Sheldon,
2152274,8348300,Shelly Beach,
2152274,8310778,Shoal Point,
2152274,2149586,Shorncliffe,
2152274,7932660,Silkstone,
2152274,8348838,Sinnamon Park,
2152274,8219830,Sippy Downs,
2152274,2149349,Slacks Creek,
2152274,2207295,Slade Point,
2152274,8348912,Soldiers Hill,
2152274,10110264,South Bingera,
2152274,2207259,South Brisbane,
2152274,11704273,South Gladstone,
2152274,10235579,South Innisfail,
2152274,9535099,South Kolan,
2152274,10097514,South Mackay,
2152274,9958120,South Maclean,
2152274,2206564,South Mission Beach,
2152274,2148950,South Nanango,
2152274,9958071,South Ripley,
2152274,10114328,South Toowoomba,
2152274,10104900,South Townsville,
2152274,2149056,Southbrook,
2152274,8349261,Southern Cross,
2152274,2148928,Southport,
2152274,8347968,Southside,
2152274,8348939,Speewah,
2152274,8349258,Spring Creek,
2152274,2148627,Spring Hill,
2152274,2148764,Springbrook,
2152274,9957703,Springfield,
2152274,6693094,Springfield Lakes,
2152274,2148602,Springsure,
2152274,7302625,Springwood,
2152274,8347972,St George,
2152274,9957327,Stafford,
2152274,9957328,Stafford Heights,
2152274,2148507,Stanthorpe,
2152274,2148407,Steiglitz,
2152274,2148336,Stockleigh,
2152274,2148101,Strathdickie,
2152274,2148070,Strathpine,
2152274,8347825,Stretton,
2152274,10105493,Stuart,
2152274,2147923,Summerholm,
2152274,8349325,Sumner,
2152274,8348971,Sun Valley,
2152274,2147892,Sunnybank,
2152274,9957350,Sunnybank Hills,
2152274,8348940,Sunrise Beach,
2152274,8348941,Sunset,
2152274,8348008,Sunshine Acres,
2152274,11746419,Sunshine Beach,
2152274,10630449,Sunshine Coast,
2152274,2147849,Surfers Paradise,
2152274,11704290,Svensson Heights,
2152274,2147692,Taabinga,
2152274,6943556,Taigum,
2152274,2147608,Takura,
2152274,8349014,Tallai,
2152274,2147558,Tallebudgera,
2152274,10063826,Tallebudgera Valley,
2152274,2147526,Tamaree,
2152274,2147509,Tamborine,
2152274,6951440,Tamborine Mountain,
2152274,8348566,Tanah Merah,
2152274,8348564,Tanawha,
2152274,2147492,Tanby,
2152274,8219811,Tannum Sands,
2152274,2147421,Tara,
2152274,8348622,Taranganba,
2152274,6931018,Taringa,
2152274,2147347,Taroom,
2152274,11704416,Taroomball,
2152274,2147336,Tarragindi,
2152274,8348693,Telina,
2152274,8348131,Teneriffe,
2152274,2147092,Tennyson,
2152274,2146997,Tewantin,
2152274,2146992,Thabeban,
2152274,2146987,Thagoona,
2152274,2146973,Thangool,
2152274,2146955,The Caves,
2152274,10113272,The Dawn,
2152274,6943585,The Gap,
2152274,8348942,The Gemfields,
2152274,2146911,The Leap,
2152274,8219835,The Palms,
2152274,8348155,The Range,
2152274,2146901,Theodore,
2152274,9958141,Thorneside,
2152274,2146782,Thornlands,
2152274,8310780,Thursday Island,
2152274,2146669,Tiaro,
2152274,6930555,Tieri,
2152274,2146567,Tin Can Bay,
2152274,8348944,Tinana,
2152274,10114921,Tinbeerwah,
2152274,8348945,Tingalpa,
2152274,9957705,Tivoli,
2152274,2146473,Tolga,
2152274,11704420,Toll,
2152274,2146356,Toogoolawah,
2152274,2146355,Toogoom,
2152274,2146334,Toolooa,
2152274,2146282,Toorbul,
2152274,2146270,Toowong,
2152274,2146268,Toowoomba,
2152274,10114333,Top Camp,
2152274,2146232,Torbanlea,
2152274,2146219,Torquay,
2152274,8349403,Torrington,
2152274,2146142,Townsville,
2152274,11704314,Townview,
2152274,2146013,Trinity Beach,
2152274,11704306,Trinity Park,
2152274,11704385,Trunding,
2152274,2145929,Tugun,
2152274,2145903,Tully,
2152274,11704305,Twin Waters,
2152274,8347902,Underwood,
2152274,2145470,Upper Brookfield,
2152274,2145467,Upper Caboolture,
2152274,2145461,Upper Coomera,
2152274,8348321,Upper Kedron,
2152274,9957351,Upper Mount Gravatt,
2152274,2145392,Urangan,
2152274,2145361,Urraween,
2152274,7302634,Varsity Lakes,
2152274,8348948,Verrierdale,
2152274,10113308,Veteran,
2152274,2145214,Victoria Point,
2152274,8349265,Victory Heights,
2152274,8349339,Vincent,
2152274,2145155,Virginia,
2152274,2145135,Wacol,
2152274,8348542,Wakerley,
2152274,8348951,Walkamin,
2152274,2145005,Walkerston,
2152274,8349107,Walkervale,
2152274,2144894,Walloon,
2152274,2144820,Wamuran,
2152274,8349110,Wandal,
2152274,2144790,Wandoan,
2152274,8219841,Wangan,
2152274,8348953,Warana,
2152274,8348954,Warner,
2152274,2144502,Warwick,
2152274,9958129,Waterford West,
2152274,8348153,Wattle Camp,
2152274,8349257,Wavell Heights,
2152274,2144209,Weipa,
2152274,8347753,Wellesley Islands,
2152274,2144157,Wellington Point,
2152274,6943564,West End,
2152274,11704263,West Gladstone,
2152274,10097515,West Mackay,
2152274,10104158,West Rockhampton,
2152274,8348956,West Stowe,
2152274,10104507,West Woombye,
2152274,2144053,Westbrook,
2152274,8348570,Westcourt,
2152274,8348026,Westlake,
2152274,2143804,White Rock,
2152274,8347760,Whiteside,
2152274,8348993,Whitfield,
2152274,8347767,Whitsundays,
2152274,8348958,Widgee,
2152274,9958504,Wights Mountain,
2152274,8349001,Willow Vale,
2152274,8348959,Willowbank,
2152274,8348961,Wilsonton,
2152274,10114335,Wilsonton Heights,
2152274,9957330,Wilston,
2152274,2143440,Windaroo,
2152274,6943579,Windsor,
2152274,8349005,Winston,
2152274,2143350,Winton,
2152274,8348322,Wishart,
2152274,8219849,Withcott,
2152274,8348965,Witheren,
2152274,2143304,Witta,
2152274,2143180,Wondai,
2152274,2143177,Wondecla,
2152274,8348435,Wondunna,
2152274,8219850,Wongaling Beach,
2152274,6951339,Wongawallan,
2152274,8348962,Woodend,
2152274,2143099,Woodford,
2152274,2143095,Woodgate,
2152274,2143092,Woodhill,
2152274,2143069,Woodridge,
2152274,7932688,Woody Point,
2152274,6943568,Woolloongabba,
2152274,6943551,Wooloowin,
2152274,2142951,Woombye,
2152274,11745838,Woongarra,
2152274,2142940,Woorabinda,
2152274,2142930,Woorim,
2152274,2142902,Woree,
2152274,2142894,Worongary,
2152274,8348571,Wulguru,
2152274,2142840,Wulkuraka,
2152274,8348974,Wurtulla,
2152274,2142750,Wynnum,
2152274,9957637,Wynnum West,
2152274,2142734,Wyreema,
2152274,8348975,Yabulu,
2152274,7932668,Yamanto,
2152274,2142595,Yandina,
2152274,9973306,Yandina Creek,
2152274,8219852,Yaroomba,
2152274,8348572,Yarrabah,
2152274,9958130,Yarrabilba,
2152274,2142492,Yarraman,
2152274,2142409,Yatala,
2152274,9957352,Yeerongpilly,
2152274,2142316,Yeppoon,
2152274,11523849,Yeppoon city centre,
2152274,9957353,Yeronga,
2152274,2206601,Yorkeys Knob,
2152274,2142206,Yungaburra,
2152274,6943555,Zillmere,
2152274,6945560,Zilzie,
2155400,8348409,Abbotsbury,
2155400,2178377,Abbotsford,
2155400,8348411,Abercrombie,
2155400,2178366,Aberdare,
2155400,2178364,Aberdeen,
2155400,2178354,Aberglasslyn,
2155400,2178351,Abermain,
2155400,8347690,Acacia Gardens,
2155400,8348418,Adamstown,
2155400,8347693,Adamstown Heights,
2155400,2178267,Adelong,
2155400,8310674,Agnes Banks,
2155400,8348412,Airds,
2155400,2178179,Albion Park,
2155400,10108696,Albion Park Rail,
2155400,2178174,Albury,
2155400,2178167,Aldavilla,
2155400,2178136,Alexandria,
2155400,8347694,Alfords Point,
2155400,9972597,Allambie Heights,
2155400,8348413,Allawah,
2155400,2177999,Alstonville,
2155400,8348417,Ambarvale,
2155400,2177860,Anna Bay,
2155400,2177854,Annandale,
2155400,8347691,Annangrove,
2155400,2177806,Appin,
2155400,2177746,Arcadia,
2155400,10103762,Arcadia vale,
2155400,2177715,Ardlethan,
2155400,8347695,Argenton,
2155400,2177671,Armidale,
2155400,6695559,Arncliffe,
2155400,8219728,Arrawarra,
2155400,11745855,Arrawarra Headland,
2155400,2177626,Artarmon,
2155400,8347699,Ashbury,
2155400,8347716,Ashcroft,
2155400,2177565,Ashfield,
2155400,2177564,Ashford,
2155400,8347718,Ashmont,
2155400,10104094,Ashtonfield,
2155400,2177543,Asquith,
2155400,2177523,Attunga,
2155400,2177513,Auburn,
2155400,2177482,Austinmer,
2155400,8348419,Austral,
2155400,2177451,Avoca Beach,
2155400,10108708,Avondale,
2155400,8348421,Balcolyn,
2155400,2177114,Balgowlah,
2155400,2207840,Balgowlah Heights,
2155400,2177113,Balgownie,
2155400,2177069,Ballina,
2155400,2177052,Balmain,
2155400,9972598,Balmain East,
2155400,2177030,Balranald,
2155400,2176973,Bangalow,
2155400,2205982,Bangor,
2155400,9972599,Banksia,
2155400,2176947,Bankstown,
2155400,2176934,Banora Point,
2155400,10103835,Bar Beach,
2155400,2176916,Baradine,
2155400,8348425,Barden Ridge,
2155400,11703909,Bardia,
2155400,8348430,Bardwell Park,
2155400,9972600,Bardwell Valley,
2155400,2176877,Barellan,
2155400,2176866,Bargo,
2155400,2176862,Barham,
2155400,2176793,Barnsley,
2155400,2176780,Barooga,
2155400,2176771,Barraba,
2155400,10108731,Barrack Heights,
2155400,10108732,Barrack Point,
2155400,8219723,Basin View,
2155400,2176648,Bass Hill,
2155400,8310668,Bateau Bay,
2155400,8347711,Batehaven,
2155400,2176639,Batemans Bay,
2155400,2176632,Bathurst,
2155400,11523845,Bathurst city centre,
2155400,2176625,Batlow,
2155400,2176592,Baulkham Hills,
2155400,8310669,Bawley Point,
2155400,2176562,Bay View,
2155400,8348431,Beacon Hill,
2155400,8348434,Beaconsfield,
2155400,8436118,Beaumont Hills,
2155400,2176431,Beechwood,
2155400,8629873,Beecroft,
2155400,2176401,Bega,
2155400,9972601,Belfield,
2155400,8347755,Belimbla Park,
2155400,8348480,Bella Vista,
2155400,2176344,Bellambi,
2155400,2176329,Bellbird,
2155400,10104006,Bellbird Heights,
2155400,2207748,Bellevue Hill,
2155400,2176295,Bellingen,
2155400,2176263,Belmont,
2155400,10103878,Belmont North,
2155400,10103879,Belmont South,
2155400,8348436,Belmore,
2155400,2176245,Belrose,
2155400,2176234,Bemboka,
2155400,2176124,Bensville,
2155400,9972602,Berala,
2155400,2176096,Beresfield,
2155400,2176090,Berkeley,
2155400,2176088,Berkeley Vale,
2155400,8348439,Berkshire Park,
2155400,2176087,Bermagui,
2155400,2176081,Berowra,
2155400,9972604,Berowra Heights,
2155400,2176067,Berridale,
2155400,2176065,Berrigan,
2155400,2176061,Berrima,
2155400,2176053,Berry,
2155400,9972607,Beverley Park,
2155400,8348441,Beverly Hills,
2155400,2175974,Bexley,
2155400,9972613,Bexley North,
2155400,8349194,Bidwill,
2155400,10113568,Bilambil Heights,
2155400,8613846,Bilbul,
2155400,9972616,Bilgola Plateau,
2155400,2175818,Bilpin,
2155400,2175793,Binalong,
2155400,2175760,Bingara,
2155400,2175735,Binnaway,
2155400,8348446,Birchgrove,
2155400,8348426,Birmingham Gardens,
2155400,8348525,Birrong,
2155400,11704373,Black Head,
2155400,10103837,Black Hill,
2155400,8347780,Blackalls Park,
2155400,8349195,Blackbutt,
2155400,9972617,Blackett,
2155400,2175553,Blackheath,
2155400,8614882,Blacksmiths,
2155400,2175411,Blacktown,
2155400,2175408,Blackwall,
2155400,8349196,Blair Athol,
2155400,2206003,Blakehurst,
2155400,2175341,Blaxland,
2155400,2175338,Blayney,
2155400,8348531,Bligh Park,
2155400,8348520,Blue Bay,
2155400,8347723,Blue Haven,
2155400,6615604,Blue Mountains,
2155400,2175159,Boambee,
2155400,9535162,Boambee East,
2155400,8310682,Boat Harbour,
2155400,2175108,Bodalla,
2155400,8219732,Bogangar,
2155400,2175077,Boggabilla,
2155400,2175076,Boggabri,
2155400,10103880,Bolton Point,
2155400,2174979,Bolwarra,
2155400,10104095,Bolwarra Heights,
2155400,2174976,Bomaderry,
2155400,2174973,Bombala,
2155400,2208290,Bondi,
2155400,9972618,Bondi Beach,
2155400,8555644,Bondi Junction,
2155400,8310683,Bonnells Bay,
2155400,2205987,Bonnet Bay,
2155400,8219734,Bonny Hills,
2155400,8348422,Bonnyrigg,
2155400,8347727,Bonnyrigg Heights,
2155400,2174892,Bonville,
2155400,2174853,Booker Bay,
2155400,2174839,Boolaroo,
2155400,8348455,Booragul,
2155400,10108530,Boorooma,
2155400,2174669,Boorowa,
2155400,8347730,Bossley Park,
2155400,2174563,Botany,
2155400,2174467,Bourke,
2155400,8347773,Bourkelands,
2155400,8347803,Bow Bowing,
2155400,8310685,Bowen Mountain,
2155400,11746202,Bowenfels,
2155400,2174406,Bowning,
2155400,2174400,Bowral,
2155400,2174396,Bowraville,
2155400,8349197,Bradbury,
2155400,2174254,Braidwood,
2155400,8310686,Brandy Hill,
2155400,2174190,Branxton,
2155400,8348134,Bray Park,
2155400,8347808,Breakfast Point,
2155400,2174123,Brewarrina,
2155400,2205999,Brighton-Le-Sands,
2155400,8219737,Brightwaters,
2155400,2174006,Bringelly,
2155400,10103838,Broadmeadow,
2155400,2173951,Broadwater,
2155400,2173926,Broke,
2155400,2173911,Broken Hill,
2155400,2208288,Bronte,
2155400,2173872,Brooklyn,
2155400,2208303,Brookvale,
2155400,2173824,Broulee,
2155400,2173771,Brownsville,
2155400,2173738,Brunswick Heads,
2155400,8349199,Bucca,
2155400,2173592,Budgewoi,
2155400,10103771,Buff Point,
2155400,2173557,Bulahdelah,
2155400,8347732,Bullaburra,
2155400,2173445,Bulli,
2155400,2173306,Bundanoon,
2155400,2173300,Bundarra,
2155400,2205977,Bundeena,
2155400,11704320,Bungarribee,
2155400,2173248,Bungendore,
2155400,8310687,Buronga,
2155400,8347747,Burra,
2155400,2173081,Burradoo,
2155400,2205976,Burraneer,
2155400,7290269,Burrill Lake,
2155400,2173041,Burringbar,
2155400,2172995,Burwood,
2155400,9972619,Burwood Heights,
2155400,8347836,Busby,
2155400,8348463,Buttaba,
2155400,2172930,Buxton,
2155400,2172880,Byron Bay,
2155400,2172874,Bywong,
2155400,8349200,Cabarita,
2155400,8348460,Cabramatta,
2155400,9972621,Cabramatta West,
2155400,11704394,Caddens,
2155400,8347688,Calala,
2155400,8348646,Callaghan,
2155400,8219742,Callala Bay,
2155400,8614682,Callala Beach,
2155400,2172688,Cambewarra Village,
2155400,8348089,Cambridge Gardens,
2155400,9972622,Cambridge Park,
2155400,2172674,Camden,
2155400,2160499,Camden Haven,
2155400,9972623,Camden South,
2155400,8348462,Cameron Park,
2155400,2207822,Cammeray,
2155400,2172586,Campbelltown,
2155400,2172563,Camperdown,
2155400,8348466,Campsie,
2155400,6949375,Canada Bay,
2155400,2172515,Candelo,
2155400,8347756,Caniaba,
2155400,8348469,Canley Heights,
2155400,8347759,Canley Vale,
2155400,2172453,Canowindra,
2155400,6949377,Canterbury,
2155400,8348428,Canton Beach,
2155400,2172389,Captains Flat,
2155400,2172349,Cardiff,
2155400,10103881,Cardiff Heights,
2155400,10103882,Cardiff South,
2155400,8348695,Carey Bay,
2155400,2172318,Cargo,
2155400,2172311,Caringbah,
2155400,9972625,Caringbah South,
2155400,2172303,Carlingford,
2155400,8349201,Carlton,
2155400,9972631,Carnes Hill,
2155400,9972640,Carramar,
2155400,10103839,Carrington,
2155400,9409900,Carrolls Creek,
2155400,8348470,Carss Park,
2155400,8348471,Cartwright,
2155400,8348481,Carwoola,
2155400,2172153,Casino,
2155400,9972637,Castle Cove,
2155400,2172111,Castle Hill,
2155400,2172125,Castlecrag,
2155400,8348475,Castlereagh,
2155400,8347757,Casuarina,
2155400,8348477,Casula,
2155400,8348468,Catalina,
2155400,8347745,Catherine Field,
2155400,8348479,Cattai,
2155400,8348482,Caves Beach,
2155400,8348484,Cecil Hills,
2155400,9972641,Cecil Park,
2155400,8349193,Centennial Park,
2155400,8310663,Central Coast,
2155400,2171845,Cessnock,
2155400,8310664,Chain Valley Bay,
2155400,11551607,Charles Sturt University,
2155400,2171766,Charlestown,
2155400,10103781,Charmhaven,
2155400,2171707,Chatswood,
2155400,9972638,Chatswood West,
2155400,11978585,Cheltenham,
2155400,8347871,Cherrybrook,
2155400,8348486,Chester Hill,
2155400,8347887,Chifley,
2155400,2171594,Chinderah,
2155400,2171589,Chippendale,
2155400,2171586,Chipping Norton,
2155400,13632009,Chisholm,
2155400,8348492,Chiswick,
2155400,10103783,Chittaway Bay,
2155400,2171577,Chittaway Point,
2155400,9972639,Church Point,
2155400,8348494,Claremont Meadows,
2155400,2171465,Clarence Town,
2155400,8347763,Clarenza,
2155400,2171455,Clareville,
2155400,8348732,Claymore,
2155400,9972643,Clemton Park,
2155400,11704413,Cliftleigh,
2155400,8219722,Clifton Grove,
2155400,2207841,Clontarf,
2155400,2208286,Clovelly,
2155400,2171272,Clunes,
2155400,10103885,Coal Point,
2155400,2171216,Cobar,
2155400,2171213,Cobargo,
2155400,2171197,Cobbitty,
2155400,2171085,Coffs Harbour,
2155400,8310666,Coleambally,
2155400,9972646,Colebee,
2155400,2171048,Coledale,
2155400,2171022,Collarenebri,
2155400,2171019,Collaroy,
2155400,9972647,Collaroy Plateau,
2155400,8628218,Collombatti,
2155400,2170954,Colo Vale,
2155400,8348497,Colyton,
2155400,2170880,Como,
2155400,2170852,Concord,
2155400,9972648,Concord West,
2155400,8348737,Condell Park,
2155400,2170841,Condobolin,
2155400,2170796,Coniston,
2155400,2206004,Connells Point,
2155400,9972649,Constitution Hill,
2155400,2170697,Coogee,
2155400,8348508,Cooks Gap,
2155400,10103845,Cooks Hill,
2155400,2170643,Coolah,
2155400,2170634,Coolamon,
2155400,2170577,Cooma,
2155400,8219744,Coomba Park,
2155400,8347771,Coomealla,
2155400,2170540,Coonabarabran,
2155400,2170534,Coonamble,
2155400,2170485,Coopernook,
2155400,2170456,Cooranbong,
2155400,2170430,Cootamundra,
2155400,8348507,Copacabana,
2155400,2170375,Coraki,
2155400,2170366,Coramba,
2155400,10109423,Cordeaux Heights,
2155400,2170314,Corindi,
2155400,11704325,Corindi Beach,
2155400,6690772,Corlette,
2155400,2170260,Corowa,
2155400,2170253,Corrimal,
2155400,2170190,Coutts Crossing,
2155400,8310691,Cowan,
2155400,2170139,Cowra,
2155400,6956354,Crackenback,
2155400,8348511,Cranebrook,
2155400,2207879,Cremorne,
2155400,9972650,Cremorne Point,
2155400,2170013,Crescent Head,
2155400,8348467,Crestwood,
2155400,2169990,Cringila,
2155400,8347772,Cromer,
2155400,2169956,Cronulla,
2155400,2169928,Crookwell,
2155400,8348513,Crosslands,
2155400,8347777,Croudace Bay,
2155400,2207821,Crows Nest,
2155400,2169868,Croydon,
2155400,2169837,Cudal,
2155400,2169821,Cudgen,
2155400,11704268,Culburra Beach,
2155400,2169801,Culcairn,
2155400,2169760,Cumbalum,
2155400,2169736,Cundletown,
2155400,2208304,Curl Curl,
2155400,2169699,Curlewis,
2155400,8348822,Currans Hill,
2155400,2169574,Daceyville,
2155400,7628260,Daleys Point,
2155400,8310693,Dalmeny,
2155400,2169423,Dapto,
2155400,2169405,Dareton,
2155400,2207908,Darling Point,
2155400,2169378,Darlinghurst,
2155400,9972652,Darlington,
2155400,2169371,Darlington Point,
2155400,8348828,Daruka,
2155400,2169314,Davidson,
2155400,2169302,Davistown,
2155400,8348515,Dean Park,
2155400,2208305,Dee Why,
2155400,2169101,Delungra,
2155400,9972654,Denham Court,
2155400,8348517,Denhams Beach,
2155400,2169068,Deniliquin,
2155400,9972655,Denistone,
2155400,8347769,Denistone East,
2155400,9972656,Denistone West,
2155400,2169056,Denman,
2155400,8347949,Dharruk,
2155400,8219754,Diamond Beach,
2155400,2205973,Dolans Bay,
2155400,9972657,Dolls Point,
2155400,8347782,Dondingalong,
2155400,2168556,Doonside,
2155400,2168546,Dora Creek,
2155400,2168534,Dorrigo,
2155400,8348524,Double Bay,
2155400,2168459,Douglas Park,
2155400,2207912,Dover Heights,
2155400,2207783,Drummoyne,
2155400,2168305,Dubbo,
2155400,8348528,Dudley,
2155400,8348836,Dulwich Hill,
2155400,2168164,Dunbogan,
2155400,9972660,Dundas Valley,
2155400,2168128,Dunedoo,
2155400,2168112,Dungog,
2155400,2168066,Dunoon,
2155400,2168076,Duns Creek,
2155400,2168041,Dural,
2155400,2168026,Duri,
2155400,8348532,Eagle Vale,
2155400,2167949,Earlwood,
2155400,10116056,East Albury,
2155400,2167943,East Ballina,
2155400,11704327,East Branxton,
2155400,10109443,East Corrimal,
2155400,2167882,East Gosford,
2155400,2167879,East Hills,
2155400,11704386,East Jindabyne,
2155400,11704372,East Kempsey,
2155400,8347789,East Killara,
2155400,8347790,East Kurrajong,
2155400,9972662,East Lindfield,
2155400,6697124,East Lismore,
2155400,2167869,East Maitland,
2155400,9972663,East Ryde,
2155400,10114336,East Tamworth,
2155400,8347966,Eastern Creek,
2155400,8348718,Eastgardens,
2155400,8348559,Eastlakes,
2155400,2167840,Eastwood,
2155400,8349205,Ebenezer,
2155400,2167799,Eden,
2155400,8347979,Edensor Park,
2155400,2167777,Edgecliff,
2155400,8348540,Edgeworth,
2155400,9972666,Edmondson Park,
2155400,2167699,Eglinton,
2155400,8347980,Elanora Heights,
2155400,2167601,Elderslie,
2155400,8029813,Eleebana,
2155400,10103846,Elermore Vale,
2155400,8348543,Elizabeth Bay,
2155400,11704318,Elizabeth Hills,
2155400,8310700,Ellalong,
2155400,8347986,Ellis Lane,
2155400,8219758,Emerald Beach,
2155400,8348544,Emerton,
2155400,2167404,Emmaville,
2155400,2167391,Empire Bay,
2155400,9972669,Emu Heights,
2155400,2167330,Emu Plains,
2155400,11978586,Enfield,
2155400,2167312,Engadine,
2155400,11978235,Enmore,
2155400,2167280,Epping,
2155400,2167263,Erina,
2155400,9972670,Ermington,
2155400,8358871,Erowal Bay,
2155400,8347795,Erskine Park,
2155400,8348548,Erskineville,
2155400,8348549,Eschol Park,
2155400,8219759,Estella,
2155400,2167185,Ettalong,
2155400,2167183,Ettalong Beach,
2155400,2167160,Eugowra,
2155400,2167145,Eulomogo,
2155400,2167065,Euston,
2155400,2167050,Evans Head,
2155400,8347989,Eveleigh,
2155400,2167004,Ewingsdale,
2155400,2166997,Exeter,
2155400,2166965,Failford,
2155400,2166952,Fairfield,
2155400,9972671,Fairfield East,
2155400,9972672,Fairfield Heights,
2155400,6949378,Fairfield West,
2155400,9972673,Fairlight,
2155400,2206108,Fairy Meadow,
2155400,2166893,Falls Creek,
2155400,8348554,Farmborough Heights,
2155400,2166833,Fassifern,
2155400,2166826,Faulconbridge,
2155400,2166814,Federal,
2155400,10103922,Fennell Bay,
2155400,8347991,Fern Bay,
2155400,2206104,Fern Hill,
2155400,12008915,Figtree,
2155400,8310703,Fingal Bay,
2155400,8347885,Fingal Head,
2155400,2166675,Finley,
2155400,8556200,Fishing Point,
2155400,8348555,Five Dock,
2155400,8348859,Fletcher,
2155400,6255012,Flinders,
2155400,10103923,Floraville,
2155400,2166368,Forbes,
2155400,2166335,Forest Hill,
2155400,8348897,Forest Lodge,
2155400,8348556,Forest Reefs,
2155400,2208302,Forestville,
2155400,6951335,Forresters Beach,
2155400,2166309,Forster,
2155400,8348557,Fountaindale,
2155400,2166113,Frederickton,
2155400,8310705,Freemans Reach,
2155400,8347809,Frenchs Forest,
2155400,6930431,Freshwater,
2155400,8347792,Fullerton Cove,
2155400,2165947,Galston,
2155400,2165929,Ganmain,
2155400,10103926,Garden Suburb,
2155400,10103929,Gateshead,
2155400,8347814,Geneva,
2155400,8348905,Georges Hall,
2155400,8348454,Georgetown,
2155400,2165697,Gerogery,
2155400,2165692,Gerringong,
2155400,8219765,Gerroa,
2155400,2165688,Geurie,
2155400,2165597,Gilgai,
2155400,2165596,Gilgandra,
2155400,8310708,Gillieston Heights,
2155400,8347812,Girards Hill,
2155400,6776556,Girraween,
2155400,2208292,Gladesville,
2155400,2165450,Glebe,
2155400,9972695,Glen Alpine,
2155400,2165291,Glen Innes,
2155400,2165403,Glenbrook,
2155400,10103930,Glendale,
2155400,8348565,Glendenning,
2155400,2165326,Glenfield,
2155400,8347692,Glenfield Park,
2155400,2165303,Glenhaven,
2155400,7302642,Glenmore Park,
2155400,7290469,Glenning Valley,
2155400,2165225,Glenorie,
2155400,2165214,Glenreagh,
2155400,8349391,Glenroy,
2155400,8348142,Glenwood,
2155400,8310709,Glossodia,
2155400,2165159,Gloucester,
2155400,2165065,Gol Gol,
2155400,8347822,Googong,
2155400,2164966,Goonellabah,
2155400,2164903,Gordon,
2155400,11704410,Gormans Hill,
2155400,2164855,Gorokan,
2155400,2164849,Gosford,
2155400,2164837,Goulburn,
2155400,2164771,Grafton,
2155400,2164691,Granville,
2155400,8219769,Grasmere,
2155400,2205989,Grays Point,
2155400,2164572,Green Hill,
2155400,2164526,Green Point,
2155400,8348110,Green Valley,
2155400,8348574,Greenacre,
2155400,8348575,Greenfield Park,
2155400,9972697,Greenhills Beach,
2155400,8348579,Greenleigh,
2155400,2164487,Greenwell Point,
2155400,2207796,Greenwich,
2155400,9972698,Gregory Hills,
2155400,2164457,Grenfell,
2155400,2164451,Greta,
2155400,8348582,Greystanes,
2155400,2164422,Griffith,
2155400,8347828,Grose Vale,
2155400,11704448,Grose Wold,
2155400,9972700,Guildford West,
2155400,2165973,Gulargambone,
2155400,2164352,Gulgong,
2155400,8310711,Gulmarrad,
2155400,2164253,Gundagai,
2155400,2164249,Gundaroo,
2155400,2164206,Gunnedah,
2155400,2164199,Gunning,
2155400,2164149,Guyra,
2155400,8310712,Gwandalan,
2155400,2206112,Gwynneville,
2155400,2205969,Gymea,
2155400,2205979,Gymea Bay,
2155400,2164123,Haberfield,
2155400,8348584,Halekulani,
2155400,8310713,Hallidays Point,
2155400,8348585,Hallsville,
2155400,10103847,Hamilton,
2155400,10103848,Hamilton East,
2155400,10103849,Hamilton North,
2155400,10116079,Hamilton Valley,
2155400,8348946,Hamlyn Terrace,
2155400,8348586,Hammondville,
2155400,2163953,Hanwood,
2155400,2163895,Harrington,
2155400,8347831,Harrington Park,
2155400,9972707,Harris Park,
2155400,9972708,Hassall Grove,
2155400,8310696,Hastings Point,
2155400,2163788,Hawks Nest,
2155400,2163774,Hay,
2155400,2163755,Haymarket,
2155400,8348590,Haywards Bay,
2155400,2163731,Hazelbrook,
2155400,2163697,Heathcote,
2155400,8348022,Heatherbrae,
2155400,8348512,Hebersham,
2155400,8348808,Heckenberg,
2155400,2163669,Heddon Greta,
2155400,2163641,Helensburgh,
2155400,2163577,Henty,
2155400,10103933,Highfields,
2155400,2163395,Hill Top,
2155400,8348125,Hillsborough,
2155400,8348947,Hillsdale,
2155400,2163398,Hillston,
2155400,8348841,Hillvue,
2155400,8349208,Hinchinbrook,
2155400,8348623,Hobartville,
2155400,2163314,Holbrook,
2155400,2163306,Holgate,
2155400,2163275,Holmesville,
2155400,11704374,Holroyd,
2155400,2163270,Holsworthy,
2155400,2163256,Homebush,
2155400,9972758,Homebush West,
2155400,8348593,Horningsea Park,
2155400,2163137,Hornsby,
2155400,9972759,Hornsby Heights,
2155400,8348541,Horsfield Bay,
2155400,8347786,Horsley,
2155400,9972760,Horsley Park,
2155400,2162994,Howlong,
2155400,8348595,Hoxton Park,
2155400,2207809,Hunters Hill,
2155400,8347985,Hunterview,
2155400,8347787,Huntleys Cove,
2155400,8348597,Hurlstone Park,
2155400,9972762,Hurstville,
2155400,2162856,Hurstville Grove,
2155400,2162855,Huskisson,
2155400,2206005,Illawong,
2155400,2162762,Iluka,
2155400,2162733,Ingleburn,
2155400,9972763,Ingleside,
2155400,2162662,Inverell,
2155400,8348652,Invergowrie,
2155400,8348598,Islington,
2155400,2162446,Jamberoo,
2155400,8348618,Jamisontown,
2155400,2162419,Jannali,
2155400,2162351,Jerilderie,
2155400,8348605,Jerrabomberra,
2155400,8556208,Jesmond,
2155400,10103936,Jewells,
2155400,2162281,Jilliby,
2155400,2162255,Jindabyne,
2155400,2162250,Jindera,
2155400,11704265,Jordan Springs,
2155400,8348036,Junction Hill,
2155400,2162052,Junee,
2155400,2162025,Kahibah,
2155400,8219783,Kalaru,
2155400,8348608,Kanahooka,
2155400,2161935,Kandos,
2155400,8349210,Kangaroo Point,
2155400,2161876,Kangaroo Valley,
2155400,2161863,Kanwal,
2155400,8348021,Kapooka,
2155400,8348612,Karabar,
2155400,2161845,Karangi,
2155400,2205983,Kareela,
2155400,8348614,Kariong,
2155400,2161800,Karuah,
2155400,2161776,Katoomba,
2155400,8348976,Kearns,
2155400,11704415,Kearsley,
2155400,2161715,Keiraville,
2155400,8347736,Kellyville,
2155400,9972765,Kellyville Ridge,
2155400,2161678,Kelso,
2155400,9972766,Kemps Creek,
2155400,2161658,Kempsey,
2155400,12069997,Kempsey city centre,
2155400,2161654,Kendall,
2155400,2161608,Kensington,
2155400,2161602,Kenthurst,
2155400,8347842,Kentlyn,
2155400,2161541,Kew,
2155400,2161515,Kiama,
2155400,8614683,Kiama Downs,
2155400,11704422,Kiama Heights,
2155400,2161509,Kianga,
2155400,8348617,Kilaben Bay,
2155400,9972778,Killara,
2155400,9972780,Killarney Heights,
2155400,11704261,Killarney Vale,
2155400,10103790,Killcare Heights,
2155400,2161421,Killingworth,
2155400,2161392,Kincumber,
2155400,2161390,Kincumber South,
2155400,8348043,King Creek,
2155400,8348984,Kings Langley,
2155400,8348156,Kings Park,
2155400,8219790,Kings Point,
2155400,2161335,Kingscliff,
2155400,6621337,Kingsford,
2155400,8348621,Kingsgrove,
2155400,9972786,Kingswood Park,
2155400,8348983,Kirkham,
2155400,2205970,Kirrawee,
2155400,2161251,Kirribilli,
2155400,2161185,Kogarah,
2155400,9972790,Kogarah Bay,
2155400,2161135,Koolewong,
2155400,10109449,Koonawarra,
2155400,8348139,Kooringal,
2155400,2161072,Kootingal,
2155400,11704307,Korora,
2155400,8347851,Kosciuszko National Park,
2155400,2161029,Kotara,
2155400,11704402,Kotara South,
2155400,8347837,Kulnura,
2155400,2160964,Kundabung,
2155400,8310725,Kurmond,
2155400,2160937,Kurnell,
2155400,9972793,Kurraba Point,
2155400,13415593,Kurrajong,
2155400,2160931,Kurrajong Heights,
2155400,11704427,Kurrajong Hills,
2155400,2160922,Kurri Kurri,
2155400,2205998,Kyeemagh,
2155400,9972795,Kyle Bay,
2155400,2160880,Kyogle,
2155400,2160774,Lake Albert,
2155400,2160769,Lake Cargelligo,
2155400,8310727,Lake Cathie,
2155400,2160731,Lake Haven,
2155400,2206082,Lake Heights,
2155400,2160751,Lake Illawarra,
2155400,8310728,Lake Munmorah,
2155400,8219793,Lake Tabourie,
2155400,8348626,Lake Wyangan,
2155400,8348302,Lakelands,
2155400,2160744,Lakemba,
2155400,8349437,Lakewood,
2155400,8348633,Lalor Park,
2155400,2205628,Lambton,
2155400,2160625,Lane Cove,
2155400,9172072,Lane Cove North,
2155400,9972802,Lane Cove West,
2155400,8358874,Lansdowne,
2155400,8349004,Lansvale,
2155400,8349009,Lapstone,
2155400,2160546,Largs,
2155400,8348628,Lavender Bay,
2155400,2160493,Lavington,
2155400,2160483,Lawrence,
2155400,2160477,Lawson,
2155400,2160413,Leeton,
2155400,2160386,Leichhardt,
2155400,8310730,Lemon Tree Passage,
2155400,8310731,Lennox Head,
2155400,8348642,Leonay,
2155400,8348650,Leppington,
2155400,8348644,Lethbridge Park,
2155400,2160299,Leumeah,
2155400,2160297,Leura,
2155400,9972803,Lewisham,
2155400,8348629,Liberty Grove,
2155400,2160258,Lidcombe,
2155400,2160232,Lightning Ridge,
2155400,2205974,Lilli Pilli,
2155400,2207762,Lilyfield,
2155400,2160114,Lindfield,
2155400,2160070,Lisarow,
2155400,2160063,Lismore,
2155400,11257171,Lismore Heights,
2155400,2160053,Lithgow,
2155400,2205996,Little Bay,
2155400,11238772,Littleton,
2155400,2159851,Liverpool,
2155400,8349214,Llanarth,
2155400,8347749,Llandilo,
2155400,8349008,Lloyd,
2155400,2159789,Lochinvar,
2155400,2159774,Lockhart,
2155400,2205971,Loftus,
2155400,8310735,Londonderry,
2155400,8219798,Long Beach,
2155400,2159654,Long Jetty,
2155400,2207817,Longueville,
2155400,2159565,Loomberah,
2155400,2159550,Lorn,
2155400,8347856,Louth Park,
2155400,6696791,Lovedale,
2155400,2159452,Lower Portland,
2155400,2159372,Luddenham,
2155400,2206006,Lugarno,
2155400,8349047,Lurnea,
2155400,2159194,Macksville,
2155400,2159185,Maclean,
2155400,8310740,Macmasters Beach,
2155400,8348658,Macquarie Fields,
2155400,8348067,Macquarie Hills,
2155400,9972809,Macquarie Links,
2155400,8347858,Macquarie Park,
2155400,2159045,Maitland,
2155400,11523840,Maitland city centre,
2155400,2159018,Malabar,
2155400,10104021,Mallabula,
2155400,8310737,Malua Bay,
2155400,2206116,Mangerton,
2155400,2158883,Mangrove Mountain,
2155400,2158877,Manildra,
2155400,2158874,Manilla,
2155400,2158867,Manly,
2155400,11704259,Manly Vale,
2155400,8310738,Mannering Park,
2155400,8614662,Manyana,
2155400,8347859,Maraylya,
2155400,8348667,Marayong,
2155400,8348672,Mardi,
2155400,8347840,Marks Point,
2155400,10103938,Marmong Point,
2155400,2158652,Maroota,
2155400,2158651,Maroubra,
2155400,2158635,Marrangaroo,
2155400,2158626,Marrickville,
2155400,8310739,Marsden Park,
2155400,9972821,Marsfield,
2155400,2158574,Marulan,
2155400,8347845,Maryland,
2155400,8348083,Maryville,
2155400,2158538,Mascot,
2155400,2158520,Matcham,
2155400,2158509,Mathoura,
2155400,2158504,Matraville,
2155400,10103855,Mayfield,
2155400,8348716,Mayfield East,
2155400,10103857,Mayfield West,
2155400,9972822,Mays Hill,
2155400,8219803,McGraths Hill,
2155400,2158294,McLeans Ridges,
2155400,8348676,McMahons Point,
2155400,8349212,Meadowbank,
2155400,2158221,Medlow Bath,
2155400,2158220,Medowie,
2155400,8349082,Melrose Park,
2155400,2158130,Menai,
2155400,2158128,Menangle,
2155400,2158123,Mendooran,
2155400,2158119,Menindee,
2155400,8348074,Merewether,
2155400,10103865,Merewether Heights,
2155400,2158020,Merimbula,
2155400,2158004,Merriwa,
2155400,2157995,Merrylands,
2155400,9972823,Merrylands West,
2155400,8347843,Metford,
2155400,2157926,Michelago,
2155400,8348683,Middle Cove,
2155400,9972824,Middle Dural,
2155400,9972825,Middleton Grange,
2155400,9972826,Miller,
2155400,8348651,Millers Point,
2155400,2157655,Millfield,
2155400,2157627,Millthorpe,
2155400,8348681,Milperra,
2155400,8504538,Milsons Point,
2155400,2157601,Milton,
2155400,8348687,Minchinbury,
2155400,2157529,Minmi,
2155400,2157527,Minnamurra,
2155400,2157508,Minto,
2155400,2157495,Miranda,
2155400,8219805,Mirrabooka,
2155400,8348404,Mitchell,
2155400,2157373,Mittagong,
2155400,2157355,Moama,
2155400,8310743,Modanville,
2155400,11704313,Mollymook,
2155400,7290062,Mollymook Beach,
2155400,2157272,Molong,
2155400,2157243,Mona Vale,
2155400,2157172,Montefiores,
2155400,2206000,Monterey,
2155400,2157078,Moonbah,
2155400,2157076,Moonbi,
2155400,2157060,Moonee Beach,
2155400,2157013,Moore,
2155400,8347678,Moorebank,
2155400,2156927,Moree,
2155400,2156890,Morisset,
2155400,10103939,Morisset Park,
2155400,2205622,Morpeth,
2155400,2156853,Mortdale,
2155400,2156851,Mortlake,
2155400,8349122,Morts Estate,
2155400,2156834,Moruya,
2155400,2156833,Moruya Heads,
2155400,2156813,Mosman,
2155400,2156777,Moss Vale,
2155400,8219774,Mossy Point,
2155400,7778951,Mount Annan,
2155400,8349123,Mount Austin,
2155400,2156694,Mount Colah,
2155400,2156671,Mount Druitt,
2155400,2156620,Mount Hunter,
2155400,8349116,Mount Hutton,
2155400,2206111,Mount Keira,
2155400,11704419,Mount Kembla,
2155400,8348691,Mount Kuring-Gai,
2155400,9972831,Mount Lewis,
2155400,2206110,Mount Ousley,
2155400,2156540,Mount Pleasant,
2155400,8348692,Mount Pritchard,
2155400,8349126,Mount Riverview,
2155400,2206117,Mount Saint Thomas,
2155400,8348703,Mount Vernon,
2155400,2156501,Mount Victoria,
2155400,10109459,Mount Warrigal,
2155400,2156404,Mudgee,
2155400,2156367,Mulbring,
2155400,2156345,Mulgoa,
2155400,8348694,Mullaway,
2155400,2156310,Mullion Creek,
2155400,2156307,Mullumbimby,
2155400,2156298,Mulwala,
2155400,2156215,Mungindi,
2155400,11704437,Murrays Beach,
2155400,2156069,Murrumbateman,
2155400,2156058,Murrurundi,
2155400,2156049,Murwillumbah,
2155400,2156034,Muswellbrook,
2155400,8348698,Myocum,
2155400,2155892,Nabiac,
2155400,2155859,Nambucca,
2155400,2155858,Nambucca Heads,
2155400,2155848,Nana Glen,
2155400,2155783,Narara,
2155400,2155772,Narellan,
2155400,9972832,Narellan Vale,
2155400,8347890,Naremburn,
2155400,2155750,Narooma,
2155400,2155745,Narrabeen,
2155400,2155742,Narrabri,
2155400,2155731,Narrandera,
2155400,8348700,Narrawallee,
2155400,9972833,Narraweena,
2155400,2155710,Narromine,
2155400,8348724,Narwee,
2155400,2155562,Nelson Bay,
2155400,2155547,Nemingha,
2155400,2207880,Neutral Bay,
2155400,11704409,New Berrima,
2155400,2205629,New Lambton,
2155400,10103866,New Lambton Heights,
2155400,2155472,Newcastle,
2155400,10103867,Newcastle East,
2155400,10103868,Newcastle West,
2155400,9972834,Newington,
2155400,2155412,Newport,
2155400,2155386,Newtown,
2155400,8348707,Niagara Park,
2155400,2155321,Nimbin,
2155400,10103812,Noraville,
2155400,2155119,Nords Wharf,
2155400,2155092,Normanhurst,
2155400,10116099,North Albury,
2155400,8348709,North Avoca,
2155400,9972835,North Balgowlah,
2155400,11704389,North Batemans Bay,
2155400,11704304,North Boambee Valley,
2155400,9972847,North Bondi,
2155400,2155047,North Bourke,
2155400,11704443,North Casino,
2155400,9972848,North Curl Curl,
2155400,9972849,North Epping,
2155400,11704280,North Gosford,
2155400,2154949,North Haven,
2155400,10103869,North Lambton,
2155400,2154918,North Lismore,
2155400,11745826,North Macksville,
2155400,9972850,North Manly,
2155400,11072279,North Narooma,
2155400,6693769,North Narrabeen,
2155400,11704267,North Nowra,
2155400,8299775,North Parramatta,
2155400,8539253,North Richmond,
2155400,8347895,North Rocks,
2155400,8539251,North Rothbury,
2155400,7281782,North Ryde,
2155400,8348715,North St Marys,
2155400,9972855,North Strathfield,
2155400,2154855,North Sydney,
2155400,10114337,North Tamworth,
2155400,2154849,North Turramurra,
2155400,9972856,North Wahroonga,
2155400,9172069,North Willoughby,
2155400,10109458,North Wollongong,
2155400,2207830,Northbridge,
2155400,2154913,Northmead,
2155400,2207819,Northwood,
2155400,2154787,Nowra,
2155400,11704392,Nowra Hill,
2155400,9883893,Nulkaba,
2155400,8348710,Nunderi,
2155400,2154714,Nundle,
2155400,2154672,Nyngan,
2155400,8348722,Oak Flats,
2155400,2154660,Oakdale,
2155400,8348163,Oakhurst,
2155400,8348719,Oakville,
2155400,8349217,Oatlands,
2155400,2154544,Oatley,
2155400,2154537,Oberon,
2155400,8310752,Ocean Shores,
2155400,2154447,Old Bar,
2155400,8219809,Old Erowal Bay,
2155400,8347899,Old Guildford,
2155400,9972858,Old Toongabbie,
2155400,9972861,Oran Park,
2155400,2154219,Orange,
2155400,8347900,Orangeville,
2155400,9972862,Orchard Hills,
2155400,8310755,Orient Point,
2155400,8347901,Ourimbah,
2155400,8348711,Oxley Park,
2155400,8348712,Oxley Vale,
2155400,2205988,Oyster Bay,
2155400,2207753,Paddington,
2155400,2206008,Padstow,
2155400,9972863,Padstow Heights,
2155400,8347866,Pagewood,
2155400,2153924,Palm Beach,
2155400,2153914,Palmers Island,
2155400,2153873,Pambula,
2155400,8539252,Pambula Beach,
2155400,8348725,Panania,
2155400,2153778,Parkes,
2155400,9972864,Parklea,
2155400,7281840,Parramatta,
2155400,2153701,Paterson,
2155400,2153662,Paxton,
2155400,2153633,Peak Hill,
2155400,2206007,Peakhurst,
2155400,9972865,Peakhurst Heights,
2155400,2153618,Pearl Beach,
2155400,8348726,Pelaw Main,
2155400,10103942,Pelican,
2155400,8348149,Pemulwuy,
2155400,2153496,Pendle Hill,
2155400,2153483,Pennant Hills,
2155400,2153471,Penrith,
2155400,2153467,Penshurst,
2155400,2153389,Perthville,
2155400,8348154,Petersham,
2155400,8347904,Pheasants Nest,
2155400,2153336,Phillip,
2155400,2205995,Phillip Bay,
2155400,9972867,Picnic Point,
2155400,2153259,Picton,
2155400,2152917,Pitt Town,
2155400,8347936,Pleasure Point,
2155400,8347892,Plumpton,
2155400,2152820,Point Clare,
2155400,8348727,Point Frederick,
2155400,2207901,Point Piper,
2155400,2152799,Pokolbin,
2155400,2152674,Port Hacking,
2155400,2152671,Port Kembla,
2155400,2152659,Port Macquarie,
2155400,2152668,Portland,
2155400,9972868,Potts Hill,
2155400,2152625,Potts Point,
2155400,11704257,Pottsville,
2155400,8310769,Pottsville Beach,
2155400,8347913,Prairiewood,
2155400,8347914,Prestons,
2155400,8348730,Primbee,
2155400,8349221,Prospect,
2155400,8349222,Punchbowl,
2155400,8348733,Putney,
2155400,2152361,Pymble,
2155400,2152339,Pyrmont,
2155400,2152329,Quakers Hill,
2155400,2152286,Queanbeyan,
2155400,11704258,Queanbeyan East,
2155400,11704289,Queanbeyan West,
2155400,8349223,Queens Park,
2155400,8348487,Queenscliff,
2155400,2152240,Quirindi,
2155400,8348167,Raby,
2155400,2152191,Raglan,
2155400,2152179,Rainbow Flat,
2155400,2152165,Raleigh,
2155400,2206001,Ramsgate,
2155400,9972869,Ramsgate Beach,
2155400,2208285,Randwick,
2155400,10103870,Rankin Park,
2155400,2152071,Rathmines,
2155400,8349246,Ravenswood,
2155400,2152033,Raworth,
2155400,2152022,Raymond Terrace,
2155400,8347919,Razorback,
2155400,8349235,Red Head,
2155400,2151858,Red Rock,
2155400,2151932,Redfern,
2155400,2151924,Redhead,
2155400,2151776,Regents Park,
2155400,9972870,Regentville,
2155400,11745850,Renwick,
2155400,2151726,Repton,
2155400,2151697,Revesby,
2155400,9972871,Revesby Heights,
2155400,2151682,Rhodes,
2155400,2151650,Richmond,
2155400,2151522,Riverstone,
2155400,8349224,Riverview,
2155400,2206009,Riverwood,
2155400,2151485,Robertson,
2155400,8347924,Robin Hill,
2155400,2151443,Rockdale,
2155400,9972879,Rodd Point,
2155400,2151157,Rooty Hill,
2155400,8348740,Ropes Crossing,
2155400,2207749,Rose Bay,
2155400,2151096,Rosehill,
2155400,7302635,Roselands,
2155400,8348741,Rosemeadow,
2155400,2151061,Roseville,
2155400,9972930,Roseville Chase,
2155400,12217596,Rossmore,
2155400,7281823,Rouse Hill,
2155400,2150888,Royalla,
2155400,8015348,Rozelle,
2155400,8348743,Ruse,
2155400,8348191,Rushcutters Bay,
2155400,8347881,Russell Lea,
2155400,8347934,Russell Vale,
2155400,2150791,Rutherford,
2155400,2150768,Rydalmere,
2155400,2150767,Ryde,
2155400,2150763,Rylstone,
2155400,8348739,Sadleir,
2155400,2150669,Saint Ives,
2155400,2150625,Saint Peters,
2155400,6639974,Salamander Bay,
2155400,2150589,Salt Ash,
2155400,8348168,San Remo,
2155400,2150506,Sancrox,
2155400,7304352,Sanctuary Point,
2155400,9972932,Sandringham,
2155400,8219821,Sandy Beach,
2155400,2206002,Sans Souci,
2155400,11704297,Sapphire Beach,
2155400,8348745,Saratoga,
2155400,2150163,Sawtell,
2155400,2150106,Schofields,
2155400,2150096,Scone,
2155400,8347939,Scotland Island,
2155400,8310776,Scotts Head,
2155400,2207834,Seaforth,
2155400,2149970,Seaham,
2155400,8347677,Sefton,
2155400,2149847,Seven Hills,
2155400,8349236,Shalvey,
2155400,7290238,Shell Cove,
2155400,2149673,Shellharbour,
2155400,8348776,Shelly Beach,
2155400,6621355,Shoal Bay,
2155400,7522198,Shoalhaven Heads,
2155400,8347941,Shortland,
2155400,8219828,Silverdale,
2155400,8348150,Silverwater,
2155400,2149475,Singleton,
2155400,11704281,Singleton Heights,
2155400,11704381,Skennars Head,
2155400,2149271,Smithfield,
2155400,7290054,Smiths Lake,
2155400,2149253,Smithtown,
2155400,2149159,Soldiers Point,
2155400,2149141,Somersby,
2155400,10116111,South Albury,
2155400,11704319,South Bathurst,
2155400,2174436,South Bowenfels,
2155400,9972937,South Coogee,
2155400,8219832,South Golden Beach,
2155400,2148997,South Grafton,
2155400,11978587,South Granville,
2155400,2148996,South Gundagai,
2155400,8348753,South Hurstville,
2155400,11704302,South Kempsey,
2155400,11257174,South Lismore,
2155400,9972938,South Maroota,
2155400,11704315,South Murwillumbah,
2155400,11704296,South Nowra,
2155400,9972940,South Penrith,
2155400,10114338,South Tamworth,
2155400,9972941,South Turramurra,
2155400,9972942,South Wentworthville,
2155400,8310779,South West Rocks,
2155400,9972943,South Windsor,
2155400,8348759,Speers Point,
2155400,9972944,Spring Farm,
2155400,8348175,Springdale Heights,
2155400,8349320,Springvale,
2155400,2148582,Springwood,
2155400,8348170,St Andrews,
2155400,8349321,St Clair,
2155400,8347774,St Helens Park,
2155400,8347775,St Huberts Island,
2155400,8347776,St Ives Chase,
2155400,8349318,St Johns Park,
2155400,8029783,St Leonards,
2155400,7522197,St. Georges Basin,
2155400,8347748,Stanford Merthyr,
2155400,9972945,Stanhope Gardens,
2155400,2148513,Stanmore,
2155400,2148503,Stanwell Park,
2155400,7290490,Stanwell Tops,
2155400,2148333,Stockton,
2155400,2148288,Stokers Siding,
2155400,2148088,Strathfield,
2155400,9972946,Strathfield South,
2155400,2148052,Stroud,
2155400,2148033,Stuarts Point,
2155400,7645387,Suffolk Park,
2155400,8029814,Summer Hill,
2155400,8348761,Summerland Point,
2155400,8348220,Sunshine Bay,
2155400,8348222,Surfside,
2155400,2147821,Surry Hills,
2155400,8310759,Sussex Inlet,
2155400,2147804,Sutherland,
2155400,2147798,Sutton,
2155400,2147737,Swansea,
2155400,10103947,Swansea Heads,
2155400,8347797,Sydenham,
2155400,2147714,Sydney,
2155400,6619280,Sydney Central Business District,
2155400,9972947,Sydney Olympic Park,
2155400,2205984,Sylvania,
2155400,2205985,Sylvania Waters,
2155400,2147657,Table Top,
2155400,7302641,Tacoma,
2155400,2147618,Tahmoor,
2155400,2147551,Tallong,
2155400,8348800,Tallwoods Village,
2155400,8348225,Tamarama,
2155400,2147497,Tamworth,
2155400,8347951,Tanilba Bay,
2155400,8310760,Tapitallee,
2155400,2147381,Taree,
2155400,2205986,Taren Point,
2155400,2206103,Tarrawanna,
2155400,2147312,Tarro,
2155400,8347714,Tascott,
2155400,2147280,Tathra,
2155400,8347875,Tatton,
2155400,2147234,Tea Gardens,
2155400,2147180,Telarah,
2155400,2147172,Telegraph Point,
2155400,9972948,Telopea,
2155400,2147150,Temora,
2155400,2147148,Tempe,
2155400,2147134,Tenambit,
2155400,8347719,Tennyson Point,
2155400,2147085,Tenterfield,
2155400,2147072,Teralba,
2155400,2147042,Terranora,
2155400,2147023,Terrigal,
2155400,2147035,Terry Hills,
2155400,11704418,Tharbogang,
2155400,2146945,The Entrance,
2155400,8161083,The Entrance North,
2155400,11704299,The Hill,
2155400,10103850,The Junction,
2155400,2146903,The Oaks,
2155400,8349329,The Ponds,
2155400,2146875,The Rock,
2155400,2146879,Theresa Park,
2155400,2146847,Thirlmere,
2155400,2146845,Thirroul,
2155400,2146780,Thornleigh,
2155400,2146777,Thornton,
2155400,8347684,Thurgoona,
2155400,8347729,Tighes Hill,
2155400,2146547,Tingha,
2155400,10103948,Tingira Heights,
2155400,2146535,Tinonee,
2155400,2146526,Tintenbar,
2155400,2146482,Tocumwal,
2155400,8349330,Tolland,
2155400,2146444,Tomakin,
2155400,2146433,Tomerong,
2155400,2146305,Toongabbie,
2155400,2146302,Toongabbie West,
2155400,7302640,Toormina,
2155400,6695070,Toowoon Bay,
2155400,10103951,Toronto,
2155400,2146188,Toukley,
2155400,8348227,Townsend,
2155400,2206107,Towradgi,
2155400,2146112,Trangie,
2155400,8348810,Tregear,
2155400,2145986,Trundle,
2155400,2145940,Tuggerah,
2155400,10103816,Tuggerawong,
2155400,2145911,Tullimbar,
2155400,2145893,Tumbarumba,
2155400,2145889,Tumbi Vmbi,
2155400,2145875,Tumut,
2155400,2145869,Tuncurry,
2155400,8219837,Tura Beach,
2155400,2145805,Tuross Head,
2155400,2145796,Turramurra,
2155400,8347682,Turrella,
2155400,8348804,Turvey Park,
2155400,2145765,Tweed Heads,
2155400,11704254,Tweed Heads South,
2155400,10114292,Tweed Heads West,
2155400,2145641,Tyalgum,
2155400,2145581,Uki,
2155400,2145554,Ulladulla,
2155400,2145548,Ulmarra,
2155400,2207754,Ultimo,
2155400,2208313,Umina Beach,
2155400,2145518,Unanderra,
2155400,2145497,Ungarie,
2155400,2145447,Upper Lansdowne,
2155400,2145433,Upper Orara,
2155400,2145404,Uralla,
2155400,2145382,Uranquinty,
2155400,2145358,Urunga,
2155400,2145349,Vacy,
2155400,8349225,Valentine,
2155400,2145338,Valla Beach,
2155400,2145327,Valley Heights,
2155400,2145299,Vaucluse,
2155400,2145187,Villawood,
2155400,6943962,Vincentia,
2155400,2145168,Vineyard,
2155400,8347928,Voyager Point,
2155400,8347761,Wadalba,
2155400,2145110,Wagga Wagga,
2155400,2145092,Wahroonga,
2155400,2145079,Waitara,
2155400,8349282,Wakeley,
2155400,2145059,Walcha,
2155400,2145049,Walgett,
2155400,2144921,Walla Walla,
2155400,8310784,Wallabi Point,
2155400,2144967,Wallacia,
2155400,11704391,Wallaga Lake,
2155400,2144957,Wallalong,
2155400,8349230,Wallaroo,
2155400,2144914,Wallerawang,
2155400,2144890,Wallsend,
2155400,2144838,Wamberal,
2155400,8347927,Wamboin,
2155400,2144756,Wangi Wangi,
2155400,8468625,Warabrook,
2155400,10103871,Waratah,
2155400,8347908,Waratah West,
2155400,2144691,Wardell,
2155400,9972954,Wareemba,
2155400,2144662,Warialda,
2155400,8347938,Warilla,
2155400,8348833,Warners Bay,
2155400,2144636,Warnervale,
2155400,8310786,Warragamba,
2155400,2144571,Warrawee,
2155400,2206084,Warrawong,
2155400,2144555,Warren,
2155400,8347932,Warriewood,
2155400,2144532,Warrimoo,
2155400,8347929,Warwick Farm,
2155400,7910980,Watanobbi,
2155400,8219843,Waterview Heights,
2155400,2144391,Watsons Bay,
2155400,8349338,Wattle Grove,
2155400,11704401,Wattle Ponds,
2155400,2144332,Wauchope,
2155400,2144311,Waverton,
2155400,2144271,Wedderburn,
2155400,2144220,Wee Waa,
2155400,8347988,Welby,
2155400,2144168,Wellington,
2155400,2144129,Wentworth,
2155400,2144127,Wentworth Falls,
2155400,8347990,Wentworth Point,
2155400,2144122,Wentworthville,
2155400,2144103,Werombi,
2155400,7932144,Werri Beach,
2155400,8347958,Werrington,
2155400,9972961,Werrington County,
2155400,9972962,Werrington Downs,
2155400,2144082,Werris Creek,
2155400,10116175,West Albury,
2155400,11704288,West Ballina,
2155400,11704295,West Bathurst,
2155400,7628271,West Gosford,
2155400,11704383,West Haven,
2155400,2143984,West Hoxton,
2155400,11704270,West Kempsey,
2155400,11704382,West Nowra,
2155400,9972964,West Pennant Hills,
2155400,2143954,West Pymble,
2155400,9972965,West Ryde,
2155400,2143940,West Tamworth,
2155400,2143937,West Wallsend,
2155400,10109452,West Wollongong,
2155400,2143930,West Wyalong,
2155400,8348840,Westdale,
2155400,8347974,Westleigh,
2155400,2143973,Westmead,
2155400,8347960,Wetherill Park,
2155400,8347978,Whalan,
2155400,9972968,Wheeler Heights,
2155400,2143848,Whitebridge,
2155400,8348127,Wickham,
2155400,2143685,Wilberforce,
2155400,2143679,Wilcannia,
2155400,8348839,Wiley Park,
2155400,2143560,Williamtown,
2155400,8349340,Willmot,
2155400,6949388,Willoughby,
2155400,9172071,Willoughby East,
2155400,8219846,Willow Vale,
2155400,2143473,Wilton,
2155400,10103950,Windale,
2155400,2143445,Windang,
2155400,10104131,Windella,
2155400,8219848,Windermere Park,
2155400,8348009,Windradyne,
2155400,2143406,Windsor,
2155400,8539255,Windsor Downs,
2155400,2143385,Wingello,
2155400,2143380,Wingham,
2155400,8347779,Winmalee,
2155400,8347959,Winston Hills,
2155400,6640206,Wolli Creek,
2155400,2143244,Wollongbar,
2155400,2171507,Wollongong,
2155400,11523847,Wollongong city centre,
2155400,9972972,Wollstonecraft,
2155400,2143228,Wolumla,
2155400,2143216,Wombarra,
2155400,2143151,Wongarbon,
2155400,8348013,Woodberry,
2155400,8349231,Woodbine,
2155400,2143111,Woodburn,
2155400,8349440,Woodcroft,
2155400,2143098,Woodford,
2155400,8348438,Woodpark,
2155400,8349346,Woodrising,
2155400,2143050,Woodstock,
2155400,2143020,Woolamia,
2155400,2143003,Woolgoolga,
2155400,6621357,Woollahra,
2155400,2142996,Woolloomooloo,
2155400,2205972,Woolooware,
2155400,2142956,Woolwich,
2155400,2142952,Woombah,
2155400,8348014,Woongarrah,
2155400,2142943,Woonona,
2155400,2205981,Woronora,
2155400,9972973,Woronora Heights,
2155400,2142889,Worrigee,
2155400,2142871,Woy Woy,
2155400,2142822,Wuuluman,
2155400,2142813,Wyalong,
2155400,2142777,Wyee,
2155400,8539256,Wyee Point,
2155400,8348757,Wyoming,
2155400,2142743,Wyong,
2155400,2142742,Wyongah,
2155400,8348768,Yagoona,
2155400,2142648,Yamba,
2155400,2142612,Yanco,
2155400,2142598,Yanderra,
2155400,8627076,Yarramundi,
2155400,8347971,Yarravel,
2155400,2205980,Yarrawarrah,
2155400,2142412,Yass,
2155400,8310790,Yellow Rock,
2155400,2142330,Yenda,
2155400,8348240,Yennora,
2155400,2142301,Yerrinbool,
2155400,2142273,Yoogali,
2155400,2142245,Young,
2155400,2205978,Yowie Bay,
2155400,8348771,Zetland,
2177478,9973368,Acton,
2177478,8348552,Ainslie,
2177478,8349331,Amaroo,
2177478,8349333,Aranda,
2177478,8348388,Banks,
2177478,8349163,Barton,
2177478,2176373,Belconnen,
2177478,9973375,Bonner,
2177478,8349164,Bonython,
2177478,8349165,Braddon,
2177478,8349301,Bruce,
2177478,8347865,Calwell,
2177478,2172618,Campbell,
2177478,2172517,Canberra,
2177478,8347868,Canberra City,
2177478,8349161,Casey,
2177478,8349166,Chapman,
2177478,8349169,Charnwood,
2177478,8348372,Chifley,
2177478,8349303,Chisholm,
2177478,8349167,Conder,
2177478,8347746,Cook,
2177478,9973426,Coombs,
2177478,8349353,Crace,
2177478,8349171,Curtin,
2177478,8349172,Deakin,
2177478,8348400,Dickson,
2177478,8348308,Downer,
2177478,8349425,Duffy,
2177478,8349173,Dunlop,
2177478,8349175,Evatt,
2177478,8348126,Fadden,
2177478,8347869,Farrer,
2177478,8349304,Fisher,
2177478,8349174,Florey,
2177478,8349305,Flynn,
2177478,8347874,Forde,
2177478,8504554,Forrest,
2177478,8349306,Franklin,
2177478,8348647,Fraser,
2177478,9973428,Garran,
2177478,8349400,Gilmore,
2177478,8348680,Giralang,
2177478,8348660,Gordon,
2177478,8348892,Gowrie,
2177478,8349176,Greenway,
2177478,8349307,Griffith,
2177478,8349178,Gungahlin,
2177478,8349180,Hackett,
2177478,8349179,Harrison,
2177478,8349385,Hawker,
2177478,8349181,Higgins,
2177478,8349308,Holder,
2177478,8347705,Holt,
2177478,8349446,Hughes,
2177478,8349182,Isaacs,
2177478,8349183,Isabella Plains,
2177478,9973376,Jacka,
2177478,2162322,Jervis Bay Village,
2177478,6619483,Kaleen,
2177478,8348370,Kambah,
2177478,8349299,Kingston,
2177478,8349309,Latham,
2177478,8347876,Lyneham,
2177478,8349159,Lyons,
2177478,7302189,Macarthur,
2177478,8348907,Macgregor,
2177478,7281844,Macquarie,
2177478,8348684,Mawson,
2177478,8349184,McKellar,
2177478,8349186,Melba,
2177478,8349310,Monash,
2177478,8349435,Narrabundah,
2177478,8349187,Ngunnawal,
2177478,8349185,Nicholls,
2177478,8348190,O'Connor,
2177478,8349436,O'Malley,
2177478,8349413,Oxley,
2177478,8348129,Page,
2177478,8349170,Palmerston,
2177478,8349379,Pearce,
2177478,2153335,Phillip,
2177478,9973374,Red Hill,
2177478,8348371,Reid,
2177478,8349188,Richardson,
2177478,8349189,Rivett,
2177478,8349327,Scullin,
2177478,8349313,Spence,
2177478,8349380,Stirling,
2177478,8349190,Symonston,
2177478,8348420,Theodore,
2177478,8348973,Torrens,
2177478,8348040,Turner,
2177478,8349191,Wanniassa,
2177478,8349192,Waramanga,
2177478,8348373,Watson,
2177478,2144224,Weetangera,
2177478,8349397,Weston,
2177478,9973427,Wright,
2177478,8348374,Yarralumla,
