parent_code,code,name,aliases
2509951,6361866,Ademuz,
2509951,6361867,Ador,
2509951,6361869,Agullent,
2509951,6361907,Aielo de Malferit,
2509951,6361870,Alaquàs,
2509951,6361871,Albaida,
2509951,6361872,Albal,
2509951,6361873,Albalat de la Ribera,
2509951,6361874,Albalat dels Sorells,
2509951,6361875,Albalat dels Tarongers,
2509951,6361876,Alberic,
2509951,6361877,Alborache,
2509951,6361878,Alboraya,
2509951,6361879,Albuixech,Albuixec
2509951,6361881,Alcàntera de Xúquer,
2509951,6361880,Alcàsser,
2509951,6361882,Alcira,Alzira
2509951,6361883,Alcublas,
2509951,6361885,"Alcúdia de Crespins, l'",
2509951,6361884,"Alcúdia, l'",
2509951,6361886,Aldaya,Aldaia
2509951,6361887,Alfafar,
2509951,6361889,Alfara de la Baronia,
2509951,6361890,Alfara del Patriarca,
2509951,6361891,Alfarp,
2509951,6361892,Alfarrasí,
2509951,6361888,Alfauir,
2509951,6361893,Algar de Palancia,
2509951,6361894,Algemesí,
2509951,6361895,Algimia de Alfara,
2509951,6361896,Alginet,
2509951,6361897,Almácera,Almàssera
2509951,6361898,Almiserà,
2509951,6361899,Almoines,
2509951,6361900,Almussafes,
2509951,6361901,Alpuente,
2509951,6361902,"Alqueria de la Comtessa, l'",
2509951,6361903,Andilla,
2509951,6361904,Anna,
2509951,6361905,Antella,
2509951,6361906,Aras de los Olmos,Ares dels Oms
2509951,6361868,Atzeneta d'Albaida,
2509951,6361908,Ayelo de Rugat,Aielo de Rugat
2509951,6361909,Ayora,
2509951,6361911,Barx,
2509951,6361910,Barxeta,
2509951,6361912,Bèlgida,
2509951,6361913,Bellreguart,Bellreguard
2509951,6361914,Bellús,
2509951,6361915,Benagéber,
2509951,6361916,Benaguasil,
2509951,6361917,Benavites,
2509951,6361918,Beneixida,
2509951,6361919,Benetúser,Benetússer
2509951,6361920,Beniarjó,
2509951,6361921,Beniatjar,
2509951,6361922,Benicolet,
2509951,7577099,Benicull de Xúquer,
2509951,6361925,Benifaió,
2509951,6361924,Benifairó de la Valldigna,
2509951,6361923,Benifairó de les Valls,
2509951,6361926,Beniflá,
2509951,6361927,Benigánim,
2509951,6361928,Benimodo,
2509951,6361929,Benimuslem,
2509951,6361930,Beniparrell,
2509951,6361931,Benirredrà,
2509951,6361932,Benisanó,
2509951,6361933,Benisoda,Benissoda
2509951,6361934,Benisuera,
2509951,6361935,Bétera,
2509951,6361936,Bicorp,
2509951,6361937,Bocairente,Bocairent
2509951,6361938,Bolbaite,
2509951,6361939,Bonrepós y Mirambell,Bonrepòs i Mirambell
2509951,6361940,Bufali,
2509951,6361941,Bugarra,
2509951,6361942,Buñol,
2509951,6361943,Burjassot,
2509951,6361944,Calles,
2509951,6361945,Camporrobles,
2509951,6361946,Canals,
2509951,6361947,Canet de Berenguer,Canet d'En Berenguer
2509951,6361948,Carcagente,Carcaixent
2509951,6361949,Càrcer,
2509951,6361950,Carlet,
2509951,6361951,Carrícola,
2509951,6361952,Casas Altas,Cases Altes
2509951,6361953,Casas Bajas,
2509951,6361954,Casinos,
2509951,6361955,Castelló de Rugat,
2509951,6361956,Castellonet de la Conquesta,
2509951,6361957,Castielfabib,Castellfabib
2509951,6361958,Catadau,
2509951,6361959,Catarroja,
2509951,6361960,Caudete de las Fuentes,
2509951,6361961,Cerdà,
2509951,6361972,Chella,
2509951,6361971,Chelva,
2509951,6361973,Chera,
2509951,6361974,Cheste,
2509951,6361975,Chirivella,Xirivella
2509951,6361976,Chiva,Xiva
2509951,6361977,Chulilla,
2509951,6361962,Cofrentes,
2509951,6361963,Corbera,
2509951,6361964,Cortes de Pallás,
2509951,6361965,Cotes,
2509951,6361967,Cuart de Poblet,Quart de Poblet
2509951,6361968,Cuartell,Quartell
2509951,6361970,Cullera,
2509951,6361978,Daimús,
2509951,6361979,Domeño,Domenyo
2509951,6361980,Dos Aguas,
2509951,6361997,El Genovés,
2509951,6361981,"Eliana, l'",
2509951,6361982,Emperador,
2509951,6361983,Enguera,
2509951,6361984,"Ènova, l'",
2509951,6361985,Estivella,
2509951,6361986,Estubeny,
2509951,6361987,Faura,
2509951,6361988,Favara,
2509951,6361992,"Font d'En Carròs, la",
2509951,6361993,"Font de la Figuera, la",
2509951,6361989,Fontanares,Fontanars dels Alforins
2509951,6361990,Fortaleny,
2509951,6361991,Foyos,Foios
2509951,6361994,Fuenterrobles,
2509951,6361996,Gandía,
2509951,6362128,Gátova,
2509951,6361995,Gavarda,
2509951,6361998,Gestalgar,
2509951,6361999,Gilet,
2509951,6362000,Godella,
2509951,6362001,Godelleta,
2509951,6362002,"Granja de la Costera, la",
2509951,6362003,Guadasequies,Guadasséquies
2509951,6362004,Guadassuar,
2509951,6362005,Guardamar de la Safor,
2509951,6362006,Higueruelas,
2509951,6362007,Jalance,
2509951,6362009,Jarafuel,
2509951,6362064,la Pobla de Farnals,
2509951,6362126,La Yesa,
2509951,6362012,Liria,Llíria
2509951,6362019,Llanera de Ranes,
2509951,6362020,Llaurí,
2509951,6362018,Llocnou de Sant Jeroni,
2509951,6362021,Llombai,
2509951,6362022,"Llosa de Ranes, la",
2509951,6362015,Llutxent,
2509951,6362013,Loriguilla,
2509951,6362014,Losa del Obispo,
2509951,6362016,Lugar Nuevo de Fenollet,Llocnou d'En Fenollet
2509951,6362017,Lugar Nuevo de la Corona,Llocnou de la Corona
2509951,6362023,Macastre,
2509951,6362024,Manises,
2509951,6362025,Manuel,
2509951,6362026,Marines,
2509951,6362027,Masalavés,Massalavés
2509951,6362028,Masalfasar,Massalfassar
2509951,6362029,Masamagrell,Massamagrell
2509951,6362030,Masanasa,Massanassa
2509951,6362031,Meliana,
2509951,6362032,Millares,
2509951,6362033,Miramar,
2509951,6362034,Mislata,
2509951,6362035,Mogente,Moixent
2509951,6362036,Moncada,Montcada
2509951,6362037,Monserrat,Montserrat
2509951,6362038,Montaberner,Montaverner
2509951,6362039,Montesa,
2509951,6362040,Montitxelvo/Montichelvo,
2509951,6362041,Montroy,
2509951,6362042,Museros,
2509951,6362043,Náquera,
2509951,6362044,Navarrés,
2509951,6362045,Novelé/Novetlè,
2509951,6362046,Oliva,
2509951,6362048,"Olleria, l'",
2509951,6362047,Olocau,
2509951,6362049,Onteniente,Ontinyent
2509951,6362050,Otos,
2509951,6362051,Paiporta,
2509951,6362052,Palma de Gandía,
2509951,6362053,Palmera,
2509951,6362054,"Palomar, el",
2509951,6362055,Paterna,
2509951,6362056,Pedralba,
2509951,6362057,Petrés,
2509951,6362058,Picanya,
2509951,6362059,Picassent,
2509951,6362060,Piles,
2509951,6362061,Pinet,
2509951,6362067,"Pobla de Vallbona, la",
2509951,6362065,"Pobla del Duc, la",
2509951,6362068,"Pobla Llarga, la",
2509951,6362062,Polinyà de Xúquer,
2509951,6362063,Potríes,
2509951,6362066,Puebla de San Miguel,
2509951,6362069,"Puig de Santa Maria, el",
2509951,6362070,Puzol,Puçol
2509951,6361966,Quart de les Valls,
2509951,6361969,Quatretonda,
2509951,6362071,Quesa,
2509951,6362072,Rafelbuñol,Rafelbunyol/Rafelbuñol|Rafelbunyol
2509951,6362073,Rafelcofer,
2509951,6362074,Rafelguaraf,
2509951,6362075,Ráfol de Salem,
2509951,6362077,Real,
2509951,6362076,Real de Gandía,
2509951,6362078,Requena,
2509951,6362079,Riba-roja de Túria,
2509951,6362080,Riola,
2509951,6362081,Rocafort,
2509951,6362082,Rotglà i Corberà,
2509951,6362083,Rótova,
2509951,6362084,Rugat,
2509951,6362085,Sagunto/Sagunt,
2509951,6362086,Salem,
2509951,7577098,San Antonio de Benagéber,
2509951,6362087,San Juan de Énova,Sant Joanet
2509951,6362088,Sedaví,
2509951,6362089,Segart,
2509951,6362090,Sellent,
2509951,6362091,Sempere,
2509951,6362092,Señera,Senyera
2509951,6362093,Serra,
2509951,6362094,Siete Aguas,
2509951,6362095,Silla,
2509951,6362096,Simat de la Valldigna,
2509951,6362097,Sinarcas,
2509951,6362098,Sollana,
2509951,6362099,Sot de Chera,
2509951,6362100,Sueca,
2509951,6362101,Sumacàrcer,
2509951,6362102,Tavernes Blanques,
2509951,6362103,Tavernes de la Valldigna,
2509951,6362104,Teresa de Cofrentes,
2509951,6362105,Terrateig,
2509951,6362106,Titaguas,
2509951,6362107,Torrebaja,Torre Baixa
2509951,6362108,Torrella,
2509951,6362109,Torrente,Torrent
2509951,6362110,Torres Torres,
2509951,6362111,Tous,
2509951,6362112,Tuéjar,
2509951,6362113,Turís,
2509951,6362114,Utiel,
2509951,6362115,Valencia,Valentzia
2509951,6362116,Vallada,
2509951,6362117,Vallanca,
2509951,6363001,Vallés,
2509951,6362118,Venta del Moro,
2509951,6362119,Villalonga,Vilallonga
2509951,6362120,Villamarchante,Vilamarxant
2509951,6362121,Villanueva de Castellón,
2509951,6362122,Villar del Arzobispo,
2509951,6362123,Villargordo del Cabriel,Villargordo del Cabriol
2509951,6362124,Vinalesa,
2509951,6362010,Xátiva,
2509951,6362008,Xeraco,
2509951,6362011,Xeresa,
2509951,6362125,Yátova,
2509951,6362127,Zarra,
2510407,6361662,Ajofrín,
2510407,6361663,Alameda de la Sagra,
2510407,6361664,Albarreal de Tajo,
2510407,6361665,Alcabón,
2510407,6361666,Alcañizo,
2510407,6361667,Alcaudete de la Jara,
2510407,6361668,Alcolea de Tajo,
2510407,6361669,Aldea en Cabo,
2510407,6361670,Aldeanueva de Barbarroya,
2510407,6361671,Aldeanueva de San Bartolomé,
2510407,6361672,Almendral de la Cañada,
2510407,6361673,Almonacid de Toledo,
2510407,6361674,Almorox,
2510407,6361675,Añover de Tajo,
2510407,6361676,Arcicóllar,
2510407,6361677,Argés,
2510407,6361678,Azután,
2510407,6361679,Barcience,
2510407,6361680,Bargas,
2510407,6361681,Belvís de la Jara,
2510407,6361682,Borox,
2510407,6361683,Buenaventura,
2510407,6361684,Burguillos de Toledo,
2510407,6361685,Burujón,
2510407,6361686,Cabañas de la Sagra,
2510407,6361687,Cabañas de Yepes,
2510407,6361688,Cabezamesada,
2510407,6361689,Calera y Chozas,
2510407,6361690,Caleruela,
2510407,6361692,Camarena,
2510407,6361693,Camarenilla,
2510407,6361694,"Campillo de la Jara, El",
2510407,6361695,Camuñas,
2510407,6361696,Cardiel de los Montes,
2510407,6361697,Carmena,
2510407,6361698,"Carpio de Tajo, El",
2510407,6361699,Carranque,
2510407,6361700,Carriches,
2510407,6361701,"Casar de Escalona, El",
2510407,6361702,Casarrubios del Monte,
2510407,6361703,Casasbuenas,
2510407,6361704,Castillo de Bayuela,
2510407,6361705,Cazalegas,
2510407,6361706,Cebolla,
2510407,6361707,Cedillo del Condado,
2510407,6361708,"Cerralbos, Los",
2510407,6361709,Cervera de los Montes,
2510407,6361716,Chozas de Canales,
2510407,6361717,Chueca,
2510407,6361710,Ciruelos,
2510407,6361711,Cobeja,
2510407,6361712,Cobisa,
2510407,6361713,Consuegra,
2510407,6361714,Corral de Almaguer,
2510407,6361715,Cuerva,
2510407,6361718,Domingo Pérez,
2510407,6361719,Dosbarrios,
2510407,6361720,Erustes,
2510407,6361721,Escalona,
2510407,6361722,Escalonilla,
2510407,6361723,Espinoso del Rey,
2510407,6361724,Esquivias,
2510407,6361725,"Estrella, La",
2510407,6361726,Fuensalida,
2510407,6361727,Gálvez,
2510407,6361728,Garciotum,
2510407,6361729,Gerindote,
2510407,6361730,Guadamur,
2510407,6361731,"Guardia, La",
2510407,6361732,"Herencias, Las",
2510407,6361733,Herreruela de Oropesa,
2510407,6361734,Hinojosa de San Vicente,
2510407,6361735,Hontanar,
2510407,6361736,Hormigos,
2510407,6361737,Huecas,
2510407,6361738,Huerta de Valdecarábanos,
2510407,6361739,"Iglesuela, La",
2510407,6361740,Illán de Vacas,
2510407,6361741,Illescas,
2510407,6361691,La Calzada de Oropesa,Calzada de Oropesa
2510407,6361742,Lagartera,
2510407,6361743,Layos,
2510407,6361744,Lillo,
2510407,6361745,Lominchar,
2510407,6361746,Lucillos,
2510407,6361747,Madridejos,
2510407,6361748,Magán,
2510407,6361749,Malpica de Tajo,
2510407,6361750,Manzaneque,
2510407,6361751,Maqueda,
2510407,6361752,Marjaliza,
2510407,6361753,Marrupe,
2510407,6361754,Mascaraque,
2510407,6361755,"Mata, La",
2510407,6361756,Mazarambroz,
2510407,6361757,Mejorada,
2510407,6361758,Menasalbas,
2510407,6361759,Méntrida,
2510407,6361760,Mesegar de Tajo,
2510407,6361761,Miguel Esteban,
2510407,6361762,Mocejón,
2510407,6361763,Mohedas de la Jara,
2510407,6361764,Montearagón,
2510407,6361765,Montesclaros,
2510407,6361766,Mora,
2510407,6361767,Nambroca,
2510407,6361768,"Nava de Ricomalillo, La",
2510407,6361769,Navahermosa,
2510407,6361770,Navalcán,
2510407,6361771,Navalmoralejo,
2510407,6361772,"Navalmorales, Los",
2510407,6361773,"Navalucillos, Los",
2510407,6361774,Navamorcuende,
2510407,6361775,Noblejas,
2510407,6361776,Noez,
2510407,6361777,Nombela,
2510407,6361778,Novés,
2510407,6361779,Numancia de la Sagra,
2510407,6361780,Nuño Gómez,
2510407,6361781,Ocaña,
2510407,6361782,Olías del Rey,
2510407,6361783,Ontígola,
2510407,6361784,Orgaz,
2510407,6361785,Oropesa,
2510407,6361786,Otero,
2510407,6361787,Palomeque,
2510407,6361788,Pantoja,
2510407,6361789,Paredes de Escalona,
2510407,6361790,Parrillas,
2510407,6361791,Pelahustán,
2510407,6361792,Pepino,
2510407,6361793,Polán,
2510407,6361794,Portillo de Toledo,
2510407,6361795,"Puebla de Almoradiel, La",
2510407,6361796,"Puebla de Montalbán, La",
2510407,6361797,"Pueblanueva, La",
2510407,6361798,"Puente del Arzobispo, El",
2510407,6361799,Puerto de San Vicente,
2510407,6361800,Pulgar,
2510407,6361801,Quero,
2510407,6361802,Quintanar de la Orden,
2510407,6361803,Quismondo,
2510407,6361804,"Real de San Vicente, El",
2510407,6361805,Recas,
2510407,6361806,Retamoso de la Jara,
2510407,6361807,Rielves,
2510407,6361808,Robledo del Mazo,
2510407,6361809,"Romeral, El",
2510407,6361810,San Bartolomé de las Abiertas,
2510407,6361811,San Martín de Montalbán,
2510407,6361812,San Martín de Pusa,
2510407,6361813,San Pablo de los Montes,
2510407,6361814,San Román de los Montes,
2510407,6361815,Santa Ana de Pusa,
2510407,6361816,Santa Cruz de la Zarza,
2510407,6361817,Santa Cruz del Retamar,
2510407,6361818,Santa Olalla,
2510407,6361865,Santo Domingo-Caudilla,
2510407,6361819,Sartajada,
2510407,6361820,Segurilla,
2510407,6361821,Seseña,
2510407,6361822,Sevilleja de la Jara,
2510407,6361823,Sonseca,
2510407,6361824,Sotillo de las Palomas,
2510407,6361825,Talavera de la Reina,
2510407,6361826,Tembleque,
2510407,6361827,"Toboso, El",
2510407,6361828,Toledo,
2510407,6361829,Torralba de Oropesa,
2510407,6361831,"Torre de Esteban Hambrán, La",
2510407,6361830,Torrecilla de la Jara,
2510407,6361832,Torrico,
2510407,6361833,Torrijos,
2510407,6361834,Totanés,
2510407,6361835,Turleque,
2510407,6361836,Ugena,
2510407,6361837,Urda,
2510407,6361838,Valdeverdeja,
2510407,6361839,Valmojado,
2510407,6361840,Velada,
2510407,6361841,"Ventas con Peña Aguilera, Las",
2510407,6361842,"Ventas de Retamosa, Las",
2510407,6361843,"Ventas de San Julián, Las",
2510407,6361845,"Villa de Don Fadrique, La",
2510407,6361844,Villacañas,
2510407,6361846,Villafranca de los Caballeros,
2510407,6361847,Villaluenga de la Sagra,
2510407,6361848,Villamiel de Toledo,
2510407,6361849,Villaminaya,
2510407,6361850,Villamuelas,
2510407,6361851,Villanueva de Alcardete,
2510407,6361852,Villanueva de Bogas,
2510407,6361853,Villarejo de Montalbán,
2510407,6361854,Villarrubia de Santiago,
2510407,6361855,Villaseca de la Sagra,
2510407,6361856,Villasequilla,
2510407,6361857,Villatobas,
2510407,6361858,"Viso de San Juan, El",
2510407,6361859,"Yébenes, Los",
2510407,6361860,Yeles,
2510407,6361861,Yepes,
2510407,6361862,Yuncler,
2510407,6361863,Yunclillos,
2510407,6361864,Yuncos,
2510910,6360956,Aguadulce,
2510910,6360957,Alanís,
2510910,6360958,Albaida del Aljarafe,
2510910,6360959,Alcalá de Guadaíra,
2510910,6360960,Alcalá del Río,
2510910,6360961,Alcolea del Río,
2510910,6360963,Algámitas,
2510910,6360964,Almadén de la Plata,
2510910,6360965,Almensilla,
2510910,6360966,Arahal,
2510910,6360967,Aznalcázar,
2510910,6360968,Aznalcóllar,
2510910,6360969,Badolatosa,
2510910,6360970,Benacazón,
2510910,6360971,Bollullos de la Mitación,
2510910,6360972,Bormujos,
2510910,6360973,Brenes,
2510910,6360974,Burguillos,
2510910,6360975,"Cabezas de San Juan, Las",
2510910,6360976,Camas,
2510910,6360977,"Campana, La",
2510910,6361058,Cañada Rosal,
2510910,6360978,Cantillana,
2510910,6360979,Carmona,
2510910,6360980,Carrión de los Céspedes,
2510910,6360981,Casariche,
2510910,6360982,Castilblanco de los Arroyos,
2510910,6360983,Castilleja de Guzmán,
2510910,6360984,Castilleja de la Cuesta,
2510910,6360985,Castilleja del Campo,
2510910,6360986,"Castillo de las Guardas, El",
2510910,6360987,Cazalla de la Sierra,
2510910,6360988,Constantina,
2510910,6360989,Coria del Río,
2510910,6360990,Coripe,
2510910,6360991,"Coronil, El",
2510910,6360992,"Corrales, Los",
2510910,6361060,"Cuervo de Sevilla, El",
2510910,6360993,Dos Hermanas,
2510910,6360994,Écija,
2510910,6360995,Espartinas,
2510910,6360996,Estepa,
2510910,6360997,Fuentes de Andalucía,
2510910,6360998,"Garrobo, El",
2510910,6360999,Gelves,
2510910,6361000,Gerena,
2510910,6361001,Gilena,
2510910,6361002,Gines,
2510910,6361003,Guadalcanal,
2510910,6361004,Guillena,
2510910,6361005,Herrera,
2510910,6361006,Huévar del Aljarafe,
2510910,6361059,Isla Mayor,
2510910,6360962,La Algaba,
2510910,6361007,"Lantejuela, La",
2510910,6361008,Lebrija,
2510910,6361009,Lora de Estepa,
2510910,6361010,Lora del Río,
2510910,6361011,"Luisiana, La",
2510910,6361012,"Madroño, El",
2510910,6361013,Mairena del Alcor,
2510910,6361014,Mairena del Aljarafe,
2510910,6361015,Marchena,
2510910,6361016,Marinaleda,
2510910,6361017,Martín de la Jara,
2510910,6361018,"Molares, Los",
2510910,6361019,Montellano,
2510910,6361020,Morón de la Frontera,
2510910,6361021,"Navas de la Concepción, Las",
2510910,6361022,Olivares,
2510910,6361023,Osuna,
2510910,6361024,"Palacios y Villafranca, Los",
2510910,6361025,Palomares del Río,
2510910,6361026,Paradas,
2510910,6361027,Pedrera,
2510910,6361028,"Pedroso, El",
2510910,6361029,Peñaflor,
2510910,6361030,Pilas,
2510910,6361031,Pruna,
2510910,6361032,"Puebla de Cazalla, La",
2510910,6361033,"Puebla de los Infantes, La",
2510910,6361034,"Puebla del Río, La",
2510910,6361035,"Real de la Jara, El",
2510910,6361036,"Rinconada, La",
2510910,6361037,"Roda de Andalucía, La",
2510910,6361038,"Ronquillo, El",
2510910,6361039,"Rubio, El",
2510910,6361040,Salteras,
2510910,6361041,San Juan de Aznalfarache,
2510910,6361043,San Nicolás del Puerto,
2510910,6361042,Sanlúcar la Mayor,
2510910,6361044,Santiponce,
2510910,6361045,"Saucejo, El",
2510910,6361046,Sevilla,Seville
2510910,6361047,Tocina,
2510910,6361048,Tomares,
2510910,6361049,Umbrete,
2510910,6361050,Utrera,
2510910,6361051,Valencina de la Concepción,
2510910,6361052,Villamanrique de la Condesa,
2510910,6361055,Villanueva de San Juan,
2510910,6361053,Villanueva del Ariscal,
2510910,6361054,Villanueva del Río y Minas,
2510910,6361056,Villaverde del Río,
2510910,6361057,"Viso del Alcor, El",
2511173,6360619,Adeje,
2511173,6534180,Agulo,
2511173,6534181,Alajeró,
2511173,6360620,Arafo,
2511173,6360621,Arico,
2511173,6360622,Arona,
2511173,6534182,Barlovento,
2511173,6534183,Breña Alta,
2511173,6534184,Breña Baja,
2511173,6360623,Buenavista del Norte,
2511173,6360624,Candelaria,
2511173,7577086,El Pinar de El Hierro,
2511173,2518134,El Rosario,"Rosario, El"
2511173,6360625,Fasnia,
2511173,6534185,Frontera,
2511173,6534186,Fuencaliente de la Palma,
2511173,6360626,Garachico,
2511173,6534187,Garafía,
2511173,6360627,Granadilla de Abona,
2511173,6360629,Guía de Isora,
2511173,6360630,Güímar,Gueimar
2511173,6534188,Hermigua,
2511173,6360631,Icod de los Vinos,
2511173,6360628,La Guancha,
2511173,6360632,La Matanza de Acentejo,
2511173,6534189,"Llanos de Aridane, Los",
2511173,6360633,"Orotava, La",
2511173,6534190,"Paso, El",
2511173,6360634,Puerto de la Cruz,
2511173,6534191,Puntagorda,
2511173,6534192,Puntallana,
2511173,6360635,"Realejos, Los",
2511173,6534193,San Andrés y Sauces,
2511173,2515819,San Cristóbal de La Laguna,
2511173,6360636,San Juan de la Rambla,
2511173,6360637,San Miguel de Abona,
2511173,6534194,San Sebastián de la Gomera,
2511173,6534195,Santa Cruz de la Palma,
2511173,6360638,Santa Cruz de Tenerife,Tenerife
2511173,6360639,Santa Úrsula,
2511173,6360640,Santiago del Teide,
2511173,6360641,"Sauzal, El",
2511173,6360642,"Silos, Los",
2511173,6360643,Tacoronte,
2511173,6360644,"Tanque, El",
2511173,6534196,Tazacorte,
2511173,6360645,Tegueste,
2511173,6534197,Tijarafe,
2511173,6534199,Valle Gran Rey,
2511173,6534200,Vallehermoso,
2511173,6534198,Valverde,
2511173,6360646,"Victoria de Acentejo, La",
2511173,6360647,Vilaflor de Chasna,Vilaflor
2511173,6534201,Villa de Mazo,
2514254,6359406,Alameda,
2514254,6359407,Alcaucín,
2514254,6359408,Alfarnate,
2514254,6359409,Alfarnatejo,
2514254,6359410,Algarrobo,
2514254,6359411,Algatocín,
2514254,6359412,Alhaurín de la Torre,
2514254,6359413,Alhaurín el Grande,
2514254,6359414,Almáchar,
2514254,6359415,Almargen,
2514254,6359416,Almogía,
2514254,6359417,Álora,
2514254,6359418,Alozaina,
2514254,6359419,Alpandeire,
2514254,6359420,Antequera,
2514254,6359421,Árchez,
2514254,6359422,Archidona,
2514254,6359423,Ardales,
2514254,6359424,Arenas,
2514254,6359425,Arriate,
2514254,6359426,Atajate,
2514254,6359427,Benadalid,
2514254,6359428,Benahavís,
2514254,6359429,Benalauría,
2514254,6359430,Benalmádena,
2514254,6359431,Benamargosa,
2514254,6359432,Benamocarra,
2514254,6359433,Benaoján,
2514254,6359434,Benarrabá,
2514254,6359435,"Borge, El",
2514254,6359436,"Burgo, El",
2514254,6359437,Campillos,
2514254,6359440,Cañete la Real,
2514254,6359438,Canillas de Aceituno,
2514254,6359439,Canillas de Albaida,
2514254,6359441,Carratraca,
2514254,6359442,Cartajima,
2514254,6359443,Cártama,
2514254,6359444,Casabermeja,
2514254,6359445,Casarabonela,
2514254,6359446,Casares,
2514254,6359447,Coín,
2514254,6359448,Colmenar,
2514254,6359449,Comares,
2514254,6359450,Cómpeta,
2514254,6359451,Cortes de la Frontera,
2514254,6359452,Cuevas Bajas,
2514254,6359454,Cuevas de San Marcos,
2514254,6359453,Cuevas del Becerro,
2514254,6359455,Cútar,
2514254,6359456,Estepona,
2514254,6359457,Faraján,
2514254,6359458,Frigiliana,
2514254,6359459,Fuengirola,
2514254,6359460,Fuente de Piedra,
2514254,6359461,Gaucín,
2514254,6359462,Genalguacil,
2514254,6359463,Guaro,
2514254,6359464,Humilladero,
2514254,6359465,Igualeja,
2514254,6359466,Istán,
2514254,6359467,Iznate,
2514254,6359468,Jimera de Líbar,
2514254,6359469,Jubrique,
2514254,6359470,Júzcar,
2514254,6359471,Macharaviaya,
2514254,6359472,Málaga,
2514254,6359473,Manilva,
2514254,6359474,Marbella,
2514254,6359475,Mijas,
2514254,6359476,Moclinejo,
2514254,6359477,Mollina,
2514254,6359478,Monda,
2514254,11395789,Montecorto,
2514254,6359479,Montejaque,
2514254,6359480,Nerja,
2514254,6359481,Ojén,
2514254,6359482,Parauta,
2514254,6359483,Periana,
2514254,6359484,Pizarra,
2514254,6359485,Pujerra,
2514254,6359486,Rincón de la Victoria,
2514254,6359487,Riogordo,
2514254,6359488,Ronda,
2514254,6359489,Salares,
2514254,6359490,Sayalonga,
2514254,6359491,Sedella,
2514254,11395793,Serrato,
2514254,6359492,Sierra de Yeguas,
2514254,6359493,Teba,
2514254,6359494,Tolox,
2514254,6359505,Torremolinos,
2514254,6359495,Torrox,
2514254,6359496,Totalán,
2514254,6359497,Valle de Abdalajís,
2514254,6359498,Vélez-Málaga,
2514254,6359499,Villanueva de Algaidas,
2514254,8630122,Villanueva de la Concepción,
2514254,6359502,Villanueva de Tapia,
2514254,6359500,Villanueva del Rosario,
2514254,6359501,Villanueva del Trabuco,
2514254,6359503,Viñuela,
2514254,6359504,Yunquera,
2515271,6360171,Agaete,
2515271,6360172,Agüimes,Agueimes
2515271,6360190,"Aldea de San Nicolás, La",
2515271,6360173,Antigua,
2515271,6360174,Arrecife,
2515271,6360175,Artenara,
2515271,6360176,Arucas,
2515271,6360177,Betancuria,
2515271,6360178,Firgas,
2515271,6360179,Gáldar,
2515271,6360186,Gran Canaria,Las Palmas de Gran Canaria|Canarias - Gran Canaria|As Palmas de Gran Canaria|Las Palmas Kanaria Handikoa
2515271,6360180,Haría,
2515271,6360181,Ingenio,
2515271,6360182,Mogán,
2515271,6360183,Moya,
2515271,6360184,"Oliva, La",
2515271,6360185,Pájara,
2515271,6360187,Puerto del Rosario,
2515271,6360188,San Bartolomé,
2515271,6360189,San Bartolomé de Tirajana,
2515271,6360191,Santa Brígida,
2515271,6360192,Santa Lucía de Tirajana,
2515271,6360193,Santa María de Guía de Gran Canaria,
2515271,6360194,Teguise,
2515271,6360195,Tejeda,
2515271,6360196,Telde,
2515271,6360197,Teror,
2515271,6360198,Tías,
2515271,6360199,Tinajo,
2515271,6360200,Tuineje,
2515271,6360202,Valleseco,
2515271,6360201,Valsequillo de Gran Canaria,
2515271,6360203,Vega de San Mateo,
2515271,6360204,Yaiza,
2516394,6358456,Albanchez de Mágina,
2516394,6358457,Alcalá la Real,
2516394,6358458,Alcaudete,
2516394,6358459,Aldeaquemada,
2516394,6358460,Andújar,
2516394,6358461,Arjona,
2516394,6358462,Arjonilla,
2516394,6358463,Arquillos,
2516394,6358551,Arroyo del Ojanco,
2516394,6358464,Baeza,
2516394,6358465,Bailén,
2516394,6358466,Baños de la Encina,
2516394,6358467,Beas de Segura,
2516394,6358548,Bedmar y Garcíez,
2516394,6358468,Begíjar,
2516394,6358469,Bélmez de la Moraleda,
2516394,6358470,Benatae,
2516394,6358471,Cabra del Santo Cristo,
2516394,6358472,Cambil,
2516394,6358473,Campillo de Arenas,
2516394,6358474,Canena,
2516394,6358475,Carboneros,
2516394,6358547,Cárcheles,
2516394,6358476,"Carolina, La",
2516394,6362994,Castellar,
2516394,6358477,Castillo de Locubín,
2516394,6358478,Cazalilla,
2516394,6358479,Cazorla,
2516394,6358480,Chiclana de Segura,
2516394,6358481,Chilluévar,
2516394,6358482,Escañuela,
2516394,6358483,Espelúy,
2516394,6358484,Frailes,
2516394,6358485,Fuensanta de Martos,
2516394,6358486,Fuerte del Rey,
2516394,6358487,Génave,
2516394,6358488,"Guardia de Jaén, La",
2516394,6358489,Guarromán,
2516394,6358491,Higuera de Calatrava,
2516394,6358492,Hinojares,
2516394,6358493,Hornos,
2516394,6358494,Huelma,
2516394,6358495,Huesa,
2516394,6358496,Ibros,
2516394,6358497,"Iruela, La",
2516394,6358498,Iznatoraf,
2516394,6358499,Jabalquinto,
2516394,6358500,Jaén,Xaén
2516394,6358501,Jamilena,
2516394,6358502,Jimena,
2516394,6358503,Jódar,
2516394,6358490,Lahiguera,
2516394,6358504,Larva,
2516394,6358505,Linares,
2516394,6358506,Lopera,
2516394,6358507,Lupión,
2516394,6358508,Mancha Real,
2516394,6358509,Marmolejo,
2516394,6358510,Martos,
2516394,6358511,Mengíbar,
2516394,6358512,Montizón,
2516394,6358513,Navas de San Juan,
2516394,6358514,Noalejo,
2516394,6358515,Orcera,
2516394,6358516,Peal de Becerro,
2516394,6358517,Pegalajar,
2516394,6358518,Porcuna,
2516394,6358519,Pozo Alcón,
2516394,6358520,Puente de Génave,
2516394,6358521,"Puerta de Segura, La",
2516394,6358522,Quesada,
2516394,6358523,Rus,
2516394,6358524,Sabiote,
2516394,6358525,Santa Elena,
2516394,6358526,Santiago de Calatrava,
2516394,6358550,Santiago-Pontones,
2516394,6358527,Santisteban del Puerto,
2516394,6358528,Santo Tomé,
2516394,6358529,Segura de la Sierra,
2516394,6358530,Siles,
2516394,6358531,Sorihuela del Guadalimar,
2516394,6358533,Torre del Campo,
2516394,6358532,Torreblascopedro,
2516394,6358534,Torredonjimeno,
2516394,6358535,Torreperogil,
2516394,6358536,Torres,
2516394,6358537,Torres de Albanchez,
2516394,6358538,Úbeda,
2516394,6358539,Valdepeñas de Jaén,
2516394,6358540,Vilches,
2516394,6358541,Villacarrillo,
2516394,6358542,Villanueva de la Reina,
2516394,6358543,Villanueva del Arzobispo,
2516394,6358544,Villardompardo,
2516394,6358545,"Villares, Los",
2516394,6358546,Villarrodrigo,
2516394,6358549,Villatorres,
2516547,6358177,Alájar,
2516547,6358178,Aljaraque,
2516547,6358179,"Almendro, El",
2516547,6358180,Almonaster la Real,
2516547,6358181,Almonte,
2516547,6358182,Alosno,
2516547,6358183,Aracena,
2516547,6358184,Aroche,
2516547,6358185,Arroyomolinos de León,
2516547,6358186,Ayamonte,
2516547,6358187,Beas,
2516547,6358188,Berrocal,
2516547,6358189,Bollullos Par del Condado,
2516547,6358190,Bonares,
2516547,6358191,Cabezas Rubias,
2516547,6358192,Cala,
2516547,6358193,Calañas,
2516547,6358194,"Campillo, El",
2516547,6358195,Campofrío,
2516547,6358196,Cañaveral de León,
2516547,6358197,Cartaya,
2516547,6358198,Castaño del Robledo,
2516547,6358199,"Cerro de Andévalo, El",
2516547,6358206,Chucena,
2516547,6358200,Corteconcepción,
2516547,6358201,Cortegana,
2516547,6358202,Cortelazor,
2516547,6358203,Cumbres de Enmedio,
2516547,6358204,Cumbres de San Bartolomé,
2516547,6358205,Cumbres Mayores,
2516547,6358207,Encinasola,
2516547,6358208,Escacena del Campo,
2516547,6358209,Fuenteheridos,
2516547,6358210,Galaroza,
2516547,6358211,Gibraleón,
2516547,6358212,"Granada de Río-Tinto, La",
2516547,6358213,"Granado, El",
2516547,6358214,Higuera de la Sierra,
2516547,6358215,Hinojales,
2516547,6358216,Hinojos,
2516547,6358217,Huelva,
2516547,6358218,Isla Cristina,
2516547,6358219,Jabugo,
2516547,6358220,Lepe,
2516547,6358221,Linares de la Sierra,
2516547,6358222,Lucena del Puerto,
2516547,6358223,Manzanilla,
2516547,6358224,"Marines, Los",
2516547,6358225,Minas de Riotinto,
2516547,6358226,Moguer,
2516547,6358227,"Nava, La",
2516547,6358228,Nerva,
2516547,6358229,Niebla,
2516547,6358230,"Palma del Condado, La",
2516547,6358231,Palos de la Frontera,
2516547,6358232,Paterna del Campo,
2516547,6358233,Paymogo,
2516547,6358234,Puebla de Guzmán,
2516547,6358235,Puerto Moral,
2516547,6358236,Punta Umbría,
2516547,6358237,Rociana del Condado,
2516547,6358238,Rosal de la Frontera,
2516547,6358239,San Bartolomé de la Torre,
2516547,6358240,San Juan del Puerto,
2516547,6358242,San Silvestre de Guzmán,
2516547,6358241,Sanlúcar de Guadiana,
2516547,6358243,Santa Ana la Real,
2516547,6358244,Santa Bárbara de Casa,
2516547,6358245,Santa Olalla del Cala,
2516547,6358246,Trigueros,
2516547,6358247,Valdelarco,
2516547,6358248,Valverde del Camino,
2516547,6358249,Villablanca,
2516547,6358250,Villalba del Alcor,
2516547,6358251,Villanueva de las Cruces,
2516547,6358252,Villanueva de los Castillejos,
2516547,6358253,Villarrasa,
2516547,6358254,Zalamea la Real,
2516547,6358255,Zufre,
2517115,6357639,Agrón,
2517115,6357640,Alamedilla,
2517115,6357641,Albolote,
2517115,6357642,Albondón,
2517115,6357643,Albuñán,
2517115,6357644,Albuñol,
2517115,6357645,Albuñuelas,
2517115,6357646,Aldeire,
2517115,6357647,Alfacar,
2517115,6357648,Algarinejo,
2517115,6357649,Alhama de Granada,
2517115,6357650,Alhendín,
2517115,6357651,Alicún de Ortega,
2517115,6357652,Almegíjar,
2517115,6357653,Almuñécar,
2517115,6357796,Alpujarra de la Sierra,
2517115,6357654,Alquife,
2517115,6357655,Arenas del Rey,
2517115,6357656,Armilla,
2517115,6357657,Atarfe,
2517115,6357658,Baza,
2517115,6357659,Beas de Granada,
2517115,6357660,Beas de Guadix,
2517115,6357661,Benalúa,
2517115,6357662,Benalúa de las Villas,
2517115,6357663,Benamaurel,
2517115,6357664,Bérchules,
2517115,6357665,Bubión,
2517115,6357666,Busquístar,
2517115,6357667,Cacín,
2517115,6357668,Cádiar,
2517115,6357669,Cájar,
2517115,6357729,"Calahorra, La",
2517115,6357670,Calicasas,
2517115,6357671,Campotéjar,
2517115,6357673,Cáñar,
2517115,6357672,Caniles,
2517115,6357674,Capileira,
2517115,6357675,Carataunas,
2517115,6357676,Cástaras,
2517115,6357677,Castilléjar,
2517115,6357678,Castril,
2517115,6357679,Cenes de la Vega,
2517115,6357688,Chauchina,
2517115,6357689,Chimeneas,
2517115,6357690,Churriana de la Vega,
2517115,6357680,Cijuela,
2517115,6357681,Cogollos de Guadix,
2517115,6357682,Cogollos de la Vega,Cogollos Vega
2517115,6357683,Colomera,
2517115,6357684,Cortes de Baza,
2517115,6357685,Cortes y Graena,Cortes eta Graena
2517115,6357804,Cuevas del Campo,
2517115,6357686,Cúllar,
2517115,6357687,Cúllar Vega,
2517115,6357691,Darro,
2517115,6357692,Dehesas de Guadix,
2517115,11395784,Dehesas Viejas,
2517115,6357693,Deifontes,
2517115,6357694,Diezma,
2517115,6357695,Dílar,
2517115,6357696,Dólar,
2517115,11395786,Domingo Pérez de Granada,
2517115,6357697,Dúdar,
2517115,6357698,Dúrcal,
2517115,6357802,El Pinar,
2517115,6357795,El Valle,
2517115,6357699,Escúzar,
2517115,6357700,Ferreira,
2517115,6357701,Fonelas,
2517115,6357702,Freila,
2517115,6357703,Fuente Vaqueros,
2517115,6357704,Galera,
2517115,6357705,Gobernador,
2517115,6357706,Gójar,
2517115,6357707,Gor,
2517115,6357708,Gorafe,
2517115,6357709,Granada,
2517115,6357710,Guadahortuna,
2517115,6357711,Guadix,
2517115,6357798,"Guajares, Los",
2517115,6357712,Gualchos,
2517115,6357713,Güejar Sierra,Gueejar Sierra
2517115,6357714,Güevéjar,Gueevejar
2517115,6357715,Huélago,
2517115,6357716,Huéneja,
2517115,6357717,Huéscar,
2517115,6357718,Huétor de Santillán,
2517115,6357720,Huétor Vega,
2517115,6357719,Huétor-Tájar,
2517115,6357721,Illora,
2517115,6357722,Itrabo,
2517115,6357723,Iznalloz,
2517115,11395787,Játar,
2517115,6357724,Jayena,
2517115,6357725,Jérez del Marquesado,
2517115,6357726,Jete,
2517115,6357727,Jun,
2517115,6357728,Juviles,
2517115,6357730,Láchar,
2517115,6357731,Lanjarón,
2517115,6357732,Lanteira,
2517115,6357797,Las Gabias,
2517115,6357733,Lecrín,
2517115,6357734,Lentegí,
2517115,6357735,Lobras,
2517115,6357736,Loja,
2517115,6357737,Lugros,
2517115,6357738,Lújar,
2517115,6357739,"Malahá, La",
2517115,6357740,Maracena,
2517115,6357741,Marchal,
2517115,6357742,Moclín,
2517115,6357743,Molvízar,
2517115,6357744,Monachil,
2517115,6357745,Montefrío,
2517115,6357746,Montejícar,
2517115,6357747,Montillana,
2517115,6357748,Moraleda de Zafayona,
2517115,6357801,Morelábor,
2517115,6357749,Motril,
2517115,6357750,Murtas,
2517115,6355241,Nevada,
2517115,6357751,Nigüelas,Nigueelas
2517115,6357752,Nívar,
2517115,6357753,Ogíjares,
2517115,6357754,Orce,
2517115,6357755,Órgiva,
2517115,6357756,Otívar,
2517115,6357757,Otura,
2517115,6357758,Padul,
2517115,6357759,Pampaneira,
2517115,6357760,Pedro Martínez,
2517115,6357761,Peligros,
2517115,6357762,"Peza, La",
2517115,6357765,Píñar,
2517115,6357763,Pinos Genil,
2517115,6357764,Pinos Puente,
2517115,6357766,Polícar,
2517115,6357767,Polopos,
2517115,6357768,Pórtugos,
2517115,6357769,Puebla de Don Fadrique,
2517115,6357770,Pulianas,
2517115,6357771,Purullena,
2517115,6357772,Quéntar,
2517115,6357773,Rubite,
2517115,6357774,Salar,
2517115,6357775,Salobreña,
2517115,6357776,Santa Cruz del Comercio,
2517115,6357777,Santa Fe,
2517115,6357778,Soportújar,
2517115,6357779,Sorvilán,
2517115,6357794,"Taha, La",
2517115,6357780,Torre-Cardela,
2517115,6357781,Torvizcón,
2517115,6357782,Trevélez,
2517115,6357783,Turón,
2517115,6357784,Ugíjar,
2517115,11395795,Valderrubio,
2517115,6357799,Valle del Zalabí,
2517115,6357785,Válor,
2517115,6357803,Vegas del Genil,
2517115,6357786,Vélez de Benaudalla,
2517115,6357787,Ventas de Huelma,
2517115,6357800,Villamena,
2517115,6357788,Villanueva de las Torres,
2517115,6357789,Villanueva Mesía,
2517115,6357790,Víznar,
2517115,6357791,Zafarraya,
2517115,6357805,Zagra,
2517115,6357792,"Zubia, La",
2517115,6357793,Zújar,
2519034,6357362,Abia de la Obispalía,
2519034,6357363,"Acebrón, El",
2519034,6357364,Alarcón,
2519034,6357365,Albaladejo del Cuende,
2519034,6357366,Albalate de las Nogueras,
2519034,6357367,Albendea,
2519034,6357368,"Alberca de Záncara, La",
2519034,6357369,Alcalá de la Vega,
2519034,6357370,Alcantud,
2519034,6357371,Alcázar del Rey,
2519034,6357372,Alcohujate,
2519034,6357373,Alconchel de la Estrella,
2519034,6357374,Algarra,
2519034,6357375,Aliaguilla,
2519034,6357376,"Almarcha, La",
2519034,6357377,Almendros,
2519034,6357378,Almodóvar del Pinar,
2519034,6357379,Almonacid del Marquesado,
2519034,6357380,Altarejos,
2519034,6357381,Arandilla del Arroyo,
2519034,6357590,Arcas del Villar,
2519034,6357382,Arcos de la Sierra,
2519034,6357384,Arguisuelas,
2519034,6357385,Arrancacepas,
2519034,6357386,Atalaya del Cañavate,
2519034,6357387,Barajas de Melo,
2519034,6357388,Barchín del Hoyo,
2519034,6357389,Bascuñana de San Pedro,
2519034,6357390,Beamud,
2519034,6357391,Belinchón,
2519034,6357392,Belmonte,
2519034,6357393,Belmontejo,
2519034,6357394,Beteta,
2519034,6357395,Boniches,
2519034,6357396,Buciegas,
2519034,6357397,Buenache de Alarcón,
2519034,7577088,Buenache de la Sierra,
2519034,6357398,Buendía,
2519034,6357399,Campillo de Altobuey,
2519034,6357400,Campillos-Paravientos,
2519034,6357401,Campillos-Sierra,
2519034,6357586,Campos del Paraíso,
2519034,6357403,Cañada del Hoyo,
2519034,6357404,Cañada Juncosa,
2519034,6357402,Canalejas del Arroyo,
2519034,6357405,Cañamares,
2519034,6357406,"Cañavate, El",
2519034,6357407,Cañaveras,
2519034,6357408,Cañaveruelas,
2519034,6357409,Cañete,
2519034,6357410,Cañizares,
2519034,6357411,Carboneras de Guadazaón,
2519034,6357412,Cardenete,
2519034,6357413,Carrascosa,
2519034,6357414,Carrascosa de Haro,
2519034,6357415,Casas de Benítez,
2519034,6357416,Casas de Fernando Alonso,
2519034,6357417,Casas de Garcimolina,
2519034,6357418,Casas de Guijarro,
2519034,6357419,Casas de Haro,
2519034,6357420,Casas de los Pinos,
2519034,6357421,Casasimarro,
2519034,6357422,Castejón,
2519034,6357423,Castillejo de Iniesta,
2519034,6357424,Castillejo-Sierra,
2519034,6357426,Castillo de Garcimuñoz,
2519034,6357425,Castillo-Albaráñez,
2519034,6357427,Cervera del Llano,
2519034,6357383,Chillarón de Cuenca,
2519034,6357431,Chumillas,
2519034,6357428,"Cierva, La",
2519034,6357429,Cuenca,
2519034,6357430,Cueva del Hierro,
2519034,6357432,Enguídanos,
2519034,6357433,Fresneda de Altarejos,
2519034,6357434,Fresneda de la Sierra,
2519034,6357436,Fuente de Pedro Naharro,
2519034,6357437,Fuentelespino de Haro,
2519034,6357438,Fuentelespino de Moya,
2519034,6357589,Fuentenava de Jábaga,
2519034,6357439,Fuentes,
2519034,6357440,Fuertescusa,
2519034,6357441,Gabaldón,
2519034,6357442,Garaballa,
2519034,6357443,Gascueña,
2519034,6357444,Graja de Campalbo,
2519034,6357445,Graja de Iniesta,
2519034,6357446,Henarejos,
2519034,6357447,"Herrumblar, El",
2519034,6357448,"Hinojosa, La",
2519034,6357449,"Hinojosos, Los",
2519034,6357450,"Hito, El",
2519034,6357451,Honrubia,
2519034,6357452,Hontanaya,
2519034,6357453,Hontecillas,
2519034,6357454,Horcajo de Santiago,
2519034,6357455,Huélamo,
2519034,6357456,Huelves,
2519034,6357457,Huérguina,
2519034,6357458,Huerta de la Obispalía,
2519034,6357459,Huerta del Marquesado,
2519034,6357460,Huete,
2519034,6357461,Iniesta,
2519034,6357435,La Frontera,
2519034,6357462,Laguna del Marquesado,
2519034,6357463,Lagunaseca,
2519034,6357464,Landete,
2519034,6357465,Ledaña,
2519034,6357466,Leganiel,
2519034,6357467,"Majadas, Las",
2519034,6357468,Mariana,
2519034,6357469,Masegosa,
2519034,6357470,"Mesas, Las",
2519034,6357471,Minglanilla,
2519034,6357472,Mira,
2519034,6357473,Monreal del Llano,
2519034,6357474,Montalbanejo,
2519034,6357475,Montalbo,
2519034,6357476,Monteagudo de las Salinas,
2519034,6357477,Mota de Altarejos,
2519034,6357478,Mota del Cuervo,
2519034,6357479,Motilla del Palancar,
2519034,6357480,Moya,
2519034,6357481,Narboneta,
2519034,6357482,Olivares de Júcar,
2519034,6357483,Olmeda de la Cuesta,
2519034,6357484,Olmeda del Rey,
2519034,6357485,Olmedilla de Alarcón,
2519034,6357486,Olmedilla de Eliz,
2519034,6357487,Osa de la Vega,
2519034,6357488,Pajarón,
2519034,6357489,Pajaroncillo,
2519034,6357490,Palomares del Campo,
2519034,7577089,Palomera,
2519034,6357491,Paracuellos,
2519034,6357492,Paredes,Paredes de Melo
2519034,6357493,"Parra de las Vegas, La",
2519034,6357494,"Pedernoso, El",
2519034,6357495,"Pedroñeras, Las",
2519034,6357496,"Peral, El",
2519034,6357497,"Peraleja, La",
2519034,6357498,"Pesquera, La",
2519034,6357499,"Picazo, El",
2519034,6357500,Pinarejo,
2519034,6357501,Pineda de Gigüela,Pineda de Gigueela
2519034,6357502,Piqueras del Castillo,
2519034,6357503,Portalrubio de Guadamejud,
2519034,6357504,Portilla,
2519034,7577090,Poyatos,
2519034,6357505,Pozoamargo,
2519034,6357592,Pozorrubielos de la Mancha,
2519034,6357506,Pozorrubio de Santiago,Pozorrubio
2519034,6357507,"Pozuelo, El",
2519034,6357508,Priego,
2519034,6357509,"Provencio, El",
2519034,6357510,Puebla de Almenara,
2519034,6357512,Puebla del Salvador,
2519034,6357513,Quintanar del Rey,
2519034,6357514,Rada de Haro,
2519034,6357515,Reíllo,
2519034,6357516,Rozalén del Monte,
2519034,6357517,Saceda-Trasierra,
2519034,6357518,Saelices,
2519034,6357519,Salinas del Manzano,
2519034,6357520,Salmeroncillos,
2519034,6357521,Salvacañete,
2519034,6357522,San Clemente,
2519034,6357523,San Lorenzo de la Parrilla,
2519034,6357524,San Martín de Boniches,
2519034,6357525,San Pedro Palmiches,
2519034,6357526,Santa Cruz de Moya,Santa Creu de Moia
2519034,6357528,Santa María de los Llanos,
2519034,6357527,Santa María del Campo Rus,
2519034,6357529,Santa María del Val,
2519034,6357530,Sisante,
2519034,6357531,Solera de Gabaldón,
2519034,6357593,Sotorribas,
2519034,6357532,Talayuelas,
2519034,6357533,Tarancón,
2519034,6357534,Tébar,
2519034,6357535,Tejadillos,
2519034,6357536,Tinajas,
2519034,6357537,Torralba,
2519034,6357538,Torrejoncillo del Rey,
2519034,6357539,Torrubia del Campo,
2519034,6357540,Torrubia del Castillo,
2519034,7577091,Tragacete,
2519034,6357541,Tresjuncos,
2519034,6357542,Tribaldos,
2519034,6357543,Uclés,
2519034,6357544,Uña,
2519034,6357591,"Valdecolmenas, Los",
2519034,6357545,Valdemeca,
2519034,6357546,Valdemorillo de la Sierra,
2519034,6357547,Valdemoro-Sierra,
2519034,6357548,Valdeolivas,
2519034,6357587,Valdetórtola,
2519034,6357588,"Valeras, Las",
2519034,6357549,Valhermoso de la Fuente,
2519034,6357511,"Valle de Altomira, El",
2519034,6357550,Valsalobre,
2519034,6357551,Valverde de Júcar,
2519034,6357552,Valverdejo,
2519034,6357553,Vara de Rey,
2519034,3106302,Vega del Codorno,
2519034,6357554,Vellisca,
2519034,6357555,Villaconejos de Trabaque,
2519034,6357556,Villaescusa de Haro,
2519034,6357557,Villagarcía del Llano,
2519034,6357558,Villalba de la Sierra,
2519034,6357559,Villalba del Rey,
2519034,6357560,Villalgordo del Marquesado,
2519034,6357561,Villalpardo,
2519034,6357562,Villamayor de Santiago,
2519034,6357563,Villanueva de Guadamejud,
2519034,6357564,Villanueva de la Jara,
2519034,6357565,Villar de Cañas,
2519034,6357566,Villar de Domingo García,
2519034,6357567,Villar de la Encina,
2519034,6357570,Villar de Olalla,
2519034,6357568,Villar del Humo,
2519034,6357569,Villar del Infantado,
2519034,6357594,Villar y Velasco,
2519034,6357571,Villarejo de Fuentes,
2519034,6357572,Villarejo de la Peñuela,
2519034,6357573,Villarejo-Periesteban,
2519034,6357574,Villares del Saz,
2519034,6357575,Villarrubio,
2519034,6357576,Villarta,
2519034,6357577,Villas de la Ventosa,
2519034,6357578,Villaverde y Pasaconsol,
2519034,6357579,Víllora,
2519034,6357580,Vindel,
2519034,6357581,Yémeda,
2519034,6357582,Zafra de Záncara,
2519034,6357583,Zafrilla,
2519034,6357584,Zarza de Tajo,
2519034,6357585,Zarzuela,
2519239,6357196,Adamuz,
2519239,6357197,Aguilar de la Frontera,
2519239,6357198,Alcaracejos,
2519239,6357199,Almedinilla,
2519239,6357200,Almodóvar del Río,
2519239,6357201,Añora,
2519239,6357202,Baena,
2519239,6357203,Belalcázar,
2519239,6357204,Belmez,
2519239,6357205,Benamejí,
2519239,6357206,"Blázquez, Los",
2519239,6357207,Bujalance,
2519239,6357208,Cabra,
2519239,6357209,Cañete de las Torres,
2519239,6357210,Carcabuey,
2519239,6357211,Cardeña,
2519239,6357212,"Carlota, La",
2519239,6357213,"Carpio, El",
2519239,6357214,Castro del Río,
2519239,6357215,Conquista,
2519239,6357216,Cordoba,
2519239,6357217,Doña Mencía,
2519239,6357218,Dos Torres,
2519239,6357219,Encinas Reales,
2519239,6357220,Espejo,
2519239,6357221,Espiel,
2519239,6357222,Fernán-Núñez,
2519239,6357223,Fuente la Lancha,
2519239,6357224,Fuente Obejuna,
2519239,6357225,Fuente Palmera,
2519239,6357226,Fuente-Tójar,
2519239,6357227,"Granjuela, La",
2519239,6357228,Guadalcázar,
2519239,6357229,"Guijo, El",Guijo (El)
2519239,6357230,Hinojosa del Duque,
2519239,6357231,Hornachuelos,
2519239,6357232,Iznájar,
2519239,6357233,Lucena,
2519239,6357234,Luque,
2519239,6357235,Montalbán de Córdoba,
2519239,6357236,Montemayor,
2519239,6357237,Montilla,
2519239,6357238,Montoro,
2519239,6357239,Monturque,
2519239,6357240,Moriles,
2519239,6357241,Nueva Carteya,
2519239,6357242,Obejo,
2519239,6357243,Palenciana,
2519239,6357244,Palma del Río,
2519239,6357245,Pedro Abad,
2519239,6357246,Pedroche,
2519239,6357247,Peñarroya-Pueblonuevo,
2519239,6357248,Posadas,
2519239,6357249,Pozoblanco,
2519239,6357250,Priego de Córdoba,
2519239,6357251,Puente Genil,
2519239,6357252,"Rambla, La",
2519239,6357253,Rute,
2519239,6357254,San Sebastián de los Ballesteros,
2519239,6357256,Santa Eufemia,
2519239,6357255,Santaella,
2519239,6357257,Torrecampo,
2519239,6357258,Valenzuela,
2519239,6357259,Valsequillo,
2519239,6357260,"Victoria, La",
2519239,6357261,Villa del Río,
2519239,6357262,Villafranca de Córdoba,
2519239,6357263,Villaharta,
2519239,6357264,Villanueva de Córdoba,
2519239,6357265,Villanueva del Duque,
2519239,6357266,Villanueva del Rey,
2519239,6357267,Villaralto,
2519239,6357268,Villaviciosa de Córdoba,
2519239,6357269,"Viso, El",
2519239,6357270,Zuheros,
2519401,6357095,Abenójar,
2519401,6357096,Agudo,
2519401,6357097,Alamillo,
2519401,6357098,Albaladejo,
2519401,6357099,Alcázar de San Juan,
2519401,6357100,Alcoba de los Montes,Alcoba
2519401,6357101,Alcolea de Calatrava,
2519401,6357102,Alcubillas,
2519401,6357103,Aldea del Rey,
2519401,6357104,Alhambra,
2519401,6357105,Almadén,
2519401,6357106,Almadenejo,Almadenejos
2519401,6357107,Almagro,
2519401,6357108,Almedina,
2519401,6357109,Almodóvar del Campo,
2519401,6357110,Almuradiel,
2519401,6357111,Anchuras,
2519401,6357194,Arenales de San Gregorio,
2519401,6357112,Arenas de San Juan,
2519401,6357113,Argamasilla de Alba,
2519401,6357114,Argamasilla de Calatrava,
2519401,6357115,Arroba de los Montes,
2519401,6357116,Ballesteros de Calatrava,
2519401,6357117,Bolaños de Calatrava,
2519401,6357118,Brazatortas,
2519401,6357119,Cabezarados,
2519401,6357120,Cabezarrubias del Puerto,
2519401,6357121,Calzada de Calatrava,
2519401,6357122,Campo de Criptana,
2519401,6357123,Cañada de Calatrava,
2519401,6357124,Caracuel de Calatrava,
2519401,6357125,Carrión de Calatrava,
2519401,6357126,Carrizosa,
2519401,6357127,Castellar de Santiago,
2519401,6357132,Chillón,
2519401,6357128,Ciudad Real,Cidade Real
2519401,6357129,Corral de Calatrava,
2519401,6357130,"Cortijos, Los",
2519401,6357131,Cózar,
2519401,6357133,Daimiel,
2519401,6357192,El Robledo,"Robledo, El"
2519401,6357134,Fernán Caballero,
2519401,6357135,Fontanarejo,
2519401,6357136,Fuencaliente,
2519401,6357137,Fuenllana,
2519401,6357138,Fuente el Fresno,
2519401,6357139,Granátula de Calatrava,
2519401,6357140,Guadalmez,
2519401,6357141,Herencia,
2519401,6357142,Hinojosas de Calatrava,
2519401,6357143,Horcajo de los Montes,
2519401,6357144,"Labores, Las",
2519401,6357195,Llanos del Caudillo,
2519401,6357145,Luciana,
2519401,6357146,Malagón,
2519401,6357147,Manzanares,
2519401,6357148,Membrilla,
2519401,6357149,Mestanza,
2519401,6357150,Miguelturra,
2519401,6357151,Montiel,
2519401,6357152,Moral de Calatrava,
2519401,6357153,Navalpino,
2519401,6357154,Navas de Estena,
2519401,6357155,Pedro Muñoz,
2519401,6357156,Picón,
2519401,6357157,Piedrabuena,
2519401,6357158,Poblete,
2519401,6357159,Porzuna,
2519401,6357160,Pozuelo de Calatrava,
2519401,6357161,"Pozuelos de Calatrava, Los",
2519401,6357162,Puebla de Don Rodrigo,
2519401,6357163,Puebla del Príncipe,
2519401,6357164,Puerto Lápice,
2519401,6357165,Puertollano,
2519401,6357166,Retuerta del Bullaque,
2519401,6357193,Ruidera,
2519401,6357167,Saceruela,
2519401,6357168,San Carlos del Valle,
2519401,6357169,San Lorenzo de Calatrava,
2519401,6357170,Santa Cruz de los Cáñamos,
2519401,6357171,Santa Cruz de Mudela,
2519401,6357172,Socuéllamos,
2519401,6357174,Solana del Pino,
2519401,6357173,"Solana, La",
2519401,6357175,Terrinches,
2519401,6357176,Tomelloso,
2519401,6357177,Torralba de Calatrava,
2519401,6357178,Torre de Juan Abad,
2519401,6357179,Torrenueva,
2519401,6357180,Valdemanco del Esteras,
2519401,2509983,Valdepeñas,
2519401,6357181,Valenzuela de Calatrava,
2519401,6357182,Villahermosa,
2519401,6357183,Villamanrique,
2519401,6357184,Villamayor de Calatrava,
2519401,6357185,Villanueva de la Fuente,
2519401,6357186,Villanueva de los Infantes,
2519401,6357187,Villanueva de San Carlos,
2519401,6357188,Villar del Pozo,
2519401,6357189,Villarrubia de los Ojos,
2519401,6357190,Villarta de San Juan,
2519401,6357191,Viso del Marqués,
2520597,6356916,Alcalá de los Gazules,
2520597,6356917,Alcalá del Valle,
2520597,6356918,Algar,
2520597,6356919,Algeciras,Algesires|Alxeciras
2520597,6356920,Algodonales,
2520597,6356921,Arcos de la Frontera,
2520597,6356922,Barbate,
2520597,6356923,"Barrios, Los",
2520597,6356958,Benalup-Casas Viejas,
2520597,6356924,Benaocaz,
2520597,6356925,Bornos,
2520597,6356926,"Bosque, El",
2520597,6356927,Cádiz,Cadis
2520597,6356928,Castellar de la Frontera,
2520597,6356930,Chiclana de la Frontera,
2520597,6356931,Chipiona,
2520597,6356929,Conil de la Frontera,
2520597,6356932,Espera,
2520597,6356933,"Gastor, El",
2520597,6356934,Grazalema,
2520597,6356935,Jerez de la Frontera,Xerez da Fronteira
2520597,6356936,Jimena de la Frontera,
2520597,6356937,"Línea de la Concepción, La",
2520597,6356938,Medina-Sidonia,
2520597,6356939,Olvera,
2520597,6356940,Paterna de Rivera,
2520597,6356941,Prado del Rey,
2520597,6356942,"Puerto de Santa María, El",
2520597,6356943,Puerto Real,
2520597,6356944,Puerto Serrano,
2520597,6356945,Rota,
2520597,6356946,San Fernando,
2520597,6356959,San José del Valle,
2520597,6356948,San Roque,
2520597,6356947,Sanlúcar de Barrameda,
2520597,6356949,Setenil de las Bodegas,
2520597,6356950,Tarifa,
2520597,6356951,Torre Alháquime,
2520597,6356952,Trebujena,
2520597,6356953,Ubrique,
2520597,6356954,Vejer de la Frontera,
2520597,6356955,Villaluenga del Rosario,
2520597,6356956,Villamartín,
2520597,6356957,Zahara,
2520610,6356698,Abadía,
2520610,6356699,Abertura,
2520610,6356700,Acebo,
2520610,6356701,Acehúche,
2520610,6356702,Aceituna,
2520610,6356703,Ahigal,
2520610,7577096,Alagón del Río,
2520610,6356704,Albalá,
2520610,6356705,Alcántara,
2520610,6356706,Alcollarín,
2520610,6356707,Alcuéscar,
2520610,6356709,Aldea del Cano,
2520610,6356710,"Aldea del Obispo, La",
2520610,6356708,Aldeacentenera,
2520610,6356711,Aldeanueva de la Vera,
2520610,6356712,Aldeanueva del Camino,
2520610,6356713,Aldehuela de Jerte,
2520610,6356714,Alía,
2520610,6356715,Aliseda,
2520610,6356716,Almaraz,
2520610,6356717,Almoharín,
2520610,6356718,Arroyo de la Luz,
2520610,6356720,Arroyomolinos,
2520610,6356719,Arroyomolinos de la Vera,
2520610,6356721,Baños de Montemayor,
2520610,6356722,Barrado,
2520610,6356723,Belvís de Monroy,
2520610,6356724,Benquerencia,
2520610,6356725,Berrocalejo,
2520610,6356726,Berzocana,
2520610,6356727,Bohonal de Ibor,
2520610,6356728,Botija,
2520610,6356729,Brozas,
2520610,6356730,Cabañas del Castillo,
2520610,6356731,Cabezabellosa,
2520610,6356732,Cabezuela del Valle,
2520610,6356733,Cabrero,
2520610,6356734,Cáceres,
2520610,6356735,Cachorrilla,
2520610,6356736,Cadalso,
2520610,6356737,Calzadilla,
2520610,6356738,Caminomorisco,
2520610,6356739,Campillo de Deleitosa,
2520610,6356740,Campo Lugar,
2520610,6356741,Cañamero,
2520610,6356742,Cañaveral,
2520610,6356743,Carbajo,
2520610,6356744,Carcaboso,
2520610,6356745,Carrascalejo,
2520610,6356746,Casar de Cáceres,
2520610,6356747,Casar de Palomero,
2520610,6356748,Casares de las Hurdes,
2520610,6356749,Casas de Don Antonio,
2520610,6356750,Casas de Don Gómez,
2520610,6356753,Casas de Millán,
2520610,6356754,Casas de Miravete,
2520610,6356751,Casas del Castañar,
2520610,6356752,Casas del Monte,
2520610,6356755,Casatejada,
2520610,6356756,Casillas de Coria,
2520610,6356757,Castañar de Ibor,
2520610,6356758,Ceclavín,
2520610,6356759,Cedillo,
2520610,6356760,Cerezo,
2520610,6356761,Cilleros,
2520610,6356762,Collado de la Vera,
2520610,6356763,Conquista de la Sierra,
2520610,6356764,Coria,
2520610,6356765,Cuacos de Yuste,
2520610,6356766,"Cumbre, La",
2520610,6356767,Deleitosa,
2520610,6356768,Descargamaría,
2520610,6356769,Eljas,As Ellas
2520610,6356770,Escurial,
2520610,6356771,Fresnedoso de Ibor,
2520610,6356772,Galisteo,
2520610,6356773,Garciaz,
2520610,6356775,Garganta la Olla,
2520610,6356774,"Garganta, La",
2520610,6356776,Gargantilla,
2520610,6356777,Gargüera,Gargueera
2520610,6356778,Garrovillas de Alconétar,
2520610,6356779,Garvín,
2520610,6356780,Gata,
2520610,6356781,"Gordo, El",
2520610,6356782,"Granja, La",
2520610,6356783,Guadalupe,
2520610,6356784,Guijo de Coria,
2520610,6356785,Guijo de Galisteo,
2520610,6356786,Guijo de Granadilla,
2520610,6356787,Guijo de Santa Bárbara,
2520610,6356788,Herguijuela,
2520610,6356789,Hernán-Pérez,
2520610,6356790,Herrera de Alcántara,
2520610,6356791,Herreruela,
2520610,6356792,Hervás,
2520610,6356793,Higuera de Albalat,Higuera
2520610,6356794,Hinojal,
2520610,6356795,Holguera,
2520610,6356796,Hoyos,
2520610,6356797,Huélaga,
2520610,6356798,Ibahernando,
2520610,6356799,Jaraicejo,
2520610,6356800,Jaraíz de la Vera,
2520610,6356801,Jarandilla de la Vera,
2520610,6355238,Jarilla,
2520610,6356802,Jerte,
2520610,6356803,Ladrillar,
2520610,6356804,Logrosán,
2520610,6356805,Losar de la Vera,
2520610,6356806,Madrigal de la Vera,
2520610,6356807,Madrigalejo,
2520610,6356808,Madroñera,
2520610,6356809,Majadas de Tiétar,Majadas
2520610,6356810,Malpartida de Cáceres,
2520610,6356811,Malpartida de Plasencia,
2520610,6356812,Marchagaz,
2520610,6356813,Mata de Alcántara,
2520610,6356814,Membrío,
2520610,6356815,Mesas de Ibor,
2520610,6356816,Miajadas,
2520610,6356817,Millanes,
2520610,6356818,Mirabel,
2520610,6356819,Mohedas de Granadilla,
2520610,6356820,Monroy,
2520610,6356821,Montánchez,
2520610,6356822,Montehermoso,
2520610,6356823,Moraleja,
2520610,6356824,Morcillo,
2520610,6356825,Navaconcejo,
2520610,6356826,Navalmoral de la Mata,
2520610,6356827,Navalvillar de Ibor,
2520610,6356828,Navas del Madroño,
2520610,6356829,Navezuelas,
2520610,6356830,Nuñomoral,
2520610,6356831,Oliva de Plasencia,
2520610,6356832,Palomero,
2520610,6356833,Pasarón de la Vera,
2520610,6356834,Pedroso de Acim,
2520610,6356835,Peraleda de la Mata,
2520610,6356836,Peraleda de San Román,
2520610,6356837,Perales del Puerto,
2520610,6356838,Pescueza,
2520610,6356839,"Pesga, La",
2520610,6356840,Piedras Albas,
2520610,6356841,Pinofranqueado,
2520610,6356842,Piornal,
2520610,6356843,Plasencia,
2520610,6356844,Plasenzuela,
2520610,6356845,Portaje,
2520610,6356846,Portezuelo,
2520610,6356847,Pozuelo de Zarzón,
2520610,11395792,Pueblonuevo de Miramontes,
2520610,6356848,Puerto de Santa Cruz,
2520610,6356849,Rebollar,
2520610,6356850,Riolobos,
2520610,6356851,Robledillo de Gata,
2520610,6356852,Robledillo de la Vera,
2520610,6356853,Robledillo de Trujillo,
2520610,6356854,Robledollano,
2520610,6356855,Romangordo,
2520610,6356915,Rosalejo,
2520610,6356856,Ruanes,
2520610,6356857,Salorino,
2520610,6356858,Salvatierra de Santiago,
2520610,6356859,San Martín de Trevejo,
2520610,6356860,Santa Ana,
2520610,6356861,Santa Cruz de la Sierra,
2520610,6356862,Santa Cruz de Paniagua,
2520610,6356863,Santa Marta de Magasca,
2520610,6356864,Santiago de Alcántara,
2520610,6356865,Santiago del Campo,
2520610,6356866,Santibáñez el Alto,
2520610,6356867,Santibáñez el Bajo,
2520610,6356868,Saucedilla,
2520610,6356869,Segura de Toro,
2520610,6356870,Serradilla,
2520610,6356871,Serrejón,
2520610,6356872,Sierra de Fuentes,
2520610,6356873,Talaván,
2520610,6356874,Talaveruela de la Vera,
2520610,6356875,Talayuela,
2520610,6356876,Tejeda de Tiétar,
2520610,11395800,Tiétar,
2520610,6356877,Toril,
2520610,6356878,Tornavacas,
2520610,6356879,"Torno, El",
2520610,6356882,Torre de Don Miguel,
2520610,6356883,Torre de Santa María,
2520610,6356880,Torrecilla de los Ángeles,
2520610,6356881,Torrecillas de la Tiesa,
2520610,6356885,Torrejón el Rubio,
2520610,6356884,Torrejoncillo,
2520610,6356886,Torremenga,
2520610,6356887,Torremocha,
2520610,6356888,Torreorgaz,
2520610,6356889,Torrequemada,
2520610,6356890,Trujillo,
2520610,6356891,Valdastillas,
2520610,6356892,Valdecañas de Tajo,
2520610,6356893,Valdefuentes,
2520610,6356894,Valdehúncar,
2520610,6356895,Valdelacasa de Tajo,
2520610,6356896,Valdemorales,
2520610,6356897,Valdeobispo,
2520610,6356898,Valencia de Alcántara,
2520610,6356899,Valverde de la Vera,
2520610,6356900,Valverde del Fresno,Valverde do Fresno
2520610,7577095,Vegaviana,
2520610,6356901,Viandar de la Vera,
2520610,6356902,Villa del Campo,
2520610,6356903,Villa del Rey,
2520610,6356904,Villamesías,
2520610,6356905,Villamiel,
2520610,6356906,Villanueva de la Sierra,
2520610,6356907,Villanueva de la Vera,
2520610,6356909,Villar de Plasencia,
2520610,6356908,Villar del Pedroso,
2520610,6356910,Villasbuenas de Gata,
2520610,6356911,Zarza de Granadilla,
2520610,6356912,Zarza de Montánchez,
2520610,6356913,Zarza la Mayor,
2520610,6356914,Zorita,
2521419,6355867,Acedera,
2521419,6355868,Aceuchal,
2521419,6355869,Ahillones,
2521419,6355870,Alange,
2521419,6355871,Alburquerque,
2521419,6355872,Alconchel,
2521419,6355873,Alconera,
2521419,6355874,Aljucén,
2521419,6355875,Almendral,
2521419,6355876,Almendralejo,Almendralexo
2521419,6355877,Arroyo de San Serván,
2521419,6355878,Atalaya,
2521419,6355879,Azuaga,
2521419,6355880,Badajoz,
2521419,6355881,Barcarrota,
2521419,6355882,Baterno,
2521419,6355883,Benquerencia de la Serena,
2521419,6355884,Berlanga,
2521419,6355885,Bienvenida,
2521419,6355886,Bodonal de la Sierra,
2521419,6355887,Burguillos del Cerro,
2521419,6355888,Cabeza del Buey,
2521419,6355889,Cabeza la Vaca,
2521419,6355890,Calamonte,
2521419,6355891,Calera de León,
2521419,6355892,Calzadilla de los Barros,
2521419,6355893,Campanario,
2521419,6355894,Campillo de Llerena,
2521419,6355895,Capilla,
2521419,6355896,Carmonita,
2521419,6355897,"Carrascalejo, El",
2521419,6355898,Casas de Don Pedro,
2521419,6355899,Casas de Reina,
2521419,6355900,Castilblanco,
2521419,6355901,Castuera,
2521419,6355907,Cheles,
2521419,6355902,"Codosera, La",
2521419,6355903,Cordobilla de Lácara,
2521419,6355904,"Coronada, La",
2521419,6355905,Corte de Peleas,
2521419,6355906,Cristina,
2521419,6355908,Don Álvaro,
2521419,6355909,Don Benito,
2521419,6355910,Entrín Bajo,
2521419,6355911,Esparragalejo,
2521419,6355912,Esparragosa de la Serena,
2521419,6355913,Esparragosa de Lares,
2521419,6355914,Feria,
2521419,6355915,Fregenal de la Sierra,
2521419,6355916,Fuenlabrada de los Montes,
2521419,6355917,Fuente de Cantos,
2521419,6355918,Fuente del Arco,
2521419,6355919,Fuente del Maestre,
2521419,6355920,Fuentes de León,
2521419,6355921,Garbayuela,
2521419,6355922,Garlitos,
2521419,6355923,"Garrovilla, La",
2521419,6355924,Granja de Torrehermosa,
2521419,8630119,Guadiana del Caudillo,
2521419,6355925,Guareña,
2521419,6355926,"Haba, La",
2521419,6355927,Helechosa de los Montes,
2521419,6355928,Herrera del Duque,
2521419,6355929,Higuera de la Serena,
2521419,6355930,Higuera de Llerena,
2521419,6355931,Higuera de Vargas,
2521419,6355932,Higuera la Real,
2521419,6355933,Hinojosa del Valle,
2521419,6355934,Hornachos,
2521419,6355935,Jerez de los Caballeros,
2521419,7577094,La Albuera,
2521419,6355936,"Lapa, La",
2521419,6355938,Llera,
2521419,6355939,Llerena,
2521419,6355937,Lobón,
2521419,6355940,Magacela,
2521419,6355941,Maguilla,
2521419,6355942,Malcocinado,
2521419,6355943,Malpartida de la Serena,
2521419,6355944,Manchita,
2521419,6355945,Medellín,
2521419,6355946,Medina de las Torres,
2521419,6355947,Mengabril,
2521419,6355948,Mérida,
2521419,6355949,Mirandilla,
2521419,6355950,Monesterio,
2521419,6355951,Montemolín,
2521419,6355952,Monterrubio de la Serena,
2521419,6355953,Montijo,
2521419,6355954,"Morera, La",
2521419,6355955,"Nava de Santiago, La",
2521419,6355956,Navalvillar de Pela,
2521419,6355957,Nogales,
2521419,6355958,Oliva de la Frontera,
2521419,6355959,Oliva de Mérida,
2521419,6355960,Olivenza,Olivença
2521419,6355961,Orellana de la Sierra,
2521419,6355962,Orellana la Vieja,
2521419,6355963,Palomas,
2521419,6355964,"Parra, La",
2521419,6355965,Peñalsordo,
2521419,6355966,Peraleda del Zaucejo,
2521419,6355967,Puebla de Alcocer,
2521419,6355968,Puebla de la Calzada,
2521419,6355969,Puebla de la Reina,
2521419,6355972,Puebla de Obando,
2521419,6355973,Puebla de Sancho Pérez,
2521419,6355970,Puebla del Maestre,
2521419,6355971,Puebla del Prior,
2521419,6356029,Pueblonuevo del Guadiana,
2521419,6355974,Quintana de la Serena,
2521419,6355975,Reina,
2521419,6355976,Rena,
2521419,6355977,Retamal de Llerena,
2521419,6355978,Ribera del Fresno,
2521419,6355979,Risco,
2521419,6355980,"Roca de la Sierra, La",
2521419,6355981,Salvaleón,
2521419,6355982,Salvatierra de los Barros,
2521419,6355984,San Pedro de Mérida,
2521419,6355988,San Vicente de Alcántara,
2521419,6355983,Sancti-Spíritus,
2521419,6355985,Santa Amalia,
2521419,6355986,Santa Marta,Santa Marta de los Barros
2521419,6355987,"Santos de Maimona, Los",
2521419,6355989,Segura de León,
2521419,6355990,Siruela,
2521419,6355991,Solana de los Barros,
2521419,6355992,Talarrubias,
2521419,6355993,Talavera la Real,
2521419,6355994,Táliga,
2521419,6355995,Tamurejo,
2521419,6355996,Torre de Miguel Sesmero,
2521419,6355997,Torremayor,
2521419,6355998,Torremejía,
2521419,6355999,Trasierra,
2521419,6356000,Trujillanos,
2521419,6356001,Usagre,
2521419,6356002,Valdecaballeros,
2521419,6356028,Valdelacalzada,
2521419,6356003,Valdetorres,
2521419,6356004,Valencia de las Torres,
2521419,6356005,Valencia del Mombuey,
2521419,6356006,Valencia del Ventoso,
2521419,6356011,Valle de la Serena,
2521419,6356012,Valle de Matamoros,
2521419,6356013,Valle de Santa Ana,
2521419,6356007,Valverde de Burguillos,
2521419,6356008,Valverde de Leganés,
2521419,6356009,Valverde de Llerena,
2521419,6356010,Valverde de Mérida,
2521419,6356014,Villafranca de los Barros,
2521419,6356015,Villagarcía de la Torre,
2521419,6356016,Villagonzalo,
2521419,6356017,Villalba de los Barros,
2521419,6356018,Villanueva de la Serena,
2521419,6356019,Villanueva del Fresno,
2521419,6356021,Villar de Rena,
2521419,6356020,Villar del Rey,
2521419,6356022,Villarta de los Montes,
2521419,6356023,Zafra,
2521419,6356024,Zahínos,
2521419,6356025,Zalamea de la Serena,
2521419,6356027,"Zarza, La",
2521419,6356026,Zarza-Capilla,
2521883,6355518,Abla,
2521883,6355519,Abrucena,
2521883,6355520,Adra,
2521883,6355521,Albánchez,
2521883,6355522,Alboloduy,
2521883,6355523,Albox,
2521883,6355524,Alcolea,
2521883,6355525,Alcóntar,
2521883,6355526,Alcudia de Monteagud,
2521883,6355527,Alhabia,
2521883,6355528,Alhama de Almería,
2521883,6355529,Alicún,
2521883,6355530,Almería,
2521883,6355531,Almócita,
2521883,6355532,Alsodux,
2521883,6362991,Antas,
2521883,6355533,Arboleas,
2521883,6355534,Armuña de Almanzora,
2521883,6355535,Bacares,
2521883,11395737,Balanegra,
2521883,6355536,Bayárcal,
2521883,6355537,Bayarque,
2521883,6355538,Bédar,
2521883,6355539,Beires,
2521883,6355540,Benahadux,
2521883,6355541,Benitagla,
2521883,6355542,Benizalón,
2521883,6355543,Bentarique,
2521883,6355544,Berja,
2521883,6355545,Canjáyar,
2521883,6355546,Cantoria,
2521883,6355547,Carboneras,
2521883,6355548,Castro de Filabres,
2521883,6355551,Chercos,
2521883,6355552,Chirivel,
2521883,6355549,Cóbdar,
2521883,6355550,Cuevas del Almanzora,
2521883,6355553,Dalías,
2521883,6355617,"Ejido, El",
2521883,6355554,Enix,
2521883,6355555,Felix,
2521883,6355557,Fiñana,
2521883,6355556,Fines,
2521883,6355558,Fondón,
2521883,6355559,Gádor,
2521883,6355560,"Gallardos, Los",
2521883,6355561,Garrucha,
2521883,6355562,Gérgal,
2521883,6355563,Huécija,
2521883,6355564,Huércal de Almería,
2521883,6355565,Huércal-Overa,
2521883,6355566,Illar,
2521883,6355567,Instinción,
2521883,6355568,Laroya,
2521883,6355569,Láujar de Andarax,
2521883,6355570,Líjar,
2521883,6355571,Lubrín,
2521883,6355572,Lucainena de las Torres,
2521883,6355573,Lúcar,
2521883,6355574,Macael,
2521883,6355575,María,
2521883,6355576,Mojácar,
2521883,6355618,"Mojonera, La",
2521883,6355577,Nacimiento,
2521883,6355578,Níjar,
2521883,6355579,Ohanes,
2521883,6355580,Olula de Castro,
2521883,6355581,Olula del Río,
2521883,6355582,Oria,
2521883,6355583,Padules,
2521883,6355584,Partaloa,
2521883,6355585,Paterna del Río,
2521883,6355586,Pechina,
2521883,6355587,Pulpí,
2521883,6355588,Purchena,
2521883,6355589,Rágol,
2521883,6355590,Rioja,
2521883,6355591,Roquetas de Mar,
2521883,6355592,Santa Cruz de Marchena,
2521883,6355593,Santa Fe de Mondújar,
2521883,6355594,Senés,
2521883,6355595,Serón,
2521883,6355596,Sierro,
2521883,6355597,Somontín,
2521883,6355598,Sorbas,
2521883,6355599,Suflí,
2521883,6355600,Tabernas,
2521883,6355601,Taberno,
2521883,6355602,Tahal,
2521883,6355603,Terque,
2521883,6355604,Tíjola,
2521883,6355616,"Tres Villas, Las",
2521883,6355605,Turre,
2521883,6355606,Turrillas,
2521883,6355607,Uleila del Campo,
2521883,6355608,Urrácal,
2521883,6355609,Velefique,
2521883,6355610,Vélez Blanco,
2521883,6355611,Vélez Rubio,
2521883,6355612,Vera,
2521883,6355613,Viator,
2521883,6355614,Vícar,
2521883,6355615,Zurgena,
2521976,6355377,Adsubia,
2521976,6355378,Agost,
2521976,6355379,Agres,
2521976,6355380,Aigües,Aiguees
2521976,6355381,Albatera,
2521976,6355382,Alcalalí,
2521976,6355383,Alcocer de Planes,
2521976,6355384,Alcoleja,
2521976,6355385,Alcoy,Alcoi
2521976,6355386,Alfafara,
2521976,6355388,Algorfa,
2521976,6355389,Algueña,
2521976,6355390,Alicante,
2521976,6355391,Almoradí,
2521976,6355392,Almudaina,
2521976,6355393,"Alqueria d'Asnar, l'",
2521976,6355394,Altea,
2521976,6355395,Aspe,Asp
2521976,6355396,Balones,
2521976,6355397,Bañeres,Banyeres de Mariola
2521976,6355398,Benasau,
2521976,6355399,Benejama,Beneixama
2521976,6355400,Benejúzar,
2521976,6355401,Benferri,
2521976,6355402,Beniarbeig,
2521976,6355403,Beniardá,
2521976,6355404,Beniarrés,
2521976,6355405,Benichembla,Benigembla
2521976,6355406,Benidoleig,
2521976,6355407,Benidorm,
2521976,6355408,Benifallim,
2521976,6355409,Benifato,
2521976,6355410,Benijófar,
2521976,6355411,Benilloba,
2521976,6355412,Benillup,
2521976,6355413,Benimantell,
2521976,6355414,Benimarfull,
2521976,6355415,Benimassot,
2521976,6355416,Benimeli,
2521976,6355417,Benisa,Benissa
2521976,6355418,Benitachell,"Benitachell/Poble Nou de Benitatxell, el|Poble Nou de Benitatxell, el"
2521976,6355419,Biar,
2521976,6355420,Bigastro,
2521976,6355421,Bolulla,
2521976,6355422,Busot,
2521976,6355424,Callosa d'En Sarrià,
2521976,6355425,Callosa de Segura,
2521976,6355423,Calp / Calpe,
2521976,6355427,"Campo de Mirra/Camp de Mirra, el",
2521976,6355428,Cañada,
2521976,6355429,Castalla,
2521976,6355430,Castell de Castells,
2521976,6355451,Castell de Guadalest,"Castell de Guadalest, el"
2521976,6355431,Catral,
2521976,6355432,Cocentaina,
2521976,6355433,Confrides,
2521976,6355434,Cox,Coix
2521976,6355435,Crevillente,Crevillent
2521976,6355437,Daya Nueva,Daia Nova
2521976,6355438,Daya Vieja,
2521976,6355439,Dénia,
2521976,6355440,Dolores,
2521976,6355426,El Campello,
2521976,6355441,Elche,Elx
2521976,6355442,Elda,
2521976,6355514,Els Poblets,
2521976,6355443,Facheca,
2521976,6355444,Famorca,
2521976,6355445,Finestrat,
2521976,6355453,"Fondó de les Neus, el/Hondón de las Nieves",
2521976,6355446,Formentera del Segura,
2521976,6355448,Gaianes,
2521976,6355447,Gata de Gorgos,
2521976,6355449,Gorga,
2521976,6355450,Granja de Rocamora,
2521976,6355452,Guardamar del Segura,
2521976,6355454,Hondón de los Frailes,
2521976,6355455,Ibi,
2521976,6355456,Jacarilla,
2521976,6355457,Jalón,Xaló
2521976,6355458,Jávea,Xàbia
2521976,6355459,Jijona,Jijona/Xixona
2521976,6355387,l'Alfàs del Pi,
2521976,6355469,La Nucia,
2521976,6355488,La Romana,"Romana, la|Romana (la)"
2521976,6355510,La Vall de Laguar,Vall de Laguart
2521976,6355461,Llíber,
2521976,6355460,"Lorcha/Orxa, l'",
2521976,6355462,Millena,
2521976,6355463,Monforte del Cid,
2521976,6355464,Monòver/Monóvar,
2521976,6355516,"Montesinos, Los",
2521976,6355465,Muchamiel,Mutxamel
2521976,6355466,Murla,
2521976,6355467,Muro de Alcoy,
2521976,6355468,Novelda,
2521976,6355470,Ondara,
2521976,6355471,Onil,
2521976,6355472,Orba,
2521976,6355473,Orcheta,Orxeta
2521976,6355474,Orihuela,
2521976,6355475,Parcent,
2521976,6355476,Pedreguer,
2521976,6355477,Pego,
2521976,6355478,Penáguila,
2521976,6355479,Petrel,Petrer
2521976,6355515,Pilar de la Horadada,
2521976,6355480,"Pinós, el/Pinoso",
2521976,6355481,Planes,
2521976,6355482,Polop de Marina,
2521976,6355436,Quatretondeta,
2521976,6355483,Rafal,
2521976,6355484,Ráfol de Almúnia,"Ràfol d'Almúnia, El"
2521976,6355485,Redován,
2521976,6355486,Relleu,
2521976,6355487,Rojales,
2521976,6355489,Sagra,
2521976,6355490,Salinas,Les Salines
2521976,6355492,San Fulgencio,Sant Fulgenci
2521976,6355517,San Isidro,
2521976,6355494,San Miguel de Salinas,
2521976,6355496,San Vicente del Raspeig/Sant Vicent del Raspeig,
2521976,6355491,Sanet y Negrals,Sanet i els Negrals
2521976,6355493,Sant Joan d'Alacant,Sant Joan d'Alicant
2521976,6355495,Santa Pola,
2521976,6355497,Sax,Saix
2521976,6355498,Sella,
2521976,6355499,Senija,
2521976,6355500,Tàrbena,
2521976,6355501,Teulada,
2521976,6355502,Tibi,
2521976,6355503,Tollos,
2521976,6355504,Tormos,
2521976,6355505,Torremanzanas,la Torre de les Maçanes
2521976,6355506,Torrevieja,Torrevella
2521976,6355507,"Vall d'Alcalà, la",
2521976,6355508,Vall de Ebo,"Vall d'Ebo, la"
2521976,6355509,Vall de Gallinera,
2521976,6355511,"Verger, el",
2521976,6355512,Villajoyosa,La Vila Joiosa
2521976,6355513,Villena,
2522257,6355293,Abengibre,
2522257,6355294,Alatoz,
2522257,6355295,Albacete,
2522257,6355296,Albatana,
2522257,6355297,Alborea,
2522257,6355298,Alcadozo,
2522257,6355299,Alcalá del Júcar,
2522257,6355300,Alcaraz,
2522257,6355301,Almansa,
2522257,6355302,Alpera,
2522257,6355303,Ayna,
2522257,6355304,Balazote,
2522257,6355306,"Ballestero, El",
2522257,6355305,Balsa de Ves,
2522257,6355307,Barrax,
2522257,6355308,Bienservida,
2522257,6355309,Bogarra,
2522257,6355310,Bonete,Bonet
2522257,6355311,"Bonillo, El",
2522257,6355312,Carcelén,
2522257,6355313,Casas de Juan Núñez,
2522257,6355314,Casas de Lázaro,
2522257,6355315,Casas de Ves,
2522257,6355316,Casas-Ibáñez,
2522257,6355317,Caudete,Cabdet
2522257,6355318,Cenizate,
2522257,6355321,Chinchilla de Monte-Aragón,
2522257,6355319,Corral-Rubio,
2522257,6355320,Cotillas,
2522257,6355322,Elche de la Sierra,
2522257,6355323,Férez,
2522257,6355324,Fuensanta,
2522257,6355325,Fuente Álamo,Fuente-Álamo
2522257,6355326,Fuentealbilla,
2522257,6355327,"Gineta, La",
2522257,6355328,Golosalvo,
2522257,2516798,Hellín,
2522257,6355329,"Herrera, La",
2522257,6355330,Higueruela,
2522257,6355331,Hoya-Gonzalo,
2522257,6355332,Jorquera,
2522257,6355360,La Roda,
2522257,6355333,Letur,
2522257,6355334,Lezuza,
2522257,6355335,Liétor,
2522257,6355336,Madrigueras,
2522257,6355337,Mahora,
2522257,6355338,Masegoso,
2522257,6355339,Minaya,
2522257,6355340,Molinicos,
2522257,6355341,Montalvos,
2522257,6355342,Montealegre del Castillo,
2522257,6355343,Motilleja,
2522257,6355344,Munera,
2522257,6355345,Navas de Jorquera,
2522257,6355346,Nerpio,
2522257,6355347,Ontur,
2522257,6355348,Ossa de Montiel,
2522257,6355349,Paterna del Madera,
2522257,6355351,Peñas de San Pedro,
2522257,6355350,Peñascosa,
2522257,6355352,Pétrola,
2522257,6355353,Povedilla,
2522257,7577087,Pozo Cañada,
2522257,6355355,Pozo-Lorente,
2522257,6355354,Pozohondo,
2522257,6355356,Pozuelo,
2522257,6355357,"Recueja, La",
2522257,6355358,Riópar,
2522257,6355359,Robledo,
2522257,6355361,Salobre,
2522257,6362990,San Pedro,
2522257,6355362,Socovos,
2522257,6355363,Tarazona de la Mancha,
2522257,6355364,Tobarra,
2522257,6355365,Valdeganga,
2522257,6355366,Vianos,
2522257,6355367,Villa de Ves,
2522257,6355368,Villalgordo del Júcar,
2522257,6355369,Villamalea,
2522257,6355370,Villapalacios,
2522257,6355371,Villarrobledo,
2522257,6355372,Villatoya,
2522257,6355373,Villavaliente,
2522257,6355374,Villaverde de Guadalimar,
2522257,6355375,Viveros,
2522257,6355376,Yeste,
3104323,6363004,Abanto,
3104323,6362696,Acered,
3104323,6362697,Agón,
3104323,6362698,Aguarón,
3104323,6362699,Aguilón,
3104323,6362700,Ainzón,
3104323,6362701,Aladrén,
3104323,6362702,Alagón,
3104323,6362703,Alarba,
3104323,6362704,Alberite de San Juan,
3104323,6362705,Albeta,
3104323,6362706,Alborge,
3104323,6362707,Alcalá de Ebro,
3104323,6362708,Alcalá de Moncayo,
3104323,6362709,Alconchel de Ariza,
3104323,6362710,Aldehuela de Liestos,
3104323,6362711,Alfajarín,
3104323,6362712,Alfamén,
3104323,6362713,Alforque,
3104323,6362714,Alhama de Aragón,
3104323,6362715,Almochuel,
3104323,6362716,"Almolda, La",
3104323,6362717,Almonacid de la Cuba,
3104323,6362718,Almonacid de la Sierra,
3104323,6362719,"Almunia de Doña Godina, La",
3104323,6362720,Alpartir,
3104323,6362721,Ambel,
3104323,6362722,Anento,
3104323,6362723,Aniñón,
3104323,6362724,Añón de Moncayo,
3104323,6362725,Aranda de Moncayo,
3104323,6362726,Arándiga,
3104323,6362727,Ardisa,
3104323,6362728,Ariza,
3104323,6362729,Artieda,
3104323,6362730,Asín,
3104323,6362731,Atea,
3104323,6362732,Ateca,
3104323,6362733,Azuara,
3104323,6362734,Badules,
3104323,6362735,Bagüés,Baguees
3104323,6362736,Balconchán,
3104323,6362737,Bárboles,
3104323,6362738,Bardallur,
3104323,6362739,Belchite,
3104323,6362740,Belmonte de Gracián,
3104323,6362741,Berdejo,
3104323,6362742,Berrueco,
3104323,6362985,Biel,
3104323,6362743,Bijuesca,
3104323,6362744,Biota,
3104323,6362745,Bisimbre,
3104323,6362746,Boquiñeni,
3104323,6362747,Bordalba,
3104323,6362748,Borja,
3104323,6362749,Botorrita,
3104323,6362750,Brea de Aragón,
3104323,6362751,Bubierca,
3104323,6362752,Bujaraloz,
3104323,6362753,Bulbuente,
3104323,6362754,Bureta,
3104323,6362755,"Burgo de Ebro, El",
3104323,6362756,"Buste, El",
3104323,6362757,Cabañas de Ebro,
3104323,6362758,Cabolafuente,
3104323,6362759,Cadrete,
3104323,6362760,Calatayud,
3104323,6362761,Calatorao,
3104323,6362762,Calcena,
3104323,6362763,Calmarza,
3104323,6362764,Campillo de Aragón,
3104323,6362765,Carenas,
3104323,6362766,Cariñena,Carinyena
3104323,6362767,Caspe,
3104323,6362768,Castejón de Alarba,
3104323,6362769,Castejón de las Armas,
3104323,6362770,Castejón de Valdejasa,
3104323,6362771,Castiliscar,
3104323,6362772,Cervera de la Cañada,
3104323,6362773,Cerveruela,
3104323,6362774,Cetina,
3104323,6362785,Chiprana,
3104323,6362786,Chodes,
3104323,6362775,Cimballa,
3104323,6362776,Cinco Olivas,
3104323,6362777,Clarés de Ribota,
3104323,6362778,Codo,
3104323,6362779,Codos,
3104323,6362780,Contamina,
3104323,6362781,Cosuenda,
3104323,6362782,Cuarte de Huerva,
3104323,6362783,Cubel,
3104323,6362784,"Cuerlas, Las",
3104323,6362787,Daroca,
3104323,6362788,Ejea de los Caballeros,
3104323,6362789,Embid de Ariza,
3104323,6362790,Encinacorba,
3104323,6362791,Épila,
3104323,6362792,Erla,
3104323,6362793,Escatrón,
3104323,6362794,Fabara,
3104323,6362795,Farlete,
3104323,6362796,Fayón,
3104323,6362797,"Fayos, Los",
3104323,6362798,Figueruelas,
3104323,6362799,Fombuena,
3104323,6362800,"Frago, El",
3104323,6362801,"Frasno, El",
3104323,6362802,Fréscano,
3104323,6362803,Fuendejalón,
3104323,6362804,Fuendetodos,
3104323,6362805,Fuentes de Ebro,
3104323,6362806,Fuentes de Jiloca,
3104323,6362807,Gallocanta,
3104323,6362808,Gallur,
3104323,6362809,Gelsa,
3104323,6362810,Godojos,
3104323,6362811,Gotor,
3104323,6362812,Grisel,
3104323,6362813,Grisén,
3104323,6362814,Herrera de los Navarros,
3104323,6362815,Ibdes,
3104323,6362816,Illueca,
3104323,6362817,Isuerre,
3104323,6362818,Jaraba,
3104323,6362819,Jarque,
3104323,6362820,Jaulín,
3104323,6362821,La Joyosa,
3104323,6362822,Lagata,
3104323,6362823,Langa del Castillo,
3104323,6362824,Layana,
3104323,6362825,Lécera,
3104323,6362827,Lechón,
3104323,6362826,Leciñena,
3104323,6362828,Letux,
3104323,6362829,Litago,
3104323,6362830,Lituénigo,
3104323,6362831,Lobera de Onsella,
3104323,6362832,Longares,
3104323,6362833,Longás,
3104323,6362834,Lucena de Jalón,
3104323,6362835,Luceni,
3104323,6362836,Luesia,
3104323,6362837,Luesma,
3104323,6362838,Lumpiaque,
3104323,6362839,Luna,
3104323,6362840,Maella,
3104323,6362841,Magallón,
3104323,6362842,Mainar,
3104323,6362843,Malanquilla,
3104323,6362844,Maleján,
3104323,6362847,Mallén,
3104323,6362845,Malón,
3104323,6362846,Maluenda,
3104323,6362848,Manchones,
3104323,6362849,Mara,
3104323,6362850,María de Huerva,
3104323,6362986,Marracos,
3104323,6362851,Mediana de Aragón,
3104323,6362852,Mequinenza,
3104323,6362853,Mesones de Isuela,
3104323,6362854,Mezalocha,
3104323,6362855,Mianos,
3104323,6362856,Miedes de Aragón,
3104323,6362857,Monegrillo,
3104323,6362858,Moneva,
3104323,6362859,Monreal de Ariza,
3104323,6362860,Monterde,
3104323,6362861,Montón,
3104323,6362862,Morata de Jalón,
3104323,6362863,Morata de Jiloca,
3104323,6362864,Morés,
3104323,6362865,Moros,
3104323,6362866,Moyuela,
3104323,6362867,Mozota,
3104323,6362868,Muel,
3104323,6362869,"Muela, La",
3104323,6362870,Munébrega,
3104323,6362871,Murero,
3104323,6362872,Murillo de Gállego,
3104323,6362873,Navardún,
3104323,6362874,Nigüella,Nigueella
3104323,6362875,Nombrevilla,
3104323,6362876,Nonaspe,
3104323,6362877,Novallas,
3104323,6362878,Novillas,
3104323,6362879,Nuévalos,
3104323,6362880,Nuez de Ebro,
3104323,6362881,Olvés,
3104323,6362882,Orcajo,
3104323,6362883,Orera,
3104323,6362884,Orés,
3104323,6362885,Oseja,
3104323,6362886,Osera de Ebro,
3104323,6362887,Paniza,
3104323,6362888,Paracuellos de Jiloca,
3104323,6362889,Paracuellos de la Ribera,
3104323,6362890,Pastriz,
3104323,6362891,Pedrola,
3104323,6362892,"Pedrosas, Las",
3104323,6362893,Perdiguera,
3104323,6362894,Piedratajada,
3104323,6362895,Pina de Ebro,
3104323,6362896,Pinseque,
3104323,6362897,"Pintanos, Los",
3104323,6362898,Plasencia de Jalón,
3104323,6362899,Pleitas,
3104323,6362900,Plenas,
3104323,6362901,Pomer,
3104323,6362902,Pozuel de Ariza,
3104323,6362903,Pozuelo de Aragón,
3104323,6362904,Pradilla de Ebro,
3104323,6362905,Puebla de Albortón,
3104323,6362906,"Puebla de Alfindén, La",
3104323,6362907,Puendeluna,
3104323,6362908,Purujosa,
3104323,6362909,Quinto,
3104323,6362910,Remolinos,
3104323,6362911,Retascón,
3104323,6362912,Ricla,
3104323,6362913,Romanos,
3104323,6362914,Rueda de Jalón,
3104323,6362915,Ruesca,
3104323,6362927,Sabiñán,
3104323,6362916,Sádaba,
3104323,6362917,Salillas de Jalón,
3104323,6362918,Salvatierra de Esca,
3104323,6362919,Samper del Salz,
3104323,6362920,San Martín de la Virgen de Moncayo,
3104323,6362921,San Mateo de Gállego,
3104323,6362922,Santa Cruz de Grío,
3104323,6362923,Santa Cruz de Moncayo,
3104323,6362924,Santa Eulalia de Gállego,
3104323,6362925,Santed,
3104323,6362926,Sástago,
3104323,6362928,Sediles,
3104323,6362929,Sestrica,
3104323,6362930,Sierra de Luna,
3104323,6362931,Sigüés,Siguees
3104323,6362932,Sisamón,
3104323,6362933,Sobradiel,
3104323,6362934,Sos del Rey Católico,
3104323,6362935,Tabuenca,
3104323,6362936,Talamantes,
3104323,6362937,Tarazona,
3104323,6362938,Tauste,
3104323,6362939,Terrer,
3104323,6362940,Tierga,
3104323,6362941,Tobed,
3104323,6362942,Torralba de los Frailes,
3104323,6362943,Torralba de Ribota,
3104323,6362944,Torralbilla,
3104323,6362945,Torrehermosa,
3104323,6362946,Torrelapaja,
3104323,6362947,Torrellas,
3104323,6362948,Torres de Berrellén,
3104323,6362949,Torrijo de la Cañada,
3104323,6362950,Tosos,
3104323,6362951,Trasmoz,
3104323,6362952,Trasobares,
3104323,6362953,Uncastillo,
3104323,6362954,Undués de Lerda,
3104323,6362955,Urrea de Jalón,
3104323,6362956,Urriés,
3104323,6362957,Used,
3104323,6362958,Utebo,
3104323,6362960,Val de San Martín,
3104323,6362959,Valdehorna,
3104323,6362961,Valmadrid,
3104323,6362962,Valpalmas,
3104323,6362963,Valtorres,
3104323,6362964,Velilla de Ebro,
3104323,6362965,Velilla de Jiloca,
3104323,6362966,Vera de Moncayo,
3104323,6362967,Vierlas,
3104323,6362969,Villadoz,
3104323,6362970,Villafeliche,
3104323,6362971,Villafranca de Ebro,
3104323,6362972,Villalba de Perejil,
3104323,6362973,Villalengua,
3104323,7577085,Villamayor de Gállego,
3104323,6362974,Villanueva de Gállego,
3104323,6362976,Villanueva de Huerva,
3104323,6362975,Villanueva de Jiloca,
3104323,6362977,Villar de los Navarros,
3104323,6362978,Villarreal de Huerva,
3104323,6362979,Villarroya de la Sierra,
3104323,6362980,Villarroya del Campo,
3104323,6362968,"Vilueña, La",
3104323,6362981,Vistabella,
3104323,6362982,"Zaida, La",
3104323,6362983,Zaragoza,
3104323,6362984,Zuera,
3104341,6362449,Abezames,
3104341,6362450,Alcañices,
3104341,6362451,Alcubilla de Nogales,
3104341,6362452,Alfaraz de Sayago,
3104341,6362453,Algodre,
3104341,6362454,Almaraz de Duero,
3104341,6362455,Almeida de Sayago,
3104341,6362456,Andavías,
3104341,6362457,Arcenillas,
3104341,6362458,Arcos de la Polvorosa,
3104341,6362459,Argañín,
3104341,6362460,Argujillo,
3104341,6362461,Arquillinos,
3104341,6362462,Arrabalde,
3104341,6362463,Aspariegos,
3104341,6362464,Asturianos,
3104341,6362465,Ayoó de Vidriales,
3104341,6362466,Barcial del Barco,
3104341,6362467,Belver de los Montes,
3104341,6362468,Benavente,
3104341,6362469,Benegiles,
3104341,6362470,Bermillo de Sayago,
3104341,6362471,"Bóveda de Toro, La",
3104341,6362472,Bretó,
3104341,6362473,Bretocino,
3104341,6362474,Brime de Sog,
3104341,6362475,Brime de Urz,
3104341,6362476,Burganes de Valverde,
3104341,6362477,Bustillo del Oro,
3104341,6362478,Cabañas de Sayago,
3104341,6362479,Calzadilla de Tera,
3104341,6362480,Camarzana de Tera,
3104341,6362481,Cañizal,
3104341,6362482,Cañizo,
3104341,6362483,Carbajales de Alba,
3104341,6362484,Carbellino,
3104341,6362485,Casaseca de Campeán,
3104341,6362486,Casaseca de las Chanas,
3104341,6362487,Castrillo de la Guareña,
3104341,6362488,Castrogonzalo,
3104341,6362489,Castronuevo,
3104341,6362490,Castroverde de Campos,
3104341,6362491,Cazurra,
3104341,6362492,Cerecinos de Campos,
3104341,6362493,Cerecinos del Carrizal,
3104341,6362494,Cernadilla,
3104341,6362495,Cobreros,
3104341,6362496,Coomonte,
3104341,6362497,Coreses,
3104341,6362498,Corrales del Vino,
3104341,6362499,Cotanes del Monte,
3104341,6362500,Cubillos,
3104341,6362501,Cubo de Benavente,
3104341,6362502,"Cubo de Tierra del Vino, El",
3104341,6362503,Cuelgamures,
3104341,6362504,Entrala,
3104341,6362505,Espadañedo,
3104341,6362506,Faramontanos de Tábara,
3104341,6362507,Fariza,
3104341,6362508,Fermoselle,
3104341,6362509,Ferreras de Abajo,
3104341,6362510,Ferreras de Arriba,
3104341,6362511,Ferreruela,
3104341,6362512,Figueruela de Arriba,
3104341,6362513,Fonfría,
3104341,6362514,Fresno de la Polvorosa,
3104341,6362515,Fresno de la Ribera,
3104341,6362516,Fresno de Sayago,
3104341,6362517,Friera de Valverde,
3104341,6362518,Fuente Encalada,
3104341,6362519,Fuentelapeña,
3104341,6362521,Fuentes de Ropel,
3104341,6362520,Fuentesaúco,
3104341,6362522,Fuentesecas,
3104341,6362523,Fuentespreadas,
3104341,6362524,Galende,
3104341,6362525,Gallegos del Pan,
3104341,6362526,Gallegos del Río,
3104341,6362527,Gamones,
3104341,6362528,Gema,
3104341,6362529,Granja de Moreruela,
3104341,6362530,Granucillo,
3104341,6362531,Guarrate,
3104341,6362532,Hermisende,
3104341,6362533,"Hiniesta, La",
3104341,6362534,Jambrina,
3104341,6362535,Justel,
3104341,6362536,Losacino,
3104341,6362537,Losacio,
3104341,6362538,Lubián,
3104341,6362539,Luelmo,
3104341,6362540,"Maderal, El",
3104341,6362541,Madridanos,
3104341,6362542,Mahíde,
3104341,6362543,Maire de Castroponce,
3104341,6362544,Malva,
3104341,6362545,Manganeses de la Lampreana,
3104341,6362546,Manganeses de la Polvorosa,
3104341,6362547,Manzanal de Arriba,
3104341,6362549,Manzanal de los Infantes,
3104341,6362548,Manzanal del Barco,
3104341,6362550,Matilla de Arzón,
3104341,6362551,Matilla la Seca,
3104341,6362552,Mayalde,
3104341,6362553,Melgar de Tera,
3104341,6362554,Micereces de Tera,
3104341,6362555,Milles de la Polvorosa,
3104341,6362556,Molacillos,
3104341,6362557,Molezuelas de la Carballeda,
3104341,6362558,Mombuey,
3104341,6362559,Monfarracinos,
3104341,6362560,Montamarta,
3104341,6362561,Moral de Sayago,
3104341,6362563,Moraleja de Sayago,
3104341,6362562,Moraleja del Vino,
3104341,6362565,Morales de Rey,Morales del Rey
3104341,6362566,Morales de Toro,
3104341,6362567,Morales de Valverde,
3104341,6362564,Morales del Vino,
3104341,6362568,Moralina,
3104341,6362569,Moreruela de los Infanzones,
3104341,6362570,Moreruela de Tábara,
3104341,6362571,Muelas de los Caballeros,
3104341,6362572,Muelas del Pan,
3104341,6362573,Muga de Sayago,
3104341,6362574,Navianos de Valverde,
3104341,6362575,Olmillos de Castro,
3104341,6362576,Otero de Bodas,
3104341,6362577,Pajares de la Lampreana,
3104341,6362579,Palacios de Sanabria,
3104341,6362578,Palacios del Pan,
3104341,6362580,Pedralba de la Pradería,
3104341,6362581,"Pego, El",
3104341,6362582,Peleagonzalo,
3104341,6362583,Peleas de Abajo,
3104341,6362584,Peñausende,
3104341,6362585,Peque,
3104341,6362586,"Perdigón, El",
3104341,6362587,Pereruela,
3104341,6362588,Perilla de Castro,
3104341,6362589,Pías,
3104341,6362590,Piedrahita de Castro,
3104341,6362593,"Piñero, El",
3104341,6362591,Pinilla de Toro,
3104341,6362592,Pino del Oro,
3104341,6362595,Pobladura de Valderaduey,
3104341,6362594,Pobladura del Valle,
3104341,6362596,Porto,
3104341,6362597,Pozoantiguo,
3104341,6362598,Pozuelo de Tábara,
3104341,6362599,Prado,
3104341,6362600,Puebla de Sanabria,Pobra de Seabra
3104341,6362601,Pueblica de Valverde,
3104341,6362604,Quintanilla de Urz,
3104341,6362602,Quintanilla del Monte,
3104341,6362603,Quintanilla del Olmo,
3104341,6362605,Quiruelas de Vidriales,
3104341,6362606,Rabanales,
3104341,6362607,Rábano de Aliste,
3104341,6362608,Requejo,Requeixo de Seabra
3104341,6362609,Revellinos,
3104341,6362610,Riofrío de Aliste,
3104341,6362611,Rionegro del Puente,
3104341,6362612,Roales del Pan,Roales
3104341,6362613,Robleda-Cervantes,
3104341,6362614,Roelos de Sayago,Roelos
3104341,6362615,Rosinos de la Requejada,
3104341,6362616,Salce,
3104341,6362617,Samir de los Caños,
3104341,6362618,San Agustín del Pozo,
3104341,6362619,San Cebrián de Castro,
3104341,6362620,San Cristóbal de Entreviñas,
3104341,6362621,San Esteban del Molar,
3104341,6362622,San Justo,
3104341,6362623,San Martín de Valderaduey,
3104341,6362624,San Miguel de la Ribera,
3104341,6362625,San Miguel del Valle,
3104341,6362626,San Pedro de Ceque,
3104341,3110167,San Pedro de la Nave-Almendra,
3104341,6362637,San Vicente de la Cabeza,
3104341,6362638,San Vitero,
3104341,6362627,Santa Clara de Avedillo,
3104341,6362628,Santa Colomba de las Monjas,
3104341,6362629,Santa Cristina de la Polvorosa,
3104341,6362630,Santa Croya de Tera,
3104341,6362631,Santa Eufemia del Barco,
3104341,6362632,Santa María de la Vega,
3104341,6362633,Santa María de Valverde,
3104341,6362634,Santibáñez de Tera,
3104341,6362635,Santibáñez de Vidriales,
3104341,6362636,Santovenia,
3104341,6362639,Sanzoles,
3104341,6362640,Tábara,
3104341,6362641,Tapioles,
3104341,6362642,Toro,
3104341,6362643,"Torre del Valle, La",
3104341,6362644,Torregamones,
3104341,6362645,Torres del Carrizal,
3104341,6362646,Trabazos,
3104341,6362647,Trefacio,
3104341,6362648,Uña de Quintana,
3104341,6362649,Vadillo de la Guareña,
3104341,6362650,Valcabado,
3104341,6362651,Valdefinjas,
3104341,6362652,Valdescorriel,
3104341,6362653,Vallesa de la Guareña,
3104341,6362654,Vega de Tera,
3104341,6362655,Vega de Villalobos,
3104341,6362656,Vegalatrave,
3104341,6362657,Venialbo,
3104341,6362658,Vezdemarbán,
3104341,6362659,Vidayanes,
3104341,6362660,Videmala,
3104341,6362661,Villabrázaro,
3104341,6362662,Villabuena del Puente,
3104341,6362663,Villadepera,
3104341,6362664,Villaescusa,
3104341,6362665,Villafáfila,
3104341,6362666,Villaferrueña,
3104341,6362667,Villageriz,
3104341,6362668,Villalazán,
3104341,6362669,Villalba de la Lampreana,
3104341,6362670,Villalcampo,
3104341,6362671,Villalobos,
3104341,6362672,Villalonso,
3104341,6362673,Villalpando,
3104341,6362674,Villalube,
3104341,6362675,Villamayor de Campos,
3104341,6362676,Villamor de los Escuderos,
3104341,6362677,Villanázar,
3104341,6362678,Villanueva de Azoague,
3104341,6362679,Villanueva de Campeán,
3104341,6362680,Villanueva de las Peras,
3104341,6362681,Villanueva del Campo,
3104341,6362684,Villar de Fallaves,Villardefallaves
3104341,6362685,Villar del Buey,
3104341,6362682,Villaralbo,
3104341,6362683,Villardeciervos,
3104341,6362686,Villardiegua de la Ribera,
3104341,6362687,Villárdiga,
3104341,6362688,Villardondiego,
3104341,6362689,Villarrín de Campos,
3104341,6362690,Villaseco del Pan,
3104341,6362691,Villavendimio,
3104341,6362693,Villaveza de Valverde,
3104341,6362692,Villaveza del Agua,
3104341,6362694,Viñas,
3104341,6362695,Zamora,
3104469,6362353,Abadiano,Abadiño
3104469,3131115,Abanto y Ciérvana,Abanto Zierbena / Abanto y Ciérvana|Abanto Zierbena
3104469,6362445,Ajangiz,
3104469,6362446,Alonsótegui,Alonsotegi
3104469,6362354,Amorebieta-Etxano,
3104469,6362355,Amoroto,
3104469,6362356,Arakaldo,
3104469,6362357,Arantzazu,
3104469,6362359,Arcentales,Artzentales
3104469,6362432,Areatza,
3104469,3129433,Arrancudiaga,Arrankudiaga-Zollo
3104469,6362448,Arratzu,
3104469,6362360,Arrieta,
3104469,6362361,Arrigorriaga,
3104469,6362369,Artea,
3104469,6362430,Axpe Achondo,Atxondo
3104469,6362362,Baquio,Bakio
3104469,3128842,Barakaldo,
3104469,6362363,Barrika,
3104469,3128528,Basauri,
3104469,6362431,Bedia,
3104469,6362364,Berango,
3104469,6362365,Bermeo,Bermio
3104469,6362366,Berriatua,
3104469,6362367,Bérriz,
3104469,6362368,Bilbao,Bilbo
3104469,3127354,Busturia,
3104469,7577097,Cenarruza-Puebla de Bolívar,Ziortza-Bolibar
3104469,6362447,Ciérvana,Zierbena
3104469,3123922,Derio,
3104469,3123889,Dima,
3104469,6362372,Durango,
3104469,6362373,Ea,
3104469,6362374,Echévarri,Etxebarri
3104469,6362375,Echevarría,Etxebarria
3104469,6362376,Elantxobe,
3104469,6362377,Elorrio,
3104469,6362436,Erandio,
3104469,6362378,Ereño,
3104469,6362379,Ermua,
3104469,6362440,Forua,
3104469,6362380,Fruiz,
3104469,6362381,Galdakao,Galdakano|Galdacano
3104469,6362382,Galdames,
3104469,6362383,Gamiz-Fika,
3104469,6362384,Garai,
3104469,6362385,Gatika,
3104469,6362386,Gautegiz Arteaga,
3104469,6362390,Gernika-Lumo,
3104469,6362391,Gizaburuaga,
3104469,3121294,Gordejuela,Gordexola
3104469,6362387,Gorliz,
3104469,6362388,Guecho,Getxo
3104469,6362389,Güeñes,Gueenes
3104469,6362392,Ibarrangelu,
3104469,6362433,Igorre,
3104469,6362393,Ispaster,
3104469,6362394,Izurtza,
3104469,3126213,Karrantza Harana / Valle de Carranza,Karrantza|Carranza|Karrantza Harana|Valle de Carranza
3104469,6362441,Kortezubi,
3104469,6362395,Lanestosa,
3104469,6362396,Larrabezúa,Larrabetzu
3104469,6362397,Laukiz,
3104469,6362398,Leioa,
3104469,6362399,Lemoiz,Lemóniz
3104469,3118550,Lemona,Lemoa
3104469,6362400,Lequeitio,Lekeitio
3104469,6362421,Lezama,
3104469,6362437,Loiu,
3104469,6362401,Mallavia,Mallabia
3104469,6362402,Mañaria,
3104469,6362403,Markina-Xemein,
3104469,6362404,Maruri-Jatabe,Jatabe
3104469,6362407,Meñaka,
3104469,6362405,Mendata,
3104469,6362406,Mendexa,
3104469,6362408,Miravalles,Ugao-Miraballes|Ugao
3104469,6362409,Morga,
3104469,6362411,Mundaca,Mundaka
3104469,6362412,Mungia,
3104469,6362358,Munitibar-Arbatzegi Gerrikaitz-,Munitibar-Arbatzegi Gerrikaitz
3104469,3115877,Murélaga,Aulesti
3104469,6362442,Murueta,
3104469,6362413,Musques,Muskiz
3104469,6362410,Muxika,
3104469,6362443,Nabarniz,
3104469,6362415,Ondárroa,
3104469,6362416,Orduña,Urduña / Orduña|Urduna-Orduna|Urduña
3104469,3114902,Orozco,Orozko
3104469,6362423,Ortuella,
3104469,6362414,Otxandio,
3104469,6362417,Pedernales,Sukarrieta
3104469,6362418,Plencia,Plentzia
3104469,6362419,Portugalete,
3104469,6362420,Rigoitia,Errigoiti
3104469,6362422,Santurce,Santurtzi
3104469,6362424,Sestao,
3104469,6362438,Sondika,
3104469,6362425,Sopela,
3104469,3108691,Sopuerta,Garape
3104469,6362426,Trucios,Turtzioz / Trucios|Trucios-Turtzioz|Turtzioz
3104469,6362427,Ubide,
3104469,6362428,Urduliz,
3104469,3110052,Valle de Trapaga,Trapagaran / Valle de Trapaga|San Salvador del Valle|Trapagaran
3104469,6362429,Valmaseda,Balmaseda
3104469,6362444,Yurreta,Iurreta
3104469,6362434,Zaldibar,
3104469,3104354,Zalla,
3104469,6362439,Zamudio,
3104469,6362435,Zaratamo,
3104469,6362370,Zeanuri,
3104469,6362371,Zeberio,
3106671,6362129,Adalia,
3106671,6362130,Aguasal,
3106671,6362131,Aguilar de Campos,
3106671,6362132,Alaejos,
3106671,6362133,Alcazarén,
3106671,6362134,Aldea de San Miguel,
3106671,6362135,Aldeamayor de San Martín,
3106671,6362136,Almenara de Adaja,
3106671,6362137,Amusquillo,
3106671,6362138,Arroyo de la Encomienda,
3106671,6362139,Ataquines,
3106671,6362140,Bahabón,
3106671,6362141,Barcial de la Loma,
3106671,6362142,Barruelo del Valle,
3106671,6362143,Becilla de Valderaduey,
3106671,6362144,Benafarces,
3106671,6362145,Bercero,
3106671,6362146,Berceruelo,
3106671,6362147,Berrueces,
3106671,6362148,Bobadilla del Campo,
3106671,6362149,Bocigas,
3106671,6362150,Bocos de Duero,
3106671,6362151,Boecillo,
3106671,6362152,Bolaños de Campos,
3106671,6362153,Brahojos de Medina,
3106671,6362154,Bustillo de Chaves,
3106671,6362155,Cabezón de Pisuerga,
3106671,6362156,Cabezón de Valderaduey,
3106671,6362157,Cabreros del Monte,
3106671,6362158,Campaspero,
3106671,6362159,"Campillo, El",
3106671,6362160,Camporredondo,
3106671,6362161,Canalejas de Peñafiel,
3106671,6362162,Canillas de Esgueva,
3106671,6362163,Carpio del Campo,Carpio
3106671,6362164,Casasola de Arión,
3106671,6362165,Castrejón de Trabancos,
3106671,6362166,Castrillo de Duero,
3106671,6362167,Castrillo-Tejeriego,
3106671,6362168,Castrobol,
3106671,6362169,Castrodeza,
3106671,6362170,Castromembibre,
3106671,6362171,Castromonte,
3106671,6362172,Castronuevo de Esgueva,
3106671,6362173,Castronuño,
3106671,6362174,Castroponce,
3106671,6362175,Castroverde de Cerrato,
3106671,6362176,Ceinos de Campos,
3106671,6362177,Cervillego de la Cruz,
3106671,6362178,Cigales,
3106671,6362179,Ciguñuela,
3106671,6362180,Cistérniga,
3106671,6362181,Cogeces de Íscar,
3106671,6362182,Cogeces del Monte,
3106671,6362183,Corcos del Valle,Corcos
3106671,6362184,Corrales de Duero,
3106671,6362185,Cubillas de Santa Marta,
3106671,6362186,Cuenca de Campos,
3106671,6362187,Curiel de Duero,
3106671,6362188,Encinas de Esgueva,
3106671,6362189,Esguevillas de Esgueva,
3106671,6362190,Fombellida,
3106671,6362191,Fompedraza,
3106671,6362192,Fontihoyuelo,
3106671,6362193,Fresno el Viejo,
3106671,6362194,Fuensaldaña,
3106671,6362195,Fuente el Sol,
3106671,6362196,Fuente-Olmedo,
3106671,6362197,Gallegos de Hornija,
3106671,6362198,Gatón de Campos,
3106671,6362199,Geria,
3106671,6362200,Herrín de Campos,
3106671,6362201,Hornillos de Eresma,
3106671,6362202,Íscar,
3106671,6362203,Laguna de Duero,
3106671,6362204,Langayo,
3106671,6362206,Llano de Olmedo,
3106671,6362205,Lomoviejo,
3106671,6362207,Manzanillo,
3106671,6362208,Marzales,
3106671,6362209,Matapozuelos,
3106671,6362210,Matilla de los Caños,
3106671,6362211,Mayorga,
3106671,6362213,Medina de Rioseco,
3106671,6362212,Medina del Campo,
3106671,6362214,Megeces,
3106671,6362215,Melgar de Abajo,
3106671,6362216,Melgar de Arriba,
3106671,6362217,Mojados,
3106671,6362218,Monasterio de Vega,
3106671,6362219,Montealegre de Campos,
3106671,6362220,Montemayor de Pililla,
3106671,6362221,Moral de la Reina,Moral da Reina
3106671,6362222,Moraleja de las Panaderas,
3106671,6362223,Morales de Campos,
3106671,6362224,Mota del Marqués,
3106671,6362225,Mucientes,
3106671,6362226,"Mudarra, La",
3106671,6362227,Muriel,
3106671,6362228,Nava del Rey,
3106671,6362229,Nueva Villa de las Torres,
3106671,6362230,Olivares de Duero,
3106671,6362231,Olmedo,
3106671,6362232,Olmos de Esgueva,
3106671,6362233,Olmos de Peñafiel,
3106671,6362234,Palazuelo de Vedija,
3106671,6362235,"Parrilla, La",
3106671,6362236,"Pedraja de Portillo, La",
3106671,6362237,Pedrajas de San Esteban,
3106671,6362238,Pedrosa del Rey,
3106671,6362239,Peñafiel,
3106671,6362240,Peñaflor de Hornija,
3106671,6362241,Pesquera de Duero,
3106671,6362242,Piña de Esgueva,
3106671,6362243,Piñel de Abajo,
3106671,6362244,Piñel de Arriba,
3106671,6362245,Pollos,
3106671,6362246,Portillo,
3106671,6362247,Pozal de Gallinas,
3106671,6362248,Pozaldez,
3106671,6362249,Pozuelo de la Orden,
3106671,6362250,Puras,
3106671,6362251,Quintanilla de Arriba,
3106671,6362253,Quintanilla de Onésimo,
3106671,6362254,Quintanilla de Trigueros,
3106671,6362252,Quintanilla del Molar,
3106671,6362255,Rábano,
3106671,6362256,Ramiro,
3106671,6362257,Renedo de Esgueva,
3106671,6362258,Roales de Campos,
3106671,6362259,Robladillo,
3106671,6362260,Roturas,
3106671,6362261,Rubí de Bracamonte,
3106671,6362262,Rueda,
3106671,6362263,Saelices de Mayorga,
3106671,6362264,Salvador de Zapardiel,
3106671,6362265,San Cebrián de Mazote,
3106671,6362266,San Llorente,
3106671,6362267,San Martín de Valvení,
3106671,6362268,San Miguel del Arroyo,
3106671,6362269,San Miguel del Pino,
3106671,6362270,San Pablo de la Moraleja,
3106671,6362271,San Pedro de Latarce,
3106671,6362272,San Pelayo,
3106671,6362273,San Román de Hornija,
3106671,6363002,San Salvador,
3106671,6362278,San Vicente del Palacio,
3106671,6362274,Santa Eufemia del Arroyo,
3106671,6362275,Santervás de Campos,
3106671,6362276,Santibáñez de Valcorba,
3106671,6362277,Santovenia de Pisuerga,
3106671,6362279,Sardón de Duero,
3106671,6362280,"Seca, La",
3106671,6362281,Serrada,
3106671,6362282,Siete Iglesias de Trabancos,
3106671,6362283,Simancas,
3106671,6362284,Tamariz de Campos,
3106671,6362285,Tiedra,
3106671,6362286,Tordehumos,
3106671,6362287,Tordesillas,
3106671,6362291,Torre de Esgueva,
3106671,6362292,Torre de Peñafiel,
3106671,6362288,Torrecilla de la Abadesa,
3106671,6362289,Torrecilla de la Orden,
3106671,6362290,Torrecilla de la Torre,
3106671,6362293,Torrelobatón,
3106671,6362294,Torrescárcela,
3106671,6362295,Traspinedo,
3106671,6362296,Trigueros del Valle,
3106671,6362297,Tudela de Duero,
3106671,6362298,"Unión de Campos, La",
3106671,6362299,Urones de Castroponce,
3106671,6362300,Urueña,
3106671,6362301,Valbuena de Duero,
3106671,6362302,Valdearcos de la Vega,
3106671,6362303,Valdenebro de los Valles,
3106671,6362304,Valdestillas,
3106671,6362305,Valdunquillo,
3106671,6362308,Valladolid,
3106671,6362306,Valoria la Buena,
3106671,6362307,Valverde de Campos,
3106671,6362309,Vega de Ruiponce,
3106671,6362310,Vega de Valdetronco,
3106671,6362311,Velascálvaro,
3106671,6362312,Velilla,
3106671,6362313,Velliza,
3106671,6362314,Ventosa de la Cuesta,
3106671,6362315,Viana de Cega,
3106671,6362317,Villabáñez,
3106671,6362318,Villabaruz de Campos,
3106671,6362319,Villabrágima,
3106671,6362320,Villacarralón,
3106671,6362321,Villacid de Campos,
3106671,6362322,Villaco,
3106671,6362323,Villafrades de Campos,
3106671,6362324,Villafranca de Duero,
3106671,6362325,Villafrechós,
3106671,6362326,Villafuerte,
3106671,6362327,Villagarcía de Campos,
3106671,6362328,Villagómez la Nueva,
3106671,6362329,Villalán de Campos,
3106671,6362330,Villalar de los Comuneros,
3106671,6362331,Villalba de la Loma,
3106671,6362332,Villalba de los Alcores,
3106671,6362333,Villalbarba,
3106671,6362334,Villalón de Campos,
3106671,6362335,Villamuriel de Campos,
3106671,6362336,Villán de Tordesillas,
3106671,6362337,Villanubla,
3106671,6362338,Villanueva de Duero,
3106671,6362339,Villanueva de la Condesa,
3106671,6362340,Villanueva de los Caballeros,
3106671,6362341,Villanueva de los Infantes,
3106671,6362342,Villanueva de San Mancio,
3106671,6362343,Villardefrades,
3106671,6362344,Villarmentero de Esgueva,
3106671,6362345,Villasexmir,
3106671,6362346,Villavaquerín,
3106671,6362347,Villavellid,
3106671,6362348,Villaverde de Medina,
3106671,6362349,Villavicencio de los Caballeros,
3106671,6362316,Viloria,
3106671,6362350,Wamba,
3106671,6362351,Zaratán,
3106671,6362352,"Zarza, La",
3108125,6361427,Ababuj,
3108125,6361428,Abejuela,
3108125,6361429,Aguatón,
3108125,6361430,Aguaviva,Aiguaviva de Bergantes
3108125,6361431,Aguilar del Alfambra,
3108125,6361432,Alacón,
3108125,6361433,Alba,
3108125,6361434,Albalate del Arzobispo,
3108125,6361435,Albarracín,
3108125,6361436,Albentosa,Alventosa
3108125,6361437,Alcaine,
3108125,6361438,Alcalá de la Selva,
3108125,6361439,Alcañiz,
3108125,6361440,Alcorisa,
3108125,6361441,Alfambra,
3108125,6361442,Aliaga,
3108125,6361446,Allepuz,
3108125,6361447,Alloza,
3108125,6361448,Allueva,
3108125,6361443,Almohaja,
3108125,6361444,Alobras,
3108125,6361445,Alpeñés,
3108125,6361449,Anadón,
3108125,6361450,Andorra,
3108125,6361451,Arcos de las Salinas,
3108125,6361452,Arens de Lledó,Arenys de Lledó / Arens de Lledó|Arenys de Lledó
3108125,6361453,Argente,
3108125,6361454,Ariño,
3108125,6361455,Azaila,
3108125,6361456,Bádenas,
3108125,6361457,Báguena,
3108125,6361458,Bañón,
3108125,6361459,Barrachina,
3108125,6361460,Bea,
3108125,6361461,Beceite,Beseit / Beceite|Beseit
3108125,6361463,Bello,
3108125,6361462,Belmonte de San José,Bellmunt de Mesquí / Belmonte de San José|Bellmunt de Mesquí
3108125,6361464,Berge,
3108125,6361465,Bezas,
3108125,6361466,Blancas,
3108125,6361467,Blesa,
3108125,6361468,Bordón,
3108125,6361469,Bronchales,
3108125,6361470,Bueña,
3108125,6361471,Burbáguena,
3108125,6361472,Cabra de Mora,
3108125,6361473,Calaceite,Calaceit
3108125,6361474,Calamocha,
3108125,6361475,Calanda,
3108125,6361476,Calomarde,
3108125,6361477,Camañas,
3108125,6361478,Camarena de la Sierra,
3108125,6361479,Camarillas,
3108125,6361480,Caminreal,
3108125,6361482,Cañada de Benatanduz,
3108125,6361483,"Cañada de Verich, La",la Canyada de Beric
3108125,6361484,Cañada Vellida,
3108125,6361485,Cañizar del Olivar,
3108125,6361481,Cantavieja,
3108125,6361486,Cascante del Río,
3108125,6361487,Castejón de Tornos,
3108125,6361488,Castel de Cabra,
3108125,6361492,Castellote,
3108125,6361489,Castelnou,
3108125,6361490,Castelserás,
3108125,6361493,Cedrillas,
3108125,6361494,Celadas,
3108125,6361495,Cella,
3108125,6361496,"Cerollera, La",
3108125,6361497,"Codoñera, La",
3108125,6361498,Corbalán,
3108125,6361499,Cortes de Aragón,
3108125,6361500,Cosa,
3108125,6361501,Cretas,Queretes|Cretes
3108125,6361502,Crivillén,
3108125,6361503,"Cuba, La",
3108125,6361504,Cubla,
3108125,6361505,Cucalón,
3108125,6361506,"Cuervo, El",
3108125,6361507,Cuevas de Almudén,
3108125,6361508,Cuevas Labradas,
3108125,6361509,Ejulve,
3108125,6361491,El Castellar,
3108125,6361510,Escorihuela,
3108125,6361511,Escucha,
3108125,6361512,Estercuel,
3108125,6361513,Ferreruela de Huerva,
3108125,6361514,Fonfría,
3108125,6361515,Formiche Alto,
3108125,6361516,Fórnoles,
3108125,6361517,Fortanete,
3108125,6361518,Foz-Calanda,
3108125,6361519,"Fresneda, La",
3108125,6361520,Frías de Albarracín,
3108125,6361521,Fuenferrada,
3108125,6361522,Fuentes Calientes,
3108125,6361523,Fuentes Claras,
3108125,6361524,Fuentes de Rubielos,Fonts de Rubiols
3108125,6361525,Fuentespalda,
3108125,6361526,Galve,
3108125,6361527,Gargallo,
3108125,6361528,Gea de Albarracín,
3108125,6361530,Griegos,
3108125,6361531,Guadalaviar,
3108125,6361532,Gúdar,
3108125,6361533,Híjar,
3108125,6361534,Hinojosa de Jarque,
3108125,6361535,"Hoz de la Vieja, La",
3108125,6361536,Huesa del Común,
3108125,6361538,Jabaloyas,
3108125,6361539,Jarque de la Val,
3108125,6361540,Jatiel,
3108125,6361541,Jorcas,
3108125,6361542,Josa,
3108125,6361529,La Ginebrosa,
3108125,6361537,La Iglesuela del Cid,
3108125,6361543,Lagueruela,
3108125,6361544,Lanzuela,
3108125,6361545,Libros,
3108125,6361546,Lidón,
3108125,6361547,Linares de Mora,
3108125,6361549,Lledó,
3108125,6361548,Loscos,
3108125,6361550,Maicas,
3108125,6361551,Manzanera,
3108125,6361552,Martín del Río,
3108125,6361553,Mas de las Matas,
3108125,6361554,"Mata de los Olmos, La",
3108125,6361555,Mazaleón,
3108125,6361556,Mezquita de Jarque,
3108125,6355240,Mirambel,
3108125,6361557,Miravete de la Sierra,
3108125,6361558,Molinos,
3108125,6361559,Monforte de Moyuela,
3108125,6361560,Monreal del Campo,
3108125,6361561,Monroyo,
3108125,6361562,Montalbán,
3108125,6361563,Monteagudo del Castillo,
3108125,6361564,Monterde de Albarracín,
3108125,6361565,Mora de Rubielos,Móra de Rubiols
3108125,6361566,Moscardón,
3108125,6361567,Mosqueruela,
3108125,6361568,Muniesa,
3108125,6361569,Noguera de Albarracín,
3108125,6361570,Nogueras,
3108125,6361571,Nogueruelas,Nogueroles
3108125,6361572,Obón,
3108125,6361573,Odón,
3108125,6361574,Ojos Negros,
3108125,6361575,Olba,
3108125,6361576,Oliete,
3108125,6361577,"Olmos, Los",
3108125,6361578,Orihuela del Tremedal,
3108125,6361579,Orrios,
3108125,6361580,Palomar de Arroyos,
3108125,6361581,Pancrudo,
3108125,6361582,"Parras de Castellote, Las",
3108125,6361583,Peñarroya de Tastavins,
3108125,6361584,Peracense,
3108125,6361585,Peralejos,
3108125,6361586,Perales del Alfambra,
3108125,6361587,Pitarque,
3108125,6361588,Plou,
3108125,6361589,"Pobo, El",
3108125,6361590,"Portellada, La",
3108125,6361591,Pozondón,
3108125,6361592,Pozuel del Campo,
3108125,6361593,"Puebla de Híjar, La",
3108125,6361594,"Puebla de Valverde, La",
3108125,6361595,Puertomingalvo,
3108125,6361596,Ráfales,
3108125,6361597,Rillo,
3108125,6361598,Riodeva,
3108125,6361599,Ródenas,
3108125,6361600,Royuela,
3108125,6361601,Rubiales,
3108125,6361602,Rubielos de la Cérida,
3108125,6361603,Rubielos de Mora,
3108125,6361604,Salcedillo,
3108125,6361605,Saldón,
3108125,6361606,Samper de Calanda,
3108125,6361607,San Agustín,
3108125,6361608,San Martín del Río,
3108125,6361609,Santa Cruz de Nogueras,
3108125,6361610,Santa Eulalia,
3108125,6361611,Sarrión,
3108125,6361612,Segura de los Baños,
3108125,6361613,Seno,
3108125,6361614,Singra,
3108125,6361615,Terriente,
3108125,6361616,Teruel,Terol
3108125,6361617,Toril y Masegoso,
3108125,6361618,Tormón,
3108125,6361619,Tornos,
3108125,6361620,Torralba de los Sisones,
3108125,6361623,Torre de Arcas,
3108125,6361624,Torre de las Arcas,
3108125,6361625,Torre del Compte,
3108125,6361627,Torre los Negros,
3108125,6361621,Torrecilla de Alcañiz,
3108125,6361622,Torrecilla del Rebollar,
3108125,6361626,Torrelacárcel,
3108125,6361628,Torremocha de Jiloca,
3108125,6361629,Torres de Albarracín,
3108125,6361630,Torrevelilla,
3108125,6361631,Torrijas,
3108125,6361632,Torrijo del Campo,
3108125,6361633,Tramacastiel,
3108125,6361634,Tramacastilla,
3108125,6361635,Tronchón,
3108125,6361636,Urrea de Gaén,
3108125,6361637,Utrillas,
3108125,6361638,Valacloche,
3108125,6361639,Valbona,
3108125,6361640,Valdealgorfa,
3108125,6361641,Valdecuenca,
3108125,6361642,Valdelinares,
3108125,6361643,Valdeltormo,
3108125,6361644,Valderrobres,
3108125,6361645,Valjunquera,
3108125,6361646,"Vallecillo, El",
3108125,6361647,Veguillas de la Sierra,
3108125,6361648,Villafranca del Campo,
3108125,6361649,Villahermosa del Campo,
3108125,6361650,Villanueva del Rebollar de la Sierra,
3108125,6361651,Villar del Cobo,
3108125,6361652,Villar del Salz,
3108125,6361653,Villarluengo,
3108125,6361654,Villarquemado,
3108125,6361655,Villarroya de los Pinares,
3108125,6361656,Villastar,
3108125,6361657,Villel,
3108125,6361658,Vinaceite,
3108125,6361659,Visiedo,
3108125,6361660,Vivel del Río Martín,
3108125,6361661,"Zoma, La",
3108287,6361244,Aiguamúrcia,
3108287,6361245,Albinyana,
3108287,6361247,Alcanar,
3108287,6361248,Alcover,
3108287,6361249,Aldover,
3108287,6361251,Alfara de Carles,
3108287,6361252,Alforja,
3108287,6361253,Alió,
3108287,6361254,Almoster,
3108287,6361255,Altafulla,
3108287,6361257,Amposta,
3108287,6361258,Arbolí,
3108287,6361261,Arnes,
3108287,6361262,Ascó,
3108287,6361263,Banyeres del Penedès,
3108287,6361264,Barberà de la Conca,
3108287,6361265,Batea,
3108287,6361266,Bellmunt del Priorat,
3108287,6361267,Bellvei,
3108287,6361268,Benifallet,
3108287,6361269,Benissanet,
3108287,6361270,"Bisbal de Falset, La",
3108287,6361272,Blancafort,
3108287,6361273,Bonastre,
3108287,6361275,Bot,
3108287,6361276,Botarell,
3108287,6361277,Bràfim,
3108287,6361278,Cabacés,
3108287,6361279,Cabra del Camp,
3108287,6361280,Calafell,
3108287,6361423,Camarles,
3108287,6361281,Cambrils,
3108287,8630121,"Canonja, La",
3108287,6361282,Capafonts,
3108287,6361283,Capçanes,
3108287,6361284,Caseres,
3108287,6361285,Castellvell del Camp,
3108287,6361288,Colldejou,
3108287,6361289,Conesa,
3108287,6361290,Constantí,
3108287,6361291,Corbera d'Ebre,
3108287,6361292,Cornudella de Montsant,
3108287,6361293,Creixell,
3108287,6361294,Cunit,
3108287,6361421,Deltebre,
3108287,6361296,Duesaigües,Duesaiguees
3108287,6361286,el Catllar,
3108287,6361315,el Lloar,
3108287,6361325,el Masroig,
3108287,6361326,el Milà,
3108287,6361328,el Molar,
3108287,6361332,el Montmell,
3108287,6361337,el Morell,
3108287,6361346,el Perelló,
3108287,6361348,el Pinell de Brai,
3108287,6361350,el Pla de Santa Maria,
3108287,6361355,el Pont d'Armentera,
3108287,6361376,el Rourell,
3108287,6361405,el Vendrell,
3108287,6361309,els Garidells,
3108287,6361313,els Guiamets,
3108287,6361342,els Pallaresos,
3108287,6361298,Falset,
3108287,6361302,Figuerola del Camp,
3108287,6361303,Flix,
3108287,6361304,Forès,
3108287,6361305,Freginals,
3108287,6361307,Gandesa,
3108287,6361308,Garcia,
3108287,6361310,Ginestar,
3108287,6361311,Godall,
3108287,6361312,Gratallops,
3108287,6361246,l'Albiol,
3108287,6361424,L'Aldea,
3108287,6361250,l'Aleixar,
3108287,6361256,l'Ametlla de Mar,
3108287,6361426,l'Ampolla,
3108287,6361259,l'Arboç,
3108287,6361260,l'Argentera,
3108287,6361297,l'Espluga de Francolí,
3108287,6361271,la Bisbal del Penedès,
3108287,6361299,la Fatarella,
3108287,6361300,la Febró,
3108287,6361301,la Figuera,
3108287,6361306,la Galera,
3108287,6361314,La Horta de San Juan,Horta de Sant Joan|Horta de San Juan
3108287,6361323,la Masó,
3108287,6361338,la Morera de Montsant,
3108287,6361339,la Nou de Gaià,
3108287,6361341,la Palma d'Ebre,
3108287,6361351,la Pobla de Mafumet,
3108287,6361352,la Pobla de Massaluca,
3108287,6361353,la Pobla de Montornès,
3108287,6361366,la Riba,
3108287,6361368,la Riera de Gaià,
3108287,6361386,la Secuita,
3108287,6361387,la Selva del Camp,
3108287,6361287,la Sénia,
3108287,6361393,la Torre de Fontaubella,
3108287,6361394,la Torre de l'Espanyol,
3108287,6361415,la Vilella Alta,
3108287,6361416,la Vilella Baixa,
3108287,6361274,les Borges del Camp,
3108287,6361347,les Piles,
3108287,6361316,Llorac,
3108287,6361317,Llorenç del Penedès,
3108287,6361319,Marçà,
3108287,6361318,Margalef,
3108287,6361320,Mas de Barberans,
3108287,6361321,Masdenverge,
3108287,6361322,Masllorenç,
3108287,6361324,Maspujols,
3108287,6361327,Miravet,
3108287,6361329,Montblanch,Montblanc
3108287,6361330,Montbrió del Camp,
3108287,6361331,Montferri,
3108287,6361333,Montreal,Mont-ral
3108287,6361334,Montroig,Mont-roig del Camp
3108287,6361335,Móra d'Ebre,
3108287,6361336,Mora la Nueva,Móra la Nova
3108287,6361340,Nulles,
3108287,6361343,Passanant i Belltall,
3108287,6361344,Paüls,Pauels
3108287,6361345,Perafort,
3108287,6361349,Pira,
3108287,6361354,Poboleda,
3108287,6361383,Pontils,
3108287,6361356,Porrera,
3108287,6361357,Pradell de la Teixeta,
3108287,6361358,Prades,
3108287,6361359,Prat de Comte,
3108287,6361360,Pratdip,
3108287,6361361,Puigpelat,
3108287,6361362,Querol,
3108287,6361363,Rasquera,
3108287,6361364,Renau,
3108287,6361365,Reus,
3108287,6361367,Riba-roja d'Ebre,
3108287,6361369,Riudecanyes,
3108287,6361370,Riudecols,
3108287,6361371,Riudoms,
3108287,6361372,Rocafort de Queralt,
3108287,6361373,Roda de Berà,
3108287,6361374,Rodonyà,
3108287,6361375,Roquetes,
3108287,6361377,Salomó,
3108287,6361425,Salou,
3108287,6361378,San Carlos de la Rápita,Sant Carles de la Ràpita
3108287,6361422,Sant Jaume d'Enveja,
3108287,6361379,Sant Jaume dels Domenys,
3108287,6361380,Santa Bàrbara,
3108287,6361381,Santa Coloma de Queralt,
3108287,6361382,Santa Oliva,
3108287,6361384,Sarral,
3108287,6361385,Savallà del Comtat,
3108287,6361388,Senan,
3108287,6361389,Solivella,
3108287,6361390,Tarragona,
3108287,6361391,Tivenys,
3108287,6361392,Tivisa,Tivissa
3108287,6361395,Torredembarra,
3108287,6361396,Torroja del Priorat,
3108287,6361397,Tortosa,
3108287,6361398,Ulldecona,
3108287,6361399,Ulldemolins,
3108287,6361400,Vallclara,
3108287,6361401,Vallfogona de Riucorb,
3108287,6361402,Vallmoll,
3108287,6361403,Valls,
3108287,6361404,Vandellòs i l'Hospitalet de l'Infant,
3108287,6361406,Vespella de Gaià,
3108287,6361412,Vila-rodona,
3108287,6361413,Vila-seca,
3108287,6361407,Vilabella,
3108287,6361417,Vilalba dels Arcs,
3108287,6361408,Vilallonga del Camp,
3108287,6361409,Vilanova d'Escornalbou,
3108287,6361410,Vilanova de Prades,
3108287,6361411,Vilaplana,
3108287,6361414,Vilaverd,
3108287,6361418,Vimbodí,Vimbodí i Poblet
3108287,6361419,Vinebre,
3108287,6361420,Vinyols i els Arcs,
3108287,6361295,Xerta,
3108680,6361061,Abejar,
3108680,6361062,Adradas,
3108680,6361063,Ágreda,
3108680,6361064,Alconaba,
3108680,6361065,Alcubilla de Avellaneda,
3108680,6361066,Alcubilla de las Peñas,
3108680,6361067,Aldealafuente,
3108680,6361068,Aldealices,
3108680,6361069,Aldealpozo,
3108680,6361070,Aldealseñor,
3108680,6361071,Aldehuela de Periáñez,
3108680,6361072,"Aldehuelas, Las",
3108680,6361073,Alentisque,
3108680,6361074,Aliud,
3108680,6361075,Almajano,
3108680,6361076,Almaluez,
3108680,6361077,Almarza,
3108680,6361078,Almazán,
3108680,6361079,Almazul,
3108680,6361080,Almenar de Soria,
3108680,6361081,Alpanseque,
3108680,6361082,Arancón,
3108680,6361083,Arcos de Jalón,
3108680,6361084,Arenillas,
3108680,6361085,Arévalo de la Sierra,
3108680,6361086,Ausejo de la Sierra,
3108680,6361087,Baraona,
3108680,6361088,Barca,
3108680,6361089,Barcones,
3108680,6361090,Bayubas de Abajo,
3108680,6361091,Bayubas de Arriba,
3108680,6361092,Beratón,
3108680,6361093,Berlanga de Duero,
3108680,6361094,Blacos,
3108680,6361095,Bliecos,
3108680,6361096,Borjabad,
3108680,6361097,Borobia,
3108680,6361098,Buberos,
3108680,6361099,Buitrago,
3108680,6361101,Cabrejas del Campo,
3108680,6361102,Cabrejas del Pinar,
3108680,6361103,Calatañazor,
3108680,6361104,Caltojar,
3108680,6361106,Cañamaque,
3108680,6361105,Candilichera,
3108680,6361107,Carabantes,
3108680,6361108,Caracena,
3108680,6361109,Carrascosa de Abajo,
3108680,6361110,Carrascosa de la Sierra,
3108680,6361111,Casarejos,
3108680,6361112,Castilfrío de la Sierra,
3108680,6361114,Castillejo de Robledo,
3108680,6361113,Castilruiz,
3108680,6361115,Centenera de Andaluz,
3108680,6361116,Cerbón,
3108680,6361117,Cidones,
3108680,6361118,Cigudosa,
3108680,6361119,Cihuela,
3108680,6361120,Ciria,
3108680,6361121,Cirujales del Río,
3108680,6361122,Coscurita,
3108680,6361123,Covaleda,
3108680,6361124,Cubilla,
3108680,6361125,Cubo de la Solana,
3108680,6361126,Cueva de Ágreda,
3108680,6361127,Dévanos,
3108680,6361128,Deza,
3108680,6361129,Duruelo de la Sierra,
3108680,6361100,El Burgo de Osma,Burgo de Osma-Ciudad de Osma|El Burgo de Osma-Ciudad de Osma
3108680,6361130,Escobosa de Almazán,
3108680,6361131,Espeja de San Marcelino,
3108680,6361132,Espejón,
3108680,6361133,Estepa de San Juan,
3108680,6361134,Frechilla de Almazán,
3108680,6361135,Fresno de Caracena,
3108680,6361136,Fuentearmegil,
3108680,6361137,Fuentecambrón,
3108680,6361138,Fuentecantos,
3108680,6361139,Fuentelmonge,
3108680,6361140,Fuentelsaz de Soria,
3108680,6361141,Fuentepinilla,
3108680,6361142,Fuentes de Magaña,
3108680,6361143,Fuentestrún,
3108680,6361144,Garray,
3108680,6361145,Golmayo,
3108680,6361146,Gómara,
3108680,6361147,Gormaz,
3108680,6361148,Herrera de Soria,
3108680,6361149,Hinojosa del Campo,
3108680,6361150,Langa de Duero,
3108680,6361151,Liceras,
3108680,6361152,"Losilla, La",
3108680,6361153,Magaña,
3108680,6361154,Maján,
3108680,6361155,Matalebreras,
3108680,6361156,Matamala de Almazán,
3108680,6361157,Medinaceli,
3108680,6361158,Miño de Medinaceli,
3108680,6361159,Miño de San Esteban,
3108680,6361160,Molinos de Duero,
3108680,6361161,Momblona,
3108680,6361162,Monteagudo de las Vicarías,
3108680,6361163,Montejo de Tiermes,
3108680,6361164,Montenegro de Cameros,
3108680,6361165,Morón de Almazán,
3108680,6361166,Muriel de la Fuente,
3108680,6361167,Muriel Viejo,
3108680,6361168,Nafría de Ucero,
3108680,6361169,Narros,
3108680,6361170,Navaleno,
3108680,6361171,Nepas,
3108680,6361172,Nolay,
3108680,6361173,Noviercas,
3108680,6361174,Ólvega,
3108680,6361175,Oncala,
3108680,6361176,Pinilla del Campo,
3108680,6361177,Portillo de Soria,
3108680,6361178,"Póveda de Soria, La",
3108680,6361179,Pozalmuro,
3108680,6361182,Quiñonería,
3108680,6361180,Quintana Redonda,
3108680,6361181,Quintanas de Gormaz,
3108680,6361183,"Rábanos, Los",
3108680,6361184,Rebollar,
3108680,6361185,Recuerda,
3108680,6361186,Rello,
3108680,6361187,Renieblas,
3108680,6361188,Retortillo de Soria,
3108680,6361189,Reznos,
3108680,6361190,"Riba de Escalote, La",
3108680,6361191,Rioseco de Soria,
3108680,6361192,Rollamienta,
3108680,6361193,"Royo, El",
3108680,6361194,Salduero,
3108680,6361195,San Esteban de Gormaz,
3108680,6361196,San Felices,
3108680,6361197,San Leonardo de Yagüe,San Leonardo de Yaguee
3108680,6361198,San Pedro Manrique,
3108680,6361199,Santa Cruz de Yanguas,
3108680,6361200,Santa María de Huerta,
3108680,6361201,Santa María de las Hoyas,
3108680,6361202,Serón de Nágima,
3108680,6361203,Soliedra,
3108680,6361204,Soria,
3108680,6361205,Sotillo del Rincón,
3108680,6361206,Suellacabras,
3108680,6361207,Tajahuerce,
3108680,6361208,Tajueco,
3108680,6361209,Talveila,
3108680,6361210,Tardelcuende,
3108680,6361211,Taroda,
3108680,6361212,Tejado,
3108680,6361213,Torlengua,
3108680,6361214,Torreblacos,
3108680,6361215,Torrubia de Soria,
3108680,6361216,Trévago,
3108680,6361217,Ucero,
3108680,6361218,Vadillo,
3108680,6361219,Valdeavellano de Tera,
3108680,6361220,Valdegeña,
3108680,6361221,Valdelagua del Cerro,
3108680,6361222,Valdemaluque,
3108680,6361223,Valdenebro,
3108680,6361224,Valdeprado,
3108680,6361225,Valderrodilla,
3108680,6361226,Valtajeros,
3108680,6361227,Velamazán,
3108680,6361228,Velilla de la Sierra,
3108680,6361229,Velilla de los Ajos,
3108680,6361230,Viana de Duero,
3108680,6361231,Villaciervos,
3108680,6361232,Villanueva de Gormaz,
3108680,6361233,Villar del Ala,
3108680,6361234,Villar del Campo,
3108680,6361235,Villar del Río,
3108680,6361236,"Villares de Soria, Los",
3108680,6361237,Villasayas,
3108680,6361238,Villaseca de Arciel,
3108680,6361239,Vinuesa,
3108680,6361240,Vizmanos,
3108680,6361241,Vozmediano,
3108680,6361242,Yanguas,
3108680,6361243,Yelo,
3109254,6360747,Abades,
3109254,6360748,Adrada de Pirón,
3109254,6360749,Adrados,
3109254,6360750,Aguilafuente,
3109254,6360751,Alconada de Maderuelo,
3109254,6360757,Aldea Real,
3109254,6360752,Aldealcorvo,
3109254,6360753,Aldealengua de Pedraza,
3109254,6360754,Aldealengua de Santa María,
3109254,6360755,Aldeanueva de la Serrezuela,
3109254,6360756,Aldeanueva del Codonal,
3109254,6360758,Aldeasoña,
3109254,6360759,Aldehorno,
3109254,6360760,Aldehuela del Codonal,
3109254,6360761,Aldeonte,
3109254,6360762,Anaya,
3109254,6360763,Añe,
3109254,6360764,Arahuetes,
3109254,6360765,Arcones,
3109254,6360766,Arevalillo de Cega,
3109254,6360767,Armuña,
3109254,6360768,Ayllón,
3109254,6360769,Barbolla,
3109254,6360770,Basardilla,
3109254,6360771,Bercial,
3109254,6360772,Bercimuel,
3109254,6360773,Bernardos,
3109254,6360774,Bernuy de Porreros,
3109254,6360775,Boceguillas,
3109254,6360776,Brieva,
3109254,6360777,Caballar,
3109254,6360778,Cabañas de Polendos,
3109254,6360779,Cabezuela,
3109254,6360780,Calabazas de Fuentidueña,
3109254,6360781,Campo de San Pedro,
3109254,6360782,Cantalejo,
3109254,6360783,Cantimpalos,
3109254,6360784,Carbonero el Mayor,
3109254,6360785,Carrascal del Río,
3109254,6360786,Casla,
3109254,6360787,Castillejo de Mesleón,
3109254,6360788,Castro de Fuentidueña,
3109254,6360789,Castrojimeno,
3109254,6360790,Castroserna de Abajo,
3109254,6360791,Castroserracín,
3109254,6360792,Cedillo de la Torre,
3109254,6360793,Cerezo de Abajo,
3109254,6360794,Cerezo de Arriba,
3109254,6360804,Chañe,
3109254,6360795,Cilleruelo de San Mamés,
3109254,6360796,Cobos de Fuentidueña,
3109254,6360797,Coca,
3109254,6360798,Codorniz,
3109254,6360799,Collado Hermoso,
3109254,6360800,Condado de Castilnovo,
3109254,6360801,Corral de Ayllón,
3109254,6360951,Cozuelos de Fuentidueña,
3109254,6360802,Cubillo,
3109254,6360803,Cuéllar,
3109254,6360954,Cuevas de Provanco,
3109254,6360805,Domingo García,
3109254,6360806,Donhierro,
3109254,6360807,Duruelo,
3109254,6360808,Encinas,
3109254,6360809,Encinillas,
3109254,6360810,Escalona del Prado,
3109254,6360811,Escarabajosa de Cabezas,
3109254,6360812,Escobar de Polendos,
3109254,6360813,"Espinar, El",
3109254,6360814,Espirdo,
3109254,6360815,Fresneda de Cuéllar,
3109254,6360816,Fresno de Cantespino,
3109254,6360817,Fresno de la Fuente,
3109254,6360818,Frumales,
3109254,6360819,Fuente de Santa Cruz,
3109254,6360820,Fuente el Olmo de Fuentidueña,
3109254,6360821,Fuente el Olmo de Íscar,
3109254,6360822,Fuentepelayo,
3109254,6360823,Fuentepiñel,
3109254,6360824,Fuenterrebollo,
3109254,6360825,Fuentesaúco de Fuentidueña,
3109254,6360826,Fuentesoto,
3109254,6360827,Fuentidueña,
3109254,6360828,Gallegos,
3109254,6360829,Garcillán,
3109254,6360830,Gomezserracín,
3109254,6360831,Grajera,
3109254,6360832,Honrubia de la Cuesta,
3109254,6360833,Hontalbilla,
3109254,6360834,Hontanares de Eresma,
3109254,6360835,"Huertos, Los",
3109254,6360836,Ituero y Lama,
3109254,6360837,Juarros de Riomoros,
3109254,6360838,Juarros de Voltoya,
3109254,6360839,Labajos,
3109254,6360840,Laguna de Contreras,
3109254,6360841,Languilla,
3109254,6360842,Lastras de Cuéllar,
3109254,6360843,Lastras del Pozo,
3109254,6360844,"Lastrilla, La",
3109254,6360845,"Losa, La",
3109254,6360846,Maderuelo,
3109254,6360952,Marazoleja,
3109254,6360847,Marazuela,
3109254,6360848,Martín Miguel,
3109254,6360849,Martín Muñoz de la Dehesa,
3109254,6360850,Martín Muñoz de las Posadas,
3109254,6360851,Marugán,
3109254,6360853,Mata de Cuéllar,
3109254,6360852,Matabuena,
3109254,6360854,"Matilla, La",
3109254,6360855,Melque de Cercos,
3109254,6360856,Membibre de la Hoz,
3109254,6360857,Migueláñez,
3109254,6360858,Montejo de Arévalo,
3109254,6360859,Montejo de la Vega de la Serrezuela,
3109254,6360860,Monterrubio,
3109254,6360861,Moral de Hornuez,
3109254,6360862,Mozoncillo,
3109254,6360863,Muñopedro,
3109254,6360864,Muñoveros,
3109254,6360865,Nava de la Asunción,
3109254,6360866,Navafría,
3109254,6360867,Navalilla,
3109254,6360868,Navalmanzano,
3109254,6360869,Navares de Ayuso,
3109254,6360870,Navares de Enmedio,
3109254,6360871,Navares de las Cuevas,
3109254,6360872,Navas de Oro,
3109254,6360953,Navas de Riofrío,
3109254,6360873,Navas de San Antonio,
3109254,6360874,Nieva,
3109254,6360875,Olombrada,
3109254,6360876,Orejana,
3109254,6360877,Ortigosa de Pestaño,
3109254,6360950,Ortigosa del Monte,
3109254,6360878,Otero de Herreros,
3109254,6360879,Pajarejos,
3109254,6360880,Palazuelos de Eresma,
3109254,6360881,Pedraza,
3109254,6360882,Pelayos del Arroyo,
3109254,6360883,Perosillo,
3109254,6360884,Pinarejos,
3109254,6360885,Pinarnegrillo,
3109254,6360886,Pradales,
3109254,6360887,Prádena,
3109254,6360888,Puebla de Pedraza,
3109254,6360889,Rapariegos,
3109254,6360903,Real Sitio de San Ildefonso,
3109254,6360890,Rebollo,
3109254,6360891,Remondo,
3109254,6360892,Riaguas de San Bartolomé,
3109254,6360893,Riaza,
3109254,6360894,Ribota,
3109254,6360895,Riofrío de Riaza,
3109254,6360896,Roda de Eresma,
3109254,6360897,Sacramenia,
3109254,6360898,Samboal,
3109254,6360899,San Cristóbal de Cuéllar,
3109254,6360900,San Cristóbal de la Vega,
3109254,6360955,San Cristóbal de Segovia,
3109254,6360904,San Martín y Mudrián,
3109254,6360905,San Miguel de Bernuy,
3109254,6360906,San Pedro de Gaíllos,
3109254,6360901,Sanchonuño,
3109254,6360902,Sangarcía,
3109254,6360907,Santa María la Real de Nieva,
3109254,6360908,Santa Marta del Cerro,
3109254,6360909,Santiuste de Pedraza,
3109254,6360910,Santiuste de San Juan Bautista,
3109254,6360911,Santo Domingo de Pirón,
3109254,6360912,Santo Tomé del Puerto,
3109254,6360913,Sauquillo de Cabezas,
3109254,6360914,Sebúlcor,
3109254,6360915,Segovia,
3109254,6360916,Sepúlveda,
3109254,6360917,Sequera de Fresno,
3109254,6360918,Sotillo,
3109254,6360919,Sotosalbos,
3109254,6360920,Tabanera la Luenga,
3109254,6360921,Tolocirio,
3109254,6360926,Torre Val de San Pedro,
3109254,6360922,Torreadrada,
3109254,6360923,Torrecaballeros,
3109254,6360924,Torrecilla del Pinar,
3109254,6360925,Torreiglesias,
3109254,6360927,Trescasas,
3109254,6360928,Turégano,
3109254,6360929,Urueñas,
3109254,6360930,Valdeprados,
3109254,6360931,Valdevacas de Montejo,
3109254,6360932,Valdevacas y Guijar,
3109254,6360936,Valle de Tabladillo,
3109254,6360937,Vallelado,
3109254,6360938,Valleruela de Pedraza,
3109254,6360939,Valleruela de Sepúlveda,
3109254,6360933,Valseca,
3109254,6360934,Valtiendas,
3109254,6360935,Valverde del Majano,
3109254,6360940,Veganzones,
3109254,6360941,Vegas de Matute,
3109254,6360942,Ventosilla y Tejadilla,
3109254,6360943,Villacastín,
3109254,6360944,Villaverde de Íscar,
3109254,6360945,Villaverde de Montejo,
3109254,6360946,Villeguillo,
3109254,6360947,Yanguas de Eresma,
3109254,6360948,Zarzuela del Monte,
3109254,6360949,Zarzuela del Pinar,
3109716,6360648,Alfoz de Lloredo,
3109716,6360649,Ampuero,
3109716,6360650,Anievas,
3109716,6360651,Arenas de Iguña,
3109716,6360652,Argoños,
3109716,6360653,Arnuero,
3109716,6360654,Arredondo,
3109716,6360656,Bárcena de Cicero,
3109716,6360657,Bárcena de Pie de Concha,
3109716,6360658,Bareyo,
3109716,6360659,Cabezón de la Sal,
3109716,6360660,Cabezón de Liébana,
3109716,6360661,Cabuérniga,
3109716,6360662,Camaleño,
3109716,6360663,Camargo,
3109716,6360674,Campoo de Enmedio,
3109716,6360664,Campoo de Yuso,
3109716,6360665,Cartes,
3109716,6360666,Castañeda,
3109716,6360667,Castro-Urdiales,
3109716,6360668,Cieza,
3109716,6360669,Cillorigo de Liébana,
3109716,6360670,Colindres,
3109716,6360671,Comillas,
3109716,6360672,"Corrales de Buelna, Los",
3109716,6360673,Corvera de Toranzo,
3109716,6360655,El Astillero,
3109716,6360675,Entrambasaguas,
3109716,6360676,Escalante,
3109716,6360677,Guriezo,
3109716,6360678,Hazas de Cesto,
3109716,6360679,Hermandad de Campoo de Suso,
3109716,6360680,Herrerías,
3109716,6360681,Lamasón,
3109716,6360682,Laredo,
3109716,6360683,Liendo,
3109716,3118443,Liérganes,
3109716,6360684,Limpias,
3109716,6360685,Luena,
3109716,6360686,Marina de Cudeyo,
3109716,6360687,Mazcuerras,
3109716,6360688,Medio Cudeyo,
3109716,6360689,Meruelo,
3109716,6360690,Miengo,
3109716,6360691,Miera,
3109716,6360692,Molledo,
3109716,6360693,Noja,
3109716,6360694,Penagos,
3109716,6360695,Peñarrubia,
3109716,6360696,Pesaguero,
3109716,6360697,Pesquera,
3109716,3113577,Piélagos,
3109716,6360698,Polaciones,
3109716,6360699,Polanco,
3109716,6360700,Potes,
3109716,6360701,Puente Viesgo,
3109716,6360702,Ramales de la Victoria,
3109716,6360703,Rasines,
3109716,6360704,Reinosa,
3109716,6360705,Reocín,
3109716,6360706,Ribamontán al Mar,
3109716,6360707,Ribamontán al Monte,
3109716,6360708,Rionansa,
3109716,6360709,Riotuerto,
3109716,6360710,"Rozas de Valdearroyo, Las",
3109716,6360711,Ruente,
3109716,6360712,Ruesga,
3109716,6360713,Ruiloba,
3109716,6360714,San Felices de Buelna,
3109716,6360715,San Miguel de Aguayo,
3109716,6360716,San Pedro del Romeral,
3109716,6360717,San Roque de Riomiera,
3109716,6360725,San Vicente de la Barquera,
3109716,6360718,Santa Cruz de Bezana,
3109716,6360719,Santa María de Cayón,
3109716,6360720,Santander,
3109716,6360721,Santillana del Mar,
3109716,6360722,Santiurde de Reinosa,
3109716,6360723,Santiurde de Toranzo,
3109716,6360724,Santoña,
3109716,6360726,Saro,
3109716,6360727,Selaya,
3109716,3108866,Soba,
3109716,6360728,Solórzano,
3109716,6360729,Suances,
3109716,6360730,"Tojos, Los",
3109716,6360731,Torrelavega,
3109716,6360732,Tresviso,
3109716,6360733,Tudanca,
3109716,6360734,Udías,
3109716,6360739,Val de San Vicente,
3109716,6360735,Valdáliga,
3109716,6360736,Valdeolea,
3109716,6360737,Valdeprado del Río,
3109716,6360738,Valderredible,
3109716,6360745,Valle de Villaverde,Villaverde Turtzioz
3109716,6360740,Vega de Liébana,
3109716,6360741,Vega de Pas,
3109716,6360742,Villacarriedo,
3109716,6360743,Villaescusa,
3109716,6360744,Villafufre,
3109716,6360746,Voto,
3111107,6360259,Abusejo,
3111107,6360260,Agallas,
3111107,6360261,Ahigal de los Aceiteros,
3111107,6360262,Ahigal de Villarino,
3111107,6360263,"Alameda de Gardón, La",
3111107,6360264,"Alamedilla, La",
3111107,6360265,Alaraz,
3111107,6360266,Alba de Tormes,
3111107,6360267,Alba de Yeltes,
3111107,6360268,"Alberca, La",
3111107,6360269,"Alberguería de Argañán, La",
3111107,6360270,Alconada,
3111107,6360273,Aldea del Obispo,
3111107,6360271,Aldeacipreste,
3111107,6360272,Aldeadávila de la Ribera,
3111107,6360274,Aldealengua,
3111107,6360275,Aldeanueva de Figueroa,
3111107,6360276,Aldeanueva de la Sierra,
3111107,6360277,Aldearrodrigo,
3111107,6360278,Aldearrubia,
3111107,6360279,Aldeaseca de Alba,
3111107,6360280,Aldeaseca de la Frontera,
3111107,6360281,Aldeatejada,
3111107,6360282,Aldeavieja de Tormes,
3111107,6360283,Aldehuela de la Bóveda,
3111107,6360284,Aldehuela de Yeltes,
3111107,6360285,Almenara de Tormes,
3111107,6362999,Almendra,
3111107,6360286,Anaya de Alba,
3111107,6360287,Añover de Tormes,
3111107,6360288,Arabayona de Mógica,
3111107,6360289,Arapiles,
3111107,6360290,Arcediano,
3111107,6360291,"Arco, El",
3111107,6360292,Armenteros,
3111107,6360294,"Atalaya, La",
3111107,6360295,Babilafuente,
3111107,6360296,Bañobárez,
3111107,6360297,Barbadillo,
3111107,6360298,Barbalos,
3111107,6360299,Barceo,
3111107,6360300,Barruecopardo,
3111107,6360301,"Bastida, La",
3111107,6360302,Béjar,
3111107,6360303,Beleña,
3111107,6360304,Bermellar,
3111107,6360305,Berrocal de Huebra,
3111107,6360306,Berrocal de Salvatierra,
3111107,6360307,Boada,
3111107,6360308,"Bodón, El",
3111107,6360309,Bogajo,
3111107,6360311,Bóveda del Río Almar,
3111107,6360312,Brincones,
3111107,6360313,Buenamadre,
3111107,6360314,Buenavista,
3111107,6360315,"Cabaco, El",
3111107,6360317,"Cabeza de Béjar, La",
3111107,6360318,Cabeza del Caballo,
3111107,6360316,Cabezabellosa de la Calzada,
3111107,6360319,Cabrerizos,
3111107,6360320,Cabrillas,
3111107,6360321,Calvarrasa de Abajo,
3111107,6360322,Calvarrasa de Arriba,
3111107,6360323,"Calzada de Béjar, La",
3111107,6360324,Calzada de Don Diego,
3111107,6360325,Calzada de Valdunciel,
3111107,6360326,Campillo de Azaba,
3111107,6360327,"Campo de Peñaranda, El",
3111107,6360328,Candelario,
3111107,6360329,Canillas de Abajo,
3111107,6360330,Cantagallo,
3111107,6360331,Cantalapiedra,
3111107,6360332,Cantalpino,
3111107,6360333,Cantaracillo,
3111107,6360334,Carbajosa de la Sagrada,
3111107,6360335,Carpio de Azaba,
3111107,6360336,Carrascal de Barregas,
3111107,6360337,Carrascal del Obispo,
3111107,6360338,Casafranca,
3111107,6360339,"Casas del Conde, Las",
3111107,6360340,Casillas de Flores,
3111107,6360341,Castellanos de Moriscos,
3111107,6360427,Castellanos de Villiquera,
3111107,6360342,Castillejo de Martín Viejo,
3111107,6360343,Castraz,
3111107,6360344,Cepeda,
3111107,6360345,Cereceda de la Sierra,
3111107,6360346,Cerezal de Peñahorcada,
3111107,6360347,Cerralbo,
3111107,6360348,"Cerro, El",
3111107,6360349,Cespedosa de Tormes,
3111107,6360357,Chagarcía Medianero,
3111107,6360350,Cilleros de la Bastida,
3111107,6360351,Cipérez,
3111107,6360352,Ciudad Rodrigo,
3111107,6360353,Coca de Alba,
3111107,6360354,Colmenar de Montemayor,
3111107,6360355,Cordovilla,
3111107,6363000,Cristóbal,
3111107,6360356,"Cubo de Don Sancho, El",
3111107,6360358,Dios le Guarde,
3111107,6360359,Doñinos de Ledesma,
3111107,6360360,Doñinos de Salamanca,
3111107,6360361,Ejeme,
3111107,6360363,Encina de San Silvestre,
3111107,6360362,"Encina, La",
3111107,6360364,Encinas de Abajo,
3111107,6360365,Encinas de Arriba,
3111107,6360366,Encinasola de los Comendadores,
3111107,6360367,Endrinal,
3111107,6360368,Escurial de la Sierra,
3111107,6360369,Espadaña,
3111107,6360370,Espeja,
3111107,6360371,Espino de la Orbada,
3111107,6360372,Florida de Liébana,
3111107,6360373,Forfoleda,
3111107,6360374,Frades de la Sierra,
3111107,6360375,"Fregeneda, La",
3111107,6360376,Fresnedoso,
3111107,6360377,Fresno Alhándiga,
3111107,6360378,"Fuente de San Esteban, La",
3111107,6360379,Fuenteguinaldo,
3111107,6360380,Fuenteliante,
3111107,6360381,Fuenterroble de Salvatierra,
3111107,6360382,Fuentes de Béjar,
3111107,6360383,Fuentes de Oñoro,
3111107,6360384,Gajates,
3111107,6360385,Galindo y Perahuy,
3111107,6360386,Galinduste,
3111107,6360387,Galisancho,
3111107,6360388,Gallegos de Argañán,
3111107,6360389,Gallegos de Solmirón,
3111107,6360390,Garcibuey,
3111107,6360391,Garcihernández,
3111107,6360392,Garcirrey,
3111107,6360393,Gejuelo del Barro,
3111107,6360394,Golpejas,
3111107,6360395,Gomecello,
3111107,6360396,Guadramiro,
3111107,6360397,Guijo de Ávila,
3111107,6360398,Guijuelo,
3111107,6360399,Herguijuela de Ciudad Rodrigo,
3111107,6360400,Herguijuela de la Sierra,
3111107,6360401,Herguijuela del Campo,
3111107,6360402,Hinojosa de Duero,
3111107,6360403,Horcajo de Montemayor,
3111107,6360404,Horcajo Medianero,
3111107,6360405,"Hoya, La",
3111107,6360406,Huerta,
3111107,6360407,Iruelos,
3111107,6360408,Ituero de Azaba,
3111107,6360409,Juzbado,
3111107,6360310,La Bouza,
3111107,6360410,Lagunilla,
3111107,6360411,Larrodrigo,
3111107,6360412,Ledesma,
3111107,6360413,Ledrada,
3111107,6360414,Linares de Riofrío,
3111107,6360415,Lumbrales,
3111107,6360417,Machacón,
3111107,6360416,Macotera,
3111107,6360418,Madroñal,
3111107,6360419,"Maíllo, El",
3111107,6360420,Malpartida,
3111107,6360421,Mancera de Abajo,
3111107,6360422,"Manzano, El",
3111107,6360423,Martiago,
3111107,6360425,Martín de Yeltes,
3111107,6360424,Martinamor,
3111107,6360426,Masueco,
3111107,6360428,"Mata de Ledesma, La",
3111107,6360429,Matilla de los Caños del Río,
3111107,6360430,"Maya, La",
3111107,6360431,Membribe de la Sierra,
3111107,6360432,Mieza,
3111107,6360433,"Milano, El",
3111107,6360434,Miranda de Azán,
3111107,6360435,Miranda del Castañar,
3111107,6360436,Mogarraz,
3111107,6360437,Molinillo,
3111107,6360438,Monforte de la Sierra,
3111107,6360439,Monleón,
3111107,6360440,Monleras,
3111107,6360441,Monsagro,
3111107,6360442,Montejo,
3111107,6360443,Montemayor del Río,
3111107,6360444,Monterrubio de Armuña,
3111107,6360445,Monterrubio de la Sierra,
3111107,6360446,Morasverdes,
3111107,6360447,Morille,
3111107,6360448,Moríñigo,
3111107,6360449,Moriscos,
3111107,6360450,Moronta,
3111107,6360451,Mozárbez,
3111107,6360452,Narros de Matalayegua,
3111107,6360454,Nava de Béjar,
3111107,6360455,Nava de Francia,
3111107,6360456,Nava de Sotrobal,
3111107,6360453,Navacarros,
3111107,6360457,Navales,
3111107,6360458,Navalmoral de Béjar,
3111107,6360459,Navamorales,
3111107,6360460,Navarredonda de la Rinconada,
3111107,6360461,Navasfrías,
3111107,6360462,Negrilla de Palencia,
3111107,6360463,Olmedo de Camaces,
3111107,6360464,"Orbada, La",
3111107,6360465,Pajares de la Laguna,
3111107,6360466,Palacios del Arzobispo,
3111107,6360467,Palaciosrubios,
3111107,6360468,Palencia de Negrilla,
3111107,6360469,Parada de Arriba,
3111107,6360470,Parada de Rubiales,
3111107,6360471,Paradinas de San Juan,
3111107,6360472,Pastores,
3111107,6360473,"Payo, El",
3111107,6360474,Pedraza de Alba,
3111107,6360475,Pedrosillo de Alba,
3111107,6360476,Pedrosillo de los Aires,
3111107,6360477,Pedrosillo el Ralo,
3111107,6360478,"Pedroso de la Armuña, El",
3111107,6360479,Pelabravo,
3111107,6360480,Pelarrodríguez,
3111107,6360481,Pelayos,
3111107,6360482,"Peña, La",
3111107,6360483,Peñacaballera,
3111107,6360484,Peñaparda,
3111107,6360485,Peñaranda de Bracamonte,
3111107,6360486,Peñarandilla,
3111107,6360487,Peralejos de Abajo,
3111107,6360488,Peralejos de Arriba,
3111107,6360489,Pereña de la Ribera,
3111107,6360490,Peromingo,
3111107,6360491,Pinedas,
3111107,6360492,"Pino de Tormes, El",
3111107,6360493,Pitiegua,
3111107,6360494,Pizarral,
3111107,6360495,Poveda de las Cintas,
3111107,6360496,Pozos de Hinojo,
3111107,6360497,Puebla de Azaba,
3111107,6360498,Puebla de San Medel,
3111107,6360499,Puebla de Yeltes,
3111107,6360500,Puente del Congosto,
3111107,6360501,Puertas,
3111107,6360502,Puerto de Béjar,
3111107,6360503,Puerto Seguro,
3111107,6360504,Rágama,
3111107,6360505,"Redonda, La",
3111107,6360506,Retortillo,
3111107,6360507,"Rinconada de la Sierra, La",
3111107,6360508,Robleda,
3111107,6360509,Robliza de Cojos,
3111107,6360510,Rollán,
3111107,6360511,Saelices el Chico,
3111107,6360512,"Sagrada, La",
3111107,6360541,"Sahugo, El",
3111107,6360513,Salamanca,
3111107,6360514,Saldeana,
3111107,6360515,Salmoral,
3111107,6360516,Salvatierra de Tormes,
3111107,6360517,San Cristóbal de la Cuesta,
3111107,6360523,San Esteban de la Sierra,
3111107,6360524,San Felices de los Gallegos,
3111107,6360525,San Martín del Castañar,
3111107,6360526,San Miguel de Valero,
3111107,6360293,San Miguel del Robledo,
3111107,6360527,San Morales,
3111107,6360528,San Muñoz,
3111107,6360530,San Pedro de Rozados,
3111107,6360529,San Pedro del Valle,
3111107,6360531,San Pelayo de Guareña,
3111107,6360519,Sanchón de la Ribera,
3111107,6360520,Sanchón de la Sagrada,
3111107,6360521,Sanchotello,
3111107,6360518,Sancti-Spíritus,
3111107,6360522,Sando,
3111107,6360532,Santa María de Sando,
3111107,6360533,Santa Marta de Tormes,
3111107,6360534,Santiago de la Puebla,
3111107,6360535,Santibáñez de Béjar,
3111107,6360536,Santibáñez de la Sierra,
3111107,6360537,Santiz,
3111107,6360538,"Santos, Los",
3111107,6360539,Sardón de los Frailes,
3111107,6360540,Saucelle,
3111107,6360542,Sepulcro-Hilario,
3111107,6360543,Sequeros,
3111107,6360544,Serradilla del Arroyo,
3111107,6360545,Serradilla del Llano,
3111107,6360546,"Sierpe, La",
3111107,6360547,Sieteiglesias de Tormes,
3111107,6360548,Sobradillo,
3111107,6360549,Sorihuela,
3111107,6360550,Sotoserrano,
3111107,6360551,Tabera de Abajo,
3111107,6360552,"Tala, La",
3111107,6360553,Tamames,
3111107,6360554,Tarazona de Guareña,
3111107,6360555,Tardáguila,
3111107,6360556,"Tejado, El",
3111107,6360557,Tejeda y Segoyuela,
3111107,6360558,Tenebrón,
3111107,6360559,Terradillos,
3111107,6360560,Topas,
3111107,6360561,Tordillos,
3111107,6360562,"Tornadizo, El",
3111107,6360563,Torresmenudas,
3111107,6360564,Trabanca,
3111107,6360565,Tremedal de Tormes,
3111107,6360566,Valdecarros,
3111107,6360567,Valdefuentes de Sangusín,
3111107,6360568,Valdehijaderos,
3111107,6360569,Valdelacasa,
3111107,6360570,Valdelageve,
3111107,6360571,Valdelosa,
3111107,6360572,Valdemierque,
3111107,6360573,Valderrodrigo,
3111107,6360574,Valdunciel,
3111107,6360575,Valero,
3111107,6360579,Vallejera de Riofrío,
3111107,6360576,Valsalabroso,
3111107,6360577,Valverde de Valdelacasa,
3111107,6360578,Valverdón,
3111107,6360580,Vecinos,
3111107,6360581,Vega de Tirados,
3111107,6360582,"Veguillas, Las",
3111107,6360583,"Vellés, La",
3111107,6360584,Ventosa del Río Almar,
3111107,6360585,"Vídola, La",
3111107,6360587,Villaflores,Vilaflores
3111107,6360588,Villagonzalo de Tormes,
3111107,6360589,Villalba de los Llanos,
3111107,6360590,Villamayor,
3111107,6360591,Villanueva del Conde,
3111107,6360592,Villar de Argañán,
3111107,6360593,Villar de Ciervo,
3111107,6360594,Villar de Gallimazo,
3111107,6360595,Villar de la Yegua,
3111107,6360596,Villar de Peralonso,
3111107,6360597,Villar de Samaniego,
3111107,6360598,Villares de la Reina,
3111107,6360599,Villares de Yeltes,
3111107,6360600,Villarino de los Aires,
3111107,6360601,Villarmayor,
3111107,6360602,Villarmuerto,
3111107,6360603,Villasbuenas,
3111107,6360604,Villasdardo,
3111107,6360605,Villaseco de los Gamitos,
3111107,6360606,Villaseco de los Reyes,
3111107,6360607,Villasrubias,
3111107,6360608,Villaverde de Guareña,
3111107,6360609,Villavieja de Yeltes,
3111107,6360610,Villoria,
3111107,6360611,Villoruela,
3111107,6360586,Vilvestre,
3111107,6360612,Vitigudino,
3111107,6360613,Yecla de Yeltes,
3111107,6360614,Zamarra,
3111107,6360615,Zamayón,
3111107,6360616,Zarapicos,
3111107,6360617,"Zarza de Pumareda, La",
3111107,6360618,Zorita de la Frontera,
3113208,6360205,Arbo,
3113208,6360234,As Neves,
3113208,6360206,Barro,
3113208,6360207,Bayona,Baiona
3113208,6360208,Bueu,
3113208,6360209,Caldas de Reyes,Caldas de Reis
3113208,6360210,Cambados,
3113208,3126762,Campo Lameiro,
3113208,6360211,Cangas de Morrazo,Cangas
3113208,6360212,"Cañiza, A",
3113208,6360213,Catoira,
3113208,11808025,Cerdedo-Cotobade,
3113208,6360215,Covelo,
3113208,6360216,Crecente,
3113208,6360217,Cuntis,
3113208,6360218,Dozón,
3113208,6360224,El Grove,O Grove
3113208,6360219,"Estrada, A",
3113208,6360220,Forcarey,Forcarei
3113208,6360221,Fornelos de Montes,
3113208,6360222,Golada,Agolada
3113208,6360223,Gondomar,
3113208,6360258,"Illa de Arousa, A",
3113208,6360225,La Guardia,A Guarda
3113208,3119535,Lalín,
3113208,6360226,"Lama, A",
3113208,6360227,Marín,
3113208,6360228,Meaño,
3113208,6360229,Meis,
3113208,6360230,Moaña,
3113208,6360231,Mondariz,
3113208,6360232,Mondariz-Balneario,
3113208,6360233,Moraña,
3113208,3116058,Mos,
3113208,6360235,Nigrán,
3113208,6360246,O Rosal,
3113208,6360236,Oia,
3113208,3114160,Pazos de Borbén,
3113208,6360240,Poio,
3113208,6360242,Ponte Caldelas,
3113208,6360241,Ponteareas,
3113208,6360237,Pontevedra,
3113208,6360238,Porriño,O Porriño
3113208,6360239,Portas,
3113208,6360243,Puentecesures,Pontecesures
3113208,3112153,Redondela,
3113208,6360244,Ribadumia,
3113208,6360245,Rodeiro,
3113208,3111078,Salceda de Caselas,
3113208,6360247,Salvatierra de Miño,Salvaterra de Miño
3113208,6360248,Sanxenxo,
3113208,6360249,Silleda,
3113208,6360250,Soutomaior,
3113208,6360251,Tomiño,
3113208,6360252,Tuy,Tui
3113208,6360253,Valga,
3113208,6360254,Vigo,
3113208,3105678,Vila de Cruces,
3113208,6360255,Vilaboa,
3113208,6360256,Villagarcía de Arosa,Vilagarcía de Arousa
3113208,6360257,Villanueva de Arosa,Vilanova de Arousa
3114530,6359980,Abarca de Campos,
3114530,6359981,Abia de las Torres,
3114530,6359982,Aguilar de Campóo,
3114530,6359983,Alar del Rey,
3114530,6359984,Alba de Cerrato,
3114530,6359985,Amayuelas de Arriba,
3114530,6359986,Ampudia,
3114530,6359987,Amusco,
3114530,6359988,Antigüedad,Antigueedad
3114530,6359989,Arconada,
3114530,6359990,Astudillo,
3114530,6359991,Autilla del Pino,
3114530,6359992,Autillo de Campos,
3114530,6359993,Ayuela,
3114530,6359994,Baltanás,
3114530,6359996,Baquerín de Campos,
3114530,6359997,Bárcena de Campos,
3114530,6359998,Barruelo de Santullán,
3114530,6359999,Báscones de Ojeda,
3114530,6360000,Becerril de Campos,
3114530,6360001,Belmonte de Campos,
3114530,6360002,Berzosilla,
3114530,6360003,Boada de Campos,
3114530,6360005,Boadilla de Rioseco,
3114530,6360004,Boadilla del Camino,
3114530,6360006,Brañosera,
3114530,6360007,Buenavista de Valdavia,
3114530,6360008,Bustillo de la Vega,
3114530,6360009,Bustillo del Páramo de Carrión,
3114530,6360010,Calahorra de Boedo,
3114530,6360011,Calzada de los Molinos,
3114530,6360012,Capillas,
3114530,6360013,Cardeñosa de Volpejera,
3114530,6360014,Carrión de los Condes,
3114530,6360015,Castil de Vela,
3114530,6360016,Castrejón de la Peña,
3114530,6360017,Castrillo de Don Juan,
3114530,6360018,Castrillo de Onielo,
3114530,6360019,Castrillo de Villavega,
3114530,6360020,Castromocho,
3114530,6360021,Cervatos de la Cueza,
3114530,6360022,Cervera de Pisuerga,
3114530,6360023,Cevico de la Torre,
3114530,6360024,Cevico Navero,
3114530,6360025,Cisneros,
3114530,6360026,Cobos de Cerrato,
3114530,6360027,Collazos de Boedo,
3114530,6360028,Congosto de Valdavia,
3114530,6360029,Cordovilla la Real,
3114530,6360030,Cubillas de Cerrato,
3114530,6360031,Dehesa de Montejo,
3114530,6360032,Dehesa de Romanos,
3114530,6360033,Dueñas,
3114530,6360034,Espinosa de Cerrato,
3114530,6360035,Espinosa de Villagonzalo,
3114530,6360036,Frechilla,
3114530,6360037,Fresno del Río,
3114530,6360038,Frómista,
3114530,6360039,Fuentes de Nava,
3114530,6360040,Fuentes de Valdepero,
3114530,6360041,Grijota,
3114530,6360042,Guardo,
3114530,6360043,Guaza de Campos,
3114530,6360044,Hérmedes de Cerrato,
3114530,6360045,Herrera de Pisuerga,
3114530,6360046,Herrera de Valdecañas,
3114530,6360047,Hontoria de Cerrato,
3114530,6360048,Hornillos de Cerrato,
3114530,6360049,Husillos,
3114530,6360050,Itero de la Vega,
3114530,6360051,Lagartos,
3114530,6360052,Lantadilla,
3114530,6360054,Ledigos,
3114530,6360169,Loma de Ucieza,
3114530,6360055,Lomas,
3114530,6360056,Magaz de Pisuerga,
3114530,6360057,Manquillos,
3114530,6360058,Mantinos,
3114530,6360059,Marcilla de Campos,
3114530,6360060,Mazariegos,
3114530,6360061,Mazuecos de Valdeginate,
3114530,6360062,Melgar de Yuso,
3114530,6360063,Meneses de Campos,
3114530,6360064,Micieces de Ojeda,
3114530,6360065,Monzón de Campos,
3114530,6360066,Moratinos,
3114530,6360067,Mudá,
3114530,6360068,Nogal de las Huertas,
3114530,6360069,Olea de Boedo,
3114530,6360070,Olmos de Ojeda,
3114530,6360071,Osornillo,
3114530,6360167,Osorno la Mayor,
3114530,6360072,Palencia,
3114530,6360073,Palenzuela,
3114530,6360074,Páramo de Boedo,
3114530,6360075,Paredes de Nava,
3114530,6360076,Payo de Ojeda,
3114530,6360077,Pedraza de Campos,
3114530,6360078,Pedrosa de la Vega,
3114530,6360079,Perales,
3114530,6360170,"Pernía, La",
3114530,6360081,Piña de Campos,
3114530,6360080,Pino del Río,
3114530,6360082,Población de Arroyo,
3114530,6360083,Población de Campos,
3114530,6360084,Población de Cerrato,
3114530,6360085,Polentinos,
3114530,6360086,Pomar de Valdivia,
3114530,6360087,Poza de la Vega,
3114530,6360088,Pozo de Urama,
3114530,6360089,Prádanos de Ojeda,
3114530,6360090,"Puebla de Valdavia, La",
3114530,6360091,Quintana del Puente,
3114530,6360092,Quintanilla de Onsoña,
3114530,6360093,Reinoso de Cerrato,
3114530,6360094,Renedo de la Vega,
3114530,6360095,Requena de Campos,
3114530,6360096,Respenda de la Peña,
3114530,6360097,Revenga de Campos,
3114530,6360098,Revilla de Collazos,
3114530,6360099,Ribas de Campos,
3114530,6360100,Riberos de la Cueza,
3114530,6360101,Saldaña,
3114530,6360102,Salinas de Pisuerga,
3114530,6360103,San Cebrián de Campos,
3114530,6360104,San Cebrián de Mudá,
3114530,6360105,San Cristóbal de Boedo,
3114530,6360106,San Mamés de Campos,
3114530,6360107,San Román de la Cuba,
3114530,6360108,Santa Cecilia del Alcor,
3114530,6360109,Santa Cruz de Boedo,
3114530,6360110,Santervás de la Vega,
3114530,6360111,Santibáñez de Ecla,
3114530,6360112,Santibáñez de la Peña,
3114530,6360113,Santoyo,
3114530,6360114,"Serna, La",
3114530,6360116,Soto de Cerrato,
3114530,6360115,Sotobañado y Priorato,
3114530,6360117,Tabanera de Cerrato,
3114530,6360118,Tabanera de Valdavia,
3114530,6360119,Támara de Campos,
3114530,6360120,Tariego de Cerrato,
3114530,6360121,Torquemada,
3114530,6360122,Torremormojón,
3114530,6360123,Triollo,
3114530,6360124,Valbuena de Pisuerga,
3114530,6360127,Valde-Ucieza,
3114530,6360125,Valdeolmillos,
3114530,6360126,Valderrábano,
3114530,6360128,Valle de Cerrato,
3114530,6360168,Valle del Retortillo,
3114530,6360129,Velilla del Río Carrión,
3114530,6359995,Venta de Baños,
3114530,6360130,Vertavillo,
3114530,6360053,"Vid de Ojeda, La",
3114530,6360131,Villabasta,Villabasta de Valdavia
3114530,6360132,Villacidaler,
3114530,6360133,Villaconancio,
3114530,6360134,Villada,
3114530,6360135,Villaeles de Valdavia,
3114530,6360136,Villahán,
3114530,6360137,Villaherreros,
3114530,6360138,Villalaco,
3114530,6360139,Villalba de Guardo,
3114530,6360140,Villalcázar de Sirga,
3114530,6360141,Villalcón,
3114530,6360142,Villalobón,
3114530,6360143,Villaluenga de la Vega,
3114530,6360144,Villamartín de Campos,
3114530,6360145,Villamediana,
3114530,6360146,Villameriel,
3114530,6360147,Villamoronta,
3114530,6360148,Villamuera de la Cueza,
3114530,6360149,Villamuriel de Cerrato,
3114530,6360150,Villanueva del Rebollar,
3114530,6360151,Villanuño de Valdavia,
3114530,6360152,Villaprovedo,
3114530,6360153,Villarmentero de Campos,
3114530,6360154,Villarrabé,
3114530,6360155,Villarramiel,
3114530,6360156,Villasarracino,
3114530,6360157,Villasila de Valdavia,
3114530,6360158,Villaturde,
3114530,6360159,Villaumbrales,
3114530,6360160,Villaviudas,
3114530,6360161,Villerías de Campos,
3114530,6360162,Villodre,
3114530,6360163,Villodrigo,
3114530,6360164,Villoldo,
3114530,6360165,Villota del Páramo,
3114530,6360166,Villovieco,
3114964,6362998,Allariz,
3114964,6359820,Amoeiro,
3114964,6359821,"Arnoia, A",
3114964,6359822,Avión,
3114964,6359823,Baltar,
3114964,6359824,Bande,
3114964,6359825,Baños de Molgas,
3114964,6359826,Barbadás,
3114964,6359827,"Barco de Valdeorras, O",
3114964,6359828,Beade,
3114964,6359829,Beariz,
3114964,6359830,"Blancos, Os",
3114964,6359831,Boborás,
3114964,6359832,"Bola, A",
3114964,6359833,"Bolo, O",
3114964,6359834,Calvos de Randín,
3114964,6359836,Carballeda de Avia,
3114964,6359835,Carballeda de Valdeorras,
3114964,6359837,"Carballiño, O",
3114964,6359838,Cartelle,
3114964,6359840,Castrelo de Miño,
3114964,6359839,Castrelo del Valle,Castrelo do Val
3114964,6359841,Castro Caldelas,
3114964,6359842,Celanova,
3114964,6359843,Cenlle,
3114964,6359847,Chandreja de Queija,Chandrexa de Queixa
3114964,6359844,Coles,
3114964,6359845,Cortegada,
3114964,6359846,Cualedro,
3114964,6359848,Entrimo,
3114964,6359849,Esgos,
3114964,6359850,Ginzo de Limia,Xinzo de Limia
3114964,6359851,Gomesende,
3114964,6359852,"Gudiña, A",
3114964,6359853,"Irixo, O",
3114964,6359855,Junquera de Espadañedo,Xunqueira de Espadanedo
3114964,6359866,La Mezquita,A Mezquita
3114964,6359899,La Vega,A Veiga
3114964,6359856,Larouco,
3114964,6359857,Laza,
3114964,6359858,Leiro,
3114964,6359859,Lobeira,
3114964,6359860,Lobios,
3114964,6359861,Maceda,
3114964,6359862,Manzaneda,
3114964,6359863,Maside,
3114964,6359864,Melón,
3114964,6359865,"Merca, A",
3114964,6359867,Montederramo,
3114964,6359868,Monterrey,Monterrei
3114964,6359869,Muíños,
3114964,6359870,Nogueira de Ramuín,
3114964,6359871,Oímbra,
3114964,6359872,Ourense,
3114964,3114665,Paderne de Allariz,
3114964,6359873,Padrenda,
3114964,6359874,Parada de Sil,
3114964,6359875,"Pereiro de Aguiar, O",
3114964,6359876,"Peroxa, A",
3114964,6359877,Petín,
3114964,6359878,Piñor,
3114964,6359880,"Pobra de Trives, A",
3114964,6359879,Porquera,Porqueira
3114964,6359881,Puentedeva,Pontedeva
3114964,6359882,Punxín,
3114964,6359883,Quintela de Leirado,
3114964,6359884,Rairiz de Veiga,
3114964,6359885,Ramirás,
3114964,6359886,Ribadavia,
3114964,6359888,Riós,
3114964,6359889,"Rúa, A",
3114964,6359890,Rubiá,
3114964,6359891,San Amaro,
3114964,6359892,San Cibrao das Viñas,
3114964,3110731,San Cristóbal de Cea,San Cristovo de Cea
3114964,6359887,San Xoán de Río,
3114964,6359893,Sandiás,
3114964,6359894,Sarreaus,
3114964,6359895,Taboadela,
3114964,6359896,"Teixeira, A",
3114964,6359897,Toén,
3114964,6359898,Trasmiras,
3114964,6359900,Verea,
3114964,6359901,Verín,
3114964,6359902,Viana del Bollo,Viana do Bolo
3114964,6359903,Vilamarín,
3114964,6359904,Vilamartín de Valdeorras,
3114964,6359907,Vilardevós,
3114964,6359908,Vilariño de Conso,
3114964,6359905,Villar de Barrio,Vilar de Barrio
3114964,6359906,Villar de Santos,Vilar de Santos
3114964,6359854,Xunqueira de Ambía,
3117813,6359165,Abadín,
3117813,3130392,Alfoz,
3117813,3129963,Antas de Ulla,
3117813,6359166,Baleira,
3117813,6359225,Baralla,
3117813,6359167,Barreiros,
3117813,6359168,Becerreá,
3117813,6359169,Begonte,
3117813,6359170,Bóveda,
3117813,6359226,Burela,
3117813,6359171,Carballedo,
3117813,6359172,Castro de Rey,Castro de Rei
3117813,6359173,Castroverde,
3117813,6359174,Cervantes,
3117813,6355242,Cervo,
3117813,6359177,Chantada,
3117813,6359175,"Corgo, O",
3117813,6359176,Cospeito,
3117813,6359178,Folgoso de Caurel,Folgoso do Courel
3117813,6359179,"Fonsagrada, A",
3117813,6359180,Foz,
3117813,6359181,Friol,
3117813,6359183,Guitiriz,
3117813,6359184,Guntín,
3117813,6359185,"Incio, O",
3117813,6359187,Láncara,
3117813,6359188,Lourenzá,
3117813,6359189,Lugo,
3117813,6359190,Meira,
3117813,6359191,Mondoñedo,
3117813,6359192,Monforte de Lemos,
3117813,6359193,Monterroso,
3117813,6359194,Muras,
3117813,6359195,Navia de Suarna,
3117813,6359196,Negueira de Muñiz,
3117813,6359197,"Nogais, As",
3117813,6359198,Orol,Ourol
3117813,6359199,Otero de Rey,Outeiro de Rei
3117813,6359200,Palas de Rey,Palas de Rei
3117813,6359201,Pantón,
3117813,6359202,Paradela,
3117813,3114318,"Páramo, O",
3117813,6359203,"Pastoriza, A",
3117813,6359204,Piedrafita,Pedrafita do Cebreiro
3117813,6359205,Pol,
3117813,6359207,"Pontenova, A",
3117813,6359208,Portomarín,
3117813,6359206,Puebla de Brollón,"Pobra do Brollón, A"
3117813,6359209,Quiroga,
3117813,6359215,Rábade,
3117813,6359210,Ribadeo,
3117813,6359211,Ribas del Sil,Ribas de Sil
3117813,6359212,Ribeira de Piquín,
3117813,6359213,Riotorto,
3117813,6359214,Samos,
3117813,6359216,Sarria,
3117813,3109310,Saviñao,O Saviñao
3117813,6359217,Sober,
3117813,6359218,Taboada,
3117813,6359219,Trabada,
3117813,6359220,Triacastela,
3117813,6359221,"Valadouro, O",
3117813,6359222,"Vicedo, O",
3117813,6359223,Villalba,Vilalba
3117813,6359224,Vivero,Viveiro
3117813,6359182,Xermade,
3117813,6359186,Xove,
3118528,6358552,Acebedo,Acebéu
3118528,6358553,Algadefe,
3118528,6358554,Alija del Infantado,
3118528,6358555,Almanza,
3118528,6358556,"Antigua, La",
3118528,6358557,Ardón,
3118528,6358558,Arganza,
3118528,6358559,Astorga,Estorga
3118528,6358560,Balboa,Valboa
3118528,6358561,"Bañeza, La",
3118528,6358562,Barjas,Barxas
3118528,6358563,"Barrios de Luna, Los",
3118528,6358564,Bembibre,
3118528,6358565,Benavides,
3118528,6358566,Benuza,
3118528,6358567,Bercianos del Páramo,
3118528,6358568,Bercianos del Real Camino,
3118528,6358569,Berlanga del Bierzo,
3118528,6358570,Boca de Huérgano,
3118528,6358571,Boñar,
3118528,6358572,Borrenes,
3118528,6358573,Brazuelo,
3118528,6358574,"Burgo Ranero, El",
3118528,6358575,Burón,
3118528,6358576,Bustillo del Páramo,
3118528,6358577,Cabañas Raras,
3118528,6358578,Cabreros del Río,
3118528,6358579,Cabrillanes,
3118528,6358580,Cacabelos,
3118528,6358581,Calzada del Coto,
3118528,6358582,Campazas,
3118528,6358583,Campo de Villavidel,
3118528,6358584,Camponaraya,Camponaraia
3118528,6358586,Cármenes,
3118528,6358587,Carracedelo,
3118528,6358588,Carrizo,
3118528,6358589,Carrocera,
3118528,6358590,Carucedo,
3118528,6358591,Castilfalé,
3118528,6358592,Castrillo de Cabrera,Castriellu
3118528,6358593,Castrillo de la Valduerna,
3118528,6358594,Castrocalbón,
3118528,6358595,Castrocontrigo,
3118528,6358596,Castropodame,
3118528,6358597,Castrotierra de Valmadrigal,
3118528,6362995,Cea,
3118528,6358598,Cebanico,
3118528,6358599,Cebrones del Río,
3118528,6358611,Chozas de Abajo,
3118528,6358600,Cimanes de la Vega,
3118528,6358601,Cimanes del Tejar,
3118528,6358602,Cistierna,
3118528,6358603,Congosto,
3118528,6358604,Corbillos de los Oteros,
3118528,6358605,Corullón,
3118528,6358606,Crémenes,
3118528,6358607,Cuadros,
3118528,6358608,Cubillas de los Oteros,
3118528,6358609,Cubillas de Rueda,
3118528,6358610,Cubillos del Sil,
3118528,6358612,Destriana,
3118528,6358613,Encinedo,Encinéu
3118528,6358614,"Ercina, La",
3118528,6358615,Escobar de Campos,
3118528,6358616,Fabero,Fabeiro
3118528,6358617,Folgoso de la Ribera,
3118528,6358618,Fresno de la Vega,
3118528,6358619,Fuentes de Carbajal,
3118528,6358620,Garrafe de Torío,
3118528,6358621,Gordaliza del Pino,
3118528,6358622,Gordoncillo,
3118528,6358623,Gradefes,
3118528,6358624,Grajal de Campos,
3118528,6358625,Gusendos de los Oteros,
3118528,6358626,Hospital de Órbigo,
3118528,6358627,Igüeña,Igueena
3118528,6358628,Izagre,
3118528,6358629,Joarilla de las Matas,
3118528,6358630,Laguna Dalga,
3118528,6358631,Laguna de Negrillos,
3118528,6362996,León,Lleó
3118528,6358634,Llamas de la Ribera,
3118528,6358632,Lucillo,
3118528,6358633,Luyego,
3118528,6358635,Magaz de Cepeda,
3118528,6358636,Mansilla de las Mulas,
3118528,6358637,Mansilla Mayor,
3118528,6358638,Maraña,
3118528,6358639,Matadeón de los Oteros,
3118528,6358640,Matallana de Torío,
3118528,6358641,Matanza,
3118528,6358642,Molinaseca,
3118528,6358643,Murias de Paredes,
3118528,6358644,Noceda del Bierzo,
3118528,6358645,Oencia,
3118528,6358646,"Omañas, Las",
3118528,6358647,Onzonilla,
3118528,6358648,Oseja de Sajambre,Oseya de Sayambre
3118528,6358649,Pajares de los Oteros,
3118528,6358650,Palacios de la Valduerna,
3118528,6358651,Palacios del Sil,
3118528,6358652,Páramo del Sil,
3118528,6358653,Peranzanes,Peranzais
3118528,6358654,Pobladura de Pelayo García,
3118528,6358655,"Pola de Gordón, La",
3118528,6358656,Ponferrada,
3118528,6358657,Posada de Valdeón,
3118528,6358658,Pozuelo del Páramo,
3118528,6358659,Prado de la Guzpeña,
3118528,6358660,Priaranza del Bierzo,Priaranza|Priaranza do Bierzo
3118528,6358661,Prioro,Prioru
3118528,6358662,Puebla de Lillo,
3118528,6358663,Puente de Domingo Flórez,
3118528,6358664,Quintana del Castillo,
3118528,6358665,Quintana del Marco,
3118528,6358666,Quintana y Congosto,
3118528,6358667,Regueras de Arriba,
3118528,6358668,Reyero,
3118528,6358669,Riaño,
3118528,6358670,Riego de la Vega,
3118528,6358671,Riello,
3118528,6358672,Rioseco de Tapia,
3118528,6358673,"Robla, La",
3118528,6358674,Roperuelos del Páramo,
3118528,6358675,Sabero,
3118528,6358676,Sahagún,
3118528,6358677,San Adrián del Valle,
3118528,6358678,San Andrés del Rabanedo,
3118528,6358680,San Cristóbal de la Polantera,
3118528,6358681,San Emiliano,Santu Michanu
3118528,6358682,San Esteban de Nogales,
3118528,6358683,San Justo de la Vega,
3118528,6358684,San Millán de los Caballeros,
3118528,6358685,San Pedro Bercianos,
3118528,6358679,Sancedo,Sancéu
3118528,6358686,Santa Colomba de Curueño,
3118528,6358687,Santa Colomba de Somoza,
3118528,6358688,Santa Cristina de Valmadrigal,
3118528,6358689,Santa Elena de Jamuz,
3118528,6358690,Santa María de la Isla,
3118528,6358693,Santa María de Ordás,
3118528,6358691,Santa María del Monte de Cea,
3118528,6358692,Santa María del Páramo,
3118528,6358694,Santa Marina del Rey,
3118528,6358695,Santas Martas,
3118528,6358696,Santiago Millas,
3118528,6358697,Santovenia de la Valdoncina,
3118528,6358698,Sariegos,
3118528,6358699,Sena de Luna,Sena de Ḷḷuna
3118528,6358700,Sobrado,
3118528,6358701,Soto de la Vega,
3118528,6358702,Soto y Amío,
3118528,6358703,Toral de los Guzmanes,
3118528,6358736,Toral de los Vados,Toural dos Vaos
3118528,6358704,Toreno,
3118528,6358705,Torre del Bierzo,
3118528,6358706,Trabadelo,
3118528,6358707,Truchas,
3118528,6358708,Turcia,
3118528,6358709,Urdiales del Páramo,
3118528,6358720,Val de San Lorenzo,
3118528,6358710,Valdefresno,
3118528,6358711,Valdefuentes del Páramo,
3118528,6358712,Valdelugueros,
3118528,6358713,Valdemora,
3118528,6358714,Valdepiélago,
3118528,6358715,Valdepolo,
3118528,6358716,Valderas,
3118528,6358717,Valderrey,
3118528,6358718,Valderrueda,
3118528,6358719,Valdesamario,Valdesamariu
3118528,6358721,Valdevimbre,Valdebimbre
3118528,6358722,Valencia de Don Juan,Coyanza
3118528,6358585,Valle de Ancares,
3118528,6358725,Vallecillo,
3118528,6358723,Valverde de la Virgen,
3118528,6358724,Valverde-Enrique,
3118528,6358726,"Vecilla, La",
3118528,6358728,Vega de Espinareda,A Veiga de Espiñareda
3118528,6358729,Vega de Infanzones,
3118528,6358730,Vega de Valcarce,A Veiga de Valcarce|A Veiga do Valcarce
3118528,6358727,Vegacervera,
3118528,6358731,Vegaquemada,
3118528,6358732,Vegas del Condado,
3118528,6358733,Villablino,Viḷḷablinu
3118528,6358734,Villabraz,
3118528,6358735,Villadangos del Páramo,
3118528,6358737,Villademor de la Vega,
3118528,6358738,Villafranca del Bierzo,Vilafranca do Bierzo
3118528,6358739,Villagatón,
3118528,6358741,Villamañán,
3118528,6358740,Villamandos,
3118528,6358759,Villamanín,
3118528,6358742,Villamartín de Don Sancho,
3118528,6358743,Villamejil,Villamegil
3118528,6358744,Villamol,
3118528,6358745,Villamontán de la Valduerna,
3118528,6358746,Villamoratiel de las Matas,
3118528,6358747,Villanueva de las Manzanas,
3118528,6358748,Villaobispo de Otero,
3118528,6358760,Villaornate y Castro,
3118528,6358749,Villaquejida,
3118528,6358750,Villaquilambre,
3118528,6358751,Villarejo de Órbigo,
3118528,6358752,Villares de Órbigo,
3118528,6358753,Villasabariego,
3118528,6358754,Villaselán,
3118528,6358755,Villaturiel,
3118528,6358756,Villazala,
3118528,6358757,Villazanzo de Valderaduey,
3118528,6358758,Zotes del Páramo,
3119840,6357300,A Coruña,
3119840,6357271,Abegondo,
3119840,6357272,Ames,
3119840,6357273,Aranga,
3119840,6357274,Ares,
3119840,6357275,Arteijo,Arteixo
3119840,6357276,Arzúa,
3119840,6357277,"Baña, A",
3119840,6357278,Bergondo,
3119840,6357279,Betanzos,
3119840,6357280,Boimorto,
3119840,6357281,Boiro,
3119840,6357282,Boqueijón,Boqueixón
3119840,6357283,Brión,
3119840,6357284,Cabana de Bergantiños,
3119840,6357285,Cabanas,
3119840,6357286,Camariñas,
3119840,6357287,Cambre,
3119840,6357288,"Capela, A",
3119840,6357289,Carballo,
3119840,6357361,Cariño,
3119840,6357290,Carnota,
3119840,6357291,Carral,
3119840,6357292,Cedeira,
3119840,6357293,Cee,
3119840,6357294,Cerceda,
3119840,6357295,Cerdido,
3119840,6357297,Coirós,
3119840,6357298,Corcubión,
3119840,6357299,Coristanco,
3119840,6357301,Culleredo,
3119840,6357302,Curtis,
3119840,6357303,Dodro,
3119840,6357304,Dumbría,
3119840,6357305,Fene,
3119840,6357306,Ferrol,
3119840,6357307,Finisterre,Fisterra
3119840,6534001,Frades,
3119840,6357308,Irijoa,Irixoa
3119840,6357309,Lage,Laxe
3119840,6357310,"Laracha, A",
3119840,6357311,Lousame,
3119840,6357312,Malpica de Bergantiños,
3119840,6357313,Mañón,
3119840,6357314,Mazaricos,
3119840,6357315,Mellid,Melide
3119840,6357316,Mesía,
3119840,6357317,Miño,
3119840,6357318,Moeche,
3119840,6357319,Monfero,
3119840,6357320,Mugardos,
3119840,6357322,Muros,
3119840,6357321,Muxía,
3119840,6357323,Narón,
3119840,6357324,Neda,
3119840,6357325,Negreira,
3119840,6357326,Noya,Noia
3119840,6357327,Oleiros,
3119840,6357328,Órdenes,Ordes
3119840,6357329,Oroso,
3119840,6357330,Ortigueira,
3119840,6357331,Outes,
3119840,11395791,Oza-Cesuras,
3119840,6362992,Paderne,
3119840,6357333,Padrón,
3119840,6357334,"Pino, O",
3119840,6357335,Pobra do Caramiñal,
3119840,6357338,"Pontes de García Rodríguez, As",
3119840,6357336,Puenteceso,Ponteceso
3119840,6357337,Puentedeume,Pontedeume
3119840,6357339,Puerto del Son,Porto do Son
3119840,6357340,Rianjo,Rianxo
3119840,6357341,Riveira,Ribeira
3119840,6357342,Rois,
3119840,6357343,Sada,
3119840,6357344,San Sadurniño,
3119840,6357345,Santa Comba,
3119840,6357346,Santiago de Compostela,Santiago de Compostel·la
3119840,6357347,Santiso,
3119840,6357348,Sobrado,
3119840,6357349,"Somozas, As",
3119840,6357350,Teo,
3119840,3107987,Toques,
3119840,6357351,Tordoia,
3119840,6357352,Touro,
3119840,6357353,Trazo,
3119840,6357354,Valdoviño,
3119840,6357355,Valle del Dubra,Val do Dubra
3119840,6357356,Vedra,
3119840,6357357,Vilasantar,
3119840,6357358,Villarmayor,Vilarmaior
3119840,6357359,Vimianzo,
3119840,6357360,Zas,
3120513,6358256,Abiego,
3120513,6358257,Abizanda,
3120513,6358258,Adahuesca,
3120513,6358259,Agüero,Agueero
3120513,6358453,Aínsa-Sobrarbe,
3120513,6358260,Aisa,
3120513,6358261,Albalate de Cinca,
3120513,6358262,Albalatillo,
3120513,6358263,Albelda,
3120513,6358264,Albero Alto,
3120513,6358265,Albero Bajo,
3120513,6358266,Alberuela de Tubo,
3120513,6358267,Alcalá de Gurrea,
3120513,6358268,Alcalá del Obispo,
3120513,6358269,Alcampell,
3120513,6358270,Alcolea de Cinca,
3120513,6358271,Alcubierre,
3120513,6358272,Alerre,
3120513,6358273,Alfántega,
3120513,6358274,Almudévar,
3120513,6358275,Almunia de San Juan,
3120513,6358276,Almuniente,
3120513,6358277,Alquézar,
3120513,6358278,Altorricón,
3120513,6358279,Angüés,Anguees
3120513,6358280,Ansó,
3120513,6358281,Antillón,
3120513,6358282,Aragüés del Puerto,Araguees del Puerto
3120513,6358283,Arén,Areny de Noguera / Arén|Areny de Noguera
3120513,6358284,Argavieso,
3120513,6358285,Arguis,
3120513,6358286,Ayerbe,
3120513,6358287,Azanuy-Alins,
3120513,6358288,Azara,
3120513,6358289,Azlor,
3120513,6358290,Baells,
3120513,6358291,Bailo,
3120513,6358292,Baldellou,
3120513,6358293,Ballobar,Vallobar
3120513,6358294,Banastás,
3120513,6358295,Barbastro,
3120513,6358296,Barbués,
3120513,6358297,Barbuñales,
3120513,6358298,Bárcabo,
3120513,6358299,Belver de Cinca,
3120513,6358300,Benabarre,
3120513,6358301,Benasque,
3120513,6358438,Beranuy,Beranui
3120513,6358302,Berbegal,
3120513,6358303,Bielsa,
3120513,6358304,Bierge,
3120513,6358305,Biescas,
3120513,6358306,Binaced,
3120513,6358307,Binéfar,
3120513,6358308,Bisaurri,Bissaürri
3120513,6358309,Biscarrués,
3120513,6358310,Blecua y Torres,
3120513,6358311,Boltaña,
3120513,6358312,Bonansa,
3120513,6358313,Borau,
3120513,6358314,Broto,
3120513,6358315,Caldearenas,
3120513,6362993,Campo,
3120513,6358316,Camporrells,
3120513,6358317,Canal de Berdún,
3120513,6358318,Candasnos,
3120513,6358319,Canfranc,
3120513,6358320,Capdesaso,
3120513,6358321,Capella,
3120513,6358322,Casbas de Huesca,
3120513,6358324,Castejón de Monegros,
3120513,6358325,Castejón de Sos,
3120513,6358323,Castejón del Puente,
3120513,6358326,Castelflorite,
3120513,6358327,Castiello de Jaca,
3120513,6358328,Castigaleu,
3120513,6358329,Castillazuelo,
3120513,6358330,Castillonroy,
3120513,6358332,Chalamera,
3120513,6358333,Chía,
3120513,6358334,Chimillas,
3120513,6358331,Colungo,
3120513,6358335,Esplús,
3120513,6358336,Estada,
3120513,6358337,Estadilla,
3120513,6358338,Estopiñán del Castillo,
3120513,6358339,Fago,
3120513,6358340,Fanlo,
3120513,6358341,Fiscal,
3120513,6358342,Fonz,
3120513,6358343,Foradada del Toscar,
3120513,6358344,Fraga,
3120513,6358345,"Fueva, La",
3120513,6358346,Gistaín,
3120513,6358347,"Grado, El",
3120513,6358348,Grañén,
3120513,6358349,Graus,
3120513,6358350,Gurrea de Gállego,
3120513,6358351,Hoz de Jaca,
3120513,6358454,Hoz y Costean,
3120513,6355239,Huerto,
3120513,6358352,Huesca,
3120513,6358353,Ibieca,
3120513,6358354,Igriés,
3120513,6358355,Ilche,
3120513,6358356,Isábena,
3120513,6358357,Jaca,
3120513,6358358,Jasa,
3120513,6358359,Labuerda,
3120513,6358360,Laluenga,
3120513,6358361,Lalueza,
3120513,6358362,Lanaja,
3120513,6358363,Laperdiguera,
3120513,6358364,Lascellas-Ponzano,
3120513,6358365,Lascuarre,
3120513,6358366,Laspaúles,
3120513,6358367,Laspuña,
3120513,6358368,Loarre,
3120513,6358369,Loporzano,
3120513,6358370,Loscorrales,
3120513,6358451,Lupiñén-Ortilla,
3120513,6358371,Monesma y Cajigar,
3120513,6358372,Monflorite-Lascasas,
3120513,6358373,Montanuy,
3120513,6358374,Monzón,Montsó
3120513,6358375,Naval,
3120513,6358376,Novales,
3120513,6358377,Nueno,
3120513,6358378,Olvena,
3120513,6358379,Ontiñena,
3120513,6358380,Osso de Cinca,
3120513,6358381,Palo,
3120513,6358382,Panticosa,
3120513,6358383,Peñalba,
3120513,6358384,"Peñas de Riglos, Las",
3120513,6358385,Peralta de Alcofea,
3120513,6358386,Peralta de Calasanz,
3120513,6358387,Peraltilla,
3120513,6358388,Perarrúa,
3120513,6358389,Pertusa,
3120513,6358390,Piracés,
3120513,6358391,Plan,
3120513,6358392,Poleñino,
3120513,6358393,Pozán de Vero,
3120513,6358394,"Puebla de Castro, La",
3120513,6358395,Puente de Montañana,
3120513,6358448,Puente la Reina de Jaca,
3120513,6358396,Puértolas,
3120513,6358397,"Pueyo de Araguás, El",
3120513,6358398,Pueyo de Santa Cruz,
3120513,6358399,Quicena,
3120513,6358400,Robres,
3120513,6358401,Sabiñánigo,
3120513,6358402,Sahún,
3120513,6358403,Salas Altas,
3120513,6358404,Salas Bajas,
3120513,6358405,Salillas,
3120513,6358406,Sallent de Gállego,
3120513,6358407,San Esteban de Litera,
3120513,6358409,San Juan de Plan,
3120513,6358449,San Miguel de Cinca,
3120513,6358408,Sangarrén,
3120513,6358410,Santa Cilia de Jaca,Santa Cilia
3120513,6358411,Santa Cruz de la Serós,
3120513,6358452,Santa María de Dulcis,
3120513,6358412,Santaliestra y San Quílez,
3120513,6358413,Sariñena,
3120513,6358414,Secastilla,
3120513,6358415,Seira,
3120513,6358416,Sena,
3120513,6358417,Senés de Alcubierre,
3120513,6358418,Sesa,
3120513,6358419,Sesué,
3120513,6358420,Siétamo,
3120513,6358421,Sopeira,
3120513,6358450,"Sotonera, La",
3120513,6358422,Tamarite de Litera,
3120513,6358423,Tardienta,
3120513,6358424,Tella-Sin,
3120513,6358425,Tierz,
3120513,6358426,Tolva,
3120513,6358427,Torla-Ordesa,
3120513,6358428,Torralba de Aragón,
3120513,6358429,Torre la Ribera,
3120513,6358430,Torrente de Cinca,
3120513,6358431,Torres de Alcanadre,
3120513,6358432,Torres de Barbués,
3120513,6358433,Tramaced,
3120513,6358434,Valfarta,
3120513,6358436,Vall de Lierp,Valle de Lierp
3120513,6358435,Valle de Bardají,
3120513,6358447,Valle de Echo,Echo Ibarra
3120513,6358437,Velilla de Cinca,
3120513,6358455,Vencillón,
3120513,6358439,Viacamp y Litera,
3120513,6358440,Vicién,
3120513,6358441,Villanova,
3120513,6358442,Villanúa,
3120513,6358443,Villanueva de Sigena,
3120513,6358444,Yebra de Basa,
3120513,6358445,Yésero,
3120513,6358446,Zaidín,
3120935,6358093,Abalcisqueta,Abaltzisketa
3120935,6358094,Aduna,
3120935,6358095,Aizarnazabal,
3120935,6358096,Albiztur,
3120935,6358097,Alegria de Oria,Alegia
3120935,6358098,Alkiza,
3120935,6358175,Altzaga,
3120935,3130210,Alzo,Altzo
3120935,6358099,Amézqueta,Amezketa
3120935,6358100,Andoain,
3120935,6358101,Anoeta,
3120935,6358102,Antzuola,
3120935,6358103,Arama,
3120935,6358104,Aretxabaleta,
3120935,6358105,Asteasu,
3120935,6358172,Astigarraga,
3120935,6358106,Ataun,
3120935,6358107,Aya,Aia
3120935,6358108,Azcoitia,Azkoitia
3120935,6358109,Azpeitia,
3120935,6358173,Baliarrain,
3120935,6358110,Beasain,
3120935,6358111,Beizama,
3120935,6358112,Belauntza,
3120935,6358113,Berastegi,
3120935,6358162,Bergara,
3120935,6358114,Berrobi,
3120935,6325472,Bidegoyan,Bidania-Goiatz|Bidegoian
3120935,6358115,Cegama,Zegama
3120935,6358117,Cestona,Zestoa
3120935,6358118,Cizúrquil,Zizurkil
3120935,6358119,Deva,Deba
3120935,6358120,Éibar,
3120935,6358121,Elduain,
3120935,6358122,Elgóibar,
3120935,6358123,Elgueta,Elgeta
3120935,6358124,Eskoriatza,
3120935,6325473,Ezquioga-Ichaso,Ezkio-Itsaso|Ezkio Itsaso
3120935,6358125,Fuenterrabía,Hondarribia
3120935,6358127,Gabiria,
3120935,6358126,Gaintza,
3120935,6358176,Gaztelu,
3120935,6358128,Getaria,
3120935,6358129,Hernani,
3120935,6358130,Hernialde,
3120935,6358131,Ibarra,
3120935,6358133,Icazteguieta,Ikaztegieta
3120935,6358132,Idiazabal,
3120935,6358134,Irún,
3120935,6358135,Irura,
3120935,6358136,Itsasondo,
3120935,6358137,Larraul,
3120935,6358171,Lasarte-Oria,
3120935,6358138,Lazkao,
3120935,6358139,Leaburu,
3120935,6358140,Legazpia,Legazpi
3120935,6358141,Legorreta,
3120935,6358156,Leintz-Gatzaga,
3120935,6358142,Lezo,
3120935,6358143,Lizartza,
3120935,6358170,Mendaro,
3120935,6358144,Mondragón,Arrasate / Mondragón|Arrasate/Mondragon|Arrasate
3120935,6358145,Motrico,Mutriku
3120935,6358146,Mutiloa,
3120935,6358147,Olaberria,
3120935,6358148,Oñate,Oñati
3120935,6358164,Ordizia,
3120935,6358149,Oreja,Orexa
3120935,6358174,Orendain,
3120935,6358150,Orio,
3120935,6358151,Ormáiztegui,Ormaiztegi
3120935,6358152,Oyarzun,Oiartzun
3120935,3114231,Pasajes,Pasaia
3120935,6358153,Placencia de las Armas,Soraluze / Placencia de las Armas|Soraluze/Placencia de las Armas|Soraluze
3120935,6358154,Régil,Errezil
3120935,6358155,Rentería,Errenteria
3120935,6358157,San Sebastián,Donostia / San Sebastián|Donostia-San Sebastian|Donostia
3120935,6358158,Segura,
3120935,6358159,Tolosa,
3120935,6358160,Urnieta,
3120935,6358161,Usúrbil,
3120935,6358163,Villabona,Villabona-Amasa
3120935,6358165,Villarreal de Urrechua,Urretxu
3120935,6358166,Zaldivia,Zaldibia
3120935,6358167,Zarauz,Zarautz
3120935,6358116,Zerain,
3120935,6358169,Zumaia,
3120935,6358168,Zumarraga,
3121069,6357806,Abánades,
3121069,6357807,Ablanque,
3121069,6357808,Adobes,
3121069,6357809,Alaminos,
3121069,6357810,Alarilla,
3121069,6357811,Albalate de Zorita,
3121069,6357812,Albares,
3121069,6357813,Albendiego,
3121069,6357814,Alcocer,
3121069,6357815,Alcolea de las Peñas,
3121069,6357816,Alcolea del Pinar,
3121069,6357817,Alcoroches,
3121069,6357818,Aldeanueva de Guadalajara,
3121069,6357819,Algar de Mesa,
3121069,6357820,Algora,
3121069,6357821,Alhóndiga,
3121069,6357822,Alique,
3121069,6357823,Almadrones,
3121069,6357824,Almoguera,
3121069,6357825,Almonacid de Zorita,
3121069,6357826,Alocén,
3121069,6357827,Alovera,
3121069,6357828,Alustante,
3121069,6357829,Angón,
3121069,6357830,Anguita,
3121069,6357831,Anquela del Ducado,
3121069,6357832,Anquela del Pedregal,
3121069,6357833,Aranzueque,
3121069,6357834,Arbancón,
3121069,6357835,Arbeteta,
3121069,6357836,Argecilla,
3121069,6357837,Armallones,
3121069,6357838,Armuña de Tajuña,
3121069,6357839,Arroyo de las Fraguas,
3121069,6357840,Atanzón,
3121069,6357841,Atienza,
3121069,6357842,Auñón,
3121069,6357843,Azuqueca de Henares,
3121069,6357844,Baides,
3121069,6357845,Baños de Tajo,
3121069,6357846,Bañuelos,
3121069,6357847,Barriopedro,
3121069,6357848,Berninches,
3121069,6357849,"Bodera, La",
3121069,6357850,Brihuega,
3121069,6357851,Budia,
3121069,6357852,Bujalaro,
3121069,6357853,Bustares,
3121069,6357854,Cabanillas del Campo,
3121069,6357855,Campillo de Dueñas,
3121069,6357856,Campillo de Ranas,
3121069,6357857,Campisábalos,
3121069,6357860,Cañizar,
3121069,6357858,Canredondo,
3121069,6357859,Cantalojas,
3121069,6357861,"Cardoso de la Sierra, El",
3121069,6357862,Casa de Uceda,
3121069,6357863,"Casar, El",
3121069,6357864,Casas de San Galindo,
3121069,6357865,Caspueñas,
3121069,6357866,Castejón de Henares,
3121069,6357867,Castellar de la Muela,
3121069,6357868,Castilforte,
3121069,6357869,Castilnuevo,
3121069,6357870,Cendejas de Enmedio,
3121069,6357871,Cendejas de la Torre,
3121069,6357872,Centenera,
3121069,6357886,Checa,
3121069,6357887,Chequilla,
3121069,6357889,Chillarón del Rey,
3121069,6357888,Chiloeches,
3121069,6357873,Cifuentes,
3121069,6357874,Cincovillas,
3121069,6357875,Ciruelas,
3121069,6357876,Ciruelos del Pinar,
3121069,6357877,Cobeta,
3121069,6357878,Cogollor,
3121069,6357879,Cogolludo,
3121069,6357880,Condemios de Abajo,
3121069,6357881,Condemios de Arriba,
3121069,6357882,Congostrina,
3121069,6357883,Copernal,
3121069,6357884,Corduente,
3121069,6357885,"Cubillo de Uceda, El",
3121069,6357890,Driebes,
3121069,6357891,Durón,
3121069,6357892,Embid,
3121069,6357893,Escamilla,
3121069,6357894,Escariche,
3121069,6357895,Escopete,
3121069,6357896,Espinosa de Henares,
3121069,6357897,Esplegares,
3121069,6357898,Establés,
3121069,6357899,Estriégana,
3121069,6357900,Fontanar,
3121069,6357901,Fuembellida,
3121069,6357902,Fuencemillán,
3121069,6357903,Fuentelahiguera de Albatages,
3121069,6357904,Fuentelencina,
3121069,6357905,Fuentelsaz,
3121069,6357906,Fuentelviejo,
3121069,6357907,Fuentenovilla,
3121069,6357908,Gajanejos,
3121069,6357909,Galápagos,
3121069,6357910,Galve de Sorbe,
3121069,6357911,Gascueña de Bornova,
3121069,6357912,Guadalajara,Guadalaxara
3121069,6357913,Henche,
3121069,6357914,Heras de Ayuso,
3121069,6357915,Herrería,
3121069,6357916,Hiendelaencina,
3121069,6357917,Hijes,
3121069,6357918,Hita,
3121069,6357919,Hombrados,
3121069,6357920,Hontoba,
3121069,6357921,Horche,
3121069,6357922,Hortezuela de Océn,
3121069,6357923,"Huerce, La",
3121069,6357924,Huérmeces del Cerro,
3121069,6357925,Huertahernando,
3121069,6357926,Hueva,
3121069,6357927,Humanes,
3121069,6357928,Illana,
3121069,6357929,Iniéstola,
3121069,6357930,"Inviernas, Las",
3121069,6357931,Irueste,
3121069,6357932,Jadraque,
3121069,6357933,Jirueque,
3121069,6357957,La Miñosa,
3121069,6357934,Ledanca,
3121069,6357935,Loranca de Tajuña,
3121069,6357936,Lupiana,
3121069,6357937,Luzaga,
3121069,6357938,Luzón,
3121069,6357939,Majaelrayo,
3121069,6357940,Málaga del Fresno,
3121069,6357941,Malaguilla,
3121069,6357942,Mandayona,
3121069,6357943,Mantiel,
3121069,6357944,Maranchón,
3121069,7577092,Marchamalo,
3121069,6357945,Masegoso de Tajuña,
3121069,6357946,Matarrubia,
3121069,6357947,Matillas,
3121069,6357948,Mazarete,
3121069,6357949,Mazuecos,
3121069,6357950,Medranda,
3121069,6357951,Megina,
3121069,6357952,Membrillera,
3121069,6357953,Miedes de Atienza,
3121069,6357954,"Mierla, La",
3121069,6357956,Millana,
3121069,6357955,Milmarcos,
3121069,6357958,Mirabueno,
3121069,6357959,Miralrío,
3121069,6357960,Mochales,
3121069,6357961,Mohernando,
3121069,6357962,Molina de Aragón,
3121069,6357963,Monasterio,
3121069,6357964,Mondéjar,
3121069,6357965,Montarrón,
3121069,6357966,Moratilla de los Meleros,
3121069,6357967,Morenilla,
3121069,6357968,Muduex,
3121069,6357969,"Navas de Jadraque, Las",
3121069,6357970,Negredo,
3121069,6357971,Ocentejo,
3121069,6357972,"Olivar, El",
3121069,6357973,Olmeda de Cobeta,
3121069,6357974,"Olmeda de Jadraque, La",
3121069,6357975,"Ordial, El",
3121069,6357976,Orea,
3121069,6357977,Pálmaces de Jadraque,
3121069,6357978,Pardos,
3121069,6357979,Paredes de Sigüenza,Paredes de Sigueenza
3121069,6357980,Pareja,
3121069,6357981,Pastrana,
3121069,6357982,"Pedregal, El",
3121069,6357983,Peñalén,
3121069,6357984,Peñalver,
3121069,6357985,Peralejos de las Truchas,
3121069,6357986,Peralveche,
3121069,6357987,Pinilla de Jadraque,
3121069,6357988,Pinilla de Molina,
3121069,6357989,Pioz,
3121069,6357990,Piqueras,
3121069,6357991,"Pobo de Dueñas, El",
3121069,6357992,Poveda de la Sierra,
3121069,6357993,Pozo de Almoguera,
3121069,6357994,Pozo de Guadalajara,
3121069,6357995,Prádena de Atienza,
3121069,6357996,Prados Redondos,
3121069,6357997,Puebla de Beleña,
3121069,6357998,Puebla de Valles,
3121069,6357999,Quer,
3121069,6358000,Rebollosa de Jadraque,
3121069,6358001,"Recuenco, El",
3121069,6358002,Renera,
3121069,6358003,Retiendas,
3121069,6358004,Riba de Saelices,
3121069,6358005,Rillo de Gallo,
3121069,6358006,Riofrío del Llano,
3121069,6358007,Robledillo de Mohernando,
3121069,6358008,Robledo de Corpes,
3121069,6358009,Romanillos de Atienza,
3121069,6358010,Romanones,
3121069,6358011,Rueda de la Sierra,
3121069,6358012,Sacecorbo,
3121069,6358013,Sacedón,
3121069,6358014,Saelices de la Sal,
3121069,6358015,Salmerón,
3121069,6358016,San Andrés del Congosto,
3121069,6358017,San Andrés del Rey,
3121069,6358018,Santiuste,
3121069,6358019,Saúca,
3121069,6358020,Sayatón,
3121069,6358021,Selas,
3121069,6358092,Semillas,
3121069,6358022,Setiles,
3121069,6358023,Sienes,
3121069,6358024,Sigüenza,Sigueenza
3121069,6358025,Solanillos del Extremo,
3121069,6358026,Somolinos,
3121069,6358027,"Sotillo, El",
3121069,6358028,Sotodosos,
3121069,6358029,Tamajón,
3121069,6358030,Taragudo,
3121069,6358031,Taravilla,
3121069,6358032,Tartanedo,
3121069,6358033,Tendilla,
3121069,6358034,Terzaga,
3121069,6358035,Tierzo,
3121069,6358036,"Toba, La",
3121069,6358038,Tordellego,
3121069,6358037,Tordelrábano,
3121069,6358039,Tordesilos,
3121069,6358040,Torija,
3121069,6358043,Torre del Burgo,
3121069,6358041,Torrecuadrada de Molina,
3121069,6358042,Torrecuadradilla,
3121069,6358044,Torrejón del Rey,
3121069,6358045,Torremocha de Jadraque,
3121069,6358046,Torremocha del Campo,
3121069,6358047,Torremocha del Pinar,
3121069,6358048,Torremochuela,
3121069,6358049,Torrubia,
3121069,6358050,Tórtola de Henares,
3121069,6358051,Tortuera,
3121069,6358052,Tortuero,
3121069,6358053,Traíd,
3121069,6358054,Trijueque,
3121069,6358055,Trillo,
3121069,6358056,Uceda,
3121069,6358057,Ujados,
3121069,6358058,Utande,
3121069,6358059,Valdarachas,
3121069,6358060,Valdearenas,
3121069,6358061,Valdeavellano,
3121069,6358062,Valdeaveruelo,
3121069,6358063,Valdeconcha,
3121069,6358064,Valdegrudas,
3121069,6358065,Valdelcubo,
3121069,6358066,Valdenuño Fernández,
3121069,6358067,Valdepeñas de la Sierra,
3121069,6358068,Valderrebollo,
3121069,6358069,Valdesotos,
3121069,6358070,Valfermoso de Tajuña,
3121069,6358071,Valhermoso,
3121069,6358072,Valtablado del Río,
3121069,6358073,Valverde de los Arroyos,
3121069,6358074,Viana de Jadraque,
3121069,6358075,Villanueva de Alcorón,
3121069,6358076,Villanueva de Argecilla,
3121069,6358077,Villanueva de la Torre,
3121069,6358078,Villares de Jadraque,
3121069,6358079,Villaseca de Henares,
3121069,6358080,Villaseca de Uceda,
3121069,6358081,Villel de Mesa,
3121069,6358082,Viñuelas,
3121069,6358083,Yebes,
3121069,6358084,Yebra,
3121069,6358085,Yélamos de Abajo,
3121069,6358086,Yélamos de Arriba,
3121069,6358087,Yunquera de Henares,
3121069,6358088,"Yunta, La",
3121069,6358089,Zaorejas,
3121069,6358090,Zarzuela de Jadraque,
3121069,6358091,Zorita de los Canes,
3125881,6356961,Aín,
3125881,6356962,Albocàsser,
3125881,6356963,Alcalá de Chivert,Alcalà de Xivert
3125881,6356964,"Alcora, l'",
3125881,6356965,Alcudia de Veo,l'Alcúdia de Veo
3125881,6356966,Alfondeguilla,Fondeguilla
3125881,6356967,Algimia de Almonacid,Algímia d'Almonesir
3125881,6356968,Almazora/Almassora,
3125881,6356969,Almedíjar,
3125881,6356970,Almenara,
3125881,6357093,Alquerías del Niño Perdido,
3125881,6356971,Altura,
3125881,6356972,Arañuel,
3125881,6356973,Ares del Maestrat,
3125881,6356974,Argelita,Argeleta
3125881,6356975,Artana,
3125881,6356960,Atzeneta del Maestrat,
3125881,6356976,Ayódar,
3125881,6356977,Azuébar,
3125881,6356978,Barracas,Barraques
3125881,6356980,Bejís,
3125881,6356981,Benafer,
3125881,6356982,Benafigos,
3125881,6356983,Benasal,Benassal
3125881,6356984,Benicarló,
3125881,6356985,Benicasim/Benicàssim,
3125881,6356986,Benlloch,
3125881,6356979,Betxí,
3125881,6356988,Borriana/Burriana,
3125881,6356987,Borriol,
3125881,6356989,Cabanes,
3125881,6356990,Càlig,
3125881,6356991,Canet lo Roig,
3125881,6356992,Castell de Cabres,
3125881,6356993,Castellfort,
3125881,6356994,Castellnovo,Castellnou
3125881,6356995,Castellón de la Plana,Castellón de la Plana/Castelló de la Plana|Castellón
3125881,6356996,Castillo de Villamalefa,el Castell de Vilamalefa
3125881,6356997,Catí,
3125881,6356998,Caudiel,
3125881,6356999,Cervera del Maestre,Cervera del Maestrat
3125881,6357006,Chert/Xert,Xert
3125881,6357007,Chilches/Xilxes,
3125881,6357008,Chodos/Xodos,
3125881,6357009,Chóvar,
3125881,6357000,Cinctorres,
3125881,6357001,Cirat,
3125881,6357002,Cortes de Arenoso,Cortes d'Arenós
3125881,6357003,Costur,
3125881,6357004,"Coves de Vinromà, les",
3125881,6357005,Culla,
3125881,6357010,Eslida,
3125881,6357011,Espadilla,
3125881,6357012,Fanzara,
3125881,6357013,Figueroles,
3125881,6357014,Forcall,El Forcall
3125881,6357015,Fuente la Reina,
3125881,6357016,Fuentes de Ayódar,
3125881,6357017,Gaibiel,
3125881,6357018,Geldo,
3125881,6357019,Herbés,
3125881,6357020,Higueras,
3125881,6357022,Jérica,
3125881,6357021,La Jana,
3125881,6357076,la Vall d'Uixó,
3125881,6357025,"Llosa, la",
3125881,6357023,Lucena del Cid,Llucena
3125881,6357024,Ludiente,
3125881,6357026,"Mata de Morella, la",
3125881,6357027,Matet,
3125881,6357028,Moncófar,Moncofa
3125881,6357029,Montán,
3125881,6357030,Montanejos,
3125881,6357031,Morella,
3125881,6357032,Navajas,
3125881,6357033,Nules,
3125881,6357034,Olocau del Rey,Olocau del Rei
3125881,6357035,Onda,
3125881,6357036,Oropesa del Mar/Orpesa,
3125881,6357037,Palanques,
3125881,6357038,Pavías,
3125881,6357039,Peníscola/Peñíscola,Peníscola
3125881,6357040,Pina de Montalgrao,
3125881,6357043,"Pobla de Benifassà, la",
3125881,6357044,"Pobla Tornesa, la",
3125881,6357041,Portell de Morella,
3125881,6357042,Puebla de Arenoso,
3125881,6357045,Ribesalbes,
3125881,6357046,Rosell,Rossell
3125881,6357047,Sacañet,
3125881,6357048,Salsadella,la Salzadella
3125881,6357050,San Mateo,Sant Mateu
3125881,6357051,San Rafael del Río,Sant Rafel del Maestrat|Sant Rafel del Riu
3125881,6357094,Sant Joan de Moró,
3125881,6357049,Sant Jordi,
3125881,6357052,Santa Magdalena de Pulpis,
3125881,6357053,Sarratella,
3125881,6357054,Segorbe,Sogorb
3125881,6357055,Sierra Engarcerán,
3125881,6357056,Soneja,
3125881,6357057,Sot de Ferrer,
3125881,6357058,Sueras/Suera,
3125881,6357059,Tales,
3125881,6357060,Teresa,
3125881,6357061,Tírig,
3125881,6357062,Todolella,
3125881,6357063,Toga,
3125881,6357064,Torás,
3125881,6357065,"Toro, El",
3125881,6357066,Torralba del Pinar,
3125881,6357069,Torre d'En Besora,"Torre d'En Besora, la"
3125881,6357070,Torre Endoménech,"Torre d'en Doménec, la"
3125881,6357067,Torreblanca,
3125881,6357068,Torrechiva,
3125881,6357071,Traiguera,
3125881,6357072,"Useras/Useres, les",
3125881,6357074,Vall d'Alba,
3125881,6357075,Vall de Almonacid,
3125881,6357073,Vallat,
3125881,6357077,Vallibona,
3125881,6357085,Vila-real,
3125881,6357084,Vilar de Canes,
3125881,6357078,Villafamés,Vilafamés
3125881,6357079,Villafranca del Cid,Villafranca del Cid/Vilafranca
3125881,6357080,Villahermosa del Río,
3125881,6357081,Villamalur,Vilamalur
3125881,6357082,Villanueva de Alcolea,Vilanova d'Alcolea
3125881,6357083,Villanueva de Viver,
3125881,6357086,Villavieja,La Vilavella
3125881,6357087,Villores,
3125881,6357088,Vinaroz,Vinaròs
3125881,6357089,Vistabella del Maestrazgo,
3125881,6357090,Viver,
3125881,6357091,Zorita del Maestrazgo,Sorita
3125881,6357092,Zucaina,
3127460,6356331,Abajas,
3127460,6356332,Adrada de Haza,
3127460,6356333,Aguas Cándidas,
3127460,6356334,Aguilar de Bureba,
3127460,6356335,Albillos,
3127460,6356336,Alcocero de Mola,
3127460,6356337,Alfoz de Bricia,
3127460,6356696,Alfoz de Quintanadueñas,
3127460,6356338,Alfoz de Santa Gadea,
3127460,6356339,Altable,
3127460,6356340,"Altos, Los",
3127460,6356341,Ameyugo,
3127460,6356342,Anguix,
3127460,6356343,Aranda de Duero,
3127460,6356344,Arandilla,
3127460,6356345,Araúzo de Miel,
3127460,6356346,Arauzo de Salce,
3127460,6356347,Arauzo de Torre,
3127460,6356348,Arcos,
3127460,6356349,Arenillas de Riopisuerga,
3127460,6356350,Arija,
3127460,6356351,Arlanzón,
3127460,6356352,Arraya de Oca,
3127460,6356353,Atapuerca,
3127460,3118053,"Ausines, Los",
3127460,6356354,Avellanosa de Muñó,
3127460,6356355,Bahabón de Esgueva,
3127460,6356356,"Balbases, Los",
3127460,6356357,Baños de Valdearados,
3127460,6356358,Bañuelos de Bureba,
3127460,6356359,Barbadillo de Herreros,
3127460,6356360,Barbadillo del Mercado,
3127460,6356361,Barbadillo del Pez,
3127460,6356362,Barrio de Muñó,
3127460,6356363,"Barrios de Bureba, Los",
3127460,6356364,Barrios de Colina,
3127460,6356365,Basconcillos del Tozo,
3127460,6356366,Bascuñana,
3127460,6356367,Belbimbre,
3127460,6356368,Belorado,
3127460,6356369,Berberana,
3127460,6356370,Berlangas de Roa,
3127460,6356371,Berzosa de Bureba,
3127460,6356372,Bozoó,
3127460,6356373,Brazacorta,
3127460,6356374,Briviesca,
3127460,6356375,Bugedo,
3127460,6356376,Buniel,
3127460,6356377,Burgos,
3127460,6356378,Busto de Bureba,
3127460,6356379,Cabañes de Esgueva,
3127460,6356380,Cabezón de la Sierra,
3127460,6356382,Caleruega,
3127460,6356383,Campillo de Aranda,
3127460,6356384,Campolara,
3127460,6356385,Canicosa de la Sierra,
3127460,6356386,Cantabrana,
3127460,6356387,Carazo,
3127460,6356388,Carcedo de Bureba,
3127460,6356389,Carcedo de Burgos,
3127460,6356390,Cardeñadijo,
3127460,6356391,Cardeñajimeno,
3127460,6356392,Cardeñuela Riopico,
3127460,6356393,Carrias,
3127460,6356394,Cascajares de Bureba,
3127460,6356395,Cascajares de la Sierra,
3127460,6356396,Castellanos de Castro,
3127460,6356398,Castil de Peones,
3127460,6356397,Castildelgado,
3127460,6356399,Castrillo de la Reina,
3127460,6356400,Castrillo de la Vega,
3127460,6356402,Castrillo de Riopisuerga,
3127460,6356401,Castrillo del Val,
3127460,6356403,Castrillo Mota de Judíos,
3127460,6356404,Castrojeriz,
3127460,6356381,Cavia,
3127460,6356405,Cayuela,
3127460,6356406,Cebrecos,
3127460,6356407,Celada del Camino,
3127460,6356408,Cerezo de Río Tirón,
3127460,6356409,Cerratón de Juarros,
3127460,6356410,Ciadoncha,
3127460,6356411,Cillaperlata,
3127460,6356412,Cilleruelo de Abajo,
3127460,6356413,Cilleruelo de Arriba,
3127460,6356414,Ciruelos de Cervera,
3127460,6356415,Cogollos,
3127460,3124696,Condado de Treviño,Trebiñu|Trebiñu Konderria
3127460,6356416,Contreras,
3127460,6356417,Coruña del Conde,
3127460,6356418,Covarrubias,
3127460,6356419,Cubillo del Campo,
3127460,6356420,Cubo de Bureba,
3127460,6356421,"Cueva de Roa, La",
3127460,6356422,Cuevas de San Clemente,
3127460,6356423,Encío,
3127460,6356424,Espinosa de Cervera,
3127460,6356426,Espinosa de los Monteros,
3127460,6356425,Espinosa del Camino,
3127460,6356427,Estépar,
3127460,6356428,Fontioso,
3127460,6356429,Frandovínez,
3127460,6356430,Fresneda de la Sierra Tirón,
3127460,6356431,Fresneña,
3127460,6356432,Fresnillo de las Dueñas,
3127460,6356433,Fresno de Río Tirón,
3127460,6356434,Fresno de Rodilla,
3127460,6356435,Frías,
3127460,6356436,Fuentebureba,
3127460,6356437,Fuentecén,
3127460,6356438,Fuentelcésped,
3127460,6356439,Fuentelisendo,
3127460,6356440,Fuentemolinos,
3127460,6356441,Fuentenebro,
3127460,6356442,Fuentespina,
3127460,6356443,Galbarros,
3127460,6356444,"Gallega, La",
3127460,6356445,Grijalba,
3127460,6356446,Grisaleña,
3127460,6356447,Gumiel de Izán,
3127460,6356448,Gumiel de Mercado,
3127460,6356449,Hacinas,
3127460,6356450,Haza,
3127460,6356451,Hontanas,
3127460,6356452,Hontangas,
3127460,6356453,Hontoria de la Cantera,
3127460,6356455,Hontoria de Valdearados,
3127460,6356454,Hontoria del Pinar,
3127460,6356456,"Hormazas, Las",
3127460,6356457,Hornillos del Camino,
3127460,6356458,"Horra, La",
3127460,6356459,Hortigüela,Hortigueela
3127460,6356460,Hoyales de Roa,
3127460,6356461,Huérmeces,
3127460,6356462,Huerta de Arriba,
3127460,6356463,Huerta de Rey,
3127460,6356464,Humada,
3127460,6356465,Hurones,
3127460,6356466,Ibeas de Juarros,
3127460,6356467,Ibrillos,
3127460,6356468,Iglesiarrubia,
3127460,6356469,Iglesias,
3127460,6356470,Isar,
3127460,6356471,Itero del Castillo,
3127460,6356472,Jaramillo de la Fuente,
3127460,6356473,Jaramillo Quemado,
3127460,6356474,Junta de Traslaloma,
3127460,6356475,Junta de Villalba de Losa,
3127460,6356476,Jurisdicción de Lara,
3127460,6356477,Jurisdicción de San Zadornil,
3127460,6356478,Lerma,
3127460,6356479,Llano de Bureba,
3127460,6356480,Madrigal del Monte,
3127460,6356481,Madrigalejo del Monte,
3127460,6356482,Mahamud,
3127460,6356483,Mambrilla de Castrejón,
3127460,6356484,Mambrillas de Lara,
3127460,6356485,Mamolar,
3127460,6356486,Manciles,
3127460,6356487,Mazuela,
3127460,6356488,Mecerreyes,
3127460,6356489,Medina de Pomar,
3127460,6356490,Melgar de Fernamental,
3127460,6356491,Merindad de Cuesta Urria,Merindad de Cuesta-Urria
3127460,6356492,Merindad de Montija,
3127460,6356695,Merindad de Río Ubierna,
3127460,6356493,Merindad de Sotoscueva,
3127460,6356494,Merindad de Valdeporres,
3127460,6356495,Merindad de Valdivielso,
3127460,6356496,Milagros,
3127460,6356497,Miranda de Ebro,Miranda Ebro
3127460,6356498,Miraveche,Mirabetxe
3127460,6356499,Modúbar de la Emparedada,
3127460,6356500,Monasterio de la Sierra,
3127460,6356501,Monasterio de Rodilla,
3127460,6356502,Moncalvillo,
3127460,6356503,Monterrubio de la Demanda,
3127460,6356504,Montorio,
3127460,6356505,Moradillo de Roa,
3127460,6356506,Nava de Roa,
3127460,6356507,Navas de Bureba,
3127460,6356508,Nebreda,
3127460,6356509,Neila,
3127460,6356510,Olmedillo de Roa,
3127460,6356511,Olmillos de Muñó,
3127460,6356512,Oña,
3127460,6356513,Oquillas,
3127460,6356514,Orbaneja Riopico,
3127460,6356515,Padilla de Abajo,
3127460,6356516,Padilla de Arriba,
3127460,6356517,Padrones de Bureba,
3127460,6356518,Palacios de la Sierra,
3127460,6356519,Palacios de Riopisuerga,
3127460,6356520,Palazuelos de la Sierra,
3127460,6356521,Palazuelos de Muñó,
3127460,6356522,Pampliega,
3127460,6356523,Pancorbo,
3127460,6356524,Pardilla,
3127460,6356525,Partido de la Sierra en Tobalina,
3127460,6356526,Pedrosa de Duero,
3127460,6356529,Pedrosa de Río Úrbel,
3127460,6356527,Pedrosa del Páramo,
3127460,6356528,Pedrosa del Príncipe,
3127460,6356530,Peñaranda de Duero,
3127460,6356531,Peral de Arlanza,
3127460,6356532,Piérnigas,
3127460,6356533,Pineda de la Sierra,
3127460,6356534,Pineda Trasmonte,
3127460,6356535,Pinilla de los Barruecos,
3127460,6356536,Pinilla de los Moros,
3127460,6356537,Pinilla Trasmonte,
3127460,6356538,Poza de la Sal,
3127460,6356539,Prádanos de Bureba,
3127460,6356540,Pradoluengo,
3127460,6356541,Presencio,
3127460,6356542,"Puebla de Arganzón, La",
3127460,6356543,Puentedura,
3127460,6356544,Quemada,
3127460,6356546,Quintana del Pidio,
3127460,6356545,Quintanabureba,
3127460,6356547,Quintanaélez,
3127460,6356548,Quintanaortuño,
3127460,6356549,Quintanapalla,
3127460,6356550,Quintanar de la Sierra,
3127460,6356551,Quintanavides,
3127460,6356552,Quintanilla de la Mata,
3127460,6356691,Quintanilla del Agua y Tordueles,
3127460,6356553,Quintanilla del Coco,
3127460,6356555,Quintanilla San García,
3127460,6356556,Quintanilla Vivar,
3127460,6356554,"Quintanillas, Las",
3127460,6356557,Rabanera del Pinar,
3127460,6356558,Rábanos,
3127460,6356559,Rabé de las Calzadas,
3127460,6356560,Rebolledo de la Torre,
3127460,6356561,Redecilla del Camino,
3127460,6356562,Redecilla del Campo,
3127460,6356563,Regumiel de la Sierra,
3127460,6356564,Reinoso,
3127460,6356565,Retuerta,
3127460,6356567,Revilla del Campo,
3127460,6356569,Revilla Vallejera,
3127460,6356566,"Revilla y Ahedo, La",
3127460,6356568,Revillarruz,
3127460,6356570,Rezmondo,
3127460,6356571,Riocavado de la Sierra,
3127460,6356572,Roa,
3127460,6356573,Rojas,
3127460,6356574,Royuela de Río Franco,
3127460,6356575,Rubena,
3127460,6356576,Rublacedo de Abajo,
3127460,6356577,Rucandio,
3127460,6356578,Salas de Bureba,
3127460,6356579,Salas de los Infantes,
3127460,6356580,Saldaña de Burgos,
3127460,6356581,Salinillas de Bureba,
3127460,6356582,San Adrián de Juarros,
3127460,6356583,San Juan del Monte,
3127460,6356584,San Mamés de Burgos,
3127460,6356585,San Martín de Rubiales,
3127460,6356586,San Millán de Lara,
3127460,6356600,San Vicente del Valle,
3127460,6356587,Santa Cecilia,
3127460,6356588,Santa Cruz de la Salceda,
3127460,6356589,Santa Cruz del Valle Urbión,
3127460,6356590,Santa Gadea del Cid,
3127460,6356591,Santa Inés,
3127460,6356592,Santa María del Campo,
3127460,6356593,Santa María del Invierno,
3127460,6356594,Santa María del Mercadillo,
3127460,6356595,Santa María Rivarredonda,
3127460,6356596,Santa Olalla de Bureba,
3127460,6356597,Santibáñez de Esgueva,
3127460,6356598,Santibáñez del Val,
3127460,6356599,Santo Domingo de Silos,
3127460,6356601,Sargentes de la Lora,
3127460,6356602,Sarracín,
3127460,6356603,Sasamón,
3127460,6356604,"Sequera de Haza, La",
3127460,6356605,Solarana,
3127460,6356606,Sordillos,
3127460,6356607,Sotillo de la Ribera,
3127460,6356608,Sotragero,
3127460,6356609,Sotresgudo,
3127460,6356610,Susinos del Páramo,
3127460,6356611,Tamarón,
3127460,6356612,Tardajos,
3127460,6356613,Tejada,
3127460,6356614,Terradillos de Esgueva,
3127460,6356615,Tinieblas de la Sierra,
3127460,6356616,Tobar,
3127460,6356617,Tordómar,
3127460,6356618,Torrecilla del Monte,
3127460,6356619,Torregalindo,
3127460,6356620,Torrelara,
3127460,6356621,Torrepadre,
3127460,6356622,Torresandino,
3127460,6356623,Tórtoles de Esgueva,
3127460,6356624,Tosantos,
3127460,6356625,Trespaderne,
3127460,6356626,Tubilla del Agua,
3127460,6356627,Tubilla del Lago,
3127460,6356628,Úrbel del Castillo,
3127460,6356629,Vadocondes,
3127460,6356630,Valdeande,
3127460,6356631,Valdezate,
3127460,6356632,Valdorros,
3127460,6356634,Vallarta de Bureba,
3127460,6356694,Valle de las Navas,
3127460,6356697,Valle de Losa,Lausa Harana
3127460,6356635,Valle de Manzanedo,
3127460,6356636,Valle de Mena,Mena Harana
3127460,6356637,Valle de Oca,
3127460,6356692,Valle de Santibáñez,
3127460,6534000,Valle de Sedano,
3127460,6356638,Valle de Tobalina,
3127460,6356639,Valle de Valdebezana,
3127460,6356640,Valle de Valdelaguna,
3127460,6356641,Valle de Valdelucio,
3127460,6356642,Valle de Zamanzas,
3127460,6356643,Vallejera,
3127460,6356644,Valles de Palenzuela,
3127460,6356645,Valluércanes,
3127460,6356633,Valmala,
3127460,6356647,"Vid de Bureba, La",
3127460,6356646,"Vid y Barrios, La",
3127460,6356648,Vileña,
3127460,6356651,Villadiego,
3127460,6356652,Villaescusa de Roa,
3127460,6356653,Villaescusa la Sombría,
3127460,6356654,Villaespasa,
3127460,6356655,Villafranca Montes de Oca,
3127460,6356656,Villafruela,
3127460,6356657,Villagalijo,
3127460,6356658,Villagonzalo Pedernales,
3127460,6356659,Villahoz,
3127460,6356660,Villalba de Duero,
3127460,6356661,Villalbilla de Burgos,
3127460,6356662,Villalbilla de Gumiel,
3127460,6356663,Villaldemiro,
3127460,6356664,Villalmanzo,
3127460,6356665,Villamayor de los Montes,
3127460,6356666,Villamayor de Treviño,
3127460,6356667,Villambistia,
3127460,6356668,Villamedianilla,
3127460,6356669,Villamiel de la Sierra,
3127460,6356670,Villangómez,
3127460,6356671,Villanueva de Argaño,
3127460,6356672,Villanueva de Carazo,
3127460,6356673,Villanueva de Gumiel,
3127460,6356674,Villanueva de Teba,
3127460,6356675,Villaquirán de la Puebla,
3127460,6356676,Villaquirán de los Infantes,
3127460,6356693,Villarcayo de Merindad de Castilla la Vieja,
3127460,6356677,Villariezo,
3127460,6356678,Villasandino,
3127460,6356679,Villasur de Herreros,
3127460,6356680,Villatuelda,
3127460,6356681,Villaverde del Monte,
3127460,6356682,Villaverde-Mogina,
3127460,6356683,Villayerno Morquillas,
3127460,6356684,Villazopeque,
3127460,6355237,Villegas,
3127460,6356685,Villoruebo,
3127460,6356649,Viloria de Rioja,
3127460,6356650,Vilviestre del Pinar,
3127460,6356686,Vizcaínos,
3127460,6356687,Zael,
3127460,6356688,Zarzosa de Río Pisuerga,
3127460,6356689,Zazuar,
3127460,6356690,Zuñeda,
3128759,6356039,Abrera,
3128759,6356040,Aguilar de Segarra,
3128759,6356050,Aiguafreda,
3128759,6356041,Alella,
3128759,6356042,Alpens,
3128759,6533985,Arenys de Mar,
3128759,6533986,Arenys de Munt,
3128759,6356044,Argensola,Argençola
3128759,6356045,Argentona,
3128759,6356046,Artés,
3128759,6356047,Avià,
3128759,6356048,Avinyó,
3128759,6356049,Avinyonet del Penedés,
3128759,6356051,Badalona,
3128759,6356329,Badia del Vallès,
3128759,6356052,Bagá,
3128759,6356053,Balenyà,
3128759,6356054,Balsareny,
3128759,6356273,Barberá del Vallés,
3128759,6356055,Barcelona,
3128759,6356056,Begas,Begues
3128759,6356057,Bellprat,
3128759,6356058,Berga,
3128759,6356059,Bigas,Bigues i Riells
3128759,6356060,Borredà,
3128759,6356064,Cabrera de Igualada,Cabrera d'Anoia
3128759,6356065,Cabrera de Mar,
3128759,6356066,Cabrils,
3128759,6356067,Calaf,
3128759,6356068,Caldas de Montbui,Caldes de Montbui
3128759,6356069,Calders,
3128759,6533987,Caldes d'Estrac,
3128759,6533988,Calella,
3128759,6356071,Calldetenes,
3128759,6356072,Callús,
3128759,6356070,Calonge de Segarra,
3128759,6356073,Campins,
3128759,6533989,Canet de Mar,
3128759,6356074,Canovellas,Canovelles
3128759,6356075,Cànoves i Samalús,
3128759,6356076,Canyelles,
3128759,6356077,Capellades,
3128759,6356078,Capolat,
3128759,6356079,Cardedeu,
3128759,6356080,Cardona,
3128759,6356081,Carme,
3128759,6356082,Casserres,
3128759,6356089,Castell de l'Areny,
3128759,6356084,Castellar de n'Hug,
3128759,6356083,Castellar del Riu,
3128759,3125908,Castellar del Vallés,
3128759,6356085,Castellbell i el Vilar,
3128759,6356086,Castellbisbal,
3128759,6356087,Castellcir,
3128759,6356088,Castelldefels,
3128759,6356090,Castellet y Gornal,Castellet i la Gornal
3128759,6356092,Castellfollit de Riubregós,
3128759,6356091,Castellfullit del Boix,Castellfollit del Boix
3128759,6356093,Castellgalí,
3128759,6356094,Castellnou de Bages,
3128759,6356095,Castellolí,
3128759,6356096,Castellterçol,
3128759,6356097,Castellví de la Marca,
3128759,6356098,Castellví de Rosanes,
3128759,6356099,Centelles,
3128759,6356100,Cervelló,
3128759,6356101,Collbató,
3128759,6356102,Collsuspina,
3128759,6356103,Copons,
3128759,6356104,Corbera de Llobregat,
3128759,6356105,Cornellá de Llobregat,
3128759,6356106,Cubellas,Cubelles
3128759,6356107,Dosrius,
3128759,6356061,el Bruc,
3128759,6356062,el Brull,
3128759,6356185,el Papiol,
3128759,6356190,el Pla del Penedès,
3128759,6356207,el Pont de Vilomara i Rocafort,
3128759,6356195,el Prat de Llobregat,
3128759,6356189,els Hostalets de Pierola,
3128759,6356196,els Prats de Rei,
3128759,6356108,Esparreguera,
3128759,6356109,Esplugas de Llobregat,Esplugues de Llobregat
3128759,6356163,Figaró,Figaró-Montmany|el Figueró i Montmany
3128759,6356112,Fígols,
3128759,6533990,Fogars de la Selva,
3128759,6356113,Fogars de Montclús,
3128759,6356114,Folgueroles,
3128759,6356115,Fonollosa,
3128759,6356116,Fontrubí,Font-rubí
3128759,6356117,Gallifa,
3128759,6356119,Gavà,
3128759,6356120,Gayá,Gaià
3128759,6356121,Gelida,
3128759,6356122,Gironella,
3128759,6356123,Gisclareny,
3128759,6356125,Granera,
3128759,6356126,Granollers,
3128759,6356127,Gualba,
3128759,6356129,Guardiola de Berga,Guardiola de Berguedà
3128759,6356130,Gurb,
3128759,6356132,Igualada,
3128759,6356133,Jorba,
3128759,6356043,l'Ametlla del Vallès,
3128759,6356110,l'Espunyola,
3128759,6356275,L'Esquirol,
3128759,6356111,l'Estany,
3128759,6356131,l'Hospitalet de Llobregat,
3128759,6356118,la Garriga,
3128759,6356124,la Granada,
3128759,6356134,la Llacuna,
3128759,6356135,la Llagosta,
3128759,6356171,la Nou de Berguedà,
3128759,6356330,la Palma de Cervelló,
3128759,6356191,la Pobla de Claramunt,
3128759,6356192,la Pobla de Lillet,
3128759,6356202,la Quar,
3128759,6356206,la Roca del Vallès,
3128759,6356304,la Torre de Claramunt,
3128759,6356063,les Cabanyes,
3128759,3118929,les Franqueses del Vallès,
3128759,6356145,les Masies de Roda,
3128759,6356146,les Masies de Voltregà,
3128759,6356137,Lliçà d'Amunt,
3128759,6356138,Lliçà de Vall,
3128759,6356136,Llinás del Vallés,Llinars del Vallès
3128759,6356139,Llusá,Lluçà
3128759,6533991,Malgrat de Mar,
3128759,6356140,Malla,
3128759,6356141,Manlleu,
3128759,6356142,Manresa,
3128759,6356263,Marganell,
3128759,6356143,Martorell,
3128759,6356144,Martorelles,
3128759,6356147,"Masnou, El",
3128759,6356148,Masquefa,
3128759,6356149,Matadepera,
3128759,6356150,Mataró,
3128759,6356151,Mediona,
3128759,6356152,Molins de Rey,Molins de Rei
3128759,6356153,Mollet del Vallès,
3128759,6356154,Moncada y Reixach,Montcada i Reixac
3128759,6356157,Monistrol de Calders,
3128759,6356156,Monistrol de Montserrat,
3128759,6356159,Montclar,
3128759,6356160,Montesquiu,
3128759,6356155,Montgat,
3128759,6356161,Montmajor,
3128759,6356162,Montmaneu,
3128759,6356164,Montmeló,
3128759,6356165,Montornés del Vallés,
3128759,6356166,Montseny,
3128759,6356167,Moyá,Moià
3128759,6356158,Muntanyola,
3128759,6356168,Mura,
3128759,6356169,Navarcles,
3128759,6356170,Navàs,Navars
3128759,6356172,Ódena,
3128759,3115175,Olérdola,
3128759,6356174,Olesa de Bonesvalls,
3128759,6356175,Olesa de Montserrat,
3128759,6356176,Olivella,
3128759,6356177,Olost,
3128759,6356173,Olván,
3128759,6356178,Orís,
3128759,6356179,Oristà,
3128759,6356180,Orpí,
3128759,6356181,Òrrius,
3128759,6356182,Pacs del Penedès,
3128759,6533992,Palafolls,
3128759,6356183,Palau-solità i Plegamans,
3128759,6356184,Pallejá,
3128759,6356186,Parets,Parets del Vallès
3128759,6356187,Perafita,
3128759,6356188,Piera,
3128759,6533993,Pineda de Mar,
3128759,6356193,Polinyà,
3128759,6356194,Pontons,
3128759,6356197,Prats de Lluçanès,
3128759,6356252,Premiá de Dalt,
3128759,6356198,Premiá de Mar,
3128759,6356199,Puigdàlber,
3128759,6356200,Puigreig,Puig-reig
3128759,6356201,Pujalt,
3128759,6356203,Rajadell,
3128759,6356204,Rellinars,
3128759,6356205,Ripollet,
3128759,6356208,Roda de Ter,
3128759,6356209,Rubí,
3128759,6356210,Rubió,
3128759,6356326,Rupit i Pruit,
3128759,6356211,Sabadell,
3128759,6356212,Sagás,
3128759,6356214,Saldes,
3128759,6356215,Sallent de Llobregat,Sallent
3128759,6356216,Sampedor,Santpedor
3128759,6356219,San Andrés de la Barca,Sant Andreu de la Barca
3128759,6356220,San Andrés de Llavaneras,Sant Andreu de Llavaneres
3128759,6356223,San Baudilio de Llobregat,Sant Boi de Llobregat
3128759,6356225,San Celoni,Sant Celoni
3128759,6356226,San Clemente de Llobregat,Sant Climent de Llobregat
3128759,6356227,San Cugat del Vallés,Sant Cugat del Vallès
3128759,6356233,San Feliú de Llobregat,Sant Feliu de Llobregat
3128759,6356235,San Fructuoso de Bages,Sant Fruitós de Bages
3128759,6356237,San Hipólito de Voltregá,Sant Hipòlit de Voltregà
3128759,6356239,San Juan Despí,Sant Joan Despí
3128759,6356243,San Justo Desvern,Sant Just Desvern
3128759,6356251,San Mateo de Bages,Sant Mateu de Bages
3128759,6356253,San Pedro de Ribas,Sant Pere de Ribes
3128759,6356255,San Pedro de Torelló,Sant Pere de Torelló
3128759,6533996,San Pol de Mar,Sant Pol de Mar
3128759,6356259,San Quirico de Tarrasa,Sant Quirze del Vallès
3128759,6356282,San Vicente de Castellet,Sant Vicenç de Castellet
3128759,6356283,San Vicente dels Horts,Sant Vicenç dels Horts
3128759,6356217,Sant Adrià de Besòs,
3128759,6356218,Sant Agustí de Lluçanès,
3128759,6356221,Sant Antoni de Vilamajor,
3128759,6356222,Sant Bartomeu del Grau,
3128759,6356224,Sant Boi de Lluçanès,
3128759,6533995,Sant Cebria de Vallalta,
3128759,6356228,Sant Cugat Sesgarrigues,
3128759,6356229,Sant Esteve de Palautordera,
3128759,6356230,Sant Esteve Sesrovires,San Esteban de Sasroviras
3128759,6356232,Sant Feliu de Codines,
3128759,6356234,Sant Feliu Sasserra,
3128759,6356231,Sant Fost de Campsentelles,
3128759,6533994,Sant Iscle de Vallalta,
3128759,6356238,Sant Jaume de Frontanyà,
3128759,6356240,Sant Joan de Vilatorrada,
3128759,6356328,Sant Julià de Cerdanyola,
3128759,6356242,Sant Julià de Vilatorta,
3128759,6356244,Sant Llorenç d'Hortons,
3128759,6356245,Sant Llorenç Savall,
3128759,6356247,Sant Martí d'Albars,
3128759,6356246,Sant Martí de Centelles,
3128759,6356248,Sant Martí de Tous,
3128759,6356249,Sant Martí Sarroca,
3128759,6356250,Sant Martí Sesgueioles,
3128759,6356254,Sant Pere de Riudebitlles,
3128759,6356256,Sant Pere de Vilamajor,
3128759,6356213,Sant Pere Sallavinera,
3128759,6356257,Sant Quintí de Mediona,
3128759,6356258,Sant Quirze de Besora,
3128759,6356260,Sant Quirze Safaja,
3128759,6356261,Sant Sadurní d'Anoia,
3128759,6356262,Sant Sadurní d'Osormort,
3128759,6356128,Sant Salvador de Guardiola,
3128759,6533998,Sant Vicenç de Montalt,
3128759,6356284,Sant Vicenç de Torelló,
3128759,6356264,Santa Cecília de Voltregà,
3128759,6356265,Santa Coloma de Cervelló,
3128759,6356266,Santa Coloma de Gramanet,Santa Coloma de Gramenet
3128759,6356267,Santa Eugènia de Berga,
3128759,6356268,Santa Eulàlia de Riuprimer,
3128759,6356269,Santa Eulàlia de Ronçana,
3128759,6356270,Santa Fe del Penedès,
3128759,6356271,Santa Margarida de Montbui,
3128759,6356272,Santa Margarida i els Monjos,
3128759,6356279,Santa Maria d'Oló,
3128759,6356274,Santa Maria de Besora,
3128759,6356276,Santa María de Marlés,Santa Maria de Merlès
3128759,6356277,Santa Maria de Martorelles,
3128759,6356278,Santa Maria de Miralles,
3128759,6356280,Santa Maria de Palautordera,
3128759,6356281,Santa Perpètua de Mogoda,
3128759,6533997,Santa Susanna,
3128759,6356285,Sardañola del Vallés,Cerdanyola del Vallès
3128759,6356286,Sentmenat,
3128759,6356287,Serchs,Cercs
3128759,6356288,Seva,
3128759,6356289,Sitges,
3128759,6356290,Sobremunt,
3128759,6356291,Sora,
3128759,6356292,Subirats,
3128759,6356293,Suria,
3128759,6356295,Tagamanent,
3128759,6356296,Talamanca,
3128759,6356297,Taradell,
3128759,6356298,Tarrasa,Terrassa|Terrasa
3128759,6356294,Tavèrnoles,
3128759,6356299,Tavertet,
3128759,6356300,Teià,
3128759,6356301,Tiana,
3128759,6356302,Tona,
3128759,6533999,Tordera,
3128759,6356303,Torelló,
3128759,3107774,Torrelavid,Torrelavit
3128759,6356305,Torrelles de Foix,
3128759,6356306,Torrelles de Llobregat,
3128759,6356307,Ullastrell,
3128759,6356308,Vacarisses,
3128759,6356309,Vallbona d'Anoia,
3128759,6356310,Vallcebre,
3128759,6356311,Vallgorguina,
3128759,6356312,Vallirana,
3128759,6356313,Vallromanes,
3128759,6356314,Veciana,
3128759,6356315,Vich,Vic
3128759,6356316,Vilada,
3128759,6356317,Viladecaballs,Viladecavalls
3128759,6356318,Viladecans,
3128759,6356323,Vilalba Sasserra,
3128759,6356320,Vilanova de Sau,
3128759,6356319,Vilanova del Camí,
3128759,6356327,Vilanova del Vallès,
3128759,6356236,Vilasar de Dalt,Vilassar de Dalt
3128759,6356241,Vilasar de Mar,Vilassar de Mar
3128759,6356322,Villafranca del Panadés,Vilafranca del Penedès
3128759,6356324,Villanueva y Geltrú,Vilanova i la Geltrú
3128759,6356321,Vilobí del Penedès,
3128759,6356325,Viver i Serrateix,
3129138,6355619,Adanero,
3129138,6355620,"Adrada, La",
3129138,6355621,Albornos,
3129138,6355622,Aldeanueva de Santa Cruz,
3129138,6355623,Aldeaseca,
3129138,6355625,Amavida,
3129138,6355626,"Arenal, El",
3129138,6355627,Arenas de San Pedro,
3129138,6355628,Arevalillo,
3129138,6355629,Arévalo,
3129138,6355630,Aveinte,
3129138,6355631,Avellaneda,
3129138,6355632,Ávila,
3129138,6355633,"Barco de Ávila, El",
3129138,6355634,"Barraco, El",
3129138,6355635,Barromán,
3129138,6355636,Becedas,
3129138,6355637,Becedillas,
3129138,6355638,Bercial de Zapardiel,
3129138,6355639,"Berlanas, Las",
3129138,6355640,Bernuy-Zapardiel,
3129138,6355641,Berrocalejo de Aragona,
3129138,6355642,Blascomillán,
3129138,6355643,Blasconuño de Matacabras,
3129138,6355644,Blascosancho,
3129138,6355645,"Bohodón, El",
3129138,6355646,Bohoyo,
3129138,6355647,Bonilla de la Sierra,
3129138,6355648,Brabos,
3129138,6355649,Bularros,
3129138,6355650,Burgohondo,
3129138,6355651,Cabezas de Alambre,
3129138,6355652,Cabezas del Pozo,
3129138,6355653,Cabezas del Villar,
3129138,6355654,Cabizuela,
3129138,6355655,Canales,
3129138,6355656,Candeleda,
3129138,6355657,Cantiveros,
3129138,6355658,Cardeñosa,
3129138,6355660,Casas del Puerto,
3129138,6355661,Casasola,
3129138,6355662,Casavieja,
3129138,6355663,Casillas,
3129138,6355664,Castellanos de Zapardiel,
3129138,6355665,Cebreros,
3129138,6355666,Cepeda la Mora,
3129138,6355675,Chamartín,
3129138,6355667,Cillán,
3129138,6355668,Cisla,
3129138,6355669,"Colilla, La",
3129138,6355670,Collado de Contreras,
3129138,6355671,Collado del Mirón,
3129138,6355672,Constanzana,
3129138,6355673,Crespos,
3129138,6355674,Cuevas del Valle,
3129138,6355864,Diego del Carpio,
3129138,6355676,Donjimeno,
3129138,6355677,Donvidas,
3129138,6355678,Espinosa de los Caballeros,
3129138,6355679,Flores de Ávila,
3129138,6355680,Fontiveros,
3129138,6355681,Fresnedilla,
3129138,6355682,"Fresno, El",
3129138,6355683,Fuente el Saúz,
3129138,6355684,Fuentes de Año,
3129138,6355685,Gallegos de Altamiros,
3129138,6355686,Gallegos de Sobrinos,
3129138,6355687,Garganta del Villar,
3129138,6355688,Gavilanes,
3129138,6355689,Gemuño,
3129138,6355691,Gil García,
3129138,6355690,Gilbuena,
3129138,6355692,Gimialcón,
3129138,6355693,Gotarrendura,
3129138,6355694,Grandes y San Martín,
3129138,6355695,Guisando,
3129138,6355696,Gutierre-Muñoz,
3129138,6355697,Hernansancho,
3129138,6355698,Herradón de Pinares,
3129138,6355699,Herreros de Suso,
3129138,6355700,Higuera de las Dueñas,
3129138,6355701,"Hija de Dios, La",
3129138,6355702,"Horcajada, La",
3129138,6355703,Horcajo de las Torres,
3129138,6355704,"Hornillo, El",
3129138,6355706,"Hoyo de Pinares, El",
3129138,6355705,Hoyocasero,
3129138,6355707,Hoyorredondo,
3129138,6355710,Hoyos de Miguel Muñoz,
3129138,6355708,Hoyos del Collado,
3129138,6355709,Hoyos del Espino,
3129138,6355711,Hurtumpascual,
3129138,6355712,Junciana,
3129138,6355624,La Aldehuela,
3129138,6355659,La Carrera,
3129138,6355713,Langa,
3129138,6355714,Lanzahíta,
3129138,6355716,"Llanos de Tormes, Los",
3129138,6355715,"Losar del Barco, El",
3129138,6355717,Madrigal de las Altas Torres,
3129138,6355718,Maello,
3129138,6355719,Malpartida de Corneja,
3129138,6355720,Mamblas,
3129138,6355721,Mancera de Arriba,
3129138,6355722,Manjabálago,
3129138,6355723,Marlín,
3129138,6355724,Martiherrero,
3129138,6355725,Martínez,
3129138,6355726,Mediana de Voltoya,
3129138,6355727,Medinilla,
3129138,6355728,Mengamuñoz,
3129138,6355729,Mesegar de Corneja,
3129138,6355730,Mijares,
3129138,6355731,Mingorría,
3129138,6355732,"Mirón, El",
3129138,6355733,Mironcillo,
3129138,6355734,Mirueña de los Infanzones,
3129138,6355735,Mombeltrán,
3129138,6355736,Monsalupe,
3129138,6355737,Moraleja de Matacabras,
3129138,6355738,Muñana,
3129138,6355739,Muñico,
3129138,6355740,Muñogalindo,
3129138,6355741,Muñogrande,
3129138,6355742,Muñomer del Peco,
3129138,6355743,Muñopepe,
3129138,6355744,Muñosancho,
3129138,6355745,Muñotello,
3129138,6355746,Narrillos del Álamo,
3129138,6355747,Narrillos del Rebollar,
3129138,6355750,Narros de Saldueña,
3129138,6355748,Narros del Castillo,
3129138,6355749,Narros del Puerto,
3129138,6355752,Nava de Arévalo,
3129138,6355753,Nava del Barco,
3129138,6355751,Navacepedilla de Corneja,
3129138,6355754,Navadijos,
3129138,6355755,Navaescurial,
3129138,6355756,Navahondilla,
3129138,6355757,Navalacruz,
3129138,6355758,Navalmoral de la Sierra,Navalmoral
3129138,6355759,Navalonguilla,
3129138,6355760,Navalosa,
3129138,6355761,Navalperal de Pinares,
3129138,6355762,Navalperal de Tormes,
3129138,6355763,Navaluenga,
3129138,6355764,Navaquesera,
3129138,6355765,Navarredonda de Gredos,
3129138,6355766,Navarredondilla,
3129138,6355767,Navarrevisca,
3129138,6355768,"Navas del Marqués, Las",
3129138,6355769,Navatalgordo,
3129138,6355770,Navatejares,
3129138,6355771,Neila de San Miguel,
3129138,6355772,Niharra,
3129138,6355773,Ojos-Albos,
3129138,6355774,Orbita,
3129138,6355775,"Oso, El",
3129138,6355776,Padiernos,
3129138,6355777,Pajares de Adaja,
3129138,6355778,Palacios de Goda,
3129138,6355779,Papatrigo,
3129138,6355780,"Parral, El",
3129138,6355781,Pascualcobo,
3129138,6355782,Pedro Bernardo,
3129138,6355783,Pedro-Rodríguez,
3129138,6355784,Peguerinos,
3129138,6355785,Peñalba de Ávila,
3129138,6355786,Piedrahíta,
3129138,6355787,Piedralaves,
3129138,6355788,Poveda,
3129138,6355789,Poyales del Hoyo,
3129138,6355790,Pozanco,
3129138,6355791,Pradosegar,
3129138,6355792,Puerto Castilla,
3129138,6355793,Rasueros,
3129138,6355794,Riocabado,
3129138,6355795,Riofrío,
3129138,6355796,Rivilla de Barajas,
3129138,6355797,Salobral,
3129138,6355798,Salvadiós,
3129138,6355799,San Bartolomé de Béjar,
3129138,6355800,San Bartolomé de Corneja,
3129138,6355801,San Bartolomé de Pinares,
3129138,6355804,San Esteban de los Patos,
3129138,6355806,San Esteban de Zapardiel,
3129138,6355805,San Esteban del Valle,
3129138,6355807,San García de Ingelmos,
3129138,6355862,San Juan de Gredos,
3129138,6355808,San Juan de la Encinilla,
3129138,6355809,San Juan de la Nava,
3129138,6355810,San Juan del Molinillo,
3129138,6355811,San Juan del Olmo,
3129138,6355812,San Lorenzo de Tormes,
3129138,6355813,San Martín de la Vega del Alberche,
3129138,6355814,San Martín del Pimpollar,
3129138,6355815,San Miguel de Corneja,
3129138,6355816,San Miguel de Serrezuela,
3129138,6355817,San Pascual,
3129138,6355818,San Pedro del Arroyo,
3129138,6355828,San Vicente de Arévalo,
3129138,6355802,Sanchidrián,
3129138,6355803,Sanchorreja,
3129138,6355820,Santa Cruz de Pinares,
3129138,6355819,Santa Cruz del Valle,
3129138,6355823,Santa María de los Caballeros,
3129138,6355821,Santa María del Arroyo,
3129138,6355822,Santa María del Berrocal,
3129138,6355863,Santa María del Cubillo,
3129138,6355824,Santa María del Tiétar,
3129138,6355865,Santiago de Tormes,Santiago del Tormes
3129138,6355825,Santiago del Collado,
3129138,6355826,Santo Domingo de las Posadas,
3129138,6355827,Santo Tomé de Zabarcos,
3129138,6355829,"Serrada, La",
3129138,6355830,Serranillos,
3129138,6355831,Sigeres,
3129138,6355832,Sinlabajos,
3129138,6355833,Solana de Ávila,
3129138,6355834,Solana de Rioalmar,
3129138,6355835,Solosancho,
3129138,6355836,Sotalbo,
3129138,6355837,Sotillo de la Adrada,
3129138,6355838,"Tiemblo, El",
3129138,6355839,Tiñosillos,
3129138,6355840,Tolbaños,
3129138,6355841,Tormellas,
3129138,6355842,Tornadizos de Ávila,
3129138,6355844,"Torre, La",
3129138,6355843,Tórtoles,
3129138,6355845,Umbrías,
3129138,6355846,Vadillo de la Sierra,
3129138,6355847,Valdecasa,
3129138,6355848,Vega de Santa María,
3129138,6355849,Velayos,
3129138,6355850,Villaflor,
3129138,6355851,Villafranca de la Sierra,
3129138,6355866,Villanueva de Ávila,
3129138,6355852,Villanueva de Gómez,
3129138,6355853,Villanueva del Aceral,
3129138,6355854,Villanueva del Campillo,
3129138,6355855,Villar de Corneja,
3129138,6355856,Villarejo del Valle,
3129138,6355857,Villatoro,
3129138,6355858,Viñegra de Moraña,
3129138,6355859,Vita,
3129138,6355860,Zapardiel de la Cañada,
3129138,6355861,Zapardiel de la Ribera,
3130717,6355243,Alegría,Dulantzi / Alegría|Alegria-Dulantzi|Alegría de Álava|Dulantzi
3130717,6355244,Amurrio,
3130717,6355277,Añana,
3130717,6355245,Aramaio,
3130717,6355247,Armiñón,
3130717,6355248,Arratzua-Ubarrundia,
3130717,6355270,Arraya-Maestu,Arraia-Maeztu
3130717,6355246,Artziniega,
3130717,6355249,Asparrena,
3130717,6355250,Ayala,Aiara / Ayala|Ayala/Aiara|Aiara
3130717,6355251,Baños de Ebro,Mañueta / Baños de Ebro|Banos de Ebro/Manueta|Mañueta
3130717,6355252,Barrundia,
3130717,6355253,Berantevilla,
3130717,6355254,Bernedo,
3130717,6355255,Campezo,Kanpezu / Campezo|Campezo/Kanpezu|Kanpezu
3130717,6355256,Cigoitia,Zigoitia
3130717,6355259,Elburgo,Burgelu / Elburgo
3130717,6355260,Elciego,Eltziego
3130717,6355261,Elvillar,Bilar / Elvillar|Elvillar/Bilar|Bilar
3130717,6355291,Iruña de Oca,Iruña Oka / Iruña de Oca|Iruna Oka/Iruna de Oca|Iruña Oka
3130717,6355262,Iruraiz-Gauna,
3130717,6355257,Kripan,
3130717,6355258,Kuartango,
3130717,6355263,Labastida,Bastida / Labastida|Bastida
3130717,6355264,Lagrán,
3130717,6355265,Laguardia,
3130717,6355266,Lanciego,Lantziego / Lanciego|Lanciego/Lantziego|Lantziego
3130717,6355292,Lantarón,
3130717,6355267,Lapuebla de Labarca,
3130717,6355268,Leza,
3130717,6355269,Llodio,Laudio / Llodio|Laudio/Llodio|Laudio
3130717,6355271,Moreda de Álava,Moreda Araba / Moreda de Álava|Moreda Araba
3130717,6355272,Navaridas,
3130717,3115024,Oquendo,Okondo
3130717,6355273,Oyón,Oion / Oyón|Oyon-Oion|Oion
3130717,6355274,Peñacerrada,Urizaharra / Peñacerrada|Penacerrada-Urizaharra|Urizaharra
3130717,6355275,Ribera Alta,Erriberagoitia / Ribera Alta|Erriberagoitia
3130717,6355276,Ribera Baja,Erribera Beitia / Ribera Baja|Erribera Beitia
3130717,6355278,Salvatierra,Agurain / Salvatierra|Salvatierra/Agurain|Agurain
3130717,6355279,Samaniego,
3130717,6355280,San Millán,Donemiliaga / San Millán|Donemiliaga
3130717,6355281,Urcabustaiz,Urkabustaiz
3130717,6355282,Valdegovía,Gaubea / Valdegovía|Gaubea
3130717,6355283,Valle de Arana,Harana / Valle de Arana|Harana/Valle de Arana|Harana
3130717,6355284,Villabuena de Álava,Eskuernaga / Villabuena de Álava|Eskuernaga
3130717,6355285,Villarreal de Álava,Legutio|Legutiano
3130717,6355286,Vitoria,Gasteiz / Vitoria|Vitoria-Gasteiz|Gasteiz
3130717,6355287,Yécora,Iekora / Yécora|Yecora/Iekora|Iekora
3130717,6355288,Zalduondo,
3130717,6355289,Zambrana,Zanbrana
3130717,6355290,Zuia,
6355230,6534002,Agullana,
6355230,6534003,Aiguaviva,
6355230,6534004,Albañá,Albanyà
6355230,6534005,Albons,
6355230,6357595,Alp,
6355230,6534007,Amer,
6355230,6534008,Anglès,
6355230,6357596,Arbucias,Arbúcies
6355230,6534009,Argelaguer,
6355230,6534011,Aviñonet de Puig Ventós,Avinyonet de Puigventós|Avinyonet
6355230,6534014,Bañolas,Banyoles
6355230,6534015,Bàscara,
6355230,6534012,Begur,
6355230,6534016,Bellcaire d'Empordà,
6355230,6534017,Besalú,
6355230,6534018,Bescanó,
6355230,6534019,Beuda,
6355230,6534021,Blanes,
6355230,6357597,Bolvir,
6355230,6534022,Bordils,
6355230,6534023,Borrassà,
6355230,6534024,Breda,
6355230,6534025,Brunyola,
6355230,6534026,Buadella,Boadella i les Escaules
6355230,6534028,Cabanellas,Cabanelles
6355230,6534027,Cabanes,
6355230,6534029,Cadaqués,
6355230,6534030,Caldes de Malavella,Caldas de Malavella
6355230,6534031,Calonge,
6355230,6534032,Camós,
6355230,6357598,Campdevànol,
6355230,6357599,Campelles,
6355230,6534033,Campllong,
6355230,6357600,Camprodón,
6355230,6534034,Caner d'Adri,
6355230,6534035,Cantallops,
6355230,6534036,Capmany,Campmany
6355230,6534037,Cassá de la Selva,
6355230,6534041,Castell-Platja d'Aro,
6355230,6534039,Castellfullit de la Roca,Castellfollit de la Roca
6355230,6534040,Castelló d'Empúries,
6355230,6534043,Celrà,
6355230,6534044,Cervià de Ter,
6355230,6534045,Cistella,
6355230,6534149,Ciurana,Siurana
6355230,6534046,Colera,
6355230,6534047,Colomers,
6355230,6534049,Cornellà de Terri,
6355230,6534048,Corsá,Corçà
6355230,6534050,Crespià,
6355230,6534051,"Cruïlles, Monells i Sant Sadurní de l'Heura",
6355230,6534052,Darnius,
6355230,6357602,Das,
6355230,6534006,el Far d'Empordà,
6355230,6534107,el Port de la Selva,
6355230,6357603,Espinelves,
6355230,6534054,Espolla,
6355230,6534055,Esponellà,
6355230,6534056,Figueras,Figueres
6355230,6534057,Flaçà,
6355230,6534058,Foixá,
6355230,6357604,Fontanals de Cerdanya,
6355230,6534059,Fontanillas,Fontanilles
6355230,6534060,Fontcoberta,
6355230,6534061,Forallac,
6355230,6534062,Fornells de la Selva,
6355230,6534063,Fortià,
6355230,6534064,Garrigás,
6355230,6534065,Garrigoles,
6355230,6534066,Garriguella,
6355230,6357605,Ger,
6355230,6534067,Girona,Xirona
6355230,6357606,Gombrèn,
6355230,6534068,Gualta,
6355230,6357607,Guils de Cerdaña,Guils de Cerdanya
6355230,6534069,Hostalric,
6355230,6357608,Isòvol,
6355230,6534070,Jafre,
6355230,6534072,Juià,
6355230,6534010,l'Armentera,
6355230,6534053,l'Escala,
6355230,6534020,La Bisbal dEmporda,la Bisbal d'Empordà
6355230,6534042,la Cellera de Ter,
6355230,6534071,La Jonquera,
6355230,6534101,la Pera,
6355230,6534145,la Selva de Mar,
6355230,6534150,la Tallada d'Empordà,
6355230,6534013,la Vajol,
6355230,6357634,la Vall d'en Bas,
6355230,6357635,la Vall de Bianya,
6355230,6357611,les Llosses,
6355230,6534103,les Planes d'Hostoles,
6355230,6357619,les Preses,
6355230,6534073,Lladó,
6355230,6534074,Llagostera,
6355230,6534075,Llambilles,
6355230,6357609,Llanars,
6355230,6534076,Llansá,Llançà
6355230,6534077,Llers,
6355230,6357610,Llivia,
6355230,6534078,Lloret de Mar,
6355230,6534081,Madremanya,
6355230,6534082,Maià de Montcal,
6355230,6534083,Masarach,Masarac
6355230,6534084,Massanes,
6355230,6534079,Massanet de Cabrenys,Maçanet de Cabrenys
6355230,6534080,Massanet de la Selva,Maçanet de la Selva
6355230,6357612,Meranges,
6355230,6534085,Mieres,
6355230,6534086,Mollet de Peralada,
6355230,6357613,Molló,
6355230,6534087,Mont-ras,
6355230,6357614,Montagut i Oix,
6355230,6534088,Navata,
6355230,6357615,Ogassa,
6355230,6357616,Olot,
6355230,6534089,Ordis,
6355230,6534090,Osor,
6355230,6534091,Palafrugell,
6355230,6534092,Palamós,
6355230,6534093,Palau de Santa Eulàlia,
6355230,6534094,Palau-sator,
6355230,6534095,Palau-saverdera,
6355230,6534096,Palol de Revardit,
6355230,6534097,Pals,
6355230,6357617,Pardines,
6355230,6534098,Parlavà,
6355230,6534099,Pau,
6355230,6534100,Pedret i Marzà,
6355230,6534102,Perelada,Peralada
6355230,6357618,Planoles,
6355230,6534104,Pont de Molins,
6355230,6534105,Pontós,
6355230,6534106,Porqueres,
6355230,6534108,Portbou,
6355230,6357620,Puigcerdà,
6355230,6534109,Quart,
6355230,6357601,Queralbs,
6355230,6534110,Rabós,
6355230,6534111,Regencós,
6355230,6357621,Ribas de Freser,Ribes de Freser
6355230,6357622,Riells i Viabrea,
6355230,6357623,Ripoll,
6355230,6534112,Riudarenes,
6355230,6357624,Riudaura,
6355230,6534113,Riudellots de la Selva,
6355230,6534114,Riumors,
6355230,6534115,Rosas,Roses
6355230,6534116,Rupià,
6355230,6534117,Sales de Llierca,
6355230,6534118,Salt,
6355230,6534121,San Clemente Sasebas,Sant Climent Sescebes
6355230,6534123,San Feliu de Guíxols,Sant Feliu de Guíxols
6355230,6357626,San Hilario Sacalm,Sant Hilari Sacalm
6355230,6357627,San Juan de las Abadesas,Sant Joan de les Abadesses
6355230,6534128,San Juan les Fonts,Sant Joan les Fonts
6355230,6534132,San Lorenzo de la Muga,Sant Llorenç de la Muga
6355230,6534136,San Miguel de Fluviá,Sant Miquel de Fluvià
6355230,6534137,San Mori,Sant Mori
6355230,6534138,San Pedro Pescador,Sant Pere Pescador
6355230,6534119,Sant Andreu Salou,
6355230,6534120,Sant Aniol de Finestres,
6355230,6534122,Sant Feliu de Buixalleu,
6355230,6357625,Sant Feliu de Pallerols,
6355230,6534124,Sant Ferriol,
6355230,6534125,Sant Gregori,
6355230,6534126,Sant Jaume de Llierca,
6355230,6534127,Sant Joan de Mollet,
6355230,6534129,Sant Jordi Desvalls,
6355230,6534130,Sant Julia de Ramis,San Julián de Ramis
6355230,6534131,Sant Julià del Llor i Bonmatí,
6355230,6534133,Sant Martí de Llémena,
6355230,6534134,Sant Martí Vell,
6355230,6534135,Sant Miquel de Campmajor,
6355230,6357629,Sant Pau de Segúries,
6355230,6534139,Santa Coloma de Farnés,Santa Coloma de Farners
6355230,6534140,Santa Cristina d'Aro,
6355230,6534141,Santa Llogaia d'Àlguema,
6355230,6534142,Santa Pau,
6355230,6534143,Sarrià de Ter,
6355230,6534144,"Saus, Camallera i Llampaies",
6355230,6534146,Serinyà,
6355230,6534147,Serra de Daró,
6355230,6357630,Setcases,
6355230,6534148,Sils,
6355230,6357631,Susqueda,
6355230,6534151,Terradas,Terrades
6355230,6534152,Torrent,
6355230,6534153,Torroella de Fluviá,
6355230,6534154,Torroella de Montgrí,
6355230,6534155,Tortellà,
6355230,6357632,Toses,
6355230,6534156,Tossa de Mar,
6355230,6534157,Ullà,
6355230,6534158,Ullastret,
6355230,6534159,Ultramort,
6355230,6357633,Urús,
6355230,6534160,Vall-llobrega,
6355230,6357628,Vallfogona de Ripollès,
6355230,6534161,Ventalló,
6355230,6534162,Verges,
6355230,6357636,Vidrà,
6355230,6534163,Vidreras,Vidreres
6355230,6534175,Vila-sacra,
6355230,6534164,Vilabertran,
6355230,6534165,Vilablareix,
6355230,6534166,Viladamat,
6355230,6534167,Viladasens,
6355230,6534168,Vilademuls,
6355230,6357637,Viladrau,
6355230,6534169,Vilafan,Vilafant
6355230,6534170,Vilajuïga,
6355230,6357638,Vilallonga de Ter,
6355230,6534171,Vilamacolum,
6355230,6534172,Vilamalla,
6355230,6534173,Vilamaniscle,
6355230,6534174,Vilanant,
6355230,6534176,Vilaür,Vilauer
6355230,6534177,Vilobí d'Onyar,
6355230,6534178,Vilopriu,
6355230,6534038,Viure,Biure
6355231,6358761,Abella de la Conca,
6355231,6358762,Ager,
6355231,6358763,Agramunt,
6355231,6358795,Aitona,
6355231,6358765,Alàs i Cerc,
6355231,6358767,Albatàrrec,
6355231,6358768,Albesa,
6355231,6358770,Alcanó,
6355231,6358771,Alcarràs,
6355231,6358772,Alcoletge,
6355231,6358773,Alfarràs,
6355231,6358774,Alfés,
6355231,6358775,Algerri,
6355231,6358776,Alguaire,
6355231,6358777,Alins,
6355231,6358778,Almacelles,
6355231,6358779,Almatret,
6355231,6358780,Almenar,
6355231,6358781,Alòs de Balaguer,
6355231,6358782,Alpicat,
6355231,6358783,Alt Àneu,
6355231,6358784,Alto Arán,Naut Aran
6355231,6358785,Anglesola,
6355231,6358786,Arbeca,
6355231,6358788,Arres,
6355231,6358789,Arsèguel,
6355231,6358790,Artesa de Lleida,
6355231,6358791,Artesa de Segre,
6355231,6358793,Aspa,
6355231,6358796,Baix Pallars,
6355231,6358797,Balaguer,
6355231,6358798,Barbens,
6355231,6358801,Basella,Bassella
6355231,6358802,Bausen,
6355231,6358803,Belianes,
6355231,6358805,Bell-lloc d'Urgell,
6355231,6358907,Bellaguarda,
6355231,6358804,Bellcaire d'Urgell,
6355231,6358806,Bellmunt d'Urgell,
6355231,6358807,Bellpuig,
6355231,6358808,Bellver de Cerdaña,Bellver de Cerdanya
6355231,6358809,Bellvís,
6355231,6358810,Benavent de Segrià,
6355231,6358811,Biosca,
6355231,6358815,Bossòst,
6355231,6358812,Bovera,
6355231,6358816,Cabanabona,
6355231,6358817,Cabó,
6355231,6358818,Camarasa,
6355231,6358819,Canejan,
6355231,6358981,Castell de Mur,
6355231,6358820,Castellar de la Ribera,
6355231,6358821,Castelldans,
6355231,6358822,Castellnou de Seana,
6355231,6358823,Castelló de Farfanya,
6355231,6358824,Castellserà,
6355231,6358825,Cava,
6355231,6358826,Cervera,
6355231,6358827,Cervià de les Garrigues,
6355231,6358828,Ciutadilla,
6355231,6358829,Clariana de Cardener,
6355231,6358831,Coll de Nargó,
6355231,6358899,Conca de Dalt,
6355231,6358832,Corbins,
6355231,6358833,Cubells,
6355231,6358830,el Cogul,
6355231,6358898,el Palau d'Anglesola,
6355231,6358905,el Poal,
6355231,6358787,el Pont de Bar,
6355231,6358910,El Pont de Suert,
6355231,6358936,el Soleràs,
6355231,6358975,el Vilosell,
6355231,6358764,els Alamús,
6355231,6358893,els Omellons,
6355231,6358894,els Omells de na Gaia,
6355231,6358988,els Plans de Sió,
6355231,6358952,els Torms,
6355231,6358813,es Bòrdes,
6355231,6358835,Espot,
6355231,6358839,Estamariu,
6355231,6358836,Estaràs,
6355231,6358837,Esterri d'Àneu,
6355231,6358838,Esterri de Cardós,
6355231,6358840,Farrera,
6355231,6358985,Fígols i Alinyà,
6355231,6358842,Fondarella,
6355231,6358843,Foradada,
6355231,6358845,Fulleda,
6355231,6358846,Gavet de la Conca,
6355231,6358989,Gimenells i el Pla de la Font,
6355231,6358847,Golmés,
6355231,6358848,Gósol,
6355231,6358851,Granyanella,
6355231,6358853,Granyena de les Garrigues,
6355231,6358852,Granyena de Segarra,
6355231,6358854,Guimerà,
6355231,6358855,Guissona,
6355231,6358856,Guixers,
6355231,6358860,Isona i Conca Dellà,
6355231,6358858,Ivars d'Urgell,
6355231,6358857,Ivars de Noguera,
6355231,6358859,Ivorra,
6355231,6358987,Josá Tuixent,Josa i Tuixén
6355231,6358861,Juncosa,
6355231,6358862,Juneda,
6355231,6358766,l'Albagés,
6355231,6358769,l'Albi,
6355231,6358834,l'Espluga Calba,
6355231,6358799,la Baronia de Rialb,
6355231,6358900,la Coma i la Pedra,
6355231,6358841,la Floresta,
6355231,6358844,la Fuliola,
6355231,6358849,la Granadella,
6355231,6358850,la Granja d'Escarp,
6355231,6358980,la Guingueta d'Àneu,
6355231,6358878,la Molsosa,
6355231,6358906,la Pobla de Cérvoles,
6355231,6358908,la Pobla de Segur,
6355231,6358911,la Portella,
6355231,6358792,la Sentiu de Sió,
6355231,6358933,la Seu d'Urgell,
6355231,6358955,la Torre de Cabdella,
6355231,6358800,la Vall de Boí,
6355231,6358986,la Vansa i Fórnols,
6355231,6358863,Lérida,Lleida
6355231,6362989,Les,
6355231,6358794,les Avellanes i Santa Linya,
6355231,6358814,les Borges Blanques,
6355231,6358892,les Oluges,
6355231,6358983,les Valls d'Aguilar,
6355231,6358963,les Valls de Valira,
6355231,6358864,Liñola,Linyola
6355231,6358865,Lladorre,
6355231,6358866,Lladurs,
6355231,6358867,Llardecans,
6355231,6358868,Llavorsí,
6355231,6358869,Lles de Cerdanya,
6355231,6358870,Llimiana,
6355231,6358871,Llobera,
6355231,6358872,Maldà,
6355231,6358873,Massalcoreig,
6355231,6358874,Massoteres,
6355231,6358875,Mayals,Maials
6355231,6358876,Menàrguens,
6355231,6358877,Miralcamp,
6355231,6358879,Mollerusa,Mollerussa
6355231,6358881,Montellà i Martinet,
6355231,6358882,Montferrer i Castellbò,
6355231,6358880,Montgai,
6355231,6358884,Montoliu de Lleida,
6355231,6358883,Montoliu de Segarra,
6355231,6358885,Montornès de Segarra,
6355231,6358886,Nalec,
6355231,6358887,Navès,
6355231,6358888,Odén,
6355231,6358889,Oliana,
6355231,6358890,Oliola,
6355231,6358891,Olius,
6355231,6358895,Organyà,
6355231,6358896,Os de Balaguer,
6355231,6358897,Ossó de Sió,
6355231,6358901,Penelles,
6355231,6358902,Peramola,
6355231,6358903,Pinell de Solsonès,
6355231,6358904,Pinós,
6355231,6358909,Ponts,
6355231,6358912,Prats i Sansor,
6355231,6358913,Preixana,
6355231,6358914,Preixens,
6355231,6358915,Prullans,
6355231,6358916,Puiggròs,
6355231,6358917,Puigverd d'Agramunt,
6355231,6358918,Puigverd de Lleida,
6355231,6358919,Rialp,
6355231,6358982,Ribera d'Ondara,
6355231,6358920,Ribera d'Urgellet,
6355231,6358921,Riner,
6355231,6358990,Riu de Cerdanya,
6355231,6358922,Rosselló,
6355231,6358923,Salàs de Pallars,
6355231,6358924,Sanaüja,Sanaueja
6355231,6358928,Sant Esteve de la Sarga,
6355231,6358925,Sant Guim de Freixenet,
6355231,6358929,Sant Guim de la Plana,
6355231,6358926,Sant Llorenç de Morunys,
6355231,6358979,Sant Martí de Riucorb,
6355231,6358927,Sant Ramon,
6355231,6358931,Sarroca de Bellera,
6355231,6358930,Sarroca de Lleida,
6355231,6358932,Senterada,
6355231,6358934,Serós,
6355231,6358935,Sidamon,
6355231,6358937,Solsona,
6355231,6358938,Soriguera,
6355231,6358939,Sort,
6355231,6358940,Soses,
6355231,6358941,Sudanell,
6355231,6358942,Sunyer,
6355231,6358943,Talarn,
6355231,6358944,Talavera,
6355231,6358945,Tárrega,
6355231,6358946,Tarrés,
6355231,6358947,Tarroja de Segarra,
6355231,6358948,Térmens,
6355231,6358949,Tírvia,
6355231,6358950,Tiurana,
6355231,6358951,Torà,
6355231,6358953,Tornabous,
6355231,6358960,Torre-serona,
6355231,6358954,Torrebesses,
6355231,6358956,Torrefarrera,
6355231,6358984,Torreflor,Torrefeta i Florejacs
6355231,6358957,Torregrossa,
6355231,6358958,Torrelameu,
6355231,6358959,Torres de Segre,
6355231,6358961,Tremp,
6355231,6358978,Vall de Cardós,
6355231,6358962,Vallbona de les Monges,
6355231,6358964,Vallfogona de Balaguer,
6355231,6358965,Verdú,
6355231,6358966,Viella Mitg Arán,Vielha e Mijaran
6355231,6358974,Vila-sana,
6355231,6358967,Vilagrassa,
6355231,7577093,Vilaller,
6355231,6358969,Vilamòs,
6355231,6358970,Vilanova de Bellpuig,
6355231,6358971,Vilanova de l'Aguda,
6355231,6358976,Vilanova de la Barca,
6355231,6358972,Vilanova de Meià,
6355231,6358973,Vilanova de Segrià,
6355231,6358977,Vinaixa,
6355232,6358991,Ábalos,
6355232,6358992,Agoncillo,
6355232,6358993,Aguilar del Río Alhama,
6355232,6358994,Ajamil de Cameros,
6355232,6358995,Albelda de Iregua,
6355232,6358996,Alberite,
6355232,6358997,Alcanadre,
6355232,6358998,Aldeanueva de Ebro,
6355232,6358999,Alesanco,
6355232,6359000,Alesón,
6355232,6359001,Alfaro,
6355232,6359002,Almarza de Cameros,
6355232,6359003,Anguciana,
6355232,6359004,Anguiano,
6355232,6359005,Arenzana de Abajo,
6355232,6359006,Arenzana de Arriba,
6355232,6359007,Arnedillo,
6355232,6359008,Arnedo,
6355232,6359009,Arrúbal,
6355232,6359010,Ausejo,
6355232,6359011,Autol,
6355232,6359012,Azofra,
6355232,6359013,Badarán,
6355232,6359014,Bañares,
6355232,6359016,Baños de Río Tobía,
6355232,6359015,Baños de Rioja,
6355232,6359017,Berceo,
6355232,6359018,Bergasa,
6355232,6359019,Bergasillas Bajera,
6355232,6359020,Bezares,
6355232,6359021,Bobadilla,
6355232,6359022,Brieva de Cameros,
6355232,6359023,Briñas,
6355232,6359024,Briones,
6355232,6359025,Cabezón de Cameros,
6355232,6359026,Calahorra,
6355232,6359027,Camprovín,
6355232,6359028,Canales de la Sierra,
6355232,6359030,Cañas,
6355232,6359029,Canillas de Río Tuerto,
6355232,6359031,Cárdenas,
6355232,6359032,Casalarreina,
6355232,6359033,Castañares de Rioja,
6355232,6359034,Castroviejo,
6355232,6359035,Cellorigo,
6355232,6359036,Cenicero,
6355232,6359037,Cervera del Río Alhama,
6355232,6359038,Cidamón,
6355232,6359039,Cihuri,
6355232,6359040,Cirueña,
6355232,6359041,Clavijo,
6355232,6359042,Cordovín,
6355232,6359043,Corera,
6355232,6359044,Cornago,
6355232,6359045,Corporales,
6355232,6359046,Cuzcurrita de Río Tirón,
6355232,6359047,Daroca de Rioja,
6355232,6359108,El Rasillo de Cameros,
6355232,6359048,Enciso,
6355232,6359049,Entrena,
6355232,6359050,Estollo,
6355232,6359051,Ezcaray,
6355232,6359052,Foncea,
6355232,6359053,Fonzaleche,
6355232,6359054,Fuenmayor,
6355232,6359055,Galbárruli,
6355232,6359056,Galilea,
6355232,6359057,Gallinero de Cameros,
6355232,6359058,Gimileo,
6355232,6359059,Grañón,
6355232,6359060,Grávalos,
6355232,6359061,Haro,
6355232,6359062,Herce,
6355232,6359063,Herramélluri,
6355232,6359064,Hervías,
6355232,6359065,Hormilla,
6355232,6359066,Hormilleja,
6355232,6359067,Hornillos de Cameros,
6355232,6359068,Hornos de Moncalvillo,
6355232,6359069,Huércanos,
6355232,6359070,Igea,
6355232,6359071,Jalón de Cameros,
6355232,6359072,Laguna de Cameros,
6355232,6359073,Lagunilla del Jubera,
6355232,6359074,Lardero,
6355232,6359075,Ledesma de la Cogolla,
6355232,6359076,Leiva,
6355232,6359077,Leza de Río Leza,
6355232,6359078,Logroño,
6355232,6359079,Lumbreras,
6355232,6359080,Manjarrés,
6355232,6359081,Mansilla de la Sierra,
6355232,6359082,Manzanares de Rioja,
6355232,6359083,Matute,
6355232,6359084,Medrano,
6355232,6359085,Munilla,
6355232,6359086,Murillo de Río Leza,
6355232,6359087,Muro de Aguas,
6355232,6359088,Muro en Cameros,
6355232,6359089,Nájera,
6355232,6359090,Nalda,
6355232,6359091,Navajún,
6355232,6359092,Navarrete,
6355232,6359093,Nestares,
6355232,6359094,Nieva de Cameros,
6355232,6359096,Ochánduri,
6355232,6359095,Ocón,
6355232,6359097,Ojacastro,
6355232,6359098,Ollauri,
6355232,6359099,Ortigosa de Cameros,
6355232,6359100,Pazuengos,
6355232,6359101,Pedroso,
6355232,6359102,Pinillos,
6355232,6359103,Pradejón,
6355232,6359104,Pradillo,
6355232,6359105,Préjano,
6355232,6359106,Quel,
6355232,6359107,Rabanera,
6355232,6359109,"Redal, El",
6355232,6359110,Ribafrecha,
6355232,6359111,Rincón de Soto,
6355232,6359112,Robres del Castillo,
6355232,6359113,Rodezno,
6355232,6359114,Sajazarra,
6355232,6359115,San Asensio,
6355232,6359116,San Millán de la Cogolla,
6355232,6359117,San Millán de Yécora,
6355232,6359118,San Román de Cameros,
6355232,6359123,San Torcuato,
6355232,6359126,San Vicente de la Sonsierra,
6355232,6359119,Santa Coloma,
6355232,6359120,Santa Engracia del Jubera,
6355232,6359121,Santa Eulalia Bajera,
6355232,6359122,Santo Domingo de la Calzada,
6355232,6359124,Santurde de Rioja,
6355232,6359125,Santurdejo,
6355232,6359127,Sojuela,
6355232,6359128,Sorzano,
6355232,6359129,Sotés,
6355232,6359130,Soto en Cameros,
6355232,6359131,Terroba,
6355232,6359132,Tirgo,
6355232,6359133,Tobía,
6355232,6359134,Tormantos,
6355232,6359137,Torre en Cameros,
6355232,6359135,Torrecilla en Cameros,
6355232,6359136,Torrecilla sobre Alesanco,
6355232,6359138,Torremontalbo,
6355232,6359139,Treviana,
6355232,6359140,Tricio,
6355232,6359141,Tudelilla,
6355232,6359142,Uruñuela,
6355232,6359143,Valdemadera,
6355232,6359144,Valgañón,
6355232,6359145,Ventosa,
6355232,6359146,Ventrosa,
6355232,6359147,Viguera,
6355232,6359148,Villalba de Rioja,
6355232,6359149,Villalobar de Rioja,
6355232,6359150,Villamediana de Iregua,
6355232,6359151,Villanueva de Cameros,
6355232,6359152,"Villar de Arnedo, El",
6355232,6359153,Villar de Torre,
6355232,6359154,Villarejo,
6355232,6359155,Villarroya,
6355232,6359156,Villarta-Quintana,
6355232,6359157,Villavelayo,
6355232,6359158,Villaverde de Rioja,
6355232,6359159,Villoslada de Cameros,
6355232,6359160,Viniegra de Abajo,
6355232,6359161,Viniegra de Arriba,
6355232,6359162,Zarratón,
6355232,6359163,Zarzosa,
6355232,6359164,Zorraquín,
6355233,6359227,"Acebeda, La",
6355233,6359228,Ajalvir,
6355233,6359229,Alameda del Valle,
6355233,6359230,"Álamo, El",
6355233,6359231,Alcalá de Henares,
6355233,6359232,Alcobendas,
6355233,6359233,Alcorcón,
6355233,6359234,Aldea del Fresno,
6355233,6359235,Algete,
6355233,6359236,Alpedrete,
6355233,6359237,Ambite,
6355233,6359238,Anchuelo,
6355233,6359239,Aranjuez,
6355233,6359240,Arganda del Rey,
6355233,6359241,Arroyomolinos,
6355233,6359242,"Atazar, El",
6355233,6359243,Batres,
6355233,6359244,Becerril de la Sierra,
6355233,6359245,Belmonte de Tajo,
6355233,6359247,"Berrueco, El",
6355233,6359246,Berzosa del Lozoya,
6355233,6359248,Boadilla del Monte,
6355233,6359250,Braojos de la Sierra,Braojos
6355233,6359251,Brea de Tajo,
6355233,6359252,Brunete,
6355233,6359253,Buitrago del Lozoya,
6355233,6359254,Bustarviejo,
6355233,6359255,Cabanillas de la Sierra,
6355233,6359256,"Cabrera, La",
6355233,6359257,Cadalso de los Vidrios,
6355233,6359258,Camarma de Esteruelas,
6355233,6359259,Campo Real,
6355233,6359260,Canencia,
6355233,6359261,Carabaña,
6355233,6359262,Casarrubuelos,
6355233,6359263,Cenicientos,
6355233,6359264,Cercedilla,
6355233,6359265,Cervera de Buitrago,
6355233,6359277,Chapinería,
6355233,6359278,Chinchón,
6355233,6359266,Ciempozuelos,
6355233,6359267,Cobeña,
6355233,6359272,Collado Mediano,
6355233,6359273,Collado Villalba,
6355233,6359269,Colmenar de Oreja,
6355233,6359268,Colmenar del Arroyo,
6355233,6359271,Colmenar Viejo,
6355233,6359270,Colmenarejo,
6355233,6359274,Corpa,
6355233,6359275,Coslada,
6355233,6359276,Cubas de la Sagra,
6355233,6359279,Daganzo de Arriba,
6355233,6359249,El Boalo,
6355233,6359280,El Escorial,"Escorial, El"
6355233,6359281,Estremera,
6355233,6359282,Fresnedillas de la Oliva,
6355233,6359283,Fresno de Torote,
6355233,6359284,Fuenlabrada,
6355233,6359285,Fuente el Saz de Jarama,
6355233,6359286,Fuentidueña de Tajo,
6355233,6359287,Galapagar,
6355233,6359288,Garganta de los Montes,
6355233,6359289,Gargantilla del Lozoya y Pinilla de Buitrago,
6355233,6359290,Gascones,
6355233,6359291,Getafe,Xetafe
6355233,6359292,Griñón,
6355233,6359293,Guadalix de la Sierra,
6355233,6359294,Guadarrama,
6355233,6359295,"Hiruela, La",
6355233,6359296,Horcajo de la Sierra-Aoslos,Horcajo de la Sierra
6355233,6359297,Horcajuelo de la Sierra,
6355233,6359298,Hoyo de Manzanares,
6355233,6359299,Humanes de Madrid,
6355233,6359348,Las Rozas de Madrid,
6355233,6359300,Leganés,
6355233,6359301,Loeches,
6355233,6359302,Lozoya,
6355233,6359403,Lozoyuela-Navas-Sieteiglesias,
6355233,6359303,Madarcos,
6355233,6359304,Madrid,
6355233,6359305,Majadahonda,
6355233,6359306,Manzanares el Real,
6355233,6359307,Meco,
6355233,6359308,Mejorada del Campo,
6355233,6359309,Miraflores de la Sierra,
6355233,6359310,"Molar, El",
6355233,6359311,"Molinos, Los",
6355233,6359312,Montejo de la Sierra,
6355233,6359313,Moraleja de Enmedio,
6355233,6359314,Moralzarzal,
6355233,6359315,Morata de Tajuña,
6355233,6359316,Móstoles,
6355233,6359317,Navacerrada,
6355233,6359318,Navalafuente,
6355233,6359319,Navalagamella,
6355233,6359320,Navalcarnero,
6355233,6359321,Navarredonda y San Mamés,
6355233,6359322,Navas del Rey,
6355233,6359323,Nuevo Baztán,
6355233,6359324,Olmeda de las Fuentes,
6355233,6359325,Orusco de Tajuña,
6355233,6359326,Paracuellos de Jarama,
6355233,6359327,Parla,
6355233,6359328,Patones,
6355233,6359329,Pedrezuela,
6355233,6359330,Pelayos de la Presa,
6355233,6359331,Perales de Tajuña,
6355233,6359332,Pezuela de las Torres,
6355233,6359333,Pinilla del Valle,
6355233,6359334,Pinto,
6355233,6359335,Piñuécar-Gandullas,
6355233,6359336,Pozuelo de Alarcón,
6355233,6359337,Pozuelo del Rey,
6355233,6359338,Prádena del Rincón,
6355233,6359339,Puebla de la Sierra,
6355233,6359404,Puentes Viejas,
6355233,6359340,Quijorna,
6355233,6359341,Rascafría,
6355233,6359342,Redueña,
6355233,6359343,Ribatejada,
6355233,6359344,Rivas-Vaciamadrid,
6355233,6359345,Robledillo de la Jara,
6355233,6359346,Robledo de Chavela,
6355233,6359347,Robregordo,
6355233,6359349,Rozas de Puerto Real,
6355233,6359350,San Agustín del Guadalix,
6355233,6359351,San Fernando de Henares,
6355233,6359352,San Lorenzo de El Escorial,
6355233,6359353,San Martín de la Vega,
6355233,6359354,San Martín de Valdeiglesias,
6355233,6359355,San Sebastián de los Reyes,
6355233,6359356,Santa María de la Alameda,
6355233,6359357,Santorcaz,
6355233,6359358,"Santos de la Humosa, Los",
6355233,6359359,"Serna del Monte, La",
6355233,6359360,Serranillos del Valle,
6355233,6359361,Sevilla la Nueva,
6355233,6359362,Somosierra,
6355233,6359363,Soto del Real,
6355233,6359364,Talamanca de Jarama,
6355233,6359365,Tielmes,
6355233,6359366,Titulcia,
6355233,6359367,Torrejón de Ardoz,
6355233,6359368,Torrejón de la Calzada,
6355233,6359369,Torrejón de Velasco,
6355233,6359370,Torrelaguna,
6355233,6359371,Torrelodones,
6355233,6359372,Torremocha de Jarama,
6355233,6359373,Torres de la Alameda,
6355233,6359405,Tres Cantos,
6355233,6359374,Valdaracete,
6355233,6359375,Valdeavero,
6355233,6359376,Valdelaguna,
6355233,6359377,Valdemanco,
6355233,6359378,Valdemaqueda,
6355233,6359379,Valdemorillo,
6355233,6359380,Valdemoro,
6355233,6359381,Valdeolmos-Alalpardo,
6355233,6359382,Valdepiélagos,
6355233,6359383,Valdetorres de Jarama,
6355233,6359384,Valdilecha,
6355233,6359385,Valverde de Alcalá,
6355233,6359386,Velilla de San Antonio,
6355233,6359387,"Vellón, El",
6355233,6359388,Venturada,
6355233,6359390,Villa del Prado,
6355233,6359389,Villaconejos,
6355233,6359391,Villalbilla,
6355233,6359392,Villamanrique de Tajo,
6355233,6359393,Villamanta,
6355233,6359394,Villamantilla,
6355233,6359395,Villanueva de la Cañada,
6355233,6359397,Villanueva de Perales,
6355233,6359396,Villanueva del Pardillo,
6355233,6359398,Villar del Olmo,
6355233,6359399,Villarejo de Salvanés,
6355233,6359400,Villaviciosa de Odón,
6355233,6359401,Villavieja del Lozoya,
6355233,6359402,Zarzalejo,
6355234,6359506,Abanilla,Favanella
6355234,6359507,Abarán,
6355234,6359508,Águilas,
6355234,6359509,Albudeite,
6355234,6359510,Alcantarilla,
6355234,6359549,"Alcázares, Los",
6355234,6359511,Aledo,
6355234,6359512,Alguazas,
6355234,6359513,Alhama de Murcia,
6355234,6359514,Archena,
6355234,6359515,Beniel,
6355234,6359516,Blanca,
6355234,6359517,Bullas,
6355234,6359518,Calasparra,
6355234,6359519,Campos del Río,
6355234,6359520,Caravaca de la Cruz,
6355234,6359521,Cartagena,Cartaxena
6355234,6359522,Cehegín,
6355234,6359523,Ceutí,
6355234,6359524,Cieza,
6355234,6359525,Fortuna,
6355234,6359526,Fuente Álamo de Murcia,
6355234,6359527,Jumilla,Jumella
6355234,6359542,Las Torres de Cotillas,
6355234,6359528,Librilla,
6355234,6359529,Lorca,Llorca
6355234,6359530,Lorquí,
6355234,6359531,Mazarrón,
6355234,6359532,Molina de Segura,
6355234,6359533,Moratalla,
6355234,6359534,Mula,
6355234,6362997,Murcia,Murtzia
6355234,6359535,Ojós,
6355234,6359536,Pliego,
6355234,6359537,Puerto Lumbreras,
6355234,6359538,Ricote,
6355234,6359539,San Javier,
6355234,6359540,San Pedro del Pinatar,Sant Pere del Pinatar
6355234,6359548,Santomera,
6355234,6359541,Torre-Pacheco,Torre Pacheco
6355234,6359543,Totana,
6355234,6359544,Ulea,
6355234,6359545,"Unión, La",
6355234,6359546,Villanueva del Río Segura,
6355234,6359547,Yecla,
6355235,6359550,Abáigar,
6355235,6359551,Abárzuza/Abartzuza,
6355235,6359552,Abaurregaina/Abaurrea Alta,
6355235,6359553,Abaurrepea/Abaurrea Baja,
6355235,6359554,Aberin,
6355235,6359555,Ablitas,
6355235,6359556,Adiós,
6355235,6359557,Aguilar de Codés,Aguilar Kodes
6355235,6359558,Aibar,Aibar/Oibar|Oibar
6355235,6359560,Allín/Allin,Allin
6355235,6359561,Allo,
6355235,6359559,Altsasu/Alsasua,
6355235,6359562,Améscoa Baja,Ameskoabarrena
6355235,6359563,Ancín / Antzin,Antzin
6355235,6359564,Andosilla,
6355235,6359567,Añorbe,
6355235,6359565,Ansoáin,Ansoáin / Antsoain|Antsoain
6355235,6359566,Anué,
6355235,6359568,Aoiz,Aoiz/Agoitz|Agoitz
6355235,6359569,Araiz,Araitz
6355235,6359570,Aranarache,Aranarache / Aranaratxe|Aranaratxe
6355235,6359571,Aranaz,Arantza
6355235,6359572,Aranguren,
6355235,6359573,Arano,
6355235,6359574,Araquil,Arakil
6355235,6359575,Aras,
6355235,6359576,Arbizu,
6355235,6359577,Arce,Arce/Artzi|Artzi|Artzibar
6355235,6359578,"Arcos, Los",
6355235,6359579,Arellano,
6355235,6359580,Areso,
6355235,6359581,Arguedas,
6355235,6359582,Aria,
6355235,6359583,Arive,Aribe
6355235,6359584,Armañanzas,Armañantzas
6355235,6359585,Arróniz,Arroitz
6355235,6359586,Arruazu,
6355235,6359587,Artajona,Artaxoa
6355235,6359588,Artazu,
6355235,6359589,Atez,Atetz
6355235,6359606,Auritz/Burguete,
6355235,6359590,Ayegui,Ayegui / Aiegi|Aiegi
6355235,6359591,Azagra,
6355235,6359592,Azuelo,
6355235,6359593,Bacáicoa,Bakaiku
6355235,6359813,Barañain,
6355235,6359594,Barásoain,
6355235,6359595,Barbarin,
6355235,6359596,Bargota,
6355235,6359597,Barillas,
6355235,6359598,Basaburúa Mayor,Basaburua
6355235,3128449,Baztan,
6355235,6359685,Beinza-Labayen,Beintza-Labaien|Labaien
6355235,6359599,Beire,
6355235,6359600,Belascoáin,
6355235,6359601,Berbinzana,Berbintzana
6355235,6359816,Beriáin,
6355235,6359814,Berrioplano/Berriobeiti,
6355235,6359815,Berriozar,
6355235,6359602,Bertizarana,
6355235,6359603,Betelu,
6355235,6359604,Biurrun-Olcoz,Biurrun-Olkotz
6355235,6359605,Buñuel,
6355235,6359607,Burgui,Burgui/Burgi|Burgi
6355235,6359608,Burlada,Burlada/Burlata|Burlata
6355235,6359609,"Busto, El",
6355235,6359610,Cabanillas,
6355235,6359611,Cabredo,
6355235,6359612,Cadreita,
6355235,6359613,Caparroso,Kaparrotsu
6355235,6359614,Cárcar,
6355235,6359615,Carcastillo,Zarrakaztelu
6355235,6359616,Cascante,
6355235,6359617,Cáseda,
6355235,6359618,Castejón,
6355235,6359619,Castillonuevo,
6355235,6359624,Cendea de Cizur,Cizur|Zizur|Zizur Zendea
6355235,6359741,Cendea de Olza/Oltza Zendea,
6355235,6359620,Cintruénigo,
6355235,6359621,Ciordia,Ziordia
6355235,6359622,Cirauqui/Zirauki,
6355235,6359623,Ciriza/Ziritza,
6355235,6359625,Corella,Korella
6355235,6359626,Cortes de Navarra,Cortes
6355235,6359627,Desojo,Desoio
6355235,6359628,Dicastillo,
6355235,6359629,Donamaría,
6355235,6359768,Doneztebe-Santesteban,
6355235,6359630,Echalar,Etxalar
6355235,6359631,Echarri,
6355235,6359633,Echauri,Etxauri
6355235,6359635,Elgorriaga,
6355235,6359637,Enériz/Eneritz,
6355235,6359638,Erasun,Eratsun
6355235,6359639,Ergoyena,Ergoiena
6355235,6359640,Erro,
6355235,6359642,Eslava,Eslaba
6355235,6359643,Esparza de Salazar,Esparza de Salazar/Espartza Zaraitzu|Espartza-Zaraitzu|Espartza Zaraitzu|Espartza
6355235,6359644,Espronceda,Esprontzeda
6355235,6359645,Estella-Lizarra,
6355235,6359646,Esteríbar,
6355235,6359647,Etayo,Etaio|Etaiu
6355235,6359632,Etxarri-Aranatz,
6355235,6359648,Eulate,
6355235,6359649,Ezcabarte,Ezkabarte
6355235,6359641,Ezcároz/Ezkaroze,
6355235,6359650,Ezcurra,Ezkurra
6355235,6359651,Ezprogui,Ezporogi
6355235,6359652,Falces,Faltzes
6355235,6359653,Fitero,
6355235,6359654,Fontellas,
6355235,6359655,Funes,
6355235,6359656,Fustiñana,
6355235,6359657,Galar,
6355235,6359658,Gallipienzo,Gallipienzo/Galipentzu|Galipentzu
6355235,6359659,Gallués/Galoze,
6355235,6359660,Garayoa,Garaioa
6355235,6359661,Garde,
6355235,6359662,Garínoain,
6355235,6359663,Garralda,
6355235,6359664,Genevilla,
6355235,6359665,Goizueta,
6355235,6359666,Goñi,
6355235,6359667,Güesa/Gorza,Gueesa/Gorza
6355235,6359668,Guesálaz/Gesalatz,
6355235,6359669,Guirguillano,Girgillao
6355235,6359803,Hiriberri/Villanueva de Aezkoa,
6355235,6359670,Huarte,Huarte/Uharte|Uharte
6355235,6359672,Ibargoiti,
6355235,6359673,Igúzquiza,
6355235,6359674,Imoz,Imotz
6355235,6359675,Irañeta,
6355235,6534179,Irurzun,Irurtzun
6355235,6359676,Isaba/Izaba,
6355235,6359677,Ituren,
6355235,6359678,Iturmendi,
6355235,6359679,Iza/Itza,
6355235,6359680,Izagaondoa,
6355235,6359681,Izalzu/Itzaltzu,
6355235,6359682,Jaurrieta,
6355235,6359683,Javier,Xabier
6355235,6359684,Juslapeña,
6355235,6359686,Lacunza,Lakuntza
6355235,6359687,Lana,
6355235,6359688,Lantz,
6355235,6359689,Lapoblación,
6355235,6359690,Larraga,
6355235,6359691,Larraona,Larragoa
6355235,6359692,Larráun,
6355235,6359693,Lazagurría,
6355235,6359694,Leache,
6355235,6359695,Legarda,
6355235,6359696,Legaria,
6355235,6359697,Leiza,Leitza
6355235,6359819,Lekunberri,
6355235,6359698,Leoz/Leotz,
6355235,6359699,Lerga,
6355235,6359700,Lerín,
6355235,6359701,Lesaka,
6355235,6359702,Lezáun,
6355235,6359703,Liédena,
6355235,6359704,Lizoáin-Arriasgoiti,
6355235,6359705,Lodosa,
6355235,6359706,Lónguida/Longida,
6355235,6359707,Lumbier,Irunberri
6355235,6359708,Luquin,Lukin
6355235,6359795,Luzaide/Valcarlos,
6355235,6359709,Mañeru,
6355235,6359710,Marañón,
6355235,6359711,Marcilla,Martzilla
6355235,6359712,Mélida,
6355235,6359713,Mendavia,Mendabia
6355235,6359714,Mendaza,
6355235,6359715,Mendigorría,
6355235,6359716,Metauten,
6355235,6359717,Milagro,
6355235,6359718,Mirafuentes,
6355235,6359719,Miranda de Arga,Miranda Arga
6355235,6359720,Monreal/Elo,
6355235,6359721,Monteagudo,
6355235,6359722,Morentin,
6355235,6359723,Mues,
6355235,6359724,Murchante,
6355235,6359725,Murieta,
6355235,6359726,Murillo el Cuende,
6355235,6359727,Murillo el Fruto,Murelu Hautsi
6355235,6359728,Muruzábal,
6355235,6359729,Navascués/Nabaskoze,
6355235,6359730,Nazar,
6355235,6359636,Noáin (Valle de Elorz)/Noain (Elortzibar),
6355235,6359731,Obanos,
6355235,6359733,Ochagavía/Otsagabia,
6355235,6359732,Oco,Oko
6355235,6359734,Odieta,
6355235,6359735,Oitz,
6355235,6359736,Olaibar,
6355235,6359737,Olazti/Olazagutía,
6355235,6359738,Olejua,Olexoa
6355235,6359739,Olite,Olite/Erriberri|Erriberri
6355235,6359742,Ollo,
6355235,6359740,Olóriz/Oloritz,
6355235,6359743,Orbaiceta,Orbaizeta
6355235,6359744,Orbara,
6355235,6359817,Orcoyen,Orkoien
6355235,6359745,Orísoain,
6355235,6359746,Oronz/Orontze,
6355235,6359747,Oroz-Betelu,Oroz-Betelu/Orotz-Betelu|Orotz-Betelu
6355235,6359759,Orreaga/Roncesvalles,
6355235,6359748,Oteiza,Oteitza
6355235,6359749,Pamplona,Iruña|Iruñea
6355235,6359750,Peralta/Azkoien,
6355235,6359751,Petilla de Aragón,
6355235,6359752,Piedramillera,
6355235,6359753,Pitillas,
6355235,6359754,Puente la Reina/Gares,
6355235,6359755,Pueyo,
6355235,6359756,Ribaforada,
6355235,6359757,Romanzado,
6355235,6359758,Roncal/Erronkari,
6355235,6359760,Sada,
6355235,6359761,Saldías,
6355235,6359762,Salinas de Oro/Jaitz,
6355235,6359763,San Adrián,
6355235,6359765,San Martín de Unx,
6355235,6359764,Sangüesa,Sangueesa
6355235,6359766,Sansol,Santsol
6355235,6359767,Santacara,Santakara
6355235,6359769,Sarriés/Sartze,
6355235,6359770,Sartaguda,
6355235,6359771,Sesma,
6355235,6359772,Sorlada,
6355235,6359773,Sumbilla,Sunbilla
6355235,6359774,Tafalla,
6355235,6359775,Tiebas-Muruarte de Reta,Tiebas-Muru Artederreta|Tebas-Muru Artederreta
6355235,6359776,Tirapu,
6355235,6359777,Torralba del Río,
6355235,6359778,Torres del Río,
6355235,6359779,Tudela,Tutera
6355235,6359780,Tulebras,
6355235,6359781,Ucar,
6355235,6359671,Uharte-Arakil,
6355235,6359782,Ujué,
6355235,6359783,Ulzama,Ultzama
6355235,6359784,Unciti,Untziti|Untzitibar
6355235,6359785,Unzué/Untzue,
6355235,6359786,Urdazubi/Urdax,
6355235,6359787,Urdiáin,
6355235,6359788,Urraul Alto,
6355235,6359789,Urraul Bajo,
6355235,6359791,Urrotz,
6355235,6359790,Urroz-Villa,
6355235,6359792,Urzainqui/Urzainki,
6355235,6359793,Uterga,
6355235,6359794,Uztárroz/Uztarroze,
6355235,6359634,Valle de Egüés,Egüés|Eguees|Eguesibar
6355235,6359807,Valle de Yerri/Deierri,
6355235,6359796,Valtierra,
6355235,6359797,Vera de Bidasoa,Bera
6355235,6359798,Viana,
6355235,6359799,Vidángoz/Bidankoze,
6355235,6359800,Vidaurreta,Bidaurreta
6355235,6359801,Villafranca,Alesbes
6355235,6359802,Villamayor de Monjardín,
6355235,6359804,Villatuerta,
6355235,6359805,Villava/Atarrabia,
6355235,6359806,Yanci,Igantzi
6355235,6359808,Yesa,Esa
6355235,6359809,Zabalza,Zabalza/Zabaltza|Zabaltza|Zabalza-Zabaltza
6355235,6359818,Zizur Mayor,Zizur Mayor/Zizur Nagusia|Zizur Nagusia
6355235,6359810,Zubieta,
6355235,6359811,Zugarramurdi,
6355235,6359812,Zúñiga,
6355236,6359909,Allande,
6355236,6359910,Aller,
6355236,6359911,Amieva,
6355236,3129133,Avilés,
6355236,6359912,Belmonte de Miranda,Miranda
6355236,6359913,Bimenes,
6355236,6359914,Boal,
6355236,3127185,Cabrales,
6355236,6359916,Cabranes,
6355236,6359917,Candamo,
6355236,6359919,Cangas de Onís,
6355236,6359918,Cangas del Narcea,
6355236,6359920,Caravia,
6355236,6359921,Carreño,
6355236,3125999,Caso,
6355236,6359922,Castrillón,
6355236,6359923,Castropol,
6355236,6359924,Coaña,
6355236,6359925,Colunga,
6355236,3124431,Corvera de Asturias,Corvera
6355236,6359926,Cudillero,
6355236,6359927,Degaña,
6355236,6359928,"Franco, El",
6355236,6359929,Gijón/Xixón,
6355236,6359930,Gozón,
6355236,6359931,Grado,Grau
6355236,6359932,Grandas de Salime,
6355236,6359933,Ibias,
6355236,6359934,Illano,
6355236,6359935,Illas,
6355236,6359960,La Ribera,
6355236,6359936,Langreo,Llangréu|Langreu
6355236,3118685,Laviana,
6355236,3118547,Lena,Ḷḷena
6355236,6359938,Llanera,
6355236,6359939,Llanes,
6355236,6359940,Mieres,
6355236,6359941,Morcín,
6355236,6359942,Muros de Nalón,
6355236,6359943,Nava,
6355236,6359944,Navia,
6355236,6359945,Noreña,
6355236,6359946,Onís,
6355236,6359947,Oviedo,
6355236,6359948,Parres,
6355236,6359949,Peñamellera Alta,
6355236,6359950,Peñamellera Baja,
6355236,6359951,Pesoz,Pezós
6355236,6359952,Piloña,
6355236,6359953,Ponga,
6355236,6359954,Pravia,
6355236,6359955,Proaza,
6355236,6359956,Quirós,
6355236,6359957,"Regueras, Las",
6355236,6359958,Ribadedeva,Ribadeva
6355236,6359959,Ribadesella,Ribeseya
6355236,6359961,Riosa,
6355236,6359962,Salas,
6355236,6359963,San Martín de Oscos,
6355236,3110347,San Martín del Rey Aurelio,
6355236,6359965,San Tirso de Abres,
6355236,6359964,Santa Eulalia de Oscos,Santalla d'Ozcos|Santalla de Ozcos
6355236,6359966,Santo Adriano,
6355236,6359967,Sariego,
6355236,3109005,Siero,
6355236,6359968,Sobrescobio,Sobrescobiu
6355236,6359969,Somiedo,Somiedu
6355236,6359970,Soto del Barco,Sotu'l Barcu
6355236,6359971,Tapia de Casariego,Tapia de Casarego
6355236,6359972,Taramundi,
6355236,6359973,Teverga,
6355236,6359974,Tineo,
6355236,6359937,Valdés,
6355236,6359975,Vegadeo,A Veiga
6355236,6359976,Villanueva de Oscos,
6355236,6359977,Villaviciosa,
6355236,6359978,Villayón,Villaión
6355236,6359979,Yernes y Tameza,
6424360,6533928,Alaior,
6424360,6533927,Alaró,
6424360,6533929,Alcúdia,
6424360,6533930,Algaida,
6424360,6356030,Andratx,Andrach
6424360,6533983,Ariany,
6424360,6533931,Artà,
6424360,6533932,Banyalbufar,Bañalbufar
6424360,6533933,Binissalem,
6424360,6533934,Búger,
6424360,6533935,Bunyola,
6424360,6356031,Calvià,
6424360,6533936,Campanet,
6424360,6533937,Campos,
6424360,6533938,Capdepera,
6424360,6533939,Ciutadella de Menorca,
6424360,6533940,Consell,
6424360,6533941,Costitx,
6424360,6533942,Deià,
6424360,6533981,Es Castell,
6424360,6533984,Es Migjorn Gran,
6424360,6533943,Escorca,
6424360,6533944,Esporles,
6424360,6356032,Estellencs,
6424360,6533945,Felanitx,Felanich
6424360,6533946,Ferrerías,Ferreries
6424360,6356033,Formentera,
6424360,6533947,Fornalutx,
6424360,6356034,Ibiza,Eivissa
6424360,6533948,Inca,
6424360,6533949,Lloret de Vistalegre,
6424360,6533950,Lloseta,
6424360,6533951,Llubí,
6424360,6533952,Llucmajor,Lluchmayor
6424360,6533953,Mahón,Maó
6424360,6533954,Manacor,
6424360,6533955,Mancor de la Vall,
6424360,6533956,Maria de la Salut,
6424360,6533957,Marratxí,Marrachí
6424360,6533958,Mercadal,es Mercadal
6424360,6533959,Montuïri,
6424360,6356035,Municipio de San Antonio,Sant Antoni de Portmany
6424360,6533960,Muro,
6424360,6533961,Palma de Mallorca,Palma|Palma Mallorcakoa
6424360,6533962,Petra,
6424360,6533963,Pollensa,Pollença
6424360,6533964,Porreres,
6424360,6533966,Puigpunyent,
6424360,6533965,Sa Pobla,
6424360,6356036,San José,Sant Josep de sa Talaia
6424360,6356037,San Juan Bautista,Sant Joan de Labritja
6424360,6533968,Sant Joan,
6424360,6533969,Sant Llorenç des Cardassar,
6424360,6533970,Sant Lluís,
6424360,6533971,Santa Eugènia,
6424360,6356038,Santa Eulària des Riu,
6424360,6533972,Santa Margalida,
6424360,6533973,Santa Maria del Camí,
6424360,6533974,Santanyí,
6424360,6533975,Selva,
6424360,6533967,Sencelles,
6424360,6533976,Ses Salines,les Salines|Las Salinas
6424360,6533977,Sineu,
6424360,6533978,Sóller,
6424360,6533979,Son Servera,Son Cervera
6424360,6533980,Valldemosa,Valldemossa
6424360,6533982,Vilafranca de Bonany,Vilafranca
8335119,7577100,Ceuta,
8335120,7577101,Melilla,
