level,code,postal_code
3,2967103,87470
3,2967108,33390
3,2967110,59123
3,2967112,62370
3,2967113,62500
3,2967117,57330
3,2967125,20124
3,2967125,20144
3,2967133,67110
3,2967136,57690
3,2967137,68440
3,2967138,68230
3,2967139,68720
3,2967153,67140
3,2967157,59470
3,2967165,37290
3,2967166,03400
3,2967169,49360
3,2967170,80520
3,2967175,72330
3,2967179,16110
3,2967179,33370
3,2967180,41600
3,2967181,74140
3,2967183,22350
3,2967185,22930
3,2967189,76190
3,2967191,17340
3,2967199,76560
3,2967201,15130
3,2967203,43200
3,2967205,19310
3,2967210,63270
3,2967213,50400
3,2967217,76111
3,2967218,63700
3,2967229,28320
3,2967230,76520
3,2967231,03160
3,2967232,40110
3,2967234,22120
3,2967236,28160
3,2967238,45300
3,2967242,76760
3,2967245,91330
3,2967247,28130
3,2967249,73170
3,2967250,77390
3,2967251,76640
3,2967252,15210
3,2967253,40160
3,2967256,76480
3,2967263,88400
3,2967268,54990
3,2967269,88220
3,2967272,85240
3,2967286,68500
3,2967287,57915
3,2967288,59470
3,2967289,67120
3,2967293,67202
3,2967294,68600
3,2967297,57140
3,2967299,80520
3,2967302,80460
3,2967304,67360
3,2967307,57200
3,2967309,62570
3,2967310,67370
3,2967311,57905
3,2967312,67820
3,2967313,62120
3,2967314,67670
3,2967315,68130
3,2967317,62120
3,2967318,68270
3,2967319,68310
3,2967320,51420
3,2967322,91320
3,2967325,67160
3,2967326,62179
3,2967328,62380
3,2967331,67130
3,2967334,62240
3,2967337,68920
3,2967339,67590
3,2967341,59670
3,2967343,62410
3,2967344,67170
3,2967345,67290
3,2967349,67290
3,2967350,62126
3,2967351,62930
3,2967352,67270
3,2967356,67370
3,2967357,57430
3,2967358,62580
3,2967363,59780
3,2967370,68230
3,2967372,59212
3,2967373,57200
3,2967374,62720
3,2967378,68320
3,2967383,68320
3,2967386,67720
3,2967387,67320
3,2967389,68920
3,2967393,67310
3,2967394,68250
3,2967395,59380
3,2967397,59117
3,2967398,68480
3,2967399,68220
3,2967403,67340
3,2967404,67500
3,2967406,67290
3,2967407,67340
3,2967410,59119
3,2967411,59136
3,2967414,59220
3,2967418,60130
3,2967420,68700
3,2967421,59150
3,2967423,59139
3,2967426,59143
3,2967434,52130
3,2967435,02630
3,2967436,68230
3,2967437,67310
3,2967438,59290
3,2967439,59252
3,2967449,51110
3,2967453,60430
3,2967454,80300
3,2967460,59380
3,2967461,59144
3,2967462,59144
3,2967467,62120
3,2967468,08000
3,2967468,55400
3,2967470,62123
3,2967471,59830
3,2967472,67710
3,2967473,67520
3,2967476,59870
3,2967477,62128
3,2967482,59118
3,2967487,67670
3,2967488,68510
3,2967490,57870
3,2967491,57720
3,2967492,59190
3,2967494,59135
3,2967495,59127
3,2967496,68130
3,2967497,57480
3,2967499,67700
3,2967500,68640
3,2967502,67430
3,2967506,67360
3,2967507,68230
3,2967508,62170
3,2967510,62217
3,2967516,59261
3,2967524,08200
3,2967532,70200
3,2967541,74520
3,2967542,77870
3,2967546,25300
3,2967547,25840
3,2967549,44640
3,2967557,80120
3,2967562,44540
3,2967568,45300
3,2967568,51390
3,2967568,61570
3,2967570,08330
3,2967577,59870
3,2967590,80400
3,2967595,28150
3,2967600,41600
3,2967603,08400
3,2967604,18330
3,2967606,16410
3,2967609,72500
3,2967612,37210
3,2967615,85120
3,2967616,53600
3,2967620,19130
3,2967625,69390
3,2967626,38210
3,2967627,86210
3,2967628,86580
3,2967631,77940
3,2967639,77580
3,2967641,25420
3,2967645,85450
3,2967647,86190
3,2967648,79230
3,2967654,42720
3,2967655,74130
3,2967693,43800
3,2967695,38340
3,2967700,01540
3,2967708,04130
3,2967710,63530
3,2967715,57940
3,2967718,04290
3,2967724,21190
3,2967724,72440
3,2967727,57720
3,2967728,57330
3,2967730,63120
3,2967738,71600
3,2967739,59470
3,2967741,72210
3,2967742,39210
3,2967745,78960
3,2967754,77950
3,2967758,38500
3,2967767,77540
3,2967778,55190
3,2967780,07200
3,2967781,73420
3,2967782,68600
3,2967783,68600
3,2967785,16400
3,2967789,68420
3,2967791,07690
3,2967796,38220
3,2967801,21400
3,2967801,85770
3,2967802,49680
3,2967803,86370
3,2967804,72170
3,2967806,12110
3,2967809,54260
3,2967812,81290
3,2967820,07220
3,2967820,57590
3,2967820,89700
3,2967823,08440
3,2967831,20219
3,2967835,02870
3,2967836,74540
3,2967837,74250
3,2967845,88800
3,2967846,76450
3,2967847,21350
3,2967849,94400
3,2967850,57185
3,2967856,51300
3,2967860,51300
3,2967862,71600
3,2967863,62490
3,2967864,45530
3,2967870,05110
3,2967870,13127
3,2967879,35500
3,2967880,79370
3,2967887,16310
3,2967892,15220
3,2967892,24200
3,2967892,63410
3,2967894,54123
3,2967901,35130
3,2967909,62156
3,2967914,84820
3,2967916,02300
3,2967917,91170
3,2967918,39360
3,2967920,74580
3,2967924,33240
3,2967934,78220
3,2967940,38980
3,2967942,01300
3,2967945,01510
3,2967947,38730
3,2967949,01440
3,2967951,10260
3,2967952,50600
3,2967954,71530
3,2967955,08320
3,2967956,08320
3,2967963,33720
3,2967972,14500
3,2967973,71260
3,2967975,47200
3,2967980,50690
3,2967997,72300
3,2967998,07610
3,2968001,34380
3,2968005,84150
3,2968007,42780
3,2968008,62138
3,2968009,64130
3,2968012,74500
3,2968013,63350
3,2968013,71680
3,2968018,83170
3,2968019,26110
3,2968023,83560
3,2968026,89140
3,2968029,66600
3,2968034,60500
3,2968035,41350
3,2968036,36110
3,2968044,16430
3,2968051,88450
3,2968054,94300
3,2968059,39190
3,2968059,51700
3,2968059,71500
3,2968059,89290
3,2968062,66320
3,2968063,51530
3,2968064,38470
3,2968066,11110
3,2968070,62580
3,2968072,61120
3,2968073,45700
3,2968075,14370
3,2968076,73160
3,2968104,14310
3,2968120,45190
3,2968121,14610
3,2968139,91700
3,2968140,77580
3,2968142,94350
3,2968144,41100
3,2968149,77760
3,2968151,77560
3,2968152,78640
3,2968163,14480
3,2968163,52000
3,2968163,58210
3,2968163,95720
3,2968170,28130
3,2968171,78770
3,2968176,95400
3,2968177,91190
3,2968183,79160
3,2968185,52100
3,2968186,27640
3,2968190,53170
3,2968195,37330
3,2968196,95840
3,2968214,69910
3,2968220,54200
3,2968227,07690
3,2968231,39140
3,2968236,30250
3,2968238,34560
3,2968242,49140
3,2968249,77410
3,2968254,69100
3,2968257,39100
3,2968260,38200
3,2968264,54260
3,2968264,78930
3,2968271,24600
3,2968272,47400
3,2968273,89140
3,2968274,34400
3,2968275,93430
3,2968285,69640
3,2968290,84570
3,2968293,10310
3,2968294,38150
3,2968298,11170
3,2968310,77130
3,2968315,14113
3,2968316,54190
3,2968325,14640
3,2968327,27940
3,2968330,60150
3,2968335,60340
3,2968346,08000
3,2968347,60134
3,2968348,60870
3,2968351,60810
3,2968353,60650
3,2968356,59530
3,2968360,59142
3,2968361,51380
3,2968366,21130
3,2968368,54600
3,2968376,02240
3,2968376,51250
3,2968376,55500
3,2968376,70000
3,2968379,25130
3,2968382,54920
3,2968385,54870
3,2968387,59297
3,2968390,80240
3,2968392,70110
3,2968398,59188
3,2968401,76360
3,2968405,02600
3,2968410,14420
3,2968415,80800
3,2968418,80260
3,2968419,14310
3,2968424,59234
3,2968427,51500
3,2968439,42460
3,2968439,88500
3,2968444,77410
3,2968444,80140
3,2968444,89100
3,2968448,95380
3,2968453,01250
3,2968456,02420
3,2968456,10330
3,2968456,42300
3,2968460,45170
3,2968460,59530
3,2968463,47210
3,2968464,41000
3,2968468,41100
3,2968471,02300
3,2968472,76490
3,2968475,78450
3,2968477,44110
3,2968482,93420
3,2968483,11150
3,2968491,37260
3,2968496,77270
3,2968500,36600
3,2968502,77124
3,2968504,31290
3,2968507,78670
3,2968510,31270
3,2968511,89500
3,2968513,60410
3,2968515,47300
3,2968519,77510
3,2968520,91580
3,2968521,03460
3,2968523,77230
3,2968528,02200
3,2968529,94190
3,2968530,77174
3,2968532,11160
3,2968533,06270
3,2968534,60175
3,2968536,34750
3,2968542,31620
3,2968543,77154
3,2968544,34420
3,2968545,30400
3,2968546,94290
3,2968548,77174
3,2968549,66610
3,2968554,89340
3,2968555,92390
3,2968557,17330
3,2968558,11400
3,2968561,09100
3,2968564,09300
3,2968566,31800
3,2968569,40190
3,2968570,38440
3,2968571,66180
3,2968574,07170
3,2968575,12260
3,2968601,01480
3,2968614,04180
3,2968620,33140
3,2968624,10370
3,2968626,31340
3,2968627,45600
3,2968629,10260
3,2968630,45270
3,2968631,11620
3,2968632,01270
3,2968649,42155
3,2968653,93250
3,2968654,66300
3,2968655,91360
3,2968657,49370
3,2968660,38460
3,2968662,28210
3,2968665,77250
3,2968665,89113
3,2968676,31340
3,2968679,77710
3,2968681,89140
3,2968682,45700
3,2968688,82130
3,2968690,66740
3,2968691,65260
3,2968691,66410
3,2968699,37460
3,2968701,84530
3,2968703,74100
3,2968704,91140
3,2968705,94800
3,2968710,16140
3,2968716,54730
3,2968718,41200
3,2968723,52190
3,2968723,52600
3,2968726,33141
3,2968731,11600
3,2968739,11600
3,2968744,64990
3,2968744,65700
3,2968748,69400
3,2968749,06230
3,2968750,32420
3,2968750,89120
3,2968753,24550
3,2968755,12200
3,2968756,12430
3,2968757,24610
3,2968758,31290
3,2968760,03430
3,2968761,81430
3,2968765,41200
3,2968768,11230
3,2968768,48800
3,2968771,38090
3,2968780,89240
3,2968781,16240
3,2968785,54210
3,2968786,51170
3,2968788,74250
3,2968793,17230
3,2968797,37110
3,2968800,36320
3,2968801,50800
3,2968805,49450
3,2968811,15100
3,2968812,84110
3,2968819,92410
3,2968822,83690
3,2968823,94440
3,2968826,91580
3,2968829,32730
3,2968836,10410
3,2968839,69770
3,2968848,77250
3,2968854,82370
3,2968855,03310
3,2968861,91140
3,2968866,16320
3,2968867,01150
3,2968869,89340
3,2968873,49400
3,2968879,41000
3,2968893,60400
3,2968894,67220
3,2968897,74370
3,2968900,31620
3,2968906,11150
3,2968910,06710
3,2968917,01330
3,2968929,05100
3,2968935,42390
3,2968936,24530
3,2968937,84400
3,2968940,73500
3,2968950,31380
3,2968951,73300
3,2968961,73270
3,2968966,39200
3,2968984,38250
3,2968985,38190
3,2969008,58370
3,2969013,37510
3,2969015,33730
3,2969020,24140
3,2969022,11600
3,2969027,72270
3,2969028,72150
3,2969029,95570
3,2969030,37190
3,2969032,53700
3,2969046,68128
3,2969058,91100
3,2969063,22980
3,2969073,49310
3,2969074,57640
3,2969079,31320
3,2969083,57420
3,2969083,95450
3,2969087,18500
3,2969088,18110
3,2969092,55200
3,2969095,33330
3,2969097,19130
3,2969101,21200
3,2969105,35630
3,2969106,38890
3,2969109,91270
3,2969111,44360
3,2969113,55210
3,2969146,80650
3,2969149,45600
3,2969154,19410
3,2969160,38450
3,2969171,35490
3,2969176,68800
3,2969181,76390
3,2969193,60350
3,2969193,88210
3,2969195,59138
3,2969197,22420
3,2969198,76750
3,2969208,68480
3,2969213,59690
3,2969219,25600
3,2969233,40480
3,2969234,59232
3,2969237,14930
3,2969237,81140
3,2969249,14410
3,2969250,59271
3,2969257,18100
3,2969273,84750
3,2969274,51800
3,2969276,45510
3,2969284,38200
3,2969285,79200
3,2969288,02540
3,2969291,81570
3,2969299,40560
3,2969306,32400
3,2969306,65120
3,2969313,25870
3,2969316,31290
3,2969316,44116
3,2969320,31320
3,2969328,78125
3,2969329,62162
3,2969331,62136
3,2969333,43100
3,2969349,91890
3,2969353,83550
3,2969364,57630
3,2969365,15800
3,2969366,02290
3,2969371,36600
3,2969372,86260
3,2969373,87260
3,2969376,03450
3,2969376,52400
3,2969376,59970
3,2969376,78490
3,2969386,20118
3,2969386,20160
3,2969388,63270
3,2969389,34110
3,2969392,03200
3,2969400,32190
3,2969401,65500
3,2969403,09220
3,2969411,72320
3,2969414,76760
3,2969421,34450
3,2969423,95270
3,2969427,47230
3,2969429,81530
3,2969441,48220
3,2969447,12490
3,2969459,12780
3,2969463,49340
3,2969465,35132
3,2969474,30360
3,2969476,90400
3,2969477,54330
3,2969478,89450
3,2969482,15130
3,2969482,24220
3,2969502,74290
3,2969506,63960
3,2969512,07000
3,2969514,87520
3,2969516,05400
3,2969532,38113
3,2969535,76980
3,2969543,74100
3,2969544,95510
3,2969556,30600
3,2969559,07200
3,2969562,70000
3,2969566,50430
3,2969567,27870
3,2969577,18360
3,2969578,20215
3,2969582,90200
3,2969587,51380
3,2969590,51360
3,2969595,71960
3,2969599,02140
3,2969607,51130
3,2969608,77240
3,2969610,38390
3,2969612,44120
3,2969613,62180
3,2969615,63480
3,2969616,91710
3,2969617,91810
3,2969622,33180
3,2969625,16510
3,2969628,28500
3,2969629,24320
3,2969646,63910
3,2969647,59730
3,2969654,40420
3,2969654,78930
3,2969657,14114
3,2969658,60950
3,2969660,80480
3,2969664,01210
3,2969664,74150
3,2969665,14790
3,2969679,78000
3,2969682,46090
3,2969682,71240
3,2969682,74160
3,2969684,30210
3,2969685,79310
3,2969692,91370
3,2969694,42600
3,2969700,10390
3,2969701,86410
3,2969720,73460
3,2969722,62131
3,2969724,13670
3,2969729,71220
3,2969734,89510
3,2969736,57420
3,2969741,35770
3,2969746,07240
3,2969747,79240
3,2969749,77670
3,2969750,37210
3,2969751,78540
3,2969752,28500
3,2969754,41230
3,2969758,07430
3,2969766,27200
3,2969769,86340
3,2969776,49390
3,2969780,38150
3,2969781,09340
3,2969791,57130
3,2969794,87430
3,2969796,78480
3,2969797,37600
3,2969799,27130
3,2969806,60550
3,2969809,16310
3,2969809,18210
3,2969809,51700
3,2969809,58300
3,2969817,66820
3,2969818,63580
3,2969827,03190
3,2969828,72360
3,2969832,13116
3,2969839,49220
3,2969850,49390
3,2969852,09000
3,2969854,69390
3,2969863,89270
3,2969864,62980
3,2969868,02490
3,2969871,59237
3,2969879,71590
3,2969885,17540
3,2969890,42410
3,2969899,24380
3,2969905,43360
3,2969926,89600
3,2969930,30310
3,2969936,17300
3,2969940,35680
3,2969941,57260
3,2969944,31590
3,2969944,82330
3,2969947,37270
3,2969958,09310
3,2969958,55100
3,2969959,71350
3,2969960,82600
3,2969985,60140
3,2969986,60112
3,2969988,77510
3,2969990,33490
3,2969995,81110
3,2970005,62560
3,2970014,74440
3,2970015,59227
3,2970016,25530
3,2970018,60410
3,2970021,34400
3,2970022,42520
3,2970023,33240
3,2970030,88310
3,2970033,20240
3,2970037,73200
3,2970039,51480
3,2970044,05130
3,2970044,26110
3,2970046,11120
3,2970047,11610
3,2970051,05300
3,2970054,13122
3,2970061,89290
3,2970063,38520
3,2970063,38860
3,2970065,27110
3,2970065,38610
3,2970068,45760
3,2970070,89210
3,2970071,02200
3,2970072,69200
3,2970078,50150
3,2970080,77250
3,2970081,60280
3,2970084,18190
3,2970085,81440
3,2970086,31810
3,2970090,17100
3,2970092,13770
3,2970095,30200
3,2970099,77440
3,2970104,34350
3,2970105,85250
3,2970110,41100
3,2970112,36500
3,2970113,62880
3,2970114,62232
3,2970118,59175
3,2970119,10140
3,2970120,86380
3,2970121,14170
3,2970124,02800
3,2970128,67550
3,2970129,71130
3,2970130,71120
3,2970132,34230
3,2970137,59213
3,2970142,33930
3,2970143,03110
3,2970144,34740
3,2970148,06140
3,2970151,84210
3,2970154,21150
3,2970157,85190
3,2970160,20231
3,2970162,27940
3,2970163,95470
3,2970176,85770
3,2970178,70130
3,2970183,36330
3,2970183,52500
3,2970187,84740
3,2970203,78140
3,2970205,24230
3,2970216,13880
3,2970217,21370
3,2970224,55500
3,2970225,54840
3,2970236,74140
3,2970237,37250
3,2970253,84270
3,2970254,52300
3,2970255,80800
3,2970256,88200
3,2970257,57920
3,2970268,76190
3,2970273,18300
3,2970274,42340
3,2970275,42340
3,2970278,82220
3,2970284,91820
3,2970286,87600
3,2970287,33870
3,2970288,46110
3,2970293,44170
3,2970310,86220
3,2970313,78740
3,2970317,17640
3,2970323,52190
3,2970333,39360
3,2970338,77000
3,2970347,25160
3,2970351,01150
3,2970352,69460
3,2970358,02200
3,2970361,02110
3,2970378,57130
3,2970388,86700
3,2970401,70210
3,2970401,80131
3,2970407,30600
3,2970408,13126
3,2970412,53500
3,2970432,95490
3,2970444,26400
3,2970448,60117
3,2970451,03220
3,2970453,62159
3,2970455,38090
3,2970456,69120
3,2970457,62390
3,2970457,74150
3,2970462,38410
3,2970463,38410
3,2970469,93410
3,2970472,91430
3,2970474,91640
3,2970477,69670
3,2970495,14500
3,2970501,62131
3,2970501,80230
3,2970508,57320
3,2970509,77141
3,2970527,10260
3,2970534,49260
3,2970540,92420
3,2970546,55140
3,2970562,51480
3,2970562,60117
3,2970564,49320
3,2970568,80132
3,2970593,76940
3,2970596,76110
3,2970606,36150
3,2970608,50440
3,2970610,14410
3,2970627,18110
3,2970634,79340
3,2970637,58210
3,2970638,17460
3,2970644,57880
3,2970648,16330
3,2970649,05560
3,2970650,77910
3,2970651,49400
3,2970653,21490
3,2970669,09120
3,2970673,19240
3,2970676,47400
3,2970679,77130
3,2970681,49730
3,2970683,36210
3,2970685,03150
3,2970686,71800
3,2970687,71480
3,2970690,58400
3,2970692,71240
3,2970693,91480
3,2970695,55270
3,2970725,76119
3,2970726,82330
3,2970736,14390
3,2970739,54110
3,2970740,21110
3,2970742,17400
3,2970746,83670
3,2970747,44370
3,2970748,38470
3,2970758,24600
3,2970761,92170
3,2970764,57070
3,2970767,07690
3,2970773,45510
3,2970774,54112
3,2970777,56000
3,2970793,27380
3,2970795,17700
3,2970796,25230
3,2970797,54500
3,2970799,51700
3,2970799,54121
3,2970809,01660
3,2970823,15300
3,2970826,43750
3,2970827,69170
3,2970828,07600
3,2970837,34290
3,2970838,84600
3,2970839,34350
3,2970840,91720
3,2970860,50700
3,2970864,76540
3,2970865,57730
3,2970866,95760
3,2970873,73450
3,2970881,05290
3,2970883,72540
3,2970885,07150
3,2970889,03190
3,2970899,73450
3,2970901,76190
3,2970903,41400
3,2970911,10210
3,2970911,74150
3,2970923,44330
3,2970932,25870
3,2970932,52500
3,2970932,54910
3,2970940,37190
3,2970941,30570
3,2970945,18190
3,2970948,74520
3,2970962,06220
3,2970970,79270
3,2970971,95810
3,2970972,89580
3,2970978,30300
3,2970985,80210
3,2970992,62550
3,2971000,61250
3,2971003,42320
3,2971004,34270
3,2971007,67210
3,2971025,34130
3,2971027,94460
3,2971028,31800
3,2971030,25700
3,2971033,04210
3,2971039,38540
3,2971041,59300
3,2971043,32310
3,2971045,77830
3,2971046,81340
3,2971053,26000
3,2971054,82400
3,2971056,36600
3,2971060,42110
3,2971060,82150
3,2971065,81090
3,2971072,90300
3,2971074,73150
3,2971082,05100
3,2971085,81350
3,2971092,76380
3,2971096,60790
3,2971100,52100
3,2971117,06560
3,2971125,70140
3,2971129,26230
3,2971137,12330
3,2971147,70000
3,2971153,82800
3,2971154,84110
3,2971157,77360
3,2971162,85150
3,2971165,50300
3,2971168,18260
3,2971169,02370
3,2971172,10150
3,2971172,74470
3,2971175,12200
3,2971176,34570
3,2971179,53480
3,2971183,57660
3,2971186,88120
3,2971195,02120
3,2971195,80560
3,2971202,31340
3,2971205,84190
3,2971223,74360
3,2971250,81330
3,2971251,72500
3,2971255,64110
3,2971258,30700
3,2971259,19140
3,2971262,88220
3,2971264,22460
3,2971265,64230
3,2971272,59229
3,2971274,88390
3,2971275,71130
3,2971281,67150
3,2971283,06450
3,2971286,64480
3,2971287,77260
3,2971289,14420
3,2971290,42550
3,2971291,86350
3,2971298,15300
3,2971298,19200
3,2971298,46240
3,2971302,86230
3,2971303,79210
3,2971305,19270
3,2971316,95450
3,2971317,58130
3,2971319,77760
3,2971320,02690
3,2971321,50460
3,2971323,10200
3,2971323,14190
3,2971323,50700
3,2971323,88140
3,2971333,64240
3,2971334,68320
3,2971336,64122
3,2971336,64700
3,2971337,61200
3,2971340,67280
3,2971344,88220
3,2971357,64990
3,2971360,02000
3,2971372,26120
3,2971375,28160
3,2971377,42240
3,2971380,68190
3,2971386,60730
3,2971389,67350
3,2971390,67350
3,2971392,64220
3,2971396,54870
3,2971399,73400
3,2971401,68700
3,2971402,68510
3,2971407,57270
3,2971409,71700
3,2971411,84100
3,2971412,30620
3,2971413,40090
3,2971418,67350
3,2971446,76280
3,2971454,89570
3,2971463,19500
3,2971469,68230
3,2971479,80130
3,2971480,38210
3,2971482,19000
3,2971483,26790
3,2971493,72160
3,2971504,54640
3,2971505,11350
3,2971515,37320
3,2971518,14500
3,2971521,61160
3,2971522,60800
3,2971536,67370
3,2971549,10000
3,2971553,18570
3,2971555,14360
3,2971556,27680
3,2971557,76210
3,2971568,66300
3,2971570,21170
3,2971579,02300
3,2971580,60350
3,2971582,55310
3,2971587,03240
3,2971588,54570
3,2971609,59980
3,2971615,51700
3,2971616,60112
3,2971619,16730
3,2971639,19230
3,2971641,14670
3,2971641,14940
3,2971645,17250
3,2971646,15400
3,2971651,59125
3,2971673,77470
3,2971675,77450
3,2971676,45220
3,2971678,51140
3,2971680,44570
3,2971686,54750
3,2971689,78510
3,2971692,60590
3,2971693,65220
3,2971694,60420
3,2971699,50620
3,2971704,85580
3,2971707,16200
3,2971720,22100
3,2971722,01600
3,2971723,22660
3,2971725,03460
3,2971733,73100
3,2971734,14710
3,2971741,30750
3,2971741,69420
3,2971745,35190
3,2971747,55130
3,2971748,22410
3,2971751,22600
3,2971765,13530
3,2971767,03220
3,2971771,59152
3,2971772,22290
3,2971773,33370
3,2971774,73100
3,2971775,66300
3,2971777,57710
3,2971782,30330
3,2971783,46090
3,2971796,35320
3,2971799,38460
3,2971810,28500
3,2971816,47140
3,2971825,22440
3,2971836,12290
3,2971839,22230
3,2971841,55000
3,2971848,24510
3,2971856,22290
3,2971856,29300
3,2971857,22250
3,2971858,57300
3,2971859,22490
3,2971860,29120
3,2971861,49340
3,2971874,93290
3,2971876,35460
3,2971887,59132
3,2971888,50660
3,2971889,22100
3,2971890,24750
3,2971892,42130
3,2971893,22660
3,2971896,49800
3,2971902,85590
3,2971903,85600
3,2971908,44119
3,2971912,89520
3,2971915,19260
3,2971926,29910
3,2971929,22220
3,2971930,22290
3,2971936,29970
3,2971946,22590
3,2971948,29870
3,2971949,22540
3,2971953,22730
3,2971967,29430
3,2971971,29440
3,2971973,22340
3,2971974,01370
3,2971976,56250
3,2971977,44170
3,2971978,29730
3,2971979,35380
3,2971985,22300
3,2971986,56250
3,2971988,22220
3,2971989,22510
3,2971998,22510
3,2971999,22340
3,2972006,65200
3,2972009,22560
3,2972010,11800
3,2972019,50340
3,2972023,56140
3,2972037,02800
3,2972040,84850
3,2972049,78190
3,2972056,44440
3,2972058,83720
3,2972059,35610
3,2972064,72650
3,2972071,01390
3,2972075,38300
3,2972083,71520
3,2972084,22640
3,2972095,45470
3,2972097,10400
3,2972101,67310
3,2972105,58150
3,2972106,60170
3,2972107,60170
3,2972126,16600
3,2972128,44650
3,2972132,16360
3,2972137,49360
3,2972142,27500
3,2972143,78117
3,2972145,01600
3,2972146,69780
3,2972148,76400
3,2972156,28310
3,2972158,50200
3,2972159,27500
3,2972160,14210
3,2972161,76550
3,2972162,76400
3,2972163,76410
3,2972165,27370
3,2972168,83170
3,2972175,83690
3,2972178,24390
3,2972185,63590
3,2972186,51150
3,2972187,80210
3,2972188,73790
3,2972191,37000
3,2972191,37100
3,2972191,37200
3,2972194,16560
3,2972195,06690
3,2972201,61190
3,2972202,27510
3,2972203,71700
3,2972208,37290
3,2972209,36220
3,2972214,07300
3,2972229,08090
3,2972235,62890
3,2972237,31170
3,2972248,65190
3,2972253,77220
3,2972263,59551
3,2972270,50110
3,2972271,14800
3,2972273,06140
3,2972276,41250
3,2972277,14400
3,2972284,59200
3,2972285,29140
3,2972288,34120
3,2972301,77131
3,2972307,14800
3,2972315,31000
3,2972315,31100
3,2972315,31200
3,2972315,31300
3,2972315,31400
3,2972315,31500
3,2972317,66350
3,2972320,71320
3,2972321,03400
3,2972323,12200
3,2972328,83000
3,2972328,83100
3,2972328,83200
3,2972339,33210
3,2972342,07130
3,2972350,54200
3,2972357,32430
3,2972359,76190
3,2972365,59390
3,2972372,89130
3,2972381,76890
3,2972387,01250
3,2972388,40230
3,2972389,27700
3,2972392,10440
3,2972401,18320
3,2972402,62490
3,2972407,16410
3,2972412,66440
3,2972419,25320
3,2972419,71270
3,2972423,30140
3,2972427,50160
3,2972430,49660
3,2972430,91730
3,2972439,10700
3,2972439,76590
3,2972444,77200
3,2972445,71210
3,2972446,01230
3,2972454,52600
3,2972455,72110
3,2972456,53270
3,2972457,35370
3,2972462,22140
3,2972463,54210
3,2972465,50460
3,2972467,89700
3,2972468,47400
3,2972470,17430
3,2972471,17380
3,2972486,54510
3,2972494,50470
3,2972516,24350
3,2972527,20114
3,2972537,50870
3,2972544,35190
3,2972546,51430
3,2972553,62127
3,2972555,61800
3,2972559,62500
3,2972560,14250
3,2972565,27510
3,2972565,36310
3,2972565,78790
3,2972571,62217
3,2972577,59554
3,2972583,27570
3,2972584,49230
3,2972591,21130
3,2972594,60000
3,2972598,40360
3,2972599,21120
3,2972600,45510
3,2972605,38230
3,2972607,73320
3,2972609,49540
3,2972611,91250
3,2972613,85130
3,2972619,54190
3,2972620,49125
3,2972633,74300
3,2972636,74150
3,2972639,60250
3,2972640,14220
3,2972644,69510
3,2972647,63260
3,2972651,86540
3,2972652,86110
3,2972655,59158
3,2972658,59239
3,2972665,66300
3,2972667,54170
3,2972670,07330
3,2972682,77940
3,2972684,60150
3,2972686,35134
3,2972694,85410
3,2972695,79100
3,2972696,44470
3,2972697,49380
3,2972710,89260
3,2972711,77400
3,2972713,85480
3,2972716,72160
3,2972719,79370
3,2972723,21110
3,2972727,74570
3,2972732,41100
3,2972733,72800
3,2972742,74200
3,2972748,52300
3,2972749,74230
3,2972754,77810
3,2972764,74500
3,2972772,01140
3,2972773,78770
3,2972774,01710
3,2972777,39240
3,2972783,38260
3,2972784,04380
3,2972786,69240
3,2972792,24800
3,2972794,78850
3,2972795,60160
3,2972796,59163
3,2972797,28630
3,2972798,25220
3,2972801,28480
3,2972811,57100
3,2972818,45260
3,2972822,37260
3,2972829,08800
3,2972830,54880
3,2972833,01120
3,2972834,31530
3,2972837,15800
3,2972843,60480
3,2972843,77230
3,2972849,60310
3,2972851,55840
3,2972853,60520
3,2972857,63300
3,2972864,59189
3,2972867,62560
3,2972868,03230
3,2972871,88290
3,2972876,51300
3,2972882,27230
3,2972889,59224
3,2972893,94320
3,2972897,30390
3,2972903,04200
3,2972903,64450
3,2972904,34490
3,2972905,11200
3,2972908,66200
3,2972911,38570
3,2972931,41140
3,2972936,62129
3,2972940,60510
3,2972942,06590
3,2972947,24210
3,2972952,18100
3,2972953,79390
3,2972958,02390
3,2972960,41400
3,2972961,36800
3,2972963,17460
3,2972963,24240
3,2972969,62580
3,2972978,69620
3,2972979,56450
3,2972982,89320
3,2972986,41300
3,2972989,56130
3,2972992,57450
3,2973008,88150
3,2973009,14610
3,2973013,68800
3,2973015,67440
3,2973021,17290
3,2973033,34820
3,2973039,50690
3,2973040,50630
3,2973042,33710
3,2973045,57385
3,2973048,57220
3,2973049,59229
3,2973058,50420
3,2973062,17460
3,2973069,78250
3,2973073,57180
3,2973077,81150
3,2973107,66300
3,2973108,24120
3,2973118,70270
3,2973128,41800
3,2973128,69360
3,2973128,86120
3,2973136,69620
3,2973137,28140
3,2973146,02700
3,2973150,59114
3,2973151,40180
3,2973155,86800
3,2973164,57980
3,2973166,72240
3,2973180,06430
3,2973181,38570
3,2973182,43190
3,2973183,01230
3,2973187,59242
3,2973188,59175
3,2973192,72220
3,2973196,54260
3,2973197,29560
3,2973219,44440
3,2973219,72290
3,2973224,35620
3,2973233,81600
3,2973236,38470
3,2973257,45190
3,2973258,95150
3,2973259,83670
3,2973261,71400
3,2973264,30126
3,2973266,02250
3,2973267,39500
3,2973272,37310
3,2973274,63690
3,2973277,66720
3,2973281,12600
3,2973281,34600
3,2973293,33710
3,2973293,46130
3,2973293,81630
3,2973297,56800
3,2973301,26770
3,2973303,29670
3,2973306,17170
3,2973311,62500
3,2973317,69160
3,2973329,21110
3,2973338,40400
3,2973340,42800
3,2973355,40220
3,2973365,33760
3,2973377,64470
3,2973382,25620
3,2973385,65000
3,2973392,09400
3,2973393,13150
3,2973394,69170
3,2973396,83460
3,2973399,16110
3,2973400,69220
3,2973408,81190
3,2973409,54116
3,2973418,83440
3,2973420,08390
3,2973420,58190
3,2973421,89430
3,2973424,74440
3,2973437,76430
3,2973449,50700
3,2973457,69440
3,2973471,60590
3,2973476,80260
3,2973480,74290
3,2973483,63450
3,2973485,05130
3,2973488,15170
3,2973492,35160
3,2973493,07340
3,2973495,33400
3,2973505,20230
3,2973510,21240
3,2973511,57525
3,2973519,16700
3,2973520,71250
3,2973520,79100
3,2973524,51500
3,2973528,59570
3,2973529,59550
3,2973530,88100
3,2973531,26600
3,2973539,35500
3,2973551,25400
3,2973554,17350
3,2973554,47200
3,2973564,84300
3,2973570,68720
3,2973572,08300
3,2973573,20230
3,2973579,22100
3,2973582,78910
3,2973597,33550
3,2973607,60400
3,2973613,26790
3,2973626,34160
3,2973637,56450
3,2973638,18240
3,2973639,42450
3,2973641,18300
3,2973642,45530
3,2973645,95470
3,2973651,14130
3,2973651,27400
3,2973651,50250
3,2973655,50270
3,2973666,79220
3,2973666,86250
3,2973672,17700
3,2973675,92150
3,2973686,67250
3,2973697,67920
3,2973698,68280
3,2973701,30440
3,2973702,56250
3,2973703,45600
3,2973710,14400
3,2973710,60380
3,2973710,71360
3,2973713,01400
3,2973720,51600
3,2973724,58150
3,2973732,63490
3,2973735,41500
3,2973745,94370
3,2973748,44240
3,2973755,38300
3,2973761,14400
3,2973773,57970
3,2973780,59270
3,2973783,67000
3,2973783,67100
3,2973783,67200
3,2973787,67140
3,2973788,68140
3,2973795,57350
3,2973798,67190
3,2973809,55700
3,2973814,68640
3,2973816,68440
3,2973817,68440
3,2973818,67790
3,2973819,68700
3,2973820,67220
3,2973821,59181
3,2973823,59114
3,2973825,59380
3,2973826,59189
3,2973836,59190
3,2973841,93240
3,2973843,68850
3,2973846,22200
3,2973847,59380
3,2973856,55230
3,2973857,57350
3,2973858,29540
3,2973863,06530
3,2973866,68720
3,2973867,68720
3,2973869,72700
3,2973875,07130
3,2973878,18340
3,2973882,16800
3,2973886,69610
3,2973889,49400
3,2973897,03210
3,2973899,72300
3,2973902,16240
3,2973902,37330
3,2973902,79800
3,2973905,30250
3,2973918,40140
3,2973924,33460
3,2973933,46190
3,2973936,24400
3,2973937,19550
3,2973938,28630
3,2973944,77171
3,2973949,50150
3,2973953,69210
3,2973959,64250
3,2973962,40250
3,2973963,77460
3,2973973,64420
3,2973974,14420
3,2973985,23600
3,2973990,67250
3,2973991,68570
3,2973992,67120
3,2973993,68360
3,2973994,68140
3,2973995,68230
3,2973999,88630
3,2974007,85300
3,2974008,72370
3,2974011,17250
3,2974012,72290
3,2974013,72210
3,2974022,53210
3,2974047,49460
3,2974048,49610
3,2974056,33780
3,2974066,46200
3,2974075,58300
3,2974076,45410
3,2974080,72130
3,2974081,35610
3,2974086,67620
3,2974087,67460
3,2974089,41300
3,2974091,65430
3,2974091,80310
3,2974094,31160
3,2974105,41170
3,2974108,44110
3,2974108,79800
3,2974115,02600
3,2974115,89100
3,2974118,69510
3,2974120,57960
3,2974123,62153
3,2974130,49140
3,2974135,17780
3,2974139,34700
3,2974145,28400
3,2974146,81580
3,2974150,46700
3,2974152,76410
3,2974153,76300
3,2974155,50260
3,2974157,20146
3,2974162,06380
3,2974163,47170
3,2974166,40180
3,2974175,70150
3,2974175,71500
3,2974176,19290
3,2974178,08150
3,2974185,37250
3,2974188,84700
3,2974193,24420
3,2974195,81540
3,2974197,28260
3,2974203,66690
3,2974205,40430
3,2974208,55190
3,2974212,20213
3,2974215,05150
3,2974215,42290
3,2974233,68780
3,2974234,68780
3,2974235,40150
3,2974236,37360
3,2974245,73000
3,2974246,38150
3,2974251,12700
3,2974251,17160
3,2974257,60380
3,2974259,68380
3,2974263,78120
3,2974272,86160
3,2974273,30250
3,2974275,52220
3,2974282,51600
3,2974286,76440
3,2974287,54110
3,2974288,14400
3,2974294,51600
3,2974295,55170
3,2974299,55320
3,2974317,49360
3,2974322,21540
3,2974323,25520
3,2974324,59490
3,2974329,59740
3,2974336,83210
3,2974337,83210
3,2974338,83210
3,2974345,61380
3,2974347,43370
3,2974349,87110
3,2974352,14540
3,2974354,57420
3,2974359,38460
3,2974360,59730
3,2974361,72300
3,2974362,77111
3,2974375,20240
3,2974378,69360
3,2974383,91450
3,2974384,91840
3,2974385,95230
3,2974385,95231
3,2974385,95232
3,2974385,95233
3,2974385,95234
3,2974385,95239
3,2974386,77650
3,2974389,02200
3,2974391,41230
3,2974393,78200
3,2974396,77111
3,2974410,59380
3,2974413,25600
3,2974418,86240
3,2974423,29450
3,2974424,35550
3,2974427,83140
3,2974434,77115
3,2974446,04200
3,2974449,02240
3,2974450,02150
3,2974452,20233
3,2974454,64230
3,2974456,39300
3,2974461,16440
3,2974466,15150
3,2974468,34210
3,2974480,24170
3,2974485,44590
3,2974494,59450
3,2974506,02300
3,2974507,38650
3,2974511,32420
3,2974518,04150
3,2974519,13109
3,2974521,62123
3,2974522,71330
3,2974523,01250
3,2974524,69360
3,2974525,71290
3,2974530,67260
3,2974533,57530
3,2974534,60330
3,2974540,74330
3,2974547,51500
3,2974549,72460
3,2974550,72140
3,2974554,86320
3,2974555,83690
3,2974556,38590
3,2974562,76780
3,2974567,04200
3,2974567,05130
3,2974569,85110
3,2974571,24240
3,2974575,68240
3,2974576,16200
3,2974577,77640
3,2974579,08380
3,2974586,83870
3,2974589,45110
3,2974591,11130
3,2974603,76690
3,2974604,57410
3,2974608,68510
3,2974609,57480
3,2974617,50690
3,2974625,38460
3,2974629,29250
3,2974640,51120
3,2974642,74210
3,2974643,38200
3,2974644,38180
3,2974645,38170
3,2974648,31600
3,2974649,74910
3,2974650,01420
3,2974652,40180
3,2974655,74600
3,2974661,04140
3,2974666,47350
3,2974670,54550
3,2974672,68290
3,2974675,74320
3,2974676,71100
3,2974677,86800
3,2974678,92310
3,2974681,93270
3,2974689,64160
3,2974690,64260
3,2974691,22250
3,2974699,12150
3,2974701,44530
3,2974703,90400
3,2974704,42460
3,2974710,21250
3,2974717,95270
3,2974726,62380
3,2974733,34200
3,2974735,67770
3,2974738,02240
3,2974743,74310
3,2974745,35530
3,2974747,50170
3,2974747,77170
3,2974752,62530
3,2974764,81220
3,2974766,19220
3,2974775,34290
3,2974777,26600
3,2974781,76116
3,2974782,01960
3,2974782,30340
3,2974784,63560
3,2974789,70440
3,2974795,16410
3,2974795,65120
3,2974798,54560
3,2974799,77700
3,2974802,21550
3,2974804,73310
3,2974806,01470
3,2974809,07340
3,2974809,71960
3,2974813,09000
3,2974815,64160
3,2974821,64121
3,2974831,05700
3,2974831,11190
3,2974831,54370
3,2974839,25770
3,2974860,74230
3,2974867,27470
3,2974868,52400
3,2974868,76440
3,2974870,62910
3,2974873,38200
3,2974879,30210
3,2974882,01190
3,2974886,58000
3,2974889,51500
3,2974892,67230
3,2974893,38510
3,2974896,63120
3,2974900,90300
3,2974901,51250
3,2974904,45300
3,2974922,85200
3,2974923,84830
3,2974925,34410
3,2974926,47310
3,2974930,46700
3,2974930,82500
3,2974931,60590
3,2974936,01630
3,2974936,02130
3,2974937,89140
3,2974942,69360
3,2974943,38300
3,2974949,56460
3,2974955,57290
3,2974962,87620
3,2974976,03700
3,2974979,02790
3,2974991,08220
3,2974991,95450
3,2974996,59320
3,2975004,51400
3,2975007,02200
3,2975008,39310
3,2975018,82240
3,2975019,78790
3,2975020,13240
3,2975021,38780
3,2975023,68580
3,2975025,59269
3,2975036,68780
3,2975046,35490
3,2975050,89100
3,2975052,71260
3,2975056,81600
3,2975063,88210
3,2975067,28250
3,2975073,76400
3,2975078,45240
3,2975079,21800
3,2975080,71240
3,2975084,78720
3,2975088,60300
3,2975088,62310
3,2975092,62380
3,2975093,86100
3,2975109,12320
3,2975113,56860
3,2975115,33690
3,2975115,64320
3,2975120,13560
3,2975122,80140
3,2975127,60650
3,2975128,28210
3,2975130,89710
3,2975140,17120
3,2975142,71110
3,2975143,21140
3,2975145,60400
3,2975147,45400
3,2975179,57280
3,2975181,65600
3,2975184,37360
3,2975191,81570
3,2975199,67470
3,2975203,21260
3,2975204,25230
3,2975206,41100
3,2975210,39230
3,2975215,41130
3,2975216,41300
3,2975233,67600
3,2975241,09140
3,2975244,32260
3,2975245,57455
3,2975247,77240
3,2975265,83440
3,2975268,19700
3,2975269,31840
3,2975270,41110
3,2975273,40510
3,2975278,89250
3,2975288,49140
3,2975292,54280
3,2975300,84110
3,2975305,12290
3,2975310,72170
3,2975314,49500
3,2975317,32600
3,2975321,16130
3,2975321,19310
3,2975321,24600
3,2975326,01170
3,2975328,56160
3,2975339,73700
3,2975340,61500
3,2975349,08200
3,2975358,79130
3,2975361,59113
3,2975364,38220
3,2975382,59990
3,2975383,02110
3,2975387,12740
3,2975392,57160
3,2975395,29640
3,2975400,86140
3,2975408,74950
3,2975410,74140
3,2975412,74930
3,2975413,79000
3,2975419,67270
3,2975422,67440
3,2975423,68520
3,2975424,67590
3,2975429,57230
3,2975432,57350
3,2975434,67390
3,2975435,67370
3,2975441,68440
3,2975444,67240
3,2975445,67130
3,2975446,67300
3,2975449,67750
3,2975459,67150
3,2975460,70360
3,2975465,72160
3,2975466,45490
3,2975469,89420
3,2975469,92330
3,2975485,29390
3,2975492,30650
3,2975495,63530
3,2975501,62690
3,2975502,02590
3,2975512,55000
3,2975513,37510
3,2975520,77650
3,2975522,05160
3,2975525,91600
3,2975528,41360
3,2975534,50640
3,2975535,86800
3,2975536,77176
3,2975537,21380
3,2975538,21420
3,2975540,37420
3,2975542,18390
3,2975543,18240
3,2975544,71580
3,2975552,74520
3,2975553,69210
3,2975554,60650
3,2975555,01480
3,2975556,42600
3,2975558,37340
3,2975561,86400
3,2975564,33910
3,2975568,24420
3,2975569,24270
3,2975577,33124
3,2975578,12200
3,2975582,10600
3,2975584,80470
3,2975588,67700
3,2975592,09700
3,2975593,49170
3,2975596,82600
3,2975597,44260
3,2975606,26740
3,2975607,38440
3,2975608,07430
3,2975611,56360
3,2975612,79190
3,2975616,26740
3,2975618,30190
3,2975625,63490
3,2975635,58160
3,2975636,89200
3,2975647,87400
3,2975649,34410
3,2975653,47500
3,2975654,12800
3,2975655,33540
3,2975659,30150
3,2975663,64390
3,2975665,63840
3,2975667,01220
3,2975674,30610
3,2975683,64230
3,2975702,44880
3,2975709,33210
3,2975716,34160
3,2975720,21360
3,2975720,50200
3,2975726,13960
3,2975732,50700
3,2975740,28260
3,2975740,76760
3,2975741,34570
3,2975743,68390
3,2975748,09400
3,2975755,37110
3,2975758,49400
3,2975767,84800
3,2975771,59227
3,2975776,88290
3,2975778,54420
3,2975782,52140
3,2975782,67420
3,2975784,78650
3,2975785,91160
3,2975791,70240
3,2975797,08300
3,2975798,84390
3,2975799,64300
3,2975801,01150
3,2975802,59990
3,2975806,21910
3,2975807,21910
3,2975808,57140
3,2975810,70400
3,2975811,28500
3,2975812,35320
3,2975814,54650
3,2975819,21210
3,2975826,86500
3,2975833,88580
3,2975838,02310
3,2975839,03500
3,2975840,26270
3,2975841,08270
3,2975844,17600
3,2975850,43170
3,2975853,40410
3,2975854,40180
3,2975883,33650
3,2975884,40180
3,2975885,40230
3,2975887,40230
3,2975888,31600
3,2975889,34400
3,2975891,38290
3,2975893,07290
3,2975894,69580
3,2975895,69580
3,2975905,76540
3,2975907,71530
3,2975908,38360
3,2975911,41700
3,2975916,56370
3,2975921,78500
3,2975924,50530
3,2975931,20100
3,2975934,59216
3,2975939,51520
3,2975939,71110
3,2975939,89310
3,2975945,65600
3,2975949,20167
3,2975952,49800
3,2975953,84260
3,2975956,67260
3,2975957,67260
3,2975961,57905
3,2975964,57200
3,2975967,57400
3,2975975,24800
3,2975975,46600
3,2975980,07370
3,2975985,65410
3,2975990,57400
3,2975992,57430
3,2976007,24200
3,2976014,20145
3,2976017,41170
3,2976019,72190
3,2976021,64310
3,2976030,38260
3,2976032,23250
3,2976039,52800
3,2976039,69490
3,2976043,95200
3,2976044,61200
3,2976047,40120
3,2976050,45770
3,2976051,32450
3,2976056,39300
3,2976056,88120
3,2976059,08160
3,2976078,26400
3,2976084,25660
3,2976089,86600
3,2976090,71410
3,2976093,12200
3,2976106,28700
3,2976106,95640
3,2976108,59211
3,2976109,94440
3,2976114,21590
3,2976114,41190
3,2976117,29250
3,2976121,20220
3,2976137,20221
3,2976140,20200
3,2976145,20230
3,2976158,79270
3,2976160,15130
3,2976165,57640
3,2976179,95110
3,2976180,20230
3,2976182,14940
3,2976186,20200
3,2976195,40460
3,2976202,20230
3,2976215,20170
3,2976217,62231
3,2976222,76430
3,2976224,45640
3,2976231,67230
3,2976245,18600
3,2976246,88390
3,2976247,28800
3,2976249,25430
3,2976251,18300
3,2976252,18140
3,2976254,71000
3,2976258,83110
3,2976273,55300
3,2976274,39100
3,2976279,77210
3,2976281,77920
3,2976284,74340
3,2976285,77260
3,2976286,86200
3,2976291,62830
3,2976292,59310
3,2976299,41120
3,2976300,47250
3,2976301,32130
3,2976305,40320
3,2976309,42110
3,2976310,46340
3,2976320,81630
3,2976334,62500
3,2976337,80480
3,2976338,71250
3,2976340,19510
3,2976341,13300
3,2976348,59496
3,2976351,12120
3,2976358,17220
3,2976359,11410
3,2976362,64300
3,2976366,12330
3,2976375,12410
3,2976384,33770
3,2976384,47150
3,2976384,65400
3,2976384,79800
3,2976384,81640
3,2976387,85300
3,2976390,74270
3,2976399,33370
3,2976404,62430
3,2976406,74700
3,2976412,73600
3,2976413,39110
3,2976415,15200
3,2976415,77148
3,2976421,30340
3,2976429,03470
3,2976432,89100
3,2976433,85170
3,2976437,17800
3,2976439,04290
3,2976439,33240
3,2976440,24590
3,2976443,31260
3,2976444,64270
3,2976445,81990
3,2976459,80480
3,2976470,74150
3,2976472,83690
3,2976478,60400
3,2976481,66280
3,2976489,66600
3,2976490,41300
3,2976496,07150
3,2976497,33160
3,2976507,38150
3,2976509,38890
3,2976511,24160
3,2976516,54380
3,2976520,81710
3,2976520,86120
3,2976521,79400
3,2976524,11310
3,2976533,28700
3,2976534,83640
3,2976536,33920
3,2976537,29140
3,2976542,16710
3,2976546,87500
3,2976548,03270
3,2976549,91650
3,2976551,09210
3,2976552,19140
3,2976553,71600
3,2976554,40400
3,2976556,17138
3,2976557,95470
3,2976558,76490
3,2976561,01150
3,2976562,22230
3,2976565,51340
3,2976565,91770
3,2976566,29440
3,2976569,33590
3,2976572,17220
3,2976572,24230
3,2976577,47500
3,2976578,73460
3,2976579,25410
3,2976581,56350
3,2976583,85520
3,2976585,85540
3,2976586,85110
3,2976594,79500
3,2976598,72150
3,2976600,40230
3,2976603,44590
3,2976607,33440
3,2976608,40990
3,2976609,38660
3,2976613,24190
3,2976614,42120
3,2976615,07210
3,2976616,34730
3,2976617,76430
3,2976628,31290
3,2976628,43800
3,2976628,63320
3,2976628,64800
3,2976637,14400
3,2976643,87420
3,2976645,42630
3,2976652,43140
3,2976653,30290
3,2976656,13700
3,2976656,13730
3,2976660,38510
3,2976661,30500
3,2976663,38110
3,2976667,03410
3,2976671,07410
3,2976678,44320
3,2976679,41210
3,2976680,19240
3,2976683,69620
3,2976684,38160
3,2976690,62350
3,2976691,23320
3,2976692,80310
3,2976693,79330
3,2976695,06460
3,2976697,71230
3,2976699,26240
3,2976701,80230
3,2976703,76460
3,2976704,85570
3,2976704,89150
3,2976711,60660
3,2976712,50550
3,2976716,76510
3,2976717,60410
3,2976718,59188
3,2976719,26240
3,2976721,71500
3,2976724,10360
3,2976724,21170
3,2976726,15110
3,2976729,52300
3,2976730,29800
3,2976731,85230
3,2976742,83990
3,2976743,17370
3,2976747,01990
3,2976748,01560
3,2976751,62185
3,2976755,27680
3,2976755,29380
3,2976756,56300
3,2976757,35310
3,2976758,35190
3,2976759,29800
3,2976762,42600
3,2976764,26190
3,2976772,02820
3,2976772,31470
3,2976773,29520
3,2976774,51220
3,2976777,34630
3,2976780,77400
3,2976785,73160
3,2976791,29410
3,2976794,69590
3,2976795,07210
3,2976796,50250
3,2976801,61300
3,2976803,71710
3,2976805,42470
3,2976808,28700
3,2976811,72240
3,2976816,79270
3,2976818,33113
3,2976820,47140
3,2976821,63310
3,2976823,59114
3,2976824,87240
3,2976825,74540
3,2976830,14190
3,2976830,19380
3,2976830,76460
3,2976836,61300
3,2976837,31410
3,2976839,85260
3,2976840,87160
3,2976843,23000
3,2976844,23800
3,2976845,87370
3,2976846,35250
3,2976847,33450
3,2976853,35390
3,2976853,44540
3,2976855,17200
3,2976862,33330
3,2976863,16370
3,2976866,60430
3,2976868,41000
3,2976876,73160
3,2976879,81370
3,2976880,35430
3,2976883,77165
3,2976885,59360
3,2976887,87290
3,2976888,19230
3,2976894,03240
3,2976894,16220
3,2976894,17600
3,2976895,26210
3,2976896,01150
3,2976897,38510
3,2976902,69440
3,2976903,38200
3,2976906,42130
3,2976906,47220
3,2976908,74800
3,2976910,17500
3,2976911,02640
3,2976914,15130
3,2976919,38870
3,2976921,27560
3,2976921,61350
3,2976921,77169
3,2976925,23600
3,2976930,45310
3,2976930,49123
3,2976930,74300
3,2976930,85420
3,2976932,30700
3,2976936,16390
3,2976939,14380
3,2976941,17800
3,2976942,40500
3,2976944,33660
3,2976946,24230
3,2976948,33390
3,2976949,33180
3,2976954,56120
3,2976956,22160
3,2976956,29400
3,2976959,12380
3,2976961,71510
3,2976962,71200
3,2976964,07200
3,2976964,11420
3,2976964,47120
3,2976966,34400
3,2976969,35580
3,2976972,50300
3,2976974,33650
3,2976982,29590
3,2976983,86350
3,2976984,44230
3,2976986,27180
3,2976991,23160
3,2976991,38710
3,2976994,13119
3,2976996,17350
3,2976997,33920
3,2977000,86310
3,2977001,38300
3,2977006,77930
3,2977007,50390
3,2977008,28170
3,2977010,50490
3,2977015,42220
3,2977016,89520
3,2977019,35133
3,2977023,07190
3,2977028,07460
3,2977031,17540
3,2977033,80470
3,2977034,60320
3,2977037,29400
3,2977038,70300
3,2977041,86100
3,2977043,33250
3,2977044,38160
3,2977045,24520
3,2977049,31790
3,2977050,63950
3,2977054,86600
3,2977055,17610
3,2977058,59880
3,2977059,58330
3,2977060,80160
3,2977061,24470
3,2977062,49320
3,2977063,84450
3,2977064,53800
3,2977065,17700
3,2977068,84490
3,2977070,72650
3,2977072,16290
3,2977073,63450
3,2977077,18300
3,2977079,47360
3,2977079,82600
3,2977082,12300
3,2977083,63450
3,2977085,22100
3,2977087,50750
3,2977093,81490
3,2977100,76680
3,2977101,77120
3,2977102,89520
3,2977103,91250
3,2977106,50750
3,2977107,12490
3,2977109,12490
3,2977112,79500
3,2977114,38160
3,2977122,41140
3,2977125,42660
3,2977126,42610
3,2977130,33240
3,2977131,42640
3,2977132,43620
3,2977134,84110
3,2977135,42800
3,2977136,69700
3,2977137,69560
3,2977142,69490
3,2977144,07130
3,2977145,38460
3,2977146,76430
3,2977147,17600
3,2977155,16210
3,2977155,21190
3,2977155,63660
3,2977155,86250
3,2977159,17220
3,2977167,37390
3,2977176,76460
3,2977178,80135
3,2977186,85220
3,2977187,26130
3,2977189,29290
3,2977190,63550
3,2977193,28380
3,2977197,78470
3,2977199,49250
3,2977200,77320
3,2977202,03110
3,2977204,49110
3,2977206,51290
3,2977207,35560
3,2977210,72600
3,2977212,72140
3,2977214,13210
3,2977225,14570
3,2977227,70160
3,2977228,21500
3,2977229,71100
3,2977231,79410
3,2977232,01310
3,2977235,73660
3,2977240,07700
3,2977246,24160
3,2977246,83530
3,2977246,83700
3,2977250,01230
3,2977253,24210
3,2977255,57560
3,2977261,50220
3,2977262,38210
3,2977274,30700
3,2977277,38070
3,2977280,49110
3,2977287,33750
3,2977295,02100
3,2977299,22410
3,2977300,22700
3,2977304,59730
3,2977305,32310
3,2977308,45750
3,2977309,85110
3,2977310,16110
3,2977310,46300
3,2977310,82160
3,2977317,95390
3,2977319,03120
3,2977321,71390
3,2977321,89220
3,2977323,57855
3,2977327,30340
3,2977328,24410
3,2977332,19220
3,2977333,07200
3,2977335,38370
3,2977336,87480
3,2977337,87700
3,2977339,87800
3,2977348,23300
3,2977350,42270
3,2977351,63640
3,2977354,63310
3,2977356,69800
3,2977358,07000
3,2977360,28300
3,2977365,03500
3,2977368,10120
3,2977369,22550
3,2977371,82700
3,2977373,17250
3,2977377,34230
3,2977382,34220
3,2977385,79160
3,2977387,62130
3,2977388,59430
3,2977390,29250
3,2977392,50670
3,2977397,50400
3,2977401,07190
3,2977406,53160
3,2977411,14170
3,2977414,56510
3,2977415,49110
3,2977422,48200
3,2977422,71520
3,2977422,76740
3,2977422,85420
3,2977425,77140
3,2977427,18210
3,2977428,76320
3,2977432,58240
3,2977441,69210
3,2977444,27600
3,2977446,53410
3,2977449,43260
3,2977451,76260
3,2977452,76540
3,2977453,50330
3,2977454,27430
3,2977455,27210
3,2977456,61790
3,2977458,91280
3,2977462,14450
3,2977462,40280
3,2977462,58210
3,2977467,85120
3,2977470,27370
3,2977471,17310
3,2977472,64990
3,2977476,71670
3,2977477,76480
3,2977478,81330
3,2977482,53370
3,2977484,53500
3,2977488,27370
3,2977490,79700
3,2977491,37700
3,2977496,09000
3,2977497,35720
3,2977504,38220
3,2977506,76113
3,2977508,86260
3,2977517,23290
3,2977524,47270
3,2977525,24330
3,2977529,38380
3,2977530,69780
3,2977534,38870
3,2977535,42520
3,2977538,27920
3,2977540,33490
3,2977550,59630
3,2977551,67220
3,2977569,67140
3,2977587,28130
3,2977593,21220
3,2977593,56470
3,2977596,27290
3,2977600,49160
3,2977601,14130
3,2977602,44310
3,2977603,85660
3,2977607,33350
3,2977610,56350
3,2977611,35190
3,2977613,45600
3,2977614,44320
3,2977616,35430
3,2977616,58200
3,2977616,89450
3,2977622,40090
3,2977623,07130
3,2977624,45310
3,2977631,64310
3,2977636,65270
3,2977638,26130
3,2977641,73730
3,2977642,85670
3,2977644,13115
3,2977645,26750
3,2977647,30330
3,2977648,40990
3,2977650,07460
3,2977653,24800
3,2977655,43350
3,2977656,34570
3,2977657,30130
3,2977659,85500
3,2977660,42740
3,2977661,79240
3,2977662,83440
3,2977663,42240
3,2977664,74500
3,2977667,14490
3,2977668,49310
3,2977673,38760
3,2977674,01240
3,2977677,15250
3,2977681,09000
3,2977683,66220
3,2977686,81220
3,2977691,60650
3,2977692,61100
3,2977696,87260
3,2977699,33390
3,2977701,06570
3,2977708,37130
3,2977709,77178
3,2977710,37370
3,2977712,72610
3,2977717,10260
3,2977718,10410
3,2977719,58490
3,2977721,34230
3,2977729,24470
3,2977731,47800
3,2977733,47200
3,2977739,63440
3,2977739,79310
3,2977739,87250
3,2977746,11400
3,2977750,19600
3,2977755,40180
3,2977762,43620
3,2977764,17420
3,2977769,18110
3,2977772,64120
3,2977774,50380
3,2977777,76480
3,2977780,29830
3,2977783,63230
3,2977784,73410
3,2977788,77750
3,2977790,61300
3,2977794,37530
3,2977800,95310
3,2977803,77720
3,2977804,72220
3,2977805,27670
3,2977807,76890
3,2977808,27310
3,2977810,53410
3,2977814,35140
3,2977816,72130
3,2977821,80610
3,2977824,93400
3,2977825,41100
3,2977832,31650
3,2977839,35290
3,2977840,38490
3,2977841,60860
3,2977842,62162
3,2977845,14220
3,2977845,62500
3,2977849,73100
3,2977854,78860
3,2977855,56250
3,2977857,42190
3,2977858,01320
3,2977859,01560
3,2977860,38250
3,2977861,42380
3,2977862,69870
3,2977869,22480
3,2977879,44460
3,2977880,54210
3,2977882,38500
3,2977883,76170
3,2977885,82210
3,2977889,37140
3,2977890,76940
3,2977892,76510
3,2977901,62223
3,2977908,29550
3,2977909,24520
3,2977910,63710
3,2977911,17780
3,2977913,26190
3,2977916,34400
3,2977918,11120
3,2977921,44600
3,2977922,38330
3,2977925,30200
3,2977926,66570
3,2977927,82370
3,2977929,88200
3,2977930,67530
3,2977934,33650
3,2977943,44350
3,2977947,13920
3,2977948,55300
3,2977951,42410
3,2977952,91240
3,2977953,88470
3,2977954,37130
3,2977957,85700
3,2977959,04870
3,2977962,85200
3,2977982,33720
3,2977986,73140
3,2977992,33126
3,2977997,72440
3,2978004,44730
3,2978017,02830
3,2978023,16470
3,2978040,19330
3,2978041,10280
3,2978043,85700
3,2978045,77410
3,2978052,03210
3,2978053,08200
3,2978056,51470
3,2978057,44270
3,2978058,16720
3,2978062,35350
3,2978065,49610
3,2978067,35290
3,2978070,35250
3,2978072,33160
3,2978073,42330
3,2978074,33650
3,2978078,24400
3,2978079,33230
3,2978084,23200
3,2978093,24610
3,2978097,22320
3,2978099,79410
3,2978100,83470
3,2978101,60740
3,2978102,38530
3,2978103,30700
3,2978105,54130
3,2978112,88560
3,2978116,45700
3,2978117,26110
3,2978118,69440
3,2978119,45230
3,2978120,40270
3,2978122,28240
3,2978126,91530
3,2978130,71740
3,2978131,61190
3,2978132,87800
3,2978133,85390
3,2978134,23300
3,2978135,79150
3,2978136,86160
3,2978142,42240
3,2978144,25260
3,2978145,61600
3,2978150,85120
3,2978151,16500
3,2978157,01500
3,2978158,43200
3,2978161,01800
3,2978162,30360
3,2978163,01700
3,2978170,94410
3,2978175,63270
3,2978179,94100
3,2978179,94210
3,2978184,18270
3,2978184,32300
3,2978184,36250
3,2978184,39570
3,2978184,60210
3,2978197,49250
3,2978198,85150
3,2978199,34270
3,2978202,87440
3,2978203,51490
3,2978207,31360
3,2978208,06450
3,2978209,15140
3,2978211,56200
3,2978215,45500
3,2978215,89110
3,2978217,51520
3,2978233,76680
3,2978235,60700
3,2978238,38950
3,2978239,87700
3,2978242,42110
3,2978244,79500
3,2978249,60000
3,2978255,01310
3,2978257,37270
3,2978259,42260
3,2978263,42800
3,2978266,11400
3,2978269,78520
3,2978270,33390
3,2978273,03380
3,2978276,69850
3,2978279,76370
3,2978280,71620
3,2978281,77630
3,2978282,76160
3,2978283,61130
3,2978284,06670
3,2978287,95270
3,2978288,89100
3,2978297,01160
3,2978297,21440
3,2978297,71580
3,2978299,76290
3,2978302,01430
3,2978303,49170
3,2978303,79420
3,2978308,33910
3,2978308,49500
3,2978310,76133
3,2978317,38400
3,2978325,30520
3,2978326,07310
3,2978329,42620
3,2978330,85130
3,2978337,85140
3,2978342,33490
3,2978343,14400
3,2978344,40390
3,2978348,77320
3,2978349,50300
3,2978351,29600
3,2978354,41800
3,2978355,14350
3,2978356,79290
3,2978359,79400
3,2978360,24600
3,2978361,17410
3,2978362,05120
3,2978365,28130
3,2978367,14100
3,2978369,34380
3,2978375,73140
3,2978376,49160
3,2978378,50730
3,2978381,14100
3,2978383,84760
3,2978386,40390
3,2978393,85200
3,2978396,13310
3,2978405,84750
3,2978412,76840
3,2978413,50750
3,2978416,79230
3,2978417,73440
3,2978420,18110
3,2978439,62280
3,2978440,74370
3,2978441,71118
3,2978444,76450
3,2978444,76540
3,2978447,62500
3,2978502,24300
3,2978503,24250
3,2978516,53220
3,2978518,72290
3,2978519,85590
3,2978520,44540
3,2978521,72470
3,2978524,44850
3,2978524,53700
3,2978525,72220
3,2978529,44680
3,2978535,33620
3,2978540,10160
3,2978542,27500
3,2978550,77230
3,2978552,17700
3,2978560,35460
3,2978561,13100
3,2978565,42680
3,2978566,38160
3,2978568,26320
3,2978569,26740
3,2978570,07100
3,2978571,69170
3,2978580,42122
3,2978581,30330
3,2978582,07700
3,2978586,27950
3,2978588,56140
3,2978589,71380
3,2978590,36200
3,2978596,11120
3,2978616,14380
3,2978618,83430
3,2978621,94160
3,2978622,77670
3,2978623,15220
3,2978627,30730
3,2978632,85590
3,2978633,56490
3,2978634,35480
3,2978636,44550
3,2978637,56380
3,2978640,35400
3,2978642,85220
3,2978645,72320
3,2978647,23200
3,2978647,33490
3,2978648,04300
3,2978649,17520
3,2978652,33125
3,2978656,76890
3,2978658,49450
3,2978660,33490
3,2978661,31470
3,2978662,44410
3,2978663,45170
3,2978664,10180
3,2978666,39170
3,2978667,28190
3,2978668,35800
3,2978669,44310
3,2978670,44190
3,2978673,28210
3,2978673,76780
3,2978677,41190
3,2978678,28350
3,2978680,28410
3,2978688,70800
3,2978700,77650
3,2978701,71350
3,2978706,31140
3,2978712,50300
3,2978718,03150
3,2978720,69490
3,2978723,57620
3,2978726,33440
3,2978739,57820
3,2978742,68128
3,2978742,68300
3,2978749,33450
3,2978753,22130
3,2978754,40300
3,2978758,50000
3,2978760,09190
3,2978764,81500
3,2978766,49120
3,2978768,95320
3,2978776,24110
3,2978779,41370
3,2978781,72130
3,2978782,87400
3,2978783,62360
3,2978784,76400
3,2978789,88650
3,2978794,03220
3,2978797,31560
3,2978803,42155
3,2978804,71510
3,2978809,49280
3,2978811,71990
3,2978812,10800
3,2978813,87190
3,2978814,44710
3,2978817,80780
3,2978822,78610
3,2978828,76160
3,2978830,71360
3,2978832,58300
3,2978834,49170
3,2978838,79100
3,2978844,60170
3,2978844,76340
3,2978854,06260
3,2978854,16250
3,2978854,17800
3,2978854,47160
3,2978854,53480
3,2978854,62128
3,2978854,73220
3,2978854,77510
3,2978865,85290
3,2978866,01750
3,2978869,24330
3,2978870,87310
3,2978874,46400
3,2978875,87240
3,2978878,30330
3,2978882,42210
3,2978885,26190
3,2978886,37380
3,2978887,76560
3,2978891,06700
3,2978893,38380
3,2978895,07800
3,2978896,49410
3,2978898,39150
3,2978903,69620
3,2978907,50240
3,2978908,24100
3,2978910,24400
3,2978911,41220
3,2978917,49270
3,2978918,30126
3,2978919,65150
3,2978921,69720
3,2978925,66250
3,2978926,17450
3,2978927,49290
3,2978929,11220
3,2978932,40390
3,2978935,16100
3,2978936,69930
3,2978937,16450
3,2978938,66260
3,2978940,76700
3,2978949,62223
3,2978954,08090
3,2978966,23000
3,2978967,74800
3,2978974,38840
3,2978975,65170
3,2978981,61400
3,2978983,49070
3,2978985,49750
3,2978991,07210
3,2978992,69220
3,2978995,22630
3,2978997,42170
3,2978999,51260
3,2979001,43240
3,2979002,87590
3,2979003,42540
3,2979004,32230
3,2979004,40240
3,2979009,42430
3,2979010,60130
3,2979014,38680
3,2979017,38540
3,2979020,27950
3,2979021,35550
3,2979022,18340
3,2979023,01250
3,2979024,17320
3,2979029,07700
3,2979030,34400
3,2979036,87200
3,2979038,01540
3,2979039,61170
3,2979040,01560
3,2979042,41320
3,2979044,69690
3,2979048,42220
3,2979052,10800
3,2979054,57070
3,2979059,14140
3,2979068,07000
3,2979072,74160
3,2979074,40170
3,2979079,07200
3,2979080,89330
3,2979086,44670
3,2979087,30340
3,2979090,85150
3,2979095,30760
3,2979102,24370
3,2979108,63160
3,2979109,44450
3,2979110,71800
3,2979111,41400
3,2979112,30500
3,2979119,43260
3,2979122,19220
3,2979128,22940
3,2979133,21490
3,2979138,69640
3,2979141,83560
3,2979148,12550
3,2979148,48310
3,2979148,81160
3,2979153,87510
3,2979156,79600
3,2979158,76280
3,2979160,35430
3,2979162,62170
3,2979164,38134
3,2979167,50700
3,2979170,42800
3,2979173,24800
3,2979174,31790
3,2979175,74410
3,2979178,42590
3,2979179,44720
3,2979180,43200
3,2979184,73190
3,2979185,74490
3,2979187,29120
3,2979188,35220
3,2979189,01290
3,2979191,01560
3,2979193,53240
3,2979195,35140
3,2979196,42560
3,2979197,67700
3,2979198,05260
3,2979200,37600
3,2979202,57510
3,2979205,66490
3,2979207,64220
3,2979209,04270
3,2979209,06640
3,2979212,01640
3,2979214,64220
3,2979218,77660
3,2979224,07580
3,2979226,14770
3,2979226,45650
3,2979228,66300
3,2979230,56350
3,2979233,69550
3,2979234,57370
3,2979239,26190
3,2979244,30270
3,2979245,09100
3,2979246,29630
3,2979250,76150
3,2979251,12230
3,2979253,72430
3,2979256,33127
3,2979260,09000
3,2979261,34430
3,2979266,30960
3,2979269,69700
3,2979270,01390
3,2979272,79100
3,2979273,74250
3,2979277,38110
3,2979280,49320
3,2979283,74450
3,2979287,50320
3,2979289,50810
3,2979291,86330
3,2979296,01800
3,2979298,07300
3,2979299,85160
3,2979300,38430
3,2979303,73300
3,2979304,30430
3,2979305,40230
3,2979309,64500
3,2979310,21170
3,2979313,17170
3,2979316,45140
3,2979318,73250
3,2979320,72510
3,2979326,01630
3,2979328,34150
3,2979329,76170
3,2979331,50620
3,2979335,34160
3,2979338,73170
3,2979341,45800
3,2979342,38440
3,2979344,44640
3,2979355,74430
3,2979363,17400
3,2979369,06230
3,2979370,56660
3,2979371,42650
3,2979394,31240
3,2979398,59270
3,2979399,64160
3,2979401,50240
3,2979404,19700
3,2979405,56220
3,2979406,22330
3,2979407,22750
3,2979408,76160
3,2979415,35136
3,2979431,38330
3,2979435,62250
3,2979436,60410
3,2979441,15310
3,2979443,69790
3,2979444,71170
3,2979447,63720
3,2979454,14130
3,2979465,43260
3,2979469,58360
3,2979470,38350
3,2979470,76590
3,2979475,30170
3,2979478,68590
3,2979479,25190
3,2979480,37600
3,2979482,17430
3,2979488,66510
3,2979491,78125
3,2979493,28220
3,2979496,59440
3,2979498,61340
3,2979502,45160
3,2979504,19560
3,2979505,50500
3,2979507,59292
3,2979508,85480
3,2979509,87800
3,2979512,45320
3,2979516,61400
3,2979520,79210
3,2979521,41160
3,2979528,18160
3,2979529,38840
3,2979530,53380
3,2979531,50600
3,2979531,50730
3,2979537,85120
3,2979538,17770
3,2979541,85240
3,2979542,35140
3,2979543,85270
3,2979545,85600
3,2979548,38260
3,2979550,18100
3,2979551,44190
3,2979552,44680
3,2979554,30560
3,2979558,62120
3,2979559,87260
3,2979569,03440
3,2979574,38660
3,2979578,31410
3,2979579,11250
3,2979585,29270
3,2979589,44150
3,2979590,44800
3,2979595,22100
3,2979596,42570
3,2979597,42370
3,2979598,42370
3,2979600,56460
3,2979602,35430
3,2979619,35760
3,2979619,81350
3,2979624,56220
3,2979627,80260
3,2979627,95210
3,2979633,22330
3,2979638,56920
3,2979641,35630
3,2979642,45500
3,2979648,02410
3,2979649,29520
3,2979650,22510
3,2979653,33920
3,2979657,09200
3,2979660,74500
3,2979662,85800
3,2979669,76430
3,2979672,50180
3,2979673,35590
3,2979679,30800
3,2979680,44530
3,2979681,56730
3,2979692,30320
3,2979693,26160
3,2979694,34610
3,2979697,86230
3,2979698,74170
3,2979698,74190
3,2979699,41350
3,2979705,63390
3,2979706,95420
3,2979707,85230
3,2979712,33240
3,2979715,30200
3,2979722,60850
3,2979724,27500
3,2979730,77860
3,2979731,49230
3,2979733,69210
3,2979734,35250
3,2979738,50430
3,2979739,27320
3,2979744,08190
3,2979745,63630
3,2979747,14190
3,2979748,19330
3,2979750,42640
3,2979752,91250
3,2979754,87380
3,2979755,91180
3,2979756,39210
3,2979758,63340
3,2979762,28190
3,2979762,50340
3,2979764,53240
3,2979765,90110
3,2979766,77950
3,2979768,51240
3,2979770,77130
3,2979771,42260
3,2979772,43700
3,2979779,27230
3,2979780,14280
3,2979783,78100
3,2979784,35133
3,2979787,48340
3,2979789,24190
3,2979790,18390
3,2979791,33750
3,2979792,71370
3,2979793,35370
3,2979795,14110
3,2979796,61000
3,2979797,71330
3,2979798,46310
3,2979807,45220
3,2979808,49170
3,2979810,81700
3,2979812,03260
3,2979816,18340
3,2979816,58210
3,2979819,85110
3,2979825,17700
3,2979826,17500
3,2979829,14100
3,2979832,78640
3,2979833,61130
3,2979834,01130
3,2979861,10120
3,2979865,70200
3,2979869,86310
3,2979872,07170
3,2979873,44150
3,2979876,03150
3,2979879,56920
3,2979880,40230
3,2979882,52200
3,2979884,18110
3,2979885,49170
3,2979886,49700
3,2979887,18100
3,2979889,76690
3,2979890,28190
3,2979892,41400
3,2979893,89000
3,2979895,63800
3,2979897,27710
3,2979898,50000
3,2979900,07800
3,2979901,86130
3,2979902,72130
3,2979905,42610
3,2979908,27450
3,2979912,72700
3,2979914,17700
3,2979917,49350
3,2979920,61100
3,2979921,17810
3,2979923,50720
3,2979925,69830
3,2979926,35420
3,2979928,85150
3,2979929,79400
3,2979930,85600
3,2979931,63780
3,2979933,12100
3,2979941,17110
3,2979943,38450
3,2979951,53100
3,2979969,15100
3,2979969,16700
3,2979969,32430
3,2979969,47370
3,2979969,57830
3,2979969,62770
3,2979969,82240
3,2979976,38620
3,2979977,37510
3,2979978,36500
3,2979979,73240
3,2979983,01630
3,2979984,69290
3,2979985,69230
3,2979986,69610
3,2979988,16570
3,2979989,17240
3,2979993,66740
3,2979995,12130
3,2979998,34480
3,2980001,34160
3,2980002,30190
3,2980003,30150
3,2980004,31180
3,2980005,24590
3,2980006,71460
3,2980007,71260
3,2980011,42660
3,2980012,42530
3,2980025,33240
3,2980029,63122
3,2980031,87510
3,2980033,34980
3,2980035,79410
3,2980039,81390
3,2980040,36800
3,2980045,31800
3,2980046,14130
3,2980052,42330
3,2980057,80680
3,2980059,85250
3,2980062,47500
3,2980063,24300
3,2980064,24400
3,2980067,16460
3,2980067,43550
3,2980068,50620
3,2980075,29260
3,2980080,57320
3,2980086,61350
3,2980087,53300
3,2980089,07360
3,2980091,17240
3,2980092,53200
3,2980094,69490
3,2980095,78720
3,2980096,71400
3,2980097,69190
3,2980098,62370
3,2980100,37600
3,2980104,15100
3,2980104,63520
3,2980107,18400
3,2980108,30960
3,2980109,49410
3,2980111,36150
3,2980111,89600
3,2980113,85310
3,2980115,20217
3,2980115,45600
3,2980117,45360
3,2980120,41100
3,2980125,05800
3,2980125,54930
3,2980125,58270
3,2980125,71670
3,2980126,23000
3,2980127,44690
3,2980135,63600
3,2980139,74210
3,2980144,31540
3,2980152,34725
3,2980157,60370
3,2980160,74540
3,2980163,66170
3,2980164,66170
3,2980165,07410
3,2980166,64110
3,2980169,77310
3,2980170,89170
3,2980173,19200
3,2980182,79100
3,2980184,29170
3,2980185,11120
3,2980186,47210
3,2980192,76210
3,2980197,71210
3,2980197,74150
3,2980205,04220
3,2980210,48330
3,2980214,01140
3,2980219,88200
3,2980220,04230
3,2980221,42130
3,2980223,69460
3,2980225,43260
3,2980230,05250
3,2980231,35460
3,2980232,71370
3,2980234,27430
3,2980235,48000
3,2980236,76800
3,2980238,13103
3,2980239,85670
3,2980240,01370
3,2980246,82410
3,2980247,06660
3,2980248,30200
3,2980249,69460
3,2980256,38590
3,2980259,44360
3,2980260,44270
3,2980261,15600
3,2980266,23290
3,2980267,47380
3,2980268,07200
3,2980269,73130
3,2980270,38960
3,2980271,44650
3,2980274,37230
3,2980278,64430
3,2980283,62360
3,2980291,42000
3,2980291,42100
3,2980291,42230
3,2980301,33350
3,2980302,50750
3,2980304,53270
3,2980305,25630
3,2980313,66240
3,2980315,24360
3,2980317,33180
3,2980320,17220
3,2980324,18220
3,2980325,13460
3,2980328,43600
3,2980329,36160
3,2980330,16200
3,2980331,29600
3,2980334,61170
3,2980335,10300
3,2980336,72380
3,2980340,17100
3,2980344,02820
3,2980345,44160
3,2980350,35230
3,2980350,53390
3,2980354,85450
3,2980356,79100
3,2980364,12850
3,2980372,44680
3,2980375,37800
3,2980376,79220
3,2980384,50500
3,2980386,03400
3,2980387,79260
3,2980388,24200
3,2980392,33330
3,2980397,50480
3,2980400,51800
3,2980402,83120
3,2980403,37800
3,2980405,10150
3,2980410,21410
3,2980413,14350
3,2980417,21200
3,2980418,62370
3,2980421,38660
3,2980421,50480
3,2980427,76190
3,2980429,17740
3,2980430,40390
3,2980432,73130
3,2980437,59670
3,2980438,68160
3,2980439,57255
3,2980446,35600
3,2980447,25113
3,2980457,76480
3,2980469,76119
3,2980476,43230
3,2980476,88100
3,2980488,44980
3,2980492,63700
3,2980494,18110
3,2980507,01800
3,2980507,23000
3,2980507,58000
3,2980514,36260
3,2980517,31430
3,2980519,47110
3,2980522,28240
3,2980523,27190
3,2980531,01150
3,2980532,72380
3,2980536,61430
3,2980537,14210
3,2980541,85210
3,2980542,73460
3,2980543,73800
3,2980544,76400
3,2980547,56700
3,2980550,33480
3,2980554,12420
3,2980555,27620
3,2980558,91700
3,2980559,45230
3,2980562,02340
3,2980562,50760
3,2980562,54700
3,2980562,60730
3,2980562,76440
3,2980565,49130
3,2980566,53600
3,2980568,28500
3,2980570,85400
3,2980577,17250
3,2980579,81190
3,2980581,61370
3,2980584,73640
3,2980586,69110
3,2980587,69610
3,2980589,33220
3,2980590,31470
3,2980597,40190
3,2980597,71110
3,2980597,76590
3,2980597,85150
3,2980601,19490
3,2980603,43250
3,2980604,33350
3,2980604,85140
3,2980606,85150
3,2980610,23000
3,2980611,19270
3,2980616,01600
3,2980617,40200
3,2980624,26190
3,2980625,07510
3,2980625,11170
3,2980625,15140
3,2980625,33560
3,2980625,48120
3,2980632,91410
3,2980633,48210
3,2980636,38120
3,2980637,79800
3,2980644,76750
3,2980646,50440
3,2980648,68127
3,2980650,33410
3,2980651,09230
3,2980654,34270
3,2980658,68160
3,2980662,01120
3,2980662,02820
3,2980662,12260
3,2980662,24440
3,2980662,26150
3,2980662,46800
3,2980662,71470
3,2980662,81150
3,2980668,69280
3,2980676,47310
3,2980684,77650
3,2980691,69560
3,2980698,40700
3,2980704,49120
3,2980704,63390
3,2980711,84290
3,2980714,50800
3,2980716,85110
3,2980720,69440
3,2980721,37800
3,2980723,62223
3,2980735,50750
3,2980737,79370
3,2980738,38110
3,2980742,47180
3,2980746,57640
3,2980746,88700
3,2980752,76570
3,2980754,77260
3,2980756,35390
3,2980761,44160
3,2980762,56400
3,2980783,83136
3,2980788,38190
3,2980789,06500
3,2980790,42130
3,2980795,76310
3,2980796,41500
3,2980799,34160
3,2980801,18230
3,2980805,22800
3,2980806,35190
3,2980808,56130
3,2980810,23400
3,2980816,23130
3,2980816,52100
3,2980818,17240
3,2980823,30980
3,2980825,63520
3,2980827,88100
3,2980830,01140
3,2980833,69440
3,2980835,07200
3,2980836,43140
3,2980842,27370
3,2980843,38110
3,2980844,01600
3,2980849,35220
3,2980856,84210
3,2980860,07340
3,2980861,14100
3,2980862,71390
3,2980863,29440
3,2980868,61420
3,2980870,41000
3,2980872,42140
3,2980875,50210
3,2980876,76116
3,2980877,77510
3,2980878,28200
3,2980880,01000
3,2980883,85170
3,2980885,45560
3,2980886,01500
3,2980891,17650
3,2980898,33910
3,2980900,14110
3,2980905,53500
3,2980906,42750
3,2980916,11310
3,2980916,30500
3,2980916,63310
3,2980916,93200
3,2980916,93210
3,2980917,89100
3,2980932,77750
3,2980933,83270
3,2980934,01380
3,2980935,37540
3,2980936,69560
3,2980937,91410
3,2980938,42210
3,2980941,53320
3,2980942,78210
3,2980950,45590
3,2980953,49260
3,2980956,14290
3,2980961,85410
3,2980963,42123
3,2980971,86130
3,2980972,71240
3,2980973,87310
3,2980974,07430
3,2980975,12320
3,2980980,42160
3,2980982,24220
3,2980987,16170
3,2980991,40700
3,2980993,49230
3,2980996,60149
3,2980996,60790
3,2981002,05600
3,2981002,17380
3,2981008,35350
3,2981013,72110
3,2981015,61800
3,2981016,72460
3,2981018,14280
3,2981020,15600
3,2981024,56140
3,2981025,30870
3,2981041,92210
3,2981044,22260
3,2981046,69170
3,2981048,69930
3,2981049,79150
3,2981051,49350
3,2981052,17590
3,2981054,49370
3,2981058,50140
3,2981059,54950
3,2981060,89100
3,2981065,19700
3,2981073,34980
3,2981074,41350
3,2981077,39200
3,2981078,16450
3,2981079,31600
3,2981080,32380
3,2981081,76190
3,2981082,50680
3,2981084,95770
3,2981085,38370
3,2981087,38110
3,2981088,61490
3,2981097,07430
3,2981097,46300
3,2981097,82400
3,2981097,86330
3,2981117,33820
3,2981119,17240
3,2981120,33710
3,2981121,33910
3,2981127,12330
3,2981129,37370
3,2981130,38380
3,2981141,71800
3,2981142,71370
3,2981145,53150
3,2981146,85670
3,2981149,49280
3,2981152,35210
3,2981153,33330
3,2981163,03120
3,2981163,16420
3,2981163,17220
3,2981163,23000
3,2981163,26350
3,2981163,28200
3,2981163,69860
3,2981163,73360
3,2981163,81190
3,2981163,86230
3,2981172,33920
3,2981173,30380
3,2981177,84390
3,2981178,34400
3,2981179,42320
3,2981183,34360
3,2981190,51290
3,2981190,91530
3,2981193,48200
3,2981195,38890
3,2981199,36400
3,2981204,30190
3,2981206,42400
3,2981209,13250
3,2981211,15140
3,2981211,19380
3,2981214,05330
3,2981217,06530
3,2981224,15310
3,2981224,46360
3,2981227,74140
3,2981228,46400
3,2981234,64160
3,2981237,22380
3,2981238,73160
3,2981241,24540
3,2981241,38500
3,2981243,22150
3,2981245,22100
3,2981247,22600
3,2981249,24150
3,2981251,33880
3,2981259,13760
3,2981263,72120
3,2981266,38620
3,2981267,35120
3,2981272,45500
3,2981274,89530
3,2981280,22000
3,2981281,87200
3,2981283,95350
3,2981284,51370
3,2981285,35460
3,2981286,50730
3,2981288,77160
3,2981291,16100
3,2981294,35800
3,2981296,44250
3,2981303,30500
3,2981303,32120
3,2981303,34670
3,2981304,22800
3,2981305,37320
3,2981309,73120
3,2981311,03360
3,2981314,17150
3,2981315,63200
3,2981320,42330
3,2981324,42940
3,2981325,42380
3,2981331,30210
3,2981337,03800
3,2981338,69720
3,2981340,71220
3,2981346,38840
3,2981347,87300
3,2981348,87260
3,2981355,05500
3,2981358,61700
3,2981367,80960
3,2981370,38140
3,2981375,06670
3,2981375,74350
3,2981379,72220
3,2981382,53940
3,2981384,73520
3,2981388,01600
3,2981388,21700
3,2981388,38660
3,2981388,68720
3,2981390,71300
3,2981393,45730
3,2981394,37500
3,2981398,36170
3,2981400,35114
3,2981402,81400
3,2981408,86280
3,2981409,01300
3,2981416,58270
3,2981418,01190
3,2981420,43100
3,2981420,63360
3,2981424,12620
3,2981433,34190
3,2981434,34160
3,2981435,34230
3,2981442,38118
3,2981444,53100
3,2981448,42110
3,2981449,07300
3,2981452,26240
3,2981453,38220
3,2981467,70270
3,2981468,38270
3,2981473,22600
3,2981474,26260
3,2981481,73190
3,2981483,63500
3,2981488,45130
3,2981489,73130
3,2981492,57500
3,2981510,16210
3,2981510,26330
3,2981510,40090
3,2981510,41170
3,2981510,47350
3,2981510,63380
3,2981510,81110
3,2981512,37550
3,2981515,56890
3,2981516,85540
3,2981517,87310
3,2981519,38960
3,2981521,34130
3,2981522,24410
3,2981524,19130
3,2981525,49170
3,2981528,77515
3,2981529,17570
3,2981533,76550
3,2981536,14750
3,2981536,76740
3,2981538,27600
3,2981542,76430
3,2981545,27300
3,2981547,76410
3,2981551,79450
3,2981552,76510
3,2981556,76160
3,2981558,60650
3,2981560,79300
3,2981563,35410
3,2981565,35140
3,2981566,50240
3,2981568,85130
3,2981569,35500
3,2981572,72400
3,2981574,44110
3,2981577,14380
3,2981577,28300
3,2981579,33160
3,2981580,49190
3,2981581,72130
3,2981589,33820
3,2981592,14970
3,2981595,76520
3,2981603,91190
3,2981604,10400
3,2981609,39410
3,2981615,59188
3,2981623,24110
3,2981623,47120
3,2981629,78730
3,2981630,28190
3,2981634,76490
3,2981635,14800
3,2981638,64160
3,2981639,35230
3,2981640,56450
3,2981646,27120
3,2981650,38160
3,2981650,42520
3,2981655,05160
3,2981655,21850
3,2981657,36120
3,2981668,76170
3,2981669,37360
3,2981672,47340
3,2981673,24230
3,2981685,38160
3,2981693,63660
3,2981698,03170
3,2981698,19200
3,2981698,63410
3,2981701,16230
3,2981707,33390
3,2981711,85260
3,2981712,01960
3,2981713,79380
3,2981714,14320
3,2981715,76690
3,2981716,10120
3,2981717,04170
3,2981718,42210
3,2981719,38490
3,2981726,60480
3,2981743,40390
3,2981745,22630
3,2981745,44117
3,2981746,34725
3,2981749,11200
3,2981751,61440
3,2981753,30570
3,2981754,17260
3,2981758,49450
3,2981761,07460
3,2981762,01390
3,2981767,74420
3,2981768,01380
3,2981779,59350
3,2981783,06730
3,2981788,31420
3,2981788,32200
3,2981788,66690
3,2981788,73500
3,2981788,81250
3,2981791,13670
3,2981793,69700
3,2981801,58150
3,2981805,39160
3,2981808,88120
3,2981810,18290
3,2981810,30500
3,2981815,68550
3,2981816,63450
3,2981817,63890
3,2981822,16330
3,2981823,16190
3,2981824,81240
3,2981825,81240
3,2981828,12460
3,2981833,79700
3,2981835,51300
3,2981837,18200
3,2981839,59230
3,2981843,58310
3,2981845,41310
3,2981851,50160
3,2981852,23200
3,2981857,24510
3,2981860,56500
3,2981863,30130
3,2981865,48120
3,2981867,42370
3,2981869,38370
3,2981873,38080
3,2981876,22400
3,2981878,73230
3,2981879,31140
3,2981880,71260
3,2981882,17360
3,2981886,53390
3,2981887,45600
3,2981896,56480
3,2981898,41110
3,2981901,07320
3,2981903,38300
3,2981907,23300
3,2981908,17620
3,2981910,02330
3,2981910,58230
3,2981910,71160
3,2981910,81500
3,2981910,89340
3,2981923,22200
3,2981925,12400
3,2981926,81290
3,2981936,02120
3,2981941,62114
3,2981942,80680
3,2981943,59177
3,2981948,76430
3,2981949,59184
3,2981950,59262
3,2981953,69210
3,2981954,42890
3,2981956,62840
3,2981959,59390
3,2981962,62113
3,2981963,80970
3,2981964,62490
3,2981975,71580
3,2981977,87720
3,2981983,26340
3,2981983,33141
3,2981984,66800
3,2981989,31470
3,2981990,84400
3,2981993,15240
3,2981993,46500
3,2981996,76113
3,2982000,95450
3,2982001,71580
3,2982023,44390
3,2982026,67270
3,2982027,19270
3,2982029,33670
3,2982032,60190
3,2982033,60700
3,2982038,27930
3,2982043,91400
3,2982044,91690
3,2982052,37190
3,2982056,50170
3,2982063,40630
3,2982064,30200
3,2982067,38550
3,2982068,33910
3,2982069,77510
3,2982070,17600
3,2982075,84110
3,2982076,72300
3,2982090,67390
3,2982093,67420
3,2982094,77730
3,2982098,76116
3,2982102,38300
3,2982111,57480
3,2982112,84400
3,2982114,68740
3,2982119,57390
3,2982122,67130
3,2982126,57310
3,2982130,88360
3,2982143,07120
3,2982146,94150
3,2982154,62370
3,2982156,59281
3,2982159,62650
3,2982159,74150
3,2982161,08290
3,2982161,80680
3,2982165,68740
3,2982168,59226
3,2982169,62860
3,2982173,60810
3,2982175,71150
3,2982179,62620
3,2982188,72340
3,2982189,53320
3,2982200,27250
3,2982204,44660
3,2982205,73310
3,2982207,47700
3,2982207,56140
3,2982209,39140
3,2982210,21490
3,2982211,21200
3,2982216,36300
3,2982217,16700
3,2982222,59530
3,2982231,16600
3,2982234,68270
3,2982235,92500
3,2982261,80120
3,2982270,33350
3,2982271,22550
3,2982272,59285
3,2982280,80260
3,2982281,77950
3,2982287,72230
3,2982293,35610
3,2982294,02360
3,2982298,35120
3,2982305,42810
3,2982313,57160
3,2982317,77540
3,2982325,87400
3,2982327,23460
3,2982330,80700
3,2982331,70200
3,2982332,38940
3,2982338,63130
3,2982343,17200
3,2982349,38470
3,2982350,54290
3,2982357,37360
3,2982368,58110
3,2982369,76370
3,2982379,08150
3,2982383,02100
3,2982383,62320
3,2982394,55400
3,2982395,21110
3,2982396,60620
3,2982397,77230
3,2982399,28260
3,2982415,21530
3,2982415,27120
3,2982415,89230
3,2982417,60800
3,2982417,76210
3,2982423,59220
3,2982430,27350
3,2982436,57330
3,2982443,30340
3,2982443,89500
3,2982454,38150
3,2982456,84220
3,2982472,05190
3,2982472,13790
3,2982492,49450
3,2982498,59131
3,2982520,04500
3,2982526,16270
3,2982528,49400
3,2982530,76480
3,2982532,47800
3,2982535,14500
3,2982536,16440
3,2982541,25640
3,2982543,34320
3,2982546,10800
3,2982556,72700
3,2982558,86480
3,2982563,16170
3,2982563,22250
3,2982564,57520
3,2982571,16320
3,2982575,83170
3,2982587,90110
3,2982593,21500
3,2982593,25680
3,2982596,90200
3,2982615,44660
3,2982625,24580
3,2982628,31180
3,2982634,15150
3,2982634,16210
3,2982634,17800
3,2982634,81150
3,2982636,68250
3,2982637,72140
3,2982643,72140
3,2982652,76000
3,2982652,76100
3,2982663,56110
3,2982681,59100
3,2982682,44640
3,2982692,14740
3,2982692,14980
3,2982704,67340
3,2982705,67570
3,2982709,59230
3,2982711,22110
3,2982716,67290
3,2982729,67230
3,2982733,57780
3,2982745,29140
3,2982747,22300
3,2982752,60140
3,2982752,89100
3,2982756,78710
3,2982757,93110
3,2982759,29590
3,2982764,36300
3,2982764,51390
3,2982764,85320
3,2982774,10430
3,2982775,80170
3,2982778,54110
3,2982781,43800
3,2982782,07260
3,2982783,81400
3,2982790,67560
3,2982796,67560
3,2982798,68128
3,2982806,14740
3,2982809,29680
3,2982811,29570
3,2982813,57800
3,2982826,05150
3,2982835,13360
3,2982836,31120
3,2982839,62120
3,2982842,06910
3,2982844,31380
3,2982851,30150
3,2982851,81800
3,2982855,32810
3,2982856,12250
3,2982857,31360
3,2982859,13830
3,2982860,11540
3,2982862,47310
3,2982863,40120
3,2982873,81210
3,2982875,83380
3,2982875,83520
3,2982876,06190
3,2982880,34460
3,2982881,06450
3,2982886,68480
3,2982887,67480
3,2982889,90380
3,2982890,59286
3,2982899,64110
3,2982902,69510
3,2982903,80740
3,2982905,16320
3,2982907,95340
3,2982908,69550
3,2982911,03150
3,2982938,59223
3,2982939,57860
3,2982944,59790
3,2982946,76160
3,2982951,70250
3,2982952,50210
3,2982965,07250
3,2982965,07800
3,2982967,41200
3,2982972,10100
3,2982973,27610
3,2982977,35850
3,2982987,60220
3,2982994,71470
3,2982997,17250
3,2983003,59990
3,2983005,57120
3,2983006,68660
3,2983010,67310
3,2983011,26100
3,2983012,79260
3,2983013,01400
3,2983019,71570
3,2983026,93230
3,2983041,50140
3,2983041,68210
3,2983043,38480
3,2983046,35133
3,2983047,86700
3,2983050,63540
3,2983052,79120
3,2983053,80500
3,2983055,76133
3,2983067,52260
3,2983071,42520
3,2983073,95700
3,2983074,77680
3,2983077,80240
3,2983079,28700
3,2983079,91410
3,2983083,07100
3,2983084,86120
3,2983095,57410
3,2983106,56580
3,2983114,89220
3,2983117,13870
3,2983127,13840
3,2983130,13340
3,2983135,76700
3,2983139,15100
3,2983141,72210
3,2983143,62118
3,2983144,59172
3,2983145,67480
3,2983148,62130
3,2983152,30230
3,2983154,12000
3,2983155,66320
3,2983157,68800
3,2983158,57570
3,2983159,12340
3,2983165,08230
3,2983169,02260
3,2983169,08220
3,2983169,62450
3,2983174,60120
3,2983174,78150
3,2983175,60800
3,2983175,76680
3,2983178,14540
3,2983186,62223
3,2983190,60510
3,2983197,50260
3,2983206,85510
3,2983207,38110
3,2983209,69270
3,2983213,52410
3,2983215,88120
3,2983219,86340
3,2983220,25310
3,2983221,85620
3,2983246,07400
3,2983249,25220
3,2983251,42230
3,2983257,26790
3,2983257,30430
3,2983261,39700
3,2983262,49190
3,2983264,26300
3,2983265,63210
3,2983266,78730
3,2983267,56220
3,2983268,30650
3,2983276,17300
3,2983276,73240
3,2983287,37210
3,2983291,87600
3,2983320,38090
3,2983320,42600
3,2983332,83136
3,2983333,46500
3,2983338,84440
3,2983342,30160
3,2983348,55000
3,2983354,62350
3,2983357,15220
3,2983362,42300
3,2983364,84110
3,2983365,33210
3,2983369,68170
3,2983376,69640
3,2983378,12640
3,2983381,40180
3,2983382,16110
3,2983384,81600
3,2983387,62173
3,2983389,37500
3,2983393,66600
3,2983395,38140
3,2983395,47210
3,2983397,80136
3,2983407,17940
3,2983408,42800
3,2983409,60126
3,2983416,37190
3,2983417,36800
3,2983439,05600
3,2983440,91130
3,2983443,32400
3,2983449,63290
3,2983449,65590
3,2983451,68340
3,2983456,70190
3,2983460,17460
3,2983479,43220
3,2983482,42153
3,2983483,33410
3,2983485,40370
3,2983487,15400
3,2983489,63200
3,2983490,34220
3,2983499,62720
3,2983510,09420
3,2983514,08150
3,2983515,57720
3,2983518,48200
3,2983524,68290
3,2983526,52700
3,2983534,51500
3,2983536,69140
3,2983542,87570
3,2983546,37420
3,2983547,71160
3,2983554,70100
3,2983559,01800
3,2983568,12390
3,2983568,46500
3,2983580,04500
3,2983582,11160
3,2983584,59277
3,2983585,09120
3,2983587,76340
3,2983588,60870
3,2983590,56350
3,2983591,31310
3,2983596,48700
3,2983603,12240
3,2983606,31370
3,2983609,59870
3,2983616,68640
3,2983629,68400
3,2983631,29340
3,2983637,68120
3,2983645,84600
3,2983648,57270
3,2983648,76390
3,2983652,37120
3,2983655,52120
3,2983655,62136
3,2983655,78550
3,2983667,54630
3,2983685,05300
3,2983696,24600
3,2983698,80800
3,2983699,02240
3,2983705,02110
3,2983705,68150
3,2983712,30720
3,2983730,56670
3,2983731,18220
3,2983732,83560
3,2983735,44440
3,2983736,66500
3,2983761,67860
3,2983770,44400
3,2983776,01190
3,2983779,01600
3,2983784,82370
3,2983786,66400
3,2983798,59122
3,2983801,01250
3,2983806,08500
3,2983810,50760
3,2983812,55800
3,2983814,14470
3,2983818,04150
3,2983825,38121
3,2983829,80540
3,2983831,38270
3,2983831,38420
3,2983833,31250
3,2983855,27930
3,2983856,36260
3,2983857,77260
3,2983861,03190
3,2983861,37380
3,2983867,68210
3,2983871,62720
3,2983873,57480
3,2983879,43130
3,2983882,57645
3,2983885,35240
3,2983888,60153
3,2983891,08300
3,2983894,17460
3,2983900,34160
3,2983902,37140
3,2983911,60490
3,2983912,02290
3,2983929,12170
3,2983932,72510
3,2983942,01620
3,2983942,01750
3,2983952,16200
3,2983957,08150
3,2983958,40270
3,2983990,35000
3,2983990,35200
3,2983990,35700
3,2984005,59173
3,2984012,53800
3,2984024,42370
3,2984025,38140
3,2984027,35660
3,2984031,60190
3,2984031,62156
3,2984033,56500
3,2984037,30210
3,2984038,44140
3,2984046,54370
3,2984046,88800
3,2984050,88200
3,2984054,21560
3,2984055,50570
3,2984058,08450
3,2984060,57580
3,2984060,58250
3,2984069,57510
3,2984076,57200
3,2984087,61110
3,2984106,67340
3,2984107,68950
3,2984114,51100
3,2984118,04110
3,2984123,15250
3,2984123,46500
3,2984127,74930
3,2984132,37310
3,2984133,16360
3,2984134,33860
3,2984135,67116
3,2984136,67110
3,2984140,54430
3,2984143,54300
3,2984145,83630
3,2984146,68890
3,2984147,56500
3,2984153,02240
3,2984153,42630
3,2984159,50590
3,2984180,50520
3,2984192,35600
3,2984193,57445
3,2984195,30129
3,2984198,29300
3,2984200,57390
3,2984201,51520
3,2984210,59245
3,2984211,62890
3,2984232,25170
3,2984232,70130
3,2984235,77760
3,2984249,57810
3,2984252,90370
3,2984266,45470
3,2984272,31320
3,2984281,64260
3,2984284,77510
3,2984288,17500
3,2984292,85700
3,2984293,38140
3,2984294,77550
3,2984297,82440
3,2984299,81120
3,2984314,87640
3,2984320,24430
3,2984339,89390
3,2984345,60130
3,2984347,63190
3,2984349,58400
3,2984351,33420
3,2984354,50260
3,2984361,08450
3,2984364,43290
3,2984386,84110
3,2984410,88110
3,2984412,88220
3,2984417,14860
3,2984417,16140
3,2984418,68510
3,2984420,60290
3,2984423,68730
3,2984424,68470
3,2984432,35130
3,2984433,57700
3,2984438,62180
3,2984441,61150
3,2984443,61190
3,2984447,73220
3,2984449,63310
3,2984451,71290
3,2984461,87290
3,2984472,08600
3,2984478,01390
3,2984484,77370
3,2984493,31520
3,2984495,88160
3,2984497,59161
3,2984513,78120
3,2984516,88700
3,2984521,83350
3,2984530,78125
3,2984532,61270
3,2984537,59590
3,2984538,60155
3,2984541,80260
3,2984548,59283
3,2984552,59554
3,2984559,57410
3,2984578,68190
3,2984579,68480
3,2984582,61250
3,2984583,59320
3,2984587,27380
3,2984588,56500
3,2984591,70280
3,2984593,57340
3,2984594,62120
3,2984600,59194
3,2984601,52170
3,2984615,49750
3,2984626,65140
3,2984627,81800
3,2984635,27110
3,2984640,56310
3,2984643,30260
3,2984643,46320
3,2984649,22800
3,2984653,07290
3,2984654,74600
3,2984657,03380
3,2984664,24530
3,2984664,33360
3,2984665,12800
3,2984675,25440
3,2984677,77860
3,2984678,91480
3,2984684,18120
3,2984686,69650
3,2984689,69430
3,2984691,21700
3,2984691,70000
3,2984697,76230
3,2984699,29300
3,2984701,29000
3,2984708,08400
3,2984708,44750
3,2984718,27680
3,2984719,11500
3,2984726,59214
3,2984728,59920
3,2984730,62120
3,2984732,62490
3,2984733,45270
3,2984734,77720
3,2984736,50750
3,2984741,56170
3,2984749,24140
3,2984755,76520
3,2984758,76840
3,2984759,22100
3,2984760,56530
3,2984761,80710
3,2984771,50660
3,2984773,50260
3,2984774,50630
3,2984775,21800
3,2984781,56230
3,2984783,22120
3,2984785,62240
3,2984787,59890
3,2984789,80132
3,2984793,80115
3,2984794,29310
3,2984799,50460
3,2984804,59269
3,2984828,80120
3,2984830,22260
3,2984835,29180
3,2984839,56910
3,2984846,53360
3,2984848,73720
3,2984852,35290
3,2984853,35190
3,2984854,86150
3,2984855,62860
3,2984856,67117
3,2984861,46110
3,2984873,89630
3,2984874,59243
3,2984879,34310
3,2984881,38950
3,2984883,59380
3,2984895,84160
3,2984907,26450
3,2984910,05100
3,2984920,17700
3,2984920,85450
3,2984926,64270
3,2984929,16400
3,2984933,47270
3,2984934,47350
3,2984935,84110
3,2984944,13114
3,2984948,46700
3,2984952,81700
3,2984953,82240
3,2984965,63290
3,2984969,81990
3,2984993,82220
3,2985005,46130
3,2985027,57570
3,2985034,92800
3,2985036,61210
3,2985041,91740
3,2985045,69330
3,2985046,70000
3,2985050,08110
3,2985061,68840
3,2985064,54425
3,2985067,54160
3,2985071,33210
3,2985073,33350
3,2985073,47300
3,2985074,40190
3,2985075,65500
3,2985076,30131
3,2985077,32600
3,2985096,34620
3,2985097,33570
3,2985099,34480
3,2985101,62116
3,2985101,77139
3,2985105,60540
3,2985107,95380
3,2985118,45390
3,2985122,04410
3,2985123,34480
3,2985128,17138
3,2985133,11700
3,2985134,73100
3,2985137,33710
3,2985140,25720
3,2985141,83390
3,2985142,06260
3,2985143,83480
3,2985146,84360
3,2985161,44390
3,2985163,74500
3,2985177,41200
3,2985178,36120
3,2985192,07110
3,2985192,15130
3,2985192,31460
3,2985196,20243
3,2985204,28360
3,2985205,41310
3,2985208,51360
3,2985213,72700
3,2985214,49220
3,2985222,46130
3,2985225,80340
3,2985229,77160
3,2985230,59185
3,2985231,59267
3,2985232,38120
3,2985237,88490
3,2985249,80160
3,2985251,59121
3,2985259,51140
3,2985266,20110
3,2985278,24200
3,2985282,56320
3,2985283,08000
3,2985290,07000
3,2985292,71960
3,2985293,79360
3,2985294,36370
3,2985296,59550
3,2985302,44260
3,2985304,77310
3,2985305,74370
3,2985314,29770
3,2985317,38270
3,2985318,24130
3,2985330,01160
3,2985338,27220
3,2985338,88600
3,2985348,18370
3,2985354,72400
3,2985356,59288
3,2985359,67250
3,2985360,62650
3,2985361,37290
3,2985368,71290
3,2985375,42600
3,2985383,38480
3,2985396,86460
3,2985402,77220
3,2985413,39270
3,2985413,74160
3,2985415,25550
3,2985416,59990
3,2985449,02320
3,2985450,02110
3,2985455,03410
3,2985461,59840
3,2985462,58700
3,2985464,39220
3,2985464,39400
3,2985474,32810
3,2985475,33210
3,2985490,44770
3,2985491,53140
3,2985498,60460
3,2985499,77410
3,2985500,21390
3,2985512,72300
3,2985522,32390
3,2985522,33730
3,2985522,65400
3,2985533,07290
3,2985533,36240
3,2985533,53340
3,2985533,76160
3,2985535,61340
3,2985543,74120
3,2985545,47360
3,2985547,46220
3,2985555,52190
3,2985559,39170
3,2985564,66230
3,2985573,09160
3,2985579,22140
3,2985592,16110
3,2985607,42600
3,2985610,73710
3,2985616,79370
3,2985618,79230
3,2985630,42630
3,2985632,46090
3,2985641,34730
3,2985647,07380
3,2985653,66500
3,2985659,43420
3,2985659,59190
3,2985687,40380
3,2985689,40380
3,2985697,34230
3,2985698,34480
3,2985707,37800
3,2985708,85700
3,2985710,65200
3,2985720,40120
3,2985722,65350
3,2985724,88550
3,2985735,88500
3,2985738,34560
3,2985742,08140
3,2985751,83910
3,2985754,89240
3,2985759,57420
3,2985765,83470
3,2985778,30320
3,2985787,29246
3,2985788,29100
3,2985789,36300
3,2985791,36160
3,2985803,69870
3,2985807,29710
3,2985810,29100
3,2985821,80260
3,2985824,36210
3,2985829,02270
3,2985830,21250
3,2985832,58150
3,2985833,42720
3,2985834,42155
3,2985835,42110
3,2985836,69400
3,2985840,21320
3,2985842,57420
3,2985842,60790
3,2985845,71230
3,2985849,40350
3,2985849,51220
3,2985850,25115
3,2985851,25410
3,2985853,21150
3,2985854,44522
3,2985855,41110
3,2985856,86800
3,2985857,85570
3,2985865,58320
3,2985868,01550
3,2985868,58200
3,2985876,65100
3,2985884,31370
3,2985891,86200
3,2985893,49420
3,2985901,14420
3,2985916,27740
3,2985925,66660
3,2985929,70170
3,2985932,44710
3,2985934,13230
3,2985936,47130
3,2985937,33220
3,2985947,20137
3,2985958,27940
3,2985963,56290
3,2985968,11210
3,2985972,34420
3,2985972,34450
3,2985975,88330
3,2985982,31120
3,2985983,33640
3,2985987,26800
3,2985999,14520
3,2986001,11490
3,2986013,86220
3,2986018,40300
3,2986025,13110
3,2986032,53410
3,2986038,50580
3,2986045,01460
3,2986046,29840
3,2986059,44380
3,2986060,44210
3,2986066,22590
3,2986070,38390
3,2986071,78440
3,2986075,33660
3,2986077,57890
3,2986078,56380
3,2986087,72510
3,2986091,69240
3,2986092,89140
3,2986094,10400
3,2986095,59138
3,2986102,56620
3,2986103,43330
3,2986104,54550
3,2986105,27360
3,2986106,44860
3,2986110,60700
3,2986111,10150
3,2986121,22260
3,2986122,80580
3,2986127,60700
3,2986129,57380
3,2986136,50170
3,2986137,40465
3,2986140,95000
3,2986140,95300
3,2986141,80115
3,2986143,22390
3,2986145,53220
3,2986149,41400
3,2986151,14130
3,2986151,60400
3,2986155,17250
3,2986158,29120
3,2986160,56300
3,2986168,89230
3,2986175,80860
3,2986179,78730
3,2986181,50880
3,2986183,28190
3,2986185,63230
3,2986186,51490
3,2986190,83670
3,2986191,38780
3,2986198,40200
3,2986200,38680
3,2986204,66300
3,2986219,63430
3,2986220,47480
3,2986225,01290
3,2986227,01190
3,2986233,12290
3,2986235,37260
3,2986237,25150
3,2986240,39130
3,2986244,80480
3,2986248,81660
3,2986253,07380
3,2986257,38230
3,2986265,01160
3,2986267,29790
3,2986271,44160
3,2986274,69490
3,2986275,38530
3,2986279,77135
3,2986285,62880
3,2986286,29930
3,2986289,27290
3,2986292,63380
3,2986294,27500
3,2986300,60520
3,2986302,25300
3,2986306,54700
3,2986307,59710
3,2986310,21270
3,2986313,64530
3,2986335,17800
3,2986343,31210
3,2986353,42110
3,2986354,01450
3,2986356,60430
3,2986369,24240
3,2986370,77400
3,2986374,30170
3,2986375,82170
3,2986376,33370
3,2986385,54340
3,2986386,31450
3,2986389,79200
3,2986392,38340
3,2986393,02200
3,2986395,69480
3,2986400,38260
3,2986408,77515
3,2986410,22200
3,2986411,22450
3,2986412,57420
3,2986413,53400
3,2986417,59360
3,2986418,22120
3,2986428,21630
3,2986432,69590
3,2986434,34810
3,2986435,33500
3,2986442,11250
3,2986444,40360
3,2986453,15800
3,2986454,69290
3,2986457,01310
3,2986460,66450
3,2986463,62370
3,2986465,77167
3,2986467,39800
3,2986470,35320
3,2986472,17210
3,2986472,43000
3,2986475,38210
3,2986480,70210
3,2986483,08430
3,2986484,59218
3,2986486,80290
3,2986495,86000
3,2986499,74330
3,2986501,78300
3,2986508,71600
3,2986524,38320
3,2986530,31800
3,2986531,31210
3,2986540,77470
3,2986544,89110
3,2986546,45500
3,2986548,35420
3,2986548,50220
3,2986550,72350
3,2986555,78125
3,2986559,51240
3,2986567,20250
3,2986582,64230
3,2986585,33720
3,2986588,37530
3,2986589,35500
3,2986592,22140
3,2986593,56330
3,2986597,21110
3,2986598,22320
3,2986599,22160
3,2986600,22240
3,2986601,56400
3,2986605,22210
3,2986608,56400
3,2986609,56500
3,2986610,56930
3,2986611,56420
3,2986613,22250
3,2986614,22350
3,2986615,56220
3,2986616,29700
3,2986617,22310
3,2986618,22130
3,2986620,29710
3,2986623,29720
3,2986624,29440
3,2986626,29280
3,2986627,29690
3,2986628,29420
3,2986629,29860
3,2986630,22170
3,2986631,62118
3,2986632,22860
3,2986633,29600
3,2986635,56770
3,2986638,22110
3,2986639,22810
3,2986640,29430
3,2986641,29270
3,2986642,29400
3,2986643,22780
3,2986644,29890
3,2986645,29410
3,2986646,29810
3,2986647,22300
3,2986649,22970
3,2986652,22200
3,2986653,29610
3,2986654,29260
3,2986655,29780
3,2986655,56680
3,2986657,56340
3,2986660,22580
3,2986661,29830
3,2986662,22220
3,2986663,22110
3,2986664,29880
3,2986665,22150
3,2986666,22820
3,2986667,22780
3,2986668,29400
3,2986669,56400
3,2986670,29250
3,2986671,22810
3,2986672,29640
3,2986673,29217
3,2986674,29470
3,2986676,29630
3,2986677,29440
3,2986678,22440
3,2986679,29252
3,2986681,22470
3,2986682,29430
3,2986683,22490
3,2986685,29420
3,2986686,29650
3,2986687,29620
3,2986688,29800
3,2986689,22260
3,2986690,29800
3,2986691,29260
3,2986692,29830
3,2986693,22300
3,2986694,22620
3,2986695,22650
3,2986696,56240
3,2986697,22830
3,2986698,29810
3,2986699,22420
3,2986700,22170
3,2986703,71700
3,2986707,29530
3,2986708,29720
3,2986709,29710
3,2986710,29550
3,2986711,02140
3,2986712,29120
3,2986713,29700
3,2986714,21370
3,2986715,88370
3,2986723,29180
3,2986724,29770
3,2986725,29710
3,2986726,22260
3,2986728,22150
3,2986729,56800
3,2986730,56880
3,2986731,56160
3,2986732,56270
3,2986733,56400
3,2986734,67115
3,2986735,29740
3,2986737,51150
3,2986746,29410
3,2986747,29190
3,2986748,22340
3,2986756,29170
3,2986757,35730
3,2986758,51230
3,2986760,22740
3,2986761,22560
3,2986762,35137
3,2986765,86450
3,2986766,35720
3,2986767,56120
3,2986768,22690
3,2986769,22740
3,2986770,56140
3,2986771,22610
3,2986772,22310
3,2986774,22640
3,2986785,44630
3,2986786,22330
3,2986789,57140
3,2986790,22490
3,2986791,22720
3,2986792,35720
3,2986793,56890
3,2986794,22170
3,2986795,22190
3,2986796,35540
3,2986800,22370
3,2986801,22640
3,2986802,22150
3,2986803,22210
3,2986804,22170
3,2986805,22570
3,2986806,22980
3,2986807,35380
3,2986814,35610
3,2986815,22240
3,2986816,22290
3,2986817,22290
3,2986818,22960
3,2986819,22270
3,2986820,35470
3,2986821,22550
3,2986822,15700
3,2986824,24580
3,2986827,63730
3,2986830,56420
3,2986834,07300
3,2986846,17250
3,2986849,17240
3,2986849,33390
3,2986851,27300
3,2986855,57050
3,2986875,22400
3,2986876,42660
3,2986886,83120
3,2986889,13380
3,2986891,83640
3,2986892,10380
3,2986894,22130
3,2986902,70290
3,2986904,70290
3,2986928,34230
3,2986930,78370
3,2986933,31830
3,2986938,12550
3,2986938,24560
3,2986938,32160
3,2986938,86500
3,2986944,22940
3,2986945,39210
3,2986946,88230
3,2986952,22800
3,2986954,57870
3,2986960,67420
3,2986962,18340
3,2986965,60128
3,2986986,80160
3,2986991,29860
3,2986993,01120
3,2986999,27590
3,2987001,45300
3,2987003,45300
3,2987005,59284
3,2987007,76360
3,2987009,85200
3,2987011,40410
3,2987027,38270
3,2987028,27130
3,2987029,95350
3,2987034,17600
3,2987037,50770
3,2987043,44420
3,2987045,25480
3,2987046,35150
3,2987056,35550
3,2987067,63330
3,2987070,23140
3,2987071,84420
3,2987076,27400
3,2987082,31120
3,2987083,46200
3,2987086,02320
3,2987091,70150
3,2987094,10220
3,2987103,34850
3,2987105,47380
3,2987118,31130
3,2987131,60170
3,2987166,62570
3,2987169,18110
3,2987179,83790
3,2987180,34570
3,2987187,89330
3,2987189,11300
3,2987192,20166
3,2987213,51530
3,2987217,44290
3,2987218,57120
3,2987220,50340
3,2987220,54160
3,2987222,04860
3,2987230,14410
3,2987230,28130
3,2987231,04300
3,2987232,34360
3,2987237,02350
3,2987237,14690
3,2987237,54620
3,2987256,95220
3,2987256,95480
3,2987259,26700
3,2987260,54200
3,2987266,15230
3,2987268,25510
3,2987270,60350
3,2987272,41300
3,2987273,03470
3,2987275,65260
3,2987297,83390
3,2987305,71960
3,2987308,38119
3,2987309,87260
3,2987314,69310
3,2987320,71270
3,2987328,54490
3,2987332,24360
3,2987335,26400
3,2987356,80310
3,2987370,50250
3,2987370,50360
3,2987370,50480
3,2987376,31820
3,2987378,57220
3,2987389,20131
3,2987409,66380
3,2987421,57370
3,2987423,59133
3,2987426,67370
3,2987427,67370
3,2987428,68480
3,2987429,68120
3,2987431,67350
3,2987432,68250
3,2987436,41100
3,2987437,66370
3,2987439,11170
3,2987441,34120
3,2987457,26120
3,2987459,04310
3,2987472,13860
3,2987484,26380
3,2987487,87510
3,2987495,11160
3,2987497,11440
3,2987500,66600
3,2987508,19290
3,2987513,40300
3,2987534,87300
3,2987547,13124
3,2987551,13790
3,2987554,06530
3,2987562,40300
3,2987564,11150
3,2987571,62231
3,2987575,29710
3,2987577,33240
3,2987592,20140
3,2987595,85570
3,2987596,14390
3,2987596,76330
3,2987628,57410
3,2987641,33570
3,2987642,39120
3,2987658,44390
3,2987675,68490
3,2987706,57540
3,2987722,59494
3,2987784,67290
3,2987794,17810
3,2987801,32550
3,2987805,33600
3,2987808,70140
3,2987813,63920
3,2987825,84120
3,2987834,77930
3,2987837,52100
3,2987843,74930
3,2987847,95340
3,2987848,86320
3,2987855,37600
3,2987863,22700
3,2987874,21160
3,2987878,39570
3,2987878,89000
3,2987879,74550
3,2987880,27910
3,2987888,63500
3,2987891,01540
3,2987893,42120
3,2987893,89120
3,2987901,71420
3,2987914,66000
3,2987914,66100
3,2987917,19410
3,2987919,60440
3,2987921,90160
3,2987922,01800
3,2987926,59273
3,2987928,71260
3,2987928,80200
3,2987930,01960
3,2987932,01630
3,2987936,34470
3,2987943,80670
3,2987945,84210
3,2987947,62550
3,2987948,37230
3,2987949,02200
3,2987959,33240
3,2987967,24000
3,2987972,94520
3,2987976,17180
3,2987978,42380
3,2987979,79170
3,2987980,63800
3,2987981,63170
3,2987982,16250
3,2987982,17800
3,2987986,50190
3,2987989,20167
3,2987999,34800
3,2988003,59840
3,2988015,78200
3,2988017,38930
3,2988017,50410
3,2988043,11700
3,2988045,06470
3,2988054,22710
3,2988063,20213
3,2988080,81140
3,2988082,11610
3,2988119,56760
3,2988127,80230
3,2988128,29800
3,2988131,77124
3,2988153,62118
3,2988160,42410
3,2988161,57245
3,2988163,25170
3,2988169,49112
3,2988170,36180
3,2988174,33790
3,2988186,13330
3,2988203,73210
3,2988208,04200
3,2988212,74250
3,2988213,06440
3,2988214,06440
3,2988215,56220
3,2988220,06580
3,2988229,22540
3,2988233,77970
3,2988235,91470
3,2988236,59146
3,2988250,31320
3,2988251,31140
3,2988259,31320
3,2988267,85320
3,2988268,56130
3,2988269,07340
3,2988279,11350
3,2988280,24120
3,2988284,07230
3,2988284,24270
3,2988290,86350
3,2988292,81660
3,2988293,46300
3,2988297,86700
3,2988299,46350
3,2988301,10600
3,2988305,76570
3,2988309,32550
3,2988314,02310
3,2988323,44270
3,2988326,81250
3,2988339,34230
3,2988340,43230
3,2988343,43100
3,2988345,31380
3,2988346,22340
3,2988350,33250
3,2988351,32500
3,2988353,45200
3,2988358,64000
3,2988374,45310
3,2988393,71220
3,2988393,74190
3,2988393,74480
3,2988393,89510
3,2988399,38510
3,2988409,70210
3,2988413,61350
3,2988416,66300
3,2988421,02200
3,2988422,63290
3,2988424,62760
3,2988445,35850
3,2988447,79200
3,2988450,10100
3,2988453,23140
3,2988475,89100
3,2988479,53260
3,2988484,26750
3,2988485,36170
3,2988485,46140
3,2988487,38390
3,2988490,95620
3,2988492,89240
3,2988493,40310
3,2988499,81310
3,2988499,82160
3,2988507,75000
3,2988507,75001
3,2988507,75002
3,2988507,75003
3,2988507,75004
3,2988507,75005
3,2988507,75006
3,2988507,75007
3,2988507,75008
3,2988507,75009
3,2988507,75010
3,2988507,75011
3,2988507,75012
3,2988507,75013
3,2988507,75014
3,2988507,75015
3,2988507,75016
3,2988507,75017
3,2988507,75018
3,2988507,75019
3,2988507,75020
3,2988509,58320
3,2988511,50600
3,2988514,42120
3,2988515,53100
3,2988517,72330
3,2988518,35133
3,2988519,30730
3,2988523,51340
3,2988542,40160
3,2988543,63500
3,2988544,63270
3,2988545,72140
3,2988548,33290
3,2988556,64150
3,2988568,01600
3,2988571,39100
3,2988572,72300
3,2988573,35210
3,2988575,37220
3,2988576,37210
3,2988577,49390
3,2988589,91550
3,2988589,94390
3,2988590,03500
3,2988592,71600
3,2988609,13520
3,2988620,37220
3,2988621,93500
3,2988627,38460
3,2988632,45700
3,2988632,54470
3,2988634,44440
3,2988637,42360
3,2988641,57530
3,2988656,35320
3,2988657,87350
3,2988663,79800
3,2988667,81190
3,2988670,09100
3,2988671,77830
3,2988697,62860
3,2988698,73200
3,2988699,36500
3,2988701,85670
3,2988715,63550
3,2988721,10190
3,2988722,71430
3,2988742,34250
3,2988743,66690
3,2988744,66340
3,2988754,31220
3,2988756,11570
3,2988758,91120
3,2988769,38850
3,2988776,38260
3,2988794,35380
3,2988796,22500
3,2988797,44560
3,2988806,33550
3,2988808,59295
3,2988813,60120
3,2988816,09130
3,2988816,34490
3,2988823,54530
3,2988824,55190
3,2988826,21250
3,2988832,54200
3,2988837,87230
3,2988848,27120
3,2988850,38270
3,2988853,35740
3,2988853,61250
3,2988856,22200
3,2988859,77390
3,2988867,77330
3,2988868,17500
3,2988882,01190
3,2988884,38780
3,2988887,86220
3,2988888,01100
3,2988891,38690
3,2988893,62215
3,2988894,25160
3,2988902,45250
3,2988903,45570
3,2988905,41240
3,2988913,76860
3,2988921,62380
3,2988922,11590
3,2988936,62230
3,2988942,45480
3,2988947,09140
3,2988951,45250
3,2988956,64320
3,2988958,76450
3,2988959,62460
3,2988965,65490
3,2988971,71370
3,2988973,58230
3,2988975,18350
3,2988997,85420
3,2988998,69600
3,2989001,28260
3,2989007,02210
3,2989013,14150
3,2989017,14100
3,2989018,14190
3,2989036,21600
3,2989047,28500
3,2989054,57970
3,2989058,44521
3,2989060,59670
3,2989065,41290
3,2989068,42155
3,2989071,41120
3,2989073,28150
3,2989075,89560
3,2989082,67530
3,2989084,68490
3,2989085,67700
3,2989086,67700
3,2989087,57840
3,2989088,77280
3,2989092,20150
3,2989093,67540
3,2989094,59162
3,2989098,67150
3,2989099,67990
3,2989100,68150
3,2989108,65380
3,2989112,10100
3,2989114,64780
3,2989119,66340
3,2989122,25360
3,2989122,35410
3,2989130,95520
3,2989140,14230
3,2989142,71380
3,2989145,68570
3,2989160,60490
3,2989170,44700
3,2989172,50660
3,2989174,18200
3,2989187,64300
3,2989188,40300
3,2989193,66560
3,2989200,36190
3,2989202,68500
3,2989203,67600
3,2989204,91400
3,2989208,30200
3,2989210,59360
3,2989211,60560
3,2989213,60129
3,2989224,78125
3,2989230,60510
3,2989241,01210
3,2989252,25290
3,2989252,25620
3,2989253,11200
3,2989260,91150
3,2989263,91540
3,2989266,89400
3,2989271,94490
3,2989281,10700
3,2989281,27190
3,2989281,45140
3,2989281,51370
3,2989281,71290
3,2989296,77750
3,2989297,94310
3,2989301,69530
3,2989308,65800
3,2989309,63190
3,2989317,45000
3,2989317,45100
3,2989325,16210
3,2989325,76500
3,2989328,40300
3,2989340,02390
3,2989341,10510
3,2989344,02550
3,2989347,17210
3,2989359,82370
3,2989362,13660
3,2989372,02860
3,2989372,78630
3,2989376,78910
3,2989378,28140
3,2989382,35230
3,2989382,61230
3,2989385,39270
3,2989395,80160
3,2989401,64120
3,2989410,64130
3,2989412,32350
3,2989417,63870
3,2989419,05170
3,2989420,74550
3,2989422,59310
3,2989425,25390
3,2989426,39700
3,2989427,41190
3,2989430,63670
3,2989432,78125
3,2989438,37460
3,2989441,68370
3,2989444,63500
3,2989445,14290
3,2989460,74800
3,2989460,84100
3,2989461,04700
3,2989466,87150
3,2989467,87520
3,2989478,38460
3,2989484,84580
3,2989485,66600
3,2989486,06650
3,2989495,41150
3,2989497,54890
3,2989501,60650
3,2989504,74490
3,2989506,59264
3,2989519,40110
3,2989525,40440
3,2989526,31330
3,2989530,91490
3,2989538,50440
3,2989545,02100
3,2989554,20236
3,2989563,67170
3,2989565,68480
3,2989569,64400
3,2989571,34210
3,2989572,85340
3,2989579,20113
3,2989590,83190
3,2989591,63880
3,2989599,28120
3,2989601,88170
3,2989601,91340
3,2989611,45160
3,2989611,53410
3,2989625,20232
3,2989629,12510
3,2989633,63210
3,2989634,34390
3,2989638,18700
3,2989639,72330
3,2989640,62860
3,2989645,77178
3,2989647,72610
3,2989648,53300
3,2989652,80140
3,2989667,51530
3,2989668,79100
3,2989670,78250
3,2989674,69620
3,2989680,62590
3,2989686,67390
3,2989687,67170
3,2989687,67590
3,2989701,02300
3,2989701,51230
3,2989701,60440
3,2989708,64680
3,2989710,51190
3,2989712,67340
3,2989715,76550
3,2989725,90300
3,2989726,62370
3,2989727,40180
3,2989733,02160
3,2989733,51480
3,2989736,57600
3,2989737,67970
3,2989742,65310
3,2989744,59970
3,2989747,68830
3,2989748,69460
3,2989751,31450
3,2989753,76930
3,2989773,61200
3,2989785,19130
3,2989786,59570
3,2989792,67203
3,2989793,68600
3,2989796,67210
3,2989799,67330
3,2989802,67240
3,2989804,68127
3,2989805,67205
3,2989806,67280
3,2989808,68127
3,2989812,68960
3,2989814,67110
3,2989816,67660
3,2989817,67230
3,2989819,26110
3,2989820,49500
3,2989837,21700
3,2989846,53970
3,2989850,69210
3,2989851,49560
3,2989852,79250
3,2989854,95420
3,2989860,49340
3,2989874,91620
3,2989876,44170
3,2989877,60400
3,2989879,41140
3,2989880,60480
3,2989881,08350
3,2989883,14210
3,2989886,45260
3,2989887,89310
3,2989890,72430
3,2989893,59282
3,2989895,80860
3,2989896,59159
3,2989897,62221
3,2989898,62490
3,2989899,62980
3,2989900,59139
3,2989901,62950
3,2989906,38360
3,2989909,49520
3,2989911,37800
3,2989912,03210
3,2989913,49490
3,2989914,35530
3,2989916,44110
3,2989918,56920
3,2989919,56450
3,2989920,56190
3,2989922,22400
3,2989924,08300
3,2989929,25220
3,2989935,13550
3,2989938,57680
3,2989941,73470
3,2989943,08700
3,2989945,37380
3,2989952,35410
3,2989953,08160
3,2989956,02270
3,2989957,80860
3,2989970,64420
3,2989972,57990
3,2989981,87330
3,2990002,37800
3,2990005,37460
3,2990007,41600
3,2990011,50690
3,2990012,86340
3,2990021,50140
3,2990036,73460
3,2990039,44130
3,2990042,24660
3,2990043,85270
3,2990045,85690
3,2990047,38220
3,2990056,76330
3,2990062,50210
3,2990064,76960
3,2990065,42120
3,2990066,76940
3,2990067,73590
3,2990080,56690
3,2990084,76330
3,2990085,44390
3,2990087,62370
3,2990089,57140
3,2990090,54700
3,2990096,62120
3,2990106,76640
3,2990107,27930
3,2990111,21490
3,2990120,67150
3,2990121,67520
3,2990124,62890
3,2990133,59670
3,2990137,77140
3,2990137,88260
3,2990140,24300
3,2990146,74330
3,2990158,27320
3,2990161,88470
3,2990162,25600
3,2990163,88440
3,2990164,54610
3,2990167,59310
3,2990177,21340
3,2990177,58700
3,2990183,37210
3,2990184,95270
3,2990185,77123
3,2990186,77940
3,2990187,93130
3,2990188,78590
3,2990189,93160
3,2990190,57645
3,2990192,77186
3,2990195,94880
3,2990203,21910
3,2990205,85330
3,2990214,42440
3,2990240,76210
3,2990242,60840
3,2990242,95590
3,2990247,70000
3,2990248,70130
3,2990250,82370
3,2990257,63830
3,2990261,45290
3,2990263,10400
3,2990264,60180
3,2990265,94130
3,2990272,28400
3,2990273,28210
3,2990274,28630
3,2990275,72110
3,2990277,02310
3,2990281,02400
3,2990284,32110
3,2990287,62290
3,2990294,31410
3,2990294,89320
3,2990298,61340
3,2990305,42640
3,2990307,60430
3,2990308,19600
3,2990311,33730
3,2990315,12320
3,2990315,19500
3,2990315,81490
3,2990322,32130
3,2990322,34320
3,2990329,38300
3,2990331,56130
3,2990341,57790
3,2990344,34440
3,2990355,79000
3,2990363,30000
3,2990363,30900
3,2990364,57240
3,2990367,36250
3,2990368,68680
3,2990369,01120
3,2990376,59143
3,2990377,17137
3,2990379,17150
3,2990380,17600
3,2990381,17810
3,2990382,85430
3,2990384,87510
3,2990387,16270
3,2990389,59400
3,2990392,59850
3,2990396,62380
3,2990408,67500
3,2990410,67210
3,2990411,68230
3,2990412,67350
3,2990415,68127
3,2990416,67207
3,2990417,67280
3,2990420,67110
3,2990425,57565
3,2990440,06000
3,2990440,06100
3,2990440,06200
3,2990440,06300
3,2990442,45340
3,2990443,80390
3,2990452,78410
3,2990460,74160
3,2990462,39300
3,2990463,87800
3,2990466,45500
3,2990468,76460
3,2990469,11200
3,2990471,29920
3,2990474,58000
3,2990477,67330
3,2990478,68220
3,2990479,58450
3,2990480,18330
3,2990481,89570
3,2990482,36230
3,2990483,36100
3,2990484,37370
3,2990486,71130
3,2990487,45510
3,2990488,49120
3,2990493,79130
3,2990498,03000
3,2990498,41250
3,2990498,51310
3,2990504,59360
3,2990507,62217
3,2990515,72190
3,2990516,69250
3,2990518,95000
3,2990520,59293
3,2990522,01160
3,2990524,62170
3,2990526,62580
3,2990527,59554
3,2990528,02100
3,2990539,01400
3,2990541,76270
3,2990543,59960
3,2990546,86170
3,2990548,80430
3,2990550,45170
3,2990560,37110
3,2990574,87130
3,2990575,19160
3,2990576,24190
3,2990580,54230
3,2990581,02500
3,2990587,15260
3,2990588,67220
3,2990589,62840
3,2990590,74500
3,2990596,15170
3,2990603,41210
3,2990606,56300
3,2990608,42590
3,2990611,92200
3,2990612,93330
3,2990613,61290
3,2990614,60290
3,2990615,02470
3,2990616,93360
3,2990620,21800
3,2990621,03340
3,2990628,60530
3,2990637,37360
3,2990638,37380
3,2990639,49680
3,2990640,36500
3,2990651,77610
3,2990662,08700
3,2990665,08300
3,2990667,57910
3,2990676,57700
3,2990677,02190
3,2990678,62152
3,2990679,72600
3,2990680,76270
3,2990682,88300
3,2990683,68600
3,2990685,59940
3,2990710,67220
3,2990725,19600
3,2990727,85310
3,2990729,95690
3,2990730,02400
3,2990733,62152
3,2990741,80190
3,2990743,63320
3,2990745,60320
3,2990746,95590
3,2990747,42510
3,2990751,16440
3,2990752,30360
3,2990758,18350
3,2990759,42510
3,2990767,03310
3,2990770,33750
3,2990776,17510
3,2990777,16200
3,2990780,47600
3,2990787,83136
3,2990793,77140
3,2990802,24460
3,2990807,50260
3,2990809,82800
3,2990819,66170
3,2990820,34320
3,2990821,05000
3,2990825,87120
3,2990827,63210
3,2990831,34800
3,2990833,78980
3,2990834,78640
3,2990835,78640
3,2990839,27830
3,2990840,53150
3,2990841,56430
3,2990848,37530
3,2990850,88100
3,2990852,50190
3,2990852,64800
3,2990856,74370
3,2990857,59161
3,2990860,19460
3,2990864,81710
3,2990865,70000
3,2990866,41100
3,2990870,64190
3,2990872,64450
3,2990883,02420
3,2990886,33420
3,2990887,33990
3,2990889,15000
3,2990889,15250
3,2990890,12800
3,2990893,67130
3,2990894,01300
3,2990902,27550
3,2990905,48260
3,2990908,40180
3,2990912,45210
3,2990915,52170
3,2990915,58400
3,2990916,64510
3,2990919,11100
3,2990926,80260
3,2990932,01130
3,2990932,01460
3,2990940,71240
3,2990946,70100
3,2990949,87140
3,2990951,24800
3,2990954,77730
3,2990957,77100
3,2990958,60440
3,2990961,16700
3,2990965,79400
3,2990969,44000
3,2990969,44100
3,2990969,44200
3,2990969,44300
3,2990970,92000
3,2990972,77710
3,2990983,12230
3,2990987,83860
3,2990991,74380
3,2990992,77370
3,2990995,77176
3,2990996,42720
3,2990999,54000
3,2990999,54100
3,2991004,25360
3,2991013,18330
3,2991027,85370
3,2991027,86310
3,2991029,12270
3,2991030,56500
3,2991033,55000
3,2991034,25360
3,2991035,91750
3,2991036,86530
3,2991040,31560
3,2991041,23800
3,2991046,30114
3,2991073,58440
3,2991075,73800
3,2991076,27650
3,2991077,56190
3,2991086,67190
3,2991088,67600
3,2991095,10250
3,2991101,67600
3,2991102,24400
3,2991115,30121
3,2991118,34570
3,2991119,34490
3,2991128,49610
3,2991134,17430
3,2991136,63790
3,2991146,38420
3,2991153,31600
3,2991154,74540
3,2991160,41230
3,2991161,22530
3,2991162,12600
3,2991164,81320
3,2991166,20239
3,2991179,03390
3,2991179,15300
3,2991179,19170
3,2991187,68320
3,2991189,57670
3,2991189,68140
3,2991194,50490
3,2991199,67450
3,2991201,68740
3,2991207,72230
3,2991214,68100
3,2991214,68200
3,2991220,51140
3,2991222,60640
3,2991223,80400
3,2991224,27430
3,2991226,41500
3,2991228,68380
3,2991229,67130
3,2991231,40250
3,2991236,68640
3,2991239,35290
3,2991246,34130
3,2991255,49610
3,2991258,63200
3,2991259,60190
3,2991261,12160
3,2991262,50860
3,2991263,57250
3,2991264,57250
3,2991268,80870
3,2991269,60190
3,2991271,88420
3,2991275,54118
3,2991277,74150
3,2991280,14590
3,2991283,08210
3,2991283,16310
3,2991285,44330
3,2991292,44850
3,2991293,37600
3,2991293,55700
3,2991297,60250
3,2991301,11700
3,2991302,59420
3,2991314,85320
3,2991315,79320
3,2991316,79150
3,2991318,61110
3,2991320,54660
3,2991323,35130
3,2991325,73600
3,2991327,23220
3,2991330,16440
3,2991333,25240
3,2991335,86200
3,2991342,56500
3,2991343,56500
3,2991346,04360
3,2991351,40410
3,2991352,22200
3,2991361,77230
3,2991362,77230
3,2991364,51530
3,2991364,58700
3,2991364,95640
3,2991366,11170
3,2991373,57770
3,2991374,88210
3,2991378,78270
3,2991379,27220
3,2991380,77480
3,2991386,11120
3,2991389,86150
3,2991390,30190
3,2991396,26540
3,2991398,95260
3,2991407,77120
3,2991412,51400
3,2991413,51400
3,2991418,23210
3,2991421,13890
3,2991431,64150
3,2991444,64400
3,2991446,14370
3,2991449,33420
3,2991449,45270
3,2991456,62910
3,2991459,33480
3,2991461,09200
3,2991470,57160
3,2991471,72130
3,2991472,61380
3,2991474,58290
3,2991479,35680
3,2991481,03000
3,2991482,09500
3,2991482,24700
3,2991494,76530
3,2991510,49390
3,2991512,33350
3,2991514,16290
3,2991518,24520
3,2991530,53100
3,2991537,85000
3,2991538,85390
3,2991546,64990
3,2991549,79370
3,2991551,06250
3,2991557,27220
3,2991558,14790
3,2991565,59310
3,2991573,39330
3,2991575,85640
3,2991577,35250
3,2991579,06370
3,2991583,38260
3,2991584,76970
3,2991602,29270
3,2991619,37530
3,2991630,74110
3,2991649,90120
3,2991661,61570
3,2991671,18570
3,2991687,60570
3,2991690,14620
3,2991692,25500
3,2991695,77163
3,2991699,50140
3,2991700,85290
3,2991701,17120
3,2991702,59158
3,2991704,61400
3,2991713,68790
3,2991715,67360
3,2991716,57600
3,2991719,91390
3,2991725,25660
3,2991727,20218
3,2991731,71390
3,2991741,84550
3,2991743,69440
3,2991746,17113
3,2991747,16600
3,2991750,84570
3,2991754,77720
3,2991758,60400
3,2991760,12200
3,2991772,29600
3,2991775,64160
3,2991777,33190
3,2991791,74440
3,2991792,91150
3,2991796,22400
3,2991799,84310
3,2991802,60127
3,2991806,57340
3,2991812,76750
3,2991831,54920
3,2991832,39400
3,2991833,21220
3,2991839,80110
3,2991842,77250
3,2991847,38510
3,2991861,41160
3,2991866,56500
3,2991868,35310
3,2991870,02100
3,2991870,80340
3,2991877,40110
3,2991880,39400
3,2991881,59190
3,2991883,26210
3,2991888,49640
3,2991891,51530
3,2991891,91420
3,2991895,28630
3,2991896,69480
3,2991898,78630
3,2991906,68690
3,2991908,50680
3,2991921,03170
3,2991924,42130
3,2991926,26120
3,2991929,73700
3,2991935,33450
3,2991947,53150
3,2991949,54360
3,2991953,86420
3,2991954,39380
3,2991957,95560
3,2991958,40500
3,2991959,49730
3,2991961,38122
3,2991970,26130
3,2991972,61800
3,2991974,74130
3,2991979,58230
3,2991981,52000
3,2991982,15120
3,2991986,89250
3,2991990,02400
3,2991992,02220
3,2991992,08400
3,2991992,38120
3,2991992,54350
3,2991998,02360
3,2991998,21320
3,2991998,72140
3,2992001,62144
3,2992003,76130
3,2992008,37260
3,2992008,60119
3,2992009,77450
3,2992014,17220
3,2992017,92120
3,2992022,69770
3,2992024,42210
3,2992035,48100
3,2992041,74110
3,2992043,41210
3,2992044,82800
3,2992047,41400
3,2992050,01340
3,2992054,49110
3,2992055,68210
3,2992057,90130
3,2992061,62170
3,2992062,49220
3,2992065,35440
3,2992070,35500
3,2992074,35520
3,2992076,27390
3,2992078,37530
3,2992083,86470
3,2992084,49260
3,2992086,02310
3,2992090,93100
3,2992091,28500
3,2992092,85200
3,2992093,71440
3,2992098,24110
3,2992102,31210
3,2992103,43290
3,2992104,81360
3,2992109,11100
3,2992116,01460
3,2992118,32250
3,2992119,11290
3,2992122,01310
3,2992124,31850
3,2992126,41250
3,2992129,47200
3,2992131,71470
3,2992132,24700
3,2992141,50210
3,2992144,07560
3,2992145,82270
3,2992146,47360
3,2992147,30730
3,2992152,12210
3,2992153,34150
3,2992158,25160
3,2992163,17260
3,2992166,34000
3,2992166,34070
3,2992166,34080
3,2992166,34090
3,2992176,35460
3,2992177,85700
3,2992200,11170
3,2992201,03150
3,2992202,26800
3,2992203,57860
3,2992204,41800
3,2992206,44550
3,2992209,02220
3,2992220,39570
3,2992225,86500
3,2992229,95160
3,2992230,16190
3,2992240,51210
3,2992240,72320
3,2992249,26120
3,2992254,01090
3,2992255,73800
3,2992260,55600
3,2992266,50590
3,2992268,50620
3,2992274,03390
3,2992282,21250
3,2992282,76520
3,2992287,95360
3,2992288,60150
3,2992290,01120
3,2992292,03100
3,2992293,37270
3,2992302,41350
3,2992304,95680
3,2992305,17210
3,2992309,91310
3,2992321,25500
3,2992326,12400
3,2992327,31450
3,2992328,11220
3,2992347,31380
3,2992350,09200
3,2992354,49570
3,2992356,16240
3,2992356,53320
3,2992367,76290
3,2992375,36230
3,2992377,17800
3,2992378,61100
3,2992379,03000
3,2992387,77690
3,2992399,70000
3,2992402,57950
3,2992404,95370
3,2992408,52140
3,2992408,52240
3,2992409,02290
3,2992410,77520
3,2992415,78180
3,2992416,89230
3,2992418,59182
3,2992420,62640
3,2992421,59225
3,2992424,58130
3,2992431,14210
3,2992431,18250
3,2992431,45170
3,2992431,54540
3,2992431,72600
3,2992431,76380
3,2992443,53970
3,2992453,24290
3,2992453,33760
3,2992453,65690
3,2992466,52220
3,2992467,36130
3,2992470,20220
3,2992476,77122
3,2992477,88410
3,2992482,50200
3,2992483,41400
3,2992484,41120
3,2992489,86210
3,2992490,37110
3,2992492,01390
3,2992495,08800
3,2992506,17270
3,2992525,36400
3,2992526,31450
3,2992536,91230
3,2992537,35760
3,2992546,05100
3,2992550,77230
3,2992565,31290
3,2992569,40500
3,2992570,65200
3,2992571,09330
3,2992577,30490
3,2992580,27290
3,2992581,35160
3,2992583,83570
3,2992584,72450
3,2992586,40380
3,2992602,34980
3,2992603,09300
3,2992605,38620
3,2992606,83131
3,2992607,25320
3,2992616,93370
3,2992623,25660
3,2992624,49230
3,2992625,43290
3,2992626,46240
3,2992627,30150
3,2992628,50760
3,2992637,77144
3,2992638,84170
3,2992646,32390
3,2992650,78360
3,2992653,32320
3,2992654,31310
3,2992655,31450
3,2992658,82200
3,2992659,47130
3,2992661,66740
3,2992664,02440
3,2992665,66200
3,2992668,76680
3,2992669,35160
3,2992670,77950
3,2992671,77130
3,2992672,45260
3,2992674,56250
3,2992683,25260
3,2992686,56380
3,2992689,17130
3,2992690,53500
3,2992694,16310
3,2992703,26200
3,2992704,26120
3,2992706,26760
3,2992712,12200
3,2992713,82300
3,2992737,25190
3,2992740,82700
3,2992744,50310
3,2992745,41150
3,2992760,57670
3,2992760,80500
3,2992771,40000
3,2992777,38860
3,2992788,08090
3,2992790,46800
3,2992793,45700
3,2992802,02340
3,2992802,08090
3,2992822,36140
3,2992831,16300
3,2992838,71210
3,2992839,14350
3,2992839,15100
3,2992848,01310
3,2992852,71710
3,2992854,63460
3,2992854,73100
3,2992859,77470
3,2992862,01090
3,2992863,71300
3,2992867,76690
3,2992870,24230
3,2992878,31450
3,2992885,57415
3,2992886,16220
3,2992890,42600
3,2992892,02110
3,2992901,45230
3,2992905,26740
3,2992907,54111
3,2992908,38330
3,2992917,34290
3,2992919,72380
3,2992920,03340
3,2992921,82290
3,2992925,44140
3,2992926,31140
3,2992927,62350
3,2992934,71260
3,2992938,25200
3,2992943,37250
3,2992944,34560
3,2992945,12220
3,2992947,82700
3,2992953,21500
3,2992957,11190
3,2992960,47500
3,2992967,54700
3,2992970,09700
3,2992973,40500
3,2992976,64800
3,2992978,83440
3,2992982,27400
3,2992983,10270
3,2992987,53220
3,2992990,38210
3,2992991,34160
3,2992998,35360
3,2993002,82000
3,2993004,60160
3,2993006,31380
3,2993013,34570
3,2993024,45200
3,2993026,30700
3,2993028,64121
3,2993038,81600
3,2993041,64460
3,2993051,69250
3,2993053,86360
3,2993056,82270
3,2993061,38390
3,2993070,28150
3,2993070,78124
3,2993076,73460
3,2993077,72120
3,2993078,31530
3,2993080,23320
3,2993080,63320
3,2993084,63700
3,2993088,82150
3,2993091,02820
3,2993092,85600
3,2993093,39570
3,2993095,19300
3,2993103,24350
3,2993111,21200
3,2993112,60240
3,2993117,42840
3,2993117,69700
3,2993117,73350
3,2993120,73000
3,2993146,33570
3,2993146,38160
3,2993147,01250
3,2993152,47600
3,2993160,30350
3,2993160,34530
3,2993166,34310
3,2993169,89150
3,2993172,72500
3,2993189,64300
3,2993189,65240
3,2993189,71140
3,2993191,67700
3,2993193,38122
3,2993194,69860
3,2993195,85110
3,2993203,59246
3,2993207,59370
3,2993208,47500
3,2993209,33580
3,2993209,40700
3,2993209,47150
3,2993209,64460
3,2993228,30340
3,2993229,83440
3,2993230,31280
3,2993231,34390
3,2993240,24540
3,2993243,30170
3,2993245,39100
3,2993245,44690
3,2993248,60240
3,2993250,74560
3,2993261,37380
3,2993271,65670
3,2993277,43120
3,2993298,33190
3,2993308,47150
3,2993309,32490
3,2993316,89470
3,2993320,81640
3,2993323,38650
3,2993331,64360
3,2993338,02500
3,2993342,84430
3,2993345,41170
3,2993348,31700
3,2993355,62760
3,2993358,14120
3,2993359,91590
3,2993360,35370
3,2993367,57300
3,2993368,31220
3,2993373,47600
3,2993375,79320
3,2993379,22510
3,2993380,86330
3,2993383,82230
3,2993384,32150
3,2993384,47380
3,2993389,76260
3,2993390,60290
3,2993391,62118
3,2993392,80200
3,2993393,60113
3,2993403,59234
3,2993406,59224
3,2993407,76340
3,2993412,51470
3,2993415,54280
3,2993419,72230
3,2993420,19400
3,2993424,60940
3,2993427,59620
3,2993446,24240
3,2993449,47290
3,2993465,67670
3,2993469,65360
3,2993474,20218
3,2993476,67120
3,2993485,67190
3,2993491,80540
3,2993495,03300
3,2993496,13940
3,2993501,26170
3,2993510,39360
3,2993511,41190
3,2993512,03510
3,2993520,40660
3,2993523,30410
3,2993525,30120
3,2993528,24480
3,2993528,46120
3,2993528,82220
3,2993532,60220
3,2993544,28200
3,2993562,56230
3,2993572,77550
3,2993574,78840
3,2993575,38270
3,2993577,39290
3,2993578,95570
3,2993581,63190
3,2993586,82200
3,2993588,80200
3,2993589,77950
3,2993590,44520
3,2993604,39260
3,2993605,38430
3,2993611,54580
3,2993622,91490
3,2993629,38440
3,2993631,56490
3,2993633,55800
3,2993633,60140
3,2993635,01140
3,2993639,70200
3,2993640,17780
3,2993643,52100
3,2993644,68480
3,2993647,29350
3,2993654,73500
3,2993668,57930
3,2993670,68630
3,2993672,67170
3,2993673,67206
3,2993674,57370
3,2993675,67140
3,2993677,78125
3,2993679,77290
3,2993683,77130
3,2993685,02880
3,2993688,14210
3,2993690,40290
3,2993691,56140
3,2993692,44780
3,2993696,79100
3,2993697,04200
3,2993700,01600
3,2993701,25480
3,2993702,27930
3,2993708,26270
3,2993709,38380
3,2993712,01700
3,2993712,26350
3,2993717,34110
3,2993718,31340
3,2993720,09500
3,2993720,32390
3,2993721,64800
3,2993722,11120
3,2993726,31190
3,2993726,63380
3,2993727,63730
3,2993728,88500
3,2993730,21310
3,2993732,86110
3,2993734,49330
3,2993740,80300
3,2993746,81190
3,2993749,32300
3,2993753,47800
3,2993754,31800
3,2993757,17150
3,2993757,31230
3,2993760,13140
3,2993763,32340
3,2993765,26400
3,2993766,26110
3,2993769,07170
3,2993769,82440
3,2993771,04510
3,2993771,84120
3,2993779,33380
3,2993780,69780
3,2993781,01390
3,2993786,74270
3,2993788,67270
3,2993796,22220
3,2993800,35190
3,2993801,35540
3,2993830,40200
3,2993832,13105
3,2993834,40350
3,2993839,60112
3,2993843,91490
3,2993852,59178
3,2993855,50190
3,2993855,52240
3,2993864,21140
3,2993864,54670
3,2993864,69390
3,2993875,12100
3,2993876,66170
3,2993877,41200
3,2993878,59143
3,2993879,86150
3,2993884,29290
3,2993889,30540
3,2993893,24470
3,2993905,17770
3,2993909,39250
3,2993913,28630
3,2993918,36800
3,2993918,86440
3,2993921,86550
3,2993928,89400
3,2993935,61250
3,2993936,74440
3,2993939,67580
3,2993947,32170
3,2993970,89140
3,2993974,68730
3,2993983,80132
3,2993987,24450
3,2993988,30140
3,2993999,78250
3,2994000,40170
3,2994002,90120
3,2994004,47170
3,2994005,89130
3,2994008,78970
3,2994009,02240
3,2994010,87330
3,2994011,35140
3,2994014,45370
3,2994015,27510
3,2994016,80110
3,2994018,28500
3,2994019,36290
3,2994033,01660
3,2994036,72270
3,2994040,63115
3,2994041,04270
3,2994043,34140
3,2994046,53600
3,2994048,69330
3,2994049,74960
3,2994051,38440
3,2994052,07400
3,2994054,19500
3,2994056,69610
3,2994057,48150
3,2994063,38440
3,2994065,38300
3,2994068,13590
3,2994069,07380
3,2994070,13650
3,2994071,30410
3,2994078,30840
3,2994085,19250
3,2994087,38240
3,2994091,68890
3,2994093,54135
3,2994094,01800
3,2994096,28130
3,2994099,87380
3,2994105,41130
3,2994113,21190
3,2994116,17120
3,2994121,62410
3,2994126,45130
3,2994139,78250
3,2994144,92190
3,2994144,92360
3,2994146,56890
3,2994150,74370
3,2994153,57980
3,2994155,57940
3,2994156,57920
3,2994157,68380
3,2994158,62124
3,2994160,57000
3,2994160,57050
3,2994160,57070
3,2994161,37390
3,2994168,59270
3,2994170,25370
3,2994172,71190
3,2994173,58400
3,2994179,77410
3,2994182,08110
3,2994184,69510
3,2994185,21380
3,2994186,39570
3,2994187,71390
3,2994189,74140
3,2994192,63750
3,2994193,61440
3,2994194,54850
3,2994196,45190
3,2994198,21220
3,2994198,40660
3,2994201,17130
3,2994201,35480
3,2994203,44420
3,2994209,29420
3,2994215,27650
3,2994223,80190
3,2994224,10190
3,2994228,76520
3,2994230,76570
3,2994241,14380
3,2994246,76270
3,2994248,39600
3,2994250,85500
3,2994257,22400
3,2994263,53170
3,2994267,41150
3,2994268,56320
3,2994269,74330
3,2994274,17132
3,2994280,44522
3,2994282,10170
3,2994283,95540
3,2994284,77730
3,2994285,18100
3,2994287,60420
3,2994288,18380
3,2994290,73420
3,2994291,68500
3,2994294,14810
3,2994297,59660
3,2994298,31330
3,2994301,85200
3,2994303,71310
3,2994306,60110
3,2994307,67580
3,2994310,57550
3,2994312,36230
3,2994313,80350
3,2994322,59270
3,2994328,16100
3,2994329,90400
3,2994341,35330
3,2994347,19340
3,2994349,62155
3,2994351,56700
3,2994360,22460
3,2994372,67250
3,2994379,84360
3,2994380,23420
3,2994384,36220
3,2994385,59710
3,2994393,16200
3,2994393,17210
3,2994393,33700
3,2994396,95630
3,2994401,62680
3,2994401,78270
3,2994410,10600
3,2994411,51220
3,2994415,54850
3,2994416,91660
3,2994426,18120
3,2994428,78490
3,2994428,89144
3,2994431,22230
3,2994443,54960
3,2994446,09400
3,2994447,73200
3,2994449,26600
3,2994453,46090
3,2994460,62560
3,2994461,59470
3,2994462,02200
3,2994467,21190
3,2994469,62217
3,2994479,53230
3,2994481,41500
3,2994486,83136
3,2994494,95180
3,2994496,62890
3,2994497,06500
3,2994500,74290
3,2994501,74270
3,2994502,74350
3,2994509,24350
3,2994511,38710
3,2994519,85700
3,2994526,02630
3,2994527,02190
3,2994527,62240
3,2994529,27300
3,2994530,41320
3,2994534,91540
3,2994542,27120
3,2994560,53200
3,2994561,79340
3,2994574,63200
3,2994585,18510
3,2994586,18300
3,2994590,15400
3,2994591,45240
3,2994596,24700
3,2994603,84560
3,2994608,56490
3,2994612,64240
3,2994617,48000
3,2994619,67340
3,2994623,63560
3,2994625,41500
3,2994651,77000
3,2994652,67270
3,2994653,56310
3,2994666,45220
3,2994671,72320
3,2994672,79190
3,2994673,71640
3,2994674,35420
3,2994675,79500
3,2994676,29300
3,2994680,70270
3,2994680,89430
3,2994692,29140
3,2994697,35520
3,2994705,71340
3,2994707,49120
3,2994710,76170
3,2994724,30340
3,2994727,67210
3,2994728,57960
3,2994733,01370
3,2994734,64510
3,2994742,18200
3,2994743,35270
3,2994745,19510
3,2994746,47180
3,2994747,32420
3,2994747,40400
3,2994756,18500
3,2994763,80170
3,2994765,22270
3,2994768,74120
3,2994770,40990
3,2994773,35360
3,2994778,17600
3,2994785,78670
3,2994789,59570
3,2994790,57245
3,2994793,35450
3,2994794,82290
3,2994798,77100
3,2994800,50500
3,2994803,80300
3,2994805,03360
3,2994806,38112
3,2994807,28240
3,2994810,23360
3,2994837,62670
3,2994842,49280
3,2994843,79310
3,2994844,37130
3,2994856,43520
3,2994861,86320
3,2994865,64230
3,2994868,64110
3,2994869,33210
3,2994870,09270
3,2994874,17400
3,2994891,49630
3,2994892,63230
3,2994894,83136
3,2994897,41100
3,2994901,84380
3,2994902,81200
3,2994906,14320
3,2994928,72360
3,2994935,53100
3,2994936,77145
3,2994948,74500
3,2994951,54320
3,2994952,35380
3,2994954,41500
3,2994958,79100
3,2994959,79210
3,2994962,24150
3,2994963,31410
3,2994979,31230
3,2994979,32120
3,2994979,65130
3,2994981,44470
3,2994982,61400
3,2994983,07300
3,2994992,13520
3,2995000,66460
3,2995001,51340
3,2995003,15600
3,2995009,56430
3,2995024,15200
3,2995024,33540
3,2995041,78310
3,2995041,80360
3,2995048,24140
3,2995048,31540
3,2995048,32200
3,2995054,66480
3,2995055,34370
3,2995058,35330
3,2995059,78780
3,2995070,86460
3,2995089,44540
3,2995089,82120
3,2995103,76490
3,2995104,49360
3,2995105,78550
3,2995107,64130
3,2995110,78580
3,2995113,59158
3,2995121,34130
3,2995121,34280
3,2995146,65700
3,2995150,59600
3,2995151,08260
3,2995154,38300
3,2995155,84660
3,2995157,67150
3,2995166,88500
3,2995171,71520
3,2995172,51510
3,2995174,80400
3,2995175,22550
3,2995183,14920
3,2995189,25700
3,2995192,17160
3,2995204,59172
3,2995206,71250
3,2995206,76270
3,2995206,91300
3,2995212,74140
3,2995219,21400
3,2995219,74150
3,2995221,30140
3,2995222,01300
3,2995226,01600
3,2995227,38620
3,2995229,15500
3,2995230,32140
3,2995233,19510
3,2995248,18120
3,2995249,09320
3,2995256,79150
3,2995257,11400
3,2995269,59176
3,2995270,59241
3,2995273,41250
3,2995276,64300
3,2995278,82600
3,2995281,68290
3,2995324,58180
3,2995329,56130
3,2995330,77440
3,2995334,28500
3,2995336,55600
3,2995339,48100
3,2995343,87440
3,2995351,31220
3,2995352,63720
3,2995355,63430
3,2995360,36220
3,2995363,50690
3,2995370,85150
3,2995371,76370
3,2995385,33650
3,2995387,13117
3,2995387,13500
3,2995391,88320
3,2995395,02500
3,2995395,50600
3,2995395,76880
3,2995398,35640
3,2995399,49540
3,2995401,53470
3,2995402,01100
3,2995404,33127
3,2995409,12200
3,2995412,16380
3,2995413,73400
3,2995423,46600
3,2995429,76116
3,2995438,81150
3,2995443,01340
3,2995450,54800
3,2995454,17137
3,2995454,57530
3,2995456,34590
3,2995460,11800
3,2995461,18320
3,2995463,60690
3,2995469,13000
3,2995469,13001
3,2995471,32170
3,2995471,34340
3,2995471,65350
3,2995481,63200
3,2995482,33620
3,2995482,65200
3,2995487,26740
3,2995488,21380
3,2995489,21160
3,2995490,89500
3,2995493,24750
3,2995503,85570
3,2995505,17700
3,2995507,44170
3,2995508,63940
3,2995509,23210
3,2995510,16570
3,2995517,07320
3,2995517,30120
3,2995517,42750
3,2995530,66320
3,2995532,62250
3,2995533,62860
3,2995534,59274
3,2995536,59520
3,2995537,59252
3,2995543,31390
3,2995547,24620
3,2995547,62127
3,2995549,35220
3,2995550,59164
3,2995562,36120
3,2995562,54230
3,2995563,76150
3,2995565,77130
3,2995569,72260
3,2995571,91630
3,2995576,60890
3,2995577,14100
3,2995579,51300
3,2995582,41330
3,2995585,59550
3,2995586,62161
3,2995597,92430
3,2995606,74460
3,2995610,70150
3,2995614,86160
3,2995620,69240
3,2995622,67440
3,2995639,15250
3,2995642,47200
3,2995647,18500
3,2995648,71710
3,2995649,57155
3,2995652,78160
3,2995653,95670
3,2995656,59770
3,2995661,01240
3,2995667,42660
3,2995669,62540
3,2995670,77610
3,2995672,74210
3,2995673,67520
3,2995675,02250
3,2995697,03270
3,2995699,63350
3,2995700,42140
3,2995702,95640
3,2995713,74200
3,2995718,16110
3,2995720,74150
3,2995721,37120
3,2995722,45760
3,2995726,10350
3,2995731,86380
3,2995734,50570
3,2995742,79360
3,2995744,74970
3,2995746,53200
3,2995747,72220
3,2995748,49330
3,2995750,13700
3,2995759,17800
3,2995759,31440
3,2995759,82500
3,2995762,57420
3,2995775,07160
3,2995777,08370
3,2995782,30320
3,2995787,28400
3,2995787,34320
3,2995790,60280
3,2995798,26260
3,2995801,42560
3,2995806,95580
3,2995807,74200
3,2995809,33460
3,2995822,60890
3,2995823,85320
3,2995824,41110
3,2995825,16170
3,2995825,24340
3,2995826,51160
3,2995827,18290
3,2995828,77100
3,2995829,51700
3,2995830,60490
3,2995833,80132
3,2995840,59238
3,2995850,59990
3,2995851,72170
3,2995854,17320
3,2995855,69970
3,2995859,78124
3,2995860,72200
3,2995861,78750
3,2995866,95850
3,2995875,45370
3,2995876,45300
3,2995883,69240
3,2995887,45430
3,2995888,51530
3,2995904,02720
3,2995904,58210
3,2995904,69480
3,2995907,59252
3,2995908,59700
3,2995911,08250
3,2995911,78770
3,2995913,04420
3,2995913,42130
3,2995916,91460
3,2995922,11120
3,2995924,62140
3,2995927,72340
3,2995930,38270
3,2995932,15220
3,2995933,59159
3,2995936,67390
3,2995938,62730
3,2995939,37800
3,2995940,21120
3,2995941,51260
3,2995943,27810
3,2995946,42130
3,2995946,50220
3,2995946,77139
3,2995947,10290
3,2995949,27320
3,2995950,45240
3,2995951,41210
3,2995963,38260
3,2995965,35240
3,2995966,35560
3,2995967,53440
3,2995969,03420
3,2995971,12330
3,2995972,24200
3,2995973,16140
3,2995975,19320
3,2995978,33860
3,2995983,71110
3,2995990,32230
3,2995991,59870
3,2996000,50190
3,2996005,26300
3,2996006,33380
3,2996008,41370
3,2996020,25640
3,2996039,50300
3,2996041,42140
3,2996047,03260
3,2996047,15190
3,2996048,33620
3,2996051,47200
3,2996054,74150
3,2996055,74250
3,2996058,80800
3,2996063,37500
3,2996063,86370
3,2996074,01851
3,2996075,28200
3,2996081,54820
3,2996089,34370
3,2996094,63480
3,2996101,33230
3,2996103,17230
3,2996103,49500
3,2996106,57535
3,2996122,54300
3,2996126,01570
3,2996127,63410
3,2996129,24110
3,2996137,70100
3,2996138,61350
3,2996139,26210
3,2996141,37240
3,2996146,78711
3,2996148,78200
3,2996158,68210
3,2996162,16230
3,2996163,72510
3,2996173,19520
3,2996178,28240
3,2996179,16500
3,2996180,04100
3,2996186,57100
3,2996192,76290
3,2996193,27500
3,2996196,76110
3,2996205,74230
3,2996214,12160
3,2996229,14340
3,2996232,76133
3,2996234,04300
3,2996235,31260
3,2996236,30129
3,2996241,94520
3,2996246,88650
3,2996251,25350
3,2996255,06210
3,2996264,54790
3,2996265,32370
3,2996267,45300
3,2996275,54150
3,2996286,25620
3,2996288,62120
3,2996288,80300
3,2996291,72600
3,2996298,54220
3,2996306,44260
3,2996315,11600
3,2996325,14930
3,2996340,43800
3,2996372,68550
3,2996376,57480
3,2996397,13370
3,2996398,04510
3,2996399,54670
3,2996408,26120
3,2996411,63510
3,2996413,04350
3,2996413,04510
3,2996415,21230
3,2996415,89800
3,2996420,72270
3,2996423,03600
3,2996423,89120
3,2996427,56300
3,2996435,12350
3,2996440,56140
3,2996444,45330
3,2996448,19360
3,2996449,84570
3,2996454,61260
3,2996461,25160
3,2996477,89100
3,2996484,63200
3,2996487,82200
3,2996492,76770
3,2996495,84340
3,2996498,26780
3,2996505,56220
3,2996514,92240
3,2996519,21410
3,2996523,01340
3,2996538,57280
3,2996540,10510
3,2996544,14190
3,2996544,52300
3,2996544,54550
3,2996544,62127
3,2996544,70190
3,2996559,91720
3,2996564,78600
3,2996565,67220
3,2996568,94700
3,2996605,77580
3,2996621,62620
3,2996625,80220
3,2996628,44690
3,2996629,51240
3,2996644,16200
3,2996645,28300
3,2996645,45330
3,2996653,28130
3,2996655,23700
3,2996660,59233
3,2996674,77950
3,2996685,80560
3,2996686,89660
3,2996687,10230
3,2996689,89270
3,2996690,51500
3,2996693,89100
3,2996696,85420
3,2996697,70000
3,2996703,28170
3,2996705,37800
3,2996707,85420
3,2996709,01430
3,2996711,13910
3,2996722,60420
3,2996726,54700
3,2996727,25120
3,2996733,29790
3,2996746,70200
3,2996747,21110
3,2996752,78114
3,2996755,77700
3,2996757,61600
3,2996761,14270
3,2996764,95420
3,2996766,58470
3,2996788,62127
3,2996796,03260
3,2996797,86160
3,2996798,79460
3,2996802,78200
3,2996807,16600
3,2996810,87190
3,2996811,87380
3,2996814,74300
3,2996818,40140
3,2996819,51530
3,2996823,34480
3,2996827,95560
3,2996832,22340
3,2996845,65700
3,2996874,73210
3,2996875,39570
3,2996882,71000
3,2996885,42520
3,2996887,67430
3,2996888,67390
3,2996896,74140
3,2996901,57730
3,2996902,60150
3,2996905,44270
3,2996906,85190
3,2996909,08310
3,2996909,77133
3,2996913,10300
3,2996913,50170
3,2996917,64240
3,2996918,33460
3,2996921,42300
3,2996927,59390
3,2996938,27480
3,2996944,69000
3,2996944,69001
3,2996944,69002
3,2996944,69003
3,2996944,69004
3,2996944,69005
3,2996944,69006
3,2996944,69007
3,2996944,69008
3,2996944,69009
3,2996946,59173
3,2996951,36600
3,2996953,74200
3,2996954,07000
3,2996957,58170
3,2996959,65120
3,2996963,38200
3,2996964,37150
3,2996965,63350
3,2996974,09250
3,2996978,46140
3,2996979,37120
3,2996979,70400
3,2996981,79100
3,2996982,95270
3,2996983,77138
3,2996986,37230
3,2996994,40430
3,2996995,70300
3,2997000,75006
3,2997001,16230
3,2997002,21120
3,2997002,31290
3,2997002,71100
3,2997007,67130
3,2997008,57820
3,2997010,68460
3,2997012,68140
3,2997014,57935
3,2997021,58240
3,2997030,37400
3,2997033,23170
3,2997033,63360
3,2997035,07170
3,2997036,17430
3,2997043,87360
3,2997044,86320
3,2997048,16450
3,2997048,17500
3,2997048,33570
3,2997052,10270
3,2997054,03230
3,2997058,86600
3,2997064,44590
3,2997067,18120
3,2997071,42380
3,2997076,42260
3,2997076,70200
3,2997079,03320
3,2997084,28500
3,2997089,67490
3,2997104,31240
3,2997110,54300
3,2997111,18400
3,2997112,76810
3,2997113,34400
3,2997116,34400
3,2997123,41360
3,2997126,24130
3,2997126,34650
3,2997132,20260
3,2997137,77540
3,2997139,08440
3,2997142,62380
3,2997143,38660
3,2997144,74890
3,2997145,74470
3,2997146,35133
3,2997148,28600
3,2997158,74500
3,2997160,33830
3,2997170,02140
3,2997170,71260
3,2997180,68720
3,2997184,54710
3,2997185,33290
3,2997190,51500
3,2997200,57590
3,2997200,76270
3,2997203,11200
3,2997204,14530
3,2997206,08300
3,2997207,64360
3,2997210,85400
3,2997214,74380
3,2997215,60360
3,2997218,80600
3,2997223,72800
3,2997229,21290
3,2997229,54200
3,2997229,73170
3,2997234,06440
3,2997235,26310
3,2997238,58380
3,2997241,69480
3,2997242,72500
3,2997246,28110
3,2997246,61330
3,2997248,20290
3,2997251,36360
3,2997262,12450
3,2997271,19210
3,2997279,36350
3,2997286,62540
3,2997295,69380
3,2997297,01360
3,2997300,56800
3,2997304,74330
3,2997305,79100
3,2997316,59720
3,2997317,95380
3,2997324,59830
3,2997325,14111
3,2997326,57420
3,2997329,59530
3,2997331,35420
3,2997332,35680
3,2997333,53210
3,2997336,27400
3,2997340,64260
3,2997344,27190
3,2997345,53950
3,2997350,52130
3,2997351,78430
3,2997371,45470
3,2997384,84160
3,2997386,49700
3,2997387,65370
3,2997390,23360
3,2997395,65100
3,2997397,59156
3,2997405,72210
3,2997407,34140
3,2997409,33410
3,2997409,46350
3,2997409,81800
3,2997416,33370
3,2997417,57510
3,2997428,17330
3,2997433,44110
3,2997434,79600
3,2997437,64250
3,2997439,71500
3,2997440,25260
3,2997445,65290
3,2997456,72540
3,2997457,86200
3,2997461,43320
3,2997465,22600
3,2997469,62610
3,2997472,33125
3,2997491,63410
3,2997511,22540
3,2997513,37320
3,2997514,22700
3,2997516,72300
3,2997535,21170
3,2997537,66500
3,2997540,22230
3,2997546,57420
3,2997547,45260
3,2997548,77710
3,2997552,57790
3,2997556,33310
3,2997559,58140
3,2997565,28210
3,2997566,60110
3,2997569,26270
3,2997570,84870
3,2997577,56100
3,2997581,83510
3,2997583,62840
3,2997590,42420
3,2997601,45490
3,2997616,29470
3,2997617,29590
3,2997619,62750
3,2997620,59120
3,2997621,59279
3,2997622,59630
3,2997626,39000
3,2997628,64140
3,2997629,61250
3,2997637,39120
3,2997638,54400
3,2997644,21600
3,2997646,54260
3,2997648,76590
3,2997653,14230
3,2997653,47200
3,2997653,50290
3,2997653,62142
3,2997653,77650
3,2997661,14400
3,2997662,95450
3,2997670,62219
3,2997675,60126
3,2997676,60150
3,2997677,76860
3,2997681,80330
3,2997688,76260
3,2997694,80510
3,2997698,91310
3,2997700,77230
3,2997704,61290
3,2997706,72540
3,2997706,78980
3,2997711,54810
3,2997712,91160
3,2997713,62240
3,2997716,57740
3,2997717,57050
3,2997719,55000
3,2997722,85560
3,2997724,17230
3,2997724,85200
3,2997726,25260
3,2997733,69770
3,2997734,69420
3,2997744,21110
3,2997751,21110
3,2997753,52250
3,2997759,39400
3,2997764,27150
3,2997768,21110
3,2997768,52240
3,2997768,88000
3,2997775,31410
3,2997781,80510
3,2997784,76660
3,2997792,59840
3,2997801,78270
3,2997804,72450
3,2997812,32220
3,2997814,81120
3,2997826,50530
3,2997832,17111
3,2997833,51220
3,2997836,51300
3,2997839,54700
3,2997839,71290
3,2997841,62218
3,2997845,74140
3,2997855,53320
3,2997873,49440
3,2997875,69700
3,2997883,53200
3,2997887,67290
3,2997889,35550
3,2997891,22780
3,2997893,28200
3,2997897,29460
3,2997904,77185
3,2997917,68280
3,2997925,59182
3,2997929,80160
3,2997936,34700
3,2997942,29310
3,2997943,29750
3,2997944,29180
3,2997947,29241
3,2997951,29670
3,2997956,62400
3,2997957,56550
3,2997959,56570
3,2997961,56500
3,2997964,56740
3,2997966,56390
3,2997992,37460
3,2997996,37600
3,2998013,67250
3,2998018,66300
3,2998027,77440
3,2998034,56460
3,2998049,57660
3,2998050,57520
3,2998052,57635
3,2998054,51400
3,2998055,77000
3,2998056,93190
3,2998057,14240
3,2998058,58240
3,2998059,26250
3,2998061,35450
3,2998063,53400
3,2998066,12300
3,2998072,38220
3,2998075,46320
3,2998076,77220
3,2998078,54460
3,2998081,14140
3,2998093,50250
3,2998095,40170
3,2998097,33480
3,2998102,69380
3,2998105,91090
3,2998110,19600
3,2998124,81310
3,2998127,84800
3,2998130,32600
3,2998130,86150
3,2998131,55000
3,2998132,31230
3,2998136,38080
3,2998140,95290
3,2998147,24350
3,2998147,41100
3,2998150,14100
3,2998157,62134
3,2998165,49530
3,2998166,30126
3,2998167,67640
3,2998187,14780
3,2998202,40260
3,2998208,68610
3,2998209,59126
3,2998218,86800
3,2998221,20230
3,2998222,50660
3,2998224,67380
3,2998233,89240
3,2998251,91310
3,2998252,16730
3,2998253,87130
3,2998264,11300
3,2998269,91470
3,2998274,07340
3,2998276,63290
3,2998277,69760
3,2998283,46260
3,2998286,87000
3,2998286,87100
3,2998286,87280
3,2998294,78270
3,2998296,76570
3,2998298,56220
3,2998299,67150
3,2998301,37530
3,2998305,94450
3,2998311,78520
3,2998312,69400
3,2998316,79190
3,2998320,62190
3,2998322,76170
3,2998324,59000
3,2998324,59160
3,2998324,59260
3,2998324,59777
3,2998324,59800
3,2998329,93450
3,2998330,20220
3,2998333,37220
3,2998340,86240
3,2998343,37240
3,2998347,37500
3,2998354,62450
3,2998357,62960
3,2998358,45240
3,2998359,89144
3,2998360,59191
3,2998362,55500
3,2998373,56160
3,2998375,16130
3,2998377,53140
3,2998380,37130
3,2998386,10130
3,2998386,18160
3,2998386,41160
3,2998386,80500
3,2998396,03410
3,2998396,21520
3,2998396,27220
3,2998396,36160
3,2998396,61190
3,2998404,16140
3,2998404,44850
3,2998409,34490
3,2998410,33360
3,2998414,36370
3,2998423,35340
3,2998425,88350
3,2998431,62800
3,2998434,60130
3,2998437,59111
3,2998439,50700
3,2998439,77127
3,2998441,35550
3,2998443,27560
3,2998445,34290
3,2998460,02350
3,2998461,25440
3,2998468,21430
3,2998469,69400
3,2998474,68660
3,2998492,62850
3,2998497,67340
3,2998517,33500
3,2998520,62820
3,2998528,08290
3,2998530,60240
3,2998532,60140
3,2998545,01680
3,2998574,29460
3,2998595,72340
3,2998596,86410
3,2998622,31600
3,2998622,46150
3,2998632,94240
3,2998639,63190
3,2998640,89160
3,2998641,42600
3,2998642,49430
3,2998643,34120
3,2998644,11200
3,2998654,59260
3,2998660,79120
3,2998661,09210
3,2998663,22740
3,2998666,30350
3,2998682,38460
3,2998688,54760
3,2998693,71570
3,2998696,01150
3,2998697,68220
3,2998698,46120
3,2998709,54720
3,2998714,59287
3,2998718,36110
3,2998721,50260
3,2998731,35960
3,2998732,73420
3,2998738,78320
3,2998797,60800
3,2998803,31530
3,2998805,47120
3,2998807,87110
3,2998808,86150
3,2998809,15200
3,2998811,30120
3,2998811,46300
3,2998830,25270
3,2998832,27930
3,2998834,49150
3,2998836,20170
3,2998850,03320
3,2998851,18340
3,2998854,78110
3,2998856,28300
3,2998862,38420
3,2998879,31810
3,2998880,03200
3,2998880,04140
3,2998880,09700
3,2998880,43320
3,2998888,02420
3,2998900,33123
3,2998917,06670
3,2998927,60390
3,2998933,27100
3,2998934,77123
3,2998963,50300
3,2998965,91530
3,2998975,92300
3,2998990,57430
3,2998993,27120
3,2998998,25800
3,2999002,59620
3,2999002,90110
3,2999012,83143
3,2999020,91310
3,2999031,29390
3,2999040,91630
3,2999046,11370
3,2999048,11250
3,2999068,14490
3,2999068,27480
3,2999071,35540
3,2999071,72170
3,2999089,29380
3,2999093,76470
3,2999099,78490
3,2999119,42580
3,2999126,76580
3,2999129,69620
3,2999131,38660
3,2999133,14350
3,2999135,33550
3,2999137,56370
3,2999139,62520
3,2999160,76790
3,2999163,06530
3,2999170,27370
3,2999171,27370
3,2999178,17290
3,2999179,83340
3,2999180,84250
3,2999181,88530
3,2999182,13100
3,2999185,88160
3,2999186,95500
3,2999203,35240
3,2999204,03240
3,2999204,50330
3,2999204,61260
3,2999205,14410
3,2999234,47110
3,2999236,44360
3,2999248,33680
3,2999248,41170
3,2999251,50640
3,2999259,07400
3,2999260,33470
3,2999281,78620
3,2999290,79200
3,2999296,33320
3,2999303,88120
3,2999319,43600
3,2999322,74230
3,2999362,49700
3,2999391,07140
3,2999408,49700
3,2999412,18570
3,2999429,76430
3,2999431,86120
3,2999446,62136
3,2999482,17160
3,2999485,44390
3,2999498,33550
3,2999501,27420
3,2999528,64800
3,2999560,57160
3,2999572,44840
3,2999619,50430
3,2999624,69170
3,2999636,71530
3,2999649,30110
3,2999677,16500
3,2999683,85100
3,2999683,85180
3,2999683,85340
3,2999687,59258
3,2999706,39220
3,2999706,39400
3,2999725,49350
3,2999742,38370
3,2999787,10340
3,2999825,49430
3,2999838,59810
3,2999839,02120
3,2999857,09100
3,2999906,17880
3,2999908,49130
3,2999976,31150
3,2999981,34710
3,2999982,50340
3,3000036,07660
3,3000036,40260
3,3000047,13170
3,3000052,33230
3,3000060,93320
3,3000072,33340
3,3000090,56300
3,3000117,77134
3,3000120,86220
3,3000120,89110
3,3000132,69490
3,3000134,07360
3,3000135,74370
3,3000139,66270
3,3000154,17380
3,3000165,10420
3,3000173,01130
3,3000174,29260
3,3000192,78130
3,3000201,85540
3,3000205,44760
3,3000246,41120
3,3000266,73800
3,3000268,91470
3,3000275,59122
3,3000307,16200
3,3000308,78490
3,3000310,51370
3,3000329,04190
3,3000329,72260
3,3000332,08500
3,3000341,83340
3,3000351,17570
3,3000353,34270
3,3000400,73800
3,3000434,21130
3,3000443,85400
3,3000444,30960
3,3000446,85170
3,3000458,50600
3,3000460,78350
3,3000465,14240
3,3000465,52500
3,3000465,76790
3,3000491,93260
3,3000519,85130
3,3000592,55120
3,3000602,77150
3,3000603,86270
3,3000622,74310
3,3000629,25370
3,3000633,27910
3,3000642,37110
3,3000648,85500
3,3000674,08800
3,3000702,69420
3,3000761,25790
3,3000763,91410
3,3000764,26290
3,3000826,76950
3,3000872,17100
3,3000902,74260
3,3000998,25300
3,3001003,56200
3,3001020,56120
3,3001020,79340
3,3001020,88390
3,3001039,25210
3,3001051,25500
3,3001095,24620
3,3001126,78690
3,3001134,27240
3,3001134,41800
3,3001134,85140
3,3001139,16210
3,3001139,17250
3,3001139,37130
3,3001157,85590
3,3001162,38300
3,3001171,35320
3,3001176,33230
3,3001184,77820
3,3001185,25140
3,3001191,73360
3,3001225,02100
3,3001243,27340
3,3001336,74170
3,3001353,25500
3,3001386,85430
3,3001401,74230
3,3001402,78340
3,3001449,77450
3,3001451,01560
3,3001457,69380
3,3001459,73340
3,3001504,85700
3,3001546,22630
3,3001604,87230
3,3001613,06440
3,3001617,64230
3,3001631,04160
3,3001698,85260
3,3001726,78610
3,3001800,09350
3,3001822,36100
3,3001822,45460
3,3001822,71350
3,3001822,89500
3,3001899,33500
3,3001966,27160
3,3002045,08000
3,3002057,38630
3,3002067,76520
3,3002108,62730
3,3002109,07140
3,3002114,33570
3,3002136,69430
3,3002138,83460
3,3002145,38700
3,3002149,61470
3,3002158,30133
3,3002160,66210
3,3002172,27700
3,3002175,63770
3,3002184,78580
3,3002185,73550
3,3002191,49320
3,3002191,79190
3,3002199,18220
3,3002203,34600
3,3002208,56110
3,3002221,60700
3,3002229,38190
3,3002237,38490
3,3002247,21440
3,3002247,27690
3,3002256,25210
3,3002271,13740
3,3002277,55200
3,3002280,06650
3,3002288,15290
3,3002309,56460
3,3002311,86170
3,3002351,35650
3,3002357,83200
3,3002373,29480
3,3002383,18240
3,3002400,09600
3,3002401,93340
3,3002412,22460
3,3002420,59530
3,3002423,80118
3,3002443,13610
3,3002446,49260
3,3002465,43000
3,3002471,90200
3,3002483,49600
3,3002499,93310
3,3002510,83220
3,3002520,07250
3,3002534,44510
3,3002537,34600
3,3002541,34230
3,3002547,78560
3,3002551,62480
3,3002552,17730
3,3002559,33680
3,3002570,73110
3,3002570,84130
3,3002585,38800
3,3002586,38480
3,3002586,73330
3,3002620,85170
3,3002621,85770
3,3002626,36330
3,3002632,26160
3,3002647,94420
3,3002650,92350
3,3002654,91220
3,3002658,49770
3,3002667,27180
3,3002669,49124
3,3002677,60150
3,3002679,95130
3,3002680,60330
3,3002713,80110
3,3002758,24700
3,3002774,61400
3,3002782,49110
3,3002787,05700
3,3002787,51460
3,3002787,85740
3,3002807,14590
3,3002808,77181
3,3002813,79140
3,3002817,38730
3,3002835,33490
3,3002836,33290
3,3002880,76140
3,3002911,35320
3,3002918,76650
3,3002933,74130
3,3002954,35370
3,3002955,66480
3,3002961,85300
3,3002965,94170
3,3002966,69460
3,3002967,78610
3,3002976,95450
3,3002981,44640
3,3002984,78230
3,3002986,36200
3,3002988,38550
3,3003016,38490
3,3003017,47520
3,3003025,53300
3,3003030,62770
3,3003040,88600
3,3003042,44330
3,3003044,87410
3,3003045,56360
3,3003064,40550
3,3003066,82230
3,3003067,33850
3,3003068,33210
3,3003074,69210
3,3003081,42155
3,3003087,01240
3,3003087,39300
3,3003088,26210
3,3003093,62300
3,3003101,02170
3,3003111,29190
3,3003126,50140
3,3003127,27110
3,3003136,86140
3,3003138,12190
3,3003148,83490
3,3003158,07300
3,3003158,07610
3,3003158,26510
3,3003163,63370
3,3003164,43410
3,3003165,81700
3,3003173,22340
3,3003215,60650
3,3003230,03240
3,3003230,46210
3,3003253,63240
3,3003263,46090
3,3003297,05220
3,3003306,43150
3,3003307,48100
3,3003308,12000
3,3003316,14330
3,3003332,35870
3,3003341,60880
3,3003349,60240
3,3003351,51190
3,3003354,76480
3,3003359,78320
3,3003373,14270
3,3003375,78600
3,3003381,14100
3,3003391,76240
3,3003392,49410
3,3003393,60530
3,3003408,50110
3,3003411,95720
3,3003415,77990
3,3003440,22200
3,3003441,61240
3,3003464,88160
3,3003473,61170
3,3003481,77350
3,3003490,24100
3,3003493,64350
3,3003495,57620
3,3003496,67510
3,3003514,49122
3,3003517,03250
3,3003546,47430
3,3003581,30960
3,3003586,49410
3,3003603,72000
3,3003603,72100
3,3003604,14400
3,3003604,27460
3,3003610,48140
3,3003614,59134
3,3003629,36400
3,3003629,88240
3,3003647,72800
3,3003650,83340
3,3003653,72390
3,3003656,49370
3,3003661,44430
3,3003662,35133
3,3003663,50570
3,3003668,19470
3,3003672,49710
3,3003713,83980
3,3003724,24570
3,3003726,85370
3,3003730,44430
3,3003737,94270
3,3003740,29100
3,3003761,68800
3,3003764,86300
3,3003773,76770
3,3003774,32460
3,3003775,53640
3,3003777,22100
3,3003782,22100
3,3003784,56450
3,3003796,76600
3,3003796,76610
3,3003796,76620
3,3003816,22320
3,3003859,33185
3,3003874,31490
3,3003877,56190
3,3003882,85770
3,3003884,28700
3,3003885,61130
3,3003893,17600
3,3003894,38450
3,3003898,27370
3,3003918,30240
3,3003942,26530
3,3003952,76120
3,3003957,37350
3,3003986,72150
3,3003991,38690
3,3004029,50370
3,3004039,23240
3,3004041,74450
3,3004067,22330
3,3004078,16160
3,3004098,85150
3,3004114,31440
3,3004114,44650
3,3004119,44130
3,3004120,28800
3,3004130,81450
3,3004138,49270
3,3004154,14480
3,3004185,31430
3,3004200,17270
3,3004208,09130
3,3004213,62790
3,3004222,29260
3,3004224,22800
3,3004226,24130
3,3004238,49600
3,3004242,27190
3,3004244,59495
3,3004254,35420
3,3004258,85800
3,3004274,71580
3,3004294,31410
3,3004304,22290
3,3004304,56320
3,3004306,29590
3,3004314,59115
3,3004316,64320
3,3004318,59470
3,3004321,29860
3,3004326,59940
3,3004327,17100
3,3004334,87210
3,3004337,03130
3,3004346,30350
3,3004348,50620
3,3004350,64400
3,3004356,39120
3,3004357,59143
3,3004358,12170
3,3004359,30210
3,3004372,47300
3,3004381,32700
3,3004398,80550
3,3004416,56540
3,3004418,44490
3,3004427,71200
3,3004431,07270
3,3004433,63450
3,3004434,34920
3,3004444,35133
3,3004462,60430
3,3004463,60850
3,3004464,91830
3,3004466,49260
3,3004471,28630
3,3004492,42120
3,3004513,29217
3,3004523,48160
3,3004545,59259
3,3004564,29410
3,3004565,29190
3,3004571,88240
3,3004608,38570
3,3004609,07160
3,3004622,72610
3,3004625,08390
3,3004625,27160
3,3004630,78150
3,3004663,62124
3,3004663,77171
3,3004666,63200
3,3004674,17600
3,3004697,08300
3,3004698,77820
3,3004703,18170
3,3004709,73630
3,3004758,24640
3,3004763,85540
3,3004764,38190
3,3004774,43400
3,3004775,42500
3,3004784,07160
3,3004808,42460
3,3004811,63670
3,3004813,44850
3,3004814,59226
3,3004836,31530
3,3004838,04700
3,3004838,83330
3,3004870,83340
3,3004871,06110
3,3004891,30740
3,3004901,79240
3,3004929,24480
3,3004935,24260
3,3004941,04420
3,3004962,63500
3,3004963,06510
3,3004977,43370
3,3004983,63340
3,3004989,14130
3,3005001,03120
3,3005001,51210
3,3005001,69620
3,3005001,71670
3,3005028,72370
3,3005060,34260
3,3005066,33110
3,3005076,53410
3,3005081,73370
3,3005082,93350
3,3005091,38520
3,3005099,85510
3,3005102,66160
3,3005110,27930
3,3005131,37110
3,3005172,16350
3,3005172,38510
3,3005182,27670
3,3005187,09000
3,3005187,34700
3,3005202,56400
3,3005203,68650
3,3005218,17580
3,3005269,93150
3,3005270,36300
3,3005282,44140
3,3005289,81260
3,3005308,85560
3,3005311,14350
3,3005326,83330
3,3005358,06620
3,3005359,84330
3,3005360,33114
3,3005363,45130
3,3005364,66420
3,3005382,01200
3,3005394,29520
3,3005397,54690
3,3005401,47390
3,3005416,42470
3,3005417,54520
3,3005422,67610
3,3005425,56250
3,3005429,86800
3,3005431,43800
3,3005435,07800
3,3005443,70310
3,3005443,88470
3,3005450,82120
3,3005480,60240
3,3005492,78270
3,3005495,52330
3,3005522,35430
3,3005524,91620
3,3005527,86340
3,3005534,07170
3,3005540,37700
3,3005541,41160
3,3005588,27330
3,3005593,22690
3,3005623,26240
3,3005627,51520
3,3005630,14290
3,3005632,34880
3,3005635,60510
3,3005639,78320
3,3005640,85130
3,3005651,38290
3,3005657,31410
3,3005659,36600
3,3005673,17400
3,3005682,46500
3,3005682,47800
3,3005687,83560
3,3005696,62840
3,3005709,88600
3,3005711,31220
3,3005712,09300
3,3005714,15300
3,3005725,23150
3,3005727,44260
3,3005728,86470
3,3005735,24550
3,3005735,81500
3,3005736,76150
3,3005737,03100
3,3005763,49270
3,3005764,72390
3,3005765,41800
3,3005765,72240
3,3005769,47230
3,3005775,39170
3,3005786,88600
3,3005792,30110
3,3005817,17250
3,3005820,42131
3,3005825,83160
3,3005838,31590
3,3005839,11290
3,3005866,53000
3,3005873,38190
3,3005891,27400
3,3005901,47410
3,3005914,31650
3,3005915,82110
3,3005930,56190
3,3005932,59553
3,3005933,68290
3,3005943,81440
3,3005948,67630
3,3005949,68610
3,3005950,68610
3,3005956,43150
3,3005966,84360
3,3005968,87370
3,3005979,34480
3,3005982,22230
3,3005983,11800
3,3005992,07110
3,3006007,08430
3,3006035,31140
3,3006036,31330
3,3006053,47360
3,3006056,30290
3,3006086,65400
3,3006089,06320
3,3006090,44420
3,3006121,34970
3,3006129,46210
3,3006131,38700
3,3006136,56190
3,3006137,56470
3,3006138,56490
3,3006140,76170
3,3006152,06340
3,3006152,27930
3,3006152,50800
3,3006152,73110
3,3006154,86290
3,3006161,33360
3,3006170,17390
3,3006183,85360
3,3006188,34260
3,3006189,37120
3,3006196,49120
3,3006200,42580
3,3006202,38110
3,3006205,09100
3,3006207,69890
3,3006209,66720
3,3006211,63680
3,3006215,66200
3,3006219,06420
3,3006219,74250
3,3006262,86190
3,3006265,86390
3,3006269,74210
3,3006283,33115
3,3006283,33260
3,3006285,49280
3,3006292,42740
3,3006293,38660
3,3006313,85120
3,3006320,42350
3,3006330,72210
3,3006349,14770
3,3006349,35580
3,3006349,95270
3,3006358,60310
3,3006363,64290
3,3006369,09230
3,3006369,31530
3,3006369,47600
3,3006369,64350
3,3006380,53110
3,3006387,23300
3,3006399,38840
3,3006414,83500
3,3006430,59174
3,3006436,02150
3,3006436,12170
3,3006438,45210
3,3006439,61100
3,3006441,35133
3,3006442,45210
3,3006444,53800
3,3006454,49280
3,3006458,43140
3,3006477,11400
3,3006497,33670
3,3006499,61600
3,3006502,27370
3,3006507,23000
3,3006511,05110
3,3006524,12440
3,3006526,82230
3,3006530,34330
3,3006531,31880
3,3006534,49110
3,3006536,49310
3,3006543,30460
3,3006570,33620
3,3006572,64440
3,3006574,60510
3,3006574,76690
3,3006616,40270
3,3006617,74500
3,3006627,64480
3,3006632,56230
3,3006632,61250
3,3006633,82500
3,3006640,44370
3,3006643,30190
3,3006663,12200
3,3006676,61260
3,3006689,06670
3,3006690,06550
3,3006693,47340
3,3006699,09600
3,3006700,46090
3,3006701,66740
3,3006703,13640
3,3006704,83136
3,3006705,15150
3,3006711,33410
3,3006711,34190
3,3006725,17170
3,3006735,32480
3,3006739,08220
3,3006739,49740
3,3006742,64110
3,3006751,71960
3,3006755,77000
3,3006757,16110
3,3006758,73110
3,3006767,85000
3,3006770,74800
3,3006771,89400
3,3006775,86270
3,3006780,29800
3,3006787,17000
3,3006787,70120
3,3006790,95780
3,3006793,16110
3,3006794,21530
3,3006795,05400
3,3006796,22450
3,3006797,05310
3,3006798,26600
3,3006800,37500
3,3006801,24490
3,3006805,44522
3,3006806,63670
3,3006807,56130
3,3006865,25720
3,3006867,39140
3,3006871,26600
3,3006876,56260
3,3006877,56870
3,3006885,14600
3,3006888,25560
3,3006889,10440
3,3006899,33126
3,3006899,38210
3,3006928,37520
3,3006929,35780
3,3006930,42150
3,3006958,07110
3,3006961,79240
3,3006978,85210
3,3006979,33190
3,3006986,49450
3,3006995,76430
3,3006999,44430
3,3007004,44330
3,3007017,91510
3,3007037,04530
3,3007037,19600
3,3007041,77760
3,3007044,53220
3,3007044,61800
3,3007048,37270
3,3007053,69210
3,3007064,73490
3,3007076,69590
3,3007082,05300
3,3007094,85250
3,3007097,72550
3,3007101,78940
3,3007102,94510
3,3007106,57530
3,3007112,86260
3,3007116,62122
3,3007118,43200
3,3007119,63270
3,3007144,22210
3,3007160,68650
3,3007174,49370
3,3007195,49170
3,3007207,87380
3,3007213,14690
3,3007213,49620
3,3007215,85700
3,3007243,47310
3,3007259,44140
3,3007262,44770
3,3007264,49360
3,3007326,26210
3,3007327,31180
3,3007328,01330
3,3007328,63700
3,3007339,79200
3,3007351,88210
3,3007352,67290
3,3007365,79700
3,3007401,13821
3,3007442,12150
3,3007451,84840
3,3007461,03120
3,3007471,42310
3,3007475,28270
3,3007477,02000
3,3007478,46200
3,3007481,22290
3,3007488,29160
3,3007489,56320
3,3007491,22420
3,3007494,56240
3,3007496,22100
3,3007498,12350
3,3007504,43260
3,3007506,06450
3,3007508,33138
3,3007514,69430
3,3007516,22410
3,3007517,14480
3,3007531,54150
3,3007535,31570
3,3007538,73480
3,3007539,38250
3,3007541,34130
3,3007544,33710
3,3007544,65350
3,3007544,66720
3,3007549,71380
3,3007552,22170
3,3007553,29290
3,3007555,22480
3,3007559,22250
3,3007560,76210
3,3007562,24150
3,3007570,56120
3,3007581,24270
3,3007582,91290
3,3007588,35470
3,3007592,15270
3,3007601,59390
3,3007609,22300
3,3007610,29870
3,3007618,28200
3,3007620,32190
3,3007622,65300
3,3007631,65380
3,3007636,29620
3,3007643,22570
3,3007647,57660
3,3007648,29840
3,3007652,29430
3,3007655,35720
3,3007663,56440
3,3007666,22360
3,3007668,22130
3,3007673,14830
3,3007675,22490
3,3007680,52200
3,3007681,22330
3,3007685,35630
3,3007687,56630
3,3007689,35660
3,3007690,41320
3,3007691,33210
3,3007692,29510
3,3007693,33550
3,3007694,48300
3,3007696,22450
3,3007715,30980
3,3007725,67360
3,3007729,37130
3,3007730,43300
3,3007734,22150
3,3007736,35850
3,3007748,60190
3,3007755,60510
3,3007769,52220
3,3007772,59239
3,3007780,54410
3,3007785,27330
3,3007794,56600
3,3007803,29840
3,3007804,35360
3,3007806,29710
3,3007807,29510
3,3007808,68440
3,3007809,73210
3,3007816,10110
3,3007818,29510
3,3007819,62610
3,3007820,62250
3,3007825,54970
3,3007830,59550
3,3007833,17290
3,3007835,02140
3,3007837,43340
3,3007838,31800
3,3007841,53190
3,3007842,29400
3,3007844,61100
3,3007845,33720
3,3007854,85220
3,3007858,56690
3,3007861,41190
3,3007869,17380
3,3007873,85150
3,3007874,29800
3,3007878,49270
3,3007880,14380
3,3007881,28190
3,3007882,29530
3,3007883,22400
3,3007885,29870
3,3007889,35133
3,3007902,56690
3,3007903,59310
3,3007909,01200
3,3007912,13680
3,3007919,22770
3,3007921,69220
3,3007926,80230
3,3007950,38140
3,3007951,69870
3,3007957,38350
3,3007959,74560
3,3007963,69350
3,3007969,67250
3,3007970,67450
3,3007971,29830
3,3007972,29810
3,3007973,29400
3,3007998,73290
3,3007999,38770
3,3008000,71160
3,3008010,04250
3,3008013,26240
3,3008014,38770
3,3008020,41600
3,3008024,22600
3,3008037,83920
3,3008040,79800
3,3008041,24230
3,3008050,82130
3,3008052,85150
3,3008057,40250
3,3008057,43100
3,3008074,60260
3,3008080,24680
3,3008081,24520
3,3008083,63570
3,3008096,44620
3,3008096,70310
3,3008107,63650
3,3008116,83310
3,3008120,72320
3,3008133,72650
3,3008140,35520
3,3008141,87800
3,3008157,85140
3,3008166,49250
3,3008176,49770
3,3008177,37390
3,3008185,44520
3,3008186,85700
3,3008189,49770
3,3008192,22440
3,3008193,50880
3,3008198,59552
3,3008199,62120
3,3008208,13410
3,3008218,59130
3,3008225,22400
3,3008227,57410
3,3008237,57140
3,3008249,07270
3,3008255,31600
3,3008256,29800
3,3008273,65380
3,3008274,33460
3,3008300,21760
3,3008303,88320
3,3008304,58400
3,3008308,13113
3,3008316,50750
3,3008321,34240
3,3008353,76940
3,3008362,82360
3,3008366,31340
3,3008367,46090
3,3008377,27320
3,3008379,59110
3,3008391,58260
3,3008397,40465
3,3008400,50320
3,3008409,39380
3,3008415,07520
3,3008418,28240
3,3008421,12740
3,3008423,65310
3,3008426,59570
3,3008432,83250
3,3008457,35320
3,3008463,59167
3,3008466,34210
3,3008469,24150
3,3008470,44310
3,3008483,07380
3,3008502,46230
3,3008511,26740
3,3008532,61100
3,3008535,60590
3,3008539,33240
3,3008571,49120
3,3008576,49510
3,3008583,87340
3,3008599,85110
3,3008607,17220
3,3008611,17220
3,3008623,71190
3,3008627,71870
3,3008628,01290
3,3008630,71240
3,3008635,73800
3,3008636,12310
3,3008639,85400
3,3008651,78440
3,3008662,45740
3,3008665,35890
3,3008680,60290
3,3008682,21330
3,3008683,35133
3,3008684,72220
3,3008685,53200
3,3008687,08800
3,3008701,60390
3,3008703,88430
3,3008705,77610
3,3008710,64150
3,3008719,64990
3,3008720,14700
3,3008753,50320
3,3008754,27400
3,3008758,50250
3,3008759,37160
3,3008782,61700
3,3008809,44690
3,3008820,85600
3,3008822,47180
3,3008825,12210
3,3008838,72380
3,3008841,71220
3,3008851,27160
3,3008854,85680
3,3008857,35130
3,3008860,82250
3,3008861,19150
3,3008880,17620
3,3008884,44170
3,3008893,42460
3,3008909,53410
3,3008914,81150
3,3008916,19700
3,3008923,11220
3,3008958,08700
3,3008962,71990
3,3008977,77130
3,3008981,34280
3,3009015,42320
3,3009025,63230
3,3009038,35350
3,3009047,64800
3,3009050,59253
3,3009052,17140
3,3009054,33230
3,3009056,07150
3,3009057,64150
3,3009069,60330
3,3009071,77400
3,3009073,01150
3,3009078,84800
3,3009083,40090
3,3009086,50470
3,3009101,73590
3,3009120,87400
3,3009123,77690
3,3009125,17360
3,3009125,85190
3,3009150,06610
3,3009153,85130
3,3009163,47190
3,3009163,81090
3,3009168,85710
3,3009169,92250
3,3009188,31870
3,3009193,83680
3,3009194,19150
3,3009196,26700
3,3009223,04120
3,3009223,38520
3,3009223,83130
3,3009239,56200
3,3009256,95530
3,3009258,38260
3,3009258,71440
3,3009264,72600
3,3009266,35111
3,3009287,08000
3,3009289,82130
3,3009293,79360
3,3009296,47240
3,3009313,42480
3,3009315,12270
3,3009341,88530
3,3009348,79380
3,3009352,29940
3,3009390,29800
3,3009395,11270
3,3009395,24130
3,3009397,35560
3,3009397,41270
3,3009436,17630
3,3009438,85700
3,3009443,72200
3,3009445,02260
3,3009445,59570
3,3009447,31390
3,3009449,47320
3,3009467,50190
3,3009467,76220
3,3009469,29690
3,3009471,15130
3,3009472,24120
3,3009477,28340
3,3009481,77260
3,3009483,41220
3,3009484,45240
3,3009485,02460
3,3009486,61600
3,3009487,89110
3,3009488,41300
3,3009490,77320
3,3009491,61550
3,3009493,02270
3,3009494,72400
3,3009495,41210
3,3009496,91590
3,3009503,79390
3,3009506,61420
3,3009508,61450
3,3009516,22210
3,3009516,37110
3,3009516,38580
3,3009516,85280
3,3009523,58160
3,3009526,02800
3,3009534,16700
3,3009553,85460
3,3009566,83210
3,3009575,13580
3,3009581,78410
3,3009622,24330
3,3009638,45270
3,3009639,35390
3,3009652,87500
3,3009663,13112
3,3009683,49800
3,3009693,36400
3,3009699,81210
3,3009703,71700
3,3009706,24380
3,3009710,83420
3,3009713,55300
3,3009716,60610
3,3009717,27490
3,3009728,53380
3,3009729,56120
3,3009731,31120
3,3009732,37150
3,3009734,77370
3,3009747,47340
3,3009748,12600
3,3009751,88520
3,3009769,87130
3,3009791,83260
3,3009797,64170
3,3009804,27750
3,3009805,62136
3,3009805,85320
3,3009813,82290
3,3009815,23100
3,3009822,16400
3,3009824,93120
3,3009853,61220
3,3009871,26740
3,3009873,17670
3,3009879,38260
3,3009887,70200
3,3009905,49440
3,3009922,24450
3,3009927,85260
3,3009940,62150
3,3009952,38190
3,3009974,41160
3,3009974,50800
3,3009978,06480
3,3010000,25300
3,3010004,74220
3,3010008,17360
3,3010014,71800
3,3010025,13600
3,3010038,22210
3,3010040,44118
3,3010044,44810
3,3010059,60190
3,3010071,39150
3,3010090,80310
3,3010091,51240
3,3010092,41260
3,3010112,49600
3,3010152,36170
3,3010154,36400
3,3010161,85120
3,3010176,69480
3,3010181,72340
3,3010199,71100
3,3010201,58400
3,3010214,14290
3,3010222,41330
3,3010226,35590
3,3010233,49500
3,3010235,37140
3,3010237,44240
3,3010249,90300
3,3010252,07200
3,3010254,18570
3,3010257,44370
3,3010258,71310
3,3010260,72160
3,3010262,60730
3,3010265,45380
3,3010268,41500
3,3010271,10600
3,3010273,79430
3,3010278,49410
3,3010281,72650
3,3010284,49120
3,3010285,27950
3,3010288,77370
3,3010293,85670
3,3010297,22160
3,3010297,56500
3,3010300,86210
3,3010304,61400
3,3010312,44260
3,3010315,77760
3,3010316,35133
3,3010318,72310
3,3010321,44330
3,3010322,85220
3,3010327,24350
3,3010329,44670
3,3010332,27270
3,3010332,77720
3,3010335,56200
3,3010342,26420
3,3010344,60520
3,3010346,50570
3,3010351,28200
3,3010357,49600
3,3010363,72400
3,3010366,38150
3,3010367,17100
3,3010368,44410
3,3010369,35520
3,3010371,38110
3,3010372,71570
3,3010382,35630
3,3010384,35330
3,3010385,37240
3,3010396,44450
3,3010398,46200
3,3010400,60650
3,3010402,37130
3,3010408,88240
3,3010410,61100
3,3010413,53950
3,3010414,85150
3,3010448,03380
3,3010458,57730
3,3010460,73130
3,3010483,85310
3,3010484,85220
3,3010485,43160
3,3010515,76430
3,3010518,69640
3,3010523,77515
3,3010524,58440
3,3010528,89116
3,3010529,78170
3,3010530,37160
3,3010531,78720
3,3010534,23800
3,3010541,03600
3,3010541,18200
3,3010541,63620
3,3010541,83170
3,3010558,12230
3,3010566,81230
3,3010605,46120
3,3010607,62360
3,3010609,02260
3,3010619,48500
3,3010622,21230
3,3010626,33680
3,3010631,14230
3,3010633,62170
3,3010634,30190
3,3010660,66210
3,3010672,45230
3,3010672,86310
3,3010684,38530
3,3010685,38500
3,3010693,79240
3,3010694,54800
3,3010696,21250
3,3010696,60140
3,3010717,53410
3,3010720,81290
3,3010726,85530
3,3010734,17160
3,3010750,77940
3,3010778,67130
3,3010778,67570
3,3010782,40420
3,3010787,04700
3,3010789,06430
3,3010791,73520
3,3010815,88250
3,3010826,17840
3,3010851,02140
3,3010854,35120
3,3010855,62113
3,3010863,88470
3,3010882,63150
3,3010902,22240
3,3010903,76530
3,3010905,13720
3,3010908,40210
3,3010911,35340
3,3010975,27190
3,3010985,60570
3,3010988,78125
3,3010989,85430
3,3010990,85600
3,3011008,01120
3,3011010,49800
3,3011021,07230
3,3011031,73410
3,3011045,62122
3,3011051,81300
3,3011090,44760
3,3011108,25160
3,3011110,21820
3,3011123,40530
3,3011150,26160
3,3011152,07200
3,3011154,31670
3,3011171,95690
3,3011185,53440
3,3011187,50520
3,3011187,72650
3,3011188,28330
3,3011192,35190
3,3011196,26790
3,3011209,09700
3,3011209,40300
3,3011209,64460
3,3011217,26160
3,3011218,05230
3,3011220,38110
3,3011221,38490
3,3011234,73540
3,3011243,84120
3,3011245,31600
3,3011246,09600
3,3011249,31620
3,3011250,82370
3,3011251,81500
3,3011252,81270
3,3011256,46240
3,3011258,46090
3,3011264,82100
3,3011268,84240
3,3011270,09240
3,3011275,81150
3,3011280,40240
3,3011281,11320
3,3011288,31450
3,3011307,59480
3,3011312,31860
3,3011313,31800
3,3011314,31800
3,3011315,65250
3,3011330,27330
3,3011331,50810
3,3011332,85550
3,3011353,68910
3,3011361,33460
3,3011367,13330
3,3011384,38390
3,3011386,74330
3,3011396,88460
3,3011402,53240
3,3011415,67250
3,3011416,67520
3,3011417,67240
3,3011418,57970
3,3011419,68320
3,3011421,68820
3,3011423,67170
3,3011425,67880
3,3011429,67120
3,3011431,67230
3,3011435,68510
3,3011437,57970
3,3011440,57240
3,3011453,67520
3,3011454,68290
3,3011455,67600
3,3011456,68260
3,3011457,67350
3,3011458,67840
3,3011460,59122
3,3011463,68240
3,3011464,67270
3,3011467,67260
3,3011506,56700
3,3011539,67230
3,3011563,29860
3,3011618,29260
3,3011624,29260
3,3011675,22450
3,3011686,29890
3,3011707,29100
3,3011787,22110
3,3011789,56300
3,3011819,29270
3,3011833,56920
3,3011834,22500
3,3011920,57460
3,3011964,68680
3,3011968,57920
3,3011969,68240
3,3011971,68230
3,3011973,68510
3,3011974,57330
3,3011976,67240
3,3011977,57412
3,3011978,78820
3,3011988,91260
3,3011996,61140
3,3011997,50520
3,3012000,51150
3,3012001,74100
3,3012003,53380
3,3012004,34990
3,3012007,49330
3,3012014,77650
3,3012019,18140
3,3012022,02480
3,3012022,57130
3,3012022,89290
3,3012026,70500
3,3012032,15250
3,3012036,57245
3,3012038,14260
3,3012041,16250
3,3012049,64110
3,3012053,72500
3,3012055,08310
3,3012057,68500
3,3012061,30250
3,3012062,24630
3,3012066,76480
3,3012073,27220
3,3012077,63570
3,3012078,78580
3,3012085,50610
3,3012085,50740
3,3012091,69840
3,3012094,01640
3,3012099,21140
3,3012099,77230
3,3012109,65290
3,3012112,16130
3,3012113,19350
3,3012113,32230
3,3012113,33890
3,3012119,72300
3,3012120,49610
3,3012129,22270
3,3012131,19500
3,3012137,53160
3,3012141,14250
3,3012144,63350
3,3012148,07260
3,3012155,77320
3,3012156,27120
3,3012157,60240
3,3012159,78200
3,3012161,45370
3,3012162,95280
3,3012163,77970
3,3012165,78350
3,3012167,57130
3,3012170,28300
3,3012170,89150
3,3012174,89440
3,3012180,69170
3,3012196,87800
3,3012200,13490
3,3012211,25370
3,3012216,18320
3,3012217,44440
3,3012219,37300
3,3012222,72540
3,3012227,54490
3,3012234,78760
3,3012236,77640
3,3012247,77600
3,3012248,56120
3,3012249,40230
3,3012250,41370
3,3012262,42660
3,3012263,74520
3,3012266,17500
3,3012274,69330
3,3012275,30300
3,3012276,60680
3,3012277,84150
3,3012282,84450
3,3012295,51140
3,3012297,52000
3,3012298,90100
3,3012303,69330
3,3012308,54300
3,3012309,59530
3,3012313,94340
3,3012315,52300
3,3012317,08700
3,3012319,89300
3,3012322,54240
3,3012329,63990
3,3012336,54700
3,3012339,88000
3,3012346,59460
3,3012355,68130
3,3012361,59144
3,3012364,32360
3,3012365,68320
3,3012374,88700
3,3012379,54114
3,3012385,86600
3,3012387,01340
3,3012391,16100
3,3012396,24300
3,3012397,87520
3,3012399,35133
3,3012404,60880
3,3012406,04850
3,3012417,86130
3,3012423,60350
3,3012428,02850
3,3012430,16560
3,3012431,07380
3,3012438,64480
3,3012441,01250
3,3012444,01480
3,3012447,49140
3,3012449,54140
3,3012453,18260
3,3012460,53250
3,3012465,38560
3,3012467,54800
3,3012471,69640
3,3012474,23140
3,3012475,17520
3,3012477,16200
3,3012483,45150
3,3012484,85520
3,3012485,86800
3,3012487,38200
3,3012492,38270
3,3012495,35150
3,3012497,51390
3,3012497,91640
3,3012499,91510
3,3012500,60150
3,3012502,28310
3,3012506,44170
3,3012508,38280
3,3012526,78440
3,3012531,51150
3,3012545,28200
3,3012549,49510
3,3012550,03220
3,3012565,26300
3,3012576,34830
3,3012577,73000
3,3012587,77450
3,3012593,33450
3,3012599,21110
3,3012600,21110
3,3012603,38160
3,3012604,01580
3,3012608,62690
3,3012609,62490
3,3012611,38140
3,3012620,59141
3,3012621,94200
3,3012622,60173
3,3012623,27540
3,3012626,18380
3,3012633,77165
3,3012636,64250
3,3012638,91760
3,3012640,67117
3,3012643,86240
3,3012644,02240
3,3012647,13118
3,3012647,13800
3,3012648,71760
3,3012649,92130
3,3012652,21120
3,3012655,36100
3,3012656,78440
3,3012664,63500
3,3012666,24560
3,3012669,03120
3,3012671,68500
3,3012676,44520
3,3012676,51150
3,3012688,62360
3,3012689,64220
3,3012691,48320
3,3012697,06420
3,3012698,76230
3,3012700,51110
3,3012702,77450
3,3012703,77440
3,3012704,33640
3,3012706,10800
3,3012709,87170
3,3012712,14230
3,3012713,50540
3,3012718,52140
3,3012721,45620
3,3012725,62330
3,3012732,29460
3,3012738,35850
3,3012741,64780
3,3012742,69540
3,3012753,57990
3,3012770,57670
3,3012773,67880
3,3012777,67340
3,3012778,56240
3,3012780,45140
3,3012782,37140
3,3012783,36300
3,3012783,49123
3,3012783,86220
3,3012790,68040
3,3012812,62860
3,3012813,59540
3,3012814,76117
3,3012821,58160
3,3012822,57400
3,3012829,68110
3,3012834,67400
3,3012836,22230
3,3012837,59480
3,3012843,01140
3,3012844,68970
3,3012845,68720
3,3012846,27290
3,3012848,66130
3,3012851,33720
3,3012854,57970
3,3012860,29980
3,3012884,71340
3,3012885,27460
3,3012886,71540
3,3012887,64800
3,3012889,70700
3,3012889,91430
3,3012894,54450
3,3012894,88150
3,3012901,61130
3,3012902,71960
3,3012903,14123
3,3012905,35750
3,3012912,64320
3,3012921,65420
3,3012930,88500
3,3012937,83400
3,3012949,67230
3,3012953,54590
3,3012954,68470
3,3012961,71870
3,3012962,03380
3,3012970,80140
3,3012976,57480
3,3012979,68330
3,3012983,57990
3,3012984,68150
3,3012988,52200
3,3012998,52290
3,3013001,62410
3,3013006,45130
3,3013007,41350
3,3013011,37420
3,3013022,38750
3,3013025,27930
3,3013026,29690
3,3013028,50510
3,3013029,62650
3,3013032,80132
3,3013044,59492
3,3013045,28130
3,3013052,59470
3,3013053,25300
3,3013058,68125
3,3013060,76690
3,3013069,33990
3,3013080,76770
3,3013082,59116
3,3013083,59263
3,3013089,62910
3,3013091,14510
3,3013096,27120
3,3013097,78800
3,3013107,47420
3,3013115,54180
3,3013119,60710
3,3013120,78550
3,3013121,59570
3,3013122,62150
3,3013123,62620
3,3013127,57720
3,3013132,26730
3,3013134,33125
3,3013146,52600
3,3013148,40700
3,3013151,80640
3,3013152,59171
3,3013153,65310
3,3013154,59111
3,3013155,68180
3,3013166,40190
3,3013168,59266
3,3013169,59980
3,3013170,59570
3,3013171,27310
3,3013173,14600
3,3013174,59122
3,3013175,27400
3,3013177,59190
3,3013178,60250
3,3013181,11200
3,3013181,32120
3,3013184,37340
3,3013193,57405
3,3013195,54310
3,3013196,57470
3,3013197,57920
3,3013199,68490
3,3013200,02720
3,3013201,80400
3,3013204,57510
3,3013205,68320
3,3013206,67810
3,3013207,59143
3,3013208,02760
3,3013219,67310
3,3013225,67720
3,3013226,67800
3,3013248,68720
3,3013249,67270
3,3013255,68740
3,3013257,68118
3,3013258,02500
3,3013259,68560
3,3013263,35120
3,3013267,67150
3,3013268,40180
3,3013273,62232
3,3013275,67150
3,3013281,57510
3,3013282,67600
3,3013283,22120
3,3013285,57400
3,3013293,17320
3,3013294,16290
3,3013297,38118
3,3013305,38540
3,3013321,62575
3,3013323,27700
3,3013323,76280
3,3013331,50200
3,3013333,76720
3,3013334,40180
3,3013336,27400
3,3013339,80122
3,3013340,27860
3,3013342,27400
3,3013342,27600
3,3013344,62134
3,3013350,57330
3,3013355,67390
3,3013358,57400
3,3013361,68220
3,3013365,62140
3,3013366,62360
3,3013367,62196
3,3013370,59470
3,3013372,74540
3,3013373,58800
3,3013373,89550
3,3013380,62530
3,3013381,54440
3,3013385,18140
3,3013386,68420
3,3013387,67850
3,3013402,14850
3,3013403,14200
3,3013404,95300
3,3013410,51220
3,3013411,14100
3,3013415,73300
3,3013416,62147
3,3013424,60370
3,3013431,77114
3,3013433,14880
3,3013437,40990
3,3013442,59134
3,3013445,03190
3,3013446,80260
3,3013447,59195
3,3013448,25310
3,3013450,54300
3,3013452,77850
3,3013454,76560
3,3013456,62130
3,3013456,70400
3,3013457,44810
3,3013459,59199
3,3013462,34600
3,3013469,60112
3,3013473,67230
3,3013478,67260
3,3013484,44410
3,3013486,38320
3,3013496,41190
3,3013504,29670
3,3013507,57450
3,3013508,57820
3,3013510,18250
3,3013512,76840
3,3013513,60119
3,3013514,22150
3,3013516,27700
3,3013521,56700
3,3013525,62110
3,3013534,64700
3,3013535,22400
3,3013536,22550
3,3013538,22600
3,3013540,59247
3,3013549,59510
3,3013552,61250
3,3013556,57660
3,3013568,68510
3,3013569,62570
3,3013570,64640
3,3013571,59171
3,3013575,68600
3,3013577,57320
3,3013578,68990
3,3013579,68560
3,3013584,60250
3,3013585,54180
3,3013586,67140
3,3013588,67190
3,3013589,68720
3,3013592,68220
3,3013596,35630
3,3013605,65250
3,3013609,50180
3,3013611,27150
3,3013611,80680
3,3013619,59190
3,3013621,59268
3,3013626,08170
3,3013627,57700
3,3013635,59660
3,3013637,59255
3,3013641,33550
3,3013641,64470
3,3013644,27350
3,3013648,51160
3,3013673,76550
3,3013674,76190
3,3013681,59330
3,3013685,40280
3,3013701,57970
3,3013703,50590
3,3013704,74150
3,3013705,01110
3,3013706,21121
3,3013741,69610
3,3013742,26390
3,3013748,03270
3,3013759,73620
3,3013766,44115
3,3013769,24390
3,3013781,47340
3,3013787,01250
3,3013830,59294
3,3013845,59121
3,3013851,60510
3,3013854,55100
3,3013855,54860
3,3013855,60112
3,3013855,62156
3,3013855,76440
3,3013861,57280
3,3013862,59320
3,3013864,68420
3,3013868,67330
3,3013870,76640
3,3013872,67690
3,3013873,54800
3,3013875,59198
3,3013877,64240
3,3013878,59178
3,3013885,57870
3,3013887,68500
3,3013893,67260
3,3013907,88270
3,3013908,62440
3,3013911,02100
3,3013916,08170
3,3013916,59138
3,3013917,02420
3,3013917,80500
3,3013921,57550
3,3013922,76700
3,3013926,78250
3,3013932,60120
3,3013934,50690
3,3013935,62132
3,3013948,27800
3,3013955,80131
3,3013961,08450
3,3013962,54110
3,3013964,02600
3,3013969,60650
3,3013971,29460
3,3013976,59496
3,3013981,55210
3,3013992,80310
3,3013993,80134
3,3013994,67980
3,3014001,28130
3,3014006,57880
3,3014014,62340
3,3014015,62190
3,3014019,59151
3,3014023,50450
3,3014025,53160
3,3014026,57910
3,3014029,80400
3,3014031,64480
3,3014034,59250
3,3014039,60210
3,3014039,62760
3,3014044,62570
3,3014049,59320
3,3014050,80490
3,3014060,62138
3,3014061,55000
3,3014067,62940
3,3014078,67500
3,3014080,57300
3,3014084,40700
3,3014088,68220
3,3014089,68210
3,3014094,67700
3,3014096,88220
3,3014103,68440
3,3014112,74420
3,3014113,74420
3,3014114,40290
3,3014116,62123
3,3014121,45220
3,3014123,10250
3,3014124,41230
3,3014128,70700
3,3014141,25390
3,3014143,78280
3,3014152,64400
3,3014155,89250
3,3014163,67360
3,3014164,68140
3,3014166,68250
3,3014167,67110
3,3014173,67110
3,3014175,33470
3,3014181,22350
3,3014185,33230
3,3014186,78440
3,3014192,29880
3,3014195,02120
3,3014196,56560
3,3014197,60640
3,3014208,35480
3,3014209,29290
3,3014212,35440
3,3014213,29490
3,3014221,22200
3,3014224,62340
3,3014233,16300
3,3014236,29400
3,3014238,29620
3,3014239,29730
3,3014244,36150
3,3014244,45600
3,3014255,56490
3,3014258,05600
3,3014261,91690
3,3014268,06470
3,3014274,33420
3,3014274,56800
3,3014277,07500
3,3014280,29820
3,3014282,50160
3,3014289,02190
3,3014290,91590
3,3014292,77390
3,3014294,35580
3,3014304,29410
3,3014305,35580
3,3014306,64520
3,3014310,27930
3,3014313,91630
3,3014327,68116
3,3014330,51390
3,3014333,76730
3,3014334,71130
3,3014340,64210
3,3014344,57380
3,3014346,59287
3,3014351,76340
3,3014351,78930
3,3014353,57880
3,3014362,78520
3,3014365,56310
3,3014367,77600
3,3014369,29650
3,3014377,58130
3,3014383,23000
3,3014384,01090
3,3014386,89113
3,3014391,77580
3,3014392,44350
3,3014393,56380
3,3014397,57470
3,3014398,44530
3,3014402,56150
3,3014403,29180
3,3014407,57310
3,3014410,62370
3,3014412,56160
3,3014413,44290
3,3014415,68970
3,3014418,56920
3,3014420,56420
3,3014421,56120
3,3014430,72230
3,3014433,68500
3,3014439,68420
3,3014450,62330
3,3014454,28260
3,3014464,68320
3,3014466,59152
3,3014467,71760
3,3014469,57510
3,3014477,11430
3,3014478,76690
3,3014479,02680
3,3014481,74540
3,3014484,85580
3,3014489,76810
3,3014490,76210
3,3014509,50340
3,3014512,57660
3,3014517,20128
3,3014517,20166
3,3014526,78490
3,3014527,57410
3,3014528,07120
3,3014532,90200
3,3014537,27170
3,3014540,95410
3,3014549,85440
3,3014560,57520
3,3014574,18800
3,3014574,89100
3,3014577,24250
3,3014579,56590
3,3014580,74570
3,3014581,01100
3,3014587,62600
3,3014600,77166
3,3014601,95810
3,3014606,02210
3,3014606,82170
3,3014608,21330
3,3014608,45210
3,3014634,83310
3,3014638,01220
3,3014640,84600
3,3014646,62140
3,3014646,69520
3,3014646,91350
3,3014655,21150
3,3014655,73200
3,3014656,24110
3,3014657,33690
3,3014661,26230
3,3014662,67370
3,3014663,67870
3,3014665,68140
3,3014667,67240
3,3014668,01290
3,3014669,02100
3,3014671,77880
3,3014672,49220
3,3014674,33420
3,3014676,69290
3,3014683,53290
3,3014686,17120
3,3014690,50440
3,3014697,77220
3,3014698,73460
3,3014699,73100
3,3014700,77410
3,3014701,67190
3,3014715,69610
3,3014716,31190
3,3014717,04800
3,3014721,68960
3,3014722,14540
3,3014728,38000
3,3014728,38100
3,3014736,45480
3,3014738,67190
3,3014739,62160
3,3014740,38540
3,3014744,40270
3,3014745,31330
3,3014756,76370
3,3014767,13850
3,3014772,53440
3,3014779,70100
3,3014780,14470
3,3014784,70100
3,3014795,27930
3,3014803,13690
3,3014810,57130
3,3014816,59820
3,3014826,51190
3,3014828,81300
3,3014846,50200
3,3014848,31150
3,3014856,06130
3,3014856,06520
3,3014866,79360
3,3014867,50400
3,3014868,13450
3,3014878,88640
3,3014879,47260
3,3014883,25300
3,3014893,71390
3,3014915,26400
3,3014918,27240
3,3014918,60210
3,3014922,88600
3,3014928,90600
3,3014930,17370
3,3015000,69870
3,3015006,48600
3,3015023,08250
3,3015119,30660
3,3015123,60680
3,3015125,35390
3,3015126,59153
3,3015132,25320
3,3015132,67130
3,3015160,59760
3,3015267,76530
3,3015292,25200
3,3015305,56390
3,3015317,14450
3,3015319,27270
3,3015319,76170
3,3015326,24350
3,3015368,88350
3,3015381,42140
3,3015384,84240
3,3015386,46500
3,3015391,34260
3,3015397,14210
3,3015398,76450
3,3015399,14190
3,3015400,27380
3,3015403,62147
3,3015405,76430
3,3015410,50620
3,3015412,31380
3,3015419,33170
3,3015422,22200
3,3015423,18310
3,3015424,34790
3,3015427,31120
3,3015431,67210
3,3015434,35580
3,3015436,23230
3,3015438,59231
3,3015442,62112
3,3015443,62870
3,3015450,02420
3,3015451,76520
3,3015453,25520
3,3015457,14680
3,3015458,50200
3,3015458,50560
3,3015459,27240
3,3015460,60270
3,3015463,77400
3,3015484,78930
3,3015490,95190
3,3015491,28410
3,3015497,16170
3,3015507,93460
3,3015508,60190
3,3015509,76220
3,3015516,79110
3,3015520,29710
3,3015522,56110
3,3015529,79200
3,3015542,71300
3,3015546,46300
3,3015549,31210
3,3015561,14210
3,3015561,27170
3,3015561,76570
3,3015561,78770
3,3015571,84220
3,3015596,29190
3,3015598,86320
3,3015601,29850
3,3015602,29950
3,3015608,82400
3,3015614,22290
3,3015618,30630
3,3015625,22570
3,3015629,77114
3,3015633,64130
3,3015634,57930
3,3015635,35140
3,3015636,62199
3,3015639,57680
3,3015642,53120
3,3015643,01190
3,3015658,44190
3,3015658,50190
3,3015658,80370
3,3015661,84220
3,3015662,54730
3,3015664,06500
3,3015669,47400
3,3015675,14510
3,3015676,14600
3,3015677,76280
3,3015678,50330
3,3015681,62920
3,3015686,83590
3,3015689,95500
3,3015690,32330
3,3015697,45490
3,3015697,54840
3,3015697,60117
3,3015701,55130
3,3015704,16200
3,3015708,59147
3,3015711,38570
3,3015718,28310
3,3015718,28700
3,3015718,76430
3,3015723,59144
3,3015725,62111
3,3015725,78270
3,3015727,91940
3,3015728,91400
3,3015738,82400
3,3015741,88190
3,3015746,60000
3,3015755,59169
3,3015756,57620
3,3015757,64400
3,3015758,67360
3,3015764,59270
3,3015765,76110
3,3015785,07300
3,3015792,14100
3,3015793,61550
3,3015800,22110
3,3015804,80440
3,3015805,27190
3,3015817,23380
3,3015818,79330
3,3015821,56200
3,3015823,69400
3,3015852,87500
3,3015864,08200
3,3015866,63160
3,3015877,02350
3,3015885,51330
3,3015894,08130
3,3015894,71640
3,3015894,89200
3,3015900,85800
3,3015902,69700
3,3015903,08200
3,3015904,08600
3,3015907,27620
3,3015911,62580
3,3015920,89140
3,3015926,27140
3,3015937,81500
3,3015941,91720
3,3015952,33190
3,3015956,88170
3,3015958,90200
3,3015959,45120
3,3015959,89200
3,3015964,88150
3,3015975,60150
3,3015976,54780
3,3015984,88390
3,3015993,15130
3,3016007,24130
3,3016009,11120
3,3016018,83560
3,3016021,58470
3,3016023,32200
3,3016027,16130
3,3016028,19800
3,3016036,60129
3,3016037,71160
3,3016038,73200
3,3016039,21640
3,3016043,38260
3,3016048,25650
3,3016048,52500
3,3016049,28260
3,3016053,06830
3,3016060,84190
3,3016062,71240
3,3016070,13180
3,3016071,46600
3,3016073,34150
3,3016076,34770
3,3016078,91190
3,3016085,41130
3,3016086,50160
3,3016089,38610
3,3016097,45500
3,3016101,45520
3,3016110,71800
3,3016113,14730
3,3016120,63620
3,3016130,59122
3,3016130,59254
3,3016133,20240
3,3016140,26750
3,3016143,01170
3,3016144,39100
3,3016147,21220
3,3016149,39570
3,3016152,35850
3,3016158,67170
3,3016162,44190
3,3016164,53370
3,3016166,56530
3,3016167,49600
3,3016172,08700
3,3016173,72130
3,3016177,63360
3,3016191,67140
3,3016192,67150
3,3016211,79220
3,3016221,45110
3,3016223,51390
3,3016223,89600
3,3016224,58320
3,3016229,17520
3,3016239,02590
3,3016239,51160
3,3016247,71590
3,3016257,65200
3,3016264,54830
3,3016266,88430
3,3016274,88400
3,3016281,50850
3,3016282,64530
3,3016284,01460
3,3016285,01100
3,3016290,60400
3,3016292,94250
3,3016295,16130
3,3016297,16130
3,3016299,33890
3,3016299,65140
3,3016299,82120
3,3016306,18310
3,3016306,71460
3,3016311,86250
3,3016312,17430
3,3016313,23350
3,3016314,16270
3,3016319,30450
3,3016321,92230
3,3016322,14600
3,3016327,35370
3,3016328,53200
3,3016330,49350
3,3016331,25660
3,3016332,21110
3,3016333,26750
3,3016337,33420
3,3016338,24160
3,3016340,37460
3,3016347,95650
3,3016356,25870
3,3016369,30140
3,3016370,33920
3,3016371,30510
3,3016375,71420
3,3016376,59242
3,3016385,21140
3,3016385,69730
3,3016387,69740
3,3016390,95420
3,3016391,16170
3,3016392,17260
3,3016398,13420
3,3016399,21120
3,3016405,40090
3,3016406,64110
3,3016409,63740
3,3016419,10100
3,3016424,67118
3,3016440,17250
3,3016440,79330
3,3016442,40320
3,3016456,78125
3,3016466,51120
3,3016471,56680
3,3016474,50450
3,3016476,57570
3,3016486,27930
3,3016493,22150
3,3016496,33240
3,3016497,33710
3,3016508,30330
3,3016508,32220
3,3016508,47200
3,3016523,27930
3,3016524,02430
3,3016525,62130
3,3016534,06510
3,3016536,50760
3,3016551,28300
3,3016553,77370
3,3016561,83580
3,3016564,27620
3,3016568,28320
3,3016583,30190
3,3016595,30128
3,3016604,01140
3,3016606,28500
3,3016607,03230
3,3016609,64330
3,3016612,29610
3,3016613,64130
3,3016618,31380
3,3016621,95140
3,3016622,78440
3,3016624,84400
3,3016625,31620
3,3016627,82100
3,3016635,83136
3,3016637,27780
3,3016641,27220
3,3016645,31290
3,3016648,24680
3,3016667,13120
3,3016674,58600
3,3016675,92380
3,3016677,14540
3,3016686,16410
3,3016690,78890
3,3016702,05000
3,3016711,03800
3,3016714,34190
3,3016716,57175
3,3016718,02810
3,3016725,09000
3,3016726,64290
3,3016730,67760
3,3016733,78950
3,3016735,40380
3,3016737,80220
3,3016745,78490
3,3016750,28320
3,3016764,33133
3,3016767,68990
3,3016783,34160
3,3016786,65330
3,3016793,09190
3,3016793,30730
3,3016800,76700
3,3016807,27600
3,3016808,78250
3,3016812,76870
3,3016817,74240
3,3016820,33340
3,3016822,31550
3,3016824,81600
3,3016828,35490
3,3016830,93220
3,3016832,30160
3,3016837,31150
3,3016847,35290
3,3016853,61230
3,3016864,34320
3,3016868,64160
3,3016871,40310
3,3016876,72610
3,3016878,13710
3,3016882,18110
3,3016890,20600
3,3016894,67117
3,3016903,47500
3,3016907,08170
3,3016918,77470
3,3016931,62310
3,3016940,31270
3,3016944,54390
3,3016945,70000
3,3016946,70200
3,3016947,44320
3,3016951,38290
3,3016953,31620
3,3016956,34110
3,3016957,73460
3,3016959,79270
3,3016961,71580
3,3016964,69620
3,3016966,33760
3,3016966,46160
3,3016969,31440
3,3016969,33126
3,3016973,52320
3,3016985,51210
3,3016985,53200
3,3016990,87250
3,3016991,59249
3,3016992,08600
3,3016993,21150
3,3016993,54160
3,3016996,60480
3,3017003,85300
3,3017012,70300
3,3017017,38190
3,3017018,67360
3,3017020,68720
3,3017021,60000
3,3017022,76400
3,3017024,80130
3,3017034,51300
3,3017036,67860
3,3017037,68580
3,3017038,02700
3,3017050,80460
3,3017059,57800
3,3017080,62270
3,3017100,59273
3,3017103,70130
3,3017104,62185
3,3017106,41160
3,3017121,62140
3,3017123,59268
3,3017124,88160
3,3017127,80390
3,3017128,23450
3,3017131,70270
3,3017137,59234
3,3017144,02230
3,3017146,60127
3,3017147,76660
3,3017149,60530
3,3017160,62150
3,3017162,14680
3,3017167,59970
3,3017173,55160
3,3017177,70130
3,3017178,94260
3,3017181,41700
3,3017182,76520
3,3017187,60240
3,3017189,72130
3,3017197,44580
3,3017208,95740
3,3017218,76410
3,3017219,78840
3,3017220,61800
3,3017226,62630
3,3017248,59236
3,3017249,68240
3,3017253,83370
3,3017253,83600
3,3017254,81570
3,3017255,81990
3,3017256,57320
3,3017259,49440
3,3017286,28160
3,3017295,57200
3,3017306,25560
3,3017320,01480
3,3017330,25770
3,3017331,80210
3,3017333,71330
3,3017334,74270
3,3017336,37150
3,3017338,28700
3,3017341,54830
3,3017341,95130
3,3017345,79260
3,3017349,73800
3,3017354,60190
3,3017354,80690
3,3017356,27160
3,3017363,69340
3,3017365,08140
3,3017369,01090
3,3017375,47600
3,3017388,57670
3,3017398,25140
3,3017400,88230
3,3017410,24130
3,3017410,42490
3,3017416,39700
3,3017422,70400
3,3017423,71530
3,3017451,16200
3,3017453,90150
3,3017456,85240
3,3017469,33390
3,3017469,58250
3,3017473,31450
3,3017474,78112
3,3017475,47200
3,3017477,30300
3,3017478,66300
3,3017483,63980
3,3017485,60130
3,3017491,59134
3,3017493,30210
3,3017504,42470
3,3017505,73500
3,3017512,59610
3,3017513,27500
3,3017518,27630
3,3017537,58600
3,3017546,17450
3,3017555,38080
3,3017556,62740
3,3017557,62232
3,3017562,62232
3,3017564,16410
3,3017576,47510
3,3017579,52000
3,3017579,52800
3,3017581,77390
3,3017601,53190
3,3017602,36230
3,3017602,70220
3,3017605,41120
3,3017609,35300
3,3017614,49150
3,3017616,85480
3,3017620,09300
3,3017622,54570
3,3017624,29170
3,3017628,67220
3,3017637,25620
3,3017637,39100
3,3017647,76340
3,3017651,13270
3,3017652,02650
3,3017657,60540
3,3017660,95470
3,3017663,24210
3,3017672,08240
3,3017672,41330
3,3017672,66220
3,3017682,68320
3,3017686,59430
3,3017687,80120
3,3017702,67580
3,3017704,79230
3,3017717,60220
3,3017727,76440
3,3017728,91470
3,3017742,17290
3,3017742,19380
3,3017742,49700
3,3017742,61250
3,3017742,77130
3,3017766,59510
3,3017770,59222
3,3017796,53260
3,3017798,04300
3,3017799,83136
3,3017805,57600
3,3017816,13990
3,3017819,10190
3,3017824,66120
3,3017829,57650
3,3017850,49590
3,3017856,33190
3,3017857,34320
3,3017864,88240
3,3017866,02290
3,3017866,89520
3,3017879,31470
3,3017882,79110
3,3017902,77610
3,3017906,45210
3,3017907,28630
3,3017910,94120
3,3017911,78440
3,3017915,91540
3,3017916,91640
3,3017917,14250
3,3017918,14320
3,3017919,78330
3,3017921,85200
3,3017922,95190
3,3017924,92260
3,3017926,27510
3,3017926,36150
3,3017926,50140
3,3017926,71120
3,3017926,76290
3,3017926,88600
3,3017936,77370
3,3017938,89560
3,3017945,11700
3,3017945,17100
3,3017946,73300
3,3017967,43100
3,3017971,38120
3,3017979,30250
3,3017979,34270
3,3017979,42140
3,3017979,46230
3,3017979,48300
3,3017994,69270
3,3017996,69270
3,3018001,27120
3,3018003,28240
3,3018004,41250
3,3018011,71150
3,3018012,85200
3,3018018,02110
3,3018018,59400
3,3018026,02140
3,3018028,70800
3,3018030,10280
3,3018032,21121
3,3018040,77590
3,3018042,76740
3,3018043,86240
3,3018044,76690
3,3018050,76290
3,3018052,28190
3,3018053,89100
3,3018056,27490
3,3018057,14610
3,3018058,49250
3,3018060,21610
3,3018061,77480
3,3018062,14790
3,3018066,84800
3,3018074,77300
3,3018076,27600
3,3018077,59157
3,3018078,59550
3,3018089,90150
3,3018095,38600
3,3018097,25660
3,3018103,31470
3,3018104,02110
3,3018116,47260
3,3018124,37230
3,3018134,39460
3,3018142,31140
3,3018145,57730
3,3018148,50320
3,3018152,87250
3,3018154,78520
3,3018155,57600
3,3018165,68220
3,3018166,02670
3,3018174,09000
3,3018178,01340
3,3018189,18500
3,3018202,73590
3,3018206,59219
3,3018210,31130
3,3018214,50690
3,3018219,62550
3,3018227,81150
3,3018231,34510
3,3018235,57190
3,3018238,48400
3,3018246,17120
3,3018246,33270
3,3018246,46600
3,3018247,08200
3,3018248,89360
3,3018251,08160
3,3018252,80420
3,3018255,78410
3,3018257,59148
3,3018258,59158
3,3018267,78910
3,3018268,57365
3,3018270,54710
3,3018275,14123
3,3018277,27380
3,3018279,91700
3,3018280,45400
3,3018282,89113
3,3018284,51480
3,3018285,71340
3,3018287,77930
3,3018292,57420
3,3018293,50800
3,3018296,11560
3,3018298,60700
3,3018300,35133
3,3018303,69250
3,3018306,69820
3,3018308,21410
3,3018317,61200
3,3018317,86340
3,3018318,62840
3,3018323,32500
3,3018330,59270
3,3018331,57690
3,3018332,80260
3,3018336,59128
3,3018339,61100
3,3018339,62270
3,3018339,80360
3,3018340,36700
3,3018346,21140
3,3018346,72500
3,3018354,16730
3,3018355,83780
3,3018358,68720
3,3018361,02520
3,3018362,12450
3,3018364,54630
3,3018371,87230
3,3018373,07000
3,3018374,60590
3,3018377,33350
3,3018378,46090
3,3018389,83340
3,3018392,25390
3,3018409,50340
3,3018409,76970
3,3018417,70000
3,3018417,71250
3,3018417,77940
3,3018421,12300
3,3018424,21640
3,3018441,21220
3,3018448,60600
3,3018449,11510
3,3018450,38490
3,3018453,51170
3,3018455,42700
3,3018456,12300
3,3018459,27210
3,3018474,82700
3,3018481,57320
3,3018489,74250
3,3018490,62770
3,3018492,72210
3,3018506,46100
3,3018513,83830
3,3018523,80750
3,3018525,62132
3,3018532,62173
3,3018542,81500
3,3018544,69320
3,3018545,87220
3,3018552,57420
3,3018555,57280
3,3018560,42110
3,3018561,80210
3,3018562,60960
3,3018585,47230
3,3018586,62223
3,3018587,78810
3,3018590,74500
3,3018591,62149
3,3018594,02840
3,3018598,74890
3,3018601,68740
3,3018605,25490
3,3018607,14140
3,3018619,37600
3,3018620,03250
3,3018621,09000
3,3018632,27190
3,3018633,77164
3,3018650,59680
3,3018659,68480
3,3018671,11200
3,3018672,62250
3,3018675,77150
3,3018676,45150
3,3018679,01210
3,3018684,50840
3,3018688,59169
3,3018689,77133
3,3018690,62260
3,3018692,56130
3,3018693,02130
3,3018694,51230
3,3018697,88360
3,3018699,72430
3,3018700,44660
3,3018713,31150
3,3018713,66220
3,3018730,49460
3,3018733,57930
3,3018737,21600
3,3018739,59179
3,3018747,23500
3,3018748,68470
3,3018749,59740
3,3018755,07340
3,3018755,43160
3,3018760,68540
3,3018768,73260
3,3018772,35440
3,3018774,41120
3,3018774,61400
3,3018776,01570
3,3018778,59750
3,3018780,74160
3,3018781,44460
3,3018782,67640
3,3018793,59247
3,3018794,76400
3,3018795,62960
3,3018824,52500
3,3018828,02100
3,3018828,12360
3,3018835,83440
3,3018837,79350
3,3018859,44130
3,3018860,46100
3,3018861,45450
3,3018880,77220
3,3018882,54115
3,3018886,41400
3,3018900,70160
3,3018902,38110
3,3018903,74210
3,3018906,49380
3,3018928,76640
3,3018931,21110
3,3018940,62560
3,3018942,59310
3,3018944,54760
3,3018946,57380
3,3018949,47400
3,3018950,47400
3,3018973,70310
3,3018997,27210
3,3018998,72470
3,3019001,57450
3,3019008,42320
3,3019016,33370
3,3019025,71150
3,3019026,18800
3,3019029,01550
3,3019040,77515
3,3019042,01480
3,3019044,57450
3,3019051,62580
3,3019054,01800
3,3019055,38260
3,3019063,11270
3,3019073,62118
3,3019077,57290
3,3019080,59300
3,3019088,85670
3,3019095,06950
3,3019110,57550
3,3019113,08400
3,3019113,14700
3,3019125,55000
3,3019132,57640
3,3019139,51510
3,3019153,59155
3,3019157,11200
3,3019160,34690
3,3019170,27530
3,3019174,06360
3,3019175,95460
3,3019176,38780
3,3019177,24800
3,3019182,64400
3,3019193,33320
3,3019198,19800
3,3019202,33390
3,3019203,13630
3,3019209,87120
3,3019211,26730
3,3019212,24500
3,3019215,24330
3,3019216,87220
3,3019218,19340
3,3019219,13430
3,3019229,13810
3,3019233,09200
3,3019235,19140
3,3019238,38320
3,3019244,79800
3,3019247,79400
3,3019248,25400
3,3019249,16150
3,3019253,24160
3,3019254,74140
3,3019256,89140
3,3019256,91000
3,3019259,53600
3,3019265,27000
3,3019267,14210
3,3019271,22630
3,3019275,74570
3,3019276,62141
3,3019280,74500
3,3019281,69210
3,3019285,77157
3,3019286,02190
3,3019293,83330
3,3019297,78740
3,3019299,23110
3,3019302,39700
3,3019308,55200
3,3019313,52410
3,3019314,26400
3,3019320,54690
3,3019324,40320
3,3019329,76260
3,3019330,57460
3,3019331,70150
3,3019335,25460
3,3019338,57412
3,3019339,67350
3,3019342,03140
3,3019349,49330
3,3019351,01340
3,3019352,27350
3,3019354,02510
3,3019355,76790
3,3019360,02400
3,3019360,77139
3,3019363,27150
3,3019364,74100
3,3019367,35370
3,3019369,02590
3,3019372,18800
3,3019372,51130
3,3019372,91580
3,3019375,36120
3,3019376,02580
3,3019382,60600
3,3019385,25260
3,3019391,26800
3,3019401,72700
3,3019402,88480
3,3019406,91450
3,3019409,89510
3,3019414,14930
3,3019418,74150
3,3019423,56410
3,3019431,02110
3,3019433,74800
3,3019434,33820
3,3019436,17750
3,3019436,21121
3,3019441,62630
3,3019443,71190
3,3019458,02400
3,3019459,91150
3,3019468,25580
3,3019469,89480
3,3019471,76430
3,3019474,55400
3,3019475,76850
3,3019478,16150
3,3019480,22680
3,3019481,07300
3,3019485,37320
3,3019495,59990
3,3019500,60190
3,3019503,80200
3,3019505,02420
3,3019505,59151
3,3019509,62145
3,3019515,38780
3,3019516,45300
3,3019517,76750
3,3019528,03190
3,3019529,42380
3,3019532,10190
3,3019536,47310
3,3019538,40290
3,3019545,62880
3,3019549,51310
3,3019569,32240
3,3019572,31800
3,3019578,59940
3,3019580,12190
3,3019580,65400
3,3019584,66310
3,3019595,10360
3,3019601,02400
3,3019604,02690
3,3019607,54270
3,3019614,73540
3,3019617,42600
3,3019621,90850
3,3019623,88130
3,3019624,35150
3,3019625,16500
3,3019626,61500
3,3019631,62400
3,3019634,64400
3,3019638,29770
3,3019640,62380
3,3019641,59553
3,3019642,60120
3,3019643,59470
3,3019644,02170
3,3019647,14210
3,3019648,70110
3,3019649,34290
3,3019650,64420
3,3019666,03110
3,3019667,05190
3,3019679,33420
3,3019690,64130
3,3019693,46090
3,3019695,11260
3,3019698,26780
3,3019699,64250
3,3019716,43000
3,3019717,12500
3,3019731,59127
3,3019733,17137
3,3019736,80400
3,3019737,77940
3,3019740,76710
3,3019745,03110
3,3019752,45300
3,3019754,14850
3,3019755,63300
3,3019759,81290
3,3019763,40210
3,3019766,44500
3,3019778,32200
3,3019785,89290
3,3019796,51260
3,3019810,60110
3,3019811,57330
3,3019812,68440
3,3019814,67320
3,3019816,67360
3,3019817,67114
3,3019820,59278
3,3019825,59161
3,3019827,59124
3,3019829,82700
3,3019830,47350
3,3019839,46230
3,3019839,89240
3,3019843,31750
3,3019854,77450
3,3019855,21170
3,3019858,10130
3,3019865,67150
3,3019866,54680
3,3019870,59171
3,3019871,66800
3,3019875,22430
3,3019877,59193
3,3019880,60600
3,3019885,26600
3,3019887,67330
3,3019888,67120
3,3019890,57510
3,3019895,53500
3,3019897,95120
3,3019906,60950
3,3019920,29500
3,3019924,67120
3,3019927,22250
3,3019930,56410
3,3019931,60530
3,3019936,59169
3,3019937,80400
3,3019940,35340
3,3019941,35620
3,3019942,09140
3,3019943,35500
3,3019944,44110
3,3019951,60590
3,3019952,95610
3,3019957,62224
3,3019958,39300
3,3019960,50120
3,3019962,14600
3,3019966,41360
3,3019969,14610
3,3019973,76400
3,3019975,76430
3,3019976,57720
3,3019977,80400
3,3019981,76133
3,3019985,78680
3,3019987,21460
3,3019994,77250
3,3020000,62860
3,3020002,26210
3,3020004,35120
3,3020009,89700
3,3020011,89400
3,3020020,93800
3,3020021,91360
3,3020022,14310
3,3020024,91860
3,3020035,88000
3,3020036,71360
3,3020042,73220
3,3020043,45130
3,3020046,02400
3,3020046,27730
3,3020046,49260
3,3020048,95810
3,3020051,67680
3,3020053,71380
3,3020057,28230
3,3020062,51200
3,3020065,62910
3,3020067,42110
3,3020077,80740
3,3020083,02400
3,3020087,17120
3,3020090,79270
3,3020094,27260
3,3020097,02290
3,3020097,21380
3,3020097,74330
3,3020098,80580
3,3020108,76630
3,3020109,66760
3,3020113,63530
3,3020116,67960
3,3020119,04320
3,3020123,73670
3,3020124,74130
3,3020131,38380
3,3020133,84340
3,3020134,83570
3,3020135,12140
3,3020138,57330
3,3020139,53260
3,3020141,58410
3,3020142,84320
3,3020145,38740
3,3020145,63720
3,3020149,13820
3,3020152,68190
3,3020158,62145
3,3020164,63720
3,3020165,59710
3,3020166,59320
3,3020168,57365
3,3020169,95300
3,3020180,59320
3,3020184,59530
3,3020188,95880
3,3020209,32600
3,3020221,57415
3,3020222,04400
3,3020231,07270
3,3020236,59320
3,3020245,59580
3,3020247,77184
3,3020251,05200
3,3020252,80570
3,3020263,27190
3,3020263,76570
3,3020265,78125
3,3020267,27930
3,3020268,25170
3,3020269,57970
3,3020271,56250
3,3020274,67390
3,3020275,88510
3,3020277,01200
3,3020278,90300
3,3020280,62380
3,3020281,66200
3,3020283,29370
3,3020291,60157
3,3020293,59127
3,3020300,62300
3,3020301,76540
3,3020307,76500
3,3020310,78990
3,3020314,54370
3,3020323,36270
3,3020324,68420
3,3020330,13510
3,3020334,89500
3,3020335,77620
3,3020346,91520
3,3020348,63160
3,3020352,63850
3,3020358,19300
3,3020367,63260
3,3020369,59114
3,3020374,29510
3,3020390,16220
3,3020392,69130
3,3020396,71210
3,3020397,62170
3,3020401,71350
3,3020401,77250
3,3020405,36240
3,3020411,54200
3,3020412,28320
3,3020425,76110
3,3020426,78920
3,3020429,62129
3,3020432,17770
3,3020433,55600
3,3020437,62860
3,3020438,27440
3,3020439,49000
3,3020440,95440
3,3020441,61150
3,3020452,27630
3,3020462,72220
3,3020468,25480
3,3020477,38300
3,3020482,07370
3,3020488,67550
3,3020489,67201
3,3020493,77830
3,3020495,38130
3,3020497,79410
3,3020500,17620
3,3020510,70000
3,3020511,21170
3,3020512,01170
3,3020528,61370
3,3020536,91540
3,3020548,69700
3,3020558,27490
3,3020561,76190
3,3020565,59176
3,3020569,03450
3,3020574,57320
3,3020575,67600
3,3020576,67600
3,3020580,59173
3,3020584,32800
3,3020593,31600
3,3020601,95600
3,3020614,67120
3,3020617,02480
3,3020617,62156
3,3020617,80480
3,3020620,63830
3,3020621,49430
3,3020623,68320
3,3020624,67360
3,3020627,67270
3,3020630,68480
3,3020631,68480
3,3020635,30170
3,3020637,82390
3,3020643,12170
3,3020648,03310
3,3020659,11360
3,3020663,46700
3,3020664,47120
3,3020670,32810
3,3020671,67120
3,3020675,67270
3,3020676,55110
3,3020678,18130
3,3020681,23800
3,3020686,59140
3,3020686,59240
3,3020686,59279
3,3020686,59430
3,3020686,59640
3,3020688,43220
3,3020691,25550
3,3020694,82340
3,3020696,72160
3,3020700,09600
3,3020705,62161
3,3020706,74410
3,3020708,40800
3,3020710,55100
3,3020712,93440
3,3020716,69850
3,3020720,76480
3,3020722,50220
3,3020730,45370
3,3020734,37190
3,3020736,67410
3,3020737,73420
3,3020740,67320
3,3020744,01160
3,3020747,12000
3,3020747,12510
3,3020749,27230
3,3020750,80132
3,3020770,28230
3,3020771,41270
3,3020792,62320
3,3020792,78440
3,3020807,18200
3,3020810,28100
3,3020813,80470
3,3020825,31280
3,3020828,44530
3,3020832,91210
3,3020834,06340
3,3020839,93700
3,3020847,49530
3,3020848,74550
3,3020850,83300
3,3020851,50530
3,3020853,71400
3,3020855,71640
3,3020861,37800
3,3020862,69220
3,3020865,14430
3,3020867,03170
3,3020871,08140
3,3020874,24190
3,3020875,11700
3,3020886,62138
3,3020887,14440
3,3020888,01500
3,3020894,74140
3,3020898,86140
3,3020900,74210
3,3020909,87230
3,3020916,81110
3,3020917,62119
3,3020925,91410
3,3020926,35450
3,3020933,88220
3,3020944,80600
3,3020953,52270
3,3020962,46140
3,3020964,49700
3,3020968,77510
3,3020971,76560
3,3020980,59282
3,3020983,02590
3,3020983,45220
3,3020991,25300
3,3020996,29100
3,3021000,59500
3,3021004,67330
3,3021013,01590
3,3021026,58390
3,3021027,58530
3,3021032,77130
3,3021034,51700
3,3021035,67120
3,3021045,45680
3,3021049,63300
3,3021050,90400
3,3021058,58220
3,3021061,26290
3,3021062,19270
3,3021065,33410
3,3021065,82340
3,3021067,50350
3,3021074,33860
3,3021075,31450
3,3021077,45450
3,3021080,77520
3,3021082,28200
3,3021093,44480
3,3021097,54800
3,3021100,08350
3,3021105,59272
3,3021115,02310
3,3021124,85170
3,3021125,01240
3,3021128,17139
3,3021130,59440
3,3021133,03290
3,3021137,71520
3,3021141,35210
3,3021149,88270
3,3021150,95330
3,3021156,24250
3,3021157,55240
3,3021164,54200
3,3021165,88200
3,3021166,71480
3,3021176,25300
3,3021177,69380
3,3021178,54130
3,3021181,08160
3,3021185,50420
3,3021190,54119
3,3021191,72240
3,3021193,60420
3,3021193,61700
3,3021204,73330
3,3021205,30350
3,3021209,03410
3,3021210,38420
3,3021219,39210
3,3021221,54110
3,3021226,30390
3,3021227,89150
3,3021230,80620
3,3021231,38300
3,3021233,74700
3,3021235,35680
3,3021240,35113
3,3021243,37310
3,3021244,17550
3,3021247,38110
3,3021250,47110
3,3021254,72390
3,3021263,39100
3,3021264,35120
3,3021271,42740
3,3021272,85200
3,3021273,38730
3,3021277,80200
3,3021281,62380
3,3021283,88000
3,3021288,88460
3,3021291,40700
3,3021292,02340
3,3021293,51530
3,3021294,38460
3,3021295,89500
3,3021296,01220
3,3021298,62460
3,3021301,14160
3,3021312,26400
3,3021314,57925
3,3021315,49400
3,3021316,72800
3,3021318,72500
3,3021319,86130
3,3021328,29460
3,3021330,16410
3,3021333,03290
3,3021333,36260
3,3021335,36130
3,3021336,30190
3,3021342,67190
3,3021345,74230
3,3021347,67370
3,3021348,35440
3,3021349,29150
3,3021351,35800
3,3021356,22100
3,3021372,21000
3,3021376,50110
3,3021377,71160
3,3021378,28250
3,3021382,04000
3,3021383,16410
3,3021387,89240
3,3021391,62460
3,3021392,57260
3,3021393,82170
3,3021394,54380
3,3021397,26220
3,3021398,55320
3,3021402,68440
3,3021403,57890
3,3021406,37150
3,3021411,76200
3,3021411,76370
3,3021413,10500
3,3021419,38790
3,3021420,67430
3,3021429,67220
3,3021431,67230
3,3021432,57980
3,3021435,26150
3,3021437,68350
3,3021458,41220
3,3021472,88000
3,3021475,31450
3,3021484,76250
3,3021486,08800
3,3021493,25870
3,3021513,59890
3,3021516,95170
3,3021518,67490
3,3021524,62240
3,3021532,68600
3,3021538,74270
3,3021542,53190
3,3021543,03630
3,3021548,25750
3,3021550,07570
3,3021552,44590
3,3021570,36130
3,3021579,28700
3,3021580,90160
3,3021591,69640
3,3021592,64230
3,3021601,49190
3,3021603,81120
3,3021605,59220
3,3021609,14840
3,3021611,71150
3,3021617,55130
3,3021622,25960
3,3021626,57590
3,3021629,90100
3,3021630,60240
3,3021631,62129
3,3021644,72550
3,3021646,46340
3,3021661,58300
3,3021662,69150
3,3021663,59187
3,3021664,12300
3,3021667,30360
3,3021668,14800
3,3021670,40100
3,3021676,07430
3,3021679,71960
3,3021680,63200
3,3021682,31700
3,3021687,04300
3,3021688,49640
3,3021689,09350
3,3021691,67350
3,3021705,25230
3,3021706,45150
3,3021708,77140
3,3021713,88390
3,3021716,88260
3,3021717,76160
3,3021725,80570
3,3021729,69570
3,3021745,80800
3,3021747,29460
3,3021750,41160
3,3021757,62187
3,3021758,91490
3,3021760,25410
3,3021762,25310
3,3021762,68210
3,3021762,78550
3,3021765,57370
3,3021767,90400
3,3021768,02800
3,3021770,50750
3,3021771,27720
3,3021772,67310
3,3021774,72260
3,3021777,28160
3,3021778,86220
3,3021793,85420
3,3021794,55150
3,3021795,27240
3,3021803,25450
3,3021805,19360
3,3021806,77400
3,3021809,70180
3,3021812,70230
3,3021813,25420
3,3021816,28350
3,3021822,25490
3,3021829,45570
3,3021835,78720
3,3021839,10240
3,3021839,14350
3,3021839,39700
3,3021839,52360
3,3021841,39500
3,3021844,77163
3,3021847,78111
3,3021848,77230
3,3021851,45230
3,3021852,77190
3,3021854,28360
3,3021859,61250
3,3021860,81220
3,3021861,56750
3,3021866,51480
3,3021866,80700
3,3021867,71620
3,3021872,54360
3,3021885,25600
3,3021888,67650
3,3021889,67110
3,3021890,47160
3,3021896,09120
3,3021902,63111
3,3021907,57550
3,3021909,21121
3,3021911,62000
3,3021920,67310
3,3021927,01120
3,3021928,24250
3,3021930,45300
3,3021931,67120
3,3021933,57850
3,3021935,59830
3,3021941,47500
3,3021943,36190
3,3021945,01300
3,3021945,42330
3,3021952,60310
3,3021952,89140
3,3021954,11390
3,3021955,57420
3,3021957,60490
3,3021965,14840
3,3021965,27700
3,3021965,76280
3,3021969,74350
3,3021972,60400
3,3021973,02600
3,3021973,54720
3,3021976,20167
3,3021978,74540
3,3021980,54670
3,3021993,03300
3,3021995,37240
3,3021999,15430
3,3021999,87150
3,3022002,33460
3,3022003,43370
3,3022014,81250
3,3022022,01310
3,3022035,73190
3,3022036,71400
3,3022037,59990
3,3022063,81470
3,3022071,63590
3,3022079,81990
3,3022085,51480
3,3022093,01350
3,3022096,52600
3,3022099,38300
3,3022100,63350
3,3022107,18270
3,3022121,71290
3,3022123,60350
3,3022124,71480
3,3022132,42460
3,3022133,59553
3,3022134,62149
3,3022136,53540
3,3022138,60850
3,3022146,02480
3,3022151,31270
3,3022152,13780
3,3022153,85610
3,3022154,18150
3,3022155,02880
3,3022158,83390
3,3022163,33430
3,3022164,84160
3,3022167,62780
3,3022177,33240
3,3022187,69550
3,3022192,19520
3,3022193,24640
3,3022206,34310
3,3022207,01290
3,3022212,30360
3,3022215,54680
3,3022217,74350
3,3022223,61300
3,3022225,04230
3,3022226,56420
3,3022227,51170
3,3022229,73800
3,3022238,07350
3,3022242,29160
3,3022255,23160
3,3022263,37220
3,3022267,77840
3,3022268,41220
3,3022269,60530
3,3022271,02880
3,3022277,86240
3,3022282,01290
3,3022282,01750
3,3022285,27530
3,3022286,39300
3,3022287,37380
3,3022294,27110
3,3022300,44160
3,3022301,91560
3,3022302,72200
3,3022325,71140
3,3022331,38920
3,3022340,76190
3,3022361,17220
3,3022376,59170
3,3022376,90100
3,3022380,78290
3,3022382,77183
3,3022385,54300
3,3022386,14220
3,3022386,28210
3,3022386,61230
3,3022386,62128
3,3022404,23260
3,3022406,59380
3,3022425,16300
3,3022432,39100
3,3022433,71530
3,3022434,72140
3,3022438,60400
3,3022440,77390
3,3022443,76760
3,3022445,76280
3,3022447,27340
3,3022452,21800
3,3022461,76910
3,3022472,02650
3,3022473,18300
3,3022480,24100
3,3022480,46600
3,3022482,38510
3,3022491,35320
3,3022493,54110
3,3022498,60360
3,3022500,14340
3,3022502,63350
3,3022509,03300
3,3022510,03300
3,3022513,57150
3,3022523,14480
3,3022530,94000
3,3022540,26400
3,3022549,14440
3,3022550,46600
3,3022552,23140
3,3022553,03240
3,3022559,12800
3,3022559,59154
3,3022559,81350
3,3022562,78121
3,3022568,62310
3,3022569,60800
3,3022570,02870
3,3022570,62310
3,3022573,26350
3,3022585,33670
3,3022588,10150
3,3022600,38460
3,3022603,42260
3,3022606,62240
3,3022608,12100
3,3022609,34370
3,3022610,60100
3,3022611,22130
3,3022612,57690
3,3022613,77124
3,3022619,56580
3,3022620,02270
3,3022622,80150
3,3022633,71680
3,3022641,50710
3,3022653,72200
3,3022661,37500
3,3022662,45190
3,3022663,89460
3,3022664,17260
3,3022665,90300
3,3022674,01340
3,3022679,43500
3,3022683,69290
3,3022690,53400
3,3022690,86110
3,3022692,74380
3,3022694,12110
3,3022700,74960
3,3022702,39570
3,3022703,10100
3,3022705,09120
3,3022707,60660
3,3022710,17170
3,3022711,51530
3,3022717,42210
3,3022726,56950
3,3022733,17120
3,3022739,60580
3,3022740,62560
3,3022745,69270
3,3022751,87270
3,3022752,24150
3,3022766,24220
3,3022768,07000
3,3022768,17130
3,3022769,51300
3,3022770,02270
3,3022774,50690
3,3022786,24320
3,3022786,33580
3,3022786,49320
3,3022786,82210
3,3022799,33230
3,3022800,42460
3,3022804,59310
3,3022807,70400
3,3022808,77580
3,3022811,21560
3,3022812,61410
3,3022826,50200
3,3022837,88630
3,3022842,86270
3,3022846,87500
3,3022850,59149
3,3022856,39190
3,3022859,69690
3,3022862,28190
3,3022868,77181
3,3022872,14290
3,3022873,14100
3,3022875,77390
3,3022876,61390
3,3022877,89100
3,3022882,51460
3,3022891,72300
3,3022897,84350
3,3022901,60300
3,3022911,45320
3,3022913,38510
3,3022922,27130
3,3022936,28290
3,3022940,91680
3,3022941,89560
3,3022942,14380
3,3022943,18320
3,3022947,14470
3,3022948,62240
3,3022953,24520
3,3022956,11110
3,3022959,24430
3,3022964,69470
3,3022969,62710
3,3022977,63120
3,3022981,77540
3,3022986,34660
3,3022987,34660
3,3022988,63800
3,3022989,56200
3,3022991,34220
3,3022997,11300
3,3023007,02200
3,3023010,89140
3,3023014,79440
3,3023015,39570
3,3023016,39570
3,3023036,72260
3,3023037,38122
3,3023044,95800
3,3023047,27320
3,3023048,72150
3,3023051,14170
3,3023051,50200
3,3023051,51220
3,3023055,17100
3,3023056,91080
3,3023058,17170
3,3023061,53700
3,3023063,41700
3,3023065,73120
3,3023066,59552
3,3023078,72110
3,3023085,27940
3,3023086,57530
3,3023095,25420
3,3023097,62970
3,3023098,60240
3,3023107,57530
3,3023129,37310
3,3023133,39570
3,3023133,41500
3,3023138,16200
3,3023141,92400
3,3023142,53230
3,3023151,27300
3,3023175,77700
3,3023183,12550
3,3023189,62310
3,3023205,57220
3,3023208,50670
3,3023223,79160
3,3023230,72800
3,3023238,79510
3,3023240,77120
3,3023248,77840
3,3023249,14480
3,3023249,28210
3,3023252,72130
3,3023252,86600
3,3023253,60350
3,3023254,62137
3,3023257,45130
3,3023260,45720
3,3023271,03320
3,3023278,24420
3,3023279,72550
3,3023280,89480
3,3023281,58660
3,3023282,89580
3,3023290,03000
3,3023291,72190
3,3023294,11190
3,3023296,77860
3,3023301,86700
3,3023309,81800
3,3023313,11250
3,3023314,41110
3,3023315,44521
3,3023322,37330
3,3023324,44220
3,3023328,60150
3,3023332,72440
3,3023342,27150
3,3023342,45330
3,3023342,53200
3,3023344,13111
3,3023349,50290
3,3023350,63114
3,3023356,59210
3,3023357,59380
3,3023360,41700
3,3023362,02840
3,3023363,02380
3,3023367,07470
3,3023370,21160
3,3023371,71490
3,3023375,93470
3,3023379,43700
3,3023381,38500
3,3023384,52500
3,3023384,71170
3,3023387,12190
3,3023389,77170
3,3023406,80440
3,3023408,42360
3,3023410,83570
3,3023411,20138
3,3023450,43490
3,3023458,67310
3,3023466,53230
3,3023470,58300
3,3023473,50330
3,3023476,58200
3,3023477,54400
3,3023478,03430
3,3023484,19360
3,3023492,49140
3,3023498,01250
3,3023506,20250
3,3023511,22130
3,3023512,44560
3,3023528,31450
3,3023534,19800
3,3023536,83570
3,3023540,70500
3,3023543,45120
3,3023545,35150
3,3023550,21190
3,3023551,85320
3,3023557,49690
3,3023560,57680
3,3023573,88310
3,3023576,13250
3,3023580,30630
3,3023582,35500
3,3023584,24750
3,3023587,19150
3,3023589,74800
3,3023590,27500
3,3023599,66550
3,3023600,66200
3,3023602,34490
3,3023606,31700
3,3023611,49630
3,3023617,07130
3,3023623,01560
3,3023627,01290
3,3023628,51350
3,3023631,51220
3,3023636,72400
3,3023637,37320
3,3023638,17600
3,3023641,41120
3,3023642,41170
3,3023643,14123
3,3023644,95830
3,3023645,95240
3,3023647,27260
3,3023647,60120
3,3023649,17600
3,3023655,01110
3,3023661,22320
3,3023665,21700
3,3023671,63730
3,3023672,38700
3,3023682,74700
3,3023695,81170
3,3023697,44360
3,3023699,42123
3,3023706,30260
3,3023709,88430
3,3023712,21160
3,3023713,21910
3,3023716,69220
3,3023725,91410
3,3023728,01420
3,3023735,58800
3,3023736,04220
3,3023742,80800
3,3023753,66130
3,3023754,66130
3,3023755,02820
3,3023756,70320
3,3023759,38630
3,3023762,45490
3,3023763,91100
3,3023767,62112
3,3023771,69960
3,3023772,82370
3,3023773,20220
3,3023773,20256
3,3023777,29370
3,3023787,62231
3,3023789,14130
3,3023791,74350
3,3023804,80160
3,3023806,55800
3,3023808,88140
3,3023812,18130
3,3023812,41700
3,3023828,03500
3,3023829,49330
3,3023837,14540
3,3023837,27210
3,3023837,60360
3,3023837,76390
3,3023837,80370
3,3023839,53100
3,3023842,06390
3,3023842,62990
3,3023850,74130
3,3023861,54870
3,3023873,11600
3,3023874,44290
3,3023880,72160
3,3023883,30330
3,3023884,51230
3,3023890,39570
3,3023891,72240
3,3023899,11200
3,3023907,53800
3,3023908,77440
3,3023911,30111
3,3023912,01310
3,3023915,29790
3,3023916,01200
3,3023919,16500
3,3023921,51260
3,3023923,72120
3,3023924,78700
3,3023925,54800
3,3023928,70800
3,3023937,69420
3,3023938,02700
3,3023943,32100
3,3023945,47500
3,3023946,62360
3,3023947,50420
3,3023947,50890
3,3023948,78113
3,3023951,61250
3,3023953,14110
3,3023954,51150
3,3023955,59163
3,3023958,61110
3,3023960,77450
3,3023963,16360
3,3023964,36100
3,3023964,57220
3,3023968,01400
3,3023969,80890
3,3023970,02330
3,3023972,95450
3,3023977,87920
3,3023978,24570
3,3023980,19140
3,3023984,15190
3,3023984,46110
3,3024002,36300
3,3024003,49700
3,3024011,56430
3,3024022,60490
3,3024023,62180
3,3024026,27190
3,3024028,77600
3,3024035,29900
3,3024038,20135
3,3024057,26220
3,3024057,30300
3,3024057,33710
3,3024058,87140
3,3024066,60200
3,3024067,12520
3,3024068,51510
3,3024070,77290
3,3024074,69360
3,3024086,55200
3,3024087,53470
3,3024088,85220
3,3024090,03600
3,3024093,39140
3,3024094,42120
3,3024095,38260
3,3024101,29450
3,3024102,59560
3,3024107,77380
3,3024111,63460
3,3024112,29120
3,3024126,49520
3,3024131,79140
3,3024137,35270
3,3024139,27170
3,3024142,74920
3,3024147,35330
3,3024148,55000
3,3024149,80360
3,3024152,21700
3,3024189,70120
3,3024195,77340
3,3024200,34980
3,3024206,28300
3,3024208,88490
3,3024210,56390
3,3024223,31770
3,3024231,12240
3,3024233,53120
3,3024236,86490
3,3024239,34440
3,3024240,07410
3,3024241,07270
3,3024243,25260
3,3024262,52330
3,3024264,54170
3,3024266,92700
3,3024267,14460
3,3024273,38690
3,3024276,06670
3,3024280,32430
3,3024297,68000
3,3024299,29530
3,3024302,74160
3,3024303,21110
3,3024306,01550
3,3024313,83610
3,3024314,66190
3,3024315,22330
3,3024320,30210
3,3024322,14880
3,3024323,76400
3,3024326,59680
3,3024327,89100
3,3024328,77090
3,3024351,01270
3,3024354,62142
3,3024358,47450
3,3024381,73800
3,3024384,69590
3,3024390,57420
3,3024393,36130
3,3024396,02210
3,3024396,57530
3,3024404,33210
3,3024406,78310
3,3024419,43100
3,3024421,83310
3,3024423,18130
3,3024423,69640
3,3024425,38470
3,3024426,73160
3,3024435,03110
3,3024438,87310
3,3024440,16100
3,3024443,35460
3,3024444,20118
3,3024444,20160
3,3024447,85220
3,3024456,22400
3,3024459,35134
3,3024462,30200
3,3024463,30920
3,3024468,47250
3,3024479,57800
3,3024480,77440
3,3024486,59830
3,3024506,29870
3,3024525,64800
3,3024526,06390
3,3024529,22970
3,3024531,79190
3,3024532,74300
3,3024534,71250
3,3024538,36340
3,3024539,23270
3,3024543,28220
3,3024552,57185
3,3024569,38550
3,3024572,29950
3,3024573,29360
3,3024578,44190
3,3024584,26270
3,3024585,36700
3,3024586,17240
3,3024588,14320
3,3024592,67510
3,3024596,93390
3,3024597,92110
3,3024601,28300
3,3024610,62380
3,3024612,79350
3,3024613,71260
3,3024614,51260
3,3024615,80200
3,3024616,45370
3,3024624,25340
3,3024633,31810
3,3024635,63000
3,3024635,63100
3,3024636,55120
3,3024639,47130
3,3024641,72200
3,3024643,60600
3,3024646,40180
3,3024651,26260
3,3024655,10390
3,3024659,76690
3,3024660,37340
3,3024666,17270
3,3024668,26450
3,3024669,76410
3,3024671,21490
3,3024672,18410
3,3024681,56480
3,3024682,56620
3,3024685,49150
3,3024691,29233
3,3024692,29270
3,3024693,29770
3,3024695,14570
3,3024701,77410
3,3024702,35590
3,3024705,27180
3,3024707,83830
3,3024714,26240
3,3024715,17220
3,3024722,69870
3,3024737,02440
3,3024740,59225
3,3024745,05110
3,3024745,34270
3,3024746,30870
3,3024756,31210
3,3024756,65190
3,3024759,34830
3,3024771,06420
3,3024771,70000
3,3024782,02880
3,3024782,58500
3,3024783,92140
3,3024787,16440
3,3024788,38640
3,3024796,39130
3,3024801,60280
3,3024803,62500
3,3024805,02260
3,3024816,47320
3,3024817,66530
3,3024830,01250
3,3024830,39300
3,3024840,01390
3,3024843,37150
3,3024845,18290
3,3024846,86400
3,3024851,33920
3,3024854,42110
3,3024855,86320
3,3024858,77730
3,3024862,70300
3,3024865,58640
3,3024886,86170
3,3024890,02220
3,3024891,71420
3,3024893,36300
3,3024899,54480
3,3024906,60660
3,3024911,17290
3,3024926,35310
3,3024932,31550
3,3024934,60940
3,3024937,37130
3,3024962,87520
3,3024963,65200
3,3024966,27930
3,3024967,31440
3,3024979,64500
3,3024991,38200
3,3024992,42410
3,3024993,30200
3,3024996,28190
3,3025000,45220
3,3025004,38460
3,3025006,41150
3,3025007,37140
3,3025018,86110
3,3025020,51530
3,3025024,41170
3,3025033,05230
3,3025034,21200
3,3025039,08600
3,3025045,07210
3,3025046,43500
3,3025053,49300
3,3025055,94600
3,3025057,77320
3,3025058,60750
3,3025059,74330
3,3025062,39100
3,3025065,78460
3,3025071,62920
3,3025075,79170
3,3025076,02000
3,3025077,02880
3,3025088,41120
3,3025093,37150
3,3025094,41400
3,3025098,60138
3,3025108,38850
3,3025110,86190
3,3025118,16150
3,3025119,48100
3,3025132,37500
3,3025136,73310
3,3025141,38490
3,3025144,91380
3,3025149,08260
3,3025149,74270
3,3025149,80170
3,3025152,45170
3,3025160,51500
3,3025162,73800
3,3025177,02400
3,3025196,14370
3,3025197,79350
3,3025204,02570
3,3025236,52400
3,3025252,18160
3,3025253,38550
3,3025267,79120
3,3025270,77173
3,3025274,01170
3,3025274,50420
3,3025275,77320
3,3025278,01190
3,3025284,60710
3,3025285,42140
3,3025286,38160
3,3025294,78460
3,3025298,90340
3,3025310,49150
3,3025312,60150
3,3025313,69210
3,3025314,94550
3,3025315,45520
3,3025316,45700
3,3025318,52170
3,3025318,89120
3,3025324,21800
3,3025344,41700
3,3025345,74500
3,3025346,58160
3,3025356,21220
3,3025356,45210
3,3025356,89240
3,3025356,91750
3,3025365,17210
3,3025375,84460
3,3025379,35250
3,3025382,03230
3,3025383,14210
3,3025396,10130
3,3025397,77700
3,3025398,69380
3,3025410,02000
3,3025418,79410
3,3025420,16370
3,3025422,86170
3,3025423,24390
3,3025428,35120
3,3025429,72400
3,3025430,49330
3,3025430,72400
3,3025432,89690
3,3025439,17460
3,3025444,28500
3,3025444,62128
3,3025458,59152
3,3025466,50100
3,3025466,50110
3,3025466,50120
3,3025466,50130
3,3025466,50460
3,3025466,50470
3,3025472,64130
3,3025478,17610
3,3025482,51240
3,3025482,80210
3,3025484,91630
3,3025489,17210
3,3025491,89400
3,3025493,74140
3,3025496,21300
3,3025504,77160
3,3025509,94430
3,3025519,88460
3,3025524,23220
3,3025524,51510
3,3025525,54720
3,3025535,54122
3,3025545,23130
3,3025551,49350
3,3025560,25440
3,3025561,70400
3,3025574,51140
3,3025574,72610
3,3025574,79120
3,3025582,17120
3,3025583,59147
3,3025587,72210
3,3025589,57420
3,3025590,51250
3,3025595,89250
3,3025598,03210
3,3025598,70360
3,3025601,37370
3,3025602,49120
3,3025607,41700
3,3025609,44680
3,3025611,49320
3,3025612,53200
3,3025614,25320
3,3025622,60350
3,3025622,77500
3,3025624,38730
3,3025627,44640
3,3025635,37190
3,3025641,85390
3,3025642,49125
3,3025643,50480
3,3025646,79110
3,3025650,45430
3,3025657,01150
3,3025658,01300
3,3025663,49500
3,3025668,42140
3,3025673,15500
3,3025673,16380
3,3025673,39160
3,3025673,43300
3,3025681,49420
3,3025715,92370
3,3025719,02880
3,3025719,54230
3,3025720,02000
3,3025724,01660
3,3025732,78450
3,3025734,88150
3,3025736,37120
3,3025741,38230
3,3025745,74650
3,3025746,01250
3,3025747,01190
3,3025758,10330
3,3025760,42410
3,3025771,85390
3,3025772,85250
3,3025773,49380
3,3025774,35310
3,3025799,21700
3,3025799,90330
3,3025809,86300
3,3025810,35490
3,3025826,44320
3,3025832,45480
3,3025832,95710
3,3025834,80250
3,3025842,39120
3,3025850,69440
3,3025853,63117
3,3025854,79180
3,3025860,02300
3,3025862,86510
3,3025870,88390
3,3025873,58800
3,3025873,89500
3,3025875,41600
3,3025876,41150
3,3025881,60240
3,3025882,95270
3,3025891,89340
3,3025892,52000
3,3025910,77390
3,3025942,80320
3,3025944,58400
3,3025949,72550
3,3025955,77169
3,3025965,71170
3,3025972,49110
3,3025976,04330
3,3025976,28210
3,3025983,15110
3,3025984,54200
3,3025988,52600
3,3025988,71150
3,3025993,49290
3,3026002,77124
3,3026005,85140
3,3026007,25170
3,3026008,26300
3,3026013,38160
3,3026019,41320
3,3026020,53600
3,3026022,77610
3,3026023,10510
3,3026033,78400
3,3026039,38440
3,3026039,39240
3,3026044,79200
3,3026046,21400
3,3026051,51700
3,3026053,36700
3,3026054,53100
3,3026055,74300
3,3026056,41130
3,3026057,01400
3,3026062,26750
3,3026065,25870
3,3026067,01320
3,3026070,35210
3,3026071,28290
3,3026072,26410
3,3026073,58110
3,3026074,01200
3,3026075,69380
3,3026076,45230
3,3026083,92320
3,3026094,71880
3,3026095,71380
3,3026098,90700
3,3026099,88170
3,3026100,67730
3,3026107,77126
3,3026108,92290
3,3026123,23270
3,3026130,88330
3,3026131,57160
3,3026141,86100
3,3026145,63140
3,3026153,63290
3,3026154,03500
3,3026157,89660
3,3026160,22170
3,3026169,49520
3,3026172,17340
3,3026177,74390
3,3026183,52120
3,3026184,38300
3,3026185,05000
3,3026185,41110
3,3026185,83840
3,3026194,02400
3,3026196,27420
3,3026200,57170
3,3026204,36000
3,3026205,05380
3,3026208,37110
3,3026210,45220
3,3026211,13160
3,3026216,08360
3,3026217,87290
3,3026220,58350
3,3026221,49330
3,3026222,45110
3,3026223,18190
3,3026224,16120
3,3026227,13220
3,3026229,13790
3,3026230,87130
3,3026231,28170
3,3026232,26780
3,3026233,84230
3,3026234,29520
3,3026236,26300
3,3026237,35430
3,3026239,48170
3,3026241,26330
3,3026242,84470
3,3026243,06390
3,3026250,85710
3,3026253,73390
3,3026254,42800
3,3026256,06740
3,3026258,18370
3,3026262,29150
3,3026266,37330
3,3026267,86370
3,3026268,77570
3,3026271,85320
3,3026273,53200
3,3026275,35410
3,3026276,63119
3,3026277,86350
3,3026280,01500
3,3026281,04250
3,3026281,78117
3,3026285,28200
3,3026286,72500
3,3026288,26120
3,3026288,83300
3,3026291,85180
3,3026298,58120
3,3026299,87380
3,3026303,44110
3,3026306,07130
3,3026306,35220
3,3026310,16100
3,3026337,48000
3,3026343,19600
3,3026352,16200
3,3026359,71170
3,3026366,36400
3,3026366,43440
3,3026374,69680
3,3026375,07110
3,3026384,38670
3,3026390,16150
3,3026391,86360
3,3026393,36800
3,3026394,16260
3,3026398,03510
3,3026399,02370
3,3026400,38470
3,3026400,69380
3,3026416,39360
3,3026419,69700
3,3026436,43320
3,3026437,43700
3,3026438,35250
3,3026441,85400
3,3026447,74370
3,3026451,38230
3,3026464,77590
3,3026465,35131
3,3026467,28000
3,3026471,28130
3,3026472,45130
3,3026474,95750
3,3026478,03140
3,3026478,86250
3,3026480,17230
3,3026480,23700
3,3026484,58300
3,3026499,86170
3,3026500,25140
3,3026501,28500
3,3026502,26300
3,3026508,18290
3,3026512,26450
3,3026515,71120
3,3026520,77410
3,3026521,89120
3,3026523,01800
3,3026528,37290
3,3026532,38140
3,3026534,71850
3,3026538,25440
3,3026538,69380
3,3026541,07340
3,3026553,10150
3,3026574,07800
3,3026587,02800
3,3026588,88130
3,3026596,03110
3,3026603,02310
3,3026604,57640
3,3026606,18350
3,3026606,69390
3,3026610,42190
3,3026613,08000
3,3026615,27380
3,3026616,13350
3,3026627,70100
3,3026630,37530
3,3026637,94220
3,3026638,18210
3,3026641,37390
3,3026648,69220
3,3026650,63640
3,3026690,49320
3,3026691,89113
3,3026696,63340
3,3026697,63410
3,3026698,63410
3,3026700,69260
3,3026720,38850
3,3026728,38790
3,3026730,38490
3,3026741,87270
3,3026748,03390
3,3026748,08220
3,3026748,10260
3,3026748,63720
3,3026757,69630
3,3026758,69970
3,3026765,78130
3,3026766,74540
3,3026768,39140
3,3026773,86470
3,3026795,63230
3,3026797,38530
3,3026802,02340
3,3026804,10210
3,3026808,49750
3,3026816,61800
3,3026818,53300
3,3026822,88000
3,3026823,85110
3,3026827,60500
3,3026842,35135
3,3026844,72430
3,3026846,58240
3,3026853,26600
3,3026862,78570
3,3026863,49340
3,3026867,77600
3,3026870,35150
3,3026874,79320
3,3026887,03140
3,3026888,19330
3,3026890,54300
3,3026898,45400
3,3026906,01400
3,3026911,26600
3,3026912,63450
3,3026919,37330
3,3026925,17610
3,3026932,42310
3,3026932,51300
3,3026932,71120
3,3026934,77660
3,3026940,53810
3,3026941,72560
3,3026946,71570
3,3026948,01990
3,3026953,42190
3,3026958,61300
3,3026965,52100
3,3026969,24650
3,3026971,37390
3,3026976,37210
3,3026978,73310
3,3026979,01420
3,3026980,63530
3,3026983,38150
3,3026986,19150
3,3026987,48230
3,3026989,89300
3,3026990,38410
3,3026994,58300
3,3026999,39100
3,3026999,70100
3,3027000,89710
3,3027007,49123
3,3027008,49270
3,3027010,04660
3,3027011,38560
3,3027013,15270
3,3027014,77420
3,3027021,61700
3,3027026,87230
3,3027030,89290
3,3027062,24360
3,3027064,16430
3,3027064,86400
3,3027066,87400
3,3027069,16290
3,3027073,89210
3,3027082,70600
3,3027091,88600
3,3027093,89300
3,3027098,91160
3,3027101,51160
3,3027103,89340
3,3027104,37120
3,3027105,94500
3,3027109,86170
3,3027111,41330
3,3027113,51370
3,3027126,54250
3,3027129,89350
3,3027130,49330
3,3027131,38260
3,3027134,28300
3,3027141,53160
3,3027145,01410
3,3027147,71530
3,3027152,72610
3,3027154,70400
3,3027158,53640
3,3027162,54280
3,3027168,63320
3,3027174,35500
3,3027174,50530
3,3027174,77720
3,3027184,21130
3,3027194,42600
3,3027196,77390
3,3027197,79220
3,3027200,91750
3,3027207,24750
3,3027225,74500
3,3027233,73350
3,3027234,17240
3,3027235,39300
3,3027236,38800
3,3027237,25170
3,3027237,39290
3,3027237,70290
3,3027242,77430
3,3027243,95660
3,3027245,86160
3,3027247,16350
3,3027250,85450
3,3027255,69410
3,3027260,72470
3,3027265,17620
3,3027266,07340
3,3027272,87150
3,3027275,24530
3,3027277,17500
3,3027278,15350
3,3027289,73390
3,3027295,52410
3,3027301,74400
3,3027307,77260
3,3027308,19330
3,3027321,69620
3,3027328,02000
3,3027329,77910
3,3027335,85500
3,3027343,37170
3,3027350,37310
3,3027351,78240
3,3027353,19450
3,3027355,69770
3,3027356,69870
3,3027361,30530
3,3027362,87140
3,3027367,23170
3,3027370,41190
3,3027374,45340
3,3027376,07140
3,3027388,17290
3,3027388,18190
3,3027388,30450
3,3027388,37290
3,3027396,21220
3,3027396,42330
3,3027397,60230
3,3027400,03170
3,3027401,42170
3,3027407,21250
3,3027422,73000
3,3027426,19370
3,3027444,26230
3,3027445,52000
3,3027446,91730
3,3027447,60300
3,3027453,63400
3,3027456,38460
3,3027458,33230
3,3027464,15200
3,3027470,63340
3,3027470,87230
3,3027480,91780
3,3027482,70400
3,3027484,71100
3,3027487,51000
3,3027491,49290
3,3027495,71140
3,3027499,77650
3,3027501,58000
3,3027505,01630
3,3027507,73190
3,3027508,72250
3,3027513,85300
3,3027515,49440
3,3027519,52600
3,3027521,54230
3,3027524,77144
3,3027527,25220
3,3027531,45120
3,3027551,01480
3,3027556,77160
3,3027557,77171
3,3027562,08160
3,3027565,86190
3,3027570,68490
3,3027572,01320
3,3027574,86200
3,3027576,16210
3,3027582,11230
3,3027593,77460
3,3027596,71570
3,3027598,45380
3,3027604,74540
3,3027607,45260
3,3027608,77120
3,3027609,77930
3,3027619,89770
3,3027621,17890
3,3027625,41120
3,3027627,85450
3,3027629,53420
3,3027631,87200
3,3027632,36310
3,3027639,72340
3,3027642,08430
3,3027642,71150
3,3027645,70400
3,3027646,25300
3,3027653,43770
3,3027670,49400
3,3027673,36210
3,3027675,26400
3,3027687,63250
3,3027693,86380
3,3027695,05260
3,3027696,38690
3,3027699,89800
3,3027705,26120
3,3027723,16150
3,3027726,89410
3,3027737,33620
3,3027737,46170
3,3027739,01350
3,3027740,01250
3,3027745,13600
3,3027746,63122
3,3027751,73730
3,3027758,61260
3,3027763,33610
3,3027765,01170
3,3027767,35510
3,3027768,77240
3,3027770,38110
3,3027783,34460
3,3027792,14220
3,3027802,43380
3,3027803,58800
3,3027804,20221
3,3027805,54420
3,3027810,74550
3,3027816,01240
3,3027823,79290
3,3027824,34420
3,3027830,33720
3,3027836,91590
3,3027847,74350
3,3027850,51420
3,3027852,78720
3,3027857,14290
3,3027857,28120
3,3027857,68700
3,3027857,86140
3,3027866,79140
3,3027867,50210
3,3027868,50680
3,3027873,89320
3,3027875,61000
3,3027880,03350
3,3027880,21330
3,3027880,89320
3,3027883,95000
3,3027883,95800
3,3027888,66400
3,3027889,04280
3,3027891,50510
3,3027893,37390
3,3027898,45620
3,3027899,01450
3,3027900,58340
3,3027902,17270
3,3027903,45520
3,3027905,74350
3,3027906,69220
3,3027915,66290
3,3027918,72330
3,3027923,45120
3,3027925,11300
3,3027927,31620
3,3027936,12120
3,3027949,86530
3,3027950,33150
3,3027958,24380
3,3027961,30480
3,3027965,24250
3,3027967,33360
3,3027968,60210
3,3027970,77930
3,3027978,63200
3,3027980,42320
3,3027984,16230
3,3027984,41120
3,3027986,88110
3,3027988,63250
3,3027989,79370
3,3027994,09000
3,3027994,15170
3,3027994,17520
3,3027994,24600
3,3027994,34700
3,3027999,86600
3,3028012,54134
3,3028020,52220
3,3028028,63118
3,3028030,86200
3,3028031,86700
3,3028036,36200
3,3028037,61330
3,3028039,34370
3,3028044,34190
3,3028045,11570
3,3028048,82110
3,3028049,40270
3,3028050,31220
3,3028072,32150
3,3028079,46250
3,3028079,82140
3,3028090,43510
3,3028092,82160
3,3028095,80410
3,3028104,30330
3,3028107,33620
3,3028109,11510
3,3028110,30820
3,3028117,11570
3,3028118,22140
3,3028129,83240
3,3028134,84300
3,3028138,11170
3,3028143,34720
3,3028144,76930
3,3028146,60730
3,3028152,65110
3,3028155,34490
3,3028157,32100
3,3028162,82300
3,3028168,59400
3,3028169,20117
3,3028173,22530
3,3028173,51110
3,3028179,11160
3,3028180,40300
3,3028184,47430
3,3028185,84510
3,3028186,14240
3,3028190,02300
3,3028190,09160
3,3028190,27310
3,3028190,32400
3,3028190,33540
3,3028190,62140
3,3028190,82210
3,3028198,22350
3,3028203,27180
3,3028204,60290
3,3028205,59540
3,3028206,33490
3,3028207,66220
3,3028211,47220
3,3028214,76320
3,3028215,76490
3,3028217,56850
3,3028219,62260
3,3028231,46150
3,3028236,57570
3,3028237,59217
3,3028242,66500
3,3028243,59360
3,3028244,60130
3,3028253,60840
3,3028254,76116
3,3028258,34160
3,3028259,33640
3,3028263,02680
3,3028263,81100
3,3028269,47330
3,3028271,33350
3,3028274,30210
3,3028295,33210
3,3028296,40260
3,3028300,64300
3,3028307,32410
3,3028322,82100
3,3028323,82400
3,3028332,47180
3,3028333,65700
3,3028336,65230
3,3028337,34170
3,3028340,31620
3,3028341,46170
3,3028342,81140
3,3028343,33480
3,3028344,12500
3,3028345,81150
3,3028346,34120
3,3028347,81260
3,3028348,47290
3,3028351,11400
3,3028354,40360
3,3028359,47260
3,3028362,82210
3,3028377,20213
3,3028380,06500
3,3028382,04120
3,3028387,47700
3,3028388,31780
3,3028392,47240
3,3028409,31320
3,3028418,06670
3,3028425,29150
3,3028428,44390
3,3028431,13260
3,3028437,47440
3,3028440,59670
3,3028443,15340
3,3028448,12120
3,3028451,31260
3,3028461,66600
3,3028486,62220
3,3028492,80200
3,3028493,59244
3,3028501,33390
3,3028503,68130
3,3028505,30130
3,3028507,24200
3,3028509,33390
3,3028510,13620
3,3028512,61320
3,3028513,06510
3,3028520,78420
3,3028521,78955
3,3028523,64270
3,3028534,83320
3,3028535,44470
3,3028537,14650
3,3028542,84200
3,3028551,84330
3,3028552,50740
3,3028554,56140
3,3028554,64220
3,3028558,83660
3,3028561,22160
3,3028563,59112
3,3028564,59217
3,3028575,46140
3,3028575,56340
3,3028580,81400
3,3028583,62830
3,3028584,24370
3,3028585,81990
3,3028590,57490
3,3028591,60170
3,3028596,09130
3,3028600,08110
3,3028601,33360
3,3028603,29270
3,3028606,20130
3,3028608,56910
3,3028610,50500
3,3028612,62144
3,3028627,30350
3,3028632,46100
3,3028637,83570
3,3028638,40400
3,3028641,11000
3,3028647,33121
3,3028652,31390
3,3028653,33560
3,3028666,50570
3,3028667,29660
3,3028674,31460
3,3028680,65130
3,3028684,33840
3,3028690,59180
3,3028691,59242
3,3028693,57450
3,3028709,59160
3,3028714,33550
3,3028720,34310
3,3028722,11700
3,3028723,46100
3,3028735,24540
3,3028739,12700
3,3028742,06320
3,3028745,40130
3,3028749,80132
3,3028750,22300
3,3028752,27300
3,3028754,76450
3,3028767,59169
3,3028773,49460
3,3028774,33460
3,3028779,76380
3,3028783,06340
3,3028797,66680
3,3028806,77130
3,3028808,06150
3,3028808,06400
3,3028811,60310
3,3028815,60680
3,3028819,50750
3,3028824,37530
3,3028831,11200
3,3028831,34800
3,3028832,66140
3,3028838,33610
3,3028840,40180
3,3028844,34130
3,3028846,41120
3,3028851,49440
3,3028852,80750
3,3028856,47290
3,3028868,35260
3,3028879,27400
3,3028880,80670
3,3028881,82170
3,3028902,83170
3,3028908,82370
3,3028940,14490
3,3028940,27500
3,3028943,62170
3,3028946,59780
3,3028947,59133
3,3028954,56800
3,3028958,14350
3,3028958,60220
3,3028966,44750
3,3028976,65710
3,3028980,11260
3,3028982,62120
3,3028983,62870
3,3028985,62650
3,3028990,24260
3,3028990,34160
3,3028990,40090
3,3028990,60640
3,3029002,56330
3,3029003,09500
3,3029003,80450
3,3029006,56130
3,3029008,22450
3,3029009,12800
3,3029012,62176
3,3029021,64520
3,3029023,60170
3,3029024,60290
3,3029025,80132
3,3029026,62149
3,3029027,14340
3,3029030,59400
3,3029031,81580
3,3029041,64250
3,3029044,33360
3,3029046,62470
3,3029051,14610
3,3029052,33880
3,3029052,46100
3,3029052,47350
3,3029056,50200
3,3029062,33750
3,3029068,29570
3,3029069,84850
3,3029071,12360
3,3029080,30420
3,3029090,20260
3,3029096,69300
3,3029098,62350
3,3029099,62470
3,3029102,47430
3,3029107,12450
3,3029108,31560
3,3029118,32190
3,3029118,83440
3,3029121,27800
3,3029125,83830
3,3029126,22160
3,3029130,61100
3,3029140,20214
3,3029140,20260
3,3029145,20111
3,3029155,56240
3,3029162,62100
3,3029168,46160
3,3029171,80170
3,3029174,30132
3,3029178,14610
3,3029182,84290
3,3029186,69270
3,3029201,46140
3,3029206,81140
3,3029213,46000
3,3029221,14240
3,3029222,80330
3,3029223,14630
3,3029224,40300
3,3029227,06800
3,3029229,81130
3,3029234,59190
3,3029241,14000
3,3029245,31480
3,3029248,13950
3,3029252,33240
3,3029253,33410
3,3029254,84860
3,3029256,84160
3,3029257,56220
3,3029265,33140
3,3029271,81600
3,3029276,94230
3,3029282,06530
3,3029283,13480
3,3029286,30210
3,3029286,34800
3,3029297,14390
3,3029302,66330
3,3029306,83340
3,3029309,17430
3,3029312,13440
3,3029320,33650
3,3029328,25320
3,3029331,55400
3,3029333,64260
3,3029338,31660
3,3029339,47160
3,3029345,36500
3,3029350,71390
3,3029355,03440
3,3029365,21290
3,3029365,86180
3,3029373,67430
3,3029377,95430
3,3029381,70190
3,3029381,77760
3,3029385,25320
3,3029391,77600
3,3029392,77600
3,3029403,89400
3,3029426,71960
3,3029428,42510
3,3029429,87320
3,3029432,87230
3,3029433,23320
3,3029435,24360
3,3029446,03270
3,3029449,24360
3,3029462,88540
3,3029464,17210
3,3029465,17100
3,3029470,81300
3,3029473,62350
3,3029477,59137
3,3029478,68220
3,3029482,07450
3,3029483,60250
3,3029494,64160
3,3029498,68520
3,3029499,68520
3,3029503,81100
3,3029505,17770
3,3029509,87800
3,3029522,91440
3,3029543,74420
3,3029548,62151
3,3029556,91720
3,3029566,62160
3,3029567,76270
3,3029570,69210
3,3029572,78830
3,3029575,60130
3,3029580,88140
3,3029587,87460
3,3029603,26170
3,3029606,02620
3,3029608,62870
3,3029611,02500
3,3029612,80132
3,3029620,67470
3,3029620,68530
3,3029626,59151
3,3029637,19170
3,3029654,01310
3,3029655,27730
3,3029661,33720
3,3029664,23170
3,3029670,02880
3,3029673,62116
3,3029677,57420
3,3029677,76750
3,3029682,10800
3,3029684,78200
3,3029687,70700
3,3029695,78530
3,3029695,90800
3,3029697,56310
3,3029704,50640
3,3029705,28410
3,3029706,94360
3,3029713,35170
3,3029715,95820
3,3029717,91680
3,3029718,02860
3,3029725,88600
3,3029730,86510
3,3029734,22100
3,3029737,69690
3,3029746,68350
3,3029748,91800
3,3029750,82800
3,3029758,28400
3,3029760,02360
3,3029771,67170
3,3029775,72350
3,3029776,69690
3,3029778,54200
3,3029787,79230
3,3029790,59199
3,3029791,59490
3,3029793,31150
3,3029797,03700
3,3029799,33520
3,3029800,64800
3,3029806,18200
3,3029808,68440
3,3029809,83119
3,3029812,35550
3,3029821,47130
3,3029824,59860
3,3029825,62700
3,3029828,71500
3,3029831,88700
3,3029839,71190
3,3029842,30580
3,3029851,88600
3,3029852,03110
3,3029855,77177
3,3029861,52130
3,3029883,66620
3,3029888,28410
3,3029889,57565
3,3029890,59630
3,3029892,80400
3,3029898,28160
3,3029906,27930
3,3029921,16480
3,3029922,12480
3,3029925,22250
3,3029927,57535
3,3029931,69500
3,3029937,12600
3,3029951,27270
3,3029958,21220
3,3029960,40420
3,3029965,17770
3,3029967,50700
3,3029970,43700
3,3029974,19100
3,3029980,49330
3,3029984,49320
3,3029985,34190
3,3029986,73100
3,3029987,64240
3,3029991,61220
3,3029992,79170
3,3029995,43100
3,3030001,01470
3,3030004,79290
3,3030007,27800
3,3030010,89400
3,3030011,49250
3,3030015,01460
3,3030020,49125
3,3030023,54280
3,3030024,18410
3,3030029,69126
3,3030035,62170
3,3030036,55000
3,3030037,59178
3,3030041,16500
3,3030044,91640
3,3030047,16420
3,3030048,86290
3,3030055,30190
3,3030057,83170
3,3030058,29890
3,3030063,69530
3,3030064,19310
3,3030071,54150
3,3030085,91150
3,3030090,89210
3,3030091,42720
3,3030093,10500
3,3030099,35370
3,3030100,38320
3,3030101,77170
3,3030102,29510
3,3030106,35150
3,3030108,16590
3,3030110,37600
3,3030112,73570
3,3030114,45310
3,3030116,50290
3,3030117,50200
3,3030120,50260
3,3030127,81390
3,3030128,59730
3,3030130,45390
3,3030132,45250
3,3030133,36400
3,3030142,05100
3,3030147,28270
3,3030148,38590
3,3030155,49260
3,3030158,62170
3,3030159,10220
3,3030165,70400
3,3030166,50290
3,3030169,14860
3,3030170,16370
3,3030171,10450
3,3030177,39100
3,3030180,78980
3,3030189,52240
3,3030191,67112
3,3030192,70160
3,3030195,27640
3,3030197,17870
3,3030202,60600
3,3030203,91650
3,3030204,17920
3,3030205,60840
3,3030210,78440
3,3030213,78930
3,3030214,85120
3,3030230,70300
3,3030233,14760
3,3030234,14680
3,3030238,14740
3,3030240,76110
3,3030242,50110
3,3030245,72250
3,3030254,61110
3,3030257,91220
3,3030263,21490
3,3030263,27800
3,3030263,60400
3,3030264,85470
3,3030266,79140
3,3030275,27160
3,3030276,60120
3,3030278,46130
3,3030280,21110
3,3030283,35160
3,3030286,40280
3,3030300,29200
3,3030303,79300
3,3030307,38320
3,3030308,82710
3,3030309,03000
3,3030310,01360
3,3030314,21560
3,3030323,60510
3,3030335,74890
3,3030337,01300
3,3030338,81600
3,3030340,60870
3,3030365,26260
3,3030374,62610
3,3030377,79260
3,3030381,29810
3,3030383,68380
3,3030384,67220
3,3030387,06540
3,3030395,37130
3,3030403,22510
3,3030405,50290
3,3030408,60440
3,3030411,01300
3,3030428,02210
3,3030428,18220
3,3030440,56400
3,3030442,50370
3,3030443,53120
3,3030444,35530
3,3030446,62117
3,3030448,76110
3,3030455,35370
3,3030456,35310
3,3030457,21470
3,3030459,80340
3,3030460,77480
3,3030465,95710
3,3030468,45460
3,3030473,59123
3,3030484,47310
3,3030485,31490
3,3030503,33820
3,3030508,58140
3,3030508,80160
3,3030509,55100
3,3030517,63570
3,3030520,81260
3,3030521,09000
3,3030522,29190
3,3030524,02400
3,3030526,04270
3,3030529,83149
3,3030534,24310
3,3030538,77620
3,3030540,03500
3,3030542,30110
3,3030546,25340
3,3030546,33420
3,3030547,89150
3,3030550,38510
3,3030553,71500
3,3030561,20222
3,3030562,56390
3,3030565,56700
3,3030568,02110
3,3030569,02320
3,3030589,11150
3,3030598,49220
3,3030600,49650
3,3030603,44830
3,3030604,02220
3,3030622,76370
3,3030628,41250
3,3030629,76730
3,3030640,12340
3,3030641,73350
3,3030645,45300
3,3030650,42460
3,3030650,71700
3,3030659,80440
3,3030663,45460
3,3030664,51150
3,3030668,57320
3,3030673,80300
3,3030675,49530
3,3030676,34140
3,3030685,63910
3,3030708,67330
3,3030708,68480
3,3030713,54136
3,3030714,54770
3,3030718,44130
3,3030718,54200
3,3030721,59830
3,3030723,76360
3,3030724,91880
3,3030727,62172
3,3030728,59870
3,3030732,38390
3,3030739,80220
3,3030742,80220
3,3030755,91820
3,3030756,77470
3,3030757,16100
3,3030766,11200
3,3030772,81660
3,3030780,60220
3,3030786,57570
3,3030787,91800
3,3030799,59168
3,3030803,25320
3,3030813,31360
3,3030819,57310
3,3030819,72270
3,3030822,37290
3,3030822,44190
3,3030830,23600
3,3030832,12160
3,3030832,23600
3,3030832,46100
3,3030845,59222
3,3030847,59166
3,3030848,57460
3,3030856,62650
3,3030857,27580
3,3030862,80130
3,3030863,22130
3,3030867,51480
3,3030869,62550
3,3030870,65460
3,3030876,77780
3,3030878,82700
3,3030882,41400
3,3030884,47320
3,3030891,90140
3,3030895,43360
3,3030902,85480
3,3030903,27500
3,3030906,85200
3,3030917,52150
3,3030919,62860
3,3030941,25150
3,3030944,37140
3,3030945,14540
3,3030946,27520
3,3030947,33710
3,3030947,52200
3,3030949,73700
3,3030951,01800
3,3030952,31570
3,3030953,07700
3,3030958,53410
3,3030965,51110
3,3030970,44580
3,3030971,49290
3,3030979,17220
3,3030979,73390
3,3030983,66760
3,3030985,26500
3,3030989,63760
3,3030990,92340
3,3030994,59830
3,3030996,08230
3,3030999,02160
3,3031005,18000
3,3031009,01000
3,3031017,69240
3,3031019,35890
3,3031020,26300
3,3031025,16200
3,3031027,29860
3,3031028,27380
3,3031029,35230
3,3031030,42220
3,3031032,23400
3,3031035,27310
3,3031041,86410
3,3031043,62190
3,3031068,24310
3,3031069,26460
3,3031080,17560
3,3031081,22390
3,3031085,59630
3,3031086,52400
3,3031089,03160
3,3031090,71140
3,3031097,68290
3,3031098,91850
3,3031103,27310
3,3031109,62340
3,3031111,24560
3,3031113,08410
3,3031115,51110
3,3031118,70190
3,3031127,14220
3,3031129,72440
3,3031133,62200
3,3031135,31350
3,3031137,92100
3,3031141,85140
3,3031144,31620
3,3031145,27210
3,3031146,18240
3,3031148,91470
3,3031158,55240
3,3031161,07100
3,3031164,33270
3,3031167,77580
3,3031169,66130
3,3031178,13150
3,3031182,57220
3,3031183,45140
3,3031191,57655
3,3031205,34760
3,3031221,62140
3,3031222,79110
3,3031222,85230
3,3031226,10320
3,3031226,51390
3,3031237,49520
3,3031238,79290
3,3031240,30230
3,3031268,44340
3,3031269,40090
3,3031274,47250
3,3031275,77570
3,3031276,28130
3,3031277,78380
3,3031284,38150
3,3031288,64230
3,3031293,85600
3,3031294,95570
3,3031298,16410
3,3031304,53290
3,3031307,53290
3,3031313,44260
3,3031315,02450
3,3031323,82200
3,3031339,30190
3,3031340,25360
3,3031358,26790
3,3031364,57220
3,3031368,49080
3,3031378,53800
3,3031380,59111
3,3031384,03150
3,3031384,61570
3,3031387,13320
3,3031389,64340
3,3031399,62270
3,3031403,44830
3,3031408,27700
3,3031409,78410
3,3031410,45430
3,3031411,49110
3,3031416,29650
3,3031430,76450
3,3031445,74160
3,3031450,67330
3,3031452,37290
3,3031462,87110
3,3031464,27520
3,3031465,27310
3,3031469,64290
3,3031479,76850
3,3031485,76710
3,3031501,19110
3,3031508,59190
3,3031516,60540
3,3031532,83230
3,3031537,20290
3,3031552,17430
3,3031567,64510
3,3031568,65190
3,3031574,40270
3,3031574,64800
3,3031578,76790
3,3031582,33000
3,3031582,33100
3,3031582,33200
3,3031582,33300
3,3031582,33800
3,3031605,60820
3,3031609,22170
3,3031612,40370
3,3031612,76520
3,3031616,67860
3,3031619,33910
3,3031639,42160
3,3031640,06830
3,3031644,74890
3,3031645,31470
3,3031656,45420
3,3031657,64300
3,3031659,44540
3,3031661,62340
3,3031662,62890
3,3031665,84480
3,3031667,78270
3,3031668,60112
3,3031668,62270
3,3031673,14130
3,3031679,16170
3,3031679,74130
3,3031679,80670
3,3031702,28800
3,3031702,43160
3,3031702,73260
3,3031709,94380
3,3031710,86210
3,3031711,60120
3,3031712,60123
3,3031713,95500
3,3031719,33370
3,3031721,25210
3,3031723,72110
3,3031729,74380
3,3031732,16390
3,3031732,86300
3,3031743,35270
3,3031744,78830
3,3031769,38090
3,3031771,45460
3,3031775,14340
3,3031780,25870
3,3031780,71460
3,3031780,80800
3,3031783,23220
3,3031784,89400
3,3031789,87270
3,3031791,09100
3,3031791,15500
3,3031801,20169
3,3031813,47240
3,3031815,93140
3,3031817,59910
3,3031818,91070
3,3031835,53960
3,3031845,62960
3,3031848,09400
3,3031848,66430
3,3031852,33210
3,3031855,77720
3,3031859,66210
3,3031862,52310
3,3031864,68540
3,3031865,59470
3,3031866,50250
3,3031866,76210
3,3031868,84500
3,3031871,76210
3,3031885,28150
3,3031891,35150
3,3031896,91790
3,3031897,78490
3,3031898,94470
3,3031899,78200
3,3031901,28340
3,3031902,91870
3,3031905,91590
3,3031906,77169
3,3031912,60440
3,3031917,77310
3,3031918,77350
3,3031923,30114
3,3031923,46150
3,3031926,27520
3,3031930,87220
3,3031935,42560
3,3031939,42210
3,3031941,30140
3,3031945,15600
3,3031949,34160
3,3031952,12300
3,3031984,17150
3,3031993,45290
3,3031994,54620
3,3031994,80230
3,3031998,79300
3,3032007,27220
3,3032008,77590
3,3032016,27620
3,3032025,76230
3,3032027,59280
3,3032033,35360
3,3032042,27150
3,3032043,95000
3,3032062,85710
3,3032064,78390
3,3032064,89660
3,3032067,39220
3,3032069,45340
3,3032070,92270
3,3032083,62320
3,3032094,27250
3,3032118,45760
3,3032124,01250
3,3032125,29820
3,3032126,56140
3,3032127,02110
3,3032130,74250
3,3032132,07440
3,3032141,72400
3,3032146,59299
3,3032147,67530
3,3032151,42130
3,3032153,64510
3,3032154,74420
3,3032156,47550
3,3032160,29400
3,3032173,49150
3,3032176,76690
3,3032178,22100
3,3032179,93000
3,3032181,01150
3,3032193,49160
3,3032194,68730
3,3032202,14910
3,3032206,87300
3,3032213,41000
3,3032214,68740
3,3032226,21360
3,3032228,21200
3,3032236,57200
3,3032237,57200
3,3032238,57200
3,3032251,39140
3,3032253,18350
3,3032254,62120
3,3032259,23200
3,3032262,43450
3,3032267,37150
3,3032269,02300
3,3032274,54113
3,3032275,54700
3,3032276,77940
3,3032278,89220
3,3032279,62575
3,3032292,81400
3,3032296,43700
3,3032306,30700
3,3032308,06440
3,3032316,33540
3,3032317,78270
3,3032319,59173
3,3032326,71450
3,3032329,86400
3,3032331,63112
3,3032336,16250
3,3032339,47500
3,3032340,32270
3,3032340,33290
3,3032347,80440
3,3032348,62770
3,3032349,76340
3,3032351,14130
3,3032358,77115
3,3032358,91150
3,3032403,18410
3,3032427,81700
3,3032430,25310
3,3032430,54450
3,3032433,31350
3,3032436,21540
3,3032440,49320
3,3032452,14550
3,3032453,50560
3,3032455,76116
3,3032461,60460
3,3032462,44130
3,3032468,08110
3,3032469,31700
3,3032470,67113
3,3032472,51300
3,3032472,89440
3,3032474,76190
3,3032481,69460
3,3032487,38690
3,3032490,01290
3,3032492,11120
3,3032496,64320
3,3032497,11200
3,3032502,76890
3,3032505,38330
3,3032509,68620
3,3032518,57230
3,3032533,51150
3,3032543,68580
3,3032544,67240
3,3032545,68320
3,3032549,67870
3,3032551,67800
3,3032556,40600
3,3032563,17800
3,3032563,24540
3,3032563,64300
3,3032567,64700
3,3032571,47200
3,3032574,03800
3,3032577,82800
3,3032579,06410
3,3032598,57410
3,3032600,22520
3,3032601,21270
3,3032602,67600
3,3032605,41240
3,3032615,02200
3,3032618,62420
3,3032622,62138
3,3032624,41130
3,3032625,03260
3,3032629,63160
3,3032633,56190
3,3032639,64140
3,3032642,35133
3,3032648,38850
3,3032662,76420
3,3032668,20620
3,3032678,86800
3,3032685,56500
3,3032688,33380
3,3032695,02860
3,3032695,08370
3,3032695,91570
3,3032701,14112
3,3032704,56310
3,3032711,52340
3,3032712,68600
3,3032726,59380
3,3032728,53290
3,3032737,60280
3,3032767,64210
3,3032768,64780
3,3032771,64520
3,3032772,54200
3,3032781,02300
3,3032790,40390
3,3032791,47300
3,3032792,40170
3,3032794,46130
3,3032797,64200
3,3032802,86580
3,3032805,25520
3,3032815,62118
3,3032818,27660
3,3032823,30320
3,3032824,95870
3,3032833,34500
3,3032836,03170
3,3032842,21310
3,3032847,51430
3,3032861,19230
3,3032866,64120
3,3032869,01700
3,3032872,04270
3,3032872,78650
3,3032875,19190
3,3032876,24220
3,3032877,87700
3,3032880,33750
3,3032881,01290
3,3032881,71620
3,3032886,59217
3,3032887,28700
3,3032889,38690
3,3032890,76210
3,3032892,76210
3,3032896,27210
3,3032898,29790
3,3032899,86120
3,3032903,62660
3,3032914,80700
3,3032915,59192
3,3032917,14100
3,3032917,54560
3,3032921,54620
3,3032923,02130
3,3032928,64800
3,3032932,17250
3,3032934,55000
3,3032939,25720
3,3032955,37600
3,3032957,60620
3,3032960,57410
3,3032965,35830
3,3032967,57800
3,3032975,57640
3,3032978,01500
3,3032981,52100
3,3032997,77320
3,3033002,62400
3,3033006,25200
3,3033010,60320
3,3033011,60320
3,3033012,86310
3,3033014,51450
3,3033015,51490
3,3033018,80130
3,3033020,59540
3,3033034,46110
3,3033045,90160
3,3033046,03210
3,3033052,87250
3,3033053,79000
3,3033056,31660
3,3033065,83890
3,3033066,72310
3,3033070,82170
3,3033071,69690
3,3033073,30160
3,3033074,63610
3,3033088,03340
3,3033098,95550
3,3033099,34550
3,3033107,50390
3,3033108,44160
3,3033113,50800
3,3033121,26300
3,3033123,25000
3,3033134,71960
3,3033135,76480
3,3033139,27520
3,3033147,86190
3,3033149,59980
3,3033163,57310
3,3033176,62124
3,3033183,63480
3,3033188,12310
3,3033193,37510
3,3033194,59270
3,3033197,57930
3,3033200,60370
3,3033202,76450
3,3033208,80850
3,3033210,02800
3,3033211,80260
3,3033219,67370
3,3033220,33390
3,3033222,59235
3,3033224,87370
3,3033228,18500
3,3033229,02190
3,3033232,68500
3,3033236,29690
3,3033238,56230
3,3033239,07460
3,3033240,11000
3,3033241,13130
3,3033242,06390
3,3033257,02290
3,3033260,68210
3,3033267,67170
3,3033268,30620
3,3033269,38190
3,3033272,14990
3,3033273,14410
3,3033277,76210
3,3033283,74500
3,3033285,76370
3,3033287,60350
3,3033288,60390
3,3033294,95340
3,3033303,56240
3,3033306,77540
3,3033308,27300
3,3033309,72240
3,3033311,17330
3,3033312,80370
3,3033316,67210
3,3033326,64160
3,3033328,65360
3,3033339,59213
3,3033355,59145
3,3033356,61430
3,3033363,59380
3,3033380,68500
3,3033382,68750
3,3033388,51130
3,3033391,24100
3,3033394,67310
3,3033402,64300
3,3033415,62600
3,3033421,28260
3,3033422,28630
3,3033435,31370
3,3033450,01370
3,3033453,40280
3,3033458,14970
3,3033458,76790
3,3033462,17170
3,3033463,50340
3,3033470,29950
3,3033471,68126
3,3033471,68630
3,3033474,54740
3,3033477,78270
3,3033481,57800
3,3033487,18520
3,3033488,67230
3,3033491,23210
3,3033495,85490
3,3033498,57670
3,3033500,40230
3,3033501,40180
3,3033502,14910
3,3033504,64800
3,3033510,06390
3,3033520,86470
3,3033523,54450
3,3033527,37140
3,3033529,09000
3,3033529,65380
3,3033534,56550
3,3033542,11240
3,3033546,24170
3,3033549,06450
3,3033565,11420
3,3033574,12370
3,3033579,42670
3,3033598,95270
3,3033600,60490
3,3033604,61220
3,3033606,77510
3,3033614,64270
3,3033617,59570
3,3033618,44370
3,3033619,01100
3,3033621,02420
3,3033625,01300
3,3033626,43350
3,3033635,85170
3,3033636,69220
3,3033637,55430
3,3033638,76370
3,3033645,54940
3,3033647,18240
3,3033653,74470
3,3033657,02200
3,3033666,03700
3,3033669,73210
3,3033673,14370
3,3033673,76630
3,3033675,21310
3,3033676,76680
3,3033677,03330
3,3033679,61130
3,3033681,22810
3,3033683,25380
3,3033685,01200
3,3033686,38270
3,3033688,42210
3,3033691,45270
3,3033698,30127
3,3033705,95270
3,3033708,88370
3,3033713,21490
3,3033713,33760
3,3033720,62142
3,3033721,60540
3,3033746,02400
3,3033746,54610
3,3033760,59135
3,3033766,87300
3,3033773,33830
3,3033775,01360
3,3033779,28240
3,3033784,83210
3,3033787,46230
3,3033791,90000
3,3033799,09300
3,3033799,66720
3,3033803,13720
3,3033811,76240
3,3033813,31450
3,3033839,36370
3,3033845,21310
3,3033847,51490
3,3033851,56380
3,3033853,57460
3,3033856,55000
3,3033868,33410
3,3033870,49122
3,3033881,33130
3,3033884,22140
3,3033885,56350
3,3033886,33340
3,3033887,40400
3,3033892,18320
3,3033895,46100
3,3033896,64490
3,3033900,84410
3,3033903,17210
3,3033908,35137
3,3033912,84370
3,3033913,34600
3,3033927,49370
3,3033931,57580
3,3033937,35190
3,3033941,79160
3,3033944,76110
3,3033950,68980
3,3033953,31700
3,3033955,43590
3,3033956,43200
3,3033959,26170
3,3033959,30640
3,3033962,59157
3,3033967,79360
3,3033968,85230
3,3033971,38440
3,3033989,31460
3,3033989,47470
3,3033999,26800
3,3034001,80630
3,3034004,17490
3,3034006,60000
3,3034023,02800
3,3034024,33640
3,3034026,77120
3,3034041,06240
3,3034044,26240
3,3034051,02160
3,3034051,59740
3,3034054,02110
3,3034056,71580
3,3034062,85500
3,3034064,38270
3,3034066,63460
3,3034069,24120
3,3034070,26300
3,3034090,01480
3,3034099,13100
3,3034101,62990
3,3034103,62217
3,3034106,80600
3,3034107,47200
3,3034109,31850
3,3034111,49600
3,3034117,01270
3,3034122,45340
3,3034126,21200
3,3034139,51360
3,3034140,72170
3,3034141,95260
3,3034142,31870
3,3034148,26600
3,3034149,26760
3,3034152,28480
3,3034153,27170
3,3034155,37360
3,3034158,50440
3,3034159,37420
3,3034160,77890
3,3034164,14950
3,3034166,27170
3,3034168,24440
3,3034169,84120
3,3034170,82500
3,3034192,86490
3,3034195,74160
3,3034198,63110
3,3034210,62123
3,3034211,62124
3,3034216,14380
3,3034216,27410
3,3034218,84190
3,3034229,32160
3,3034234,03230
3,3034238,06310
3,3034240,49750
3,3034241,19120
3,3034242,79420
3,3034243,85190
3,3034245,37600
3,3034246,60310
3,3034271,38470
3,3034274,34160
3,3034285,70100
3,3034287,04420
3,3034287,69430
3,3034297,45190
3,3034298,17620
3,3034309,49250
3,3034315,39190
3,3034316,73270
3,3034325,72110
3,3034334,59530
3,3034338,38140
3,3034339,49070
3,3034343,90500
3,3034363,07800
3,3034366,50320
3,3034366,80770
3,3034369,95250
3,3034374,35133
3,3034375,59134
3,3034376,80430
3,3034382,30300
3,3034382,32410
3,3034408,31380
3,3034410,59360
3,3034411,72200
3,3034413,35560
3,3034415,53170
3,3034420,88300
3,3034422,85390
3,3034423,85130
3,3034425,45210
3,3034426,61560
3,3034427,78490
3,3034429,45480
3,3034430,77118
3,3034438,27140
3,3034442,31450
3,3034446,65460
3,3034450,47130
3,3034451,78580
3,3034454,08140
3,3034458,33430
3,3034461,51110
3,3034461,60380
3,3034463,78550
3,3034475,64100
3,3034476,54290
3,3034477,33710
3,3034483,14400
3,3034484,03500
3,3034487,62910
3,3034489,10310
3,3034493,29300
3,3034493,51270
3,3034505,59670
3,3034506,90800
3,3034509,14860
3,3034514,59570
3,3034515,25550
3,3034521,59221
3,3034524,33880
3,3034529,49140
3,3034535,25110
3,3034538,35580
3,3034541,91590
3,3034543,45130
3,3034548,18800
3,3034548,60113
3,3034548,60190
3,3034548,71110
3,3034554,49150
3,3034558,71370
3,3034564,36110
3,3034566,64800
3,3034571,70300
3,3034579,71800
3,3034582,56150
3,3034585,44740
3,3034586,67500
3,3034595,68390
3,3034608,54980
3,3034608,61150
3,3034610,75017
3,3034640,20200
3,3034640,20600
3,3034642,20119
3,3034649,64200
3,3034656,89400
3,3034665,24330
3,3034679,88120
3,3034690,73000
3,3034691,33530
3,3034697,44610
3,3034698,57970
3,3034699,44115
3,3034713,34290
3,3034733,14610
3,3034737,54620
3,3034746,43210
3,3034754,40090
3,3034797,68870
3,3034798,25420
3,3034800,10110
3,3034802,10200
3,3034803,57450
3,3034807,26150
3,3034807,33720
3,3034818,37350
3,3034836,16300
3,3034842,04330
3,3034851,38530
3,3034859,32350
3,3034868,67140
3,3034873,14210
3,3034877,60300
3,3034879,33750
3,3034886,50270
3,3034903,62620
3,3034911,55000
3,3034915,28630
3,3034918,83670
3,3034920,48000
3,3034921,30430
3,3034925,02700
3,3034929,64160
3,3034939,83830
3,3034944,50760
3,3034949,02000
3,3034950,50720
3,3034951,76360
3,3034954,67130
3,3034962,76480
3,3034964,64520
3,3034977,42600
3,3034984,64130
3,3034991,04400
3,3034992,32720
3,3034996,27170
3,3034998,08300
3,3034998,73230
3,3035008,51120
3,3035009,77630
3,3035014,26300
3,3035016,16300
3,3035024,60810
3,3035025,14220
3,3035031,10600
3,3035033,73000
3,3035036,13570
3,3035040,44450
3,3035044,65690
3,3035046,85630
3,3035049,47230
3,3035057,11800
3,3035065,12160
3,3035088,62450
3,3035092,66650
3,3035093,66300
3,3035097,14480
3,3035099,68490
3,3035116,04150
3,3035119,77970
3,3035137,18300
3,3035137,51270
3,3035137,57220
3,3035139,29380
3,3035142,23120
3,3035146,56360
3,3035151,01990
3,3035156,83150
3,3035160,88520
3,3035173,48500
3,3035178,57690
3,3035179,59470
3,3035181,16430
3,3035183,68320
3,3035184,48000
3,3035185,68210
3,3035186,12510
3,3035204,31130
3,3035206,53350
3,3035211,72290
3,3035213,17290
3,3035216,68210
3,3035217,14490
3,3035220,53340
3,3035226,37510
3,3035228,91610
3,3035229,74140
3,3035230,91160
3,3035237,62610
3,3035243,68740
3,3035254,68390
3,3035255,67600
3,3035260,42510
3,3035263,35500
3,3035267,34540
3,3035268,34540
3,3035278,08200
3,3035279,01360
3,3035286,60250
3,3035295,66390
3,3035296,07210
3,3035304,59780
3,3035308,53160
3,3035309,35680
3,3035313,54550
3,3035316,35600
3,3035317,88240
3,3035322,43370
3,3035324,35470
3,3035325,62360
3,3035329,77700
3,3035331,76630
3,3035339,60170
3,3035340,78870
3,3035349,60140
3,3035351,60930
3,3035352,62580
3,3035356,60190
3,3035359,59270
3,3035361,61160
3,3035362,95560
3,3035365,28300
3,3035366,28120
3,3035370,34670
3,3035372,64300
3,3035376,16360
3,3035381,28140
3,3035381,33760
3,3035381,41290
3,3035388,66540
3,3035389,35120
3,3035390,35120
3,3035396,30200
3,3035398,83600
3,3035400,63810
3,3035400,69620
3,3035403,93170
3,3035404,61140
3,3035409,02290
3,3035409,03460
3,3035409,36210
3,3035409,51260
3,3035409,54170
3,3035409,92220
3,3035416,31110
3,3035418,65200
3,3035418,65710
3,3035419,77167
3,3035426,46270
3,3035431,11100
3,3035432,66670
3,3035436,01380
3,3035437,01380
3,3035441,30140
3,3035445,57230
3,3035449,54540
3,3035453,38300
3,3035456,25490
3,3035458,11800
3,3035459,56870
3,3035463,36200
3,3035466,48000
3,3035471,76730
3,3035476,80480
3,3035481,50530
3,3035482,59830
3,3035492,59138
3,3035496,45130
3,3035498,54120
3,3035525,11700
3,3035534,65380
3,3035537,54122
3,3035538,23160
3,3035541,41100
3,3035542,53200
3,3035544,71260
3,3035545,79130
3,3035547,37270
3,3035548,37190
3,3035549,36290
3,3035550,79400
3,3035560,17440
3,3035561,57300
3,3035563,74130
3,3035566,86190
3,3035568,15250
3,3035571,46120
3,3035575,64240
3,3035576,31450
3,3035577,33640
3,3035584,19310
3,3035585,88600
3,3035589,63970
3,3035594,51160
3,3035595,09110
3,3035597,11140
3,3035598,59400
3,3035599,17800
3,3035601,62560
3,3035612,49240
3,3035613,85440
3,3035615,54150
3,3035624,54450
3,3035624,57810
3,3035624,60310
3,3035629,76730
3,3035633,52140
3,3035634,60130
3,3035639,50300
3,3035641,54385
3,3035641,88130
3,3035641,91630
3,3035644,25690
3,3035649,18520
3,3035650,37220
3,3035654,77210
3,3035654,79800
3,3035656,67120
3,3035657,72430
3,3035659,37420
3,3035659,61150
3,3035661,51190
3,3035663,27930
3,3035667,62210
3,3035669,60300
3,3035675,31290
3,3035681,84000
3,3035681,84140
3,3035684,74570
3,3035685,72400
3,3035687,30120
3,3035689,65130
3,3035696,44460
3,3035698,59440
3,3035699,59296
3,3035701,59129
3,3035702,62810
3,3035707,59440
3,3035708,53700
3,3035718,95450
3,3035719,03000
3,3035721,41330
3,3035727,33480
3,3035735,51160
3,3035741,80300
3,3035743,59710
3,3035748,42330
3,3035749,69610
3,3035754,41500
3,3035756,86170
3,3035761,25720
3,3035768,89200
3,3035774,35130
3,3035776,86460
3,3035783,76116
3,3035786,37110
3,3035793,43390
3,3035797,12390
3,3035801,31650
3,3035802,31320
3,3035808,76190
3,3035811,85200
3,3035812,63570
3,3035814,09220
3,3035816,23700
3,3035823,45340
3,3035824,71400
3,3035828,21130
3,3035829,25870
3,3035830,25870
3,3035832,10130
3,3035832,70000
3,3035836,60000
3,3035838,62390
3,3035843,89000
3,3035843,89290
3,3035856,08260
3,3035859,82340
3,3035864,95430
3,3035866,91580
3,3035867,72300
3,3035869,43300
3,3035869,50500
3,3035883,71400
3,3035886,45500
3,3035891,45480
3,3035904,02300
3,3035904,88300
3,3035906,76190
3,3035914,60350
3,3035916,38880
3,3035930,34480
3,3035933,39100
3,3035938,28330
3,3035939,04200
3,3035939,41310
3,3035951,14280
3,3035951,80560
3,3035952,63114
3,3035956,27490
3,3035963,60390
3,3035964,78770
3,3035969,32550
3,3035970,31190
3,3035971,25150
3,3035985,31840
3,3035987,31210
3,3035989,73500
3,3035991,81200
3,3035992,64230
3,3036002,33124
3,3036003,13121
3,3036012,13390
3,3036016,15000
3,3036018,31420
3,3036021,40500
3,3036022,06810
3,3036027,31460
3,3036039,31320
3,3036042,32400
3,3036042,65390
3,3036048,13930
3,3036051,40200
3,3036052,65800
3,3036053,87220
3,3036054,43110
3,3036059,56400
3,3036062,32600
3,3036067,83630
3,3036068,76730
3,3036074,60390
3,3036079,28700
3,3036081,14260
3,3036082,28500
3,3036083,28700
3,3036097,48130
3,3036101,60300
3,3036107,57710
3,3036117,76390
3,3036118,17770
3,3036122,80460
3,3036132,59620
3,3036133,59300
3,3036137,02000
3,3036142,78126
3,3036144,27180
3,3036145,93600
3,3036146,45390
3,3036153,10240
3,3036153,17470
3,3036153,86330
3,3036154,63510
3,3036171,30250
3,3036178,02220
3,3036178,89290
3,3036184,57685
3,3036190,24300
3,3036199,63930
3,3036212,08380
3,3036212,23170
3,3036212,79400
3,3036215,56800
3,3036218,78930
3,3036222,76720
3,3036223,78610
3,3036226,57390
3,3036227,54560
3,3036229,62370
3,3036231,14250
3,3036233,62164
3,3036238,62179
3,3036239,62560
3,3036240,25400
3,3036247,29770
3,3036256,33980
3,3036270,62138
3,3036271,62770
3,3036278,62260
3,3036281,32000
3,3036286,82600
3,3036287,31140
3,3036288,22100
3,3036289,59950
3,3036295,23200
3,3036295,61100
3,3036300,59494
3,3036302,08320
3,3036313,54580
3,3036314,30620
3,3036318,62140
3,3036323,12110
3,3036323,64230
3,3036326,18700
3,3036335,59265
3,3036338,62690
3,3036339,80800
3,3036348,85430
3,3036349,04200
3,3036352,72800
3,3036359,84810
3,3036363,32270
3,3036364,63170
3,3036365,33240
3,3036370,33430
3,3036370,47310
3,3036371,27940
3,3036386,93300
3,3036389,76170
3,3036392,64290
3,3036394,59249
3,3036399,38550
3,3036402,78410
3,3036406,59165
3,3036412,77720
3,3036413,02500
3,3036415,59265
3,3036418,07200
3,3036423,19190
3,3036426,24290
3,3036430,30250
3,3036433,13400
3,3036436,24750
3,3036439,54700
3,3036440,62170
3,3036444,08130
3,3036444,88260
3,3036448,73610
3,3036449,01340
3,3036450,60350
3,3036451,59551
3,3036453,68220
3,3036456,95570
3,3036460,91200
3,3036461,51150
3,3036462,61430
3,3036464,02840
3,3036465,62223
3,3036466,80200
3,3036470,70110
3,3036471,37270
3,3036472,53400
3,3036474,21130
3,3036486,53230
3,3036491,65200
3,3036495,47220
3,3036502,64800
3,3036508,38150
3,3036509,46320
3,3036512,44410
3,3036517,72130
3,3036522,64510
3,3036524,34820
3,3036527,79600
3,3036532,33240
3,3036532,82120
3,3036537,05140
3,3036540,05140
3,3036540,06790
3,3036544,34800
3,3036548,31160
3,3036553,68700
3,3036554,68700
3,3036556,57790
3,3036556,68130
3,3036562,95270
3,3036563,16290
3,3036566,21380
3,3036567,17400
3,3036572,92600
3,3036576,14960
3,3036577,39120
3,3036579,86340
3,3036582,08190
3,3036585,45300
3,3036590,45170
3,3036596,64310
3,3036597,64660
3,3036599,57405
3,3036601,56640
3,3036604,11290
3,3036609,29300
3,3036610,56190
3,3036611,64410
3,3036616,80910
3,3036619,73110
3,3036622,12120
3,3036625,33500
3,3036628,17530
3,3036633,64260
3,3036634,68320
3,3036637,54510
3,3036638,59269
3,3036640,63460
3,3036643,67390
3,3036646,09120
3,3036646,64170
3,3036655,33370
3,3036663,64230
3,3036664,64420
3,3036674,09130
3,3036679,44320
3,3036680,36330
3,3036684,64370
3,3036685,64800
3,3036687,81160
3,3036693,74380
3,3036694,45410
3,3036697,01510
3,3036700,38440
3,3036702,37260
3,3036709,60190
3,3036711,57130
3,3036712,01480
3,3036715,57530
3,3036719,17590
3,3036723,43700
3,3036724,33460
3,3036727,16130
3,3036727,23480
3,3036736,28290
3,3036739,64800
3,3036741,95810
3,3036744,14117
3,3036759,80820
3,3036764,65400
3,3036770,65240
3,3036782,65400
3,3036784,62000
3,3036791,56610
3,3036794,58310
3,3036797,76880
3,3036800,11190
3,3036800,12290
3,3036800,62510
3,3036803,53170
3,3036822,15130
3,3036823,91290
3,3036824,30700
3,3036837,53440
3,3036838,39240
3,3036842,78790
3,3036843,95400
3,3036850,27180
3,3036856,59285
3,3036862,21230
3,3036863,54530
3,3036870,69400
3,3036876,72230
3,3036878,19230
3,3036879,87160
3,3036881,74200
3,3036893,11110
3,3036902,77440
3,3036903,59280
3,3036911,89500
3,3036913,59380
3,3036916,60880
3,3036916,80700
3,3036931,62580
3,3036932,59151
3,3036933,58430
3,3036935,66150
3,3036938,13104
3,3036938,13123
3,3036938,13129
3,3036938,13200
3,3036938,13280
3,3036942,39140
3,3036942,39210
3,3036946,63220
3,3036957,39240
3,3036959,09400
3,3036970,36500
3,3036985,50240
3,3036991,29560
3,3036992,80470
3,3037015,18410
3,3037016,35370
3,3037017,53210
3,3037018,36200
3,3037021,79150
3,3037032,73220
3,3037044,95100
3,3037049,19400
3,3037051,61200
3,3037059,14370
3,3037066,34380
3,3037067,11120
3,3037068,66700
3,3037070,65400
3,3037075,57640
3,3037080,64300
3,3037082,03120
3,3037089,64570
3,3037091,64320
3,3037095,33740
3,3037096,74800
3,3037098,40110
3,3037107,41100
3,3037108,20220
3,3037113,62610
3,3037119,39300
3,3037119,45160
3,3037121,07290
3,3037123,79160
3,3037125,17290
3,3037132,63420
3,3037133,36120
3,3037157,94110
3,3037158,21560
3,3037160,25520
3,3037167,63250
3,3037168,72610
3,3037173,25300
3,3037173,42370
3,3037186,10700
3,3037197,17380
3,3037199,86210
3,3037205,17520
3,3037206,88380
3,3037209,15200
3,3037209,88380
3,3037218,74160
3,3037221,21410
3,3037221,25750
3,3037224,25610
3,3037225,17120
3,3037227,89320
3,3037229,52210
3,3037237,21310
3,3037245,64200
3,3037247,46090
3,3037249,79210
3,3037253,33120
3,3037263,70100
3,3037264,74930
3,3037265,64230
3,3037277,25400
3,3037281,77630
3,3037282,64210
3,3037287,39600
3,3037297,73800
3,3037303,01100
3,3037311,33640
3,3037316,43200
3,3037331,30390
3,3037332,64570
3,3037345,74300
3,3037352,84400
3,3037361,60300
3,3037365,85220
3,3037366,73190
3,3037368,38140
3,3037370,89380
3,3037371,60400
3,3037372,20167
3,3037374,27290
3,3037388,57480
3,3037390,26400
3,3037393,38490
3,3037396,62223
3,3037397,59410
3,3037399,23000
3,3037403,02500
3,3037406,62134
3,3037411,71400
3,3037417,86100
3,3037418,35560
3,3037419,07530
3,3037423,92160
3,3037424,24420
3,3037442,85120
3,3037443,86310
3,3037456,06160
3,3037456,06600
3,3037457,74200
3,3037459,38280
3,3037481,59152
3,3037482,84240
3,3037489,69480
3,3037490,60120
3,3037494,16500
3,3037502,88650
3,3037504,71550
3,3037506,59186
3,3037509,50660
3,3037512,04240
3,3037514,07100
3,3037516,38460
3,3037520,59112
3,3037521,62232
3,3037523,26140
3,3037524,76480
3,3037531,77410
3,3037532,24430
3,3037534,62149
3,3037538,74100
3,3037540,74940
3,3037543,74000
3,3037548,58450
3,3037548,62880
3,3037557,90170
3,3037562,38150
3,3037564,02320
3,3037565,14610
3,3037571,59580
3,3037572,34150
3,3037574,59194
3,3037576,60250
3,3037582,14610
3,3037583,49440
3,3037584,40150
3,3037585,62143
3,3037592,66760
3,3037596,17690
3,3037598,16000
3,3037602,24270
3,3037607,51260
3,3037610,17540
3,3037610,86330
3,3037612,64600
3,3037618,85750
3,3037620,81260
3,3037623,01350
3,3037627,12390
3,3037627,46120
3,3037627,46140
3,3037631,15380
3,3037638,33390
3,3037641,76740
3,3037642,60940
3,3037644,57440
3,3037648,91470
3,3037649,76280
3,3037650,76540
3,3037654,14430
3,3037654,91670
3,3037656,49000
3,3037656,49100
3,3037667,16130
3,3037670,41400
3,3037671,64510
3,3037672,44150
3,3037673,28260
3,3037682,30140
3,3037689,42160
3,3037691,49600
3,3037692,78570
3,3037693,65390
3,3037694,62340
3,3037699,35250
3,3037701,53240
3,3037706,68280
3,3037707,64420
3,3037708,67140
3,3037713,95580
3,3037715,17230
3,3037716,74350
3,3037721,60570
3,3037726,33510
3,3037733,39110
3,3037735,52700
3,3037736,90400
3,3037743,22400
3,3037745,27430
3,3037747,49800
3,3037748,26140
3,3037749,07340
3,3037754,57130
3,3037757,89160
3,3037758,69490
3,3037760,14240
3,3037768,76370
3,3037770,26200
3,3037775,72610
3,3037794,55170
3,3037794,57580
3,3037797,44150
3,3037798,55320
3,3037800,05260
3,3037801,76710
3,3037807,16560
3,3037807,17540
3,3037812,83111
3,3037813,69420
3,3037818,69550
3,3037829,40330
3,3037838,57360
3,3037842,68410
3,3037842,68770
3,3037845,28300
3,3037846,45200
3,3037847,77120
3,3037848,02700
3,3037854,80000
3,3037854,80080
3,3037854,80090
3,3037856,27400
3,3037860,76920
3,3037861,27370
3,3037863,14860
3,3037863,50480
3,3037869,62190
3,3037875,66110
3,3037879,01500
3,3037884,01500
3,3037886,53300
3,3037891,81500
3,3037892,36120
3,3037897,51150
3,3037899,56190
3,3037902,37400
3,3037915,62164
3,3037919,02290
3,3037921,60110
3,3037925,49700
3,3037927,37340
3,3037929,42820
3,3037935,33810
3,3037937,63600
3,3037941,01330
3,3037943,01500
3,3037954,87240
3,3037956,33440
3,3037961,14210
3,3037967,57865
3,3037969,35150
3,3037971,74800
3,3037972,25330
3,3037976,10140
3,3037976,54770
3,3037976,70160
3,3037979,79350
3,3037980,25220
3,3037981,08300
3,3037984,11170
3,3037998,46500
3,3038005,57730
3,3038008,67120
3,3038012,68130
3,3038013,19120
3,3038020,84210
3,3038026,67270
3,3038029,57515
3,3038036,62850
3,3038064,61570
3,3038069,28800
3,3038072,76190
3,3038073,18500
3,3038074,16490
3,3038075,62157
3,3038079,04260
3,3038080,74350
3,3038081,80260
3,3038086,72700
3,3038087,49650
3,3038088,60000
3,3038089,79130
3,3038090,54260
3,3038094,18110
3,3038099,74200
3,3038100,22460
3,3038102,58230
3,3038103,58200
3,3038123,47110
3,3038128,26400
3,3038132,38580
3,3038135,80270
3,3038136,71380
3,3038139,71350
3,3038142,59251
3,3038143,25490
3,3038146,38114
3,3038152,24600
3,3038156,13980
3,3038157,43270
3,3038158,30500
3,3038159,13190
3,3038160,19240
3,3038169,15160
3,3038173,26780
3,3038174,54112
3,3038176,56350
3,3038185,27460
3,3038186,26300
3,3038187,69380
3,3038190,07210
3,3038193,21150
3,3038197,34290
3,3038204,57440
3,3038205,68600
3,3038213,94140
3,3038217,74290
3,3038220,11580
3,3038224,30100
3,3038225,20270
3,3038226,66200
3,3038230,61000
3,3038236,74540
3,3038237,19380
3,3038239,07440
3,3038244,20128
3,3038244,20166
3,3038247,81240
3,3038249,69250
3,3038257,82350
3,3038261,81000
3,3038263,57670
3,3038266,73200
3,3038271,80300
3,3038276,73410
3,3038278,82290
3,3038284,11360
3,3038284,46140
3,3038299,81250
3,3038302,07400
3,3038305,20167
3,3038311,11290
3,3038328,23380
3,3038334,20000
3,3038334,20090
3,3038334,20167
3,3038341,85190
3,3038349,62160
3,3038350,73100
3,3038352,87700
3,3038354,13080
3,3038354,13090
3,3038354,13100
3,3038354,13290
3,3038354,13540
3,3038355,10160
3,3038362,59310
3,3038368,73220
3,3038381,21110
3,3038384,79600
3,3038392,60600
3,3038393,62120
3,3038394,40800
3,3038399,14370
3,3038400,80270
3,3038406,64250
3,3038411,54460
3,3038415,95510
3,3038419,03360
3,3038426,73210
3,3038427,30470
3,3038428,80470
3,3038429,80250
3,3038431,80690
3,3038441,70320
3,3038448,33124
3,3038449,89110
3,3038458,36140
3,3038466,47190
3,3038488,30670
3,3038491,09600
3,3038493,30220
3,3038498,63260
3,3038498,69790
3,3038502,81200
3,3038505,73260
3,3038507,73220
3,3038516,30350
3,3038516,52400
3,3038516,78240
3,3038516,89800
3,3038520,44140
3,3038522,31280
3,3038524,16140
3,3038530,80210
3,3038535,34210
3,3038535,72650
3,3038538,32290
3,3038546,08090
3,3038555,79230
3,3038558,64120
3,3038561,21121
3,3038562,23150
3,3038563,53940
3,3038565,64210
3,3038574,12520
3,3038580,16110
3,3038590,50230
3,3038591,24460
3,3038592,62217
3,3038594,64400
3,3038596,38150
3,3038603,62161
3,3038604,60600
3,3038611,50180
3,3038634,47000
3,3038638,34300
3,3038653,20167
3,3038654,86430
3,3038658,34230
3,3038665,65100
3,3038671,78113
3,3038673,08300
3,3038674,60620
3,3038675,02200
3,3038680,62380
3,3038681,27400
3,3038682,14220
3,3038682,50440
3,3038693,62144
3,3038698,35690
3,3038702,62121
3,3038703,62217
3,3038705,62320
3,3038706,80210
3,3038707,80560
3,3038710,02800
3,3038711,77760
3,3038712,18250
3,3038712,78260
3,3038715,67204
3,3038717,57412
3,3038730,16500
3,3038730,33230
3,3038731,59215
3,3038735,03200
3,3038738,57560
3,3038741,64360
3,3038744,28410
3,3038745,74360
3,3038754,94480
3,3038755,14600
3,3038756,78660
3,3038759,95450
3,3038763,62153
3,3038765,24300
3,3038768,37160
3,3038774,39500
3,3038782,34290
3,3038783,60480
3,3038784,25310
3,3038789,80100
3,3038799,44170
3,3038806,59268
3,3038806,60220
3,3225344,33240
3,3225388,33250
3,6543862,59491
3,6543862,59493
3,6543862,59650
3,6559670,14690
3,6615509,31180
3,6615510,44140
3,6615511,57050
3,6615523,81990
3,6615536,91940
3,6615537,13470
3,6615538,14740
3,6619291,49123
3,6619500,14630
3,6619540,69620
3,6619558,38138
3,6619576,71640
3,6619599,85350
3,6619659,27100
3,6619684,58120
3,6620019,06420
3,6620065,26110
3,6620083,29242
3,6620088,31120
3,6620088,32310
3,6620100,38690
3,6620128,52170
3,6620138,55250
3,6620139,56780
3,6620194,83510
3,6620217,20228
3,6620222,20253
3,6620225,20247
3,6620225,20248
3,7284882,13001
3,7284883,13002
3,7284884,13003
3,7284885,13004
3,7284886,13005
3,7284887,13006
3,7284888,13007
3,7284889,13008
3,7284890,13010
3,7284891,13009
3,7284892,13011
3,7284893,13012
3,7284894,13013
3,7284895,13014
3,7284896,13015
3,7284897,13016
