parent_code,code,name,aliases
2803460,2957886,Altena,
2803460,2953003,Balve,
2803460,2911384,Halver,
2803460,2906595,Hemer,
2803460,2905587,Herscheid,
2803460,2895669,Iserlohn,
2803460,2891014,Kierspe,
2803460,2875457,Lüdenscheid,Luedenscheid
2803460,2872237,Meinerzhagen,
2803460,2871983,Menden,
2803460,2867252,Nachrodt-Wiblingwerde,
2803460,2865592,Neuenrade,
2803460,2853209,Plettenberg,
2803460,2840555,Schalksmühle,Schalksmuehle
2803460,2810919,Werdohl,
2803461,2959475,Adenstedt,
2803461,2958533,Alfeld (Leine),Alfeld
2803461,2958509,Algermissen,
2803461,2958211,Almstedt,
2803461,2953362,Bad Salzdetfurth,
2803461,2952884,Banteln,
2803461,2949765,Betheln,
2803461,2947359,Bockenem,
2803461,2943335,Brüggen,Brueggen
2803461,2939860,Coppengrave,
2803461,2937449,Diekholzen,
2803461,2934697,Duingen,
2803461,2933994,Eberholzen,
2803461,2931828,Eime,
2803461,2930623,Elze,
2803461,2928344,Everode,
2803461,2925234,Freden,
2803461,3206402,Giesen,
2803461,2917139,Gronau,
2803461,2910709,Harbarnsen,
2803461,2910269,Harsum,
2803461,2908614,Haverlah,
2803461,2907195,Heinsen,
2803461,2904906,Heyersum,
2803461,2904789,Hildesheim,
2803461,2900623,Holle,
2803461,2898308,Hoyershausen,
2803461,2881661,Lamspringe,
2803461,2873578,Marienhagen,
2803461,2864927,Neuhof,
2803461,2861866,Nordstemmen,
2803461,2847686,Rheden,
2803461,2841386,Sarstedt,
2803461,2839819,Schellerten,
2803461,2833491,Sehlem,
2803461,2832819,Sibbesse,
2803461,2831671,Söhlde,
2803461,2813431,Weenzen,
2803461,2810148,Westfeld,
2803461,2807647,Winzenburg,
2803461,2806276,Woltershausen,
2803463,2959492,Adelzhausen,
2803463,2959343,Affing,
2803463,2958975,Aichach,
2803463,2958835,Aindling,
2803463,2943163,Brunnen,
2803463,2938837,Dasing,
2803463,2928407,Eurasburg,
2803463,2924803,Friedberg,
2803463,2900590,Hollenbach,
2803463,2896127,Inchenhofen,
2803463,2890202,Kissing,
2803463,2883000,Kühbach,
2803463,2871835,Merching,
2803463,2871813,Mering,
2803463,2860574,Obergriesbach,
2803463,2854685,Petersdorf,
2803463,2852422,Pöttmes,
2803463,2849300,Rehling,
2803463,2847323,Ried,
2803463,2839194,Schiltberg,
2803463,2837809,Schmiechen,
2803463,2832392,Sielenbach,
2803463,2828270,Steindorf,
2803463,2821985,Todtenweis,
2803558,2949967,Bernsdorf,
2803558,2940397,Callenberg,
2803558,2939747,Crimmitschau,
2803558,2938223,Dennheritz,
2803558,2925267,Fraureuth,
2803558,2920939,Gersdorf,
2803558,2920020,Glauchau,
2803558,2910167,Hartenstein,
2803558,2910051,Hartmannsdorf,
2803558,2903663,Hirschfeld,
2803558,2901420,Hohenstein-Ernstthal,
2803558,2890659,Kirchberg,
2803558,2881154,Langenbernsdorf,
2803558,2878387,Leubnitz,
2803558,2878037,Lichtenstein-Callnberg,Lichtenstein
2803558,2878027,Lichtentanne,
2803558,2877673,Limbach-Oberfrohna,
2803558,2872519,Meerane,
2803558,2867753,Mülsen,
2803558,2864749,Neukirchen,
2803558,2863429,Niederfrohna,
2803558,2859843,Oberlungwitz,
2803558,2858548,Oberwiera,
2803558,2854298,Pfaffroda,
2803558,2848725,Reinsdorf,
2803558,2848269,Remse,
2803558,2841639,Sankt Egidien,
2803558,2836952,Schönberg,Schoenberg
2803558,2815074,Waldenburg,
2803558,2810969,Werdau,
2803558,2808956,Wildenfels,
2803558,2808644,Wilkau-Haßlau,
2803558,2803560,Zwickau,
2807345,2959771,Abtsdorf,
2807345,2955999,Annaburg,
2807345,2955768,Apollensdorf,
2807345,2954963,Ateritz,
2807345,2953841,Axien,
2807345,2953350,Bad Schmiedeberg,
2807345,2950228,Bergwitz,
2807345,2945850,Boßdorf,
2807345,2941707,Bülzig,Buelzig
2807345,2939956,Cobbelsdorf,
2807345,2939819,Coswig,
2807345,2939625,Dabrun,
2807345,2936603,Dobien,
2807345,2930695,Elster,
2807345,2930681,Elstervorstadt,
2807345,2928372,Eutzsch,
2807345,2918321,Gräfenhainichen,Graefenhainichen
2807345,2917493,Griebo,
2807345,2899961,Holzdorf,
2807345,2898615,Horstdorf,
2807345,2895112,Jeber-Bergfrieden,
2807345,2894962,Jessen,
2807345,2894606,Jüdenberg,Juedenberg
2807345,2893963,Kakau,
2807345,2891718,Kemberg,
2807345,2887812,Klieken,
2807345,2887599,Klöden,Kloeden
2807345,2883570,Kropstädt,Kropstaedt
2807345,2877605,Linda,
2807345,7303020,Lutherstadt Wittenberg,Wittenberg
2807345,2871454,Meuro,
2807345,2870303,Mochau,
2807345,2870190,Möhlau,Moehlau
2807345,3209055,Mühlanger,Muehlanger
2807345,2861698,Nudersdorf,
2807345,2857131,Oranienbaum,
2807345,2852316,Pratau,
2807345,2852168,Prettin,
2807345,2852156,Pretzsch,
2807345,2851119,Rackith,
2807345,2850973,Radis,
2807345,2848718,Reinsdorf,
2807345,2843784,Rotta,
2807345,2839046,Schköna,Schkoena
2807345,2838801,Schleesen,
2807345,2832835,Seyda,
2807345,2831528,Söllichau,Soellichau
2807345,2826318,Straach,
2807345,2823358,Teuchel,
2807345,2822727,Thießen,
2807345,2821786,Tornau,
2807345,2821437,Trebitz,
2807345,2817080,Vockerode,
2807345,2813930,Wartenburg,
2807345,2806162,Wörlitz,Woerlitz
2807345,2805313,Zahna,
2807345,2803879,Zörnigall,Zoernigall
2807345,2803781,Zschornewitz,
2809976,2957463,Altenstadt,
2809976,2953395,Bad Nauheim,
2809976,2953321,Bad Vilbel,
2809976,2949901,Berstadt,
2809976,2942073,Büdingen,Buedingen
2809976,2940512,Butzbach,
2809976,2933772,Echzell,
2809976,3208053,Florstadt,
2809976,2924802,Friedberg,
2809976,2922124,Gedern,
2809976,2920024,Glauburg,
2809976,2903504,Hirzenhain,
2809976,2892980,Karben,
2809976,2891973,Kefenrod,
2809976,2872119,Melbach,
2809976,2867492,Münzenberg,Muenzenberg
2809976,2863716,Nidda,
2809976,2863438,Nieder-Florstadt,
2809976,2859739,Ober-Mörlen,
2809976,2857012,Ortenberg,
2809976,2850425,Ranstadt,
2809976,2849197,Reichelsheim,
2809976,2846235,Rockenberg,
2809976,2845160,Rosbach vor der Höhe,Rosbach vor der Hoehe
2809976,2831727,Södel,Soedel
2809976,2807020,Wohnbach,
2809976,2806852,Wölfersheim,
2810674,2958188,Alpen,
2810674,2936942,Dingden,
2810674,2936871,Dinslaken,
2810674,2911051,Hamminkeln,
2810674,2897283,Hünxe,Huenxe
2810674,2893264,Kamp-Lintfort,
2810674,2870221,Moers,
2810674,3205924,Neukirchen-Vluyn,
2810674,2847662,Rheinberg,
2810674,2839674,Schermbeck,
2810674,2831105,Sonsbeck,
2810674,2817065,Voerde,
2810674,2810678,Wesel,
2810674,2805385,Xanten,
2812479,2812482,Weimar,
2812480,2955770,Apolda,
2812480,2953548,Bad Berka,
2812480,2953330,Bad Sulza,
2812480,2953037,Ballstedt,
2812480,2952833,Barchfeld,
2812480,2951753,Bechstedtstraß,
2812480,2948058,Blankenhain,
2812480,2942476,Buchfart,
2812480,2940622,Buttelstedt,
2812480,2936552,Döbritschen,
2812480,2933889,Eberstedt,
2812480,2928642,Ettersburg,
2812480,2925617,Frankendorf,
2812480,2919436,Goldbach,
2812480,2915520,Großheringen,
2812480,2915055,Großschwabhausen,
2812480,2911077,Hammerstedt,
2812480,2905239,Hetschburg,
2812480,2901781,Hohenfelden,
2812480,2899194,Hopfgarten,
2812480,2895623,Isseroda,
2812480,2893133,Kapellendorf,
2812480,2890919,Kiliansroda,
2812480,2888240,Kleinschwabhausen,
2812480,2887857,Klettbach,
2812480,2886850,Ködderitzsch,Koedderitzsch
2812480,2884761,Kranichfeld,
2812480,3207130,Kromsdorf,
2812480,2879391,Lehnstedt,
2812480,2878298,Leutenthal,
2812480,2877889,Liebstedt,
2812480,2874556,Magdala,
2812480,2872892,Mattstedt,
2812480,2872617,Mechelroda,
2812480,2872057,Mellingen,
2812480,2869891,Mönchenholzhausen,Moenchenholzhausen
2812480,2866928,Nauendorf,
2812480,2862965,Niederreißen,
2812480,2862933,Niederroßla,
2812480,2862697,Niederzimmern,
2812480,2862372,Nirmsdorf,
2812480,2862289,Nohra,
2812480,2859345,Oberreißen,
2812480,2857853,Oettern,
2812480,2856837,Oßmannstedt,
2812480,2854058,Pfiffelbach,
2812480,2850447,Rannstedt,
2812480,2846380,Rittersdorf,
2812480,2845697,Rohrbach,
2812480,2837776,Schmiedehausen,
2812480,2835193,Schwarza,
2812480,2821894,Tonndorf,
2812480,2821028,Troistedt,
2812480,2820164,Umpferstedt,
2812480,2816577,Vollersroda,
2812480,2809741,Wickerstedt,
2812480,2809539,Wiegendorf,
2812480,2808571,Willerstedt,
2816883,2958128,Alsfeld,
2816883,8015069,Antriftal,
2816883,2925141,Freiensteinau,
2816883,2917858,Grebenau,
2816883,2917850,Grebenhain,
2816883,2906175,Herbstein,
2816883,2900799,Höingen,Hoeingen
2816883,2899479,Homberg (Ohm),Homberg|Homberg an der Ohm
2816883,12519391,Ilbeshausen-Hochwaldhausen,
2816883,2890222,Kirtorf,
2816883,2879929,Lauterbach / Hessen,Lauterbach
2816883,2879870,Lautertal,
2816883,2845268,Romrod,
2816883,2838459,Schlitz,
2816883,2836251,Schotten,
2816883,2835343,Schwalmtal,
2816883,2820217,Ulrichstein,
2817598,2959681,Achim,
2817598,2947810,Blender,
2817598,2935491,Dörverden,
2817598,2930417,Emtinghausen,
2817598,2890420,Kirchlinteln,
2817598,2880547,Langwedel Flecken,Langwedel
2817598,2869147,Morsum,
2817598,2856014,Ottersberg Flecken,Ottersberg
2817598,2855794,Oyten,
2817598,2847271,Riede,
2817598,2840288,Scharnhorst,
2817598,2822930,Thedinghausen,
2817598,2817599,Verden,Verden (Aller)
2820086,2950344,Bergkamen,
2820086,2946478,Bönen,
2820086,2924206,Fröndenberg,Froendenberg|Fröndenberg/Ruhr
2820086,2899538,Holzwickede,
2820086,2893438,Kamen,
2820086,2875107,Lünen,Luenen
2820086,2834265,Schwerte,
2820086,2833170,Selm,
2820086,2820087,Unna,
2820086,2810833,Werne,
2820086,2810109,Westhofen,
2820859,2947172,Bodelshausen,
2820859,2937919,Dettenhausen,
2820859,2934235,Dußlingen,
2820859,2919146,Gomaringen,
2820859,2903817,Hirrlingen,
2820859,2890527,Kirchentellinsfurt,
2820859,2882237,Kusterdingen,
2820859,2869019,Mössingen,
2820859,2866632,Nehren,
2820859,2857756,Ofterdingen,
2820859,2843729,Rottenburg,
2820859,2820860,Tübingen,Tuebingen
2821160,2959944,Aach,
2821160,2953828,Ayl,
2821160,2953109,Baldringen,
2821160,2951275,Bekond,
2821160,2949829,Bescheid,
2821160,2949564,Beuren,
2821160,2939214,Damflos,
2821160,2937883,Detzem,
2821160,2930021,Ensch,
2821160,2927782,Farschweiler,
2821160,2927273,Fell,
2821160,2926655,Fisch,
2821160,2925977,Föhren,Foehren
2821160,2925483,Franzenheim,
2821160,2924910,Freudenburg,
2821160,2921695,Geisfeld,
2821160,2917776,Greimerath,
2821160,2917337,Grimburg,
2821160,2913478,Gusenburg,
2821160,2913445,Gusterath,
2821160,2913297,Gutweiler,
2821160,2908401,Heddert,
2821160,2906285,Hentern,
2821160,2906059,Herl,
2821160,2905929,Hermeskeil,
2821160,2903874,Hinzenburg,
2821160,3207523,Hinzert-Pölert,
2821160,2902831,Hockweiler,
2821160,7144169,Holzerath,
2821160,2896721,Igel,
2821160,2895756,Irsch,
2821160,2893175,Kanzem,
2821160,2892571,Kasel,
2821160,2892484,Kastel-Staadt,
2821160,2891831,Kell am See,Kell
2821160,7144088,Kell am See,
2821160,2891605,Kenn,
2821160,2890324,Kirf,
2821160,2887302,Klüsserath,Kluesserath
2821160,2885672,Konz,
2821160,2885495,Kordel,
2821160,2885477,Korlingen,
2821160,2885055,Köwerich,
2821160,2881709,Lampaden,
2821160,2880565,Langsur,
2821160,2878982,Leiwen,
2821160,2875992,Longen,
2821160,2875988,Longuich,
2821160,2875874,Lorscheid,
2821160,2873974,Mandern,
2821160,2873910,Mannebach,
2821160,2872375,Mehring,
2821160,2871719,Mertesdorf,
2821160,2871671,Merzkirchen,
2821160,2869182,Morscheid,
2821160,2864828,Neuhütten,Neuhuetten
2821160,2863756,Newel,
2821160,2862351,Nittel,
2821160,2861251,Oberbillig,
2821160,2858233,Ockfen,
2821160,2857316,Ollmuth,
2821160,2857224,Onsdorf,
2821160,2856950,Osburg,
2821160,2855632,Palzem,
2821160,2855357,Paschel,
2821160,2854999,Pellingen,
2821160,2853089,Pluwig,
2821160,2852882,Pölich,
2821160,2850740,Ralingen,
2821160,2850300,Rascheid,
2821160,2848710,Reinsfeld,
2821160,2846511,Riol,
2821160,2846307,Riveris,
2821160,2842644,Saarburg,
2821160,2839222,Schillingen,
2821160,2838756,Schleich,
2821160,2837217,Schoden,
2821160,2837111,Schömerich,
2821160,2834594,Schweich,
2821160,2832940,Serrig,
2821160,2831448,Sommerau,
2821160,2824431,Taben-Rodt,
2821160,2823755,Tawern,
2821160,2823561,Temmels,
2821160,2822684,Thomm,
2821160,2822633,Thörnich,
2821160,2821548,Trassem,
2821160,2821157,Trierweiler,
2821160,2821081,Trittenheim,
2821160,2814832,Waldrach,
2821160,2814762,Waldweiler,
2821160,2813728,Wasserliesch,
2821160,2813581,Wawern,
2821160,2811534,Wellen,
2821160,2811420,Welschbillig,
2821160,2808404,Wiltingen,
2821160,2808310,Wincheringen,
2821160,2804791,Zemmer,
2821160,2804745,Zerf,
2821160,2803664,Züsch,
2821806,2955367,Arzberg,
2821806,2953524,Bad Düben,Bad Dueben
2821806,2951352,Beilrode,
2821806,2951258,Belgern,
2821806,2940218,Cavertitz,
2821806,2939434,Dahlen,
2821806,2938376,Delitzsch,
2821806,2936623,Döbernitz,Doebernitz
2821806,2936616,Doberschütz,
2821806,2936280,Dommitzsch,
2821806,2931871,Eilenburg,
2821806,2930708,Elsnig,
2821806,2894970,Jesewitz,
2821806,2885326,Kossa,
2821806,2883552,Krostitz,
2821806,2880002,Laußig,
2821806,2876698,Löbnitz,
2821806,2870266,Mockrehna,
2821806,2868842,Mügeln,Muegeln
2821806,2866885,Naundorf,
2821806,2856944,Oschatz,
2821806,2851113,Rackwitz,
2821806,2839303,Schildau,
2821806,2839050,Schkeuditz,
2821806,2823836,Taucha,
2821806,2821807,Torgau,
2821806,2820974,Trossin,
2821806,2810848,Wermsdorf,
2821806,2809628,Wiedemar,
2821806,2804121,Zinna,
2821806,2803827,Zschepplin,
2821806,2803776,Zschortau,
2821806,2803489,Zwochau,
2822099,2866291,Bad Neualbenreuth,
2822099,2952527,Bärnau,
2822099,2945429,Brand,
2822099,2933840,Ebnath,
2822099,2929783,Erbendorf,
2822099,2928016,Falkenberg,
2822099,2924766,Friedenfels,
2822099,2923907,Fuchsmühl,
2822099,2896273,Immenreuth,
2822099,2892459,Kastl,
2822099,2891668,Kemnath,
2822099,2883317,Krummennaab,
2822099,2882589,Kulmain,
2822099,2878693,Leonberg,
2822099,2874423,Mähring,
2822099,2870355,Mitterteich,
2822099,2864131,Neusorg,
2822099,2855145,Pechbrunn,
2822099,2853146,Plößberg,
2822099,2851734,Pullenreuth,
2822099,2835034,Schwarzenbach,
2822099,2822100,Tirschenreuth,
2822099,2815048,Waldershof,
2822099,2814815,Waldsassen,
2822099,2809362,Wiesau,
2824945,2922039,Gehlberg,
2824945,2837777,Schmiedefeld am Rennsteig,
2824945,2824948,Suhl,
2825001,2958696,Albersweiler,
2825001,2958026,Altdorf,
2825001,2955951,Annweiler am Trifels,
2825001,2953549,Bad Bergzabern,Bergzabern
2825001,2952844,Barbelroth,
2825001,3272462,Billigheim-Ingenheim,
2825001,2948552,Birkenhördt,
2825001,2948399,Birkweiler,
2825001,2947448,Böbingen,
2825001,2947424,Böchingen,
2825001,2946660,Böllenborn,Boellenborn
2825001,2946113,Bornheim,
2825001,2940947,Burrweiler,
2825001,2938066,Dernbach,
2825001,2937285,Dierbach,
2825001,2935573,Dörrenbach,
2825001,2933410,Edenkoben,
2825001,2933367,Edesheim,
2825001,2929157,Eschbach,
2825001,2928760,Essingen,
2825001,2928392,Eußerthal,
2825001,2926283,Flemlingen,
2825001,2925494,Frankweiler,
2825001,2925063,Freimersheim,
2825001,2919956,Gleisweiler,
2825001,2919954,Gleiszellen-Gleishorbach,
2825001,2919610,Göcklingen,
2825001,2919135,Gommersheim,
2825001,3207519,Gossersweiler-Stein,
2825001,2915641,Großfischlingen,
2825001,2911831,Hainfeld,
2825001,2906104,Hergersweiler,
2825001,2905528,Herxheim,
2825001,2905526,Herxheimweyher,
2825001,3290055,Heuchelheim-Klingen,
2825001,3272957,Hochstadt,
2825001,2896600,Ilbesheim,
2825001,2896208,Impflingen,
2825001,2895913,Insheim,
2825001,2893132,Kapellen-Drusweiler,
2825001,2892996,Kapsweyer,
2825001,2890278,Kirrweiler,
2825001,2888912,Kleinfischlingen,
2825001,2887718,Klingenmünster,
2825001,2887056,Knöringen,
2825001,2879162,Leinsweiler,
2825001,2874282,Maikammer,
2825001,2867628,Münchweiler am Klingbach,
2825001,2863259,Niederhorbach,
2825001,2863005,Niederotterbach,
2825001,2860419,Oberhausen,
2825001,2859460,Oberotterbach,
2825001,2859146,Oberschlettenbach,
2825001,2857803,Offenbach an der Queich,
2825001,2853245,Pleisweiler-Oberhofen,
2825001,2850722,Ramberg,
2825001,2850432,Ranschbach,
2825001,2847558,Rhodt unter Rietburg,
2825001,2846534,Rinnthal,
2825001,2845714,Rohrbach,
2825001,2845152,Roschbach,
2825001,2841517,Sankt Martin,
2825001,3207541,Schweigen-Rechtenbach,
2825001,2834560,Schweighofen,
2825001,2832743,Siebeldingen,
2825001,2832053,Silz,
2825001,2828141,Steinfeld,
2825001,2817627,Venningen,
2825001,2816652,Völkersweiler,
2825001,2816141,Vorderweidenthal,
2825001,2815002,Waldhambach,
2825001,2814821,Waldrohrbach,
2825001,2814469,Walsheim,
2825001,2810828,Wernersberg,
2825001,2809834,Weyher,
2827478,2955519,Arneburg,
2827478,2953428,Badingen,
2827478,2951473,Behrendorf,
2827478,2949548,Beuster,
2827478,2948229,Bismark (Altmark),Bismark
2827478,2948154,Bittkau,
2827478,2944206,Bretsch,
2827478,2939432,Dahlen,
2827478,2932067,Eichstedt (Altmark),Eichstedt
2827478,2929244,Erxleben,
2827478,2926578,Fischbeck,
2827478,2926252,Flessau,
2827478,2919415,Goldbeck,
2827478,2917504,Grieben,
2827478,2915616,Groß Garz,
2827478,2909445,Hassel,
2827478,2908644,Havelberg,
2827478,2908310,Heeren,
2827478,2901900,Hohenberg-Krusemark,
2827478,2896747,Iden,
2827478,2895926,Insel,
2827478,2895177,Jarchau,
2827478,2893430,Kamern,
2827478,2890140,Kläden,Klaeden
2827478,2887805,Klietz,
2827478,2885798,Königsmark,Koenigsmark
2827478,2884024,Krevese,
2827478,2883476,Krüden,Krueden
2827478,2875467,Lückstedt,Lueckstedt
2827478,2875445,Lüderitz,Luederitz
2827478,2871638,Messdorf,
2827478,2915245,Möringen,Moeringen
2827478,2856639,Osterburg,Hansestadt Osterburg|Osterburg (Altmark)|Hansestadt Osterburg (Altmark)
2827478,2846267,Rochau,
2827478,2842033,Sandau,
2827478,2837155,Schollene,
2827478,2836948,Schönberg,Schoenberg
2827478,2836587,Schönhausen,Schoenhausen
2827478,2833800,Seehausen,Hansestadt Seehausen|Seehausen (Altmark)|Hansestadt Seehausen (Altmark)
2827478,2827479,Stendal,
2827478,2824255,Tangerhütte,Tangerhuette
2827478,2824254,Tangermünde,Tangermuende
2827478,2820529,Uchtspringe,
2827478,2820452,Uenglingen,
2827478,2810983,Werben,Hansestadt Werben|Hansestadt Werben (Elbe)|Werben (Elbe)
2827478,2805567,Wust,
2829456,2956253,Andechs,
2829456,2950767,Berg am Starnberger See,Berg
2829456,2927464,Feldafing,
2829456,2922230,Gauting,
2829456,2920433,Gilching,
2829456,2905604,Herrsching am Ammersee,
2829456,2895938,Inning am Ammersee,
2829456,2884878,Krailling,
2829456,2853066,Pöcking,
2829456,2833866,Seefeld,
2829456,2829457,Starnberg,
2829456,2820692,Tutzing,
2829456,2810587,Weßling,
2829456,2806072,Wörthsee,Woerthsee
2831245,2953666,Bachfeld,
2831245,2925890,Föritz,Foeritz
2831245,2919292,Goldisthal,
2831245,2894617,Judenbach,
2831245,2880052,Lauscha,
2831245,2878153,Lichte,
2831245,2871958,Mengersgereuth-Hämmern,Mengersgereuth-Haemmern
2831245,2865133,Neuhaus am Rennweg,
2831245,2865053,Neuhaus-Schierschnitz,
2831245,2853799,Piesau,
2831245,2840590,Schalkau,
2831245,2840044,Scheibe-Alsbach,
2831245,2831250,Sonneberg,
2831245,2828907,Steinach,
2831245,2827999,Steinheid,
2831402,2958180,Alperstedt,
2831402,2956179,Andisleben,
2831402,2951441,Beichlingen,
2831402,2942680,Büchel,
2831402,2940518,Buttstädt,Buttstaedt
2831402,2933524,Eckstedt,
2831402,2930630,Elxleben,
2831402,2922711,Gangloffsömmern,Gangloffsoemmern
2831402,2922177,Gebesee,
2831402,2917484,Griefstedt,
2831402,2915255,Großmölsen,Grossmoelsen
2831402,2915252,Großmonra,
2831402,2915231,Großneuhausen,
2831402,2915107,Großrudestedt,
2831402,2913625,Günstedt,Guenstedt
2831402,2909325,Haßleben,
2831402,2906297,Henschleben,
2831402,2905602,Herrnschwende,
2831402,2890880,Kindelbrück,Kindelbrueck
2831402,2888484,Kleinmölsen,
2831402,2888450,Kleinneuhausen,
2831402,2886363,Kölleda,Koelleda
2831402,2873276,Markvippach,
2831402,2862311,Nöda,
2831402,2857328,Ollendorf,
2831402,2856220,Ostramondra,
2831402,2850248,Rastenberg,
2831402,2846815,Riethgen,
2831402,2846811,Riethnordhausen,
2831402,2846594,Ringleben,
2831402,2839207,Schillingstedt,
2831402,2838250,Schloßvippach,
2831402,2834266,Schwerstedt,
2831402,2831403,Sömmerda,Soemmerda
2831402,2829990,Sprötau,Sproetau
2831402,2826073,Straußfurt,
2831402,2820491,Udestedt,
2831402,2816884,Vogelsberg,
2831402,2814479,Walschleben,
2831402,2811860,Weißensee,
2831402,2810801,Werningshausen,
2831402,2807300,Witterda,
2831402,2805793,Wundersleben,
2831482,2959237,Ahlden,Ahlden (Aller)|Ahlden (Aller) Flecken|Ahlden Flecken (Aller)|Ahlden Flecken
2831482,2927871,Bad Fallingbostel,
2831482,2948222,Bispingen,
2831482,2946952,Böhme,
2831482,2946524,Bomlitz,
2831482,2942360,Buchholz (Aller),Buchholz
2831482,2932024,Eickeloh,
2831482,2928821,Essel,
2831482,2925611,Frankenfeld,
2831482,2920386,Gilten,
2831482,2917596,Grethem,
2831482,2912811,Hademstorf,
2831482,3206408,Häuslingen,
2831482,2902818,Hodenhagen,
2831482,2877104,Lindwedel,
2831482,2867542,Munster,
2831482,2865637,Neuenkirchen,
2831482,2848051,Rethem (Aller),Rethem
2831482,2837291,Schneverdingen,
2831482,2835220,Schwarmstedt,
2831482,2831486,Soltau,
2831482,2814462,Walsrode,
2831482,2809085,Wietzendorf,
2834281,2834282,Schwerin,
2834685,2953520,Bad Dürrheim,
2834685,2947584,Blumberg,
2834685,2945051,Bräunlingen,
2834685,2938740,Dauchingen,
2834685,2936267,Donaueschingen,
2834685,2923521,Furtwangen im Schwarzwald,Furtwangen
2834685,2913414,Gütenbach,Guetenbach
2834685,2898028,Hüfingen,
2834685,2885888,Königsfeld im Schwarzwald,Königsfeld
2834685,2869808,Mönchweiler,Moenchweiler
2834685,2863457,Niedereschach,
2834685,2841619,Sankt Georgen im Schwarzwald,
2834685,2837096,Schonach im Schwarzwald,
2834685,2836451,Schönwald im Schwarzwald,Schönwald
2834685,2821216,Triberg,
2834685,2820786,Tuningen,
2834685,2819248,Unterkirnach,
2834685,2817220,Villingen-Schwenningen,
2834685,2816762,Vöhrenbach,
2838633,2959153,Ahneby,
2838633,2958066,Alt Bennebek,
2838633,2955501,Arnis,
2838633,2953989,Ausacker,
2838633,2950607,Bergenhusen,
2838633,2947051,Böel,
2838633,2946745,Böklund,
2838633,2946610,Bollingstedt,
2838633,2946316,Boren,
2838633,2946238,Borgwedel,
2838633,2946192,Börm,
2838633,2945683,Böxlund,
2838633,2944975,Brebel,
2838633,2943923,Brodersby,
2838633,2940742,Busdorf,
2838633,2938976,Dannewerk,
2838633,2936366,Dollerup,
2838633,2936335,Dollrottfeld,
2838633,2935586,Dörpstedt,
2838633,2933150,Eggebek,
2838633,2930914,Ellingstedt,
2838633,2929685,Erfde,
2838633,2928905,Esgrus,
2838633,2928170,Fahrdorf,
2838633,2925134,Freienwill,
2838633,2921444,Gelting,
2838633,2921437,Geltorf,
2838633,2919765,Glücksburg,Gluecksburg|Glücksburg (Ostsee)
2838633,2919170,Goltoft,
2838633,2917190,Grödersby,
2838633,2915143,Groß Rheide,
2838633,2916570,Großenwiehe,
2838633,2915028,Großsolt,
2838633,2914347,Grundhof,
2838633,2910986,Handewitt,
2838633,2910302,Harrislee,
2838633,2909418,Hasselberg,
2838633,2908604,Havetoft,
2838633,2908602,Havetoftloit,
2838633,2900409,Hollingstedt,
2838633,2900240,Holt,
2838633,2898512,Hörup,Hoerup
2838633,2897211,Hürup,
2838633,2897200,Husby,
2838633,2896739,Idstedt,
2838633,2895445,Jagel,
2838633,2895200,Janneby,
2838633,2895174,Jardelund,
2838633,3208552,Jarplund-Weding,
2838633,2895000,Jerrishoe,
2838633,2894699,Jörl,Joerl
2838633,2894644,Jübek,Juebek
2838633,2893023,Kappeln / Schleswig-Holst.,Kappeln
2838633,2890066,Klappholz,
2838633,2889746,Klein Bennebek,
2838633,2888333,Klein Rheide,
2838633,2883648,Kronsgaard,
2838633,2883591,Kropp,
2838633,2881402,Langballig,
2838633,2880573,Langstedt,
2838633,2877204,Lindewitt,
2838633,2876064,Loit,
2838633,2875742,Lottorf,
2838633,2875027,Lürschau,
2838633,2874674,Maasbüll,Maasbuell
2838633,2874663,Maasholm,
2838633,2872553,Medelby,
2838633,2872463,Meggerdorf,
2838633,2871394,Meyn,
2838633,3208557,Mohrkirch,
2838633,2867582,Munkbrarup,
2838633,2866208,Neuberend,
2838633,2863694,Nieby,
2838633,2862465,Niesgrau,
2838633,2862093,Norderbrarup,
2838633,2862027,Norderstapel,
2838633,2861996,Nordhackstedt,
2838633,2861739,Nottfeld,
2838633,2861711,Nübel,
2838633,2857047,Oersberg,
2838633,2855834,Oeversee,
2838633,2856635,Osterby,
2838633,2852765,Pommerby,
2838633,2851385,Quern,
2838633,2851273,Rabel,
2838633,2851231,Rabenholz,
2838633,3208562,Rabenkirchen-Faulück,Rabenkirchen-Faulueck
2838633,2846590,Ringsberg,
2838633,2843302,Rügge,
2838633,2841682,Sankelmark,
2838633,2841320,Satrup,
2838633,2841074,Saustrup,
2838633,2841027,Schaalby,
2838633,2840732,Schafflund,
2838633,2840058,Scheggerott,
2838633,2838634,Schleswig,
2838633,3208567,Schnarup-Thumby,
2838633,2836031,Schuby,
2838633,2833228,Selk,
2838633,2832276,Sieverstedt,
2838633,2832114,Silberstedt,
2838633,2831532,Sollerup,
2838633,2830919,Sörup,
2838633,2829534,Stangheck,
2838633,13252101,Stapel,
2838633,2828428,Steinberg,
2838633,2828396,Steinbergkirche,
2838633,2828129,Steinfeld,
2838633,2827284,Sterup,
2838633,2826591,Stolk,
2838633,2826516,Stoltebüll,
2838633,2825570,Struxdorf,
2838633,2825186,Süderbrarup,
2838633,2825156,Süderfahrenstedt,
2838633,2825145,Süderhackstedt,
2838633,2825077,Süderstapel,Suederstapel
2838633,2824441,Taarstedt,
2838633,2823978,Tarp,
2838633,2823953,Tastrup,
2838633,2823401,Tetenhusen,
2838633,2822269,Tielen,
2838633,2821956,Tolk,
2838633,2821389,Treia,
2838633,2820687,Twedt,
2838633,2820214,Ülsby,
2838633,2820210,Ulsnis,
2838633,2815491,Wagersrott,
2838633,2814526,Wallsbüll,Wallsbuell
2838633,2814312,Wanderup,
2838633,2813427,Wees,
2838633,2813425,Weesby,
2838633,2810305,Westerholz,
2838633,2807075,Wohlde,
2840133,2959146,Ahnsen,
2840133,2955822,Apelern,
2840133,2954123,Auhagen,
2840133,2953516,Bad Eilsen,
2840133,2953394,Bad Nenndorf,
2840133,2951717,Beckedorf,
2840133,2942367,Buchholz,
2840133,2942159,Bückeburg,Bueckeburg
2840133,2912534,Hagenburg,
2840133,2909296,Haste,
2840133,2908268,Heeßen,
2840133,2906660,Helpsen,
2840133,2905394,Hespe,
2840133,2905044,Heuerßen,
2840133,2900865,Hohnhorst,
2840133,2897800,Hülsede,
2840133,2880189,Lauenau,
2840133,2880176,Lauenhagen,
2840133,2877171,Lindhorst,
2840133,2875427,Lüdersfeld,
2840133,2875250,Luhden,
2840133,2872512,Meerbeck,
2840133,2871623,Messenkamp,
2840133,2863031,Niedernwöhren,
2840133,2862541,Nienstädt,
2840133,2861873,Nordsehl,
2840133,2859532,Obernkirchen,
2840133,2852978,Pohle,
2840133,2852847,Pollhagen,
2840133,2849249,Rehren,
2840133,2846523,Rinteln,
2840133,2846040,Rodenberg,
2840133,2842531,Sachsenhagen,
2840133,2833521,Seggebruch,
2840133,2829777,Stadthagen,
2840133,2809587,Wiedensahl,
2840133,2806320,Wölpinghausen,
2841464,2925038,Freisen,
2841464,2873224,Marpingen,
2841464,2867120,Namborn,
2841464,2862294,Nohfelden,
2841464,2862174,Nonnweiler,
2841464,2858807,Oberthal,
2841464,2841463,Sankt Wendel,
2841464,2822713,Tholey,
2842111,2952968,Bandau,
2842111,2951522,Beetzendorf,
2842111,2950661,Berge,
2842111,2943278,Brunau,
2842111,2941891,Bühne,Buehne
2842111,2939365,Dähre,Daehre
2842111,2916638,Engersen,
2842111,2955816,Flecken Apenburg,Apenburg
2842111,2937238,Flecken Diesdorf,Diesdorf
2842111,2926317,Fleetmark,
2842111,2922580,Gardelegen,
2842111,2842112,Hansestadt Salzwedel,Salzwedel
2842111,2906323,Henningen,
2842111,2896303,Immekath,
2842111,2895269,Jahrstedt,
2842111,2895117,Jävenitz,Jaevenitz
2842111,2894646,Jübar,Juebar
2842111,2893953,Kakerbeck,
2842111,2893939,Kalbe (Milde),Kalbe
2842111,2889784,Kleinau,
2842111,2887432,Kloster Neuendorf,
2842111,2887380,Klötze,Kloetze
2842111,2882875,Kuhfelde,
2842111,2882467,Kunrau,
2842111,2882260,Kusey,
2842111,2878410,Letzlingen,
2842111,2877112,Lindstedt,
2842111,2955651,Luftkurort Arendsee,
2842111,2871183,Mieste,
2842111,2871182,Miesterhorst,
2842111,2856319,Osterwohle,
2842111,2852159,Pretzier,
2842111,2845652,Rohrberg,
2842111,2831491,Solpke,
2842111,2814518,Wallstawe,
2842111,2811022,Wenze,
2842111,2807775,Winterfeld,
2842671,2958699,Alberstedt,
2842671,2956081,Angersdorf,
2842671,2953521,Bad Dürrenberg,Bad Duerrenberg
2842671,2953412,Bad Lauchstädt,Bad Lauchstaedt
2842671,2952461,Barnstädt,Barnstaedt
2842671,2951531,Beesenstedt,
2842671,2950999,Bennstedt,
2842671,2949582,Beuna,
2842671,2945630,Brachstedt,
2842671,2945606,Brachwitz,
2842671,2945151,Braschwitz,
2842671,2945041,Braunsbedra,
2842671,2938377,Delitz am Berge,
2842671,2937228,Dieskau,
2842671,2936431,Dölbau,Doelbau
2842671,2936343,Döllnitz,Doellnitz
2842671,2936278,Domnitz,
2842671,2935645,Dornstedt,
2842671,2929383,Ermlitz,
2842671,2928847,Esperstedt,
2842671,2927798,Farnstädt,
2842671,2925499,Frankleben,
2842671,2920768,Geusa,
2842671,2917217,Gröbers,Groebers
2842671,2915434,Großkayna,
2842671,2915367,Großkugel,
2842671,2914795,Gröst,Groest
2842671,2913571,Günthersdorf,Guenthersdorf
2842671,2913405,Gutenberg,
2842671,2901397,Hohenthurm,
2842671,2901353,Hohenweiden,
2842671,2900849,Höhnstedt,Hoehnstedt
2842671,2900617,Holleben,
2842671,2887615,Klobikau,
2842671,2887576,Kloschwitz,
2842671,2887270,Knapendorf,
2842671,2885196,Kötschlitz,Koetschlitz
2842671,2885074,Kötzschau,Koetzschau
2842671,2883562,Krosigk,
2842671,2883246,Krumpa,
2842671,2881508,Landsberg,
2842671,2881150,Langenbogen,
2842671,2881097,Langeneichstädt,Langeneichstaedt
2842671,2878350,Leuna,
2842671,2877767,Lieskau,
2842671,2876739,Löbejün,Loebejuen
2842671,2876645,Lochau,
2842671,2871736,Merseburg,
2842671,2871065,Milzau,
2842671,2869229,Morl,
2842671,2868933,Mücheln,Muecheln
2842671,2866925,Nauendorf,
2842671,3207089,Nemsdorf-Göhrendorf,Nemsdorf-Goehrendorf
2842671,3207091,Neutz-Lettewitz,
2842671,2862643,Niemberg,
2842671,2858426,Obhausen,
2842671,2857654,Oechlitz,
2842671,2857142,Oppin,
2842671,2856215,Ostrau,
2842671,2855032,Peißen,
2842671,2854701,Petersberg,
2842671,2853131,Plötz,Ploetz
2842671,2851455,Queis,
2842671,2851393,Querfurt,
2842671,2850266,Raßnitz,
2842671,2847887,Reußen,
2842671,2844061,Rothenburg,
2842671,2842124,Salzmünde,Salzmuende
2842671,2840647,Schafstädt,Schafstaedt
2842671,2839044,Schkopau,
2842671,2837643,Schmon,
2842671,2837225,Schochwitz,
2842671,2836182,Schraplau,
2842671,2834257,Schwerz,
2842671,2833012,Sennewitz,
2842671,2832304,Sietzsch,
2842671,2830620,Spergau,
2842671,2830573,Spickendorf,
2842671,2829011,Steigra,
2842671,2827189,Steuden,
2842671,2823667,Teicha,
2842671,2823230,Teutschenthal,
2842671,2821930,Tollwitz,
2842671,2821439,Trebitz,
2842671,2817114,Vitzenburg,
2842671,2814640,Wallendorf,
2842671,2814512,Wallwitz,
2842671,2811864,Weißenschirmbach,
2842671,2809939,Wettin,
2842671,2805223,Zappendorf,
2842671,2804485,Ziegelroda,
2842671,2803875,Zöschen,Zoeschen
2842671,2803824,Zscherben,
2843324,2957949,Altefähr,Altefaehr
2843324,2957566,Altenkirchen,
2843324,2957516,Altenpleen,
2843324,2953327,Bad Sülze,Bad Suelze
2843324,2952372,Barth,
2843324,2950620,Bergen auf Rügen,Bergen auf Ruegen|Bergen|Bergen bei Rügen
2843324,2946176,Born,
2843324,2945209,Brandshagen,
2843324,2944869,Breege,
2843324,2937764,Deyelsdorf,
2843324,2935325,Dranske,
2843324,2935023,Dreschvitz,
2843324,2931333,Eixen,
2843324,2930855,Elmenhorst,
2843324,2925488,Franzburg,
2843324,2923861,Fuhlendorf,
2843324,2922419,Garz,
2843324,2920342,Gingst,
2843324,2919926,Glewitz,
2843324,2919782,Glowe,
2843324,2918160,Grammendorf,
2843324,2918090,Gransebieth,
2843324,2917309,Grimmen,
2843324,2915256,Groß Mohrdorf,
2843324,3209281,Hiddensee,
2843324,2895246,Jakobsdorf,
2843324,2890604,Kirchdorf,
2843324,2889989,Klausdorf,
2843324,2884823,Kramerhof,
2843324,2876697,Löbnitz,Loebnitz
2843324,2876215,Lohme,
2843324,2874984,Lüssow,Luessow
2843324,2873250,Marlow,
2843324,2862525,Niepars,
2843324,2856200,Ostseebad Ahrenshoop,
2843324,2856199,Ostseebad Baabe,
2843324,2856198,Ostseebad Binz,
2843324,2856196,Ostseebad Dierhagen,
2843324,2856195,Ostseebad Göhren,Ostseebad Goehren|Göhren|Göhren (Rügen)
2843324,2856191,Ostseebad Prerow,
2843324,2855565,Pantelitz,
2843324,2855436,Parchtitz,
2843324,2855226,Patzig,
2843324,2852541,Poseritz,
2843324,2852279,Preetz,
2843324,2851916,Prohn,
2843324,2851841,Pruchten,
2843324,2851615,Putbus,
2843324,2850718,Rambin,
2843324,2847524,Ribnitz-Damgarten,
2843324,2847490,Richtenberg,
2843324,2842725,Saal,
2843324,2842434,Sagard,
2843324,2842059,Samtens,
2843324,2841333,Sassnitz,
2843324,2840403,Schaprode,
2843324,2833488,Sehlen,
2843324,2856189,Sellin,
2843324,2833110,Semlow,
2843324,2830193,Splietsdorf,
2843324,2828045,Steinhagen,
2843324,2826510,Stoltenhagen,
2843324,2826287,Stralsund,
2843324,2821319,Trent,
2843324,2821211,Tribsees,
2843324,2821106,Trinwillershagen,
2843324,2820186,Ummanz,
2843324,2817703,Velgast,
2843324,2811236,Wendisch Baggendorf,
2843324,2811187,Wendorf,
2843324,2809651,Wieck,
2843324,2809509,Wiek,
2843324,2807325,Wittenhagen,
2843324,2805195,Zarrendorf,
2843324,2804135,Zingst,
2843774,2955429,Arnstorf,
2843774,2948384,Bad Birnbach,
2843774,2951857,Bayerbach,
2843774,2937142,Dietersburg,
2843774,2933115,Eggenfelden,
2843774,2933029,Egglham,
2843774,2929631,Ering,
2843774,2928017,Falkenberg,
2843774,2922716,Gangkofen,
2843774,2921200,Geratskirchen,
2843774,2908531,Hebertsfelden,
2843774,2894771,Johanniskirchen,
2843774,2894566,Julbach,
2843774,2890602,Kirchdorf am Inn,
2843774,2874104,Malgersdorf,
2843774,2872972,Massing,
2843774,2870359,Mitterskirchen,
2843774,2854179,Pfarrkirchen,
2843774,2852479,Postmünster,
2843774,2847865,Reut,
2843774,2846759,Rimbach,
2843774,2844844,Roßbach,
2843774,2837072,Schönau,
2843774,2832043,Simbach am Inn,
2843774,2825519,Stubenberg,
2843774,2824230,Tann,
2843774,2821143,Triftern,
2843774,2819823,Unterdietfurt,
2843774,2807267,Wittibreut,
2843774,2805694,Wurmannsquick,
2843774,2805006,Zeilarn,
2844587,2844588,Rostock,
2847553,2954723,Aubstadt,
2847553,2885829,Bad Königshofen,Bad Königshofen im Grabfeld
2847553,2953389,Bad Neustadt an der Saale,
2847553,2952238,Bastheim,
2847553,2948287,Bischofsheim in der Rhön,Bischofsheim in der Rhoen
2847553,2941204,Burglauer,
2847553,2926402,Fladungen,
2847553,2917013,Großbardorf,
2847553,2916731,Großeibstadt,
2847553,2908875,Hausen,
2847553,2906490,Hendungen,
2847553,2906184,Herbstadt,
2847553,2904986,Heustreu,
2847553,2903180,Höchheim,
2847553,2901514,Hohenroth,
2847553,2900375,Hollstadt,
2847553,2872047,Mellrichstadt,
2847553,2863178,Niederlauer,
2847553,2860932,Oberelsbach,
2847553,2858874,Oberstreu,
2847553,2856284,Ostheim v.d. Rhön,Ostheim
2847553,2846089,Rödelmaier,Roedelmaier
2847553,2842720,Saal a. d. Saale,Saal an der Saale
2847553,2842203,Salz,
2847553,2841935,Sandberg,
2847553,2837042,Schönau an der Brend,Schoenau an der Brend
2847553,2831269,Sondheim vor der Rhön,Sondheim vor der Rhoen
2847553,2826741,Stockheim,
2847553,2826294,Strahlungen,
2847553,2824741,Sulzfeld,
2847553,2821555,Trappstadt,
2847553,2820065,Unsleben,
2847553,2808521,Willmars,
2847553,2806442,Wollbach,
2847553,2805928,Wülfershausen,Wuelfershausen
2847604,2958516,Alfter,
2847604,2953435,Bad Honnef,
2847604,2950175,Berkum,
2847604,2946111,Bornheim,
2847604,2931361,Eitorf,
2847604,2920370,Gimmersdorf,
2847604,2907105,Heisterbacherrott,
2847604,2906376,Hennef (Sieg),
2847604,2885734,Königswinter,Koenigswinter
2847604,2877986,Ließem,
2847604,2876218,Lohmar,
2847604,2872582,Meckenheim,
2847604,2868936,Much,
2847604,2863630,Niederbachem,
2847604,2863223,Niederkassel,
2847604,2859422,Oberpleis,
2847604,2855148,Pech,
2847604,2847666,Rheinbach,
2847604,2842960,Ruppichteroth,
2847604,2834086,Sechtem,
2847604,2832521,Siegburg,
2847604,2841648,St. Augustin,Sankt Augustin
2847604,2826359,Stoßdorf,
2847604,2821029,Troisdorf,
2847604,2820525,Uckerath,
2847604,2815678,Wachtberg,
2847614,2957021,Altlußheim,
2847614,2952993,Balzfeld,
2847614,2952973,Bammental,
2847614,2943321,Brühl,
2847614,2937407,Dielheim,
2847614,2935453,Dossenheim,
2847614,2934020,Eberbach,
2847614,2933345,Edingen-Neckarhausen,
2847614,2929872,Epfenbach,
2847614,2929863,Eppelheim,
2847614,2929112,Eschelbronn,
2847614,2923334,Gaiberg,
2847614,2908400,Heddesbach,
2847614,2908398,Heddesheim,
2847614,2907501,Heiligkreuzsteinach,
2847614,11670101,Helmstadt-Bargen,
2847614,2906514,Hemsbach,
2847614,11670104,Hirschberg an der Bergstraße,
2847614,2902852,Hockenheim,
2847614,2902584,Hoffenheim,
2847614,2896468,Ilvesheim,
2847614,2891343,Ketsch,
2847614,2881980,Ladenburg,
2847614,2880204,Laudenbach,
2847614,2879241,Leimen,
2847614,11670108,Lobbach,
2847614,2874047,Malsch,
2847614,2872815,Mauer,
2847614,2872580,Meckesheim,
2847614,2868004,Mühlhausen,
2847614,2866779,Neckarbischofsheim,
2847614,2866774,Neckargemünd,
2847614,2866606,Neidenstein,
2847614,2864577,Neulußheim,
2847614,2861579,Nußloch,
2847614,2857752,Oftersheim,
2847614,2853435,Plankstadt,
2847614,2850056,Rauenberg,
2847614,2849209,Reichartshausen,
2847614,2848867,Reilingen,
2847614,2841835,Sandhausen,
2847614,3272456,Sankt Leon-Rot,
2847614,2837064,Schönau,
2847614,2836089,Schriesheim,
2847614,2834240,Schwetzingen,
2847614,2831872,Sinsheim,
2847614,2830761,Spechbach,
2847614,2815328,Waibstadt,
2847614,2814670,Walldorf,Walldorf / Baden-Württemb.
2847614,2812174,Weinheim,
2847614,2809277,Wiesenbach,
2847614,2809138,Wiesloch,
2847614,2808734,Wilhelmsfeld,
2847614,2803642,Zuzenhausen,
2849645,2940231,Castrop-Rauxel,
2849645,2938784,Datteln,
2849645,2935530,Dorsten,
2849645,2920236,Gladbeck,
2849645,2911395,Haltern in Westfalen,Haltern am See
2849645,2905560,Herten,
2849645,2873263,Marl,
2849645,2857904,Oer-Erkenschwick,
2849645,2849647,Recklinghausen,
2849645,2847710,Rhade,
2849645,2814362,Waltrop,
2852455,2852458,Potsdam,
2852456,2951134,Bad Belzig,
2852456,2951595,Beelitz,
2852456,3208736,Bensdorf,
2852456,2946214,Borkheide,
2852456,2946203,Borkwalde,
2852456,2943516,Brück,Brueck
2852456,2926941,Fichtenwalde,Beelitz Ortsteil Fichtenwalde|Beelitz (Mark) OT Fichtenwalde
2852456,2919156,Golzow,
2852456,2918896,Görzke,Goerzke
2852456,2918463,Gräben,
2852456,2915375,Groß Kreutz,
2852456,2888523,Kleinmachnow,
2852456,2876965,Linthe,
2852456,2871279,Michendorf,
2852456,2862640,Niemegk,
2852456,2855151,Päwesin,
2852456,2844880,Roskow,
2852456,2829657,Stahnsdorf,
2852456,2823567,Teltow,
2852456,2821248,Treuenbrietzen,
2852456,2811007,Wenzlow,
2852456,2810945,Werder,
2852456,2809259,Wiesenburg,
2852456,2806399,Wollin,
2852456,2805475,Wusterwitz,
2852456,2804279,Ziesar,
2853161,2955223,Ascheberg,
2853161,2952535,Barmissen,
2853161,2952419,Barsbek,
2853161,2951465,Behrensdorf,
2853161,2951270,Belau,
2853161,2951114,Bendfeld,
2853161,2947813,Blekendorf,
2853161,2946740,Boksee,
2853161,2946482,Bönebüttel,
2853161,2945911,Bösdorf,Boesdorf
2853161,2945797,Bothkamp,
2853161,2943921,Brodersdorf,
2853161,2939004,Dannau,
2853161,2938033,Dersau,
2853161,2936613,Dobersdorf,
2853161,2935672,Dörnick,Doernick
2853161,2928165,Fahren,
2853161,3209156,Fargau-Pratjau,
2853161,2926912,Fiefbergen,
2853161,2920634,Giekau,
2853161,2917846,Grebin,
2853161,2917011,Großbarkau,
2853161,2915554,Großharrie,
2853161,2907685,Heikendorf,
2853161,2906670,Helmstorf,
2853161,2902284,Högsdorf,
2853161,2901783,Hohenfelde,
2853161,2900884,Höhndorf,
2853161,2900816,Hohwacht,
2853161,2899352,Honigsee,
2853161,2893477,Kalübbe,
2853161,2890762,Kirchbarkau,
2853161,2890405,Kirchnüchel,
2853161,2890093,Klamp,
2853161,2889990,Klausdorf,
2853161,2889766,Klein Barkau,
2853161,2887858,Kletkamp,
2853161,2886505,Köhn,
2853161,2883801,Krokau,
2853161,2883366,Krummbek,
2853161,2882692,Kühren,
2853161,2882059,Laboe,
2853161,2881728,Lammershagen,
2853161,2879797,Lebrade,
2853161,2879464,Lehmkuhlen,
2853161,2875918,Löptin,
2853161,2874919,Lütjenburg,Luetjenburg
2853161,2874828,Lutterbek,
2853161,2873159,Martensrade,
2853161,2869783,Mönkeberg,
2853161,2868931,Mucheln,
2853161,2866634,Nehmten,
2853161,2866345,Nettelsee,
2853161,2855602,Panker,
2853161,2855331,Passade,
2853161,2853162,Plön,Ploen
2853161,2852957,Pohnsdorf,
2853161,2852498,Postfeld,
2853161,2852326,Prasdorf,
2853161,2852280,Preetz,
2853161,2851946,Probsteierhagen,
2853161,2850777,Raisdorf,
2853161,2850418,Rantzau,
2853161,2850242,Rastorf,
2853161,2850203,Rathjensdorf,
2853161,2848243,Rendswühren,
2853161,2843177,Ruhwinkel,
2853161,2839812,Schellhorn,
2853161,2839203,Schillsdorf,
2853161,2838638,Schlesen,
2853161,2836532,Schönkirchen,
2853161,2835216,Schwartbuck,
2853161,2833259,Selent,
2853161,2829638,Stakendorf,
2853161,2828929,Stein,
2853161,2826536,Stolpe,
2853161,2826511,Stoltenberg,
2853161,2823956,Tasdorf,
2853161,2821000,Tröndel,
2853161,2815390,Wahlstorf (Dorf),
2853161,2814246,Wankendorf,
2853161,2814062,Warnau,
2853161,2811173,Wendtorf,
2853161,2807496,Wisch,
2853161,2807224,Wittmoldt,
2853657,2955745,Appen,
2853657,2952531,Barmstedt,
2853657,2949486,Bevern,
2853657,2948902,Bilsen,
2853657,2946799,Bokel,
2853657,2946753,Bokholt-Hanredder,
2853657,2946421,Bönningstedt,
2853657,2945982,Borstel-Hohenraden,
2853657,2945382,Brande-Hörnerkirchen,
2853657,2941789,Bullenkuhlen,
2853657,2931024,Ellerbek,
2853657,2931000,Ellerhoop,
2853657,2930821,Elmshorn,
2853657,2915219,Groß Nordende,
2853657,3208297,Groß Offenseth-Aspern,
2853657,2911408,Halstenbek,
2853657,2909886,Haselau,
2853657,2909821,Haseldorf,
2853657,2909489,Hasloh,
2853657,2908349,Heede,
2853657,2907780,Heidgraben,
2853657,2907111,Heist,
2853657,3208547,Helgoland,
2853657,2906605,Hemdingen,
2853657,2905245,Hetlingen,
2853657,2900341,Holm,
2853657,2888436,Klein Nordende,
2853657,3208303,Klein Offenseth-Sparrieshoop,
2853657,2886281,Kölln-Reisiek,
2853657,2882543,Kummerfeld,
2853657,2881301,Langeln,
2853657,2874721,Lutzhorn,
2853657,2869627,Moorrege,
2853657,2865799,Neuendeich,
2853657,2856493,Osterhorn,
2853657,2853658,Pinneberg,
2853657,2851994,Prisdorf,
2853657,2851343,Quickborn,
2853657,2851289,Raa-Besenbek,
2853657,2848340,Rellingen,
2853657,2833585,Seester,
2853657,2833582,Seestermühe,
2853657,2833576,Seeth,
2853657,2833571,Seeth-Ekholt,
2853657,2824246,Tangstedt,
2853657,2821779,Tornesch,
2853657,2818067,Uetersen,
2853657,2813464,Wedel,
2853657,2810300,Westerhorn,
2854385,3208325,Baar-Ebenhausen,
2854385,2929353,Ernsgaden,
2854385,2921713,Geisenfeld,
2854385,2920967,Gerolsbach,
2854385,2905222,Hettenshausen,
2854385,2896506,Ilmmünster,
2854385,2894907,Jetzendorf,
2854385,2873992,Manching,
2854385,2867637,Münchsmünster,
2854385,2854386,Pfaffenhofen an der Ilm,
2854385,2852599,Pörnbach,
2854385,2849023,Reichertshausen,
2854385,2849017,Reichertshofen,
2854385,2845721,Rohrbach,
2854385,2839527,Scheyern,
2854385,2834416,Schweitenkirchen,
2854385,2816776,Vohburg an der Donau,
2854385,2806339,Wolnzach,
2856827,2959927,Aalen,
2856827,2959766,Abtsgmünd,
2856827,2959530,Adelmannsfelden,
2856827,2952359,Bartholomä,
2856827,3206154,Böbingen an der Rems,
2856827,2946368,Bopfingen,
2856827,2934466,Durlangen,
2856827,2931080,Ellenberg,
2856827,2930889,Ellwangen,
2856827,2929177,Eschach,
2856827,2928761,Essingen,
2856827,2919524,Göggingen,
2856827,2913972,Gschwend,
2856827,2905154,Heubach,
2856827,2905062,Heuchlingen,
2856827,2896877,Hüttlingen,
2856827,2896677,Iggingen,
2856827,2895304,Jagstzell,
2856827,2890481,Kirchheim am Ries,
2856827,2880215,Lauchheim,
2856827,2879159,Leinzell,
2856827,2875909,Lorch,
2856827,2870202,Mögglingen,
2856827,2867335,Mutlangen,
2856827,2866486,Neresheim,
2856827,2864616,Neuler,
2856827,2860567,Obergröningen,
2856827,2860049,Oberkochen,
2856827,2845056,Rosenberg,
2856827,2842974,Ruppertshofen,
2856827,2840116,Schechingen,
2856827,2835482,Schwäbisch Gmünd,Schwaebisch Gmuend
2856827,2830133,Spraitbach,
2856827,2826637,Stödtlen,
2856827,2824393,Täferrot,
2856827,2824055,Tannhausen,
2856827,2818754,Unterschneidheim,
2856827,2814775,Waldstetten,
2856827,2810136,Westhausen,
2856827,2806097,Wört,
2857455,2951711,Beckeln,
2857455,2939900,Colnrade,
2857455,2935441,Dötlingen,
2857455,2934548,Dünsen,Duensen
2857455,2922731,Ganderkesee,
2857455,2915459,Groß Ippener,
2857455,2916611,Großenkneten,
2857455,2910344,Harpstedt Flecken,Harpstedt
2857455,2909268,Hatten,
2857455,2898079,Hude (Oldenburg),Hude
2857455,2890382,Kirchseelte,
2857455,2852013,Prinzhöfte,
2857455,2814146,Wardenburg,
2857455,2808893,Wildeshausen,
2857455,2807956,Winkelsett,
2861443,2956787,Altusried,
2861443,2953116,Balderschwang,
2861443,2949646,Betzigau,
2861443,2948114,Blaichach,
2861443,2946583,Bolsterlang,
2861443,2942566,Buchenberg,
2861443,2941422,Burgberg im Allgäu,Burgberg
2861443,2937077,Dietmannsried,
2861443,2934509,Durach,
2861443,2911580,Haldenwang,
2861443,2896261,Immenstadt im Allgäu,
2861443,2880282,Lauben,
2861443,3205552,Missen-Wilhams,
2861443,2866077,Neuburg,
2861443,2859832,Obermaiselstein,
2861443,2858966,Oberstaufen,
2861443,2858964,Oberstdorf,
2861443,2857753,Ofterschwang,
2861443,3205561,Oy-Mittelberg,
2861443,2847985,Rettenberg,
2861443,2831088,Sonthofen,
2861443,2824787,Sulzberg,
2861443,2814445,Waltenhofen,
2861443,2811614,Weitnau,
2861443,2810728,Wertach,
2861443,2809065,Wiggensbach,
2861443,2808833,Wildpoldsried,
2861979,2954069,Auleben,
2861979,2947837,Bleicherode,
2861979,2942372,Buchholz,
2861979,2930900,Ellrich / Thüringen,Ellrich
2861979,2918942,Görsbach,
2861979,2909926,Harzungen,
2861979,2906087,Heringen,
2861979,2905682,Herrmannsacker,
2861979,2896592,Ilfeld,
2861979,2891925,Kehmstedt,
2861979,2888890,Kleinfurra,
2861979,2888015,Kleinwenden,
2861979,2876870,Lipprechterode,
2861979,2864086,Neustadt/Harz,
2861979,2863422,Niedergebra,
2861979,2862925,Niedersachswerfen,
2861979,2861982,Nordhausen,
2861979,2860648,Obergebra,
2861979,2849235,Rehungen,
2861979,2831501,Sollstedt,
2861979,2818242,Urbach,
2861979,2818060,Uthleben,
2861979,2808253,Windehausen,
2862622,2953100,Balge,
2862622,2948810,Binnen,
2862622,2942154,Bücken Flecken,Bücken|Buecken
2862622,2937333,Diepenau Flecken,Diepenau
2862622,2935341,Drakenburg,
2862622,2928712,Estorf,
2862622,2928239,Eystrup,
2862622,2922728,Gandesbergen,
2862622,2911519,Halle,
2862622,2911275,Hämelhausen,
2862622,2909460,Haßbergen,
2862622,2909442,Hassel (Weser),Hassel
2862622,2908324,Heemsen,
2862622,2904748,Hilgermissen,
2862622,2898316,Hoya,
2862622,2898312,Hoyerhagen,
2862622,2897136,Husum,
2862622,2881599,Landesbergen,
2862622,2879685,Leese,
2862622,2877979,Liebenau,
2862622,2877011,Linsburg,
2862622,2873343,Marklohe,
2862622,2862620,Nienburg,Nienburg/Weser|Nienburg (Weser)
2862622,2854947,Pennigsehl,
2862622,2851096,Raddestorf,
2862622,2849371,Rehburg-Loccum,
2862622,2845540,Rohrsen,
2862622,2834275,Schweringen,
2862622,2828993,Steimbke,
2862622,2827166,Steyerberg Flecken,Steyerberg
2862622,2826681,Stöckse,
2862622,2826503,Stolzenau,
2862622,2820537,Uchte Flecken,Uchte
2862622,2814066,Warmsen,
2862622,2814031,Warpe,
2862622,2809089,Wietzen,
2864548,2950882,Berching,
2864548,8714308,Berg b.Neumarkt i.d.OPf.,Berg bei Neumarkt in der Oberpfalz
2864548,2950037,Berngau,
2864548,2938441,Deining,
2864548,2937110,Dietfurt,
2864548,2924854,Freystadt,
2864548,2901774,Hohenfels,
2864548,2879892,Lauterhofen,
2864548,2875060,Lupburg,
2864548,2868005,Mühlhausen,
2864548,2864549,Neumarkt in der Oberpfalz,
2864548,2855388,Parsberg,
2864548,2853700,Pilsach,
2864548,3206934,Postbauer-Heng,
2864548,2851543,Pyrbaum,
2864548,2833050,Sengenthal,
2864548,2832884,Seubersdorf,
2864548,2826863,Stöckelsberg,Stoeckelsberg
2864548,2817722,Velburg,
2866064,2955626,Aresing,
2866064,2950358,Berg im Gau,
2866064,2950444,Bergheim,
2866064,2943162,Brunnen,
2866064,2941271,Burgheim,
2866064,2932938,Ehekirchen,
2866064,2923426,Gachenbach,
2866064,2892810,Karlshuld,
2866064,2892808,Karlskron,
2866064,2880968,Langenmosen,
2866064,2866070,Neuburg an der Donau,
2866064,2860422,Oberhausen,
2866064,2848181,Rennertshofen,
2866064,2847319,Ried,
2866064,2845625,Rohrenfels,
2866064,2836084,Schrobenhausen,
2866064,2815315,Waidhofen,
2866064,2813152,Weichering,
2871034,2953386,Bad Oeynhausen,
2871034,2928874,Espelkamp,
2871034,2904725,Hille,
2871034,2897844,Hüllhorst,Huellhorst
2871034,2875626,Lübbecke,Luebbecke
2871034,2871039,Minden,
2871034,2855864,Ovenstädt,Ovenstaedt
2871034,2854655,Petershagen,
2871034,2852577,Porta Westfalica,
2871034,2852144,Preußisch Oldendorf,
2871034,2850887,Rahden,
2871673,2951679,Beckingen,
2871673,2944031,Britten,
2871673,2875831,Losheim am See,Losheim
2871673,2871675,Merzig,
2871673,2871538,Mettlach,
2871673,2857044,Orscholz,
2871673,2854859,Perl,
2871673,2842638,Saarhölzbach,Saarhoelzbach
2871673,2815565,Wadern,
2871673,2812071,Weiskirchen,
2871673,2811683,Weiten,
2872153,2939820,Coswig,
2872153,3209001,Ebersbach,
2872153,2920027,Glaubitz,
2872153,2916630,Großenhain,
2872153,2887645,Klipphausen,
2872153,2881682,Lampertswalde,
2872153,2876009,Lommatzsch,
2872153,2872155,Meißen,
2872153,2869244,Moritzburg,
2872153,2866834,Nauwalde,
2872153,2863643,Niederau,
2872153,2861788,Nossen,
2872153,2861671,Nünchritz,
2872153,2852054,Priestewitz,
2872153,2851077,Radebeul,
2872153,2851074,Radeburg,
2872153,2846939,Riesa,
2872153,2836658,Schönfeld,
2872153,2829402,Stauchitz,
2872153,2826033,Strehla,
2872153,2822786,Thiendorf,
2872153,2812225,Weinböhla,
2872153,2811715,Weißig,
2872153,2808947,Wildenhain,
2872153,2805861,Wülknitz,
2872153,2805365,Zabeltitz,
2872153,2804939,Zeithain,
2873758,2956404,Amöneburg,Amoeneburg
2873758,2930408,Bad Endbach,
2873758,2949229,Biedenkopf,
2873758,2944820,Breidenbach,
2873758,2939942,Cölbe,Coelbe
2873758,7576935,Ebsdorfergrund,
2873758,2924201,Fronhausen,
2873758,2920229,Gladenbach,
2873758,2890504,Kirchhain,
2873758,2876144,Lohra,
2873758,2873759,Marburg,Marburg an der Lahn
2873758,2867673,Münchhausen,Muenchhausen
2873758,2864091,Neustadt (Hessen),
2873758,2863210,Niederklein,
2873758,2849875,Rauschenberg,
2873758,2829804,Stadtallendorf,
2873758,2813241,Wehrda,
2873758,2809985,Wetter,
2874229,2953339,Bad Soden am Taunus,
2874229,2929817,Eppstein,
2874229,2929134,Eschborn,
2874229,2926120,Flörsheim am Main,Flörsheim|Floersheim
2874229,2909240,Hattersheim,
2874229,2903175,Hochheim am Main,
2874229,2902533,Hofheim am Taunus,
2874229,2891832,Kelkheim,
2874229,2883920,Kriftel,
2874229,3208086,Liederbach,
2874229,2835381,Schwalbach am Taunus,
2874229,2824837,Sulzbach,
2874242,2959249,Ahl,
2874242,2953384,Bad Orb,
2874242,2953338,Bad Soden-Salmünster,Bad Soden-Salmuenster
2874242,2948351,Birstein,
2874242,2944648,Breitenborn,
2874242,2943573,Bruchköbel,Bruchkoebel
2874242,2929451,Erlensee,
2874242,2921473,Gelnhausen,
2874242,2915372,Großkrotzenburg,
2874242,2911825,Hain-Gründau,Hain-Gruendau
2874242,2911099,Hammersbach,
2874242,2911007,Hanau,Hanau am Main
2874242,2894667,Jossa,
2874242,2880913,Langenselbold,
2874242,2877904,Lieblos,
2874242,2874230,Maintal,
2874242,2870718,Mittelgründau,Mittel-Gründau|Mittel-Gruendau
2874242,2863712,Nidderau,
2874242,2863517,Niederdorfelden,
2874242,2863393,Niedergründau,Nieder-Gründau|Nieder-Gruendau
2874242,2846063,Rodenbach,
2874242,2844080,Rothenbergen,
2874242,2838201,Schlüchtern,Schluechtern
2874242,2828871,Steinau an der Straße,
2874242,2815642,Wächtersbach,Waechtersbach
2874544,2874545,Magdeburg,
2876922,2954164,Augustdorf,
2876922,2953358,Bad Salzuflen,
2876922,2952444,Barntrup,
2876922,2947641,Blomberg,
2876922,2937936,Detmold,
2876922,2936153,Dörentrup,
2876922,2898894,Horn-Bad Meinberg,
2876922,2881956,Lage,
2876922,2878943,Lemgo,
2876922,2878673,Leopoldshöhe,
2876922,2875282,Lügde,Luegde
2876922,2857900,Oerlinghausen,
2876922,3207383,Schieder-Schwalenberg,
2876922,2838922,Schlangen,
2879137,2879139,Leipzig,
2879138,2953411,Bad Lausick,
2879138,2951254,Belgershain,
2879138,2946980,Böhlen,Boehlen
2879138,2946172,Borna,
2879138,2946016,Borsdorf,
2879138,2945270,Brandis,
2879138,2939927,Colditz,
2879138,2937789,Deutzen,
2879138,2930682,Elstertrebnitz,
2879138,2928862,Espenhain,
2879138,2927959,Falkenhain,
2879138,2924313,Frohburg,
2879138,2921566,Geithain,
2879138,2917325,Grimma,
2879138,2917170,Groitzsch,
2879138,2917014,Großbardau,
2879138,2916937,Großbothen,
2879138,2915343,Großlehna,
2879138,2915173,Großpösna,
2879138,2902230,Hohburg,
2879138,2890168,Kitzen,
2879138,2890155,Kitzscher,
2879138,2876685,Lobstädt,Lobstaedt
2879138,2874642,Machern,
2879138,2873352,Markkleeberg,
2879138,2873331,Markranstädt,Markranstaedt
2879138,2867286,Mutzschen,
2879138,2867066,Narsdorf,
2879138,2866861,Naunhof,
2879138,2866492,Nerchau,
2879138,2864778,Neukieritzsch,
2879138,2856217,Ostrau,
2879138,2855982,Otterwisch,
2879138,2855068,Pegau,
2879138,2849464,Regis-Breitingen,
2879138,2844245,Rötha,Roetha
2879138,2823049,Thallwitz,
2879138,2821418,Trebsen,
2879138,2805597,Wurzen,
2879138,2803848,Zschadrass,
2879138,2803588,Zwenkau,
2883782,2883784,Kronach,
2883782,2882366,Küps,
2883782,2875330,Ludwigsstadt,
2883782,3210390,Marktrodach,
2883782,2870315,Mitwitz,
2883782,2861990,Nordhalben,
2883782,2852190,Pressig,
2883782,2849158,Reichenbach,
2883782,2837507,Schneckenlohe,
2883782,2827610,Steinwiesen,
2883782,2826743,Stockheim,
2883782,2823395,Tettau,
2883782,2823245,Teuschnitz,
2883782,2820866,Tschirn,
2883782,2814637,Wallenfels,
2883782,2811918,Weißenbrunn,
2883782,2808657,Wilhelmsthal,
2885678,2959946,Aach,
2885678,2958429,Allensbach,
2885678,3205645,Bodman-Ludwigshafen,
2885678,2940715,Büsingen am Hochrhein,Büsingen
2885678,2937905,Dettingen,
2885678,2936934,Dingelsdorf,
2885678,2933177,Egg,
2885678,2931911,Eigeltingen,
2885678,2930201,Engen,
2885678,2923644,Fürstenberg,Fuerstenberg
2885678,2923333,Gaienhofen,
2885678,2923315,Gailingen,
2885678,2918612,Gottmadingen,
2885678,2904591,Hilzingen,
2885678,2885679,Konstanz,
2885678,2876790,Konstanz-Litzelstetten,Litzelstetten
2885678,2869542,Moos,
2885678,3205682,Mühlhausen-Ehingen,
2885678,2867953,Mühlingen,
2885678,2865114,Neuhausen,
2885678,2857610,Öhningen,
2885678,2857037,Orsingen-Nenzingen,
2885678,2850954,Radolfzell am Bodensee,Radolfzell
2885678,3209418,Reichenau,
2885678,2847003,Rielasingen-Worblingen,
2885678,2831924,Singen,
2885678,2829967,Staad,
2885678,2827602,Steißlingen,
2885678,2826909,Stockach,
2885678,2823515,Tengen,
2885678,2816646,Volkertshausen,
2885678,2814573,Wallhausen,
2885678,2806382,Wollmatingen,
2892514,2892867,Bad Karlshafen,
2892514,2951923,Baunatal,
2892514,2944169,Breuna,
2892514,2940412,Calden,
2892514,2928868,Espenau,
2892514,2923820,Fuldabrück,
2892514,2923815,Fuldatal,
2892514,2917848,Grebenstein,
2892514,2907556,Heiligenrode,
2892514,2906654,Helsa,
2892514,2902559,Hofgeismar,
2892514,2896615,Ihringshausen,
2892514,2896279,Immenhausen,
2892514,3336895,Kaufungen,
2892514,2877980,Liebenau,
2892514,2876282,Lohfelden,
2892514,2873144,Martinhagen,
2892514,2866905,Naumburg,
2892514,2862458,Nieste,
2892514,2843848,Rothwesten,
2892514,2832000,Simmershausen,
2892514,2821336,Trendelburg,
2892514,2820500,Udenhausen (Grebenstein),Udenhausen
2892514,3207197,Vellmar,
2892514,2815376,Wahnhausen,
2892514,2808722,Wilhelmshausen,
2892514,2806799,Wolfhagen,
2892514,2804297,Zierenberg,
2892791,2944200,Bretten,
2892791,2943560,Bruchsal,
2892791,2934369,Dürrenbüchig,Duerrenbuechig
2892791,2933101,Eggenstein-Leopoldshafen,
2892791,2928615,Ettlingen,
2892791,2925848,Forst (Baden-Württemberg),Forst
2892791,2919123,Gondelsheim,
2892791,3272459,Graben-Neudorf,
2892791,2911308,Hambrücken,
2892791,2894742,Jöhlingen,Joehlingen
2892791,3272458,Karlsdorf-Neuthard,
2892791,11670105,Kraichtal,
2892791,2883777,Kronau,
2892791,2882342,Kürnbach,
2892791,3272461,Linkenheim-Hochstetten,
2892791,2874048,Malsch,
2892791,2861116,Oberderdingen,
2892791,2860400,Oberhausen-Rheinhausen,
2892791,2856207,Östringen,
2892791,2853907,Philippsburg,
2892791,6558039,Rheinstetten,
2892791,2824742,Sulzfeld,
2892791,3272450,Ubstadt-Weiher,
2892791,2815487,Waghäusel,
2892791,2812197,Weingarten,
2892791,2806062,Wössingen,Woessingen
2892791,2805283,Zaisenhausen,
2892916,2940132,Chemnitz,
2892916,2904816,Hilbersdorf,
2892916,2807279,Wittgensdorf,
2894002,2952934,Bann,
2894002,3207512,Bruchmühlbach-Miesau,
2894002,2930071,Enkenbach-Alsenborn,
2894002,2929227,Erzenhausen,
2894002,2928464,Eulenbis,
2894002,2926632,Fischbach,
2894002,2925658,Frankelbach,
2894002,2925558,Frankenstein,
2894002,2921123,Gerhardsbrunn,
2894002,2908999,Hauptstuhl,
2894002,2907561,Heiligenmoschel,
2894002,2903624,Hirschhorn,
2894002,2903026,Hochspeyer,
2894002,2897063,Hütschenhausen,
2894002,2892106,Katzweiler,
2894002,2890854,Kindsbach,
2894002,2886269,Kollweiler,
2894002,2885104,Kottweiler-Schwanden,
2894002,2883994,Krickenbach,
2894002,2881768,Lambsborn,
2894002,2881477,Landstuhl,
2894002,2880528,Langwieden,
2894002,2877455,Linden,
2894002,2874621,Mackenbach,
2894002,2873122,Martinshöhe,
2894002,2872449,Mehlbach,
2894002,2872428,Mehlingen,
2894002,2870780,Mittelbrunn,
2894002,2865036,Neuhemsbach,
2894002,2863214,Niederkirchen,
2894002,2863111,Niedermohr,
2894002,2861407,Oberarnbach,
2894002,2857289,Olsbrücken,Olsbruecken
2894002,2856057,Otterbach,
2894002,2856042,Otterberg,
2894002,2851459,Queidersbach,
2894002,2850536,Ramstein-Miesenbach,
2894002,2849102,Reichenbach-Steegen,
2894002,2846067,Rodenbach,
2894002,2840529,Schallodenbach,
2894002,2837512,Schneckenhausen,
2894002,2836402,Schopp,
2894002,2834646,Schwedelbach,
2894002,2833126,Sembach,
2894002,2827613,Steinwenden,
2894002,2827527,Stelzenberg,
2894002,2821099,Trippstadt,
2894002,2814866,Waldleiningen,
2894002,2812568,Weilerbach,
2895042,2956449,Ammerbach,
2895042,2939832,Cospeda,
2895042,2935382,Drackendorf,
2895042,2918882,Göschwitz,Goeschwitz
2895042,2895044,Jena,
2895042,2882486,Kunitz,
2895042,2882106,Laasan,
2895042,2878062,Lichtenhain,
2895042,2876741,Lobeda,
2895042,2876684,Löbstedt,Loebstedt
2895042,2807636,Winzerla,
2895042,2807099,Wogau,
2895042,2806369,Wöllnitz,Woellnitz
2895042,2803636,Zwätzen,Zwaetzen
2904803,2959174,Ahlstädt,
2904803,2951325,Beinerstadt,
2904803,2948301,Bischofrod,
2904803,2947226,Bockstadt,
2904803,2936904,Dingsleben,
2904803,2932849,Ehrenberg,
2904803,2932344,Eichenberg,
2904803,2931433,Eisfeld,
2904803,2920002,Gleichamberg,
2904803,2917312,Grimmelshausen,
2904803,2914660,Grub,
2904803,2906488,Henfstädt,
2904803,2904804,Hildburghausen,
2904803,2887408,Kloster Veßra,
2904803,2878829,Lengfeld,
2904803,2873459,Marisfeld,
2904803,2872980,Masserberg,
2904803,2871067,Milz,
2904803,2858973,Oberstadt,
2904803,2847906,Reurieth,
2904803,2845304,Römhild,Roemhild
2904803,11608841,Sachsenbrunn,
2904803,2841546,Sankt Kilian,
2904803,2838600,Schleusingen,
2904803,2837976,Schmeheim,
2904803,2822868,Themar,
2904803,2820169,Ummerstadt,
2904803,2817752,Veilsdorf,
2904803,2810135,Westhausen,
2905434,2958603,Albsfelde,
2905434,2956985,Alt Mölln,Alt Moelln
2905434,2953163,Bäk,
2905434,2953134,Bälau,
2905434,2952296,Basedow,
2905434,2952237,Basthorst,
2905434,2951500,Behlendorf,
2905434,2950189,Berkenthin,
2905434,2949808,Besenthal,
2905434,2947735,Bliestorf,
2905434,2946060,Börnsen,Boernsen
2905434,2945973,Borstorf,
2905434,2944608,Breitenfelde,
2905434,2943700,Bröthen,
2905434,2943027,Brunsmark,
2905434,2943008,Brunstorf,
2905434,2942627,Büchen,
2905434,2942349,Buchholz,
2905434,2942305,Buchhorst,
2905434,2939375,Dahmker,
2905434,2939293,Dalldorf,
2905434,2938805,Dassendorf,
2905434,2934767,Düchelsdorf,
2905434,2934167,Duvensee,
2905434,2931759,Einhaus,
2905434,2930853,Elmenhorst,
2905434,2929123,Escheburg,
2905434,2926447,Fitzen,
2905434,2925239,Fredeburg,
2905434,2923860,Fuhlenhagen,
2905434,2922102,Geesthacht,
2905434,2920538,Giesensdorf,
2905434,2919321,Göldenitz,
2905434,2918642,Göttin,
2905434,2918498,Grabau,
2905434,2918188,Grambek,
2905434,2917287,Grinau,
2905434,2916950,Groß Boden,
2905434,2916861,Groß Disnack,
2905434,2915574,Groß Grönau,
2905434,2915192,Groß Pampau,
2905434,2915094,Groß Sarau,
2905434,2915081,Groß Schenkenberg,
2905434,2914746,Grove,
2905434,2913880,Gudow,
2905434,2913783,Gülzow,
2905434,2913446,Güster,Guester
2905434,2911013,Hamwarde,
2905434,2910391,Harmsdorf,
2905434,2908649,Havekost,
2905434,2901691,Hohenhorn,
2905434,2900579,Hollenbek,
2905434,2898892,Hornbek,
2905434,2894545,Juliusburg,
2905434,2893214,Kankelau,
2905434,2892521,Kasseburg,
2905434,2892448,Kastorf,
2905434,2890178,Kittlitz,
2905434,2888402,Klein Pampau,
2905434,2887952,Klein Zecher,
2905434,2888242,Kleinschretstaken,
2905434,2887918,Klempau,
2905434,2887666,Klinkrade,
2905434,2886971,Koberg,
2905434,2886278,Kollow,
2905434,2885239,Köthel,Koethel
2905434,2883585,Kröppelshagen-Fahrendorf,Kroeppelshagen-Fahrendorf
2905434,2883432,Krukow,
2905434,2883270,Krummesse,
2905434,2883191,Krüzen,
2905434,2883066,Kuddewörde,
2905434,2882670,Kühsen,
2905434,2882577,Kulpin,
2905434,2882073,Labenz,
2905434,2880991,Langenlehsten,
2905434,2880515,Lankau,
2905434,2880483,Lanze,
2905434,2880181,Lauenburg,
2905434,2879461,Lehmrade,
2905434,2877624,Linau,
2905434,2875541,Lüchow,
2905434,2874958,Lütau,
2905434,2872606,Mechow,
2905434,2870164,Möhnsen,
2905434,2869994,Mölln,Moelln
2905434,2868134,Mühlenrade,
2905434,2867361,Müssen,
2905434,2867346,Mustin,
2905434,2862591,Niendorf/Stecknitz,
2905434,2861598,Nusse,
2905434,2855564,Panten,
2905434,2853037,Pogeez,
2905434,2853009,Poggensee,
2905434,2850132,Ratzeburg,
2905434,2846333,Ritzerau,
2905434,2845270,Römnitz,
2905434,2845258,Rondeshagen,
2905434,2845123,Roseburg,
2905434,2842372,Sahms,
2905434,2842305,Salem,
2905434,2841874,Sandesneben,
2905434,2839102,Schiphorst,
2905434,2837732,Schmilau,
2905434,2837566,Schnakenbek,
2905434,2836945,Schönberg,
2905434,2835972,Schulendorf,
2905434,2835674,Schürensöhlen,
2905434,2835013,Schwarzenbek,
2905434,2833883,Seedorf,
2905434,2832734,Siebenbäumen,
2905434,2832714,Siebeneichen,
2905434,2832337,Sierksrade,
2905434,2831828,Sirksfelde,
2905434,2827950,Steinhorst,
2905434,2827359,Sterley,
2905434,2825558,Stubben,
2905434,2824303,Talkau,
2905434,2821605,Tramm,
2905434,2814707,Walksfelde,
2905434,2814292,Wangelau,
2905434,2811031,Wentorf,Wentorf bei Hamburg
2905434,2811034,Wentorf,
2905434,2809395,Wiershop,
2905434,2807194,Witzeeze,
2905434,2807025,Wohltorf,
2905434,2806283,Woltersdorf,
2905434,2806083,Worth,
2905434,2804255,Ziethen,
2909461,2958906,Aidhausen,
2909461,2944781,Breitbrunn,
2909461,2941676,Bundorf,
2909461,2941178,Burgpreppach,
2909461,2934094,Ebelsbach,
2909461,2930650,Eltmann,
2909461,2929393,Ermershausen,
2909461,2923386,Gädheim,
2909461,2909335,Haßfurt,
2909461,2902531,Hofheim in Unterfranken,
2909461,2890429,Kirchlauter,
2909461,2887194,Knetzgau,
2909461,2873228,Maroldsweisach,
2909461,2854167,Pfarrweisach,
2909461,2848143,Rentweinsdorf,
2909461,2842047,Sand,
2909461,2827197,Stettfeld,
2909461,2819075,Untermerzbach,
2909461,2806239,Wonfurt,
2909461,2805008,Zeil,
2910684,2955762,Appel,
2910684,2955126,Asendorf,
2910684,2951115,Bendestorf,
2910684,2945600,Brackel,
2910684,2942323,Buchholz in der Nordheide,
2910684,2936454,Dohren,
2910684,2935375,Drage,
2910684,2935006,Drestedt,
2910684,2933187,Egestorf,
2910684,2928258,Eyendorf,
2910684,2922539,Garlstorf,
2910684,2922484,Garstedt,
2910684,2919569,Gödenstorf,
2910684,2911379,Halvesbostel,
2910684,2910992,Handeloh,
2910684,2910762,Hanstedt,
2910684,2910384,Harmstorf,
2910684,2907886,Heidenau,
2910684,2900520,Hollenstedt,
2910684,2894945,Jesteburg,
2910684,2893954,Kakenstorf,
2910684,2885797,Königsmoor,
2910684,3209070,Marschacht,
2910684,2873087,Marxen,
2910684,2870110,Moisburg,
2910684,2863795,Neu Wulmstorf,Neu-Wulmstorf
2910684,2856061,Otter,
2910684,2849467,Regesbostel,
2910684,2842144,Salzhausen,
2910684,2833564,Seevetal,
2910684,2827574,Stelle,
2910684,2823426,Tespe,
2910684,2821843,Toppenstedt,
2910684,2821736,Tostedt,
2910684,2820151,Undeloh,
2910684,2817346,Vierhöfen,
2910684,2811537,Welle,
2910684,2811011,Wenzendorf,
2910684,2807845,Winsen (Luhe),Winsen
2910684,2807411,Wistedt,
2910684,2805891,Wulfsen,
2911516,2911522,Halle (Saale),Halle|Halle / Sachsen-Anhalt
2911664,2959885,Abbenrode,
2911664,2958268,Allrode,
2911664,2955071,Aspenstedt,
2911664,2953331,Bad Suderode,
2911664,2953060,Ballenstedt,
2911664,2951040,Benneckenstein,
2911664,2949902,Berßel,
2911664,2948071,Blankenburg,
2911664,2940227,Cattenstedt,
2911664,2939016,Dankerode,
2911664,2938956,Danstedt,
2911664,2938918,Darlingerode,
2911664,2938136,Derenburg,
2911664,2936766,Ditfurt,
2911664,2934831,Drübeck,Druebeck
2911664,2931245,Elbingerode,
2911664,2931204,Elend,
2911664,2924628,Friedrichsbrunn,
2911664,2920999,Gernrode,
2911664,2915164,Groß Quenstedt,
2911664,2911665,Halberstadt,
2911664,2910275,Harsleben,
2911664,2909944,Harzgerode,
2911664,2909386,Hasselfelde,
2911664,2908726,Hausneindorf,
2911664,2908373,Hedersleben,
2911664,2907413,Heimburg,
2911664,2905058,Heudeber,
2911664,2896933,Hüttenrode,Huettenrode
2911664,2896483,Ilsenburg,
2911664,2885994,Königerode,Koenigerode
2911664,2885810,Königshütte,Koenigshuette
2911664,2881303,Langeln,
2911664,2880905,Langenstein,
2911664,2874805,Lüttgenrode,Luettgenrode
2911664,2866583,Neinstedt,
2911664,2865962,Neudorf,
2911664,2856330,Osterwieck,
2911664,2851465,Quedlinburg,
2911664,2849626,Reddeber,
2911664,2847210,Rieder,
2911664,2843574,Rübeland,Ruebeland
2911664,2841414,Sargstedt,
2911664,2839444,Schielo,
2911664,2839398,Schierke,
2911664,2835292,Schwanebeck,
2911664,2831834,Siptenfelde,
2911664,2913600,Stadt Güntersberge,Güntersberge|Guentersberge
2911664,2829513,Stapelburg,
2911664,2829237,Stecklenberg,
2911664,2827108,Stiege,
2911664,2826183,Straßberg,
2911664,2825797,Ströbeck,Stroebeck
2911664,2824208,Tanne,
2911664,2823141,Thale,
2911664,2822159,Timmenrode,
2911664,2817806,Veckenstedt,
2911664,2813732,Wasserleben,
2911664,2813480,Weddersleben,
2911664,2813479,Wedderstedt,
2911664,2813383,Wegeleben,
2911664,2810808,Wernigerode,
2911664,2810345,Westerhausen,
2911664,2809437,Wienrode,
2911664,11072572,Wülperode,Wuelperode
2917735,2954048,Auma,
2917735,2953417,Bad Köstritz,Bad Koestritz
2917735,2950697,Berga,
2917735,2949762,Bethenhausen,
2917735,3207454,Bocka,
2917735,2945561,Brahmenau,
2917735,2945060,Braunichswalde,
2917735,2940436,Caaschwitz,
2917735,2939748,Crimla,
2917735,2939698,Culmitzsch,
2917735,2930361,Endschütz,
2917735,2922284,Gauern,
2917735,2917737,Greiz,
2917735,2916581,Großenstein,
2917735,2911916,Hain,
2917735,2910049,Hartmannsdorf,
2917735,2904817,Hilbersdorf,
2917735,2903662,Hirschfeld,
2917735,2901634,Hohenleuben,
2917735,2901577,Hohenölsen,Hohenoelsen
2917735,2897572,Hundhaupten,
2917735,2895852,Irchwitz,
2917735,2885500,Korbußen,
2917735,2885016,Kraftsdorf,
2917735,2882879,Kühdorf,Kuehdorf
2917735,2880871,Langenwetzendorf,
2917735,2880864,Langenwolschendorf,
2917735,2879728,Lederhose,
2917735,2877894,Liebsdorf,
2917735,2877259,Lindenkreuz,
2917735,2875063,Lunzig,
2917735,2870178,Mohlsdorf,
2917735,2867707,Münchenbernsdorf,Muenchenbernsdorf
2917735,2865294,Neugernsdorf,
2917735,2862990,Niederpöllnitz,Niederpoellnitz
2917735,2860569,Obergrochlitz,
2917735,2855681,Paitzdorf,
2917735,2852972,Pohlitz,
2917735,2852824,Pöllwitz,Poellwitz
2917735,2852789,Pölzig,
2917735,2847927,Reudnitz,
2917735,2845229,Ronneburg,
2917735,2843495,Rückersdorf,Rueckersdorf
2917735,2843410,Rüdersdorf,Ruedersdorf
2917735,3207491,Saara,
2917735,2837114,Schömberg,Schoemberg
2917735,2835540,Schwaara,
2917735,2835152,Schwarzbach,
2917735,2833657,Seelingstädt,Seelingstaedt
2917735,2827677,Steinsdorf,
2917735,2823626,Teichwitz,
2917735,2823625,Teichwolframsdorf,
2917735,2821845,Töppeln,Toeppeln
2917735,2821192,Triebes,
2917735,2813110,Weida,
2917735,2811905,Weißendorf,
2917735,2808878,Wildetaube,
2917735,2805773,Wünschendorf,Wuenschendorf
2917735,2805095,Zedlitz,
2917735,2804654,Zeulenroda,
2917735,8224430,Zeulenroda-Triebes,
2918364,2929840,Eppenschlag,
2918364,2924850,Freyung,
2918364,2923626,Fürsteneck,
2918364,2918365,Grafenau,
2918364,2918200,Grainet,
2918364,2911983,Haidmühle,
2918364,2903991,Hinterschmiding,
2918364,3205010,Hohenau,
2918364,2895946,Innernzell,
2918364,2895213,Jandelsbrunn,
2918364,2872697,Mauth,
2918364,2864324,Neureichenau,
2918364,2864216,Neuschönau,
2918364,2854840,Perlesreut,
2918364,2853903,Philippsreut,
2918364,2846658,Ringelai,
2918364,2845559,Röhrnbach,Roehrnbach
2918364,2842311,Saldenburg,
2918364,2837198,Schöfweg,
2918364,2835164,Spiegelau,
2918364,2822531,Thurmansbang,
2918364,2814880,Waldkirchen,
2918364,2804764,Zenting,
2918750,2955787,Apfelstädt,Apfelstaedt
2918750,2824437,Bad Tabarz,Tabarz
2918750,2953038,Ballstädt,Ballstaedt
2918750,2949130,Bienstädt,
2918750,2943322,Brüheim,Brueheim
2918750,2942048,Bufleben,
2918750,2939770,Crawinkel,
2918750,2939510,Dachwig,
2918750,2936331,Döllstädt,
2918750,2930547,Emleben,
2918750,2929314,Ernstroda,
2918750,2929063,Eschenbergen,
2918750,2926688,Finsterbergen,
2918750,2924656,Friedrichroda,
2918750,2924437,Friedrichswerth,
2918750,2924412,Friemar,
2918750,2922737,Gamstädt,Gamstaedt
2918750,2921261,Georgenthal,Georgenthal/Thüringer Wald
2918750,2920581,Gierstädt,
2918750,2919437,Goldbach,
2918750,2918752,Gotha,
2918750,2918393,Grabsleben,
2918750,2918323,Gräfenhain,Graefenhain
2918750,2915653,Großfahner,
2918750,12510668,Günthersleben-Wechmar,Guenthersleben-Wechmar
2918750,2911910,Haina,
2918750,2905798,Herrenhof,
2918750,2903178,Hochheim,
2918750,2901658,Hohenkirchen,
2918750,2898697,Hörselgau,Hoerselgau
2918750,2895995,Ingersleben,
2918750,2880230,Laucha,
2918750,2875183,Luisenthal,
2918750,2872600,Mechterstädt,Mechterstaedt
2918750,2869964,Molschleben,
2918750,2866009,Neudietendorf,
2918750,2861736,Nottleben,
2918750,2854586,Petriroda,
2918750,2854084,Pferdingsleben,
2918750,2848259,Remstädt,Remstaedt
2918750,2835494,Schwabhausen,
2918750,2833934,Seebergen,
2918750,2831242,Sonneborn,
2918750,2824285,Tambach-Dietharz,
2918750,2821066,Tröchtelborn,
2918750,2820694,Tüttleben,Tuettleben
2918750,2814392,Waltershausen,
2918750,2814313,Wandersleben,
2918750,2814273,Wangenheim,
2918750,2813877,Warza,
2918750,2810134,Westhausen,
2918750,2806788,Wölfis,Woelfis
2918750,2804158,Zimmernsupra,
2918985,2953397,Bad Muskau,
2918985,2951397,Beiersdorf,
2918985,2949949,Bernstadt,
2918985,6548670,Bertsdorf-Hörnitz,Bertsdorf-Hoernitz
2918985,2945698,Boxberg/O.L.,Boxberg
2918985,2934324,Dürrhennersdorf,Duerrhennersdorf
2918985,2933965,Ebersbach,
2918985,2933721,Eckartsberg,
2918985,2932756,Eibau,
2918985,2924722,Friedersdorf,
2918985,2923444,Gablenz,
2918985,2918987,Görlitz,Goerlitz
2918985,2916840,Groß Düben,
2918985,2915523,Großhennersdorf,
2918985,2915067,Großschönau,
2918985,2915046,Großschweidnitz,
2918985,2912184,Hähnichen,
2918985,2911833,Hainewalde,
2918985,2905643,Herrnhut,
2918985,2903658,Hirschfelde,
2918985,2899012,Horka,
2918985,2887637,Klitten,
2918985,2886846,Kodersdorf,
2918985,2885863,Königshain,
2918985,2884656,Krauschwitz,
2918985,2882334,Kurort Jonsdorf,
2918985,2879846,Lawalde,
2918985,2878290,Leutersdorf,
2918985,2876755,Löbau,Loebau
2918985,2873400,Markersdorf,
2918985,2870687,Mittelherwigsdorf,
2918985,2868923,Mücka,
2918985,2865293,Neugersdorf,
2918985,2864265,Neusalza-Spremberg,
2918985,2863545,Niedercunnersdorf,
2918985,2862460,Niesky,
2918985,2859040,Oberseifersdorf,
2918985,2857481,Olbersdorf,
2918985,2857182,Oppach,
2918985,2856205,Ostritz,
2918985,2882331,Oybin,Kurort Oybin
2918985,2849145,Reichenbach,
2918985,2846806,Rietschen,
2918985,2844062,Rothenburg,
2918985,2838793,Schlegel,
2918985,2838725,Schleife,
2918985,2837041,Schönau-Berzdorf auf dem Eigen,Schönau-Berzdorf|Schoenau-Berzdorf
2918985,2837022,Schönbach,
2918985,2833365,Seifhennersdorf,
2918985,2831684,Sohland am Rotstein,
2918985,3209142,Strahwalde,
2918985,2821450,Trebendorf,
2918985,2820314,Uhyst,
2918985,2811713,Weißkeißel,
2918985,2811698,Weißwasser,Weißwasser/Oberlausitz
2918985,2804008,Zittau,
2919053,2959553,Adelberg,
2919053,2958956,Aichelberg,
2919053,2958707,Albershausen,
2919053,2953529,Bad Ditzenbach,
2919053,2953322,Bad Überkingen,
2919053,2948727,Birenbach,
2919053,2946950,Böhmenkirch,
2919053,2946696,Boll,
2919053,2945957,Börtlingen,
2919053,2938538,Deggingen,
2919053,2936186,Donzdorf,
2919053,2934452,Dürnau,
2919053,2933959,Ebersbach an der Fils,
2919053,2931414,Eislingen/Fils,Eislingen
2919053,2929091,Eschenbach,
2919053,2922753,Gammelshausen,
2919053,2921653,Geislingen an der Steige,
2919053,2920348,Gingen an der Fils,
2919053,2919054,Göppingen,Goeppingen
2919053,2914548,Gruibingen,
2919053,2909252,Hattenhofen,
2919053,2907280,Heiningen,
2919053,2901467,Hohenstadt,
2919053,2883151,Kuchen,
2919053,2868010,Mühlhausen,
2919053,2856139,Ottenbach,
2919053,2849740,Rechberghausen,
2919053,2842331,Salach,
2919053,2838889,Schlat,
2919053,2838529,Schlierbach,
2919053,2824545,Süßen,
2919053,2820407,Uhingen,
2919053,2814279,Wangen,
2919053,2813847,Wäschenbeuren,
2919053,2809214,Wiesensteig,
2919053,2804803,Zell unter Aichelberg,
2920479,2959875,Abbesbüttel,Abbesbuettel
2920479,2959482,Adenbüttel,Adenbuettel
2920479,10793683,Allerbüttel,Allerbuettel
2920479,2952324,Barwedel,
2920479,2951733,Bechtsbüttel,Bechtsbuettel
2920479,2950556,Bergfeld,
2920479,2946765,Bokensdorf,
2920479,2943795,Brome Flecken,Brome
2920479,2940416,Calberlah,
2920479,2938619,Dedelstorf,
2920479,2937641,Didderse,
2920479,2920478,Gifhorn,
2920479,2915212,Groß Oesingen,
2920479,2910863,Hankensbüttel,
2920479,2904697,Hillerse,
2920479,2895688,Isenbüttel,
2920479,2895053,Jembke,
2920479,2888222,Klein Schwülper,Klein Schwuelper
2920479,2879275,Leiferde,
2920479,2872255,Meine,
2920479,2872244,Meinersen,
2920479,2868861,Müden,Müden (Aller)
2920479,3208615,Obernholz,
2920479,2856888,Osloß,
2920479,2855390,Parsau,
2920479,2848048,Rethen,
2920479,2847529,Ribbesbüttel,
2920479,2844274,Rötgesbüttel,
2920479,2843272,Rühen,
2920479,3208618,Sassenburg,
2920479,2836675,Schönewörde,
2920479,2830121,Sprakensehl,
2920479,2827951,Steinhorst,
2920479,2824000,Tappenbeck,
2920479,2822471,Tiddische,
2920479,2820823,Tülau,
2920479,2820172,Ummern,
2920479,2816127,Vordorf,
2920479,2815507,Wagenhoff,
2920479,2815345,Wahrenholz,
2920479,2813860,Wasbüttel,
2920479,2810659,Wesendorf,
2920479,2809837,Weyhausen,
2920479,2807257,Wittingen,
2921230,3209199,Aga,
2921230,2949237,Bieblach,
2921230,2938662,Debschwitz,
2921230,2929355,Ernsee,
2921230,2921232,Gera,
2921230,2889820,Kleinaga,
2921230,2878352,Leumnitz,
2921230,2877895,Liebschwitz,
2921230,2845133,Roschütz,Roschuetz
2921230,2839610,Scheubengrobsdorf,
2921230,2825503,Stublach,
2921230,2822112,Tinz,
2921230,2819070,Untermhaus,
2921230,2808152,Windischenbernsdorf,
2921230,2803470,Zwötzen,Zwoetzen
2922531,2953420,Bad Kohlgrub,
2922531,2929039,Eschenlohe,
2922531,2928684,Ettal,
2922531,2927828,Farchant,
2922531,2922530,Garmisch-Partenkirchen,
2922531,2918204,Grainau,
2922531,2914876,Großweil,
2922531,2883236,Krün,Kruen
2922531,2870482,Mittenwald,
2922531,2867445,Murnau am Staffelsee,
2922531,2861422,Oberammergau,
2922531,2861384,Oberau,
2922531,2857649,Ohlstadt,
2922531,2847017,Riegsee,
2922531,2841124,Saulgrub,
2922531,2835416,Schwaigen,
2922531,2833795,Seehausen a. Staffelsee,Seehausen am Staffelsee
2922531,2830768,Spatzenhausen,
2922531,2820419,Uffing,
2922531,2820020,Unterammergau,
2922531,2814582,Wallgau,
2923624,2959504,Adelshofen,
2923624,2958331,Alling,
2923624,2957153,Althegnenberg,
2923624,2933212,Egenhofen,
2923624,2932382,Eichenau,
2923624,2930500,Emmering,
2923624,2923625,Fürstenfeldbruck,Fuerstenfeldbruck
2923624,2921039,Germering,
2923624,2918232,Grafrath,
2923624,2917221,Gröbenzell,
2923624,2909253,Hattenhofen,
2923624,2894977,Jesenwang,
2923624,3208350,Kottgeisering,
2923624,2881505,Landsberied,
2923624,2874200,Maisach,
2923624,2874006,Mammendorf,
2923624,2870541,Mittelstetten,
2923624,2869682,Moorenweis,
2923624,2859068,Oberschweinbach,
2923624,2857472,Olching,
2923624,2851782,Puchheim,
2923624,2836615,Schöngeising,
2923624,2820756,Türkenfeld,Tuerkenfeld
2924362,2947312,Bockhorn,
2924362,2894897,Jever,
2924362,2814266,Nordseeheilbad Wangerooge,
2924362,2841895,Sande,
2924362,2839229,Schillig,
2924362,2836282,Schortens,
2924362,2832078,Sillenstede,
2924362,2817873,Varel,
2924362,2804697,Zetel,
2924895,2958173,Alpirsbach,
2924895,3206152,Bad Rippoldsau-Schapbach,
2924895,2953197,Baiersbronn,
2924895,2935642,Dornstetten,
2924895,2930461,Empfingen,
2924895,2924894,Freudenstadt,
2924895,2920041,Glatten,
2924895,2917154,Grömbach,Groembach
2924895,2899101,Horb am Neckar,
2924895,2875815,Loßburg,
2924895,2854252,Pfalzgrafenweiler,
2924895,2836409,Schopfloch,
2924895,2806127,Wörnersberg,
2925190,2956987,Altmittweida,
2925190,2954127,Augustusburg,
2925190,2947372,Bockelwitz,
2925190,2945341,Brand-Erbisdorf,
2925190,2941150,Burgstädt,Burgstaedt
2925190,2939997,Claußnitz,
2925190,2936658,Döbeln,Doebeln
2925190,2936119,Dorfchemnitz,
2925190,2933963,Ebersbach,
2925190,2929855,Eppendorf,
2925190,2929557,Erlau,
2925190,2928047,Falkenau,
2925190,2926147,Flöha,Floeha
2925190,2925630,Frankenberg/Sa.,Frankenberg
2925190,2925557,Frankenstein,
2925190,2925306,Frauenstein,
2925190,2925192,Freiberg,
2925190,2923351,Gahlenz,
2925190,2921089,Geringswalde,
2925190,2920934,Gersdorf,
2925190,2915550,Großhartmannsdorf,
2925190,2915076,Großschirma,
2925190,2914872,Großweitzschen,
2925190,2911795,Hainichen,
2925190,2911426,Halsbrücke,
2925190,2910140,Hartha,
2925190,2910048,Hartmannsdorf,
2925190,13118806,Jahnatal,
2925190,2885883,Königsfeld,
2925190,2883986,Kriebstein,
2925190,2879109,Leisnig,
2925190,2878382,Leubsdorf,
2925190,2878111,Lichtenberg,
2925190,2875067,Lunzenau,
2925190,2870318,Mittweida,
2925190,2870304,Mochau,
2925190,2868782,Mühlau,
2925190,2867863,Mulda,
2925190,2865098,Neuhausen,
2925190,2862893,Niederschöna,Niederschoena
2925190,2862818,Niederstriegis,
2925190,2862724,Niederwiesa,
2925190,2859119,Oberschöna,Oberschoena
2925190,2857970,Oederan,
2925190,2854967,Penig,
2925190,2849727,Rechenberg-Bienenmühle,Rechenberg-Bienenmuehle
2925190,2848737,Reinsberg,
2925190,2846261,Rochlitz,
2925190,3209193,Rossau,
2925190,2844604,Roßwein,
2925190,2841047,Sayda,
2925190,2833654,Seelitz,
2925190,2823795,Taura,
2925190,2814956,Waldheim,
2925190,2813524,Wechselburg,
2925190,2804674,Zettlitz,
2925534,2925535,Frankfurt (Oder),Frankfurt an der Oder|Frankfurt|Frankfurt/Oder
2925546,2925550,Frankenthal,
2926272,2926271,Flensburg,
2928748,2958085,Altbach,
2928748,2958029,Altdorf,
2928748,2957499,Altenriet,
2928748,2953008,Baltmannsweiler,
2928748,2951124,Bempflingen,
2928748,2949569,Beuren,
2928748,2948202,Bissingen an der Teck,
2928748,2938391,Deizisau,
2928748,2938253,Denkendorf,
2928748,2937896,Dettingen unter Teck,
2928748,2929614,Erkenbrechtsweiler,
2928748,2928751,Esslingen am Neckar,Esslingen
2928748,3336891,Filderstadt,
2928748,2924837,Frickenhausen,
2928748,2916972,Großbettlingen,
2928748,2903290,Hochdorf,
2928748,2899620,Holzmaden,
2928748,2890473,Kirchheim unter Teck,
2928748,2886731,Kohlberg,
2928748,2886008,Köngen,
2928748,2879185,Leinfelden-Echterdingen,
2928748,11670107,Lenningen,
2928748,2866757,Neckartailfingen,
2928748,2866755,Neckartenzlingen,
2928748,2866593,Neidlingen,
2928748,2865341,Neuffen,
2928748,2865086,Neuhausen auf den Fildern,
2928748,2861721,Notzingen,
2928748,2861632,Nürtingen,
2928748,2861232,Oberboihingen,
2928748,2857637,Ohmden,
2928748,3336892,Ostfildern,
2928748,2855824,Owen,
2928748,2853180,Plochingen,
2928748,2849118,Reichenbach an der Fils,
2928748,2838939,Schlaitdorf,
2928748,2819710,Unterensingen,
2928748,2812509,Weilheim an der Teck,
2928748,2811204,Wendlingen am Neckar,
2928748,2810841,Wernau,
2928748,2806646,Wolfschlugen,
2929668,2929670,Erfurt,
2929668,2903179,Hochheim,
2929716,2959283,Aham,
2929716,2950318,Berglern,
2929716,2947316,Bockhorn,
2929716,2942810,Buch am Buchrain,
2929716,2936103,Dorfen,
2929716,2932286,Eichenried bei Erding,Eichenried
2929716,2931357,Eitting,
2929716,2929715,Erding,
2929716,2926703,Finsing,
2929716,2925774,Forstern,
2929716,2925274,Fraunberg,
2929716,2901568,Hohenpolding,
2929716,2895937,Inning am Holz,
2929716,2895702,Isen,
2929716,2890670,Kirchberg,
2929716,2880957,Langenpreising,
2929716,2878881,Lengdorf,
2929716,2869361,Moosinning,
2929716,2861096,Oberding,
2929716,2856085,Ottenhofen (Erding),Ottenhofen
2929716,2855293,Pastetten,
2929716,2841457,Sankt Wolfgang,
2929716,2829581,Stammham,
2929716,2827870,Steinkirchen,
2929716,2823810,Taufkirchen,
2929716,2814486,Walpertskirchen,
2929716,2813935,Wartenberg,
2929716,3208380,Wörth,
2929889,2948598,Birkenfeld,
2929889,2931424,Eisingen,
2929889,2930248,Engelsbrand,
2929889,2924347,Friolzheim,
2929889,2907359,Heimsheim,
2929889,2896539,Illingen,
2929889,2895636,Ispringen,
2929889,2890984,Kieselbronn,
2929889,2887140,Knittlingen,
2929889,3206188,Königsbach-Stein,
2929889,2872777,Maulbronn,
2929889,2869752,Mönsheim,
2929889,2868788,Mühlacker,Muehlacker
2929889,2865812,Neuenbürg,
2929889,2865104,Neuhausen,
2929889,3206254,Niefern-Öschelbronn,
2929889,3206256,Ölbronn-Dürrn,OElbronn-Duerrn
2929889,2856159,Ötisheim,
2929889,2827318,Sternenfels,
2929889,2822401,Tiefenbronn,
2929889,2809403,Wiernsheim,
2929889,2808315,Wimsheim,
2929889,2805677,Wurmberg,
2930044,2944955,Breckerfeld,
2930044,2930043,Ennepetal,
2930044,2920757,Gevelsberg,
2930044,2909230,Hattingen,
2930044,2906152,Herdecke,
2930044,2862737,Niederwenigern,
2930044,2834372,Schwelm,
2930044,2829998,Sprockhövel,Sprockhoevel
2930044,2826659,Stockum,
2930044,2809984,Wetter,
2930044,2807363,Witten,
2930522,2953276,Bahlingen,
2930522,2938190,Denzlingen,
2930522,2930626,Elzach,
2930522,2930523,Emmendingen,
2930522,2930383,Endingen,
2930522,2925914,Forchheim,
2930522,2913425,Gutach im Breisgau,
2930522,2906205,Herbolzheim,
2930522,2891590,Kenzingen,
2930522,2874028,Malterdingen,
2930522,2847049,Riegel,
2930522,2841381,Sasbach,
2930522,2832841,Sexau,
2930522,2823504,Teningen,
2930522,2816010,Vörstetten,
2930522,2814883,Waldkirch,
2930522,2811691,Weisweil,
2930522,2805400,Wyhl,
2930522,2805382,Yach,
2933937,2955835,Anzing,
2933937,2955007,Aßling,
2933937,2943531,Bruck,
2933937,2933945,Ebersberg,
2933937,2932960,Egmating,
2933937,2930502,Emmering,
2933937,2929038,Eschenlohe,
2933937,2925729,Forstinning,
2933937,2925383,Frauenneuharting,
2933937,2919812,Glonn,
2933937,2918241,Grafing bei München,Grafing bei Muenchen
2933937,2901625,Hohenlinden,
2933937,2890381,Kirchseeon,
2933937,2873285,Markt Schwaben,
2933937,2869511,Moosach,
2933937,2859439,Oberpframmern,
2933937,2853200,Pliening,
2933937,2852939,Poing,
2933937,2827955,Steinhöring,
2933937,2817818,Vaterstetten,
2933937,2803884,Zorneding,
2935020,2958648,Albertstadt,
2935020,2935022,Dresden,
2935020,2919039,Gorbitz,
2935020,2887366,Klotzsche,
2935020,2876683,Löbtau,Loebtau
2935020,2871264,Mickten,
2935516,2955023,Asseln,
2935516,2952436,Barop,
2935516,2948161,Bittermark,
2935516,2945601,Brackel,
2935516,2944960,Brechten,
2935516,2943091,Brünninghausen,Bruenninghausen
2935516,2938058,Derne,
2935516,2937855,Deusen,
2935516,2935527,Dorstfeld,
2935516,2935517,Dortmund,
2935516,2932089,Eichlinghofen,
2935516,2912916,Hacheney,
2935516,2900150,Holthausen,
2935516,2899915,Holzen,
2935516,2898451,Hostedde,
2935516,2890623,Kirchderne,
2935516,2890422,Kirchlinde,
2935516,11608635,Kley,
2935516,11611396,Kurl-Husen,
2935516,2880489,Lanstrop,
2935516,2877262,Lindenhorst,
2935516,2874946,Lütgendortmund,Luetgendortmund
2935516,2873172,Marten,
2935516,2871970,Mengede,
2935516,2866369,Nette,
2935516,2865854,Neue Kolonie Westhausen,
2935516,2857878,Oespel,
2935516,2857861,Oestrich,
2935516,2850869,Rahm,
2935516,11611211,Rombergpark-Lücklemberg,Rombergpark-Luecklemberg
2935516,2834201,Schwieringhausen,
2935516,2831597,Sölde,Soelde
2935516,2831588,Sölderholz,Soelderholz
2935516,2824470,Syburg,
2935516,2811465,Wellinghofen,
2935516,2810370,Westerfilde,
2935516,11594342,Westrich,
2935516,2809804,Wichlinghofen,
2935516,2809777,Wickede,
2936213,2958631,Albisheim,
2936213,2958134,Alsenz,
2936213,2951853,Bayerfeld-Steckweiler,
2936213,2951024,Bennhausen,
2936213,2949216,Biedesheim,
2936213,2948326,Bischheim,
2936213,2948190,Bisterschied,
2936213,2946733,Bolanden,
2936213,2946031,Börrstadt,Boerrstadt
2936213,2944166,Breunigweiler,
2936213,2942939,Bubenheim,
2936213,2938985,Dannenfels,
2936213,2937401,Dielkirchen,
2936213,2935553,Dörrmoschel,
2936213,2935095,Dreisen,
2936213,2931691,Einselthum,
2936213,2931522,Eisenberg,
2936213,2927916,Falkenstein,
2936213,2926804,Finkenbach-Gersweiler,
2936213,2922282,Gauersheim,
2936213,2922278,Gaugrehweiler,
2936213,2921957,Gehrweiler,
2936213,2921188,Gerbach,
2936213,2919232,Göllheim,
2936213,2919125,Gonbach,
2936213,2913677,Gundersweiler,
2936213,2899016,Höringen,Hoeringen
2936213,2896599,Ilbesheim,
2936213,2896239,Immesheim,
2936213,2896189,Imsbach,
2936213,2896156,Imsweiler,
2936213,2895234,Jakobsweiler,
2936213,2893779,Kalkofen,
2936213,2892256,Katzenbach,
2936213,2891480,Kerzenheim,
2936213,2890478,Kirchheimbolanden,
2936213,2883961,Kriegsfeld,
2936213,2879875,Lautersheim,
2936213,2876161,Lohnsfeld,
2936213,3207531,Mannweiler-Cölln,
2936213,2873234,Marnheim,
2936213,2869175,Morschheim,
2936213,2869159,Mörsfeld,
2936213,2867627,Münchweiler an der Alsenz,
2936213,2867536,Münsterappel,
2936213,2863355,Niederhausen an der Appel,
2936213,2863103,Niedermoschel,
2936213,2860404,Oberhausen an der Appel,
2936213,2859733,Obermoschel,
2936213,2859615,Oberndorf,
2936213,2858539,Oberwiesen,
2936213,2857114,Orbis,
2936213,2855999,Ottersheim,
2936213,2850566,Ramsen,
2936213,2850424,Ransweiler,
2936213,2850182,Rathskirchen,
2936213,2848976,Reichsthal,
2936213,2846374,Rittersheim,
2936213,2846229,Rockenhausen,
2936213,2842979,Ruppertsecken,
2936213,2842869,Rüssingen,
2936213,2841674,Sankt Alban,
2936213,2839383,Schiersfeld,
2936213,2836915,Schönborn,
2936213,2834417,Schweisweiler,
2936213,2833683,Seelen,
2936213,2831838,Sippersfeld,
2936213,2831797,Sitters,
2936213,2829678,Stahlberg,
2936213,2829565,Standenbühl,Standenbuehl
2936213,2828738,Steinbach am Donnersberg,
2936213,2827223,Stetten,
2936213,2823435,Teschenmoschel,
2936213,2820099,Unkenbach,
2936213,2815010,Waldgrehweiler,
2936213,2813931,Wartenberg-Rohrbach,
2936213,2811643,Weitersweiler,
2936213,2807852,Winnweiler,
2936213,2807783,Winterborn,
2936213,2805586,Würzweiler,
2936260,2958560,Alerheim,
2936260,2956564,Amerdingen,
2936260,3208324,Asbach-Bäumenheim,
2936260,2954120,Auhausen,
2936260,2942702,Buchdorf,
2936260,2939343,Daiting,
2936260,2938439,Deiningen,
2936260,2936253,Donauwörth,Donauwoerth
2936260,2933385,Ederheim,
2936260,2925891,Forheim,
2936260,2924999,Fremdingen,
2936260,2923753,Fünfstetten,Fuenfstetten
2936260,2921371,Genderkingen,
2936260,2911769,Hainsfarth,
2936260,2910686,Harburg,
2936260,2901986,Hohenaltheim,
2936260,2899722,Holzheim,
2936260,2897883,Huisheim,
2936260,2893983,Kaisheim,
2936260,2874284,Maihingen,
2936260,2873290,Marktoffingen,
2936260,2873080,Marxheim,
2936260,2872469,Megesheim,
2936260,2871716,Mertingen,
2936260,2869847,Mönchsdeggingen,
2936260,2869792,Monheim,
2936260,2868986,Möttingen,
2936260,2867568,Munningen,
2936260,2867553,Münster,Muenster
2936260,2862891,Niederschönenfeld,
2936260,2861914,Nördlingen,Noerdlingen
2936260,2859641,Oberndorf,
2936260,2857847,Oettingen in Bayern,
2936260,2855967,Otting,
2936260,2850808,Rain,
2936260,2848851,Reimlingen,
2936260,2845825,Rögling,
2936260,2824379,Tagmersheim,
2936260,2824005,Tapfheim,
2936260,2814592,Wallerstein,
2936260,2813531,Wechingen,
2936260,2811342,Wemding,
2936260,2806847,Wolferstadt,
2936975,2958813,Aislingen,
2936975,2953662,Bachhagel,
2936975,2953636,Bächingen,Bächingen an der Brenz
2936975,2948750,Binswangen,
2936975,2948204,Bissingen,
2936975,2947713,Blindheim,
2936975,2940611,Buttenwiesen,
2936975,2936974,Dillingen an der Donau,
2936975,3208334,Finningen,
2936975,2919792,Glött,
2936975,2913711,Gundelfingen,
2936975,2909057,Haunsheim,
2936975,2903012,Höchstädt an der Donau,
2936975,2899723,Holzheim,
2936975,2880102,Laugna,
2936975,2880099,Lauingen,
2936975,2874719,Lutzingen,
2936975,3208353,Medlingen,
2936975,2870233,Mödingen,Moedingen
2936975,2834312,Schwenningen,
2936975,2817230,Villenbach,
2936975,2810702,Wertingen,
2936975,2807254,Wittislingen,
2936975,2804283,Ziertheim,
2936975,2803874,Zöschingen,Zoeschingen
2936975,2803667,Zusamaltheim,
2937956,2937959,Dessau,Dessau-Roßlau
2937956,2845914,Rodleben,
2939657,2955538,Armstorf,
2939657,2951147,Belum,
2939657,2949482,Beverstedt,
2939657,2946801,Bokel,
2939657,2945469,Bramstedt,
2939657,2941831,Bülkau,Buelkau
2939657,2940430,Cadenberge,
2939657,2940322,Cappel,
2939657,2939658,Cuxhaven,
2939657,2935494,Dorum,
2939657,2935334,Drangstedt,
2939657,2934945,Driftsethe,
2939657,2930832,Elmlohe,
2939657,2926154,Flögeln,Floegeln
2939657,2925001,Frelsdorf,
2939657,2920744,Geversdorf,
2939657,2912496,Hagen im Bremischen,
2939657,2908486,Hechthausen,
2939657,2908292,Heerstedt,
2939657,2906524,Hemmoor,
2939657,2900595,Hollen,
2939657,2900391,Hollnseth,
2939657,2896648,Ihlienworth,
2939657,2890330,Kirchwistedt,
2939657,2886705,Köhlen,Koehlen
2939657,2882681,Kührstedt,Kuehrstedt
2939657,2881659,Lamstedt,
2939657,2881276,Langen,
2939657,2876963,Lintig,
2939657,2875645,Loxstedt,
2939657,2875102,Lunestedt,
2939657,2871244,Midlum,
2939657,2870962,Misselwarden,
2939657,2870549,Mittelstenahe,
2939657,2867748,Mulsum,
2939657,2865632,Neuenkirchen,
2939657,2865130,Neuhaus an der Oste,Neuhaus (Oste) Flecken|Neuhaus (Oste)
2939657,2861939,Nordholz,
2939657,2861919,Nordleda,
2939657,2859600,Oberndorf,
2939657,2858013,Odisheim,
2939657,2856792,Osten,
2939657,2856647,Osterbruch,
2939657,2856024,Otterndorf,
2939657,2855737,Padingbüttel,Padingbuettel
2939657,2846582,Ringstedt,
2939657,2841731,Sandstedt,
2939657,2839345,Schiffdorf,
2939657,2828873,Steinau,
2939657,2826986,Stinstedt,
2939657,2818059,Uthlede,
2939657,2814241,Wanna,
2939657,2806011,Wremen,
2939810,2939811,Cottbus,
2939944,2955224,Ascheberg,
2939944,2948944,Billerbeck,
2939944,2941838,Buldern,
2939944,2939945,Coesfeld,
2939944,2934662,Dülmen,Duelmen
2939944,2908597,Havixbeck,
2939944,2875417,Lüdinghausen,Luedinghausen
2939944,2861923,Nordkirchen,
2939944,2861733,Nottuln,
2939944,2857363,Olfen,
2939944,2833079,Senden,
2939950,2959140,Ahorn,
2939950,2933922,Ebersdorf,
2939950,2915529,Großheirath,
2939950,3207405,Lautertal,
2939950,2872527,Meeder,
2939950,2864053,Neustadt bei Coburg,
2939950,2863428,Niederfüllbach,Niederfuellbach
2939950,3207410,Rödental,
2939950,2832921,Seßlach,
2939950,2831239,Sonnefeld,
2939950,2818677,Untersiemau,
2939950,2812931,Weidhausen bei Coburg,
2939950,2811611,Weitramsdorf,
2940202,2955464,Arnschwang,
2940202,2955410,Arrach,
2940202,2948115,Blaibach,
2940202,2940204,Cham,
2940202,2940201,Chamerau,
2940202,2928979,Eschlkam,
2940202,2927917,Falkenstein,
2940202,2923529,Furth im Wald,
2940202,2919961,Gleißenberg,
2940202,2918260,Grafenwiesen,
2940202,2901360,Hohenwarth,
2940202,2885070,Kötzting,
2940202,2881786,Lam,
2940202,2876357,Lohberg,
2940202,2871287,Michelsneukirchen,
2940202,2871082,Miltach,
2940202,2864759,Neukirchen,
2940202,2864728,Neukirchen beim Heiligen Blut,Neukirchen b.Hl.Blut|Neukirchen
2940202,2854974,Pemfling,
2940202,2852535,Pösing,
2940202,2849170,Reichenbach,
2940202,2847993,Rettenbach,
2940202,2846756,Rimbach,
2940202,2845924,Roding,
2940202,2843617,Rötz,Roetz
2940202,2843054,Runding,
2940202,2836460,Schönthal,
2940202,2836319,Schorndorf,
2940202,2829569,Stamsried,
2940202,2822434,Tiefenbach,
2940202,2821617,Traitsching,
2940202,2821400,Treffelstein,
2940202,2815552,Waffenbrunn,
2940202,2815198,Wald,
2940202,2815059,Walderbach,
2940202,2814846,Waldmünchen,
2940202,2812917,Weiding,
2940202,2808514,Willmering,
2940202,2805264,Zandt,
2940202,12188614,Zell,
2940212,2959538,Adelheidsdorf,
2940212,2959150,Ahnsbeck,
2940212,2951616,Beedenbostel,
2940212,2950622,Bergen (Niedersachsen),Bergen
2940212,2943998,Bröckel,Broeckel
2940212,2940213,Celle,
2940212,2931985,Eicklingen,
2940212,2931210,Eldingen,
2940212,2929122,Eschede,
2940212,2927750,Faßberg,
2940212,2912966,Habighorst,
2940212,2911300,Hambühren,
2940212,2906015,Hermannsburg,
2940212,2902618,Höfer,Hoefer
2940212,2900881,Hohne,
2940212,2882028,Lachendorf,
2940212,2880613,Langlingen,
2940212,2862576,Nienhagen,
2940212,2840289,Scharnhorst,
2940212,2819117,Unterlüß,Unterluess
2940212,2813660,Wathlingen,
2940212,2809444,Wienhausen,
2940212,2809092,Wietze,
2940212,2807846,Winsen,Winsen (Aller)
2940212,2863818,Winsen (Aller),
2940384,2957459,Altensteig,
2940384,2957133,Althengstett,
2940384,2953440,Bad Herrenalb,
2940384,2953407,Bad Liebenzell,
2940384,3206153,Bad Teinach-Zavelstein,
2940384,2809025,Bad Wildbad im Schwarzwald,Bad Wildbad
2940384,2940383,Calw,
2940384,2936667,Dobel,
2940384,2933857,Ebhausen,
2940384,2933216,Egenhausen,
2940384,2929892,Enzklösterle,Enzkloesterle
2940384,2922136,Gechingen,
2940384,2911739,Haiterbach,
2940384,2902628,Höfen an der Enz,
2940384,2869929,Monakam,
2940384,2867164,Nagold,
2940384,2866086,Neubulach,
2940384,2863876,Neuweiler,
2940384,2859360,Oberreichenbach,
2940384,2856798,Ostelsheim,
2940384,2845638,Rohrdorf,
2940384,2837115,Schömberg,
2940384,2832003,Simmersfeld,
2940384,2831992,Simmozheim,
2940384,2818889,Unterreichenbach,
2940384,2809013,Wildberg,
2944796,2954803,Au bei Freiburg,Au
2944796,2954197,Auggen,
2944796,2953414,Bad Krozingen,
2944796,2953482,Badenweiler,
2944796,2948303,Bischoffingen,
2944796,2946599,Bollschweil,
2944796,2945740,Bötzingen,
2944796,2944800,Breisach am Rhein,
2944796,2944455,Breitnau,
2944796,2942614,Buchenbach,
2944796,2942450,Buchheim,
2944796,2942017,Buggingen,
2944796,2933821,Ebringen,
2944796,2932063,Eichstetten,
2944796,2931569,Eisenbach,
2944796,2929158,Eschbach,
2944796,2924738,Friedenweiler,
2944796,6619303,Glottertal,
2944796,2918707,Gottenheim,
2944796,2913713,Gundelfingen,
2944796,2910108,Hartheim,
2944796,2907068,Heitersheim,
2944796,2904969,Heuweiler,
2944796,2903889,Hinterzarten,
2944796,2899093,Horben,
2944796,2896616,Ihringen,
2944796,2890328,Kirchzarten,
2944796,2878702,Lenzkirch,
2944796,2876461,Löffingen,
2944796,2871831,Merdingen,
2944796,2871680,Merzhausen,
2944796,2867770,Müllheim,
2944796,2927443,Müllheim-Feldberg,Muellheim-Feldberg
2944796,6559224,Münstertal,Münstertal/Schwarzwald|Muenstertal/Schwarzwald
2944796,2865813,Neuenburg am Rhein,
2944796,2859302,Oberried,
2944796,3209260,Oberrotweil,
2944796,2854325,Pfaffenweiler,
2944796,2841488,Sankt Peter,
2944796,2840526,Schallstadt,
2944796,2838208,Schluchsee,
2944796,2831594,Sölden,
2944796,2841521,St. Märgen,Sankt Märgen
2944796,11951569,St. Peter,
2944796,2829130,Stegen,
2944796,2824776,Sulzburg,
2944796,2822083,Titisee-Neustadt,
2944796,2820190,Umkirch,
2944796,3209420,Vogtsburg im Kaiserstuhl,Vogtsburg
2944796,2807215,Wittnau,
2945354,2945358,Brandenburg an der Havel,
2947109,2950130,Bermatingen,
2947109,2939345,Daisendorf,
2947109,2929626,Eriskirch,
2947109,2924826,Frickingen,
2947109,2924585,Friedrichshafen,
2947109,2912417,Hagnau,
2947109,2907616,Heiligenberg,
2947109,2896263,Immenstaad am Bodensee,
2947109,2884344,Kressbronn am Bodensee,
2947109,2881263,Langenargen,
2947109,2873427,Markdorf,
2947109,2872585,Meckenbeuren,
2947109,2872486,Meersburg,
2947109,2864774,Neukirch,
2947109,2858811,Oberteuringen,
2947109,2855823,Owingen,
2947109,6639586,Salem,
2947109,2831837,Sipplingen,
2947109,2827246,Stetten,
2947109,2823368,Tettnang,
2947109,2820577,Überlingen,
2947109,3205690,Uhldingen-Mühlhofen,
2947443,2958904,Aidlingen,
2947443,2958028,Altdorf,
2947443,2947444,Böblingen,Boeblingen
2947443,2946485,Bondorf,
2947443,2938633,Deckenpfronn,
2947443,2932882,Ehningen,
2947443,2922436,Gärtringen,
2947443,11670103,Grafenau,
2947443,2905826,Herrenberg,
2947443,2904784,Hildrizhausen,
2947443,2899880,Holzgerlingen,
2947443,2878695,Leonberg,Leonberg / Baden-Württemb.
2947443,2874509,Magstadt,
2947443,2868967,Mötzingen,
2947443,2861690,Nufringen,
2947443,2860134,Oberjettingen,
2947443,2848175,Renningen,
2947443,2842824,Rutesheim,
2947443,2837093,Schönaich,
2947443,2831948,Sindelfingen,
2947443,2828206,Steinenbronn,
2947443,2819282,Unterjettingen,
2947443,2815076,Waldenbuch,
2947443,2812625,Weil der Stadt,
2947443,2812502,Weil im Schönbuch,
2947443,2812053,Weissach,
2948163,2958781,Aken,
2948163,2948164,Bitterfeld-Wolfen,
2948163,2947477,Bobbau,
2948163,2946043,Bornum,
2948163,2944828,Brehna,
2948163,2941221,Burgkemnitz,
2948163,2938588,Deetz,
2948163,2934870,Drosa,
2948163,2933485,Edderitz,
2948163,2930707,Elsnigk,
2948163,2924716,Friedersdorf,
2948163,2920012,Glebitzsch,
2948163,2918899,Görzig,Goerzig
2948163,2918828,Gossa,
2948163,2917626,Greppin,
2948163,2917218,Gröbern,Groebern
2948163,2917206,Gröbzig,Groebzig
2948163,2917023,Großbadegast,
2948163,2915187,Großpaschleben,
2948163,2914800,Großzöberitz,Grosszoeberitz
2948163,2913375,Güterglück,Gueterglueck
2948163,2904403,Hinsdorf,
2948163,2899539,Holzweißig,
2948163,2894948,Jeßnitz,
2948163,2894393,Jütrichau,Juetrichau
2948163,2888398,Kleinpaschleben,
2948163,2885237,Köthen,Koethen
2948163,2883895,Krina,
2948163,2877546,Lindau,
2948163,2876714,Löberitz,Loeberitz
2948163,2871316,Micheln,
2948163,2868659,Mühlbeck,Muehlbeck
2948163,2867850,Muldenstein,
2948163,2856413,Osternienburg,
2948163,8739828,Osternienburger Land,
2948163,2854622,Petersroda,
2948163,2852400,Pouch,
2948163,2851871,Prosigk,
2948163,2851450,Quellendorf,
2948163,2851069,Radegast,
2948163,2850894,Raguhn,
2948163,2850555,Ramsin,
2948163,2848188,Renneritz,
2948163,2845475,Roitzsch,
2948163,2845170,Rösa,Roesa
2948163,2842152,Salzfurtkapelle,
2948163,2841879,Sandersdorf,
2948163,2839434,Schierau,
2948163,2838938,Schlaitz,
2948163,2836281,Schortewitz,
2948163,2836110,Schrenz,
2948163,2834354,Schwemsal,
2948163,2830161,Spören,Spoeren
2948163,2827179,Steutz,
2948163,2825372,Stumsdorf,
2948163,2823078,Thalheim,
2948163,2821785,Tornau,
2948163,2814432,Walternienburg,
2948163,2812043,Weißandt-Gölzau,Weissandt-Goelzau
2948163,2806919,Wolfen,
2948163,2805945,Wulfen,
2948163,2805357,Zabitz,
2948163,2804748,Zerbst/Anhalt,Zerbst
2948163,2803891,Zörbig,Zoerbig
2948163,2803823,Zscherndorf,
2948589,2959841,Abentheuer,
2948589,2959655,Achtelsbach,
2948589,2958457,Allenbach,
2948589,2955316,Asbach,
2948589,2951950,Baumholder,
2948589,2950628,Bergen,
2948589,2950330,Berglangenbach,
2948589,2948595,Birkenfeld,
2948589,2946674,Bollenbach,
2948589,2946311,Börfink,
2948589,2944526,Breitenthal,
2948589,2943547,Bruchweiler,
2948589,2943487,Brücken,
2948589,2941943,Buhlenberg,
2948589,2941692,Bundenbach,
2948589,2939255,Dambach,
2948589,2937663,Dickesbach,
2948589,2937337,Dienstweiler,
2948589,2933599,Eckersweiler,
2948589,2931223,Elchweiler,
2948589,2931079,Ellenberg,
2948589,2930887,Ellweiler,
2948589,2926631,Fischbach,
2948589,2925965,Fohren-Linden,
2948589,2925411,Frauenberg,
2948589,2921224,Gerach,
2948589,2920375,Gimbweiler,
2948589,2919246,Gollenberg,
2948589,2918850,Gösenroth,
2948589,2917505,Griebelschied,
2948589,2912167,Hahnweiler,
2948589,2909235,Hattgenstein,
2948589,2908887,Hausen,
2948589,2907464,Heimbach,
2948589,2906803,Hellertshausen,
2948589,2906200,Herborn,
2948589,2905601,Herrstein,
2948589,2905225,Hettenrodt,
2948589,2903926,Hintertiefenbach,
2948589,3207526,Hoppstädten-Weiersbach,
2948589,2899081,Horbruch,
2948589,2898431,Hottenbach,
2948589,2896753,Idar-Oberstein,
2948589,2891629,Kempfeld,
2948589,2890226,Kirschweiler,
2948589,2883627,Kronweiler,
2948589,2883335,Krummenau,
2948589,2880536,Langweiler,
2948589,2879121,Leisel,
2948589,2878983,Leitzweiler,
2948589,2874611,Mackenrodt,
2948589,2872587,Meckenbach,
2948589,2871532,Mettweiler,
2948589,2870612,Mittelreidenbach,
2948589,2869174,Mörschied,Moerschied
2948589,2863569,Niederbrombach,
2948589,2863371,Niederhambach,
2948589,2863254,Niederhosenbach,
2948589,2862708,Niederwörresbach,
2948589,2862295,Nohen,
2948589,2861202,Oberbrombach,
2948589,2860488,Oberhambach,
2948589,2860176,Oberhosenbach,
2948589,2860072,Oberkirn,
2948589,2859352,Oberreidenbach,
2948589,2858476,Oberwörresbach,Oberwoerresbach
2948589,2849167,Reichenbach,
2948589,2847695,Rhaunen,
2948589,2846719,Rimsberg,
2948589,2846512,Rinzenberg,
2948589,2845707,Rohrbach,
2948589,2843810,Rötsweiler-Nockenthal,Roetsweiler-Nockenthal
2948589,2843464,Rückweiler,
2948589,2842930,Ruschberg,
2948589,2840130,Schauren,
2948589,2837831,Schmidthachenbach,
2948589,2837724,Schmißberg,
2948589,2834291,Schwerbach,
2948589,2834136,Schwollen,
2948589,2832986,Sensweiler,
2948589,2832363,Sien,
2948589,2832357,Sienhachenbach,
2948589,2832328,Siesbach,
2948589,2831183,Sonnenberg-Winnenberg,
2948589,2831109,Sonnschied,
2948589,2826973,Stipshausen,
2948589,2824838,Sulzbach,
2948589,2817252,Veitsrodt,
2948589,2816562,Vollmersbach,
2948589,2813039,Weiden,
2948589,2811654,Weitersbach,
2948589,2809762,Wickenrodt,
2948589,3207548,Wilzenberg-Hußweiler,
2948589,2807526,Wirschweiler,
2950072,2958121,Alsleben,
2950072,2956546,Amesdorf,
2950072,2955168,Aschersleben,
2950072,2954874,Atzendorf (Staßfurt),Atzendorf
2950072,2953810,Baalberge,
2950072,3205000,Barby,
2950072,2951532,Beesenlaublingen,
2950072,2951236,Belleben,
2950072,2950073,Bernburg,
2950072,2949161,Biendorf,
2950072,2949103,Biere,
2950072,2946137,Borne,
2950072,2944598,Breitenhagen,
2950072,2943292,Brumby,
2950072,2940419,Calbe,Calbe an der Saale
2950072,2939946,Cochstedt,
2950072,2939848,Cörmigk,Coermigk
2950072,2934892,Drohndorf,
2950072,2933343,Edlau,
2950072,2933256,Egeln,
2950072,2933064,Eggersdorf,
2950072,2932012,Eickendorf,Eickendorf (Bördeland)
2950072,2928700,Etgersleben,
2950072,2925902,Förderstedt,Foerderstedt
2950072,2925245,Freckleben,
2950072,2924138,Frose,
2950072,2922342,Gatersleben,
2950072,2921168,Gerbitz,
2950072,2920582,Giersleben,
2950072,2919794,Glöthe,Gloethe
2950072,2919713,Gnadau,
2950072,2917147,Gröna,Groena
2950072,2916942,Groß Börnecke,Gross Boernecke
2950072,2915118,Groß Rosenburg,
2950072,2915077,Groß-Schierstedt,
2950072,2913449,Güsten,Guesten
2950072,2911725,Hakeborn,
2950072,2908411,Hecklingen,
2950072,2898299,Hoym,
2950072,2896602,Ilberstedt,
2950072,2888470,Kleinmühlingen,Kleinmuehlingen
2950072,2885716,Könnern,Koennern
2950072,2880356,Latdorf,
2950072,2872374,Mehringen,
2950072,2867245,Nachterstedt,
2950072,2865300,Neugattersleben,
2950072,2864455,Neundorf,
2950072,2862621,Nienburg (Saale),Nienburg/Saale
2950072,2855031,Peißen,
2950072,2853114,Plötzkau,
2950072,2853113,Plötzky,Ploetzky
2950072,2852883,Poley,
2950072,2852771,Pömmelte,Poemmelte
2950072,2852160,Pretzien,
2950072,2852141,Preußlitz,
2950072,3207095,Rathmannsdorf,
2950072,2840882,Schadeleben,
2950072,2837385,Schneidlingen,
2950072,2836809,Schönebeck (Elbe),Schönebeck|Schoenebeck
2950072,2829422,Staßfurt,
2950072,2823973,Tarthun,
2950072,2821777,Tornitz,
2950072,2820071,Unseburg,
2950072,2811387,Welsleben,
2950072,2810565,Westdorf,
2950072,2810395,Westeregeln,
2950072,2808419,Wilsleben,
2950072,2807858,Winningen,
2950072,2807029,Wohlsdorf,
2950072,2806343,Wolmirsleben,
2950257,2950978,Bensheim,
2950257,2949367,Biblis,
2950257,2948652,Birkenau,
2950257,2940938,Bürstadt,Buerstadt
2950257,2931753,Einhausen,
2950257,2923543,Fürth,
2950257,2915128,Groß-Rohrheim,
2950257,2906268,Heppenheim (Bergstraße),Heppenheim an der Bergstrasse
2950257,2903625,Hirschhorn,
2950257,2881695,Lampertheim,
2950257,2877315,Lindenfels,
2950257,2875877,Lorsch,
2950257,2869221,Mörlenbach,
2950257,2866759,Neckarsteinach,
2950257,2846754,Rimbach,
2950257,2820058,Unter-Abtsteinach,
2950257,2817324,Viernheim,
2950257,2814853,Wald-Michelbach,
2950257,2803515,Zwingenberg,
2950877,2958831,Ainring,
2950877,2956119,Anger (Berchtesgadener Land),Anger
2950877,2953371,Bad Reichenhall,
2950877,2951843,Bayerisch Gmain,
2950877,2950881,Berchtesgaden,
2950877,2948265,Bischofswiesen,
2950877,2925080,Freilassing,
2950877,2880129,Laufen (Salzach),Laufen
2950877,2873287,Marktschellenberg,
2950877,2853855,Piding,
2950877,2850608,Ramsau,
2950877,11608623,Ramsau bei Berchtesgaden,
2950877,2837375,Schneizlreuth,
2950877,2837085,Schönau am Königssee,Schoenau am Koenigssee
2950877,2823611,Teisendorf,
2951880,2955459,Arnsdorf,
2951880,2951881,Bautzen,
2951880,2949961,Bernsdorf,
2951880,2948267,Bischofswerda,
2951880,2941028,Burkau,
2951880,2939717,Crostau,
2951880,2939714,Crostwitz,
2951880,2939687,Cunewalde,
2951880,2938295,Demitz-Thumitz,
2951880,2936620,Doberschau,
2951880,2930672,Elstra,
2951880,11102926,Feldschlößchen,Feldschloesschen
2951880,2925548,Frankenthal,
2951880,2922233,Gaußig,Huska
2951880,2919609,Göda,Goeda
2951880,2916839,Großdubrau,
2951880,2915552,Großharthau,
2951880,2915238,Großnaundorf,
2951880,2915172,Großpostwitz,
2951880,2915124,Großröhrsdorf,Grossroehrsdorf
2951880,2913328,Guttau,
2951880,7302786,Haselbachtal,
2951880,2908678,Hauswalde,
2951880,2903125,Hochkirch,
2951880,2902855,Höckendorf,Hoeckendorf
2951880,2899013,Horka,
2951880,2898304,Hoyerswerda,
2951880,2893437,Kamenz,
2951880,2890273,Kirschau,
2951880,2887259,Knappenrode,
2951880,2885910,Königsbrück,
2951880,2885742,Königswartha,
2951880,2883170,Kubschütz,
2951880,2880001,Laußnitz,
2951880,2878109,Lichtenberg,
2951880,2876117,Lohsa,
2951880,2874042,Malschwitz,
2951880,2866810,Nebelschütz,Nebelschuetz
2951880,2866466,Neschwitz,
2951880,2864770,Neukirch,
2951880,2864771,Neukirch/Lausitz,
2951880,2860537,Obergurig,
2951880,2859903,Oberlichtenau,
2951880,2857603,Ohorn,
2951880,2856839,Oßling,
2951880,2856107,Ottendorf-Okrilla,
2951880,2855574,Panschwitz-Kuckau,
2951880,2851719,Pulsnitz,
2951880,2851631,Puschwitz,
2951880,2851132,Räckelwitz,Raeckelwitz
2951880,2851079,Radeberg,
2951880,2850980,Radibor,
2951880,2850648,Rammenau,
2951880,2846622,Ringenhain,
2951880,2839090,Schirgiswalde,
2951880,2834296,Schwepnitz,
2951880,2831685,Sohland,
2951880,2828923,Steina,
2951880,2827907,Steinigtwolmsdorf,
2951880,2826136,Straßgräbchen,Strassgraebchen
2951880,2815782,Wachau,
2951880,2812865,Weifa,
2951880,2811941,Weißenberg,
2951880,2809550,Wiednitz,
2951880,2808406,Wilthen,
2951880,2807265,Wittichenau,
2953323,2953443,Bad Heilbrunn,
2953323,2953324,Bad Tölz,Bad Toelz
2953323,2951104,Benediktbeuern,
2953323,2949324,Bichl,
2953323,2937073,Dietramszell,
2953323,2932992,Egling,
2953323,2928408,Eurasburg,
2953323,2923253,Gaißach,
2953323,2921139,Geretsried,
2953323,2917782,Greiling,
2953323,2896761,Icking,
2953323,2895517,Jachenau,
2953323,2886924,Kochel,
2953323,2885898,Königsdorf,
2953323,2878824,Lenggries,
2953323,2867561,Münsing,
2953323,2849047,Reichersbeuern,
2953323,2849025,Reichertshausen,
2953323,2842507,Sachsenkam,
2953323,2838769,Schlehdorf,
2953323,2815600,Wackersberg,
2953323,2806768,Wolfratshausen,
2953415,2959747,Abtweiler,
2953415,2958431,Allenfeld,
2953415,2957869,Altenbamberg,
2953415,2955610,Argenschwang,
2953415,2954641,Auen,
2953415,2953416,Bad Kreuznach,
2953415,2831736,Bad Sobernheim,
2953415,2952803,Bärenbach,
2953415,2952323,Bärweiler,
2953415,2951780,Becherbach,
2953415,2949275,Biebelsheim,
2953415,2947370,Bockenau,
2953415,2946378,Boos,
2953415,2944993,Braunweiler,
2953415,2944982,Brauweiler,
2953415,2944588,Breitenheim,
2953415,2944181,Bretzenheim,
2953415,2942999,Bruschied,
2953415,2941155,Burgsponheim,
2953415,2940402,Callbach,
2953415,2939337,Dalberg,
2953415,2938761,Daubach,
2953415,2938673,Daxweiler,
2953415,2937963,Desloch,
2953415,2935578,Dörrebach,Doerrebach
2953415,2935535,Dorsheim,
2953415,2934764,Duchroth,
2953415,2933643,Eckenroth,
2953415,2927514,Feilbingert,
2953415,2925079,Frei-Laubersheim,
2953415,2923706,Fürfeld,Fuerfeld
2953415,2922143,Gebroth,
2953415,2913406,Gutenberg,
2953415,2912863,Hackenheim,
2953415,2912309,Hahnenbach,
2953415,2911483,Hallgarten,
2953415,2910488,Hargesheim,
2953415,2907177,Heinzenberg,
2953415,2906312,Hennweiler,
2953415,2906113,Hergenfeld,
2953415,2902996,Hochstätten,
2953415,3207525,Hochstetten-Dhaun,
2953415,2899110,Horbach,
2953415,2898036,Hüffelsheim,Hueffelsheim
2953415,2897555,Hundsbach,
2953415,2895875,Ippenschied,
2953415,2895106,Jeckenbach,
2953415,2891818,Kellenbach,
2953415,2890314,Kirn,
2953415,2890230,Kirschroth,
2953415,2885979,Königsau,Koenigsau
2953415,2880978,Langenlonsheim,
2953415,2880886,Langenthal,
2953415,2880271,Laubenheim,
2953415,2880047,Lauschied,
2953415,2878422,Lettweiler,
2953415,2877690,Limbach,
2953415,2876025,Löllbach,
2953415,2873989,Mandel,
2953415,2873108,Martinstein,
2953415,2872586,Meckenbach,
2953415,2872559,Meddersheim,
2953415,2872173,Meisenheim,
2953415,2871707,Merxheim,
2953415,2869732,Monzingen,
2953415,2867631,Münchwald,
2953415,2866264,Neu-Bamberg,
2953415,2863359,Niederhausen,
2953415,2861830,Norheim,
2953415,2861615,Nußbaum,
2953415,2858875,Oberstreit,
2953415,2858073,Odernheim am Glan,Odernheim
2953415,2855898,Otzweiler,
2953415,2854346,Pfaffen-Schwabenheim,
2953415,2853244,Pleitersheim,
2953415,2849932,Raumbach,
2953415,2849443,Rehbach,
2953415,2849386,Rehborn,
2953415,2848917,Reiffelbach,
2953415,2844262,Roth,
2953415,2843591,Roxheim,
2953415,2843396,Rüdesheim,
2953415,2843104,Rümmelsheim,
2953415,2841547,Sankt Katharinen,
2953415,2838316,Schloßböckelheim,
2953415,2837317,Schneppenbach,
2953415,2836795,Schöneberg,
2953415,2834843,Schwarzerden,
2953415,2834456,Schweinschied,
2953415,2834293,Schweppenhausen,
2953415,2833600,Seesbach,
2953415,2833461,Seibersbach,
2953415,2832014,Simmertal,
2953415,2831366,Sommerloch,
2953415,2830869,Spabrücken,
2953415,2830850,Spall,
2953415,2830167,Sponheim,
2953415,2829353,Staudernheim,
2953415,2825716,Stromberg,
2953415,2822320,Tiefenthal,
2953415,2821622,Traisen,
2953415,2816524,Volxheim,
2953415,2815139,Waldböckelheim,
2953415,2814871,Waldlaubersheim,
2953415,2814571,Wallhausen,
2953415,2814065,Warmsroth,
2953415,2812149,Weinsheim,
2953415,2811653,Weitersborn,
2953415,2808219,Windesheim,
2953415,2807822,Winterbach,
2953415,2807778,Winterburg,
2953423,2954024,Aura an der Saale,
2953423,2953540,Bad Bocklet,
2953423,2953535,Bad Brückenau,
2953423,2953424,Bad Kissingen,
2953423,2941034,Burkardroth,
2953423,2931182,Elfershausen,
2953423,2928518,Euerdorf,
2953423,2923900,Fuchsstadt,
2953423,2920989,Geroda,
2953423,2911214,Hammelburg,
2953423,2873011,Maßbach,
2953423,2868992,Motten,
2953423,2867571,Münnerstadt,
2953423,2861695,Nüdlingen,
2953423,2859938,Oberleichtersbach,
2953423,2858787,Oberthulba,
2953423,2857075,Oerlenbach,
2953423,2850535,Ramsthal,
2953423,2850446,Rannungen,
2953423,3208006,Riedenberg,
2953423,2836817,Schondra,
2953423,2824710,Sulzthal,
2953423,2822571,Thundorf i. Unterfranken,Thundorf in Unterfranken|Thundorf i. Ufr.
2953423,2813888,Wartmannsroth,
2953423,2808871,Wildflecken,
2953423,2804925,Zeitlofs,
2953523,2957040,Altleiningen,
2953523,2953522,Bad Dürkheim,Bad Duerkheim
2953523,2948206,Bissersheim,
2953523,2947466,Bobenheim am Berg,
2953523,2947355,Bockenheim an der Weinstraße,Bockenheim
2953523,2940309,Carlsberg,
2953523,2939508,Dackenheim,
2953523,2938465,Deidesheim,
2953523,2936822,Dirmstein,
2953523,2933863,Ebertsheim,
2953523,2930965,Ellerstadt,
2953523,2930820,Elmstein,
2953523,2929279,Erpolzheim,
2953523,2928715,Esthal,
2953523,2925846,Forst,
2953523,2925614,Frankeneck,
2953523,2925053,Freinsheim,
2953523,2924774,Friedelsheim,
2953523,2920964,Gerolsheim,
2953523,2919101,Gönnheim,
2953523,2915439,Großkarlbach,
2953523,2914101,Grünstadt,Gruenstadt
2953523,2909313,Haßloch,
2953523,2907790,Heidesheim,
2953523,2905527,Herxheim am Berg,
2953523,2905226,Hettenleidelheim,
2953523,2893717,Kallstadt,
2953523,2890874,Kindenheim,
2953523,2890480,Kirchheim an der Weinstraße,
2953523,2888676,Kleinkarlbach,
2953523,2881771,Lambrecht,
2953523,2880087,Laumersheim,
2953523,2877357,Lindenberg,
2953523,2872583,Meckenheim,
2953523,2871718,Mertesheim,
2953523,2866608,Neidenfels,
2953523,2864618,Neuleiningen,
2953523,2863213,Niederkirchen bei Deidesheim,
2953523,2858857,Obersülzen,
2953523,2858416,Obrigheim,
2953523,2851320,Quirnheim,
2953523,2846066,Rodenbach,
2953523,2842981,Ruppertsberg,
2953523,2822323,Tiefenthal,
2953523,2815739,Wachenheim an der Weinstraße,Wachenheim
2953523,2813638,Wattenheim,
2953523,2812954,Weidenthal,
2953523,2812085,Weisenheim am Berg,
2953523,2812084,Weisenheim am Sand,
2955273,2956715,Alzenau in Unterfranken,
2955273,3207992,Blankenbach,
2955273,2921755,Geiselbach,
2955273,2920043,Glattbach,
2955273,2919438,Goldbach,
2955273,2915196,Großostheim,
2955273,2912159,Haibach,
2955273,2907697,Heigenbrücken,Heigenbruecken
2955273,2907416,Heimbuchenthal,
2955273,2907211,Heinrichsthal,
2955273,2898494,Hösbach,
2955273,2894833,Johannesberg,
2955273,2894245,Kahl am Main,
2955273,2888684,Kleinkahl,
2955273,2888411,Kleinostheim,
2955273,2883793,Krombach,
2955273,2880146,Laufach,
2955273,2874263,Mainaschaff,
2955273,3274989,Mespelbrunn,
2955273,2869936,Mömbris,
2955273,2844072,Rothenbuch,
2955273,3208010,Sailauf,
2955273,2837136,Schöllkrippen,
2955273,2831377,Sommerkahl,
2955273,2826670,Stockstadt am Main,
2955273,2815180,Waldaschaff,
2955273,2813176,Weibersbrunn,
2955273,2809291,Wiesen,
2956708,2958638,Albig,
2956708,2958126,Alsheim,
2956708,2956710,Alzey,
2956708,2955542,Armsheim,
2956708,2951783,Bechenheim,
2956708,2951741,Bechtheim,
2956708,2951736,Bechtolsheim,
2956708,2950115,Bermersheim,
2956708,2949277,Biebelnheim,
2956708,2946112,Bornheim,
2956708,2936866,Dintesheim,
2956708,3272935,Dittelsheim-Heßloch,
2956708,2933669,Eckelsheim,
2956708,2932715,Eich,
2956708,2930006,Ensheim,
2956708,2929862,Eppelsheim,
2956708,2929769,Erbes-Büdesheim,
2956708,2928816,Esselborn,
2956708,2926137,Flomborn,
2956708,2926135,Flonheim,
2956708,2925668,Framersheim,
2956708,2925062,Freimersheim,
2956708,2924941,Frettenheim,
2956708,2923428,Gabsheim,
2956708,2922305,Gau-Bickelheim,
2956708,2922276,Gau-Heppenheim,
2956708,2922245,Gau-Odernheim,
2956708,2922227,Gau-Weinheim,
2956708,2920377,Gimbsheim,
2956708,2913773,Gumbsheim,
2956708,2913681,Gundersheim,
2956708,2913675,Gundheim,
2956708,2910898,Hangen-Weisheim,
2956708,3272963,Hochborn,
2956708,2901413,Hohen-Sülzen,
2956708,2891313,Kettenheim,
2956708,2875977,Lonsheim,
2956708,2872832,Mauchenheim,
2956708,2871555,Mettenheim,
2956708,2869961,Mölsheim,
2956708,2869751,Monsheim,
2956708,2869733,Monzernheim,
2956708,2869150,Mörstadt,
2956708,2867237,Nack,
2956708,2862723,Nieder-Wiesen,
2956708,2860694,Ober-Flörsheim,
2956708,2859199,Ober-Saulheim,
2956708,2857790,Offenheim,
2956708,2857765,Offstein,
2956708,2856278,Osthofen,
2956708,2855373,Partenheim,
2956708,2836306,Schornsheim,
2956708,2832529,Siefersheim,
2956708,2830449,Spiesheim,
2956708,2828386,Stein-Bockenheim,
2956708,2824730,Sulzheim,
2956708,2820499,Udenheim,
2956708,2817659,Vendersheim,
2956708,2815740,Wachenheim,
2956708,2815418,Wahlheim,
2956708,2814591,Wallertheim,
2956708,2811295,Wendelsheim,
2956708,2810110,Westhofen,
2956708,2806353,Wöllstein,
2956708,2806231,Wonsheim,
2956708,2806105,Wörrstadt,
2957763,2957773,Altenburg,
2957763,2957073,Altkirchen,
2957763,2936600,Dobitschen,
2957763,2934907,Drogen,
2957763,2932847,Ehrenberg,
2957763,2932827,Ehrenhain,
2957763,2926009,Fockendorf,
2957763,2924242,Frohnsdorf,
2957763,2920908,Gerstenberg,
2957763,2919480,Göhren,
2957763,2919210,Göllnitz,
2957763,2919073,Göpfersdorf,
2957763,2918976,Gorma,
2957763,2918770,Gößnitz,Goessnitz
2957763,2914998,Großstöbnitz,Grossstoebnitz
2957763,2909865,Haselbach,
2957763,2905017,Heukewalde,
2957763,2904907,Heyersdorf,
2957763,2894724,Jonaswalde,
2957763,2894621,Jückelberg,Jueckelberg
2957763,2892084,Kauerndorf,
2957763,2883987,Kriebitzsch,
2957763,2880987,Langenleuba-Niederhain,
2957763,2876708,Löbichau,
2957763,2876489,Lödla,
2957763,2875512,Lucka,
2957763,2875138,Lumpzig,
2957763,2872403,Mehna,
2957763,2871437,Meuselwitz,
2957763,2869749,Monstab,
2957763,2867731,Mumsdorf,
2957763,2862326,Nöbdenitz,Noebdenitz
2957763,2862322,Nobitz,
2957763,2852729,Ponitz,
2957763,2852499,Posterstein,
2957763,2850289,Rasephas,
2957763,2844883,Rositz,
2957763,2842656,Saara,
2957763,2837652,Schmölln,Schmoelln
2957763,2829479,Starkenberg,
2957763,2823765,Tautenhain,
2957763,2822660,Thonhausen,
2957763,2821454,Treben,
2957763,2816559,Vollmershain,
2957763,2808964,Wildenbörten,Wildenboerten
2957763,2808143,Windischleuba,
2957763,2807696,Wintersdorf,
2957763,2804549,Ziegelheim,
3214107,2925177,Freiburg im Breisgau,Freiburg
3214108,2958801,Aitern,
3214108,2953553,Bad Bellingen,
3214108,2948746,Binzen,
3214108,2946679,Böllen,
3214108,2933274,Efringen-Kirchen,
3214108,2931827,Eimeldingen,
3214108,2926486,Fischingen,
3214108,2920953,Gersbach (Schopfheim),Gersbach|Gersbach im Schwarzwald
3214108,2917698,Grenzach-Wyhlen,
3214108,2909892,Hasel,
3214108,2908913,Hausen,
3214108,2895886,Inzlingen,
3214108,2893237,Kandern,
3214108,2875881,Lörrach,Loerrach
3214108,2872775,Maulburg,
3214108,2847639,Rheinfelden,
3214108,2843099,Rümmingen,Ruemmingen
3214108,2840552,Schallbach,
3214108,2838534,Schliengen,
3214108,2837074,Schönau im Schwarzwald,Schoenau im Schwarzwald|Schönau
3214108,2836725,Schönenberg,
3214108,2836413,Schopfheim,
3214108,2834129,Schwörstadt,
3214108,2828228,Steinen,
3214108,2821975,Todtnau,
3214108,2820799,Tunau,
3214108,2817996,Utzenfeld,
3214108,2812636,Weil am Rhein,
3214108,2811346,Wembach,
3214108,2809625,Wieden,
3214108,2809372,Wies,
3214108,2809142,Wieslet,
3214108,2807238,Wittlingen,
3214108,2804810,Zell im Wiesental,
3214109,2959686,Achern,
3214109,2957626,Altenheim,
3214109,2955722,Appenweier,
3214109,3206151,Bad Peterstal-Griesbach,
3214109,2950492,Berghaupten,
3214109,2949427,"Biberach, Baden",Biberach
3214109,2934505,Durbach,
3214109,2928659,Ettenheim,
3214109,2926557,Fischerbach,
3214109,2924382,Friesenheim,
3214109,2921355,Gengenbach,
3214109,2913428,Gutach,
3214109,2909544,Haslach,
3214109,2909523,Haslach im Kinzigtal,
3214109,2908974,Hausach,
3214109,2902370,Hofstetten,
3214109,2898876,Hornberg,
3214109,2896775,Ichenheim,
3214109,3209257,Kappel-Grafenhausen,
3214109,2893022,Kappelrodeck,
3214109,2891951,Kehl,
3214109,2890795,Kippenheim,
3214109,2885483,Kork,
3214109,2881885,Lahr/Schwarzwald,Lahr
3214109,2880150,Lauf,
3214109,2879989,Lautenbach,
3214109,2874486,Mahlberg,
3214109,2872149,Meißenheim,
3214109,2868457,Mühlenbach,
3214109,2861881,Nordrach,
3214109,2860477,Oberharmersbach,
3214109,2860080,Oberkirch,
3214109,2858484,Oberwolfach,
3214109,2857798,Offenburg,
3214109,2857653,Ohlsbach,
3214109,2857172,Oppenau,
3214109,2857013,Ortenberg,
3214109,2856083,Ottenhöfen im Schwarzwald,
3214109,2848251,Renchen,
3214109,3209262,Rheinau,
3214109,2846584,Ringsheim,
3214109,2842861,Rust,
3214109,2841380,Sasbach,
3214109,2841375,Sasbachwalden,
3214109,2835597,Schuttertal,
3214109,2835596,Schutterwald,
3214109,7117230,Schwanau,
3214109,2834028,Seebach,
3214109,2833704,Seelbach,
3214109,2828913,Steinach,
3214109,2808493,Willstätt,Willstaett
3214109,2806946,Wolfach,
3214110,2958937,Aichhalden,
3214110,2945866,Bösingen,
3214110,2938403,Deißlingen,
3214110,2937096,Dietingen,
3214110,2935702,Dornhan,
3214110,2934560,Dunningen,
3214110,2929871,Epfendorf,
3214110,2910575,Hardt,
3214110,2879944,Lauterbach/Schwarzwald,
3214110,2867983,Mühlheim am Bach,
3214110,2859654,Oberndorf,
3214110,2843636,Rottweil,
3214110,2839732,Schenkenzell,
3214110,2839195,Schiltach,
3214110,2836203,Schramberg,
3214110,2824855,Sulz am Neckar,
3214110,2823497,Tennenbronn,
3214110,2817222,Villingendorf,
3214110,2816760,Vöhringen,
3214110,2811514,Wellendingen,
3214110,2804159,Zimmern ob Rottweil,
3214111,2958575,Aldingen,
3214111,2953097,Balgheim,
3214111,2952692,Bärenthal,
3214111,2945762,Böttingen,
3214111,2942913,Bubsheim,
3214111,2942451,Buchheim,
3214111,2938460,Deilingen,
3214111,2938245,Denkingen,
3214111,2934499,Dürbheim,
3214111,2934495,Durchhausen,
3214111,2933190,Egesheim,
3214111,3205653,Emmingen-Liptingen,
3214111,2924820,Fridingen an der Donau,
3214111,2924335,Frittlingen,
3214111,2921682,Geisingen,
3214111,2918844,Gosheim,
3214111,2913631,Gunningen,
3214111,2908908,Hausen,
3214111,2908835,Hausen ob Verena,
3214111,2896288,Immendingen,
3214111,2895768,Irndorf,
3214111,2886435,Kolbingen,
3214111,2885850,Königsheim,
3214111,2865085,Neuhausen ob Eck,
3214111,2849119,Reichenbach am Heuberg,
3214111,2848169,Renquishausen,
3214111,3206259,Rietheim-Weilheim,
3214111,3206269,Seitingen-Oberflacht,
3214111,2830851,Spaichingen,
3214111,2824319,Talheim,
3214111,2820973,Trossingen,
3214111,2820693,Tuttlingen,
3214111,2813308,Wehingen,
3214111,2805667,Wurmlingen,
3214112,2958744,Albbruck,
3214112,2953363,Bad Säckingen,
3214112,2950099,Bernau,
3214112,2946445,Bonndorf,
3214112,7580311,Dachsberg,
3214112,2937906,Dettighofen,
3214112,2936503,Dogern,
3214112,3205651,Eggingen,
3214112,2918911,Görwihl,Goerwihl
3214112,2918317,Grafenhausen,
3214112,2908796,Häusern,
3214112,2905693,Herrischried,
3214112,2903256,Höchenschwand,
3214112,2901406,Hohentengen,
3214112,2896823,Ibach,
3214112,2894944,Jestetten,
3214112,3205666,Lauchringen,
3214112,2880121,Laufenburg,
3214112,2875738,Lottstetten,
3214112,2867467,Murg,
3214112,2847442,Rickenbach,
3214112,2841643,Sankt Blasien,
3214112,2825429,Stühlingen,
3214112,2821980,Todtmoos,
3214112,3205691,Ühlingen-Birkendorf,
3214112,2814791,Waldshut-Tiengen,
3214112,2813262,Wehr,
3214112,2812516,Weilheim,
3214112,2805419,Wutöschingen,Wutoeschingen
3214113,2953504,Baden-Baden,
3220720,2907911,Heidelberg,
3220721,2892794,Karlsruhe,
3220722,2873891,Mannheim,
3220723,2959508,Adelsheim,
3220723,2959296,Aglasterhausen,
3220723,2948934,Billigheim,
3220723,2948861,Binau,
3220723,2942634,Buchen in Odenwald,
3220723,2928163,Fahrenbach,
3220723,2910633,Hardheim,
3220723,2909308,Haßmersheim,
3220723,2899191,Höpfingen,
3220723,2898033,Hüffenhardt,
3220723,2877693,Limbach,
3220723,2870594,Mittelschefflenz,
3220723,2869120,Mosbach,
3220723,2868867,Mudau,
3220723,2866773,Neckargerach,
3220723,2866751,Neckarzimmern,
3220723,2864434,Neunkirchen,
3220723,2859182,Oberschefflenz,
3220723,2858417,Obrigheim,
3220723,2856637,Osterburken,
3220723,2845054,Rosenberg,
3220723,11608953,Schwarzach,
3220723,2834081,Seckach,
3220723,2818787,Unterschefflenz,
3220723,2814667,Walldürn,
3220723,2803516,Zwingenberg,
3220724,2928379,Eutingen an der Enz,
3220724,2853969,Pforzheim,
3220725,2954775,Au am Rhein,
3220725,2949426,Biberach,
3220725,2949014,Bietigheim,
3220725,2948261,Bischweier,
3220725,2941976,Bühl,Buehl
3220725,2941928,Bühlertal,
3220725,2934462,Durmersheim,
3220725,2925924,Forbach,
3220725,2923362,Gaggenau,
3220725,2920997,Gernsbach,
3220725,2917819,Greffern,
3220725,2898004,Hügelsheim,
3220725,2896727,Iffezheim,
3220725,2882375,Kuppenheim,
3220725,2878140,Lichtenau,
3220725,2876462,Loffenau,
3220725,2868807,Muggensturm,
3220725,2856162,Ötigheim,
3220725,2856086,Ottenhöfen im Schwarzwald,Ottenhofen
3220725,2855984,Ottersweier,
3220725,2850257,Rastatt,
3220725,3209426,Rheinmünster,Rheinmuenster
3220725,2835185,Schwarzach,
3220725,2831853,Sinzheim,
3220725,2827758,Steinmauern,
3220725,2812092,Weisenbach,
3220725,2804895,Zell,
3220738,2946713,Bolheim,
3220738,2936796,Dischingen,
3220738,2920896,Gerstetten,
3220738,2920620,Giengen an der Brenz,
3220738,2907851,Heidenheim an der Brenz,
3220738,2906194,Herbrechtingen,
3220738,2905954,Hermaringen,
3220738,2885912,Königsbronn,Kloster Königsbronn
3220738,2866942,Nattheim,
3220738,2862825,Niederstotzingen,
3220738,2831091,Sontheim an der Brenz,
3220738,2827989,Steinheim am Albuch,
3220740,2907669,Heilbronn,
3220743,2959793,Abstatt,
3220743,2959361,Affaltrach,
3220743,2953374,Bad Rappenau,
3220743,2953315,Bad Wimpfen,
3220743,2951346,Beilstein,
3220743,2945591,Brackenheim,
3220743,2939990,Cleebronn,
3220743,2934191,Duttenberg,
3220743,2933897,Eberstadt,
3220743,2932458,Eichelberg,
3220743,2930948,Ellhofen,
3220743,2929831,Eppingen,
3220743,2929506,Erlenbach,
3220743,2929097,Eschenau,
3220743,2926304,Flein,
3220743,2921389,Gemmingen,
3220743,2913838,Güglingen,
3220743,2913693,Gundelsheim,
3220743,2912575,Hagenbach,
3220743,2896477,Ilsfeld,
3220743,2895574,Ittlingen,
3220743,2895311,Jagstfeld,
3220743,2895309,Jagsthausen,
3220743,2890769,Kirchardt,
3220743,2886916,Kochendorf,
3220743,11670106,Langenbrettach,
3220743,2880111,Lauffen am Neckar,
3220743,2879375,Lehrensteinsfeld,
3220743,3274259,Leingarten,
3220743,2875656,Löwenstein,Loewenstein
3220743,2872996,Massenbachhausen,
3220743,2870269,Möckmühl,
3220743,2866758,Neckarsulm,
3220743,2866753,Neckarwestheim,
3220743,2866022,Neudenau,
3220743,2865560,Neuenstadt am Kocher,
3220743,2861973,Nordheim,
3220743,2857967,Oedheim,
3220743,2857810,Offenau,
3220743,2854392,Pfaffenhofen,
3220743,2845503,Roigheim,
3220743,2835411,Schwaigern,
3220743,2832506,Siegelsbach,
3220743,2824842,Sülzbach,Suelzbach
3220743,2824316,Talheim,
3220743,2819738,Untereisesheim,
3220743,2819495,Untergriesheim,
3220743,2819479,Untergruppenbach,
3220743,2812562,Weiler bei Weinsberg,
3220743,2812158,Weinsberg,
3220743,2809718,Widdern,
3220743,2808496,Willsbach,
3220743,2805497,Wüstenrot,
3220743,2805361,Zaberfeld,
3220748,2944178,Bretzfeld,
3220748,2935488,Dörzbach,
3220748,2925905,Forchtenberg,
3220748,2896021,Ingelfingen,
3220748,2884625,Krautheim,
3220748,2882439,Künzelsau,Kuenzelsau
3220748,2882399,Kupferzell,
3220748,2867847,Mulfingen,
3220748,2865557,Neuenstein,
3220748,2863049,Niedernhall,
3220748,2857565,Öhringen,
3220748,2854152,Pfedelbach,
3220748,2815075,Waldenburg,
3220748,2812036,Weißbach,
3220748,2803604,Zweiflingen,
3220752,2959368,Affalterbach,
3220752,2955068,Asperg,
3220752,2951013,Benningen am Neckar,
3220752,2949803,Besigheim,
3220752,2949012,Bietigheim-Bissingen,
3220752,2946428,Bönnigheim,Boennigheim
3220752,2936705,Ditzingen,
3220752,2934014,Eberdingen,
3220752,2929708,Erdmannhausen,
3220752,2929429,Erligheim,
3220752,2925189,Freiberg am Neckar,
3220752,2924888,Freudental,
3220752,2921388,Gemmrigheim,
3220752,2921061,Gerlingen,
3220752,2916936,Großbottwar,
3220752,2906531,Hemmingen,
3220752,2905298,Hessigheim,
3220752,2890482,Kirchheim am Neckar,
3220752,2885412,Korntal-Münchingen,Korntal
3220752,2885408,Kornwestheim,
3220752,2876604,Löchgau,
3220752,2875392,Ludwigsburg,
3220752,2873776,Marbach am Neckar,
3220752,2873369,Markgröningen,
3220752,2870194,Möglingen,
3220752,2867616,Mundelsheim,
3220752,2867436,Murr,
3220752,2859285,Oberriexingen,
3220752,2858906,Oberstenfeld,
3220752,2853266,Pleidelsheim,
3220752,12188617,Remseck am Neckar,
3220752,11951298,Sachsenheim,
3220752,2834226,Schwieberdingen,
3220752,2832939,Sersheim,
3220752,2827988,Steinheim an der Murr,
3220752,2824284,Tamm,
3220752,2817927,Vaihingen an der Enz,
3220752,2814747,Walheim,
3220782,2955050,Assamstadt,
3220782,2953402,Bad Mergentheim,
3220782,2945703,Boxberg,
3220782,2942811,Buch am Ahorn,
3220782,2939767,Creglingen,
3220782,2924916,Freudenberg,
3220782,2915137,Großrinderfeld,
3220782,2914105,Grünsfeld,
3220782,2896687,Igersheim,
3220782,2885991,Königheim,
3220782,2882575,Külsheim,
3220782,3274966,Lauda-Königshofen,
3220782,2862831,Niederstetten,
3220782,2823854,Tauberbischofsheim,
3220782,2812655,Weikersheim,
3220782,2811000,Werbach,
3220782,2810716,Wertheim,
3220783,2958535,Alfdorf,
3220783,2958288,Allmersbach im Tal,
3220783,2957108,Althütte,
3220783,3206150,Aspach,
3220783,2953568,Backnang,
3220783,3206164,Burgstetten,
3220783,2927268,Fellbach,
3220783,2916224,Großerlach,
3220783,2894014,Kaisersbach,
3220783,2890645,Kirchberg an der Murr,
3220783,2885540,Korb,
3220783,2878313,Leutenbach,
3220783,2870584,Mittelschöntal,
3220783,2867431,Murrhardt,
3220783,2857159,Oppenweiler,
3220783,2853107,Plüderhausen,
3220783,2843415,Rudersberg,
3220783,2836320,Schorndorf,
3220783,2835385,Schwaikheim,
3220783,2830561,Spiegelberg,
3220783,2824804,Sulzbach an der Murr,
3220783,3206285,Urbach,
3220783,2815330,Waiblingen,
3220783,2812145,Weinstadt-Endersbach,
3220783,2811354,Welzheim,
3220783,2807872,Winnenden,
3220783,2807825,Winterbach,
3220784,2947919,Blaufelden,
3220784,2945043,Braunsbach,
3220784,2941926,Bühlertann,
3220784,2941923,Bühlerzell,
3220784,2939797,Crailsheim,
3220784,2926960,Fichtenberg,
3220784,2923325,Gaildorf,
3220784,2921226,Gerabronn,
3220784,2896476,Ilshofen,
3220784,2890646,Kirchberg an der Jagst,
3220784,2881128,Langenburg,
3220784,2874246,Mainhardt,
3220784,2871342,Michelbach an der Bilz,
3220784,2871326,Michelfeld,
3220784,2859234,Oberrot,
3220784,2858999,Obersontheim,
3220784,2844567,Rot am See,
3220784,2841290,Satteldorf,
3220784,2836040,Schrozberg,
3220784,2835481,Schwäbisch Hall,Schwaebisch Hall
3220784,2826997,Stimpfach,
3220784,2819030,Untermünkheim,
3220784,2817694,Vellberg,
3220784,2814572,Wallhausen,
3220784,2806325,Wolpertshausen,
3220785,2940710,Büsnau,Buesnau
3220785,2939515,Dachswald,
3220785,2847233,Riedenberg,
3220785,2845751,Rohr,
3220785,2825297,Stuttgart,
3220786,2958741,Albeck,
3220786,2958296,Allmendingen,
3220786,2958061,Altbierlingen,
3220786,2957145,Altheim,
3220786,2956310,Amstetten,
3220786,2955025,Asselfingen,
3220786,2953064,Ballendorf,
3220786,2951340,Beimerstetten,
3220786,2950361,Berghülen,
3220786,2949950,Bernstadt,
3220786,2947949,Blaubeuren,
3220786,11669886,Blaustein,
3220786,2946008,Börslingen,
3220786,2944465,Breitingen,
3220786,2937904,Dettingen,
3220786,2937164,Dietenheim,
3220786,2935647,Dornstadt,
3220786,2932924,Ehingen an der Donau,Ehingen
3220786,2930581,Emeringen,
3220786,2930579,Emerkingen,
3220786,2929804,Erbach,
3220786,2929264,Ersingen,
3220786,2917404,Griesingen,
3220786,2914316,Grundsheim,
3220786,2908859,Hausen am Bussen,
3220786,2899677,Holzkirch,
3220786,2896882,Hüttisheim,
3220786,2896547,Illerrieden,
3220786,2887716,Klingenstein,
3220786,2881857,Laichingen,
3220786,2881259,Langenau,
3220786,2879950,Lauterach,
3220786,2875978,Lonsee,
3220786,2871790,Merklingen,
3220786,2867608,Munderkingen,
3220786,2866705,Neenstetten,
3220786,2866561,Nellingen,
3220786,2866487,Nerenstetten,
3220786,2861094,Oberdischingen,
3220786,2859826,Obermarchtal,
3220786,2858976,Oberstadion,
3220786,2857317,Öllingen,
3220786,2857197,Öpfingen,
3220786,2855477,Pappelau,
3220786,2850636,Rammingen,
3220786,2849705,Rechtenstein,
3220786,2843747,Rottenacker,
3220786,2839888,Schelklingen,
3220786,2837250,Schnürpflingen,
3220786,2832887,Setzingen,
3220786,2829644,Staig,
3220786,2819103,Untermarchtal,
3220786,2818653,Unterstadion,
3220786,2818495,Unterwachingen,
3220786,2812958,Weidenstetten,
3220786,2810336,Westerheim,
3220786,2810184,Westerstetten,
3220787,11611400,Eselsberg,
3220787,2820256,Ulm,
3220790,2959659,Achstetten,
3220790,2958355,Alleshausen,
3220790,2958305,Allmannsweiler,
3220790,2957148,Altheim,
3220790,2954906,Attenweiler,
3220790,2953534,Bad Buchau,
3220790,2835635,Bad Schussenried,
3220790,2950187,Berkheim,
3220790,2949653,Betzenweiler,
3220790,2949423,Biberach an der Riß,
3220790,2941173,Burgrieden,
3220790,2937897,Dettingen an der Iller,
3220790,2934464,Dürmentingen,
3220790,2934453,Dürnau,Duernau
3220790,2934000,Eberhardzell,
3220790,2929452,Erlenmoos,
3220790,2929305,Erolzheim,
3220790,2929252,Ertingen,
3220790,3206180,Gutenzell-Hürbel,
3220790,2903295,Hochdorf,
3220790,2895993,Ingoldingen,
3220790,2893186,Kanzach,
3220790,2890647,Kirchberg an der Iller,
3220790,2890617,Kirchdorf,
3220790,2881094,Langenenslingen,
3220790,2880077,Laupheim,
3220790,2873022,Maselheim,
3220790,2871173,Mietingen,
3220790,2870795,Mittelbiberach,
3220790,2865332,Neufra,
3220790,2858326,Ochsenhausen,
3220790,2857741,Oggelshausen,
3220790,2847080,Riedlingen,
3220790,2844566,Rot an der Rot,
3220790,2834334,Schwendi,
3220790,2833732,Seekirch,
3220790,2828007,Steinhausen an der Rottum,
3220790,2824053,Tannheim,
3220790,2822447,Tiefenbach,
3220790,2820179,Ummendorf,
3220790,2820088,Unlingen,
3220790,2818025,Uttenweiler,
3220790,2815300,Wain,
3220790,2813914,Warthausen,
3220791,2958917,Aichstetten,
3220791,2958798,Aitrach,
3220791,2956847,Altshausen,
3220791,2956277,Amtzell,
3220791,2954065,Aulendorf,
3220791,2953320,Bad Waldsee,
3220791,2953312,Bad Wurzach,
3220791,2953222,Baienfurt,
3220791,2953178,Baindt,
3220791,2950777,Berg,
3220791,2950686,Bergatreute,
3220791,2947069,Bodnegg,
3220791,2946507,Boms,
3220791,2940110,Christazhofen,
3220791,2934023,Ebenweiler,
3220791,3209313,Ebersbach-Musbach,
3220791,2932983,Eglofs,
3220791,2932066,Eichstegen,
3220791,2931488,Eisenharz,
3220791,2926290,Fleischwangen,
3220791,11670102,Fronreute,
3220791,2914137,Grünkraut,Gruenkraut
3220791,2913847,Guggenhausen,
3220791,2899040,Horgenzell,
3220791,2898458,Hoßkirch,
3220791,2895638,Isny im Allgäu,Isny
3220791,2890199,Kißlegg,
3220791,2885892,Königseggwald,
3220791,2878270,Leutkirch im Allgäu,Leutkirch
3220791,2862759,Niederwangen,
3220791,2849802,Ravensburg,
3220791,2847156,Riedhausen,
3220791,2838531,Schlier,
3220791,2818471,Unterwaldhausen,
3220791,2816796,Vogt,
3220791,2815128,Waldburg,
3220791,2814270,Wangen im Allgäu,Wangen
3220791,2812204,Weingarten,
3220791,2808746,Wilhelmsdorf,
3220791,2806923,Wolfegg,
3220791,2806322,Wolpertswende,
3220792,3206149,Altes Lager,
3220792,2818246,Bad Urach,
3220792,2937898,Dettingen an der Erms,
3220792,2930080,Eningen,Eningen unter Achalm
3220792,2919147,Gomadingen,
3220792,2918431,Grabenstetten,
3220792,2908575,Hayingen,
3220792,2897879,Hülben,
3220792,2872362,Mehrstetten,
3220792,2871486,Metzingen,
3220792,2867560,Münsingen,
3220792,2853951,Pfronstetten,
3220792,2853928,Pfullingen,
3220792,2853192,Pliezhausen,
3220792,2847736,Reutlingen,
3220792,2847198,Riederich,
3220792,2841577,Sankt Johann,
3220792,2832778,Sickenhausen,
3220792,2821065,Trochtelfingen,
3220792,2819399,Unterhausen,
3220792,2814195,Wannweil,
3220792,2803545,Zwiefalten,
3220793,2841125,Bad Saulgau,
3220793,2949551,Beuron,
3220793,2948826,Bingen,
3220793,2930035,Ennetach,
3220793,2922747,Gammertingen,
3220793,2906222,Herbertingen,
3220793,3205658,Herdwangen-Schönach,
3220793,2905215,Hettingen,
3220793,2901405,Hohentengen,
3220793,2896530,Illmensee,
3220793,2895891,Inzigkofen,
3220793,2884667,Krauchenwies,
3220793,2879335,Leibertingen,
3220793,2871964,Mengen,
3220793,2871609,Meßkirch,
3220793,2865331,Neufra,
3220793,2856222,Ostrach,
3220793,2853930,Pfullendorf,
3220793,2844579,Rot,
3220793,2841128,Sauldorf,
3220793,2840086,Scheer,
3220793,2834313,Schwenningen,
3220793,2832232,Sigmaringen,
3220793,2832231,Sigmaringendorf,
3220793,2827216,Stetten am Kalten Markt,
3220793,2817581,Veringenstadt,
3220793,2815205,Wald,
3220794,2958595,Albstadt,
3220794,2953089,Balingen,
3220794,2948246,Bisingen,
3220794,2948147,Bitz,
3220794,2940977,Burladingen,
3220794,2938702,Dautmergen,
3220794,2935817,Dormettingen,
3220794,2935425,Dotternhausen,
3220794,2921656,Geislingen,
3220794,2916696,Grosselfingen,
3220794,2911960,Haigerloch,
3220794,2908858,Hausen am Tann,
3220794,2908495,Hechingen,
3220794,2894476,Jungingen,
3220794,2871601,Meßstetten,
3220794,2861628,Nusplingen,
3220794,2859547,Obernheim,
3220794,2850496,Rangendingen,
3220794,2850165,Ratshausen,
3220794,2845027,Rosenfeld,
3220794,2837117,Schömberg,
3220794,2826187,Straßberg,
3220794,2812617,Weilen unter den Rinnen,
3220794,2807736,Winterlingen,
3220794,2804157,Zimmern unter der Burg,
3220795,2955936,Ansbach,
3220796,2959502,Adelshofen,
3220796,2955697,Arberg,
3220796,2954022,Aurach (Bayern),Aurach
3220796,2943500,Bruckberg,
3220796,2942806,Buch am Wald,
3220796,2941179,Burgoberbach,
3220796,2941038,Burk,
3220796,2939907,Colmberg,
3220796,2938197,Dentlein am Forst,
3220796,2937632,Diebach,
3220796,2937160,Dietenhofen,
3220796,2936886,Dinkelsbühl,Dinkelsbuehl
3220796,2936302,Dombühl,
3220796,2934281,Dürrwangen,
3220796,2932921,Ehingen,
3220796,2927048,Feuchtwangen,
3220796,2926426,Flachslanden,
3220796,2922141,Gebsattel,
3220796,2920969,Gerolfingen,
3220796,2920830,Geslau,
3220796,2907488,Heilsbronn,
3220796,2905706,Herrieden,
3220796,2895910,Insingen,
3220796,2859970,Langfurth,
3220796,2879381,Lehrberg,
3220796,2878289,Leutershausen,
3220796,2878138,Lichtenau,
3220796,2871803,Merkendorf,
3220796,2870743,Mitteleschenbach,
3220796,2869823,Mönchsroth,
3220796,2865798,Neuendettelsau,
3220796,2864141,Neusitz,
3220796,2861131,Oberdachstetten,
3220796,2857582,Ohrenbach,
3220796,2857062,Ornbau,
3220796,2854737,Petersaurach,
3220796,2846203,Röckingen,Roeckingen
3220796,2844056,Rothenburg ob der Tauber,
3220796,2843290,Rügland,
3220796,2842568,Sachsen bei Ansbach,
3220796,2839212,Schillingsfürst,
3220796,2837368,Schnelldorf,
3220796,2836407,Schopfloch,
3220796,2827664,Steinsfeld,
3220796,2818719,Unterschwaningen,
3220796,2813700,Wassertrüdingen,
3220796,2813023,Weidenbach,
3220796,2812831,Weihenzell,
3220796,2812484,Weiltingen,
3220796,2809921,Wettringen,
3220796,2809181,Wieseth,
3220796,2809042,Wilburgstetten,
3220796,2808251,Windelsbach,
3220796,2808101,Windsbach,
3220796,2807365,Wittelshofen,
3220796,2806770,Wolframs-Eschenbach,
3220797,2959803,Absberg,
3220797,2958557,Alesheim,
3220797,2950630,Bergen,
3220797,2941172,Burgsalach,
3220797,2936750,Dittenheim,
3220797,2930934,Ellingen,
3220797,2928647,Ettenstatt,
3220797,2919652,Gnotzheim,
3220797,2913537,Gunzenhausen,
3220797,2909087,Haundorf,
3220797,2907852,Heidenheim,
3220797,2898415,Höttingen,
3220797,2881267,Langenaltheim,
3220797,2873309,Markt Berolzheim,
3220797,2872231,Meinheim,
3220797,3206926,Muhr am See,
3220797,2866516,Nennslingen,
3220797,2855467,Pappenheim,
3220797,2853984,Pfofeld,
3220797,2853260,Pleinfeld,
3220797,2852809,Polsingen,
3220797,2850768,Raitenbuch,
3220797,2831493,Solnhofen,
3220797,2821254,Treuchtlingen,
3220797,2811909,Weißenburg in Bayern,
3220797,2810128,Westheim,
3220798,2929567,Erlangen,
3220799,2959513,Adelsdorf,
3220799,2953194,Baiersdorf,
3220799,2942930,Bubenreuth,
3220799,2942147,Buckenhof,
3220799,2917714,Gremsdorf,
3220799,2916584,Großenseebach,
3220799,2906583,Hemhofen,
3220799,2905878,Heroldsberg,
3220799,2905457,Herzogenaurach,
3220799,2905372,Heßdorf,
3220799,2903016,Höchstadt,Höchstadt an der Aisch|Hoechstadt an der Aisch
3220799,2893881,Kalchreuth,
3220799,2875983,Lonnerstadt,
3220799,2873251,Marloffstein,
3220799,2870143,Möhrendorf,
3220799,2868002,Mühlhausen,
3220799,2859357,Oberreichenbach,
3220799,2843741,Röttenbach,
3220799,2830803,Spardorf,
3220799,2818027,Uttenreuth,
3220799,2817523,Vestenbergsgreuth,
3220799,2815735,Wachenroth,
3220799,2812086,Weisendorf,
3220800,2923544,Fürth,Fuerth
3220801,2956434,Ammerndorf,
3220801,2940428,Cadolzburg,
3220801,2915563,Großhabersdorf,
3220801,2880862,Langenzenn,
3220801,2861402,Oberasbach,
3220801,2859772,Obermichelbach,
3220801,2851634,Puschendorf,
3220801,2844616,Roßtal,
3220801,2832871,Seukendorf,
3220801,2828685,Stein,
3220801,2820851,Tuchenbach,
3220801,2817736,Veitsbronn,
3220801,2808649,Wilhermsdorf,
3220801,2804034,Zirndorf,
3220802,2959514,Adelsdorf,
3220802,2953314,Bad Windsheim,
3220802,2952174,Baudenbach,
3220802,2941416,Burgbernheim,
3220802,2941285,Burghaslach,
3220802,2939608,Dachsbach,
3220802,2937223,Diespeck,
3220802,2937124,Dietersheim,
3220802,2930432,Emskirchen,
3220802,2929658,Ergersheim,
3220802,2922805,Gallmersgarten,
3220802,2921119,Gerhardshofen,
3220802,2919230,Gollhofen,
3220802,2913385,Gutenstetten,
3220802,2912539,Hagenbüchach,
3220802,2906536,Hemmersheim,
3220802,2896543,Illesheim,
3220802,2895870,Ippesheim,
3220802,2895863,Ipsheim,
3220802,2881088,Langenfeld,
3220802,2873308,Markt Bibart,
3220802,2873304,Markt Erlbach,
3220802,2873292,Markt Nordheim,
3220802,2823968,Markt Taschendorf,
3220802,2873310,Marktbergel,
3220802,2867633,Münchsteinach,Muenchsteinach
3220802,2864882,Neuhof an der Zenn,
3220802,2864057,Neustadt an der Aisch,
3220802,2860151,Oberickelsheim,
3220802,2859511,Obernzenn,
3220802,2859173,Oberscheinfeld,
3220802,2839916,Scheinfeld,
3220802,2831999,Simmershofen,
3220802,2824954,Sugenheim,
3220802,2821488,Trautskirchen,
3220802,2820334,Uehlfeld,
3220802,2820423,Uffenheim,
3220802,2812854,Weigenheim,
3220802,2808745,Wilhelmsdorf,
3220803,2861650,Nürnberg,Nuremberg
3220804,2958534,Alfeld,
3220804,2958024,Altdorf bei Nürnberg,Altdorf bei Nuernberg|Altdorf
3220804,2941090,Burgthann,
3220804,2930205,Engelthal,
3220804,2927054,Feucht,
3220804,2910720,Happurg,
3220804,2910168,Hartenstein,
3220804,2906489,Henfenfeld,
3220804,2905599,Hersbruck,
3220804,2890532,Kirchensittenbach,
3220804,2880144,Lauf an der Pegnitz,
3220804,2879200,Leinburg,
3220804,2865129,Neuhaus an der Pegnitz,
3220804,2864420,Neunkirchen am Sand,
3220804,2857791,Offenhausen,
3220804,2856073,Ottensoos,
3220804,2852772,Pommelsbrunn,
3220804,2849062,Reichenschwand,
3220804,2844126,Röthenbach an der Pegnitz,
3220804,2843497,Rückersdorf,
3220804,2837572,Schnaittach,
3220804,2835421,Schwaig bei Nürnberg,Schwaig
3220804,2834955,Schwarzenbruck,
3220804,2832025,Simmelsdorf,
3220804,2817717,Velden,
3220804,2816043,Vorra,
3220804,2807991,Winkelhaid,
3220805,2959855,Abenberg,
3220805,2958391,Allersberg,
3220805,2942612,Büchenbach,
3220805,2921267,Georgensgmünd,
3220805,2917833,Greding,
3220805,2907983,Heideck,
3220805,2904638,Hilpoltstein,
3220805,2893328,Kammerstein,
3220805,2849568,Rednitzhembach,
3220805,2845747,Rohr,
3220805,2844265,Roth,
3220805,2843743,Röttenbach,
3220805,2830849,Spalt,
3220805,2823044,Thalmässing,
3220805,2811292,Wendelstein,
3220806,2835537,Schwabach,
3220807,2959142,Aholming,
3220807,2954608,Auerbach,
3220807,2953932,Außernzell,
3220807,2949975,Bernried / Bayer. Wald,Bernried
3220807,2947439,Böbrach,
3220807,2942420,Buchhofen,
3220807,2938540,Deggendorf,
3220807,2918234,Grafling,
3220807,2917951,Grattersdorf,
3220807,2906464,Hengersberg,
3220807,2897564,Hunding,
3220807,2896679,Iggensbach,
3220807,2882431,Künzing,
3220807,2881787,Lalling,
3220807,2871573,Metten,
3220807,2869519,Moos,
3220807,2863667,Niederalteich,
3220807,2859412,Oberpöring,
3220807,2857800,Offenberg,
3220807,2856530,Osterhofen,
3220807,2855902,Otzing,
3220807,2853310,Plattling,
3220807,2840150,Schaufling,
3220807,2837134,Schöllnach,
3220807,2827400,Stephansposching,
3220807,2814612,Wallerfing,
3220807,2807640,Winzer,
3220808,2936909,Dingolfing,
3220808,2932321,Eichendorf,
3220808,2924186,Frontenhausen,
3220808,2918659,Gottfrieding,
3220808,2881650,Landau an der Isar,
3220808,2876092,Loiching,
3220808,2874000,Mamming,
3220808,2873344,Marklkofen,
3220808,2871950,Mengkofen,
3220808,2871141,Mildenberg,
3220808,2869325,Moosthenning,
3220808,2862785,Niederviehbach,
3220808,2853691,Pilsting,
3220808,2848621,Reisbach,
3220808,2843185,Ruhstorf,
3220808,2832045,Simbach,
3220808,2814599,Wallersdorf,
3220809,2959842,Abensberg,
3220809,2958887,Aiglsbach,
3220809,2954916,Attenhofen,
3220809,2953559,Bad Abbach,
3220809,2949353,Biburg,
3220809,2930750,Elsendorf,
3220809,2928764,Essing,
3220809,2908896,Hausen,
3220809,2905652,Herrngiersdorf,
3220809,2896613,Ihrlerstein,
3220809,2891834,Kelheim,
3220809,2890613,Kirchdorf,
3220809,2880597,Langquaid,
3220809,2874252,Mainburg,
3220809,2864056,Neustadt an der Donau,
3220809,2855683,Painten,
3220809,2847231,Riedenburg,
3220809,2845750,Rohr,
3220809,2842728,Saal,
3220809,2832492,Siegenburg,
3220809,2823259,Teugn,
3220809,2821633,Train,
3220809,2816687,Volkenschwand,
3220809,2808970,Wildenberg,
3220810,2881485,Landshut,
3220810,2829603,Stallwang,
3220811,2959422,Adlkofen,
3220811,2959282,Aham,
3220811,2957207,Altfraunhofen,
3220811,2953217,Baierbach,
3220811,2951856,Bayerbach,
3220811,2947125,Bodenkirchen,
3220811,2943501,Bruckberg,
3220811,2942858,Buch,
3220811,2933798,Eching,
3220811,2933009,Eging,
3220811,2929650,Ergolding,
3220811,2929649,Ergoldsbach,
3220811,2928804,Essenbach,
3220811,2923553,Furth,
3220811,2921709,Geisenhausen,
3220811,2920849,Gerzen,
3220811,2901398,Hohenthann,
3220811,2882563,Kumhausen,
3220811,2865325,Neufraunhofen,
3220811,2863674,Niederaichbach,
3220811,2858852,Obersüßbach,
3220811,2854149,Pfeffenhausen,
3220811,2852509,Postau,
3220811,2843728,Rottenburg an der Laaber,
3220811,2840568,Schalkham,
3220811,2822443,Tiefenbach,
3220811,2817719,Velden,
3220811,2817209,Vilsbiburg,
3220811,2817204,Vilsheim,
3220811,2812670,Weihmichl,
3220811,2811160,Weng,
3220811,2806079,Wörth an der Isar,
3220811,2805657,Wurmsham,
3220812,2855328,Passau,
3220813,2958970,Aicha vorm Wald,
3220813,2958908,Aidenbach,
3220813,2958577,Aldersbach,
3220813,2923500,Bad Füssing,
3220813,2917461,Bad Griesbach im Rottal,Bad Griesbach
3220813,2949538,Beutelsbach,
3220813,2944657,Breitenberg,
3220813,2942290,Büchlberg,Buechlberg
3220813,2923595,Fürstenstein,
3220813,2923584,Fürstenzell,
3220813,2913177,Haarbach,
3220813,2909877,Haselbach,
3220813,2908661,Hauzenberg,
3220813,2902514,Hofkirchen,
3220813,2896898,Hutthurm,
3220813,2890499,Kirchham,
3220813,2885302,Kößlarn,
3220813,2874127,Malching,
3220813,2866075,Neuburg am Inn,Neuburg
3220813,2865134,Neuhaus am Inn,
3220813,2864723,Neukirchen vorm Wald,
3220813,2859512,Obernzell,
3220813,2857011,Ortenburg,
3220813,2853065,Pocking,
3220813,2843682,Rotthalmünster,
3220813,2843399,Ruderting,
3220813,2842109,Salzweg,
3220813,2831236,Sonnen,
3220813,2823372,Tettenweis,
3220813,2822484,Thyrnau,
3220813,2822442,Tiefenbach,
3220813,2822076,Tittling,
3220813,2819497,Untergriesbach,
3220813,2817202,Vilshofen an der Donau,Vilshofen
3220813,2813344,Wegscheid,
3220813,2807154,Witzmannsberg,
3220814,2959660,Achslach,
3220814,2955527,Arnbruck,
3220814,2951849,Bayerisch Eisenstein,
3220814,2948282,Bischofsmais,
3220814,2947438,Böbrach,Boebrach
3220814,2947120,Bodenmais,
3220814,2935384,Drachselsried,
3220814,2925440,Frauenau,
3220814,2921886,Geiersthal,
3220814,2918661,Gotteszell,
3220814,2890662,Kirchberg,
3220814,2890599,Kirchdorf im Wald,
3220814,2886285,Kollnburg,
3220814,2881377,Langdorf,
3220814,2877525,Lindberg,
3220814,2855272,Patersdorf,
3220814,2852372,Prackenbach,
3220814,2849495,Regen,
3220814,2846714,Rinchnach,
3220814,2843223,Ruhmannsfelden,
3220814,2823605,Teisnach,
3220814,2817483,Viechtach,
3220814,2805354,Zachenberg,
3220814,2803537,Zwiesel,
3220815,2826099,Straubing,
3220816,2959143,Aholfing,
3220816,2958802,Aiterhofen,
3220816,2955282,Ascha,
3220816,2954897,Atting,
3220816,2947026,Bogen,
3220816,2927984,Falkenfels,
3220816,2927340,Feldkirchen,
3220816,2921736,Geiselhöring,
3220816,2912160,Haibach,
3220816,2909873,Haselbach,
3220816,2897594,Hunderdorf,
3220816,2895823,Irlbach,
3220816,2890394,Kirchroth,
3220816,2885671,Konzell,
3220816,2882061,Laberweinting,
3220816,2879326,Leiblfing,
3220816,2876041,Loitzendorf,
3220816,3206682,Mallersdorf-Pfaffenberg,
3220816,2873667,Mariaposching,
3220816,2870435,Mitterfels,
3220816,2864761,Neukirchen-Haggn,Neukirchen
3220816,2862713,Niederwinkling,
3220816,2859129,Oberschneiding,
3220816,2855414,Parkstetten,
3220816,2854890,Perasdorf,
3220816,2854861,Perkam,
3220816,2850807,Rain,
3220816,2850153,Rattenberg,
3220816,2850141,Rattiszell,
3220816,2842315,Salching,
3220816,2835184,Schwarzach,
3220816,2930109,St. Englmar,Sankt Englmar
3220816,2829602,Stallwang,
3220816,2828911,Steinach,
3220816,2826120,Straßkirchen,
3220816,2809241,Wiesenfelden,
3220816,2808279,Windberg,
3220817,2956940,Altötting,Altoetting
3220817,2955627,Aresing,
3220817,2941279,Burghausen,
3220817,2941216,Burgkirchen an der Alz,
3220817,2929549,Erlbach,
3220817,2922583,Garching an der Alz,
3220817,2911938,Haiming,
3220817,2911443,Halsbach,
3220817,2892461,Kastl,
3220817,2890336,Kirchweidach,
3220817,2873298,Marktl am Inn,Marktl
3220817,2872377,Mehring (Oberbayern),Mehring
3220817,2864387,Neuötting,
3220817,2854892,Perach,
3220817,2853253,Pleiskirchen,
3220817,2848606,Reischach,
3220817,2829582,Stammham,
3220817,2823608,Teising,
3220817,2821963,Töging am Inn,
3220817,2820714,Tüßling,Tuessling
3220817,2820633,Tyrlaching,
3220817,2818999,Unterneukirchen,
3220817,2808043,Winhöring,
3220818,2956951,Altomünster,
3220818,2950340,Bergkirchen,
3220818,2939623,Dachau,
3220818,2929692,Erdweg,
3220818,2911940,Haimhausen,
3220818,2908529,Hebertshausen,
3220818,2904741,Hilgertshausen-Tandern,
3220818,2892874,Karlsfeld,
3220818,2835496,Kleinschwabhausen,
3220818,2873300,Markt Indersdorf,
3220818,2862932,Niederroth,
3220818,2858149,Odelzhausen,
3220818,2854646,Petershausen,
3220818,2854394,Pfaffenhofen,
3220818,2845565,Röhrmoos,
3220818,2835491,Schwabhausen,
3220818,2824753,Sulzemoos,
3220818,2817339,Vierkirchen,
3220818,2813145,Weichs,
3220830,2959516,Adelschlag,
3220830,2946939,Böhmfeld,Boehmfeld
3220830,2940456,Buxheim,
3220830,2938252,Denkendorf,
3220830,2932952,Egweil,
3220830,2932069,Eichstätt,Eichstaett
3220830,2931378,Eitensheim,
3220830,2923305,Gaimersheim,
3220830,2915277,Großmehring,
3220830,2906278,Hepberg,
3220830,2903446,Hitzhofen,
3220830,2878751,Lenting,
3220830,2871042,Mindelstetten,
3220830,2861091,Oberdolling,
3220830,2852856,Pollenfeld,
3220830,2839646,Schernfeld,
3220830,2829580,Stammham,
3220830,2814372,Walting,
3220830,2809914,Wettstetten,
3220832,2958376,Allershausen,
3220832,2954910,Attenkirchen,
3220832,2954088,Au in der Hallertau,
3220832,2933799,Eching,
3220832,2928116,Fahrenzhausen,
3220832,2925034,Freising,
3220832,2922754,Gammelsdorf,
3220832,2913224,Haag an der Amper,
3220832,2911530,Hallbergmoos,
3220832,2901670,Hohenkammer,
3220832,2899033,Hörgertshausen,
3220832,2890615,Kirchdorf an der Amper,Kirchdorf
3220832,2884739,Kranzberg,
3220832,2881244,Langenbach,
3220832,2873056,Marzling,
3220832,2872807,Mauern,
3220832,2869449,Moosburg,
3220832,2867112,Nandlstadt,
3220832,2865376,Neufahrn bei Freising,
3220832,2855177,Paunzhausen,
3220832,2843445,Rudelzhausen,
3220832,2814294,Wang,
3220832,2806870,Wolfersdorf,
3220832,2803923,Zolling,
3220833,2895992,Ingolstadt,
3220834,3205437,Apfeldorf,
3220834,2938241,Denklingen,
3220834,2937217,Dießen am Ammersee,
3220834,2933801,Eching,
3220834,2932991,Egling,
3220834,2929689,Eresing,
3220834,2921449,Geltendorf,
3220834,2917803,Greifenberg,
3220834,2902371,Hofstetten,
3220834,2897245,Hurlach,
3220834,2892078,Kaufering,
3220834,2890838,Kinsau,
3220834,2881509,Landsberg am Lech,
3220834,2859792,Obermeitingen,
3220834,2854910,Penzing,
3220834,2851977,Prittriching,
3220834,2851664,Pürgen,
3220834,2849001,Reichling,
3220834,2843804,Rott,
3220834,2839538,Scheuring,
3220834,3208367,Schondorf am Ammersee,
3220834,2834196,Schwifting,
3220834,2823214,Thaining,
3220834,2819825,Unterdießen,
3220834,2818014,Utting am Ammersee,Utting
3220834,2817239,Vilgertshofen,
3220834,2812644,Weil,
3220834,2808306,Windach,
3220835,2953318,Bad Wiessee,
3220835,2951824,Bayrischzell,
3220835,2926586,Fischbachau,
3220835,2919717,Gmund am Tegernsee,
3220835,2908783,Hausham,
3220835,2899676,Holzkirchen,
3220835,2895751,Irschenberg,
3220835,2884280,Kreuth,
3220835,2871198,Miesbach,
3220835,2856038,Otterfing,
3220835,2843775,Rottach-Egern,
3220835,2838502,Schliersee,
3220835,2823679,Tegernsee,
3220835,2817904,Valley,
3220835,2815804,Waakirchen,
3220835,2814053,Warngau,
3220835,2809856,Weyarn,
3220836,2958032,Altdorf,
3220836,2956378,Ampfing,
3220836,2955259,Aschau am Inn,
3220836,2942795,Buchbach,
3220836,2933025,Egglkofen,
3220836,2929642,Erharting,
3220836,2922502,Gars,
3220836,2913210,Haag in Oberbayern,
3220836,2894926,Jettenbach,
3220836,2890616,Kirchdorf,
3220836,2884885,Kraiburg am Inn,
3220836,2876249,Lohkirchen,
3220836,2874157,Maitenbeth,
3220836,2871556,Mettenheim,
3220836,2868506,Mühldorf,Muehldorf
3220836,2865378,Neufahrn,
3220836,2864547,Neumarkt-Sankt Veit,
3220836,2863604,Niederbergkirchen,
3220836,2862809,Niedertaufkirchen,
3220836,2861285,Oberbergkirchen,
3220836,2859578,Oberneukirchen,
3220836,2858827,Obertaufkirchen,
3220836,2852840,Polling,
3220836,2850603,Ramsau,
3220836,2850149,Rattenkirchen,
3220836,2849698,Rechtmehring,
3220836,2849019,Reichertsheim,
3220836,2845723,Rohrbach,
3220836,2836968,Schönberg,
3220836,2834183,Schwindegg,
3220836,2823811,Taufkirchen,
3220836,2818879,Unterreit,
3220836,2814874,Waldkraiburg,
3220836,2805261,Zangberg,
3220837,2867714,München,Munich|Muenchen
3220838,2955159,Aschheim,
3220838,2953829,Aying,
3220838,2953213,Baierbrunn,
3220838,2943074,Brunnthal,
3220838,2935801,Dornach bei München,Dornach
3220838,2927347,Feldkirchen / Münch. Uml.,Feldkirchen
3220838,2922582,Garching bei München,Garching
3220838,2918368,Gräfelfing,
3220838,2918037,Grasbrunn,
3220838,2914064,Grünwald,
3220838,2913192,Haar bei München,Haar
3220838,2901872,Hohenbrunn,
3220838,3205535,Höhenkirchen-Siegertsbrunn,
3220838,2895643,Ismaning,
3220838,2866174,Neubiberg,
3220838,2864303,Neuried,
3220838,2860525,Oberhaching bei München,Oberhaching
3220838,2859147,Oberschleißheim,
3220838,2855935,Ottobrunn bei München,Ottobrunn bei Muenchen
3220838,2853463,Planegg,
3220838,2851739,Pullach im Isartal,
3220838,2851567,Putzbrunn,
3220838,2841178,Sauerlach,
3220838,2840634,Schäftlarn,
3220838,3205570,Straßlach-Dingharting,
3220838,2823812,Taufkirchen,
3220838,2819568,Unterföhring,Unterfoehring
3220838,2819465,Unterhaching,
3220838,2818766,Unterschleißheim,
3220839,2844988,Rosenheim,
3220840,2958756,Albaching,
3220840,2957543,Altenmarkt,
3220840,2956570,Amerang,
3220840,2863652,Aschau im Chiemgau,
3220840,2953768,Babensham,
3220840,2953558,Bad Aibling,
3220840,2930367,Bad Endorf,
3220840,2953460,Bad Feilnbach,
3220840,2950095,Bernau am Chiemsee,
3220840,2945165,Brannenburg,
3220840,2944782,Breitbrunn,
3220840,2943408,Bruckmühl,
3220840,2940126,Chiemsee,
3220840,2933333,Edling,
3220840,2933018,Eggstätt,
3220840,2890590,Eiselfing,
3220840,2927339,Feldkirchen-Westerham,
3220840,2926170,Flintsbach,
3220840,2925458,Frasdorf,
3220840,2917380,Griesstätt,
3220840,2915438,Großkarolinenfeld,
3220840,2913942,Gstadt am Chiemsee,
3220840,2911556,Halfing,
3220840,2901400,Hohenthann,
3220840,2898471,Höslwang,
3220840,2891175,Kiefersfelden,
3220840,2886446,Kolbermoor,
3220840,2866175,Neubeuern,
3220840,2861599,Nußdorf a. Inn,Nußdorf am Inn
3220840,2861374,Oberaudorf,
3220840,2854310,Pfaffing,
3220840,2852101,Prien am Chiemsee,Prien
3220840,2851801,Prutting,
3220840,2850705,Ramerberg,
3220840,2850085,Raubling,
3220840,2847195,Riedering,
3220840,2846715,Rimsting,
3220840,2845641,Rohrdorf,
3220840,2843803,Rott,
3220840,2842084,Samerberg,
3220840,2840117,Schechen,
3220840,2836969,Schönberg,
3220840,2836469,Schonstett,
3220840,2831731,Söchtenau,
3220840,2830873,Soyen,
3220840,2827406,Stephanskirchen,
3220840,2820775,Tuntenhausen,
3220840,2817953,Vagen,
3220840,2816795,Vogtareuth,
3220840,2813755,Wasserburg am Inn,
3220841,2950635,Bergen,
3220841,2940127,Chieming,
3220841,2930252,Engelsberg,
3220841,2924819,Fridolfing,
3220841,2918434,Grabenstätt,
3220841,2917978,Grassau,
3220841,2895898,Inzell,
3220841,2891069,Kienberg,
3220841,2890770,Kirchanschöring,
3220841,2873220,Marquartstein,
3220841,2861603,Nußdorf (Chiemgau),Nußdorf
3220841,2858424,Obing,
3220841,2855665,Palling,
3220841,2854561,Petting,
3220841,2853527,Pittenhart,
3220841,2848382,Reit im Winkl,
3220841,2843203,Ruhpolding,
3220841,3205596,Sankt Leonhard am Wonneberg,
3220841,2838842,Schleching,
3220841,2837575,Schnaitsee,
3220841,3205634,Seeon-Seebruck,
3220841,2832424,Siegsdorf,
3220841,2829375,Staudach-Egerndach,
3220841,2824593,Surberg,
3220841,2824420,Tacherting,
3220841,2824419,Taching a. See,Taching am See
3220841,2822075,Tittmoning,
3220841,2821517,Traunreut,
3220841,2821515,Traunstein,
3220841,2820964,Trostberg an der Alz,
3220841,2820564,Übersee,
3220841,2818354,Unterwössen,
3220841,2817965,Vachendorf,
3220841,2815484,Waging am See,
3220842,2957469,Altenstadt,
3220842,2955914,Antdorf,
3220842,2950078,Bernbeuren,
3220842,2949976,Bernried am Starnberger See,Bernried
3220842,2947450,Böbing,Boebing
3220842,2941319,Burggen,
3220842,3205523,Eglfing,
3220842,2913069,Habach,
3220842,2901757,Hohenfurch,
3220842,2901572,Hohenpeißenberg,
3220842,2897991,Huglfing,
3220842,2896731,Iffeldorf,
3220842,2896005,Ingenried,
3220842,2860430,Oberhausen,
3220842,2859007,Obersöchering,
3220842,2855707,Pähl,
3220842,2855029,Peißenberg,
3220842,2855025,Peiting,
3220842,2854923,Penzberg,
3220842,2852841,Polling,
3220842,2852246,Prem,
3220842,2850776,Raisting,
3220842,2843731,Rottenbuch,
3220842,2836616,Schongau,
3220842,2835531,Schwabbruck,
3220842,2835470,Schwabsoien,
3220842,2833590,Seeshaupt,
3220842,2831942,Sindelsdorf,
3220842,2828089,Steingaden,
3220842,2812515,Weilheim,
3220842,2810581,Wessobrunn,
3220842,2809489,Wielenbach,
3220842,2808810,Wildsteig,
3220843,2952984,Bamberg,
3220844,3206785,Altendorf,
3220844,2951926,Baunach,
3220844,2948339,Bischberg,
3220844,2944599,Breitengüßbach,
3220844,2941403,Burgebrach,
3220844,2941052,Burgwindheim,
3220844,2940613,Buttenheim,
3220844,2924983,Frensdorf,
3220844,2921223,Gerach,
3220844,2913692,Gundelsheim,
3220844,2911463,Hallstadt,
3220844,2907546,Heiligenstadt,
3220844,2903810,Hirschaid,
3220844,2891687,Kemmern,
3220844,2885885,Königsfeld,
3220844,2879966,Lauter,
3220844,2876787,Litzendorf,
3220844,2872003,Memmelsdorf,
3220844,2860511,Oberhaid,
3220844,2854557,Pettstadt,
3220844,2852757,Pommersfelden,
3220844,2852394,Poxdorf,
3220844,2852082,Priesendorf,
3220844,2850161,Rattelsdorf,
3220844,2849674,Reckendorf,
3220844,2839613,Scheßlitz,
3220844,2838167,Schlüsselfeld,
3220844,2829876,Stadelhofen,
3220844,2829145,Stegaurach,
3220844,2825638,Strullendorf,
3220844,3207000,Viereth-Trunstadt,
3220844,2814478,Walsdorf,
3220844,2813641,Wattendorf,
3220844,2805228,Zapfendorf,
3220845,2951825,Bayreuth,
3220846,2954213,Aufseß,
3220846,2953544,Bad Berneck im Fichtelgebirge,
3220846,2948840,Bindlach,
3220846,2948292,Bischofsgrün,Bischofsgruen
3220846,2939756,Creußen,
3220846,2933608,Eckersdorf,
3220846,2930416,Emtmannsberg,
3220846,2926981,Fichtelberg,
3220846,2922085,Gefrees,
3220846,2920835,Gesees,
3220846,2920086,Glashütten,
3220846,2919290,Goldkronach,
3220846,2913229,Haag,
3220846,2907292,Heinersreuth,
3220846,2900453,Hollfeld,
3220846,2890539,Kirchenpingarten,
3220846,2872417,Mehlmeisel,
3220846,2870941,Mistelbach,
3220846,2870936,Mistelgau,
3220846,2864422,Neunkirchen am Main,
3220846,2855065,Pegnitz,
3220846,2853442,Plankenfels,
3220846,2852440,Pottenstein,
3220846,2852299,Prebitz,
3220846,2847774,Reuth,
3220846,2837606,Schnabelwaid,
3220846,2832838,Seybothenreuth,
3220846,2830670,Speichersdorf,
3220846,2815297,Waischenfeld,
3220846,2814077,Warmensteinach,
3220847,2939951,Coburg,
3220848,2935816,Dormitz,
3220848,2933986,Ebermannstadt,
3220848,2933287,Effeltrich,
3220848,2933019,Eggolsheim,
3220848,2932987,Egloffstein,
3220848,2925910,Forchheim,Forchheim / Bayern
3220848,2918767,Gößweinstein,Goessweinstein
3220848,2918350,Gräfenberg,
3220848,2911491,Hallerndorf,
3220848,2908888,Hausen,
3220848,2905881,Heroldsbach,
3220848,2905164,Hetzles,
3220848,2904600,Hiltpoltstein,
3220848,2896689,Igensdorf,
3220848,2890592,Kirchehrenbach,
3220848,2888210,Kleinsendelbach,
3220848,2882465,Kunreuth,
3220848,2880912,Langensendelbach,
3220848,2878310,Leutenbach,
3220848,6694210,Neunkirchen am Brand,
3220848,2858765,Obertrubach,
3220848,2853627,Pinzberg,
3220848,2852395,Poxdorf,
3220848,2852162,Pretzfeld,
3220848,2819167,Unterleinleiter,
3220848,3207003,Weilersbach,
3220848,2811870,Weißenohe,
3220848,2809192,Wiesenthau,
3220849,2902768,Hof,
3220850,2953334,Bad Steben,
3220850,2950722,Berg,
3220850,2936497,Döhlau,
3220850,2927510,Feilitzsch,
3220850,3209181,Gattendorf,
3220850,2920979,Geroldsgrün,
3220850,2913227,Haag,
3220850,2906744,Helmbrechts,
3220850,2895619,Issigau,
3220850,2886843,Köditz,
3220850,2885688,Konradsreuth,
3220850,2878342,Leupoldsgrün,
3220850,2878114,Lichtenberg,
3220850,2867726,Münchberg,
3220850,2867138,Naila,
3220850,2860510,Oberhaid,
3220850,2860021,Oberkotzau,
3220850,2849455,Regnitzlosau,
3220850,2849446,Rehau,Rehau (Raum Hof)
3220850,2840179,Schauenstein,
3220850,2835018,Schwarzenbach an der Saale,
3220850,2833269,Selbitz,
3220850,2830790,Sparneck,
3220850,2829595,Stammbach,
3220850,2821864,Töpen,Toepen
3220850,2821043,Trogen,
3220850,2812009,Weißdorf,
3220850,2804880,Zell im Fichtelgebirge,
3220851,2933607,Eckersdorf,
3220851,2918324,Grafengehaig,
3220851,2913318,Guttenberg,
3220851,2910283,Harsdorf,
3220851,2904552,Himmelkron,
3220851,2892563,Kasendorf,
3220851,2886839,Ködnitz,Koednitz
3220851,2882588,Kulmbach,
3220851,2882464,Kunreuth,
3220851,2882417,Kupferberg,
3220851,2875388,Ludwigschorgast,
3220851,2874239,Mainleus,
3220851,2873296,Marktleugast,
3220851,2873286,Marktschorgast,
3220851,2865906,Neudrossenfeld,
3220851,2865603,Neuenmarkt,
3220851,2852197,Presseck,
3220851,2849161,Reichenbach,
3220851,2843318,Rugendorf,
3220851,2829742,Stadtsteinach,
3220851,2828805,Steinbach,
3220851,2822522,Thurnau,
3220851,2821444,Trebgast,
3220851,2818632,Untersteinach,
3220851,2807528,Wirsberg,
3220851,2806232,Wonsees,
3220852,2957733,Altendorf,
3220852,2957555,Altenkunstadt,
3220852,2829701,Bad Staffelstein,
3220852,2941207,Burgkunstadt,
3220852,2934033,Ebensfeld,
3220852,2903013,Hochstadt am Main,
3220852,2878074,Lichtenfels / Bayern,Lichtenfels
3220852,2873302,Marktgraitz,
3220852,2873278,Marktzeuln,
3220852,2871367,Michelau,
3220852,2849566,Redwitz an der Rodach,
3220852,2812067,Weismain,
3220853,2955368,Arzberg,
3220853,2958545,Bad Alexandersbad,
3220853,2914661,Grub,
3220853,2903011,Höchstädt im Fichtelgebirge,Hoechstaedt im Fichtelgebirge
3220853,2901906,Hohenberg an der Eger,
3220853,2890544,Kirchenlamitz,
3220853,2873295,Marktleuthen,
3220853,2873289,Marktredwitz,
3220853,2867198,Nagel,
3220853,3207412,Röslau,
3220853,2839066,Schirnding,
3220853,2836450,Schönwald in Bayern,Schönwald|Schoenwald
3220853,2833296,Selb,
3220853,2822737,Thiersheim,
3220853,2822736,Thierstein,
3220853,2820967,Tröstau,Troestau
3220853,2811852,Weißenstadt,Bad Weißenstadt
3220853,2805762,Wunsiedel,
3220854,2956656,Amberg,
3220855,2958092,Ammerthal,
3220855,2954603,Auerbach,
3220855,2944636,Breitenbrunn,
3220855,2933987,Ebermannsdorf,
3220855,2933452,Edelsfeld,
3220855,2930018,Ensdorf,
3220855,2928583,Etzelwang,
3220855,2925086,Freihung,
3220855,2924917,Freudenberg,
3220855,2922207,Gebenbach,
3220855,2912351,Hahnbach,
3220855,2903806,Hirschau,
3220855,2903794,Hirschbach,
3220855,2901849,Hohenburg,
3220855,2896523,Illschwang,
3220855,2892460,Kastl,
3220855,2885765,Königstein (Oberpfalz),Königstein|Koenigstein
3220855,2882529,Kümmersbruck,
3220855,2852637,Poppenricht,
3220855,2847242,Rieden,
3220855,2837850,Schmidmühlen,
3220855,2837569,Schnaittenbach,
3220855,2824801,Sulzbach-Rosenberg,
3220855,2818155,Ursensollen,
3220855,2817207,Vilseck,
3220855,2812855,Weigendorf,
3220856,2957461,Altenstadt an der Waldnaab,
3220856,2951732,Bechtsrieth,
3220856,2950725,Berg,
3220856,2928894,Eslarn,
3220856,2928564,Etzenricht,
3220856,2926119,Floß,
3220856,2926107,Flossenbürg,
3220856,2921288,Georgenberg,
3220856,2918258,Grafenwöhr,
3220856,2895854,Irchenrieth,
3220856,2890567,Kirchendemenreuth,
3220856,2890526,Kirchenthumbach,
3220856,2886730,Kohlberg,
3220856,2885714,Konradsreuth,
3220856,2878375,Leuchtenberg,
3220856,2875246,Luhe-Wildenau,
3220856,2873841,Mantel,
3220856,2869488,Moosbach,
3220856,11594500,Neustadt am Kulm,
3220856,2864055,Neustadt an der Waldnaab,
3220856,2855416,Parkstein,
3220856,2853599,Pirk,
3220856,2853202,Pleystein,
3220856,2852198,Pressath,
3220856,2851784,Püchersreuth,
3220856,2839074,Schirmitz,
3220856,2838924,Schlammersdorf,
3220856,2835035,Schwarzenbach,
3220856,2830661,Speinshart,
3220856,2826380,Störnstein,Stoernstein
3220856,2824063,Tännesberg,
3220856,2822883,Theisseil,
3220856,2821687,Trabitz,
3220856,2816770,Vohenstrauß,
3220856,2816503,Vorbach,
3220856,2815317,Waidhaus,
3220856,2814765,Waldthurn,
3220856,2812752,Weiherhammer,
3220856,2808148,Windischeschenbach,
3220857,2849483,Regensburg,
3220858,2957938,Alteglofsheim,
3220858,2957439,Altenthann,
3220858,2954244,Aufhausen,
3220858,2952842,Barbing,
3220858,2950898,Beratzhausen,
3220858,2950019,Bernhardswald,
3220858,2944288,Brennberg,
3220858,2943220,Brunn,
3220858,2937865,Deuerling,
3220858,2936259,Donaustauf,
3220858,2934707,Duggendorf,
3220858,2912646,Hagelstadt,
3220858,2906625,Hemau,
3220858,2893721,Kallmünz,
3220858,2886832,Köfering,
3220858,2880425,Lappersdorf,
3220858,2870996,Mintraching,
3220858,2868968,Mötzing,
3220858,2863953,Neutraubling,
3220858,2862347,Nittendorf,
3220858,2858773,Obertraubling,
3220858,2854928,Pentling,
3220858,2854575,Pettendorf,
3220858,2854272,Pfakofen,
3220858,2854165,Pfatter,
3220858,2853844,Pielenhofen,
3220858,2849476,Regenstauf,
3220858,2847005,Riekofen,
3220858,2839393,Schierling,
3220858,2831847,Sinzing,
3220858,2824687,Sünching,
3220858,2823682,Tegernheim,
3220858,2823045,Thalmassing,
3220858,2811013,Wenzenbach,
3220858,2809210,Wiesent,
3220858,2806633,Wolfsegg,
3220858,2806080,Wörth an der Donau,
3220858,2804933,Zeitlarn,
3220859,2957735,Altendorf,
3220859,2953712,Bach,
3220859,2947090,Bodenwöhr,Bodenwoehr
3220859,2943425,Bruck i.d. OPf.,Bruck
3220859,2943217,Brunn,
3220859,2941190,Burglengenfeld,
3220859,2937115,Dieterskirchen,
3220859,2919977,Gleiritsch,
3220859,2913394,Guteneck,
3220859,2899710,Holzheim bei Oder,
3220859,2872670,Maxhütte-Haidhof,
3220859,2867262,Nabburg,
3220859,2864730,Neukirchen-Balbini,
3220859,2864468,Neunburg vorm Wald,
3220859,2863095,Niedermurach,
3220859,2862348,Nittenau,
3220859,2858729,Oberviechtach,
3220859,2854574,Pettendorf,
3220859,2853961,Pfreimd,
3220859,2837885,Schmidgaden,
3220859,2836480,Schönsee,
3220859,2835297,Schwandorf in Bayern,
3220859,2834945,Schwarzenfeld,
3220859,2834733,Schwarzhofen,
3220859,2829825,Stadlern,
3220859,2828443,Steinberg,
3220859,2825406,Stulln,
3220859,2823360,Teublitz,
3220859,2823257,Teunz,
3220859,2822941,Thanstein,
3220859,2822436,Tiefenbach,
3220859,2821504,Trausnitz,
3220859,2815598,Wackersdorf,
3220859,2812915,Weiding,
3220859,2810840,Wernberg-Köblitz,
3220859,2807916,Winklarn,
3220860,2813040,Weiden,
3220868,2954172,Augsburg,Augsburg-Innenstadt
3220871,2959498,Adelsried,
3220871,2958309,Allmannshofen,
3220871,2957528,Altenmünster,
3220871,2953825,Aystetten,
3220871,2949415,Biberbach,
3220871,2947449,Bobingen,
3220871,2946409,Bonstetten,
3220871,2937553,Diedorf,
3220871,2936885,Dinkelscherben,
3220871,2932922,Ehingen,
3220871,2930952,Ellgau,
3220871,2930575,Emersacker,
3220871,2926654,Fischach,
3220871,2923439,Gablingen,
3220871,2920891,Gersthofen,
3220871,2920812,Gessertshausen,
3220871,2918468,Graben,
3220871,2917060,Großaitingen,
3220871,2906130,Heretsried,
3220871,2904612,Hiltenfingen,
3220871,2899048,Horgau,
3220871,2889814,Kleinaitingen,
3220871,2887449,Klosterlechfeld,
3220871,2885908,Königsbrunn,Koenigsbrunn
3220871,2882777,Kühlenthal,
3220871,2882192,Kutzenhausen,
3220871,2880965,Langenneufnach,
3220871,2880758,Langerringen,
3220871,2880539,Langweid am Lech,Langweid
3220871,2872126,Meitingen,
3220871,2871266,Mickhausen,
3220871,2870628,Mittelneufnach,
3220871,2867555,Münster,
3220871,2864252,Neusäß,Neusaess
3220871,2862106,Nordendorf,
3220871,2859458,Oberottmarshausen,
3220871,2845285,Rommelsried,
3220871,2839623,Scherstetten,
3220871,2835477,Schwabmünchen,
3220871,2829790,Stadtbergen,
3220871,2822749,Thierhaupten,
3220871,2819081,Untermeitingen,
3220871,2818082,Ustersbach,
3220871,2814718,Walkertshofen,
3220871,2813209,Wehringen,
3220871,2811570,Welden,
3220871,2810531,Westendorf,
3220871,2810129,Westheim,
3220871,2803655,Zusmarshausen,
3220874,2958951,Aichen,
3220874,2958555,Aletshausen,
3220874,2952991,Balzhausen,
3220874,2951832,Bayersried,
3220874,2944529,Breitenthal,
3220874,2942922,Bubesheim,
3220874,2941485,Burgau,
3220874,2940929,Burtenbach,
3220874,2938415,Deisenhausen,
3220874,2934317,Dürrlauingen,
3220874,2933909,Ebershausen,
3220874,2930881,Ellzee,
3220874,2913657,Gundremmingen,
3220874,2913555,Günzburg,Guenzburg
3220874,2911579,Haldenwang,
3220874,2896776,Ichenhausen,
3220874,3336896,Jettingen-Scheppach,
3220874,2883410,Krumbach,
3220874,2881622,Landensberg,
3220874,2879150,Leipheim,
3220874,2867520,Münsterhausen,
3220874,2857770,Offingen,
3220874,2848001,Rettenbach,
3220874,2847237,Rieden an der Kötz,Rieden an der Koetz
3220874,2845891,Röfingen,
3220874,2844701,Roßhaupten,
3220874,2822958,Thannhausen,
3220874,2818170,Ursberg,
3220874,2814776,Waldstetten,
3220874,2814448,Waltenhausen,
3220874,2813758,Wasserburg,
3220874,2807827,Winterbach,
3220874,2804313,Ziemetshausen,
3220883,2892080,Kaufbeuren,
3220884,2891621,Kempten,Kempten (Allgäu)|Kempten (Allgaeu)
3220885,2947067,Bodolz,
3220885,2920796,Gestratz,
3220885,2914279,Grünenbach,Gruenenbach
3220885,2907399,Heimenkirch,
3220885,2906115,Hergatz,
3220885,2906110,Hergensweiler,
3220885,2877550,Lindau,
3220885,2877336,Lindenberg im Allgäu,Lindenberg
3220885,2874319,Maierhöfen,
3220885,2862202,Nonnenhorn,
3220885,2859325,Oberreute,
3220885,2857205,Opfenbach,
3220885,2844148,Röthenbach (Allgäu),Röthenbach
3220885,2839980,Scheidegg,
3220885,2832228,Sigmarszell,
3220885,2829080,Stiefenhofen,
3220885,2813756,Wasserburg (Bodensee),Wasserburg
3220885,3205641,Weiler-Simmerberg,
3220885,2811865,Weißensberg,
3220886,2956572,Amendingen,
3220886,2937688,Dickenreishausen,
3220886,2931501,Eisenburg,
3220886,2871992,Memmingen,
3220886,2827994,Steinheim,
3220887,2957468,Altenstadt,
3220887,2951232,Bellenberg,
3220887,2942866,Buch,
3220887,2899724,Holzheim,
3220887,2896546,Illertissen,
3220887,2891749,Kellmünz,
3220887,2866473,Nersingen,
3220887,2863941,Neu-Ulm,
3220887,2859231,Oberroth,
3220887,2856669,Osterberg,
3220887,2854384,Pfaffenhofen an der Roth,
3220887,2845863,Roggenburg,
3220887,2833080,Senden,
3220887,2818818,Unterroth,
3220887,2816761,Vöhringen,
3220887,2811879,Weißenhorn,
3220888,2958795,Aitrang,
3220888,2953168,Baisweil,
3220888,2949279,Bidingen,
3220888,2949032,Biessenhofen,
3220888,2942281,Buchloe,
3220888,2933099,Eggenthal,
3220888,2931550,Eisenberg,
3220888,2924371,Friesenried,
3220888,2923507,Füssen,Fuessen
3220888,2919008,Görisried,Goerisried
3220888,2913558,Günzach,Guenzach
3220888,2911648,Halblech,
3220888,2901486,Hohenschwangau,
3220888,2899202,Hopferau,
3220888,2895744,Irsee,
3220888,2895034,Jengen,
3220888,2885018,Kraftisried,
3220888,2881764,Lamerdingen,
3220888,2879789,Lechbruck,
3220888,2878844,Lengenwang,
3220888,2873291,Marktoberdorf,
3220888,2872796,Mauerstetten,
3220888,2866416,Nesselwang,
3220888,2860540,Obergünzburg,
3220888,2859465,Oberostendorf,
3220888,2856317,Osterzell,
3220888,2853971,Pforzen,
3220888,2853949,Pfronten,
3220888,2847247,Rieden,
3220888,2845212,Ronsberg,
3220888,2844702,Roßhaupten,
3220888,2843472,Rückholz,
3220888,2843431,Ruderatshofen,
3220888,2835255,Schwangau,
3220888,2833849,Seeg,
3220888,2826341,Stötten am Auerberg,
3220888,2826328,Stöttwang,
3220888,2818541,Unterthingau,
3220888,2818322,Untrasried,
3220888,2815803,Waal,
3220888,2815207,Wald,
3220888,2810533,Westendorf,
3220889,2956657,Amberg,
3220889,2955780,Apfeltrach,
3220889,2953771,Babenhausen,
3220889,2953313,Bad Wörishofen,
3220889,2951014,Benningen,
3220889,2947001,Böhen,
3220889,2946379,Boos,
3220889,2944638,Breitenbrunn,
3220889,2940457,Buxheim,
3220889,2936827,Dirlewang,
3220889,2933168,Egg,
3220889,2929827,Eppishausen,
3220889,2929605,Erkheim,
3220889,3208331,Ettringen,
3220889,2927249,Fellheim,
3220889,2908595,Hawangen,
3220889,2907388,Heimertingen,
3220889,2899870,Holzgünz,Holzguenz
3220889,2891300,Kettershausen,
3220889,2890495,Kirchhaslach,
3220889,2890488,Kirchheim,
3220889,2883749,Kronburg,
3220889,2882033,Lachen,
3220889,2880280,Lauben,
3220889,2879865,Lautrach,
3220889,2879657,Legau,
3220889,2873288,Markt Rettenbach,
3220889,2873280,Markt Wald,
3220889,2871990,Memmingerberg,
3220889,2871045,Mindelheim,
3220889,2862953,Niederrieden,
3220889,2859296,Oberrieden,
3220889,2859105,Oberschönegg,
3220889,2855937,Ottobeuren,
3220889,2854411,Pfaffenhausen,
3220889,2853232,Pless,
3220889,2842290,Salgen,
3220889,2831097,Sontheim,
3220889,2827240,Stetten,
3220889,2820905,Trunkelsberg,
3220889,2820752,Türkheim,
3220889,2820716,Tussenhausen,
3220889,2820122,Ungerhausen,
3220889,2819782,Unteregg,
3220889,2815204,Wald,
3220889,2810337,Westerheim,
3220889,2809578,Wiedergeltingen,
3220889,2807718,Winterrieden,
3220889,2806831,Wolfertschwenden,
3220889,2806173,Woringen,
3220890,2955272,Aschaffenburg,Aschaffenburg / Bayern
3220892,2959749,Abtswind,
3220892,2958653,Albertshofen,
3220892,2949276,Biebelried,
3220892,2942706,Buchbrunn,
3220892,2940235,Castell,
3220892,2937932,Dettelbach,
3220892,2921724,Geiselwind,
3220892,2915349,Großlangheim,
3220892,2895882,Iphofen,
3220892,2890158,Kitzingen,
3220892,2888584,Kleinlangheim,
3220892,2874254,Mainbernheim,
3220892,2874231,Mainstockheim,
3220892,2931784,Markt Einersheim,
3220892,2873307,Marktbreit,
3220892,2873283,Marktsteft,
3220892,2873126,Martinsheim,
3220892,2861971,Nordheim,
3220892,2859678,Obernbreit,
3220892,2852129,Prichsenstadt,
3220892,2846084,Rödelsee,
3220892,2843436,Rüdenhausen,
3220892,2833511,Segnitz,
3220892,2833330,Seinsheim,
3220892,2831455,Sommerach,
3220892,2824738,Sulzfeld am Main,
3220892,2816702,Volkach,
3220892,2809264,Wiesenbronn,
3220892,2809191,Wiesentheid,
3220892,2808624,Willanzheim,
3220893,2955431,Arnstein,
3220893,2954012,Aura im Sinngrund,
3220893,2948594,Birkenfeld,
3220893,2948337,Bischbrunn,
3220893,2941159,Burgsinn,
3220893,2929499,Erlenbach,
3220893,2928819,Esselbach,
3220893,2928394,Eußenheim,
3220893,2927264,Fellen,
3220893,2925665,Frammersbach,
3220893,2921379,Gemünden am Main,Gemuenden am Main
3220893,2918804,Gössenheim,
3220893,2918338,Gräfendorf,
3220893,2912753,Hafenlohr,
3220893,2909491,Hasloch,
3220893,2904499,Himmelstadt,
3220893,2892988,Karbach,
3220893,2892786,Karlstadt,
3220893,2892658,Karsbach,
3220893,2884026,Kreuzwertheim,
3220893,2876147,Lohr am Main,
3220893,2873301,Marktheidenfeld,
3220893,2870567,Mittelsinn,
3220893,2865795,Neuendorf,
3220893,2864826,Neuhütten,
3220893,2864060,Neustadt a. Main,Neustadt am Main
3220893,2859010,Obersinn,
3220893,2855370,Partenstein,
3220893,2849710,Rechtenbach,
3220893,2847938,Retzstadt,
3220893,2846979,Rieneck,
3220893,2846072,Roden,
3220893,2844042,Rothenfels,
3220893,2837159,Schollbrunn,
3220893,2837062,Schönau,
3220893,2828140,Steinfeld,
3220893,2822564,Thüngen,
3220893,2818142,Urspringen,
3220893,2809123,Wiesthal,
3220893,2804808,Zellingen,
3220894,3274987,Altenbuch,
3220894,2941151,Bürgstadt,
3220894,2936040,Dorfprozelten,
3220894,2932329,Eichenbühl,
3220894,2930747,Elsenfeld,
3220894,2929484,Erlenbach am Main,
3220894,2929165,Eschau,
3220894,2927726,Faulbach,
3220894,2915511,Großheubach,
3220894,2914890,Großwallstadt,
3220894,2908886,Hausen,
3220894,2890327,Kirchzell,
3220894,2888751,Kleinheubach,
3220894,2888053,Kleinwallstadt,
3220894,2887736,Klingenberg am Main,
3220894,2880203,Laudenbach,
3220894,2879299,Leidersbach,
3220894,2871079,Miltenberg,
3220894,2869934,Mömlingen,
3220894,2869908,Mönchberg,
3220894,3274976,Neunkirchen,
3220894,2863088,Niedernberg,
3220894,2859675,Obernburg am Main,
3220894,2845433,Röllbach,
3220894,2843441,Rüdenau,
3220894,2829751,Stadtprozelten,
3220894,2824806,Sulzbach am Main,
3220894,2812633,Weilbach,
3220894,2806082,Wörth am Main,
3220895,2834498,Schweinfurt,
3220896,2950287,Bergrheinfeld,
3220896,2936908,Dingolshausen,
3220896,2936759,Dittelbrunn,
3220896,2936210,Donnersdorf,
3220896,2928520,Euerbach,
3220896,2925542,Frankenwinheim,
3220896,2921525,Geldersheim,
3220896,2920959,Gerolzhofen,
3220896,2919620,Gochsheim,
3220896,2918288,Grafenrheinfeld,
3220896,2917586,Grettstadt,
3220896,2908883,Hausen,
3220896,2886404,Kolitzheim,
3220896,2875154,Lülsfeld,Luelsfeld
3220896,2871368,Michelau,
3220896,2862733,Niederwerrn,
3220896,2859077,Oberschwarzach,
3220896,2852658,Poppenhausen,
3220896,2843897,Röthlein,
3220896,2836455,Schonungen,
3220896,2835256,Schwanfeld,
3220896,2834651,Schwebheim,
3220896,2833010,Sennfeld,
3220896,2829760,Stadtlauringen,
3220896,2824729,Sulzheim,
3220896,2820533,Üchtelhausen,
3220896,2815303,Waigolshausen,
3220896,2813723,Wasserlosen,
3220896,2810832,Werneck,
3220896,2807625,Wipfeld,
3220897,2805615,Würzburg,Wuerzburg
3220898,2954774,Aub,
3220898,2950249,Bergtheim,
3220898,2949255,Bieberehren,
3220898,2940534,Bütthard,
3220898,2932748,Eibelstadt,
3220898,2931423,Eisingen,
3220898,2929594,Erlabrunn,
3220898,2928738,Estenfeld,
3220898,2924836,Frickenhausen,
3220898,2923387,Gadheim,
3220898,2922271,Gaukönigshofen,
3220898,2921532,Gelchsheim,
3220898,2921165,Gerbrunn,
3220898,2920977,Geroldshausen,
3220898,2920652,Giebelstadt,
3220898,2917578,Greußenheim,
3220898,2913587,Güntersleben,
3220898,2906680,Helmstadt,
3220898,2905208,Hettstadt,
3220898,2903327,Höchberg,
3220898,2899671,Holzkirchen,
3220898,2890487,Kirchheim,
3220898,2890197,Kist,
3220898,2888323,Kleinrinderfeld,
3220898,2882347,Kürnach,
3220898,2873701,Margetshöchheim,
3220898,2866102,Neubrunn,
3220898,2859423,Oberpleichfeld,
3220898,2858333,Ochsenfurt,
3220898,2851863,Prosselsheim,
3220898,2850523,Randersacker,
3220898,2849093,Reichenberg,
3220898,2848309,Remlingen,
3220898,2847227,Riedenheim,
3220898,2846722,Rimpar,
3220898,2843724,Rottendorf,
3220898,2843673,Röttingen,
3220898,2831389,Sommerhausen,
3220898,2831294,Sonderhofen,
3220898,2824770,Sulzdorf,
3220898,2823851,Tauberrettersheim,
3220898,2822903,Theilheim,
3220898,2822563,Thüngersheim,
3220898,2820439,Uettingen,
3220898,2818929,Unterpleichfeld,
3220898,2817733,Veitshöchheim,
3220898,2815132,Waldbrunn,
3220898,2815127,Waldbüttelbrunn,
3220898,2807757,Winterhausen,
3220898,2804865,Zell am Main,
3220905,2944388,Bremen,
3220906,2944368,Bremerhaven,Kreisfreie Stadt Bremerhaven
3220962,2938913,Darmstadt,
3220962,2807141,Wixhausen,
3220966,3272934,Alsbach-Hähnlein,
3220966,2953770,Babenhausen,
3220966,2949296,Bickenbach,
3220966,2945009,Braunshardt,
3220966,2937591,Dieburg,
3220966,2929837,Eppertshausen,
3220966,2929224,Erzhausen,
3220966,2928974,Eschollbrücken,Eschollbruecken
3220966,2918313,Gräfenhausen,Graefenhausen
3220966,2917412,Griesheim,
3220966,2916966,Groß-Bieberau,
3220966,2914929,Groß-Umstadt,
3220966,2914801,Groß-Zimmern,
3220966,2912370,Hahn,
3220966,2874768,Lützelbach,Luetzelbach
3220966,2871636,Messel,
3220966,2867548,Münster,
3220966,2859380,Ober-Ramstadt,
3220966,2853924,Pfungstadt,
3220966,2848762,Reinheim,
3220966,2844756,Roßdorf,
3220966,2841039,Schaafheim,
3220966,2837309,Schneppenhausen,
3220966,3337504,Seeheim-Jugenheim,
3220966,2811644,Weiterstadt,
3220968,2925533,Frankfurt am Main,Frankfurt/Main|Frankfurt
3220969,2954976,Astheim,
3220969,2950206,Berkach,
3220969,2949240,Biebesheim,
3220969,2948290,Bischofsheim,
3220969,2940633,Büttelborn,
3220969,2939704,Crumstadt,
3220969,2935694,Dornheim,
3220969,2929680,Erfelden,
3220969,2921818,Geinsheim,
3220969,2920994,Gernsheim,
3220969,2920329,Ginsheim-Gustavsburg,
3220969,2919605,Goddelau,
3220969,2915613,Groß-Gerau,
3220969,2891742,Kelsterbach,
3220969,2888871,Klein-Gerau,
3220969,2885771,Königstädten,Koenigstaedten
3220969,2879701,Leeheim,
3220969,3272460,Mörfelden-Walldorf,Moerfelden-Walldorf
3220969,2866917,Nauheim,
3220969,2849913,Raunheim bei Frankfurt,Raunheim
3220969,3272941,Riedstadt,
3220969,2842884,Rüsselsheim am Main,Ruesselsheim am Main
3220969,2826671,Stockstadt am Rhein,
3220969,2821416,Trebur,
3220969,2814593,Wallerstädten,Wallerstaedten
3220969,2806576,Wolfskehlen,
3220970,2953436,Bad Homburg vor der Höhe,Bad Homburg vor der Hoehe
3220970,2924625,Friedrichsdorf,
3220970,2920085,Glashütten,
3220970,2917868,Grävenwiesbach,
3220970,2885760,Königstein im Taunus,Koenigstein im Taunus
3220970,2883754,Kronberg im Taunus,Kronberg
3220970,12035575,Kronberg Tal,
3220970,2866280,Neu-Anspach,
3220970,2860917,Oberems,
3220970,2858738,Oberursel,
3220970,2837706,Schmitten,
3220970,2828737,Steinbach,Steinbach am Taunus
3220970,2818097,Usingen,
3220970,2813216,Wehrheim,
3220971,2953419,Bad König,Bad Koenig
3220971,2951556,Beerfelden,
3220971,2944254,Brensbach,
3220971,2929802,Erbach,
3220971,2925507,Fränkisch-Crumbach,
3220971,3274969,Hesseneck,
3220971,2902951,Höchst im Odenwald,Hoechst im Odenwald
3220971,3278304,Lützelbach,
3220971,2871284,Michelstadt,
3220971,12382520,Oberzent,
3220971,2849198,Reichelsheim,
3220971,2844089,Rothenberg,
3220971,2811666,Weiten-Gesäß,Weiten-Gesaess
3220975,2857807,Offenbach am Main,Offenbach|Frankfurt-Offenbach
3220978,2937040,Dietzenbach,
3220978,2935220,Dreieich,
3220978,2933246,Egelsbach,
3220978,2904992,Heusenstamm,
3220978,2881279,Langen,
3220978,2867985,Mühlheim,Mühlheim am Main|Muehlheim am Main
3220978,2864820,Neu-Isenburg,
3220978,2858763,Obertshausen,
3220978,3336893,Rodgau,
3220978,2833242,Seligenstadt,
3220978,2804754,Zeppelinheim,
3220989,2955001,Assmannshausen,
3220989,2954060,Aulhausen,
3220989,2953348,Bad Schwalbach,
3220989,3209911,Burg Hohenstein,
3220989,2930646,Eltville am Rhein,Eltville
3220989,2921707,Geisenheim,
3220989,2896736,Idstein,
3220989,2891205,Kiedrich,
3220989,2871356,Michelbach,
3220989,2863046,Niedernhausen,
3220989,2855582,Panrod,
3220989,2852209,Presberg,
3220989,2843395,Rüdesheim am Rhein,Ruedesheim am Rhein
3220989,2838918,Schlangenbad,
3220989,2823799,Taunusstein,
3220989,3208130,Waldems,
3220989,3208134,Walluf,
3220990,2925307,Frauenstein,
3220990,2896668,Igstadt,
3220990,2890051,Klarenthal,
3220990,2887585,Kloppenheim,
3220990,2862100,Nordenstadt,
3220990,2831194,Sonnenberg,
3220990,2809346,Wiesbaden,
3220991,2958448,Allendorf,
3220991,2955009,Aßlar,
3220991,2948307,Bischoffen,
3220991,2945073,Braunfels,
3220991,2944445,Breitscheid,
3220991,2936994,Dillbrecht,
3220991,2936985,Dillenburg,
3220991,2934965,Driedorf,
3220991,2932788,Ehringshausen,
3220991,2927259,Fellerdilln,
3220991,2926387,Flammersbach,
3220991,2917793,Greifenstein,
3220991,2911964,Haiger,
3220991,2911958,Haigerseelbach,
3220991,2906199,Herborn,
3220991,2898774,Hörnsheim,Hoernsheim
3220991,2881250,Langenaubach,
3220991,2878351,Leun,
3220991,2871805,Merkenbach,
3220991,2870490,Mittenaar,
3220991,2859238,Oberroßbach,
3220991,2857814,Offdilln,
3220991,2846058,Rodenbach,
3220991,3208118,Schöffengrund,Schoeffengrund
3220991,2834090,Sechshelden,
3220991,6949638,Siegbach,
3220991,2831896,Sinn,
3220991,9973269,Solms,
3220991,2828796,Steinbach,
3220991,2820476,Uebernthal,
3220991,2813052,Weidelbach,
3220991,2809889,Wetzlar,
3220992,2940381,Bad Camberg,
3220992,2938498,Dehrn,
3220992,2930628,Elz,
3220992,2912829,Hadamar,
3220992,2881115,Langendernbach,
3220992,2877648,Limburg an der Lahn,
3220992,2876194,Löhnberg,
3220992,2871953,Mengerskirchen,
3220992,2871829,Merenberg,
3220992,2843042,Runkel,
3220992,2833139,Selters,
3220992,2829204,Steeden,
3220992,2817217,Villmar,
3220992,3208129,Waldbrunn,
3220992,2812626,Weilburg,
3220992,2812497,Weilmünster,Weilmuenster
3220992,2812469,Weinbach,
3220993,2953359,Bad Salzschlirf,
3220993,2941283,Burghaun,
3220993,2936845,Dipperz,
3220993,2932266,Eichenzell,
3220993,2931372,Eiterfeld,
3220993,2926226,Flieden,
3220993,2923822,Fulda,
3220993,2920926,Gersfeld,
3220993,2916606,Großenlüder,
3220993,2904791,Hilders,
3220993,2902731,Hofbieber,
3220993,2898483,Hosenfeld,
3220993,2897436,Hünfeld,Huenfeld
3220993,6544447,Kalbach,
3220993,2882440,Künzell,
3220993,2864936,Neuhof (bei Fulda),Neuhof
3220993,2810706,Petersberg,
3220993,2852656,Poppenhausen,
3220993,2850293,Rasdorf,
3220993,2824229,Tann,
3220994,2958494,Alheim,
3220994,2953439,Bad Hersfeld,
3220994,2951793,Bebra,
3220994,2944707,Breitenbach,
3220994,2939847,Cornberg,
3220994,2924703,Friedewald,
3220994,2906088,Heringen,
3220994,2890485,Kirchheim (Hessen),Kirchheim
3220994,2866511,Nentershausen,
3220994,2863638,Niederaula,
3220994,2853900,Philippsthal,
3220994,2845209,Ronshausen,
3220994,2844434,Rotenburg an der Fulda,
3220994,2839726,Schenklengsfeld,
3220995,2892518,Kassel,
3220996,2946230,Borken,
3220996,2927226,Felsberg,
3220996,2924428,Frielendorf,
3220996,2924326,Fritzlar,
3220996,2920389,Gilserberg,
3220996,2913890,Gudensberg,
3220996,2913286,Guxhagen,
3220996,2899478,Homberg (Efze),Homberg
3220996,2894982,Jesberg,
3220996,2885479,Körle,
3220996,2874039,Malsfeld,
3220996,2872028,Melsungen,
3220996,2865553,Neuental,
3220996,2864748,Neukirchen,
3220996,2863685,Niedenstein,
3220996,2861358,Oberaula,
3220996,12358907,Oberurff-Schiffelborn,
3220996,2855923,Ottrau,
3220996,2847410,Riebelsdorf,
3220996,2836143,Schrecksbach,
3220996,2835345,Schwalmstadt,
3220996,2834963,Schwarzenborn,
3220996,2833355,Seigertshausen,
3220996,2830829,Spangenberg,
3220996,2815784,Wabern,
3220996,2808533,Willingshausen,
3220997,2958438,Allendorf,
3220997,2955421,Bad Arolsen,
3220997,2953317,Bad Wildungen,
3220997,2952213,Battenberg,
3220997,2943783,Bromskirchen,
3220997,13286471,Edertal,
3220997,2925651,Frankenau,
3220997,2925629,Frankenberg,
3220997,2921375,Gemünden an der Wohra,Gemuenden an der Wohra
3220997,2911909,Haina,
3220997,2909194,Hatzfeld,
3220997,2906586,Hemfurth-Edersee,
3220997,2885536,Korbach,
3220997,2866322,Netze,
3220997,2848791,Reinhardshausen,
3220997,2847561,Rhoden,
3220997,2844924,Rosenthal,
3220997,2842518,Sachsenhausen,
3220997,2816769,Vöhl,
3220997,2816616,Volkmarsen,
3220997,2815101,Waldeck,
3220997,2808544,Willingen (Upland),Willingen
3220999,2953336,Bad Sooden-Allendorf,
3220999,2928967,Eschwege,
3220999,2917053,Großalmerode,
3220999,2906050,Herleshausen,
3220999,2905293,Hessisch Lichtenau,
3220999,2831083,Sontra,
3220999,2814888,Waldkappel,
3220999,2814297,Wanfried,
3220999,2811930,Weißenborn,
3220999,2807184,Witzenhausen,
3221011,2949512,Bevenrode,
3221011,2949133,Bienrode,
3221011,2945024,Braunschweig,
3221011,2943855,Broitzem,
3221011,2937737,Dibbesdorf,
3221011,2921571,Geitelde,
3221011,2909970,Harxbüttel,Harxbuettel
3221011,11611204,Heidberg,
3221011,2899396,Hondelage,
3221011,3208608,Kanzlerfeld,
3221011,2881749,Lamme,
3221011,2879276,Leiferde,
3221011,2873032,Mascherode,
3221011,2872020,Melverode,
3221011,2849825,Rautheim,
3221011,2847423,Riddagshausen,
3221011,2840420,Schapen,
3221011,11608790,Südstadt,Suedstadt
3221011,2822570,Thune,
3221011,2822151,Timmerlah,
3221011,2816690,Völkenrode,Voelkenrode
3221011,2816619,Volkmarode,
3221011,2815488,Waggum,
3221011,2813681,Watenbüttel,Watenbuettel
3221011,2811277,Wenden,
3221012,2956781,Alt Wallmoden,Alt Wallmoden (Wallmoden)
3221012,2957880,Altenau,
3221012,2953449,Bad Harzburg,
3221012,2945055,Braunlage,
3221012,2939995,Clausthal-Zellerfeld,
3221012,2918840,Goslar,
3221012,2881291,Langelsheim,
3221012,2877969,Liebenburg,
3221012,2874832,Lutter am Barenberge,
3221012,3207078,Schulenberg im Oberharz,Schulenberg
3221012,2833592,Seesen,
3221012,2841672,St. Andreasberg,Sankt Andreasberg
3221012,2817394,Vienenburg,
3221012,2808987,Wildemann,
3221013,2959548,Adelebsen,
3221013,2953451,Bad Grund,
3221013,2953410,Bad Lauterberg,Bad Lauterberg im Harz
3221013,2953364,Bad Sachsa,
3221013,2953493,Badenhausen,
3221013,2948895,Bilshausen,
3221013,2947110,Bodensee,
3221013,2945726,Bovenden,
3221013,2941880,Bühren,Buehren
3221013,2935326,Dransfeld,
3221013,2934728,Duderstadt,
3221013,2934009,Ebergötzen,Ebergoetzen
3221013,2931594,Eisdorf am Harz,
3221013,2931246,Elbingerode,
3221013,9972705,Friedland,
3221013,2924681,Gemeinde Friedland,
3221013,2920645,Gieboldehausen,
3221013,2920268,Gittelde,
3221013,2918632,Göttingen,Goettingen
3221013,2867613,Hann. Münden,Hannoversch Münden|Hannoversch Muenden
3221013,2909226,Hattorf,
3221013,2905496,Herzberg am Harz,
3221013,2899066,Hörden am Harz,Hörden|Hoerden
3221013,2894576,Jühnde,Juehnde
3221013,2884597,Krebeck,
3221013,2881526,Landolfshausen,
3221013,2859562,Obernfeld,
3221013,2856405,Osterode am Harz,
3221013,2847547,Rhumspringe,
3221013,2845389,Rollshausen,
3221013,2845131,Rosdorf,
3221013,2843404,Rüdershausen,Ruedershausen
3221013,3207220,Scheden,
3221013,2833903,Seeburg,
3221013,2832867,Seulingen,
3221013,2815807,Waake,
3221013,2814733,Walkenried,
3221013,2809645,Wieda,
3221013,2808189,Windhausen,
3221013,2806439,Wollbrandshausen,
3221013,2806414,Wollershausen,
3221013,2805870,Wulften,
3221013,2803889,Zorge,
3221014,2953247,Bahrdorf,
3221014,2951387,Beierstedt,
3221014,3208594,Büddenstedt,Bueddenstedt
3221014,2939000,Danndorf,
3221014,2925003,Frellstedt,
3221014,2920747,Gevensleben,
3221014,2918253,Grafhorst,
3221014,2917991,Grasleben,
3221014,2914932,Groß Twülpstedt,
3221014,2906676,Helmstedt,
3221014,2896023,Ingeleben,
3221014,2894988,Jerxheim,
3221014,2885800,Königslutter am Elm,Koenigslutter am Elm
3221014,2879378,Lehre,
3221014,2873499,Mariental,
3221014,2851395,Querenhorst,
3221014,2851158,Räbke,
3221014,2848203,Rennau,
3221014,2836543,Schöningen,Schoeningen
3221014,2831515,Söllingen,Soellingen
3221014,2824603,Süpplingen,
3221014,2824602,Süpplingenburg,
3221014,2820665,Twieflingen,
3221014,2817679,Velpke,
3221014,2814157,Warberg,
3221014,2806310,Wolsdorf,
3221015,2953456,Bad Gandersheim,
3221015,2947139,Bodenfelde,
3221015,2938813,Dassel,
3221015,2931804,Einbeck,
3221015,2910663,Hardegsen,
3221015,2904698,Hillerse,
3221015,2893868,Kalefeld,
3221015,3207077,Katlenburg-Lindau,
3221015,2884482,Kreiensen,
3221015,2869257,Moringen,
3221015,2861817,Nörten-Hardenberg,Noerten-Hardenberg
3221015,2861814,Northeim,
3221015,2818094,Uslar,
3221017,2933442,Edemissen,
3221017,2901731,Hohenhameln,
3221017,3208606,Ilsede,
3221017,2878879,Lengede,
3221017,2872503,Meerdorf,
3221017,2866108,Neubrück,Neubrueck
3221017,2855047,Peine,
3221017,2817813,Vechelde,
3221017,2813266,Wehnsen,
3221017,2811317,Wendeburg,
3221018,2842150,Salzgitter,
3221020,2959682,Achim,
3221020,2953531,Baddeckenstedt,
3221020,2946007,Börßum,Boerssum
3221020,2941406,Burgdorf,
3221020,2939788,Cramme,
3221020,2939763,Cremlingen,
3221020,3208595,Dahlum,
3221020,2937949,Destedt,
3221020,2937889,Dettum,
3221020,2935532,Dorstadt,
3221020,3208598,Elbe,
3221020,2929610,Erkerode,
3221020,2928315,Evessen,
3221020,3208599,Flöthe,
3221020,2920632,Gielde,
3221020,2908379,Hedeper,
3221020,3208605,Heere,
3221020,2907278,Heiningen,
3221020,2898863,Hornburg,
3221020,2890204,Kissenbrück,
3221020,2887207,Kneitlingen,
3221020,2879199,Leinde,
3221020,2857547,Ohrum,
3221020,2848308,Remlingen,
3221020,2845466,Roklum,
3221020,2839010,Schladen,
3221020,2836396,Schöppenstedt,Schoeppenstedt
3221020,2833495,Sehlde,
3221020,2833099,Semmenstedt,
3221020,3208620,Sickte,
3221020,2820322,Uehrde,
3221020,3208627,Vahlberg,
3221020,2817668,Veltheim,
3221020,2810874,Werlaburgdorf,
3221020,2807862,Winnigstedt,
3221020,2807229,Wittmar,
3221020,2806914,Wolfenbüttel,Wolfenbuettel
3221023,2937937,Detmerode,
3221023,2806654,Wolfsburg,
3221024,2959341,Affinghausen,
3221024,2955127,Asendorf,
3221024,2953240,Bahrenborstel,
3221024,2952767,Barenburg Flecken,Barenburg
3221024,2952452,Barnstorf,
3221024,2952330,Barver,
3221024,2952252,Bassum,
3221024,2945995,Borstel,
3221024,2943945,Brockum,
3221024,2943587,Bruchhausen-Vilsen,
3221024,2937714,Dickel,
3221024,2937317,Diepholz,
3221024,13657628,Drebber,
3221024,2935041,Drentwede,
3221024,2932841,Ehrenburg,
3221024,2930278,Engeln,
3221024,2928261,Eydelstedt,
3221024,2925027,Freistatt,
3221024,2909444,Hassel,
3221024,2906499,Hemsloh,
3221024,2898081,Hüde,
3221024,2890609,Kirchdorf,
3221024,2878946,Lembruch,
3221024,2878944,Lemförde,Lemfoerde|Lemförde Flecken
3221024,2874665,Maasen,
3221024,2873262,Marl,
3221024,2873153,Martfeld,
3221024,2872056,Mellinghausen,
3221024,2865638,Neuenkirchen,
3221024,2851381,Quernheim,
3221024,2849369,Rehden,
3221024,2837181,Scholen,
3221024,2835454,Schwaförden,
3221024,2835223,Schwarme,
3221024,2832597,Siedenburg,
3221024,2829698,Staffhorst,
3221024,2827481,Stemshorn,
3221024,2825422,Stuhr,
3221024,2824967,Sudwalde,
3221024,2824902,Sulingen,
3221024,2824525,Süstedt,Suestedt
3221024,2824461,Syke,
3221024,2820643,Twistringen,
3221024,2817841,Varrel,
3221024,2815523,Wagenfeld,
3221024,2813246,Wehrbleck,
3221024,2810014,Wetschen,
3221027,2959374,Aerzen,
3221027,2953400,Bad Münder,Bad Münder am Deister|Bad Muender am Deister
3221027,2953379,Bad Pyrmont,
3221027,2939862,Coppenbrügge,Coppenbruegge
3221027,2911271,Hameln,
3221027,2905290,Hessisch Oldendorf,
3221027,2842143,Salzhemmendorf,
3221033,2959226,Ahlem,
3221033,2956991,Altmerdingsen,
3221033,2955416,Arpke,
3221033,2952406,Barsinghausen,
3221033,2945798,Bothfeld,
3221033,11608801,Burg,
3221033,2941405,Burgdorf,Burgdorf (Region Hannover)
3221033,2936385,Dollbergen,
3221033,2933188,Egestorf (Deister),Egestorf
3221033,2930622,Elze,Wedemark-Elze|Elze (Wedemark)
3221033,2922586,Garbsen,
3221033,2922008,Gehrden bei Hannover,Gehrden
3221033,2915241,Groß Munzel,
3221033,2915592,Großgoltern,
3221033,2910875,Hänigsen,Haenigsen|Uetze-Hänigsen
3221033,2910831,Hannover,
3221033,11608987,Heideviertel,
3221033,2906530,Hemmingen,
3221033,3206434,Isernhagen,Isernhagen-Süd|Isernhagen-Sued
3221033,2895664,Isernhagen Farster Bauerschaft,
3221033,2882087,Laatzen,
3221033,2881920,Lahe,
3221033,2881062,Langenhagen,
3221033,2879367,Lehrte,
3221033,2873465,Marienwerder,
3221033,11608781,Mühlenberg,Muehlenberg
3221033,2866664,Negenborn,
3221033,2864058,Neustadt am Rübenberge,Neustadt am Ruebenberge
3221033,11611382,Nordstadt,
3221033,2855243,Pattensen,
3221033,2845222,Ronnenberg,
3221033,11611473,Sahlkamp,
3221033,2834124,Schwüblingsen,Schwueblingsen
3221033,2833641,Seelze,
3221033,2833475,Sehnde,
3221033,2830035,Springe,
3221033,2820436,Uetze,
3221033,11611456,Vahrenheide,
3221033,2811072,Wennigsen,
3221033,2810007,Wettbergen,
3221033,2805933,Wülferode,Wuelferode
3221033,2805761,Wunstorf,
3221036,2955598,Arholzen,
3221036,2949489,Bevern,
3221036,2947092,Bodenwerder,
3221036,2947038,Boffzen,
3221036,2944159,Brevörde,
3221036,2938598,Deensen,
3221036,2938344,Delligsen,
3221036,2938132,Derental,
3221036,2937399,Dielmissen,
3221036,2931825,Eimen,
3221036,2923638,Fürstenberg,
3221036,2919197,Golmbach,
3221036,2911521,Halle,
3221036,2908165,Hehlen,
3221036,2907349,Heinade,
3221036,2907196,Heinsen,
3221036,2904915,Heyen,
3221036,2900732,Holenberg,
3221036,2899913,Holzen,
3221036,2899601,Holzminden,
3221036,2890635,Kirchbrak,
3221036,2878795,Lenne,
3221036,2875314,Lüerdissen,
3221036,2866665,Negenborn,
3221036,2856070,Ottenstein,
3221036,2855066,Pegestorf,
3221036,2852858,Polle,
3221036,2929008,Raabestadt Eschershausen,Eschershausen
3221036,2829753,Stadtoldendorf,
3221036,2817951,Vahlbruch,
3221036,2814288,Wangelnstedt,
3221038,2950621,Bergen an der Dumme,
3221038,2939983,Clenze Flecken,Clenze
3221038,2939093,Damnatz,
3221038,2938991,Dannenberg,
3221038,2922438,Gartow,
3221038,2919489,Göhrde,
3221038,2918989,Gorleben,
3221038,13552252,Gusborn,
3221038,2903470,Hitzacker,
3221038,2895226,Jameln,
3221038,2892612,Karwitz,
3221038,2888812,Klein Gusborn,
3221038,2882243,Küsten,Kuesten
3221038,2881106,Langendorf,
3221038,2875603,Lübbow,
3221038,2875542,Lüchow,Luechow|Lüchow (Wendland)
3221038,2875508,Luckau (Wendland),Luckau
3221038,2866046,Neu Darchau,
3221038,2852135,Prezelle,
3221038,2837601,Schnackenburg,
3221038,2837441,Schnega,
3221038,2914935,Trebel,
3221038,2815579,Waddeweitz,
3221038,2806285,Woltersdorf,
3221038,2805451,Wustrow,
3221038,2804729,Zernien,
3221040,2959479,Adendorf,
3221040,2956584,Amelinghausen,
3221040,2955389,Artlenburg,
3221040,2952814,Bardowick,
3221040,2952762,Barendorf,
3221040,2952458,Barnstedt,
3221040,2952339,Barum,
3221040,2949661,Betzendorf,
3221040,2947894,Bleckede,
3221040,2946830,Boitze,
3221040,2944093,Brietlingen,
3221040,2939441,Dahlem,
3221040,2939426,Dahlenburg,Dahlenburg (Flecken)|Dahlenburg Flecken
3221040,2937809,Deutsch Evern,
3221040,2933808,Echem,
3221040,2930602,Embsen,
3221040,2910973,Handorf,
3221040,2903480,Hittbergen,
3221040,2900839,Hohnstorf (Elbe),Hohnstorf
3221040,2890511,Kirchgellersen,
3221040,2875438,Lüdersburg,
3221040,2875115,Lüneburg,Lueneburg
3221040,2872602,Mechtersen,
3221040,2872117,Melbeck,
3221040,2867146,Nahrendorf,
3221040,2866682,Neetze,
3221040,2857438,Oldendorf (Luhe),Oldendorf
3221040,2851100,Radbruch,
3221040,2849296,Rehlingen,
3221040,2848689,Reinstorf,
3221040,2848110,Reppenstedt,
3221040,2843148,Rullstorf,
3221040,2840297,Scharnebeck,
3221040,2831715,Soderstorf,
3221040,2825148,Südergellersen,
3221040,2822703,Thomasburg,
3221040,2821734,Tosterglope,
3221040,2817823,Vastorf,
3221040,2816874,Vögelsen,Voegelsen
3221040,2811227,Wendisch Evern,
3221040,2810364,Westergellersen,
3221040,2807213,Wittorf,
3221042,2953840,Axstedt,
3221042,2918041,Grasberg,
3221042,2911322,Hambergen,
3221042,2877709,Lilienthal,
3221042,2875608,Lübberstedt,
3221042,2865636,Neuenkirchen,
3221042,2856500,Osterholz-Scharmbeck,
3221042,2846398,Ritterhude,
3221042,2835260,Schwanewede,
3221042,2816578,Vollersode,
3221042,2806108,Worpswede,
3221044,2959272,Ahausen,
3221044,2958518,Alfstedt,
3221044,2956212,Anderlingen,
3221044,2952835,Barchel,
3221044,2952304,Basdahl,
3221044,2951428,Bei der Höhne,Bei der Hoehne
3221044,2945807,Bötersen,
3221044,2945802,Bothel,
3221044,2944944,Breddorf,
3221044,2944354,Bremervörde,Bremervoerde
3221044,2943997,Brockel,
3221044,2942358,Buchholz,
3221044,2938429,Deinstedt,
3221044,2933916,Ebersdorf,
3221044,2930776,Elsdorf,
3221044,2927777,Farven,
3221044,2926667,Fintel,
3221044,2919692,Gnarrenburg,
3221044,2915283,Gross Meckelsen,
3221044,2913280,Gyhum,
3221044,2911260,Hamersen,
3221044,2909350,Hassendorf,
3221044,2908273,Heeslingen,
3221044,2906759,Hellwege,
3221044,2906629,Helvesiek,
3221044,2906510,Hemsbünde,Hemsbuende
3221044,2906500,Hemslingen,
3221044,2906256,Hepstedt,
3221044,2903841,Hipstedt,
3221044,2898608,Horstedt,
3221044,2893938,Kalbe,
3221044,2890353,Kirchtimke,
3221044,2890344,Kirchwalsede,
3221044,2888511,Klein Meckelsen,
3221044,2880184,Lauenbrück,
3221044,2878863,Lengenbostel,
3221044,2857105,Oerel,
3221044,2856611,Ostereistedt,
3221044,2849528,Reeßum,
3221044,2847708,Rhade,
3221044,2844437,Rotenburg,Rotenburg an der Wümme|Rotenburg (Wümme)
3221044,2841910,Sandbostel,
3221044,2840070,Scheessel,
3221044,2833884,Seedorf,
3221044,2833154,Selsingen,
3221044,2831802,Sittensen,
3221044,2830880,Sottrum,
3221044,2827501,Stemmen,
3221044,2823989,Tarmstedt,
3221044,2822087,Tiste,
3221044,2817950,Vahlde,
3221044,2817376,Vierden,
3221044,2817130,Visselhövede,Visselhoevede
3221044,2815987,Vorwerk,
3221044,2810178,Westertimke,
3221044,2810168,Westerwalsede,
3221044,2808417,Wilstedt,
3221044,2807214,Wittorf,
3221044,2807010,Wohnste,
3221044,2804642,Zeven,
3221046,2959318,Agathenburg,
3221046,2959205,Ahlerstedt,
3221046,2955815,Apensen,
3221046,2953088,Balje,
3221046,2952637,Bargstedt,
3221046,2951725,Beckdorf,
3221046,2947769,Bliedersdorf,
3221046,2944213,Brest,
3221046,2940920,Burweg,
3221046,2940451,Buxtehude,
3221046,2938430,Deinste,
3221046,2936369,Dollern,
3221046,2934915,Drochtersen,
3221046,2934740,Düdenbüttel,Duedenbuettel
3221046,2930237,Engelschoff,
3221046,2928711,Estorf,
3221046,13529692,Fredenbeck,
3221046,2925181,Freiburg (Elbe) Flecken,Freiburg/Elbe
3221046,2916567,Großenwörden,
3221046,2914263,Grünendeich,
3221046,2913888,Guderhandviertel,
3221046,2911230,Hammah,
3221046,2829901,Hansestadt Stade,Stade
3221046,2910280,Harsefeld,
3221046,2907343,Heinbockel,
3221046,2904543,Himmelpforten,
3221046,2898847,Horneburg,
3221046,2894702,Jork,
3221046,2884778,Kranenburg,
3221046,2883329,Krummendeich,
3221046,2882224,Kutenholz,
3221046,2870627,Mittelnkirchen,
3221046,2865635,Neuenkirchen,
3221046,2861743,Nottensdorf,
3221046,2858071,Oederquart,
3221046,2857432,Oldendorf,
3221046,2841204,Sauensiek,
3221046,2827862,Steinkirchen,
3221046,2807484,Wischhafen,
3221049,2957538,Altenmedingen,
3221049,2949511,Bad Bevensen,
3221049,2947100,Bad Bodenteich,Bodenteich|Bodenteich [< a. 1998]
3221049,2952340,Barum,
3221049,2949150,Bienenbüttel,
3221049,2933817,Ebstorf,
3221049,2931818,Eimke,
3221049,2930521,Emmendorf,
3221049,2921162,Gerdau,
3221049,2910760,Hanstedt Eins,
3221049,2904574,Himbergen,
3221049,2895056,Jelmstorf,
3221049,2875456,Lüder,
3221049,2866981,Natendorf,
3221049,2857845,Oetzen,
3221049,2850104,Rätzlingen,
3221049,2845264,Römstedt,
3221049,2845146,Rosche,
3221049,3208619,Schwienau,
3221049,2831479,Soltendieck,
3221049,2829858,Stadensen,
3221049,2826636,Stoetze,
3221049,2825180,Suderburg,
3221049,2824940,Suhlendorf,
3221049,2820456,Uelzen,
3221049,2810559,Weste,
3221049,2809415,Wieren,
3221049,2806007,Wrestedt,
3221049,2806002,Wriedel,
3221058,2955817,Apen,
3221058,2953310,Bad Zwischenahn,
3221058,2933364,Edewecht,
3221058,2850253,Rastede,
3221058,2810188,Westerstede,
3221058,2809544,Wiefelstede,
3221059,2954006,Aurich,
3221059,2953006,Baltrum,
3221059,2949855,Berumbur,
3221059,2935633,Dornum,
3221059,2917826,Greetsiel,
3221059,2912681,Hage,
3221059,2912448,Hagermarsch,
3221059,2911683,Halbemond,
3221059,2904397,Hinte,
3221059,2894569,Juist,
3221059,2879668,Leezdorf,
3221059,2874955,Lütetsburg,
3221059,2873581,Marienhafe,
3221059,2870911,Mittegroßefehn,
3221059,2869689,Moordorf,
3221059,2862136,Norddeich,
3221059,2862118,Norden,
3221059,2862041,Norderney,
3221059,2856801,Osteel,
3221059,2854509,Pewsum,
3221059,2849694,Rechtsupweg,
3221059,2842735,Rysum,
3221059,2818297,Upgant-Schott,
3221059,2809134,Wiesmoor,
3221059,2807558,Wirdum,
3221064,2952398,Barßel,
3221064,2945907,Bösel,
3221064,2941877,Bühren,Buehren
3221064,2940317,Cappeln (Oldenburg),Cappeln
3221064,2939969,Cloppenburg,
3221064,2930426,Emstek,
3221064,2928809,Essen (Oldenburg),Essen
3221064,2924360,Friesoythe,
3221064,2922511,Garrel,
3221064,2880357,Lastrup,
3221064,2877216,Lindern (Oldenburg),Lindern
3221064,2875987,Löningen,Loeningen
3221064,2870094,Molbergen,
3221066,2938323,Delmenhorst,
3221070,2930596,Emden,
3221070,2854596,Petkum,
3221073,2951863,Bawinkel,
3221073,2951526,Beesten,
3221073,2947299,Bockhorst,
3221073,2946290,Börger,
3221073,2944948,Breddenberg,
3221073,2938004,Dersum,
3221073,3208422,Dohren,
3221073,2935597,Dörpen,
3221073,2930454,Emsbüren,
3221073,2928717,Esterwegen,
3221073,2924967,Freren,
3221073,2924958,Fresenburg,
3221073,2922112,Geeste,
3221073,2920914,Gersten,
3221073,2916974,Groß Berßen,
3221073,2910971,Handrup,
3221073,2910514,Haren (Ems),Haren
3221073,2909761,Haselünne,Haseluenne
3221073,2908350,Heede,
3221073,2905466,Herzlake,
3221073,2904735,Hilkenbrook,
3221073,2896852,Hüven,Hueven
3221073,2889729,Klein Berßen,
3221073,2887315,Kluse,
3221073,2881921,Lähden,Laehden
3221073,2881910,Lahn,
3221073,2881278,Langen,
3221073,2880351,Lathen,
3221073,2879621,Lehe,
3221073,2878838,Lengerich,
3221073,2877088,Lingen,Lingen (Ems)
3221073,2875870,Lorup,
3221073,3208438,Lünne,Luenne
3221073,2871845,Meppen,
3221073,2871613,Messingen,
3221073,2866529,Nenndorf,
3221073,2866150,Neubörger,
3221073,2864621,Neulehe,
3221073,2863185,Niederlangen,
3221073,2859983,Oberlangen,
3221073,2855525,Papenburg,
3221073,2850254,Rastdorf,
3221073,2848207,Renkenberge,
3221073,2847688,Rhede (Ems),Rhede
3221073,2842175,Salzbergen,
3221073,2840419,Schapen,
3221073,2831699,Sögel,
3221073,2830652,Spelle,
3221073,2824572,Surwold,
3221073,2824522,Sustrum,
3221073,2822607,Thuine,
3221073,2820649,Twist,
3221073,2815823,Vrees,
3221073,2815218,Walchum,
3221073,2810860,Werlte,
3221073,2810763,Werpeloh,
3221073,2809917,Wettrup,
3221073,2807584,Wippingen,
3221075,2953552,Bad Bentheim,
3221075,2930546,Emlichheim,
3221075,2930338,Engden,
3221075,2929131,Esche,
3221075,2921252,Georgsdorf,
3221075,2920786,Getelo,
3221075,2919270,Gölenkamp,
3221075,13639974,Halle,
3221075,2899291,Hoogstede,
3221075,3208432,Isterberg,
3221075,2895582,Itterbeck,
3221075,2882114,Laar,
3221075,2876186,Lohne,
3221075,2865692,Neuenhaus,
3221075,2861934,Nordhorn,
3221075,2857619,Ohne,
3221075,3204963,Quendorf,
3221075,13640011,Ringe,
3221075,2835587,Schüttorf,Schuettorf
3221075,2825225,Suddendorf,
3221075,2820458,Uelsen,
3221075,2809491,Wielen,
3221075,2809100,Wietmarschen,
3221075,2808408,Wilsum,
3221094,2946206,Borkum,
3221094,2944038,Brinkum,
3221094,2941693,Bunde,
3221094,2937944,Detern Flecken,Detern
3221094,2926858,Filsum,
3221094,2926658,Firrel,
3221094,2905421,Hesel,
3221094,2900105,Holtland,
3221094,2895051,Jemgum,
3221094,2879697,Leer,
3221094,3208505,Neukamperfehn,
3221094,2861807,Nortmoor,
3221094,2857402,Oldersum,
3221094,2856213,Ostrhauderfehn,
3221094,2834271,Schwerinsdorf,
3221094,2817793,Veenhusen,
3221094,2813433,Weener,
3221095,2857458,Oldenburg,Oldenburg (Oldenburg)
3221096,2856883,Osnabrück,Osnabrueck
3221097,2953136,Bakum,
3221097,2939167,Damme,
3221097,2936881,Dinklage,
3221097,2919310,Goldenstedt,
3221097,2900740,Holdorf,
3221097,2876185,Lohne (Oldenburg),Lohne
3221097,2865639,Neuenkirchen,
3221097,2828136,Steinfeld (Oldenburg),Steinfeld
3221097,2817812,Vechta,
3221097,2817139,Visbek,
3221098,2958523,Alfhausen,
3221098,2956014,Ankum,
3221098,2953464,Bad Essen,
3221098,2953430,Bad Iburg,
3221098,2881972,Bad Laer,
3221098,2953367,Bad Rothenfelde,
3221098,2953550,Badbergen,
3221098,2951175,Belm,
3221098,2950660,Berge,
3221098,2949906,Bersenbrück,Bersenbrueck
3221098,2948733,Bippen,
3221098,2948212,Bissendorf,
3221098,2946923,Bohmte,
3221098,2945474,Bramsche,
3221098,2936787,Dissen,
3221098,3204947,Eggermühlen,
3221098,2923658,Fürstenau,Fuerstenau
3221098,2922012,Gehrde,
3221098,2921242,Georgsmarienhütte,Georgsmarienhuette
3221098,2920205,Glandorf,
3221098,2912618,Hagen am Teutoburger Wald,Hagen|Hagen-Beckerode|Hagen a.T.W.
3221098,2909915,Hasbergen,
3221098,2904607,Hilter,
3221098,2891310,Kettenkamp,
3221098,2882115,Laar,
3221098,2872079,Melle,
3221098,2871889,Menslage,
3221098,2871690,Merzen,
3221098,2865642,Neuenkirchen,
3221098,2861802,Nortrup,
3221098,2856629,Ostercappeln,
3221098,2851523,Quakenbrück,Quakenbrueck
3221098,2846853,Rieste,
3221098,11979289,Rüsfort,Ruesfort
3221098,2816527,Voltlage,
3221098,2814632,Wallenhorst,
3221099,2945545,Brake (Unterweser),Brake
3221099,3336894,Butjadingen,
3221099,2930726,Elsfleth,
3221099,13192010,Lemwerder,
3221099,2869619,Moorriem,
3221099,2862104,Nordenham,
3221099,2855881,Ovelgönne,
3221099,2846031,Rodenkirchen,
3221100,2927621,Fedderwarden,
3221100,2808720,Wilhelmshaven,
3221101,2950982,Bensersiel,
3221101,2947646,Blomberg,
3221101,2940261,Carolinensiel,
3221101,2934541,Dunum,
3221101,2928911,Esens,
3221101,2928325,Eversmeer,
3221101,2924788,Friedeburg,
3221101,2900176,Holtgast,
3221101,2880861,Langeoog,
3221101,2869592,Moorweg,
3221101,2866527,Nenndorf,
3221101,13519501,Neuschoo,
3221101,13492744,Ochtersum,
3221101,2856231,Ostochtersum,
3221101,2834519,Schweindorf,
3221101,2830534,Spiekeroog,
3221101,2829218,Stedesdorf,
3221101,2818080,Utarp,
3221101,2810917,Werdum,
3221101,2810317,Westerholt,
3221101,2807218,Wittmund,
3221109,2947416,Bochum,
3221109,2813635,Wattenscheid,
3221110,2912621,Hagen,
3221111,2911240,Hamm,
3221114,2905891,Herne,
3221121,2957798,Altenbüren,Altenbueren
3221121,2955471,Arnsberg,
3221121,2949773,Bestwig,
3221121,2947175,Bödefeld,Boedefeld
3221121,2944079,Brilon,
3221121,2928890,Eslohe,
3221121,2925240,Fredeburg,Bad Fredeburg
3221121,2911514,Hallenberg,
3221121,2873211,Marsberg,
3221121,2872557,Medebach,
3221121,2871668,Meschede,
3221121,2857291,Olsberg,
3221121,2838053,Schmallenberg,
3221121,2832582,Siedlinghausen,
3221121,2832216,Silbach,
3221121,2824655,Sundern,
3221121,2807788,Winterberg,
3221122,2954932,Attendorn,
3221122,2952981,Bamenohl,
3221122,2934886,Drolshagen,
3221122,2926716,Finnentrop,
3221122,2924939,Fretter,
3221122,2890442,Kirchhundem,
3221122,2878810,Lenhausen,
3221122,2878784,Lennestadt,
3221122,2857306,Olpe,
3221122,2832957,Serkenrode,
3221122,2811278,Wenden,
3221123,2953545,Bad Berleburg,
3221123,2882091,Bad Laasphe,
3221123,2941595,Burbach,
3221123,2929370,Erndtebrück,Erndtebrueck
3221123,2924915,Freudenberg,
3221123,2920394,Gilsbach,
3221123,2904808,Hilchenbach,
3221123,2899796,Holzhausen,
3221123,2884050,Kreuztal,
3221123,2876929,Lippe,
3221123,2874756,Lützeln,Luetzeln
3221123,2866375,Netphen,
3221123,2864425,Neunkirchen,
3221123,2863507,Niederdresselndorf,
3221123,2861043,Oberdresselndorf,
3221123,2832495,Siegen,
3221123,2815455,Wahlbach,
3221123,2808461,Wilnsdorf,
3221123,2805710,Würgendorf,Wuergendorf
3221124,2955940,Anröchte,Anroechte
3221124,2953355,Bad Sassendorf,
3221124,2951265,Belecke,
3221124,2929247,Erwitte,
3221124,2920834,Geseke,
3221124,2876865,Lippstadt,
3221124,2874785,Lüttringen,Luettringen
3221124,3207377,Möhnesee,
3221124,2842816,Rüthen,Ruethen
3221124,2831708,Soest,
3221124,2814005,Warstein,
3221124,2811361,Welver,
3221124,2810878,Werl,
3221124,2809778,Wickede,
3221125,2949186,Bielefeld,
3221127,2946270,Borgholzhausen,
3221127,2924621,Friedrichsdorf,
3221127,2913366,Gütersloh,Guetersloh
3221127,2911520,Halle,Halle (Westfalen)|Halle (Westf.)
3221127,2910278,Harsewinkel,
3221127,2881175,Langenberg,
3221127,2847690,Rheda-Wiedenbrück,Rheda-Wiedenbrueck
3221127,2846843,Rietberg,
3221127,2828050,Steinhagen,
3221127,2817576,Verl,
3221127,2817537,Versmold,
3221127,2810710,Werther,
3221129,2941694,Bünde,Buende
3221129,2930182,Enger,
3221129,2906121,Herford,
3221129,2904886,Hiddenhausen,
3221129,2890425,Kirchlengern,
3221129,2876187,Löhne,Loehne
3221129,2845919,Rödinghausen,
3221129,2830637,Spenge,
3221129,2827043,Stift Quernheim,
3221129,2817105,Vlotho,
3231882,2953525,Bad Driburg,
3231882,2949475,Beverungen,
3231882,2946291,Borgentreich,
3231882,2945542,Brakel,
3231882,2935457,Dössel,Doessel
3231882,2898321,Höxter,Hoexter
3231882,2862675,Nieheim,
3231882,2827990,Steinheim,
3231882,2814153,Warburg,
3231882,2811573,Welda,
3231882,2808619,Willebadessen,
3231898,2957864,Altenbeken,
3231898,2953405,Bad Lippspringe,
3231898,2805785,Bad Wünnenberg,Bad Wuennenberg
3231898,2941570,Büren,Bueren
3231898,2938389,Delbrück,Delbrueck
3231898,2898364,Hövelhof,
3231898,2878133,Lichtenau,
3231898,2855745,Paderborn,
3231898,2842131,Salzkotten,
3231901,2934691,Duisburg,
3231903,2934246,Düsseldorf,Duesseldorf
3231904,2928810,Essen,
3231905,2930509,Emmerich,Emmerich am Rhein
3231905,2921528,Geldern,
3231905,2919625,Goch,
3231905,2895617,Issum,
3231905,2893837,Kalkar,
3231905,2893152,Kapellen,
3231905,2891258,Kevelaer,
3231905,2887835,Kleve,
3231905,2884779,Kranenburg,
3231905,2854266,Pfalzdorf,
3231905,2849548,Rees,
3231905,2847586,Rheurdt,
3231905,2826304,Straelen,
3231905,2820465,Uedem,
3231905,2815651,Wachtendonk,
3231905,2813410,Weeze,
3231905,2811347,Wemb,
3231906,2884509,Krefeld,
3247430,2929600,Erkrath,
3247430,11611297,Gruiten,
3247430,2913195,Haan,
3247430,2907585,Heiligenhaus,
3247430,2904795,Hilden,
3247430,2881085,Langenfeld,
3247430,2871535,Mettmann,
3247430,2869791,Monheim am Rhein,
3247430,2850174,Ratingen,
3247430,2817724,Velbert,
3247430,2805910,Wülfrath,Wuelfrath
3247431,2805753,Wuppertal,
3247432,2848273,Remscheid,
3247433,2831580,Solingen,
3247434,2935825,Dormagen,
3247434,2917540,Grevenbroich,
3247434,2894637,Jüchen,
3247434,2894375,Kaarst,
3247434,2885397,Korschenbroich,
3247434,2872504,Meerbusch,
3247434,2866110,Neubrück,Neubrueck
3247434,2864118,Neuss,
3247434,2845273,Rommerskirchen,
3247434,2816024,Vorst,
3247434,2803908,Zons,
3247435,2869894,Mönchengladbach,Moenchengladbach
3247436,2943336,Brüggen,
3247436,2930831,Elmpt,
3247436,2917816,Grefrath,
3247436,2893874,Kaldenkirchen,
3247436,2891643,Kempen,
3247436,2866694,Neersen,
3247436,2866333,Nettetal,
3247436,2863199,Niederkrüchten,
3247436,2835342,Schwalmtal,
3247436,2821899,Tönisvorst,Toenisvorst
3247436,2817311,Viersen,
3247436,2808559,Willich,
3247437,2860410,Oberhausen,
3247438,2867838,Mülheim (Ruhr),Mülheim|Muelheim|Mülheim an der Ruhr|Muelheim an der Ruhr
3247439,2921466,Gelsenkirchen,
3247440,2945756,Bottrop,
3247440,3205858,Grafenwald,
3247441,2959279,Ahaus,
3247441,3205786,Bahnhof Reken,
3247441,2947421,Bocholt,
3247441,2946228,Borken,
3247441,2920842,Gescher,
3247441,2917138,Gronau,
3247441,2908330,Heek,
3247441,2907889,Heiden,
3247441,2897762,Hülsten,Huelsten
3247441,2895630,Isselburg,
3247441,2888344,Klein Reken,
3247441,2879653,Legden,
3247441,2873660,Mariaveen,
3247441,2850942,Raesfeld,
3247441,2915151,Reken,
3247441,2847689,Rhede,
3247441,2836390,Schöppingen,
3247441,2829758,Stadtlohn,
3247441,2824998,Südlohn,
3247441,2817704,Velen,
3247441,2815824,Vreden,
3247442,2867543,Münster,Muenster|Münster / Nordrhein-Westf.
3247442,2862632,Nienberge,
3247443,2957829,Altenberge,
3247443,2948717,Birgte,
3247443,2935209,Dreierwalde,
3247443,2930449,Emsdetten,
3247443,2917544,Greven,
3247443,2899135,Hopsten,
3247443,2898603,Hörstel,Hoerstel
3247443,2898541,Horstmar,
3247443,2896817,Ibbenbüren,Ibbenbueren
3247443,2881991,Ladbergen,
3247443,2881973,Laer,
3247443,2878840,Lengerich,
3247443,2877843,Lienen,
3247443,2875760,Lotte,
3247443,2871591,Metelen,
3247443,2871540,Mettingen,
3247443,2865641,Neuenkirchen,
3247443,2861847,Nordwalde,
3247443,2858245,Ochtrup,
3247443,2849689,Recke,
3247443,2847645,Rheine,
3247443,2842441,Saerbeck,
3247443,2828105,Steinfurt,
3247443,2823728,Tecklenburg,
3247443,2810289,Westerkappeln,
3247443,2809919,Wettringen,
3247444,2959223,Ahlen,
3247444,2951654,Beckum,
3247444,2951596,Beelen,
3247444,2935042,Drensteinfurt,
3247444,2930030,Ennigerloh,
3247444,2928320,Everswinkel,
3247444,2857943,Oelde,
3247444,2856816,Ostbevern,
3247444,2841351,Sassenberg,
3247444,2833076,Sendenhorst,
3247444,2823590,Telgte,
3247444,2815563,Wadersloh,
3247444,2814127,Warendorf,
3247445,2950294,Bergneustadt,
3247445,2930216,Engelskirchen,
3247445,2913761,Gummersbach,
3247445,2898098,Hückeswagen,Hueckeswagen
3247445,2877142,Lindlar,
3247445,2873574,Marienheide,
3247445,2869196,Morsbach,
3247445,2861677,Nümbrecht,Nuembrecht
3247445,2850995,Radevormwald,
3247445,2815137,Waldbröl,Waldbroel
3247445,2809517,Wiehl,
3247445,2807594,Wipperfürth,Wipperfuerth
3247446,2950349,Bergisch Gladbach,
3247446,2940942,Burscheid,
3247446,2904771,Hilgen - Dünweg,Hilgen - Duenweg
3247446,2882318,Kürten,
3247446,2879315,Leichlingen,
3247446,2858103,Odenthal,
3247446,2855859,Overath,
3247446,2844862,Rösrath,Roesrath
3247446,2810855,Wermelskirchen,
3247447,2878234,Leverkusen,
3247447,2857185,Opladen,
3247448,3247449,Aachen,Kreisfreie Stadt Aachen
3247448,2958141,Alsdorf,
3247448,2953302,Baesweiler,
3247448,2944803,Breinigerberg,
3247448,2931699,Einruhr,
3247448,2928963,Eschweiler,
3247448,2905455,Herzogenrath,
3247448,2869756,Monschau,
3247448,2844277,Roetgen,
3247448,2842944,Rurberg,
3247448,2832023,Simmerath,
3247448,2826595,"Stolberg, Rheinland",Stolberg
3247448,2814746,Walheim - Hahn,
3247448,2805644,Würselen,Wuerselen
3247450,2946447,Bonn,
3247450,2860104,Oberkassel,
3247450,2843691,Röttgen,Roettgen
3247451,2931881,Eil,
3247451,2917726,Gremberghoven,
3247451,2886242,Köln,Koeln
3247451,2815375,Wahn-Heide,
3247451,2803692,Zündorf,Zuendorf
3247452,2953398,Bad Münstereifel,Bad Muenstereifel
3247452,2948056,Blankenheim,
3247452,2939442,Dahlem,
3247452,2928396,Euskirchen,
3247452,2906843,Hellenthal,
3247452,2898383,Houverath,
3247452,2893762,Kall,
3247452,2872611,Mechernich,
3247452,2866336,Nettersheim,
3247452,2838744,Schleiden,
3247452,2812522,Weilerswist,
3247452,2803723,Zülpich,Zuelpich
3247453,2958580,Aldenhoven,
3247453,2934498,Dürboslar,Duerboslar
3247453,2934486,Düren,Dueren
3247453,2925203,Freialdenhoven,
3247453,2907459,Heimbach,
3247453,2896120,Inden,
3247453,2894553,Jülich,Juelich
3247453,2894521,Jüngersdorf,Juengersdorf
3247453,2884245,Kreuzau,
3247453,2880726,Langerwehe,
3247453,2877021,Linnich,
3247453,2871683,Merzenich,
3247453,8521656,Neu-Pattern,
3247453,2863711,Nideggen,
3247453,2863119,Niedermerz,
3247453,2862698,Niederzier,
3247453,2861801,Nörvenich,
3247453,2838743,Schleiden,
3247453,2832333,Siersdorf,
3247453,2822073,Titz,
3247453,2817506,Vettweiß,
3247454,2951648,Bedburg,
3247454,2950438,Bergheim,
3247454,2943320,Brühl,Bruehl
3247454,2930778,Elsdorf,
3247454,2929671,Erftstadt,
3247454,2925259,Frechen,
3247454,2920729,Geyen,
3247454,2919935,Glessen,
3247454,2897216,Hürth,Huerth
3247454,2891524,Kerpen,
3247454,2851746,Pulheim,
3247454,2831888,Sinnersdorf,
3247454,2820736,Türnich,Tuernich
3247454,2810612,Wesseling,
3247455,2955400,Arsbeck,
3247455,2951624,Beeck,
3247455,2951620,Beeckerheide,
3247455,2939320,Dalheim,
3247455,2929622,Erkelenz,
3247455,2922722,Gangelt,
3247455,2921837,Geilenkirchen,
3247455,2907201,Heinsberg,
3247455,2898111,Hückelhoven,Hueckelhoven
3247455,11608809,Rath-Anhoven,
3247455,2842445,Saeffelen,
3247455,7909809,Selfkant,
3247455,2820621,Übach-Palenberg,UEbach-Palenberg
3247455,2815035,Waldfeucht,
3247455,2813786,Wassenberg,
3247455,2813390,Wegberg,
3247456,2958235,Almersbach,
3247456,2958142,Alsdorf,
3247456,2957567,Altenkirchen,
3247456,2953682,Bachenberg,
3247456,2949928,Berod,
3247456,2949836,Berzhausen,
3247456,2949669,Betzdorf,
3247456,3207685,Birken-Honigsessen,
3247456,2948616,Birkenbeul,
3247456,2948383,Birnbach,
3247456,2948140,Bitzen,
3247456,2945647,Brachbach,
3247456,2944443,Breitscheidt,
3247456,2943621,Bruchertseifen,
3247456,2941575,Bürdenbach,
3247456,2941206,Burglahr,
3247456,2940724,Busenhausen,
3247456,2939650,Daaden,
3247456,2938030,Derschen,
3247456,2937694,Dickendorf,
3247456,2932440,Eichelhardt,
3247456,2932390,Eichen,
3247456,2931288,Elben,
3247456,2931125,Elkenroth,
3247456,2930480,Emmerzhausen,
3247456,2929269,Ersfeld,
3247456,2928600,Etzbach,
3247456,2928469,Eulenberg,
3247456,2927175,Fensdorf,
3247456,2926891,Fiersbach,
3247456,2926385,Flammersfeld,
3247456,2926030,Fluterschen,
3247456,2925835,Forst,
3247456,2925720,Forstmehren,
3247456,2924704,Friedewald,
3247456,2924388,Friesenhagen,
3247456,2923534,Fürthen,
3247456,2922174,Gebhardshain,
3247456,2920631,Gieleroth,
3247456,2920588,Giershausen,
3247456,2914309,Grünebach,Gruenebach
3247456,2913797,Güllesheim,
3247456,2911242,Hamm (Sieg),
3247456,2910711,Harbach,
3247456,2909430,Hasselbach,
3247456,2906738,Helmenzen,
3247456,2906730,Helmeroth,
3247456,2906560,Hemmelzen,
3247456,2906143,Herdorf,
3247456,2904999,Heupelzen,
3247456,2904752,Hilgenroth,
3247456,2903494,Hirz-Maulsbach,
3247456,2899024,Horhausen,
3247456,2896748,Idelberg,
3247456,3207746,Ingelbach,
3247456,2895659,Isert,
3247456,3207752,Katzwinkel,
3247456,2892029,Kausen,
3247456,2891476,Kescheid,
3247456,2891314,Kettenhausen,
3247456,2890591,Kircheib,
3247456,2890586,Kirchen,
3247456,2885050,Kraam,
3247456,2883234,Krunkel,
3247456,2874007,Mammelzen,
3247456,2872827,Mauden,
3247456,2872389,Mehren,
3247456,2871353,Michelbach,
3247456,2869944,Molzhain,
3247456,2868853,Mudersbach,
3247456,2866851,Nauroth,
3247456,2866576,Neitersen,
3247456,2863508,Niederdreisbach,
3247456,2863441,Niederfischbach,
3247456,2863239,Niederirsen,
3247456,2862833,Niedersteinebach,
3247456,2862355,Nisterberg,
3247456,2860891,Obererbach,
3247456,2860142,Oberirsen,
3247456,2859996,Oberlahr,
3247456,2859691,Obernau,
3247456,2858918,Obersteinebach,
3247456,2858658,Oberwambach,
3247456,2857276,Ölsen,
3247456,2857094,Orfgen,
3247456,2854626,Peterslahr,
3247456,2853271,Pleckhausen,
3247456,2852376,Pracht,
3247456,2851114,Racksen,
3247456,2848922,Reiferscheid,
3247456,2847975,Rettersen,
3247456,3207893,Rosenheim,
3247456,2844249,Roth,
3247456,2843798,Rott,
3247456,2839581,Scheuerfeld,
3247456,2836793,Schöneberg,
3247456,2835683,Schürdt,
3247456,2835583,Schutzbach,
3247456,2833398,Seifen,
3247456,2833290,Selbach,
3247456,2830920,Sörth,
3247456,2828165,Steineroth,
3247456,2825333,Stürzelbach,
3247456,2816640,Volkerzen,
3247456,2814557,Wallmenroth,
3247456,2814415,Walterschen,
3247456,2811685,Weitefeld,
3247456,2810883,Werkhausen,
3247456,2809845,Weyerbusch,
3247456,2808497,Willroth,
3247456,2807440,Wissen,
3247456,2806345,Wölmersen,
3247456,2804391,Ziegenhain,
3247457,2958846,Ailertchen,
3247457,2958186,Alpenrod,
3247457,2958154,Alsbach,
3247457,2955443,Arnshöfen,
3247457,2954979,Astert,
3247457,2954884,Atzelgift,
3247457,2953404,Bad Marienberg,
3247457,2952931,Bannberscheid,
3247457,2951198,Bellingen,
3247457,2949927,Berod bei Wallmerod,
3247457,2949837,Berzhahn,
3247457,2948963,Bilkheim,
3247457,2947161,Boden,
3247457,2946591,Bölsberg,
3247457,2946038,Borod,
3247457,2945215,Brandscheid,
3247457,2944730,Breitenau,
3247457,2944195,Bretthausen,
3247457,3207692,Caan,
3247457,2938760,Daubach,
3247457,2938589,Deesen,
3247457,2938065,Dernbach,
3247457,2935201,Dreifelden,
3247457,3207697,Dreikirchen,
3247457,2935109,Dreisbach,
3247457,2933981,Ebernhahn,
3247457,2931385,Eitelborn,
3247457,2931060,Ellenhausen,
3247457,2930706,Elsoff,
3247457,2929997,Enspel,
3247457,2928626,Ettinghausen,
3247457,2928300,Ewighausen,
3247457,2927581,Fehl-Ritzhausen,
3247457,2925069,Freilingen,
3247457,2925051,Freirachdorf,
3247457,2923418,Gackenbach,
3247457,2922028,Gehlert,
3247457,2921376,Gemünden,Gemuenden
3247457,2920545,Giesenhausen,
3247457,2920299,Girkenroth,
3247457,2920291,Girod,
3247457,2919598,Goddert,
3247457,2919024,Görgeshausen,Goergeshausen
3247457,2915499,Großholbach,
3247457,2915035,Großseifen,
3247457,2913906,Guckheim,
3247457,2912921,Hachenburg,
3247457,2912347,Hahn bei Marienberg,
3247457,2911641,Halbs,
3247457,2910560,Hardt,
3247457,2910181,Hartenfels,
3247457,2910068,Härtlingen,Haertlingen
3247457,3207732,Hattert,
3247457,2907670,Heilberscheid,
3247457,2907554,Heiligenroth,
3247457,2906957,Helferskirchen,
3247457,2906851,Hellenhahn-Schellenberg,
3247457,2906112,Hergenroth,
3247457,2905597,Herschbach,
3247457,2904962,Heuzert,
3247457,2904743,Hilgert,
3247457,2904667,Hillscheid,
3247457,2902965,Höchstenbach,
3247457,2902767,Hof,
3247457,3207742,Höhn,
3247457,2900825,Höhr-Grenzhausen,Hoehr-Grenzhausen
3247457,2900499,Holler,
3247457,2899480,Homberg,
3247457,2899107,Horbach,
3247457,2898151,Hübingen,Huebingen
3247457,2898149,Hüblingen,
3247457,2897557,Hundsangen,
3247457,2897518,Hundsdorf,
3247457,2895785,Irmtraut,
3247457,2894338,Kaden,
3247457,2894335,Kadenbach,
3247457,2893379,Kammerforst,
3247457,2890776,Kirburg,
3247457,2886434,Kölbingen,
3247457,2883589,Kroppach,
3247457,2883350,Krümmel,
3247457,2882708,Kuhnhöfen,Kuhnhoefen
3247457,2882500,Kundert,
3247457,2881227,Langenbach bei Kirburg,
3247457,2881226,Langenbach bei Marienberg,
3247457,2881057,Langenhahn,
3247457,2879862,Lautzenbrücken,
3247457,2878295,Leuterod,
3247457,2877955,Liebenscheid,
3247457,2877681,Limbach,
3247457,2877448,Linden,
3247457,2876554,Lochum,
3247457,2875497,Luckenbach,
3247457,2873513,Marienrachdorf,
3247457,2873226,Maroth,
3247457,2873061,Marzhausen,
3247457,2872659,Maxsain,
3247457,2871807,Merkelbach,
3247457,2871460,Meudt,
3247457,2870212,Mogendorf,
3247457,2869968,Molsberg,
3247457,2869746,Montabaur,
3247457,2869222,Mörlen,
3247457,3207804,Mörsbach,Moersbach
3247457,2869094,Moschheim,
3247457,2868859,Mudenbach,
3247457,2867606,Mündersbach,
3247457,2867402,Müschenbach,
3247457,2866858,Nauort,
3247457,2866512,Nentershausen,
3247457,2865123,Neuhäusel,Neuhaeusel
3247457,2864437,Neunkhausen,
3247457,2864426,Neunkirchen,
3247457,2864095,Neustadt/Westerwald,
3247457,2863678,Niederahr,
3247457,2863487,Niederelbert,
3247457,2863470,Niedererbach,
3247457,2862935,Niederroßbach,
3247457,2862914,Niedersayn,
3247457,2862357,Nister,
3247457,2862249,Nomborn,
3247457,2861951,Nordhofen,
3247457,2861829,Norken,
3247457,2861469,Oberahr,
3247457,2860948,Oberelbert,
3247457,2860892,Obererbach,
3247457,2859273,Oberrod,
3247457,2859239,Oberroßbach,
3247457,2855901,Ötzingen,
3247457,2852418,Pottum,
3247457,2851321,Quirnbach,
3247457,3225108,Ransbach-Baumbach,
3247457,2849364,Rehe,
3247457,2848187,Rennerod,
3247457,2844836,Roßbach,
3247457,2844421,Rotenhain,
3247457,2844143,Rothenbach,
3247457,2843503,Rückeroth,Rueckeroth
3247457,3207894,Ruppach-Goldhausen,
3247457,2842201,Salz,
3247457,2842167,Salzburg,
3247457,2839760,Schenkelberg,
3247457,2834082,Seck,
3247457,2833138,Selters,
3247457,2832926,Sessenbach,
3247457,2832925,Sessenhausen,
3247457,2832332,Siershahn,
3247457,2832012,Simmern,
3247457,2829664,Stahlhofen,
3247457,2829345,Staudt,
3247457,2827749,Stein-Neukirch,
3247457,2827608,Stein-Wingert,
3247457,2828259,Steinebach,
3247457,2828241,Steinefrenz,
3247457,2828227,Steinen,
3247457,2826755,Stockhausen-Illfurth,
3247457,3207906,Stockum-Püschen,
3247457,2825949,Streithausen,
3247457,2820084,Unnau,
3247457,2818682,Untershausen,
3247457,2817410,Vielbach,
3247457,2815410,Wahlrod,
3247457,2815305,Waigandshain,
3247457,2814847,Waldmühlen,
3247457,2814553,Wallmerod,
3247457,2812994,Weidenhahn,
3247457,2811942,Weißenberg,
3247457,2811558,Welkenbach,
3247457,2811403,Welschneudorf,
3247457,2811370,Weltersburg,
3247457,2810767,Weroth,
3247457,2810413,Westerburg,
3247457,2810223,Westernohe,
3247457,3207947,Wied,
3247457,2808545,Willingen,
3247457,2808516,Willmenrod,
3247457,2808007,Winkelbach,
3247457,2807876,Winnen,
3247457,2807549,Wirges,
3247457,2807527,Wirscheid,
3247457,2807276,Wittgert,
3247457,2806890,Wölferlingen,
3247457,2805042,Zehnhausen bei Rennerod,
3247457,2805041,Zehnhausen bei Wallmerod,
3247458,2956044,Anhausen,
3247458,2955315,Asbach,
3247458,2953434,Bad Hönningen,Bad Hoenningen
3247458,2946481,Bonefeld,
3247458,2944447,Breitscheid,
3247458,3209310,Bruchhausen,
3247458,2938780,Dattenberg,
3247458,2938764,Datzeroth,
3247458,2938064,Dernbach,
3247458,2937280,Dierdorf,
3247458,2935424,Döttesfeld,
3247458,2932893,Ehlscheid,
3247458,2929302,Erpel,
3247458,2924284,Frohnen,
3247458,2915294,Großmaischeid,
3247458,2911073,Hammerstein,
3247458,2910814,Hanroth,
3247458,2910638,Hardert,
3247458,2910292,Harschbach,
3247458,2908873,Hausen,
3247458,2895689,Isenburg,
3247458,2893858,Kalenborn,
3247458,3207750,Kasbach-Ohlenberg,
3247458,2892030,Kausen,
3247458,2888520,Kleinmaischeid,
3247458,2882308,Kurtscheid,
3247458,2878384,Leubsdorf,
3247458,2878284,Leutesdorf,
3247458,2877061,Linkenbach,
3247458,2876952,Linz am Rhein,
3247458,2873575,Marienhausen,
3247458,2872261,Meinborn,
3247458,2872033,Melsbach,
3247458,2863840,Neuwied,
3247458,2863574,Niederbreitbach,
3247458,2863281,Niederhofen,
3247458,2862760,Niederwambach,
3247458,2861046,Oberdreis,
3247458,3207891,Oberhonnefeld-Gierend,
3247458,2859390,Oberraden,
3247458,2858241,Ockenfels,
3247458,2851767,Puderbach,
3247458,2850114,Ratzert,
3247458,2850098,Raubach,
3247458,2848215,Rengsdorf,
3247458,2847655,Rheinbreitbach,
3247458,2847654,Rheinbrohl,
3247458,2844837,Roßbach,
3247458,2842928,Rüscheid,Ruescheid
3247458,3207895,Sankt Katharinen,
3247458,2829280,Stebach,
3247458,2828984,Steimel,
3247458,2823087,Thalhausen,
3247458,2820101,Unkel,
3247458,2818232,Urbach-Überdorf,Urbach-UEberdorf
3247458,2817512,Vettelschoß,
3247458,2815138,Waldbreitbach,
3247458,2808204,Windhagen,
3247458,2806959,Woldert,
3247459,2886946,Koblenz,
3247460,2959489,Adenau,
3247460,3207679,Ahrbrück,Ahrbrueck
3247460,2957883,Altenahr,
3247460,2955868,Antweiler,
3247460,2955662,Aremberg,
3247460,2953536,Bad Breisig,
3247460,2953391,Bad Neuenahr-Ahrweiler,
3247460,2952322,Barweiler,
3247460,2952049,Bauler,
3247460,2950721,Berg,
3247460,2944300,Brenk,
3247460,3209903,Brohl-Lützing,
3247460,2941413,Burgbrohl,
3247460,2939019,Dankerath,
3247460,2938618,Dedenbach,
3247460,2938068,Dernau,
3247460,2935538,Dorsel,
3247460,2934624,Dümpelfeld,
3247460,2932379,Eichenbach,
3247460,2923936,Fuchshofen,
3247460,2923234,Galenberg,
3247460,2920009,Glees,
3247460,2919103,Gönnersdorf,
3247460,2910289,Harscheid,
3247460,3207733,Heckenbach,
3247460,2905593,Herschbroich,
3247460,2902588,Hoffeld,
3247460,2901640,Hohenleimbach,
3247460,2899384,Honerath,
3247460,2899327,Hönningen,
3247460,2897715,Hümmel,
3247460,2895908,Insul,
3247460,2893859,Kalenborn,
3247460,2893622,Kaltenborn,
3247460,2891640,Kempenich,
3247460,2891404,Kesseling,
3247460,9320468,Kirchsahr,
3247460,2885884,Königsfeld,Koenigsfeld
3247460,2885180,Kottenborn,
3247460,2879262,Leimbach,
3247460,2877616,Lind,
3247460,2872625,Mayschoß,
3247460,2871431,Meuspath,
3247460,2867816,Müllenbach,
3247460,2867412,Müsch,
3247460,2863505,Niederdürenbach,
3247460,2862696,Niederzissen,
3247460,2861653,Nürburg,
3247460,2861038,Oberdürenbach,
3247460,2858437,Oberzissen,
3247460,2857673,Ohlenhard,
3247460,2852745,Pomster,
3247460,2851338,Quiddelbach,
3247460,2849754,Rech,
3247460,2848914,Reifferscheid,
3247460,2848335,Remagen,
3247460,2840586,Schalkenbach,
3247460,2835990,Schuld,
3247460,2832997,Senscheid,
3247460,2832335,Sierscheid,
3247460,2831852,Sinzig,
3247460,2830591,Spessart,
3247460,2821159,Trierscheid,
3247460,2814840,Waldorf,
3247460,2813787,Wassenach,
3247460,2813259,Wehr,
3247460,2813180,Weibern,
3247460,2810732,Wershofen,
3247460,2809303,Wiesemscheid,
3247460,2808390,Wimbach,
3247460,2807868,Winnerath,
3247460,2807555,Wirft,
3247461,2959658,Acht,
3247461,2958486,Alken,
3247461,2956206,Andernach,
3247461,2955931,Anschau,
3247461,2955619,Arft,
3247461,2952261,Bassenheim,
3247461,2951239,Bell,
3247461,2951111,Bendorf,
3247461,2950121,Bermel,
3247461,2946377,Boos,
3247461,2944155,Brey,
3247461,2943928,Brodenbach,
3247461,2941392,Burgen,
3247461,2937607,Dieblich,
3247461,2936762,Ditscheid,
3247461,2931742,Einig,
3247461,2928605,Ettringen,
3247461,2922604,Gappenach,
3247461,2921093,Gering,
3247461,2920595,Gierschnach,
3247461,2909201,Hatzenport,
3247461,2908688,Hausten,
3247461,2905721,Herresbach,
3247461,2903540,Hirten,
3247461,2893693,Kalt,
3247461,2893572,Kaltenengers,
3247461,2891899,Kehrig,
3247461,2891582,Kerben,
3247461,2891297,Kettig,
3247461,3207753,Kirchwald,
3247461,3207786,Kobern-Gondorf,
3247461,2886321,Kollig,
3247461,2885165,Kottenheim,
3247461,2884312,Kretz,
3247461,2883471,Kruft,
3247461,2881087,Langenfeld,
3247461,2880589,Langscheid,
3247461,2879498,Lehmen,
3247461,2877617,Lind,
3247461,2876484,Löf,
3247461,2875979,Lonnig,
3247461,2874702,Luxem,
3247461,2874622,Macken,
3247461,2872649,Mayen,
3247461,2871979,Mendig,
3247461,2871713,Mertloch,
3247461,2869762,Monreal,
3247461,3207806,Mülheim-Kärlich,Muelheim-Kaerlich
3247461,2867583,Münk,
3247461,2867514,Münstermaifeld,Muenstermaifeld
3247461,2867240,Nachtsheim,
3247461,2866865,Naunheim,
3247461,2863732,Nickenich,
3247461,2863444,Niederfell,
3247461,2862731,Niederwerth,
3247461,2861815,Nörtershausen,
3247461,2860716,Oberfell,
3247461,2858253,Ochtendung,
3247461,2853722,Pillig,
3247461,2853471,Plaidt,
3247461,2852909,Polch,
3247461,2847935,Reudelsterz,
3247461,2847588,Rhens,
3247461,2847240,Rieden,
3247461,2843551,Rüber,
3247461,2842438,Saffig,
3247461,2841573,Sankt Johann,
3247461,2841477,Sankt Sebastian,
3247461,2832736,Siebenbach,
3247461,3207904,Spay,
3247461,2825715,Stromberg,
3247461,2822556,Thür,Thuer
3247461,2821121,Trimbs,
3247461,2818229,Urbar,
3247461,2818184,Urmitz,
3247461,2817909,Vallendar,
3247461,2817146,Virneburg,
3247461,2816639,Volkesfeld,
3247461,2815046,Waldesch,
3247461,2812580,Weiler,
3247461,2811837,Weißenthurm,
3247461,2811652,Weitersburg,
3247461,2811474,Welling,
3247461,2811413,Welschenbach,
3247461,2809402,Wierschem,
3247461,2807859,Winningen,
3247461,2806489,Wolken,
3247462,2958446,Allendorf,
3247462,2957742,Altendiez,
3247462,2955376,Arzbach,
3247462,2954921,Attenhausen,
3247462,2954651,Auel,
3247462,2954054,Aull,
3247462,2953507,Bad Ems,
3247462,2953108,Balduinstein,
3247462,2951788,Becheln,
3247462,2950723,Berg,
3247462,2950475,Berghausen,
3247462,2950055,Berndroth,
3247462,2949729,Bettendorf,
3247462,2949236,Biebrich,
3247462,2948396,Birlenbach,
3247462,2947030,Bogel,
3247462,2946098,Bornich,
3247462,2945136,Braubach,
3247462,2944403,Bremberg,
3247462,2942834,Buch,
3247462,2941166,Burgschwalbach,
3247462,2940190,Charlottenberg,
3247462,2939789,Cramberg,
3247462,2939532,Dachsenhausen,
3247462,2939405,Dahlheim,
3247462,2938711,Dausenau,
3247462,2937953,Dessighofen,
3247462,2937353,Dienethal,
3247462,2937106,Diethardt,
3247462,2937018,Diez,
3247462,2935749,Dörnberg,
3247462,2935677,Dornholzhausen,
3247462,2935546,Dörscheid,Doerscheid
3247462,2935539,Dörsdorf,
3247462,2933865,Ebertshausen,
3247462,2932877,Ehr,
3247462,2931425,Eisighofen,
3247462,2930375,Endlichhofen,
3247462,2929841,Eppenrod,
3247462,2929655,Ergeshausen,
3247462,2929156,Eschbach,
3247462,2928227,Fachbach,
3247462,2926861,Filsen,
3247462,2926419,Flacht,
3247462,2924125,Frücht,
3247462,2921831,Geilnau,
3247462,2921685,Geisig,
3247462,2921393,Gemmerich,
3247462,2913905,Gückingen,
3247462,2913417,Gutenacker,
3247462,2912168,Hahnstätten,
3247462,3207731,Hainau,
3247462,2911362,Hambach,
3247462,2907110,Heistenbach,
3247462,2905886,Herold,
3247462,2904481,Himmighofen,
3247462,2903721,Hirschberg,
3247462,2900027,Holzappel,
3247462,2899767,Holzhausen an der Haide,
3247462,2899716,Holzheim,
3247462,2899481,Hömberg,
3247462,2899025,Horhausen,
3247462,2897281,Hunzel,
3247462,2895631,Isselbach,
3247462,2893546,Kaltenholzhausen,
3247462,2893307,Kamp-Bornhofen,
3247462,2892581,Kasdorf,
3247462,2892192,Katzenelnbogen,
3247462,2892101,Kaub,
3247462,2891948,Kehlbach,
3247462,2891691,Kemmenau,
3247462,2891352,Kestert,
3247462,2887766,Klingelbach,
3247462,2885489,Kördorf,
3247462,2881889,Lahnstein,
3247462,2880926,Langenscheid,
3247462,2880073,Laurenburg,
3247462,2879872,Lautert,
3247462,2877787,Lierschied,
3247462,2876873,Lipporn,
3247462,2876127,Lohrheim,
3247462,2876018,Lollschied,
3247462,2874690,Lykershausen,
3247462,2873588,Marienfels,
3247462,2871225,Miehlen,
3247462,2871212,Miellen,
3247462,2870963,Misselberg,
3247462,3207803,Mittelfischbach,
3247462,2868851,Mudershausen,
3247462,2867037,Nassau,
3247462,2866990,Nastätten,Nastaetten
3247462,2866325,Netzbach,
3247462,2863629,Niederbachheim,
3247462,2863065,Niederneisen,
3247462,2862802,Niedertiefenbach,
3247462,2862763,Niederwallmenach,
3247462,2862440,Nievern,
3247462,2862319,Nochern,
3247462,2861340,Oberbachheim,
3247462,2860701,Oberfischbach,
3247462,2859593,Oberneisen,
3247462,2859543,Obernhof,
3247462,2858784,Obertiefenbach,
3247462,2858665,Oberwallmenach,
3247462,2858543,Oberwies,
3247462,2857929,Oelsberg,
3247462,2856377,Osterspai,
3247462,2855274,Patersberg,
3247462,2852996,Pohl,
3247462,2852313,Prath,
3247462,2849667,Reckenroth,
3247462,2849092,Reichenberg,
3247462,2848353,Reitzenhain,
3247462,2847974,Rettershain,
3247462,2847971,Rettert,
3247462,2844256,Roth,
3247462,2842972,Ruppertshofen,
3247462,2841609,Sankt Goarshausen,
3247462,2841166,Sauerthal,
3247462,2839939,Scheidt,
3247462,2839377,Schiesheim,
3247462,2836913,Schönborn,
3247462,2834569,Schweighausen,
3247462,2833702,Seelbach,
3247462,2831907,Singhofen,
3247462,2827688,Steinsberg,
3247462,2825602,Strüth,
3247462,2824835,Sulzbach,
3247462,2813819,Wasenbach,
3247462,2813021,Weidenbach,
3247462,2812471,Weinähr,Weinaehr
3247462,2812099,Weisel,
3247462,2811378,Welterod,
3247462,2809852,Weyer,
3247462,2808239,Winden,
3247462,2807663,Winterwerb,
3247462,2804155,Zimmerschied,
3247463,2957351,Alterkülz,
3247463,2956772,Altweidelbach,
3247463,2955605,Argenthal,
3247463,2953494,Badenhard,
3247463,2952802,Bärenbach,
3247463,2951261,Belg,
3247463,2951252,Belgweiler,
3247463,2951240,Bell,
3247463,2951151,Beltheim,
3247463,2950901,Benzweiler,
3247463,2950610,Bergenhausen,
3247463,2949589,Beulich,
3247463,2949295,Bickenbach,
3247463,2949249,Biebern,
3247463,2948477,Birkheim,
3247463,2946366,Boppard,
3247463,2945004,Braunshorn,
3247463,2942960,Bubach,
3247463,2942837,Buch,
3247463,2942559,Büchenbeuren,Buechenbeuren
3247463,2942089,Budenbach,
3247463,2939083,Damscheid,
3247463,2937734,Dichtelbach,
3247463,2937686,Dickenschied,
3247463,2937001,Dill,
3247463,2936981,Dillendorf,
3247463,2936281,Dommershausen,
3247463,2935519,Dörth,
3247463,2930996,Ellern,
3247463,2930528,Emmelshausen,
3247463,2929800,Erbach,
3247463,2924195,Fronhofen,
3247463,2922022,Gehlweiler,
3247463,2921380,Gemünden,
3247463,2919579,Gödenroth,
3247463,3207709,Gondershausen,
3247463,2912368,Hahn,
3247463,2911419,Halsenbach,
3247463,2909433,Hasselbach,
3247463,2908967,Hausbay,
3247463,2908460,Hecken,
3247463,2907181,Heinzenbach,
3247463,2906494,Henau,
3247463,2900393,Hollnich,
3247463,2900020,Holzbach,
3247463,2898927,Horn,
3247463,2897428,Hungenroth,
3247463,2893054,Kappel,
3247463,2892986,Karbach,
3247463,2892485,Kastellaun,
3247463,2891889,Keidelheim,
3247463,2890660,Kirchberg (Hunsrück),Kirchberg
3247463,2890208,Kisselbach,
3247463,2887453,Klosterkumbd,
3247463,2887355,Kludenbach,
3247463,2885367,Korweiler,
3247463,2884677,Kratzenburg,
3247463,2882567,Kümbdchen,Kuembdchen
3247463,2881882,Lahr,
3247463,2880311,Laubach,
3247463,2880113,Laufersweiler,
3247463,2879861,Lautzenhausen,
3247463,2879173,Leiningen,
3247463,2877892,Liebshausen,
3247463,2877251,Lindenschied,
3247463,2877078,Lingerhahn,
3247463,2874193,Maisborn,
3247463,2874155,Maitzborn,
3247463,2872955,Mastershausen,
3247463,2871960,Mengerschied,
3247463,2871762,Mermuth,
3247463,2871507,Metzenhausen,
3247463,2871359,Michelbach,
3247463,2869186,Mörschbach,
3247463,2869168,Mörsdorf,Moersdorf
3247463,2869158,Morshausen,
3247463,2867938,Mühlpfad,
3247463,2867315,Mutterschied,
3247463,2867104,Nannhausen,
3247463,2865472,Neuerkirch,
3247463,2863753,Ney,
3247463,2863202,Nieder Kostenz,
3247463,2863555,Niederburg,
3247463,2863198,Niederkumbd,
3247463,2862862,Niedersohren,
3247463,2862811,Niedert,
3247463,2862744,Niederweiler,
3247463,2862164,Norath,
3247463,2860025,Ober Kostenz,
3247463,2858562,Oberwesel,
3247463,2857646,Ohlweiler,
3247463,2857147,Oppertshausen,
3247463,2854813,Perscheid,
3247463,2854253,Pfalzfeld,
3247463,2853242,Pleizenhausen,
3247463,2849816,Ravengiersburg,
3247463,2849789,Raversbeuren,
3247463,2849783,Rayerschied,
3247463,2849656,Reckershausen,
3247463,2849215,Reich,
3247463,2847658,Rheinböllen,
3247463,2847029,Riegenroth,
3247463,2846847,Riesweiler,
3247463,2846093,Rödelhausen,
3247463,2845982,Rödern,
3247463,2845704,Rohrbach,
3247463,2841417,Sargenroth,
3247463,2838504,Schlierschied,
3247463,2837265,Schnorbach,
3247463,2836914,Schönborn,
3247463,2835356,Schwall,
3247463,2835058,Schwarzen,
3247463,2832013,Simmern/Hunsrück,Simmern
3247463,2831634,Sohren,
3247463,2831626,Sohrschied,
3247463,2830593,Spesenroth,
3247463,2841611,St. Goar,Sankt Goar
3247463,2828806,Steinbach,
3247463,2822637,Thörlingen,
3247463,2822432,Tiefenbach,
3247463,2822019,Todenroth,
3247463,2820338,Uhler,
3247463,2818313,Unzenberg,
3247463,2818230,Urbar,
3247463,2817995,Utzenhain,
3247463,2815456,Wahlbach,
3247463,2815436,Wahlenau,
3247463,2809675,Wiebelsheim,
3247463,2806244,Womrath,
3247463,2806205,Woppenroth,
3247463,2805652,Würrich,
3247463,2805581,Wüschheim,
3247463,2804208,Zilshausen,
3247464,2958539,Alf,
3247464,2958522,Alflen,
3247464,2957043,Altlay,
3247464,2956809,Altstrimmig,
3247464,2954704,Auderath,
3247464,2953543,Bad Bertrich,
3247464,2951345,Beilstein,
3247464,2949562,Beuren,
3247464,2948782,Binningen,
3247464,2948046,Blankenrath,
3247464,2945615,Brachtendorf,
3247464,2944335,Bremm,
3247464,2944146,Briedel,
3247464,2944143,Brieden,
3247464,2944142,Briedern,
3247464,2943897,Brohl,
3247464,3207690,Bruttig-Fankel,
3247464,2942688,Büchel,Buechel
3247464,2941826,Bullay,
3247464,2939949,Cochem,
3247464,2936462,Dohr,
3247464,2934599,Dünfus,
3247464,2934594,Düngenheim,Duengenheim
3247464,3207699,Ediger-Eller,
3247464,3207703,Ellenz-Poltersdorf,
3247464,2929859,Eppenberg,
3247464,2929350,Ernst,
3247464,2928422,Eulgem,
3247464,2928084,Faid,
3247464,2926855,Filz,
3247464,2922770,Gamlen,
3247464,2920749,Gevenich,
3247464,2920414,Gillenbeuren,
3247464,2917774,Greimersburg,
3247464,2917706,Grenderich,
3247464,2911306,Hambuch,
3247464,2909587,Haserich,
3247464,2908992,Hauroth,
3247464,2905251,Hesweiler,
3247464,2896548,Illerich,
3247464,2894085,Kaifenheim,
3247464,2894081,Kail,
3247464,2894007,Kaisersesch,
3247464,2893860,Kalenborn,
3247464,2887816,Kliding,
3247464,2887385,Klotten,
3247464,2881541,Landkern,
3247464,2880310,Laubach,
3247464,2879280,Leienkaul,
3247464,2877863,Lieg,
3247464,2877773,Liesenich,
3247464,2874778,Lütz,
3247464,2874728,Lutzerath,
3247464,2873049,Masburg,
3247464,2871648,Mesenich,
3247464,2870534,Mittelstrimmig,
3247464,2869741,Möntenich,
3247464,2869238,Moritzheim,
3247464,2869076,Moselkern,
3247464,2868862,Müden,Mueden
3247464,2867817,Müllenbach,Muellenbach
3247464,2866714,Neef,
3247464,2866631,Nehren,
3247464,2855556,Panzweiler,
3247464,3225056,Peterswald-Löffelscheid,
3247464,2852758,Pommern,
3247464,2851689,Pünderich,Puenderich
3247464,2848954,Reidenhausen,
3247464,2845894,Roes,
3247464,2841673,Sankt Aldegund,
3247464,2840129,Schauren,
3247464,2837719,Schmitt,
3247464,2833034,Senheim,
3247464,2830910,Sosberg,
3247464,2823579,Tellig,
3247464,2821362,Treis-Karden,
3247464,2820249,Ulmen,
3247464,2818186,Urmersbach,
3247464,2818164,Urschmitt,
3247464,2817894,Valwig bei Cochem,Valwig
3247464,2815513,Wagenhausen,
3247464,2814748,Walhausen,
3247464,2812582,Weiler,
3247464,2807551,Wirfus,
3247464,2806380,Wollmerath,
3247464,2804882,Zell,
3247464,2804684,Zettingen,
3247465,2874225,Mainz,
3247466,2955732,Appenheim,
3247466,2955053,Aspisheim,
3247466,2953702,Bacharach,
3247466,2953492,Badenheim,
3247466,2948825,Bingen am Rhein,
3247466,2947133,Bodenheim,
3247466,2944448,Breitscheid,
3247466,2942938,Bubenheim,
3247466,2942087,Budenheim,
3247466,2939321,Dalheim,
3247466,2937768,Dexheim,
3247466,2937349,Dienheim,
3247466,2936403,Dolgesheim,
3247466,2935725,Dorn-Dürkheim,
3247466,2931815,Eimsheim,
3247466,2930210,Engelstadt,
3247466,2928793,Essenheim,
3247466,2924381,Friesenheim,
3247466,2922309,Gau-Algesheim,
3247466,2922304,Gau-Bischofsheim,
3247466,2921314,Gensingen,
3247466,2917157,Grolsheim,
3247466,2913598,Guntersblum,
3247466,2912195,Hahnheim,
3247466,2909968,Harxheim,
3247466,2904692,Hillesheim,
3247466,2898723,Horrweiler,
3247466,2896020,Ingelheim am Rhein,
3247466,2894581,Jugenheim,
3247466,2887987,Klein-Winternheim,
3247466,2886006,Köngernheim,
3247466,2875868,Lörzweiler,
3247466,2875357,Ludwigshöhe,
3247466,2873820,Manubach,
3247466,2869931,Mommenheim,
3247466,2867511,Münster-Sarmsheim,Muenster-Sarmsheim
3247466,2867229,Nackenheim,
3247466,2863326,Nieder-Hilbersheim,
3247466,2863014,Nieder-Olm,
3247466,2863341,Niederheimbach,
3247466,2862485,Nierstein,
3247466,2860335,Ober-Hilbersheim,
3247466,2859481,Ober-Olm,
3247466,2861111,Oberdiebach,
3247466,2860372,Oberheimbach,
3247466,2858239,Ockenheim,
3247466,2857167,Oppenheim,
3247466,2835512,Schwabenheim,
3247466,2833129,Selzen,
3247466,2830959,Sörgenloch,
3247466,2830080,Sprendlingen,
3247466,2841574,St. Johann / Rheinhessen,Sankt Johann
3247466,3272454,Stadecken-Elsheim,
3247466,2821408,Trechtingshausen,
3247466,2820457,Uelversheim,
3247466,2820150,Undenheim,
3247466,2815605,Wackernheim,
3247466,2815186,Waldalgesheim,
3247466,2812584,Weiler,
3247466,2812164,Weinolsheim,
3247466,2811562,Welgesheim,
3247466,2807693,Wintersheim,
3247466,2806596,Wolfsheim,
3247466,2803882,Zornheim,
3247466,2803857,Zotzenheim,
3247467,2806142,Worms,
3247900,2894003,Kaiserslautern,
3247901,2959486,Adenbach,
3247901,2958641,Albessen,
3247901,2957681,Altenglan,
3247901,2957570,Altenkirchen,
3247901,2955250,Aschbach,
3247901,2951632,Bedesbach,
3247901,2947958,Blaubach,
3247901,2946025,Börsborn,
3247901,2945902,Bosenbach,
3247901,2944716,Breitenbach,
3247901,2943488,Brücken,Bruecken
3247901,2942914,Buborn,
3247901,2939731,Cronenberg,
3247901,2938457,Deimberg,
3247901,2938212,Dennweiler-Frohnbach,
3247901,2936706,Dittweiler,
3247901,2934529,Dunzweiler,
3247901,2932764,Ehweiler,
3247901,2931703,Einöllen,Einoellen
3247901,2930613,Elzweiler,
3247901,2929720,Erdesbach,
3247901,2928743,Eßweiler,
3247901,2928692,Etschberg,
3247901,2926013,Föckelberg,
3247901,2924258,Frohnhofen,
3247901,2920325,Ginsweiler,
3247901,2920197,Glan-Münchweiler,
3247901,2917466,Gries,
3247901,2914543,Grumbach,
3247901,2909908,Haschbach am Remigiusberg,
3247901,2908676,Hausweiler,
3247901,2908259,Hefersweiler,
3247901,2907175,Heinzenhausen,
3247901,2906155,Herchweiler,
3247901,2905754,Herren-Sulzbach,
3247901,2905581,Herschweiler-Pettersheim,
3247901,2903860,Hinzweiler,
3247901,2901578,Hohenöllen,
3247901,2899482,Homberg,
3247901,2899138,Hoppstädten,
3247901,2898715,Horschbach,
3247901,2898031,Hüffler,
3247901,2894924,Jettenbach,
3247901,2893024,Kappeln,
3247901,2890277,Kirrweiler,
3247901,2885722,Konken,
3247901,2885504,Körborn,
3247901,3207528,Kreimbach-Kaulbach,
3247901,2883544,Krottelbach,
3247901,2882265,Kusel,
3247901,2881243,Langenbach,
3247901,2880537,Langweiler,
3247901,2879895,Lauterecken,
3247901,2876158,Lohnweiler,
3247901,2872880,Matzenbach,
3247901,2872562,Medard,
3247901,2871670,Merzweiler,
3247901,2867098,Nanzdietschweiler,
3247901,2866472,Nerzweiler,
3247901,2864421,Neunkirchen am Potzberg,
3247901,2863672,Niederalben,
3247901,2862845,Niederstaufenbach,
3247901,2861624,Nußbach,
3247901,2861448,Oberalben,
3247901,2858965,Oberstaufenbach,
3247901,2858601,Oberweiler im Tal,
3247901,3207533,Oberweiler-Tiefenbach,
3247901,2858145,Odenbach,
3247901,3207535,Offenbach-Hundheim,
3247901,2857643,Ohmbach,
3247901,2854151,Pfeffelbach,
3247901,2851322,Quirnbach,
3247901,2850663,Rammelsbach,
3247901,2850176,Rathsweiler,
3247901,2849232,Rehweiler,
3247901,2848962,Reichweiler,
3247901,2848665,Reipoltskirchen,
3247901,2848337,Relsberg,
3247901,2843858,Rothselberg,
3247901,2842796,Ruthweiler,
3247901,2842785,Rutsweiler an der Lauter,
3247901,2841557,Sankt Julian,
3247901,2839791,Schellweiler,
3247901,3207540,Schönenberg-Kübelberg,Schoenenberg-Kuebelberg
3247901,2833264,Selchenbach,
3247901,2823052,Thallichtenberg,
3247901,2822894,Theisbergstegen,
3247901,2820240,Ulmet,
3247901,2819285,Unterjeckenbach,
3247901,2815369,Wahnwegen,
3247901,2814851,Waldmohr,
3247901,2811575,Welchweiler,
3247901,2809119,Wiesweiler,
3247901,2806523,Wolfstein,
3247902,2846717,Rimschweiler,
3247902,2803620,Zweibrücken,Zweibruecken
3247903,2853574,Pirmasens,
3247904,2957113,Althornbach,
3247904,2952202,Battweiler,
3247904,2951763,Bechhofen,
3247904,2949217,Biedershausen,
3247904,2947463,Bobenthal,
3247904,2945787,Bottenbach,
3247904,2943546,Bruchweiler-Bärenbach,
3247904,2941690,Bundenthal,
3247904,2940733,Busenberg,
3247904,2940003,Clausen,
3247904,2939870,Contwig,
3247904,2939370,Dahn,
3247904,2938880,Darstein,
3247904,2938351,Dellfeld,
3247904,2937071,Dietrichingen,
3247904,2936955,Dimbach,
3247904,2936189,Donsieders,
3247904,2929858,Eppenbrunn,
3247904,2929665,Erfweiler,
3247904,2926638,Fischbach,
3247904,2921746,Geiselberg,
3247904,2916896,Großbundenbach,
3247904,2915004,Großsteinhausen,
3247904,2909129,Hauenstein,
3247904,2906634,Heltersberg,
3247904,2905946,Hermersberg,
3247904,2905594,Herschberg,
3247904,2905231,Hettenhausen,
3247904,2904619,Hilst,
3247904,2903908,Hinterweidenthal,
3247904,3207524,Hirschthal,
3247904,2902065,Höheinöd,Hoeheinoed
3247904,2902064,Höheischweiler,
3247904,2901006,Höhfröschen,
3247904,2899113,Horbach,
3247904,2898902,Hornbach,
3247904,2892549,Käshofen,
3247904,2889645,Kleinbundenbach,
3247904,2888172,Kleinsteinhausen,
3247904,2887061,Knopp-Labach,
3247904,2884940,Krähenberg,
3247904,2883584,Kröppen,
3247904,2879242,Leimen,
3247904,2878948,Lemberg,
3247904,2875321,Ludwigswinkel,
3247904,2875292,Lug,
3247904,2872962,Maßweiler,
3247904,2872739,Mauschbach,
3247904,2871703,Merzalben,
3247904,2867626,Münchweiler an der Rodalb,Muenchweiler an der Rodalb
3247904,2862899,Niederschlettenbach,
3247904,2861755,Nothweiler,
3247904,2861662,Nünschweiler,Nuenschweiler
3247904,2859545,Obernheim-Kirchenarnbach,
3247904,2859012,Obersimten,
3247904,2854707,Petersberg,
3247904,2848933,Reifenberg,
3247904,2847263,Riedelberg,
3247904,3207537,Rieschweiler-Mühlbach,Rieschweiler-Muehlbach
3247904,2846158,Rodalben,
3247904,2844956,Rosenkopf,
3247904,2843145,Rumbach,
3247904,2842964,Ruppertsweiler,
3247904,2842666,Saalstadt,
3247904,2840169,Schauerberg,
3247904,2839124,Schindhard,
3247904,2838101,Schmalenberg,
3247904,2837720,Schmitshausen,
3247904,2835248,Schwanheim,
3247904,2834415,Schweix,
3247904,2830409,Spirkelbach,
3247904,2828879,Steinalben,
3247904,2823137,Thaleischweiler-Fröschen,
3247904,2820912,Trulben,
3247904,2817168,Vinningen,
3247904,2815032,Waldfischbach-Burgalben,
3247904,2814577,Wallhalben,
3247904,2814471,Walshausen,
3247904,2810673,Weselberg,
3247904,2809357,Wiesbach,
3247904,2808792,Wilgartswiesen,
3247904,2807824,Winterbach,
3247905,2881646,Landau in der Pfalz,
3247906,8642861,Lachen-Speyerdorf,
3247906,2864054,Neustadt an der Weinstraße,Neustadt
3247907,2951206,Bellheim,
3247907,2950731,Berg,
3247907,2929507,Erlenbach,
3247907,2925249,Freckenfeld,
3247907,2925047,Freisbach,
3247907,2921034,Germersheim,
3247907,2912577,Hagenbach,
3247907,2909204,Hatzenbühl,
3247907,2899058,Hördt,
3247907,2894855,Jockgrim,
3247907,2893244,Kandel,
3247907,2887141,Knittelsheim,
3247907,2883005,Kuhardt,
3247907,2879230,Leimersheim,
3247907,2877082,Lingenfeld,
3247907,2874978,Lustadt,
3247907,2871020,Minfeld,
3247907,2866074,Neuburg,
3247907,2864356,Neupotz,
3247907,2856000,Ottersheim,
3247907,2847595,Rheinzabern,
3247907,2843146,Rülzheim,Ruelzheim
3247907,2840016,Scheibenhardt,
3247907,2834611,Schwegenheim,
3247907,2827615,Steinweiler,
3247907,2816557,Vollmersweiler,
3247907,2812196,Weingarten,
3247907,2810125,Westheim,
3247907,2808241,Winden,
3247907,2806081,Wörth am Rhein,Woerth am Rhein
3247907,2804951,Zeiskam,
3247908,2830582,Speyer,
3247909,2956891,Altrip,
3247909,2951327,Beindersheim,
3247909,2948570,Birkenheide,
3247909,2947465,Bobenheim-Roxheim,
3247909,3272463,Böhl-Iggelheim,
3247909,3272455,Dannstadt-Schauernheim,
3247909,2934737,Dudenhofen,
3247909,2923503,Fußgönheim,
3247909,2915226,Großniedesheim,
3247909,2910881,Hanhofen,
3247909,2910121,Harthausen,
3247909,2905299,Heßheim,
3247909,2905069,Heuchelheim bei Frankenthal,
3247909,3272464,Hochdorf-Assenheim,
3247909,2888441,Kleinniedesheim,
3247909,2881767,Lambsheim,
3247909,2877647,Limburgerhof,
3247909,2872686,Maxdorf,
3247909,2867310,Mutterstadt,
3247909,2864869,Neuhofen,
3247909,2855992,Otterstadt,
3247909,3272457,Rödersheim-Gronau,
3247909,2839335,Schifferstadt,
3247909,2814795,Waldsee,
3247910,2875376,Ludwigshafen am Rhein,
3247911,2932871,Ehrang,
3247911,2895755,Irsch,
3247911,2823992,Tarforst,
3247911,2821164,Trier,
3247912,2956893,Altrich,
3247912,2955645,Arenrath,
3247912,2951894,Bausendorf,
3247912,2951095,Bengel,
3247912,2950314,Berglicht,
3247912,2950233,Bergweiler,
3247912,2949998,Bernkastel-Kues,
3247912,2949726,Bettenfeld,
3247912,2948759,Binsfeld,
3247912,2945103,Brauneberg,
3247912,2944793,Breit,
3247912,2943668,Bruch,
3247912,2942069,Büdlich,
3247912,2941393,Burgen,
3247912,2940926,Burtscheid,
3247912,2937857,Deuselbach,
3247912,2937756,Dhronecken,
3247912,2937532,Diefenbach,
3247912,2937275,Dierfeld,
3247912,2937263,Dierscheid,
3247912,2936521,Dodenburg,
3247912,2935117,Dreis,
3247912,2933587,Eckfeld,
3247912,2931467,Eisenschmitt,
3247912,2930053,Enkirch,
3247912,2929724,Erden,
3247912,2929192,Esch,
3247912,2928698,Etgert,
3247912,2926036,Flußbach,
3247912,2920630,Gielert,
3247912,2920312,Gipperath,
3247912,2920242,Gladbach,
3247912,2918964,Gornhausen,
3247912,2918505,Graach,
3247912,2918342,Gräfendhron,Graefendhron
3247912,2917775,Greimerath,
3247912,2915318,Großlittgen,
3247912,2909912,Hasborn,
3247912,2908439,Heckenmünster,
3247912,2907864,Heidenburg,
3247912,2907703,Heidweiler,
3247912,2905178,Hetzerath,
3247912,2904625,Hilscheid,
3247912,2903038,Hochscheid,
3247912,2899304,Hontheim,
3247912,2899123,Horath,
3247912,2897263,Hupperath,
3247912,2896242,Immert,
3247912,2895791,Irmenach,
3247912,2892940,Karl,
3247912,2891355,Kesten,
3247912,2890873,Kinderbeuern,
3247912,2890845,Kinheim,
3247912,2889975,Klausen,
3247912,2888707,Kleinich,
3247912,2886050,Kommen,
3247912,2883504,Kröv,
3247912,2881500,Landscheid,
3247912,2880132,Laufeld,
3247912,2877771,Lieser,
3247912,2875989,Longkamp,
3247912,2875824,Lösnich,Loesnich
3247912,2875734,Lötzbeuren,
3247912,2875494,Lückenburg,Lueckenburg
3247912,2874137,Malborn,
3247912,2873970,Manderscheid,
3247912,2873460,Maring-Noviand,
3247912,2872500,Meerfeld,
3247912,2871749,Merschbach,
3247912,2871030,Minderlittgen,
3247912,2871016,Minheim,
3247912,2869734,Monzelfeld,
3247912,2869306,Morbach,
3247912,2867844,Mülheim,Muelheim|Mülheim an der Mosel
3247912,2867341,Musweiler,
3247912,2865508,Neuerburg,
3247912,3207532,Neumagen-Dhron,
3247912,2864429,Neunkirchen,
3247912,2863019,Niederöfflingen,
3247912,2862909,Niederscheidweiler,
3247912,2862494,Niersbach,
3247912,2859490,Oberöfflingen,
3247912,2859174,Oberscheidweiler,
3247912,3207536,Osann-Monzel,
3247912,2855563,Pantenburg,
3247912,2853779,Piesport,
3247912,2853350,Platten,
3247912,2853261,Plein,
3247912,2848872,Reil,
3247912,2846308,Rivenich,
3247912,2845175,Rorodt,
3247912,3207539,Salmtal,
3247912,2839005,Schladt,
3247912,2836958,Schönberg,Schoenberg
3247912,2834966,Schwarzenborn,
3247912,2833492,Sehlem,
3247912,2829480,Starkenburg,
3247912,2824297,Talling,
3247912,3204961,Thalfang,
3247912,2821690,Traben-Trarbach,
3247912,2818121,Ürzig,
3247912,2817714,Veldenz,
3247912,2814522,Wallscheid,
3247912,2808487,Willwerscheid,
3247912,2807660,Wintrich,
3247912,2807240,Wittlich,
3247912,3207549,Zeltingen-Rachtig,
3247913,2959340,Affler,
3247913,2958143,Alsdorf,
3247913,2956875,Altscheid,
3247913,2955363,Arzfeld,
3247913,2953894,Auw,
3247913,2953508,Badem,
3247913,2953104,Balesfeld,
3247913,2952050,Bauler,
3247913,2951887,Baustert,
3247913,2951355,Beilingen,
3247913,2950177,Berkoth,
3247913,2949915,Berscheid,
3247913,2949697,Bettingen,
3247913,2949292,Bickendorf,
3247913,2949085,Biersdorf,
3247913,2949075,Biesdorf,
3247913,2948346,Birtlingen,
3247913,2948184,Bitburg,
3247913,2947874,Bleialf,
3247913,2946657,Bollendorf,
3247913,2945216,Brandscheid,
3247913,2944963,Brecht,
3247913,2944076,Brimingen,
3247913,2942481,Buchet,
3247913,2942078,Büdesheim,
3247913,2941597,Burbach,
3247913,2941513,Burg,
3247913,2939505,Dackscheid,
3247913,2939444,Dahlem,
3247913,2939369,Dahnen,
3247913,2939326,Daleiden,
3247913,2938859,Dasburg,
3247913,2938697,Dauwelshausen,
3247913,2936940,Dingdorf,
3247913,2936536,Dockendorf,
3247913,2934747,Dudeldorf,
3247913,2933787,Echternacherbrück,
3247913,2933781,Echtershausen,
3247913,2932904,Ehlenz,
3247913,2931843,Eilscheid,
3247913,2931575,Eisenach,
3247913,2930539,Emmelbaum,
3247913,2929920,Enzen,
3247913,2929307,Ernzen,
3247913,2929002,Eschfeld,
3247913,2928681,Etteldorf,
3247913,2928399,Euscheid,
3247913,2927507,Feilsdorf,
3247913,2927083,Ferschweiler,
3247913,2927016,Feuerscheid,
3247913,3207706,Fischbach-Oberraden,
3247913,2926261,Fleringen,
3247913,2926202,Fließem,
3247913,2921948,Geichlingen,
3247913,2921384,Gemünd,
3247913,2921307,Gentingen,
3247913,2920572,Giesdorf,
3247913,2920381,Gilzem,
3247913,2920350,Gindorf,
3247913,2919120,Gondenbrett,
3247913,2919119,Gondorf,
3247913,2918091,Gransdorf,
3247913,2915443,Großkampenberg,
3247913,2915353,Großlangenfeld,
3247913,2912948,Habscheid,
3247913,2911423,Halsdorf,
3247913,2911243,Hamm,
3247913,2910493,Hargarten,
3247913,2910273,Harspelt,
3247913,2908421,Heckhuscheid,
3247913,2907676,Heilbach,
3247913,2907665,Heilenbach,
3247913,2907153,Heisdorf,
3247913,2906171,Herbstmühle,
3247913,2906119,Herforst,
3247913,3207740,Herzfeld,
3247913,2903489,Hisel,
3247913,2900245,Holsthum,
3247913,2899419,Hommerdingen,
3247913,2898448,Hosten,
3247913,2897028,Hütten,
3247913,2896906,Hütterscheid,
3247913,2896745,Idenheim,
3247913,2896742,Idesheim,
3247913,2896011,Ingendorf,
3247913,2895771,Irrel,
3247913,2895764,Irrhausen,
3247913,2894620,Jucken,
3247913,2892863,Karlshausen,
3247913,2892585,Kaschenbach,
3247913,2891585,Keppeshausen,
3247913,2891470,Kesfeld,
3247913,2891234,Kickeshausen,
3247913,2890827,Kinzenburg,
3247913,2888587,Kleinlangenfeld,
3247913,2885407,Körperich,Koerperich
3247913,2885054,Koxhausen,
3247913,2884611,Krautscheid,
3247913,2883495,Kruchten,
3247913,2882167,Kyllburg,
3247913,2882166,Kyllburgweiler,
3247913,2881883,Lahr,
3247913,2881776,Lambertsberg,
3247913,2880396,Lascheid,
3247913,2880388,Lasel,
3247913,2880079,Lauperath,
3247913,2879307,Leidenborn,
3247913,2879263,Leimbach,
3247913,2878093,Lichtenborn,
3247913,2877792,Lierfeld,
3247913,2877759,Ließem,
3247913,2875117,Lünebach,
3247913,2874716,Lützkampen,
3247913,2874142,Malberg,
3247913,2874139,Malbergweich,
3247913,2873971,Manderscheid,
3247913,2872953,Masthorn,
3247913,2872860,Matzerath,
3247913,2872825,Mauel,
3247913,2872594,Meckel,
3247913,2871915,Menningen,
3247913,2871767,Merlscheid,
3247913,2871621,Messerich,
3247913,2871559,Mettendorf,
3247913,2871549,Metterich,
3247913,2871040,Minden,
3247913,2867868,Mülbach,
3247913,2867297,Mützenich,
3247913,2867279,Muxerath,
3247913,2867050,Nasingen,
3247913,2866955,Nattenheim,
3247913,2866611,Neidenbach,
3247913,2865794,Neuendorf,
3247913,2865047,Neuheilenbach,
3247913,2863419,Niedergeckler,
3247913,2863179,Niederlauch,
3247913,2862995,Niederpierscheid,
3247913,2862980,Niederraden,
3247913,2862842,Niederstedem,
3247913,2862743,Niederweiler,
3247913,2862741,Niederweis,
3247913,2862674,Niehl,
3247913,2862403,Nimshuscheid,
3247913,2862402,Nimsreuland,
3247913,2861631,Nusbaum,
3247913,2860646,Obergeckler,
3247913,2860122,Oberkail,
3247913,2859962,Oberlascheid,
3247913,2859961,Oberlauch,
3247913,2859432,Oberpierscheid,
3247913,2858962,Oberstedem,
3247913,2858602,Oberweiler,
3247913,2858591,Oberweis,
3247913,2857311,Olmscheid,
3247913,2857281,Olsdorf,
3247913,2857260,Olzheim,
3247913,2857098,Orenhofen,
3247913,2857074,Orlenbach,
3247913,2857039,Orsfeld,
3247913,2855069,Peffingen,
3247913,2853897,Philippsheim,
3247913,2853628,Pintesfeld,
3247913,2853528,Pittenbach,
3247913,2853414,Plascheid,
3247913,2853090,Plütscheid,
3247913,2852262,Preischeid,
3247913,2852251,Preist,
3247913,2851894,Pronsfeld,
3247913,2851826,Prüm,Pruem
3247913,2851818,Prümzurlay,
3247913,2848918,Reiff,
3247913,2848673,Reipeldingen,
3247913,2846381,Rittersdorf,
3247913,2845968,Rodershausen,
3247913,2845805,Röhl,
3247913,2845275,Rommersheim,
3247913,2845143,Roscheid,
3247913,2841474,Sankt Thomas,
3247913,2840476,Schankweiler,
3247913,2840375,Scharfbillig,
3247913,2839912,Scheitenkorb,
3247913,2839560,Scheuern,
3247913,2838750,Schleid,
3247913,2836770,Schönecken,
3247913,2834159,Schwirzheim,
3247913,2833541,Seffern,
3247913,2833539,Sefferweich,
3247913,2833332,Seinsfeld,
3247913,2833298,Seiwerath,
3247913,2833196,Sellerich,
3247913,2833047,Sengerich,
3247913,2831870,Sinspelt,
3247913,2830832,Spangdahlem,
3247913,2830674,Speicher,
3247913,2828384,Steinborn,
3247913,2826859,Stockem,
3247913,2825849,Strickscheid,
3247913,2824888,Sülm,
3247913,2821118,Trimport,
3247913,2820591,Übereisenbach,
3247913,2818258,Uppershausen,
3247913,2818115,Usch,
3247913,2855895,Utscheid,
3247913,2814914,Waldhof-Falkenstein,
3247913,2814643,Wallendorf,
3247913,2814596,Wallersheim,
3247913,2813604,Watzerath,
3247913,2813580,Wawern,
3247913,2813573,Waxweiler,
3247913,2812914,Weidingen,
3247913,2812148,Weinsheim,
3247913,2809928,Wettlingen,
3247913,2809401,Wiersdorf,
3247913,2808435,Wilsecker,
3247913,2807851,Winringen,
3247913,2807704,Winterscheid,
3247913,2807685,Winterspelt,
3247913,2807424,Wißmannsdorf,
3247913,2806307,Wolsfeld,
3247913,2804784,Zendscheid,
3247913,2803606,Zweifelscheid,
3247914,2955701,Arbach,
3247914,2952311,Basberg,
3247914,2951321,Beinhausen,
3247914,2950861,Bereborn,
3247914,2950858,Berenbach,
3247914,2950140,Berlingen,
3247914,2950061,Berndorf,
3247914,2949750,Betteldorf,
3247914,2948725,Birgel,
3247914,2948355,Birresborn,
3247914,2947887,Bleckhausen,
3247914,2947155,Bodenbach,
3247914,2946469,Bongard,
3247914,2946198,Borler,
3247914,2945702,Boxberg,
3247914,2943949,Brockscheid,
3247914,2943521,Brücktal,
3247914,2938894,Darscheid,
3247914,2938714,Daun,
3247914,2938301,Demerath,
3247914,2938208,Densborn,
3247914,2937868,Deudesfeld,
3247914,2936528,Dockweiler,
3247914,2936471,Dohm-Lammersdorf,
3247914,2935272,Drees,
3247914,3207698,Dreis-Brück,
3247914,2934519,Duppach,
3247914,2930895,Ellscheid,
3247914,2929190,Esch,
3247914,2926998,Feusdorf,
3247914,2922091,Gefell,
3247914,2921520,Gelenberg,
3247914,2920963,Gerolstein,
3247914,2920413,Gillenfeld,
3247914,2919105,Gönnersdorf,
3247914,2913687,Gunderath,
3247914,2911464,Hallschlag,
3247914,2904691,Hillesheim,
3247914,2903903,Hinterweiler,
3247914,2902987,Höchstberg,Hoechstberg
3247914,3207741,Hohenfels-Essingen,
3247914,2898744,Horperath,
3247914,2898712,Hörscheid,
3247914,2898706,Hörschhausen,Hoerschhausen
3247914,2896253,Immerath,
3247914,2894456,Jünkerath,Juenkerath
3247914,3207747,Kalenborn-Scheuern,
3247914,2893112,Kaperich,
3247914,2892104,Katzwinkel,
3247914,2891846,Kelberg,
3247914,2891510,Kerschenbach,
3247914,2890335,Kirchweiler,
3247914,2890276,Kirsbach,
3247914,2886065,Kolverath,
3247914,2885619,Kopp,
3247914,2885155,Kötterichen,
3247914,2885026,Kradenbach,
3247914,2877786,Lirstal,
3247914,2876842,Lissendorf,
3247914,2873908,Mannebach,
3247914,2872390,Mehren,
3247914,2872195,Meisburg,
3247914,2869107,Mosbruch,
3247914,2868920,Mückeln,
3247914,2867452,Mürlenbach,
3247914,2866626,Neichen,
3247914,2866488,Nerdlen,
3247914,2866477,Neroth,
3247914,2862849,Niederstadtfeld,
3247914,2862344,Nitz,
3247914,2862292,Nohn,
3247914,2861271,Oberbettingen,
3247914,3207885,Oberehe-Stroheich,
3247914,2860925,Oberelz,
3247914,2858971,Oberstadtfeld,
3247914,2857066,Ormont,
3247914,2854992,Pelm,
3247914,2848861,Reimerath,
3247914,2847982,Retterath,
3247914,2847768,Reuth,
3247914,2846209,Rockeskyll,
3247914,2842243,Salm,
3247914,2841403,Sarmersbach,
3247914,2841358,Sassen,
3247914,2841050,Saxler,
3247914,2840575,Schalkenmehren,
3247914,2839997,Scheid,
3247914,2837028,Schönbach,
3247914,2835950,Schüller,
3247914,2835584,Schutz,
3247914,2829762,Stadtkyll,
3247914,2829161,Steffeln,
3247914,2828249,Steineberg,
3247914,2827900,Steiningen,
3247914,2825733,Strohn,
3247914,2825683,Strotzbüsch,Strotzbuesch
3247914,2820496,Üdersdorf,
3247914,2820486,Udler,
3247914,2818152,Uersfeld,
3247914,2820444,Ueß,
3247914,2817990,Utzerath,
3247914,2817980,Üxheim,
3247914,2814650,Wallenborn,
3247914,2814476,Walsdorf,
3247914,2813022,Weidenbach,
3247914,2811578,Welcherath,
3247914,2809341,Wiesbaum,
3249065,2957209,Altforweiler,
3249065,2949851,Berus,
3249065,2948194,Bisten,
3249065,2945730,Bous,
3249065,2936977,Dillingen,
3249065,2930019,Ensdorf,
3249065,2898446,Hostenbach,
3249065,2879832,Lebach,
3249065,2867127,Nalbach,
3249065,2842632,Saarlouis,
3249065,2842621,Saarwellingen,
3249065,2840734,Schaffhausen,
3249065,2837954,Schmelz,
3249065,2835382,Schwalbach,
3249065,2820583,Überherrn,
3249065,2815559,Wadgassen,
3249065,2814613,Wallerfangen,
3249066,2929865,Eppelborn,
3249066,2910935,Hangard,
3249066,2896538,Illingen,
3249066,2874212,Mainzweiler,
3249066,2871832,Merchweiler,
3249066,2864435,Neunkirchen,
3249066,2855917,Ottweiler,
3249066,2839316,Schiffweiler,
3249066,2830452,Spiesen-Elversberg,
3249067,2949470,Bexbach,
3249067,2947739,Blieskastel,
3249067,2920921,Gersheim,
3249067,2899449,Homburg,
3249067,2890322,Kirkel,
3249067,2841590,Sankt Ingbert,
3249068,2927182,Fenne,
3249068,2924461,Friedrichsthal,
3249068,2923614,Fürstenhausen,Fuerstenhausen
3249068,2915116,Großrosseln,
3249068,2858712,Heidstock,
3249068,2904985,Heusweiler,
3249068,2889709,Kleinblittersdorf,
3249068,2879933,Lauterbach,
3249068,3225156,Ludweiler-Warndt,
3249068,11002725,Luisenthal,
3249068,2851584,Püttlingen,Puettlingen
3249068,2851337,Quierschied,
3249068,2847033,Riegelsberg,
3249068,11002721,Röchling-Höhe,Roechling-Hoehe
3249068,2842647,Saarbrücken,Saarbruecken
3249068,2824841,Sulzbach/Saar,Sulzbach
3249068,2816630,Völklingen,Voelklingen
3249069,2958710,Albersdorf,
3249069,2955592,Arkebek,
3249069,2953852,Averlak,
3249069,2952664,Bargenstedt,
3249069,2952601,Barkenholm,
3249069,2952552,Barlt,
3249069,2950564,Bergewöhrden,
3249069,2944149,Brickeln,
3249069,2943049,Brunsbüttel,Brunsbuettel
3249069,2942345,Buchholz,
3249069,2941628,Bunsoh,
3249069,2941497,Burg,
3249069,2940721,Busenwurth,
3249069,2940669,Büsum,
3249069,2940668,Büsumer Deichhausen,Buesumer Deichhausen
3249069,2938332,Dellstedt,
3249069,2938315,Delve,
3249069,3208294,Diekhusen-Fahrstedt,
3249069,2936930,Dingen,
3249069,2935590,Dörpling,Doerpling
3249069,2933488,Eddelak,
3249069,2933017,Eggstedt,
3249069,2930811,Elpersbüttel,
3249069,2929877,Epenwöhrden,Epenwoehrden
3249069,2927628,Fedderingen,
3249069,2924947,Frestedt,
3249069,2924595,Friedrichsgabekoog,
3249069,2924505,Friedrichskoog,
3249069,2922237,Gaushorn,
3249069,2919750,Glüsing,Gluesing
3249069,2916596,Großenrade,
3249069,2914741,Groven,
3249069,2913892,Gudendorf,
3249069,2908365,Hedwigenkoog,
3249069,2908032,Heide,
3249069,2906766,Hellschen-Heringsand-Unterschaar,
3249069,2906650,Helse,
3249069,2906572,Hemme,
3249069,2906527,Hemmingstedt,
3249069,2906316,Hennstedt,
3249069,2904687,Hillgroven,
3249069,2903298,Hochdonn,
3249069,2900410,Hollingstedt,
3249069,2898372,Hövede,Hoevede
3249069,2896260,Immenstedt,
3249069,2892711,Karolinenkoog,
3249069,2887833,Kleve (Dithmarschen),
3249069,2884391,Krempel,
3249069,2883683,Kronprinzenkoog,
3249069,2883238,Krumstedt,
3249069,2883065,Kuden,
3249069,2879620,Lehe,
3249069,2877747,Lieth,
3249069,2877441,Linden,
3249069,3208554,Lohe-Rickelshof,
3249069,2875130,Lunden,
3249069,2873240,Marne,
3249069,2873237,Marnerdeich,
3249069,2872100,Meldorf,
3249069,2865628,Neuenkirchen,
3249069,2865359,Neufeld,
3249069,2865347,Neufelderkoog,
3249069,2862389,Nindorf,
3249069,2862135,Norddeich,
3249069,2862065,Norderheistedt,
3249069,2862011,Norderwöhrden,
3249069,2861988,Nordhastedt,
3249069,2858154,Odderade,
3249069,2856619,Oesterdeichstrich,
3249069,3208559,Oesterwurth,
3249069,2857797,Offenbüttel,Offenbuettel
3249069,2856396,Osterrade,
3249069,2856203,Ostrohe,
3249069,2855704,Pahlen,
3249069,2851342,Quickborn,
3249069,2850686,Ramhusen,
3249069,2849273,Rehm-Flehde-Bargen,
3249069,2848729,Reinsbüttel,Reinsbuettel
3249069,2841663,Sankt Annen,
3249069,2841509,Sankt Michaelisdonn,St. Michaelisdonn
3249069,2841383,Sarzbüttel,
3249069,2840643,Schafstedt,
3249069,2840566,Schalkholz,
3249069,2838559,Schlichting,
3249069,3213222,Schmedeswurth,
3249069,2836039,Schrum,
3249069,2835945,Schülp,Schuelp
3249069,2827559,Stelle-Wittenwurth,
3249069,2825681,Strübbel,Struebbel
3249069,2825173,Süderdeich,
3249069,3208569,Süderdorf,
3249069,2825142,Süderhastedt,Suederhastedt
3249069,2825137,Süderheistedt,Suederheistedt
3249069,2823578,Tellingstedt,
3249069,3208572,Tensbüttel-Röst,
3249069,2821330,Trennewurth,
3249069,2814655,Wallen,
3249069,2813468,Weddingstedt,
3249069,2811439,Welmbüttel,
3249069,2811094,Wennbüttel,
3249069,2810619,Wesselburen,
3249069,2810618,Wesselburener Deichhausen,
3249069,2810617,Wesselburenerkoog,
3249069,2810608,Wesseln,
3249069,2810428,Westerborstel,
3249069,2810399,Westerdeichstrich,
3249069,2809463,Wiemerstedt,
3249069,2808275,Windbergen,
3249069,2807001,Wöhrden,
3249069,2806346,Wolmersdorf,
3249069,2805988,Wrohm,
3249070,2930826,Elmschenhagen,
3249070,2924491,Friedrichsort,
3249070,2909391,Hasseldieksdamm,
3249070,2891122,Kiel,
3249070,2839258,Schilksee,
3249071,2875601,Lübeck,Luebeck
3249072,11668503,Böcklersiedlung-Bugenhagen,Boecklersiedlung-Bugenhagen
3249072,12216686,Brachenfeld-Ruthenberg,
3249072,2931779,Einfeld,
3249072,11668501,Faldera,
3249072,2923407,Gadeland,
3249072,11668502,Gartenstadt,
3249072,2864475,Neumünster,Neumuenster
3249072,2820791,Tungendorf,
3249072,2807212,Wittorf,
3249073,2959621,Achtrup,
3249073,3208535,Ahrenshöft,Ahrenshoeft
3249073,2959053,Ahrenviöl,
3249073,2959052,Ahrenviölfeld,
3249073,2958479,Alkersum,
3249073,2958251,Almdorf,
3249073,2955570,Arlewatt,
3249073,2953866,Aventoft,
3249073,2952630,Bargum,
3249073,2951472,Behrendorf,
3249073,2946926,Bohmstedt,
3249073,2946488,Bondelum,
3249073,3208539,Bordelum,
3249073,2946244,Borgsum,
3249073,2945942,Bosbüll,
3249073,2945581,Braderup,
3249073,2945465,Bramstedtlund,
3249073,2944879,Bredstedt,
3249073,2944426,Breklum,
3249073,2939489,Dagebüll,
3249073,2935373,Drage,
3249073,2935056,Drelsdorf,
3249073,2934543,Dunsum,
3249073,2931152,Elisabeth-Sophien-Koog,
3249073,2930946,Ellhöft,
3249073,3208543,Emmelsbüll-Horsbüll,
3249073,2924956,Fresendelf,
3249073,2924434,Friedrich-Wilhelm-Lübke-Koog,
3249073,2924477,Friedrichstadt,
3249073,3208545,Galmsbüll,Galmsbuell
3249073,2922571,Garding,
3249073,2919347,Goldebek,
3249073,2919343,Goldelund,
3249073,2917198,Gröde,
3249073,2914769,Grothusenkoog,
3249073,2909762,Haselund,
3249073,2909222,Hattstedt,
3249073,2909220,Hattstedtermarsch,
3249073,2902316,Högel,
3249073,2900337,Holm,
3249073,3208549,Hooge,
3249073,2898758,Hörnum,Hoernum
3249073,2898607,Horstedt,
3249073,2898076,Hude,
3249073,2897635,Humptrup,
3249073,2897132,Husum,
3249073,2896259,Immenstedt,
3249073,2894734,Joldelund,
3249073,2893295,Kampen,
3249073,2892774,Karlum,
3249073,2892406,Katharinenheerd,
3249073,2891848,Keitum,
3249073,2890086,Klanxbüll,Klanxbuell
3249073,2887629,Klixbüll,Klixbuell
3249073,2886419,Koldenbüttel,
3249073,2886392,Kolkerheide,
3249073,2885092,Kotzenbüll,
3249073,2881984,Ladelund,
3249073,2881091,Langeneß,
3249073,2881019,Langenhorn,
3249073,2879758,Leck,
3249073,2878204,Lexgaard,
3249073,2876837,List auf Sylt,List
3249073,2875659,Löwenstedt,Loewenstedt
3249073,2874911,Lütjenholm,Luetjenholm
3249073,2871243,Midlum,
3249073,2871130,Mildstedt,
3249073,2869146,Morsum,
3249073,2866826,Nebel,
3249073,2864735,Neukirchen,
3249073,2863698,Nieblum,
3249073,2863696,Niebüll,Niebuell
3249073,2862131,Norddorf,
3249073,2861820,Norstedt,
3249073,2858231,Ockholm,
3249073,2855862,Oevenum,
3249073,2857410,Oldenswort,
3249073,2857407,Oldersbek,
3249073,2857399,Olderup,
3249073,3208561,Oldsum auf Föhr,Oldsum
3249073,2856765,Ostenfeld,
3249073,2856398,Oster-Ohrstedt,
3249073,2856548,Osterhever,
3249073,2854996,Pellworm,
3249073,2852675,Poppenbüll,
3249073,2850544,Ramstedt,
3249073,2850422,Rantrum,
3249073,2850420,Rantum,
3249073,2847883,Reußenköge,
3249073,3208565,Risum-Lindholm,
3249073,2846069,Rodenäs,
3249073,2841484,Sankt Peter-Ording,
3249073,2837236,Schobüll,Schobuell
3249073,2835467,Schwabstedt,
3249073,2834249,Schwesing,
3249073,2833575,Seeth,
3249073,2831985,Simonsberg,
3249073,2831500,Sollwitt,
3249073,2831240,Sönnebüll,
3249073,2830132,Sprakebüll,Sprakebuell
3249073,2829731,Stadum,
3249073,2829219,Stedesand,
3249073,2825647,Struckum,
3249073,2825158,Süderende,
3249073,2825130,Süderhöft,
3249073,2825108,Süderlügum,Suederluegum
3249073,2823936,Tating,
3249073,2823403,Tetenbüll,
3249073,2822121,Tinningstedt,
3249073,2822118,Tinnum,
3249073,2821878,Tönning,Toenning
3249073,2820805,Tümlauer Koog,
3249073,2820203,Uelvesbüll,
3249073,2818276,Uphusum,
3249073,2818066,Utersum,
3249073,2817154,Viöl,
3249073,2816576,Vollerwiek,
3249073,2816547,Vollstedt,
3249073,2811384,Welt,
3249073,2810214,Wester-Ohrstedt,
3249073,2810335,Westerhever,
3249073,2810306,Westerholz,
3249073,2810284,Westerland,
3249073,2810058,Westre,
3249073,2807864,Winnert,
3249073,2807497,Wisch,
3249073,2807395,Witsum auf Föhr,Witsum
3249073,2807388,Wittbek,
3249073,2807381,Wittdün,
3249073,2807143,Witzwort,
3249073,2807136,Wobbenbüll,
3249073,2805992,Wrixum,
3249073,2805396,Wyk auf Föhr,Wyk auf Foehr|Wyck
3249074,2959084,Ahrensbök,
3249074,2957557,Altenkrempe,
3249074,2953347,Bad Schwartau,
3249074,2949827,Beschendorf,
3249074,2945945,Bosau,
3249074,2939387,Dahme,
3249074,2939208,Damlos,
3249074,2928381,Eutin,
3249074,8051091,Fehmarn,
3249074,2919514,Göhl,Goehl
3249074,2917724,Gremersdorf,
3249074,2917150,Grömitz,
3249074,2916655,Großenbrode,
3249074,2914642,Grube,
3249074,2910390,Harmsdorf,
3249074,2907589,Heiligenhafen,
3249074,2906078,Heringsdorf,
3249074,2894366,Kabelhorst,
3249074,2892520,Kasseedorf,
3249074,2891814,Kellenhusen,
3249074,2878773,Lensahn,
3249074,2874111,Malente,Bad Malente|Malente / Schleswig-Holst.
3249074,2873929,Manhagen,
3249074,2864738,Neukirchen,
3249074,2864034,Neustadt in Holstein,
3249074,2857451,Oldenburg in Holstein,
3249074,2850235,Ratekau,
3249074,2846946,Riepsdorf,
3249074,2840393,Scharbeutz,
3249074,2840232,Schashagen,
3249074,2836438,Schönwalde am Bungsberg,
3249074,2832338,Sierksdorf,
3249074,2826861,Stockelsdorf,
3249074,2824564,Süsel,Suesel
3249074,2822160,Timmendorfer Strand,
3249074,2814287,Wangels,
3249075,2959628,Achterwehr,
3249075,2958016,Alt Duvenstedt,
3249075,2957599,Altenhof,
3249075,2957588,Altenholz,
3249075,2955415,Arpsdorf,
3249075,2955222,Ascheffel,
3249075,3208536,Aukrug,
3249075,2952639,Bargstall,
3249075,2952636,Bargstedt,
3249075,2952605,Barkelsby,
3249075,2951266,Beldorf,
3249075,2951110,Bendorf,
3249075,2950214,Beringstedt,
3249075,2948219,Bissee,
3249075,2947513,Blumenthal,
3249075,2946891,Böhnhusen,
3249075,2946798,Bokel,
3249075,2946321,Bordesholm,
3249075,2946296,Borgdorf-Seedorf,
3249075,2946247,Borgstedt,
3249075,3208540,Bornholt,
3249075,2945729,Bovenau,
3249075,2945487,Brammer,
3249075,2944915,Bredenbek,
3249075,2944812,Breiholz,
3249075,2944431,Brekendorf,
3249075,2944071,Brinjahe,
3249075,2943922,Brodersby,
3249075,2943350,Brügge,Bruegge
3249075,2942093,Büdelsdorf,Buedelsdorf
3249075,2941629,Bünsdorf,
3249075,2940068,Christiansholm,
3249075,2939230,Damendorf,
3249075,2939088,Damp,
3249075,2939032,Dänischenhagen,Daenischenhagen
3249075,2938787,Dätgen,
3249075,2935594,Dörphof,
3249075,2933627,Eckernförde,Eckernfoerde
3249075,2932887,Ehndorf,
3249075,2931497,Eisendorf,
3249075,2931008,Ellerdorf,
3249075,2930771,Elsdorf-Westermühlen,
3249075,2930599,Embühren,
3249075,2930550,Emkendorf,
3249075,2927430,Felde,
3249075,2927236,Felm,
3249075,2926339,Fleckeby,
3249075,2926178,Flintbek,
3249075,2926017,Fockbek,
3249075,2924593,Friedrichsgraben,
3249075,2924515,Friedrichsholm,
3249075,2922768,Gammelby,
3249075,2920776,Gettorf,
3249075,2919648,Gnutz,
3249075,2919460,Gokels,
3249075,2919081,Goosefeld,
3249075,2917936,Grauel,
3249075,2917530,Grevenkrug,
3249075,2916903,Groß Buchwald,
3249075,2914902,Groß Vollstedt,
3249075,2914836,Groß Wittensee,
3249075,2913913,Güby,
3249075,2913200,Haale,
3249075,2912943,Haby,
3249075,2911282,Hamdorf,
3249075,2911010,Hamweddel,
3249075,2910949,Hanerau-Hademarschen,
3249075,2909304,Haßmoor,
3249075,2907270,Heinkenborstel,
3249075,2902587,Hoffeld,
3249075,2901348,Hohenwestedt,
3249075,2900899,Hohn,
3249075,2900079,Holtsee,
3249075,2899970,Holzbunge,
3249075,2899959,Holzdorf,
3249075,2898591,Hörsten,
3249075,2897692,Hummelfeld,
3249075,2897020,Hütten,
3249075,2895271,Jahrsdorf,
3249075,2894899,Jevenstedt,
3249075,2892974,Karby,
3249075,2887981,Klein Wittensee,
3249075,2885813,Königshügel,
3249075,2885350,Kosel,
3249075,2883827,Krogaspe,
3249075,2883647,Kronshagen,
3249075,2883247,Krummwisch,
3249075,2880546,Langwedel,
3249075,2877545,Lindau,
3249075,2876306,Lohe-Föhrden,
3249075,2875965,Loop,
3249075,2875951,Loose,
3249075,2875221,Luhnstedt,
3249075,2874900,Lütjenwestedt,
3249075,2872470,Meezen,
3249075,2872031,Melsdorf,
3249075,2871213,Mielkendorf,
3249075,2870079,Molfsee,
3249075,2869290,Mörel,
3249075,2868791,Mühbrook,Muehbrook
3249075,2866663,Negenharrie,
3249075,2865904,Neu Duvenstedt,
3249075,2865945,Neudorf-Bornstein,
3249075,2863810,Neuwittenbek,
3249075,2862625,Nienborstel,
3249075,2862388,Nindorf,
3249075,2862304,Noer,
3249075,2861804,Nortorf,
3249075,2861714,Nübbel,
3249075,2857447,Oldenbüttel,
3249075,2857416,Oldenhütten,
3249075,2856917,Osdorf,
3249075,2856766,Ostenfeld,
3249075,2856636,Osterby,
3249075,2856390,Osterrönfeld,
3249075,2856374,Osterstedt,
3249075,2856110,Ottendorf,
3249075,2855820,Owschlag,
3249075,2855747,Padenstedt,
3249075,2852019,Prinzenmoor,
3249075,2851502,Quarnbek,
3249075,2851086,Rade bei Hohenwestedt,
3249075,2851085,Rade bei Rendsburg,Rade
3249075,2849541,Reesdorf,
3249075,2848302,Remmels,
3249075,2848245,Rendsburg,
3249075,2847433,Rickert,
3249075,2846922,Rieseby,
3249075,2846048,Rodenbek,
3249075,2843097,Rumohr,
3249075,2840936,Schacht-Audorf,
3249075,2839413,Schierensee,
3249075,2839109,Schinkel,
3249075,2838040,Schmalstede,
3249075,2837009,Schönbek,
3249075,2836549,Schönhorst,Schoenhorst
3249075,2835953,Schülldorf,
3249075,2835946,Schülp bei Nortorf,
3249075,2835944,Schülp bei Rendsburg,
3249075,2833859,Seefeld,
3249075,2833500,Sehestedt,
3249075,2831058,Sophienhamm,
3249075,2830998,Sören,Soeren
3249075,2829693,Stafstedt,
3249075,2829183,Steenfeld,
3249075,2826277,Strande,
3249075,2824412,Tackesdorf,
3249075,2823997,Tappendorf,
3249075,2823740,Techelsdorf,
3249075,2823218,Thaden,
3249075,2822589,Thumby,
3249075,2822168,Timmaspe,
3249075,2822030,Todenbüttel,
3249075,2820697,Tüttendorf,
3249075,2815812,Waabs,
3249075,2814174,Wapelfeld,
3249075,2814142,Warder,
3249075,2813864,Wasbek,
3249075,2813647,Wattenbek,
3249075,2810505,Westensee,
3249075,2810204,Westerrönfeld,
3249075,2808263,Windeby,
3249075,2807877,Winnemark,
3249076,2956729,Alveslohe,
3249076,2955541,Armstedt,
3249076,2953537,Bad Bramstedt,
3249076,2953341,Bad Segeberg,
3249076,2953232,Bahrenhof,
3249076,2952611,Bark,
3249076,2951809,Bebensee,
3249076,2948866,Bimöhlen,
3249076,2947490,Blunk,
3249076,2946373,Boostedt,
3249076,2946100,Bornhöved,
3249076,2945988,Borstel,
3249076,2941885,Bühnsdorf,Buehnsdorf
3249076,2939330,Daldorf,
3249076,2939079,Damsdorf,
3249076,2935261,Dreggers,
3249076,2931038,Ellerau,
3249076,2928120,Fahrenkrug,
3249076,2927549,Fehrenwohld,
3249076,2925980,Föhrden-Barl,
3249076,2925226,Fredesdorf,
3249076,2923862,Fuhlendorf,
3249076,2920843,Geschendorf,
3249076,2920187,Glasau,
3249076,2919112,Gönnebek,Goennebek
3249076,2915362,Groß Kummerfeld,
3249076,2915223,Groß Niendorf,
3249076,2915121,Groß Rönnau,Gross Roennau
3249076,2916676,Großenaspe,
3249076,2912605,Hagen,
3249076,2910667,Hardebek,
3249076,2910178,Hartenholm,
3249076,2909623,Hasenkrug,
3249076,2909615,Hasenmoor,
3249076,3208299,Heidmoor,
3249076,2907722,Heidmühlen,
3249076,2903445,Hitzhusen,
3249076,2902297,Högersdorf,
3249076,2897054,Hüttblek,
3249076,2895552,Itzstedt,
3249076,2893544,Kaltenkirchen,
3249076,2892325,Kattendorf,
3249076,2891993,Kayhude,
3249076,2890218,Kisdorf,
3249076,2888853,Klein Gladebrügge,
3249076,2888309,Klein Rönnau,Klein Roennau
3249076,2884368,Krems Zwei,
3249076,2882630,Kükels,
3249076,2880355,Latendorf,
3249076,2879666,Leezen,
3249076,2878755,Lentföhrden,
3249076,2869773,Mönkloh,Moenkloh
3249076,2868941,Mözen,
3249076,2867160,Nahe,
3249076,2866657,Negernbötel,
3249076,2866637,Nehms,
3249076,2865721,Neuengörs,
3249076,2863762,Neversdorf,
3249076,2862026,Norderstedt,
3249076,2861537,Nützen,
3249076,2857089,Oering,
3249076,2857042,Oersdorf,
3249076,2851893,Pronstorf,
3249076,2847429,Rickling,
3249076,2840903,Schackendorf,
3249076,2839427,Schieren,
3249076,2838087,Schmalensee,
3249076,2838075,Schmalfeld,
3249076,2834157,Schwissel,
3249076,2833878,Seedorf,
3249076,2832915,Seth,
3249076,2832280,Sievershütten,Sievershuetten
3249076,2826974,Stipsdorf,
3249076,2826679,Stocksee,
3249076,2825641,Strukdorf,
3249076,2825577,Struvenhütten,
3249076,2825266,Stuvenborn,
3249076,2824907,Sülfeld,
3249076,2823993,Tarbek,
3249076,2823486,Tensfeld,
3249076,2822017,Todesfelde,
3249076,2821558,Trappenkamp,
3249076,2821478,Travenhorst,
3249076,3204980,Traventhal,
3249076,2815392,Wahlstedt,
3249076,2815262,Wakendorf Eins,
3249076,2815261,Wakendorf Zwei,
3249076,2813493,Weddelbrook,
3249076,2813442,Weede,
3249076,2811047,Wensin,
3249076,2810208,Westerrade,
3249076,2809468,Wiemersdorf,
3249076,2807844,Winsen,
3249076,2807337,Wittenborn,
3249077,2959908,Aasbüttel,
3249077,2959779,Aebtissinwisch,
3249077,2959308,Agethorst,
3249077,2957532,Altenmoor,
3249077,2953897,Auufer,
3249077,2953234,Bahrenfleth,
3249077,2951435,Beidenfleth,
3249077,2951290,Bekdorf,
3249077,2951276,Bekmünde,
3249077,2949823,Besdorf,
3249077,2947636,Blomesche Wildnis,
3249077,2946782,Bokelrehm,
3249077,2946752,Bokhorst,
3249077,2946015,Borsfleth,
3249077,2944654,Breitenberg,
3249077,2944627,Breitenburg,
3249077,2943851,Brokdorf,
3249077,2943829,Brokstedt,
3249077,2940636,Büttel,
3249077,2940049,Christinenthal,
3249077,2939482,Dägeling,
3249077,2939134,Dammfleth,
3249077,2935374,Drage,
3249077,2933550,Ecklak,
3249077,2930715,Elskop,
3249077,13286470,Engelbrechtsche Wildnis,
3249077,2926448,Fitzbek,
3249077,2919763,Glückstadt,Glueckstadt
3249077,2917532,Grevenkop,
3249077,2917510,Gribbohm,
3249077,2912810,Hadenfeld,
3249077,2907542,Heiligenstedten,
3249077,2907541,Heiligenstedtenerkamp,
3249077,2906317,Hennstedt,
3249077,2905468,Herzhorn,
3249077,2904448,Hingstheide,
3249077,2902810,Hodorf,
3249077,2901984,Hohenaspe,
3249077,2901787,Hohenfelde,
3249077,2901621,Hohenlockstedt,
3249077,2900253,Holstenniendorf,
3249077,2898640,Horst,
3249077,2897881,Huje,
3249077,2895569,Itzehoe,
3249077,2894384,Kaaks,
3249077,2894048,Kaisborstel,
3249077,2891750,Kellinghusen,
3249077,2891212,Kiebitzreihe,
3249077,2887834,Kleve,Kleve (Steinburg)
3249077,2886303,Kollmar,
3249077,2886292,Kollmoor,
3249077,3208304,Krempdorf,
3249077,2884393,Krempe,
3249077,2884380,Kremperheide,
3249077,2884377,Krempermoor,
3249077,2883640,Kronsmoor,
3249077,2883326,Krummendiek,
3249077,2883062,Kudensee,
3249077,2881939,Lägerdorf,
3249077,2881519,Landrecht,
3249077,2881499,Landscheide,
3249077,2876529,Lockstedt,
3249077,2876388,Lohbarbek,
3249077,2875968,Looft,
3249077,2872447,Mehlbek,
3249077,2869694,Moordiek,
3249077,2869651,Moorhusen,
3249077,2869626,Moorrege,
3249077,2868368,Mühlenbarbek,
3249077,2867527,Münsterdorf,
3249077,2865820,Neuenbrook,
3249077,2865778,Neuendorf,
3249077,2862615,Nienbüttel,
3249077,2861549,Nutteln,
3249077,2857347,Oelixdorf,
3249077,2856939,Oeschebüttel,
3249077,2857464,Oldenborstel,
3249077,2857429,Oldendorf,
3249077,2856125,Ottenbüttel,
3249077,2855030,Peissen,
3249077,2852557,Pöschendorf,
3249077,2852388,Poyenberg,
3249077,2851727,Puls,
3249077,2851499,Quarnstedt,
3249077,2851087,Rade,
3249077,2849355,Reher,
3249077,2848029,Rethwisch,
3249077,2845130,Rosdorf,
3249077,2841523,Sankt Margarethen,
3249077,2841406,Sarlhusen,
3249077,2839763,Schenefeld,
3249077,2838242,Schlotfeld,
3249077,2832049,Silzen,
3249077,2831369,Sommerland,
3249077,2828287,Steinburg,
3249077,2826421,Stördorf,
3249077,2826409,Störkathen,
3249077,2825196,Süderau,Suederau
3249077,2817976,Vaale,
3249077,2817974,Vaalermoor,
3249077,2815623,Wacken,
3249077,2814024,Warringholz,
3249077,2810254,Westermoor,
3249077,2809861,Wewelsfleth,
3249077,2808596,Willenscharen,
3249077,2808413,Wilster,
3249077,2807848,Winseldorf,
3249077,2807340,Wittenbergen,
3249077,2805994,Wrist,
3249077,2805877,Wulfsmoor,
3249078,2959083,Ahrensburg,
3249078,2953385,Bad Oldesloe,
3249078,2953498,Badendorf,
3249078,2952651,Bargfeld-Stegen,
3249078,2952633,Bargteheide,
3249078,3213673,Barnitz,
3249078,2952415,Barsbüttel,Barsbuettel
3249078,2945668,Braak bei Hamburg,Braak
3249078,2938379,Delingsdorf,
3249078,2930852,Elmenhorst,
3249078,2919880,Glinde,
3249078,2918497,Grabau,
3249078,2918121,Grande,
3249078,2917098,Grönwohld,Groenwohld
3249078,2916585,Großensee,
3249078,2915556,Großhansdorf,
3249078,2911325,Hamberge,
3249078,2911044,Hammoor,
3249078,2907962,Heidekamp,
3249078,2907486,Heilshoop,
3249078,2901790,Hohenfelde,
3249078,2900787,Hoisdorf,
3249078,2894998,Jersbek,
3249078,2888007,Klein Wesenberg,
3249078,2880400,Lasbek,
3249078,2874902,Lütjensee,
3249078,2872558,Meddewade,
3249078,2869775,Mönkhagen,
3249078,2866482,Neritz,
3249078,3204977,Nienwohld,
3249078,2856184,Oststeinbek,
3249078,2852877,Pölitz,Poelitz
3249078,2849854,Rausdorf,
3249078,2849320,Rehhorst,
3249078,2848845,Reinbek bei Hamburg,Reinbek
3249078,2848811,Reinfeld,
3249078,2843094,Rümpel,
3249078,2832406,Siek,
3249078,2829509,Stapelfeld,
3249078,2828124,Steinfeld,
3249078,2824245,Tangstedt,
3249078,2822029,Todendorf,
3249078,2821342,Tremsbüttel,
3249078,2821085,Trittau,
3249078,3209092,Wesenberg,
3249078,2810493,Westerau,
3249078,2807177,Witzhave,
3249078,2805198,Zarpen,
3249079,2959072,Ahrensfelde,
3249079,2957103,Althüttendorf,
3249079,2950096,Bernau,Bernau bei Berlin
3249079,2949046,Biesenthal,
3249079,2944028,Britz,
3249079,2940119,Chorin,
3249079,2933882,Eberswalde,
3249079,2924443,Friedrichswalde,
3249079,2919154,Golzow,
3249079,2901763,Hohenfinow,
3249079,2894884,Joachimsthal,
3249079,2877826,Liepe,
3249079,2873464,Marienwerder,
3249079,2872102,Melchow,
3249079,2863442,Niederfinow,
3249079,2858092,Oderberg,
3249079,2843368,Rüdnitz,
3249079,2814305,Wandlitz,
3249079,2810898,Werftpfuhl,
3249079,2810815,Werneuchen,
3249080,2949777,Bestensee,
3249080,2935361,Drahnsdorf,
3249080,2932040,Eichwalde,
3249080,2919177,Golßen,
3249080,2915388,Groß Köris,Gross Koeris
3249080,2911691,Halbe,
3249080,2905906,Hermsdorf,
3249080,2895221,Jamlitz,
3249080,2892570,Kasel-Golzig,
3249080,2885732,Königs Wusterhausen,Koenigs Wusterhausen
3249080,2877932,Lieberose,
3249080,2875625,Lübben,Lubin
3249080,2875509,Luckau,
3249080,2873359,Märkisch Buchholz,Maerkisch Buchholz
3249080,2870481,Mittenwalde,
3249080,2867717,Münchehofe,Muenchehofe
3249080,2863786,Neu Zauche,
3249080,2838640,Schlepzig,
3249080,2836761,Schönefeld,Schoenefeld
3249080,2835787,Schulzendorf,
3249080,2834284,Schwerin,
3249080,2826088,Straupitz,
3249080,2823256,Teupitz,
3249080,2809033,Wildau,
3249080,2804646,Zeuthen,
3249081,2953408,Bad Liebenwerda,
3249081,2939745,Crinitz,
3249081,2936631,Doberlug-Kirchhain,
3249081,2930680,Elsterwerda,
3249081,2928011,Falkenberg,
3249081,2926670,Finsterwalde,
3249081,2917194,Gröden,
3249081,2914950,Großthiemig,
3249081,2905504,Herzberg (Elster),Herzberg
3249081,2903659,Hirschfeld,
3249081,2901861,Hohenbucko,
3249081,2901638,Hohenleipisch,
3249081,2879794,Lebusa,
3249081,2878022,Lichterfeld,
3249081,2871696,Merzdorf,
3249081,2868531,Mühlberg/Elbe,Mühlberg|Muehlberg
3249081,2853231,Plessa,
3249081,2843493,Rückersdorf,Rueckersdorf
3249081,2842258,Sallgast,
3249081,2839304,Schilda,
3249081,2838547,Schlieben,
3249081,2836908,Schönborn,
3249081,2836680,Schönewalde,Schoenewalde
3249081,2836219,Schraden,
3249081,2831121,Sonnewalde,
3249081,2821071,Tröbitz,
3249081,2820474,Übigau,Uebigau
3249082,2944126,Brieselang,
3249082,6547590,Dallgow-Döberitz,Dallgow-Doeberitz
3249082,2927930,Falkensee,
3249082,2924406,Friesack,
3249082,2916864,Großderschau,
3249082,2895293,Jahnberge,
3249082,2891282,Ketzin/Havel,Ketzin
3249082,2885097,Kotzen,
3249082,2866930,Nauen,
3249082,2866523,Nennhausen,
3249082,2855215,Paulinenaue,
3249082,2854777,Pessin,
3249082,2852233,Premnitz,
3249082,2850213,Rathenow,
3249082,2847946,Retzow,
3249082,2847574,Rhinow,
3249082,2805480,Wustermark,
3249083,2956789,Alt Tucheband,
3249083,2957051,Altlandsberg,
3249083,2953458,Bad Freienwalde,
3249083,2947751,Bliesdorf,
3249083,2942126,Buckow,
3249083,2928006,Falkenberg,
3249083,2927978,Falkenhagen,
3249083,2919155,Golzow,
3249083,2919029,Gorgast,
3249083,2901509,Hohensaaten,
3249083,2899172,Hoppegarten,
3249083,2890950,Kietz,
3249083,2879795,Lebus,
3249083,2878471,Letschin,
3249083,2877732,Lietzen,
3249083,2873854,Manschnow,
3249083,2867723,Müncheberg,Muencheberg
3249083,2865716,Neuenhagen,
3249083,2865223,Neuhardenberg,
3249083,2864613,Neulewin,
3249083,2863950,Neutrebbin,
3249083,2854653,Petershagen,
3249083,2853052,Podelzig,
3249083,2851850,Prötzel,
3249083,2849347,Rehfelde,
3249083,2848364,Reitwein,
3249083,2833651,Seelow,
3249083,2826082,Strausberg,
3249083,2821308,Treplin,
3249083,2814787,Waldsieversdorf,
3249083,2805999,Wriezen,
3249083,2805119,Zechin,
3249084,2948503,Birkenwerder,
3249084,2923637,Fürstenberg/Havel,Fürstenberg|Fuerstenberg
3249084,2919908,Glienicke,
3249084,2918088,Gransee,
3249084,2914828,Großwoltersdorf,
3249084,2906331,Hennigsdorf,
3249084,2901588,Hohen Neuendorf,
3249084,2884403,Kremmen,
3249084,2879713,Leegebruch,
3249084,2877942,Liebenwalde,
3249084,2857129,Oranienburg,
3249084,2836697,Schönermark,
3249084,2831189,Sonnenberg,
3249084,2817674,Velten,
3249084,2805075,Zehdenick,
3249085,2958036,Altdöbern,
3249085,2943779,Bronkow,
3249085,2940424,Calau,Kalawa
3249085,2925391,Frauendorf,
3249085,2915410,Großkmehlen,
3249085,2915157,Großräschen,Grossraeschen
3249085,2914215,Grünewald,
3249085,2913421,Guteborn,
3249085,2905907,Hermsdorf,
3249085,2901895,Hohenbocka,
3249085,2883583,Kroppen,
3249085,2880221,Lauchhammer,
3249085,2877425,Lindenau,
3249085,2875623,Lübbenau,Lubnjow|Lübbenau/Spreewald
3249085,2864377,Neupetershain,
3249085,2856975,Ortrand,
3249085,2843256,Ruhland,
3249085,2839101,Schipkau,
3249085,2835150,Schwarzbach,
3249085,2834740,Schwarzheide,
3249085,2833073,Senftenberg,
3249085,2823393,Tettau,
3249085,2817517,Vetschau/Spreewald,Vetschau
3249086,2953366,Bad Saarow,
3249086,2951528,Beeskow,
3249086,2950196,Berkenbrück,
3249086,2944121,Briesen,
3249086,2944103,Brieskow-Finkenheerd,
3249086,2937344,Diensdorf-Radlow,
3249086,2931481,Eisenhüttenstadt,Eisenhuettenstadt
3249086,2929602,Erkner,
3249086,2924680,Friedland,
3249086,2923588,Fürstenwalde,Fuerstenwalde|Fürstenwalde/Spree
3249086,2915321,Groß Lindow,
3249086,2914177,Grünheide,Gruenheide
3249086,2895248,Jacobsdorf,
3249086,2880699,Langewahl,
3249086,2879843,Lawitz,
3249086,2870312,Mixdorf,
3249086,2867763,Müllrose,Muellrose
3249086,2863782,Neuzelle,
3249086,2850058,Rauen,
3249086,2849052,Reichenwalde,
3249086,2846790,Rietz Neuendorf,
3249086,2836746,Schöneiche,Schoeneiche
3249086,2830100,Spreenhagen,
3249086,2827965,Steinhöfel,
3249086,2826403,Storkow,
3249086,2823835,Tauche,
3249086,2816920,Vogelsang,
3249086,2811218,Wendisch Rietz,
3249086,2809286,Wiesenau,
3249086,2806287,Woltersdorf,
3249086,2804207,Ziltendorf,
3249087,2944945,Breddin,
3249087,2939635,Dabergotz,
3249087,2935266,Dreetz,
3249087,2927564,Fehrbellin,
3249087,2907594,Heiligengrabe,
3249087,2905502,Herzberg,
3249087,2882161,Kyritz,
3249087,2877126,Lindow,
3249087,2864276,Neuruppin,
3249087,2847612,Rheinsberg,
3249087,2842801,Rüthnick,
3249087,2814465,Walsleben,
3249087,2807201,Wittstock,
3249087,2805483,Wusterhausen,
3249088,2953316,Bahnhof Bad Wilsnack,Bad Wilsnack
3249088,2950657,Berge,
3249088,2944865,Breese,
3249088,2939693,Cumlosen,
3249088,2921152,Gerdshagen,
3249088,2915191,Groß Pankow,
3249088,2913721,Gumtow,
3249088,2892648,Karstädt,Karstaedt
3249088,2880485,Lanz,
3249088,2879654,Legde,
3249088,2878731,Lenzen,
3249088,2854848,Perleberg,
3249088,2853571,Pirow,
3249088,2853332,Plattenburg,
3249088,2851962,Pritzwalk,
3249088,2851611,Putlitz,
3249088,2843190,Rühstädt,
3249088,2821132,Triglitz,
3249088,2812095,Weisen,
3249088,2807344,Wittenberge,
3249089,2944123,Briesen,
3249089,2941502,Burg (Spreewald),Burg
3249089,2935386,Drachhausen,
3249089,2935298,Drebkau,
3249089,2935248,Drehnow,
3249089,2925832,Forst (Lausitz),Forst
3249089,2916859,Groß Döbbern,Gross Doebbern
3249089,2915198,Groß Oßnig,
3249089,2913922,Guben,
3249089,2913825,Guhrow,
3249089,2912053,Haidemühl,Haidemuehl
3249089,2907309,Heinersbrück,
3249089,2895189,Jänschwalde,
3249089,2886382,Kolkwitz,
3249089,2886032,Komptendorf,
3249089,2880235,Laubsdorf,
3249089,2855024,Peitz,
3249089,2839748,Schenkendöbern,Schenkendoebern
3249089,2830085,Spremberg,
3249089,2823824,Tauer,
3249089,2820624,Tschernitz,
3249089,2811348,Welzow,
3249089,2810985,Werben,
3249090,2952335,Baruth,
3249090,13526830,Blankenfelde-Mahlow,
3249090,2948065,Blankenfelde-Mahlow,Blankenfelde
3249090,2939417,Dahlewitz,
3249090,2939388,Dahme,
3249090,2916996,Großbeeren,
3249090,2896643,Ihlow,
3249090,2894394,Jüterbog,Jueterbog
3249090,2875484,Luckenwalde,
3249090,2875379,Ludwigsfelde,
3249090,2874461,Mahlow,
3249090,2863401,Niedergörsdorf,
3249090,2850490,Rangsdorf,
3249090,2830622,Sperenberg,
3249090,2821465,Trebbin,
3249090,2803870,Zossen,
3249091,2956093,Angermünde,Angermuende
3249091,2942986,Brüssow,Bruessow
3249091,2940246,Casekow,
3249091,2922432,Gartz,
3249091,2920881,Gerswalde,
3249091,2919000,Göritz,
3249091,2918133,Gramzow,
3249091,2914122,Grünow,
3249091,2874695,Lychen,
3249091,2871662,Mescherin,
3249091,2871421,Meyenburg,
3249091,2871100,Milmersdorf,
3249091,2870480,Mittenwalde,
3249091,2855301,Passow,
3249091,2853650,Pinnow,
3249091,2852218,Prenzlau,
3249091,2839751,Schenkenberg,
3249091,2836791,Schöneberg,Schoeneberg
3249091,2834629,Schwedt (Oder),Stadt Schwedt/Oder|Schwedt
3249091,2824020,Tantow,
3249091,2823533,Templin,
3249091,2813895,Wartin,
3249091,2804630,Zichow,
3302143,2956988,Alt Meteln,
3302143,2953422,Bad Kleinen,
3302143,2952511,Barnekow,
3302143,2951436,Beidendorf,
3302143,2950931,Benz,
3302143,2947604,Blowatz,
3302143,2947447,Bobitz,
3302143,2946852,Boiensdorf,
3302143,2945948,Börzow,Boerzow
3302143,2942992,Brüsewitz,Bruesewitz
3302143,2940311,Carlow,
3302143,2939782,Cramonshagen,
3302143,2939074,Damshagen,
3302143,2938798,Dassow,
3302143,2872571,Dorf Mecklenburg,
3302143,2935365,Dragun,
3302143,2930851,Elmenhorst,
3302143,2923410,Gadebusch,
3302143,2920074,Glasin,
3302143,2918679,Gottesgabe,
3302143,2918168,Gramkow,
3302143,2917520,Grevesmühlen,Grevesmuehlen
3302143,2915381,Groß Krankow,
3302143,2914999,Groß Stieten,
3302143,2913438,Güstow,Guestow
3302143,2901386,Hohen Viecheln,
3302143,2898763,Hornstorf,
3302143,2894979,Jesendorf,
3302143,2893792,Kalkhorst,
3302143,2888112,Klein Trebbow,
3302143,2887290,Klütz,Kluetz
3302143,2884415,Krembz,
3302143,2883211,Krusenhagen,
3302143,2875577,Lübow,Luebow
3302143,2875561,Lübstorf,Luebstorf
3302143,2875430,Lüdersdorf,Luedersdorf
3302143,2874710,Lützow,Luetzow
3302143,2874082,Mallentin,
3302143,2868222,Mühlen Eichsen,Muehlen Eichsen
3302143,2866071,Neuburg,
3302143,2864705,Neukloster,
3302143,2856197,Ostseebad Boltenhagen,Boltenhagen
3302143,2853668,Pingelshagen,
3302143,2853093,Plüschow,Plueschow
3302143,2852914,Pokrent,
3302143,2852472,Pötenitz,Poetenitz
3302143,2849263,Rehna,
3302143,2845858,Roggendorf,
3302143,2842795,Rüting,Rueting
3302143,2838955,Schlagsdorf,
3302143,2836944,Schönberg,Schoenberg
3302143,2833754,Seehof,
3302143,2833163,Selmsdorf,
3302143,2823407,Testorf-Steinfort,
3302143,2818309,Upahl,
3302143,2817798,Veelböken,Veelboeken
3302143,2817620,Ventschow,
3302143,2814107,Warin,
3302143,2811674,Weitendorf,
3302143,2807465,Wismar,
3302143,2804616,Zickhusen,
3302143,2804285,Zierow,
3302143,2803670,Zurow,
3302155,2959181,Ahlsdorf,
3302155,2958266,Allstedt,
3302155,2957341,Alterode,
3302155,2956339,Amsdorf,
3302155,2955989,Annarode,
3302155,2955437,Arnstedt,
3302155,2954168,Augsdorf,Augsdorf (Gerbstedt)
3302155,2951046,Benndorf,
3302155,2950998,Bennungen,
3302155,2950696,Berga,
3302155,2949455,Beyernaumburg,
3302155,2948299,Bischofrode,
3302155,2948054,Blankenheim,
3302155,2946056,Bornstedt,
3302155,2945045,Bräunrode,Braeunrode
3302155,2945022,Braunschwende,
3302155,2944538,Breitenstein,
3302155,2944439,Breitungen,
3302155,2943485,Brücken,Bruecken
3302155,2933372,Edersleben,
3302155,2930444,Emseloh,
3302155,3204998,Erdeborn,
3302155,2924789,Friedeburg,
3302155,2921164,Gerbstedt,
3302155,2919115,Gonna,
3302155,2915201,Großörner,Grossoerner
3302155,2908571,Hayn,
3302155,2908374,Hedersleben,Hedersleben (Eisleben)|Hedersleben (Mansfelder Land)
3302155,2907533,Heiligenthal,
3302155,2907018,Helbra,
3302155,2906098,Hergisdorf,
3302155,2905206,Hettstedt,
3302155,2900759,Holdenstedt,
3302155,2891844,Kelbra,
3302155,2887444,Klostermansfeld,
3302155,7284571,Lutherstadt Eisleben,Eisleben Lutherstadt|Eisleben
3302155,2874867,Lüttchendorf,Luettchendorf
3302155,2873852,Mansfeld,Mansfeld-Lutherstadt
3302155,2870700,Mittelhausen,
3302155,2859277,Oberröblingen,Oberroeblingen
3302155,2859056,Obersdorf,
3302155,2856562,Osterhausen,
3302155,2852857,Polleben,
3302155,2851430,Quenstedt,
3302155,2846854,Riestedt,
3302155,2846810,Riethnordhausen,
3302155,2846274,Röblingen am See,Roeblingen am See
3302155,2844658,Roßla,
3302155,2843987,Rothenschirmbach,
3302155,2843667,Rottleberode,
3302155,2841876,Sandersleben,
3302155,2841693,Sangerhausen,
3302155,2834350,Schwenda,
3302155,2833904,Seeburg,
3302155,2832644,Siebigerode,
3302155,2832331,Siersleben,
3302155,2829210,Stedten,
3302155,2826594,Stolberg,
3302155,2824456,Sylda,
3302155,2822187,Tilleda,
3302155,2820413,Uftrungen,
3302155,2817816,Vatterode,
3302155,2816596,Volkstedt,
3302155,2815255,Walbeck,Walbeck (Mansfelder Land)|Walbeck (Hettstedt)
3302155,2814570,Wallhausen (Helme),Wallhausen
3302155,2814187,Wansleben am See,Wansleben
3302155,2811584,Welbsleben,
3302155,2810000,Wettelrode,
3302155,2809567,Wiederstedt,
3302155,2808359,Wimmelburg,
3302155,2807579,Wippra,
3302155,2806884,Wolferode,
3302155,2806846,Wolferstedt,
3302156,2957497,Altenroda,
3302156,2953542,Bad Bibra,
3302156,2953418,Bad Kösen,Bad Koesen
3302156,2953093,Balgstädt,Balgstaedt
3302156,2948920,Billroda,
3302156,2941169,Burgscheidungen,
3302156,2941053,Burgwerben,
3302156,2938525,Dehlitz,
3302156,2937873,Deuben,
3302156,2935483,Döschwitz,Doeschwitz
3302156,2934852,Droßdorf,
3302156,2934835,Droyßig,
3302156,2933720,Eckartsberga,
3302156,2924862,Freyburg (Unstrut),Freyburg
3302156,3209197,Geußnitz,
3302156,2919979,Gleina,
3302156,2918941,Görschen,Goerschen
3302156,2918868,Goseck,
3302156,2918127,Grana,
3302156,2918092,Granschütz,Granschuetz
3302156,2917230,Gröben,Groeben
3302156,2917216,Gröbitz,Groebitz
3302156,2915589,Großgörschen,Grossgoerschen
3302156,2915392,Großkorbetha,
3302156,2908563,Haynsburg,
3302156,2905812,Herrengosserstedt,
3302156,2901601,Hohenmölsen,Hohenmoelsen
3302156,2892652,Karsdorf,
3302156,2891991,Kayna,
3302156,2887494,Klosterhäseler,Klosterhaeseler
3302156,2884657,Krauschwitz,
3302156,2884308,Kretzschau,
3302156,2881107,Langendorf,
3302156,2880228,Laucha an der Unstrut,Laucha
3302156,2879106,Leißling,
3302156,2878876,Lengefeld,
3302156,2875822,Lossa,
3302156,2875500,Luckenau,
3302156,2874747,Lützen,Luetzen
3302156,2873268,Markwerben,
3302156,2872235,Meineweh,
3302156,2872005,Memleben,
3302156,2871722,Mertendorf,
3302156,2870097,Molau,
3302156,2867396,Muschwitz,
3302156,2866906,Naumburg,
3302156,2866793,Nebra,
3302156,3209056,Nessa,
3302156,2862178,Nonnewitz,
3302156,2856591,Osterfeld,
3302156,2851980,Prittitz,
3302156,2849211,Reichardtswerben,
3302156,2846508,Rippach,
3302156,2846238,Röcken,Roecken
3302156,2841249,Saubach,
3302156,2839885,Schellbach,
3302156,2839041,Schkortleben,
3302156,2836834,Schönburg,Schoenburg
3302156,2829446,Starsiedel,
3302156,2826408,Storkau,
3302156,2826356,Stößen,Stoessen
3302156,2824383,Tagewerben,
3302156,2823837,Taucha,
3302156,2823803,Taugwitz,
3302156,2823355,Teuchern,
3302156,2822881,Theißen,
3302156,2821430,Trebnitz,
3302156,2820312,Uichteritz,
3302156,2815170,Waldau,
3302156,2811899,Weißenfels,
3302156,2811156,Wengelsdorf,
3302156,2810024,Wethau,
3302156,2809944,Wetterzeube,
3302156,2807474,Wischroda,
3302156,2807283,Wittgendorf,
3302156,2807042,Wohlmirstedt,
3302156,2805727,Würchwitz,Wuerchwitz
3302156,2804922,Zeitz,
3302156,2803892,Zorbau,
3302158,2949221,Biederitz,
3302158,2944191,Brettin,
3302158,2941501,Burg bei Magdeburg,
3302158,2938966,Dannigkow,
3302158,2927152,Ferchland,
3302158,2921309,Genthin,
3302158,2920850,Gerwisch,
3302158,2920245,Gladau,
3302158,2919138,Gommern,
3302158,2918410,Grabow,
3302158,2901358,Hohenwarthe,
3302158,2901325,Hohenziatz,
3302158,2895008,Jerichow,
3302158,2894342,Kade,
3302158,2892710,Karow,
3302158,2885914,Königsborn,Koenigsborn
3302158,2885524,Körbelitz,Koerbelitz
3302158,2878986,Leitzkau,
3302158,2876682,Loburg,
3302158,2875785,Lostau,
3302158,2871879,Menz,
3302158,2870278,Möckern,Moeckern
3302158,2869053,Möser,
3302158,2867304,Mützel,Muetzel
3302158,2866718,Nedlitz,
3302158,2849600,Redekin,
3302158,2849537,Reesen,
3302158,2844897,Rosian,
3302158,2844750,Roßdorf,
3302158,2839670,Schermen,
3302158,2838975,Schlagenthin,
3302158,2822909,Theeßen,
3302158,2820856,Tucheim,
3302158,2815412,Wahlitz,
3302158,2804751,Zeppernick,
3302159,2957631,Altenhausen,
3302159,2956090,Angern,
3302159,2953970,Ausleben,
3302159,2952564,Barleben,
3302159,2952514,Barneberg,
3302159,2951588,Beendorf,
3302159,2951479,Behnsdorf,
3302159,2945758,Bottmersdorf,
3302159,2944840,Bregenstedt,
3302159,2941744,Bülstringen,
3302159,2941116,Burgstall,
3302159,2940386,Calvörde,
3302159,2939940,Colbitz,
3302159,2939420,Dahlenwarsleben,
3302159,2936383,Dolle,
3302159,2936298,Domersleben,
3302159,2935139,Dreileben,
3302159,2934073,Ebendorf,
3302159,2932376,Eichenbarleben,
3302159,2931838,Eilsleben,
3302159,2931821,Eimersleben,
3302159,2929245,Erxleben,
3302159,2928697,Etingen,
3302159,2927781,Farsleben,
3302159,2926351,Flechtingen,
3302159,2919877,Glindenberg,
3302159,2917107,Gröningen,Groeningen
3302159,2917046,Groß Ammensleben,
3302159,2915131,Groß Rodensleben,
3302159,2915095,Groß Santersleben,
3302159,2913384,Gutenswegen,
3302159,2912782,Hadmersleben,
3302159,2911700,Hakenstedt,
3302159,2911584,Haldensleben,Haldensleben I
3302159,2911259,Hamersleben,
3302159,2910694,Harbke,
3302159,2905905,Hermsdorf,
3302159,2904693,Hillersleben,
3302159,2901839,Hohendodeleben,
3302159,2901377,Hohenwarsleben,
3302159,2898829,Hornhausen,
3302159,2898696,Hörsingen,Hoersingen
3302159,2898435,Hötensleben,
3302159,2895731,Irxleben,
3302159,2895536,Ivenrode,
3302159,2894996,Jersleben,
3302159,2889801,Klein Ammensleben,
3302159,2888317,Klein Rodensleben,
3302159,2888047,Klein Wanzleben,Zuckerdorf Klein Wanzleben
3302159,2883580,Kroppenstedt,
3302159,2876048,Loitsche,
3302159,2874446,Mahlwinkel,
3302159,2873621,Marienborn,
3302159,2872124,Meitzendorf,
3302159,2865660,Neuenhofe,
3302159,2863083,Niederndodeleben,
3302159,2861998,Nordgermersleben,
3302159,2858249,Ochtmersleben,
3302159,2857985,Oebisfelde,
3302159,2856930,Oschersleben,
3302159,2850105,Rätzlingen,Raetzlingen
3302159,2845885,Rogätz,
3302159,2843653,Rottmersleben,
3302159,2842060,Samswegen,
3302159,2840902,Schackensleben,
3302159,2839672,Schermcke,
3302159,2833801,Seehausen (Börde),Seehausen
3302159,2831344,Sommersdorf,
3302159,2824609,Süplingen,Sueplingen
3302159,2820178,Ummendorf,
3302159,2817949,Vahldorf,
3302159,2816534,Völpke,
3302159,2815594,Wackersleben,
3302159,2815254,Walbeck,
3302159,2814181,Wanzleben,
3302159,2813407,Wefensleben,
3302159,2813405,Weferlingen,
3302159,2811532,Wellen,
3302159,2806342,Wolmirstedt,
3302159,2806141,Wormsdorf,
3302159,2805925,Wulferstedt,
3302159,2804318,Zielitz,
3302169,2957327,Altersbach,
3302169,2951447,Behrungen,
3302169,2951165,Belrieth,
3302169,2950979,Benshausen,
3302169,2950126,Bermbach,
3302169,2949364,Bibra,
3302169,2948345,Birx,
3302169,2944710,Breitenbach,
3302169,2944440,Breitungen/Werra,Breitungen
3302169,2943697,Brotterode,
3302169,2940097,Christes,
3302169,2936966,Dillstädt,
3302169,2931752,Einhausen,
3302169,2930916,Ellingshausen,
3302169,2929781,Erbenhausen,
3302169,2928295,Exdorf,
3302169,2927850,Fambach,
3302169,2925589,Frankenheim,
3302169,2924775,Friedelshausen,
3302169,2906379,Henneberg,
3302169,2905857,Herpf,
3302169,2897639,Hümpfershausen,Huempfershausen
3302169,2894625,Jüchsen,Juechsen
3302169,2893534,Kaltennordheim,
3302169,2855466,Kleinschmalkalden,
3302169,2882729,Kühndorf,Kuehndorf
3302169,2878291,Leutersdorf,
3302169,2872405,Mehmels,
3302169,2872225,Meiningen,
3302169,2871516,Metzels,
3302169,2866100,Neubrunn,
3302169,2860282,Oberhof,
3302169,2859815,Obermaßfeld-Grimmenthal,
3302169,2859117,Oberschönau,Oberschoenau
3302169,2858636,Oberweid,
3302169,2857908,Oepfershausen,
3302169,2851456,Queienfeld,
3302169,2846500,Rippershausen,
3302169,2846426,Ritschenhausen,
3302169,2845744,Rohr,
3302169,2845171,Rosa,
3302169,2844753,Roßdorf,
3302169,2843708,Rotterode,
3302169,2838059,Schmalkalden,
3302169,2835352,Schwallungen,
3302169,2835195,Schwarza,
3302169,2830008,Springstille,
3302169,2828723,Steinbach-Hallenberg,
3302169,2827414,Stepfershausen,
3302169,2824739,Sülzfeld,Suelzfeld
3302169,2820882,Trusetal,
3302169,2819262,Unterkatz,
3302169,2819100,Untermaßfeld,
3302169,2818743,Unterschönau,Unterschoenau
3302169,2818073,Utendorf,
3302169,2817967,Vachdorf,
3302169,2817325,Viernau,
3302169,2815373,Wahns,
3302169,2814685,Wallbach,
3302169,2814668,Walldorf,Walldorf (Meiningen)|Walldorf (Werra)
3302169,2813685,Wasungen,
3302169,2810775,Wernshausen,
3302169,2806856,Wölfershausen,Woelfershausen
3302169,2804867,Zella-Mehlis,
3305808,2956005,Annaberg-Buchholz,
3305808,2954695,Aue,
3305808,2954601,Auerbach,
3305808,2838671,Bad Schlema,
3305808,2952703,Bärenstein,
3305808,2951404,Beierfeld,
3305808,2949970,Bernsbach,
3305808,2947403,Bockau,
3305808,2946097,Börnichen,Boernichen
3305808,2945980,Borstendorf,
3305808,2944630,Breitenbrunn,
3305808,2940993,Burkhardtsdorf,
3305808,2939710,Crottendorf,
3305808,2937797,Deutschneudorf,
3305808,2936120,Dorfchemnitz,
3305808,2935303,Drebach,
3305808,2932828,Ehrenfriedersdorf,
3305808,2932738,Eibenstock,
3305808,2930662,Elterlein,
3305808,2929593,Erlabrunn,
3305808,2890657,Erlbach-Kirchberg,Kirchberg
3305808,2921522,Gelenau,
3305808,2920728,Geyer,
3305808,2918970,Gornau,
3305808,2918951,Gornsdorf,
3305808,2915209,Großolbersdorf,
3305808,2915111,Großrückerswalde,
3305808,2914188,Grünhain,Gruenhain
3305808,2914186,Grünhainichen,Gruenhainichen
3305808,2907794,Heidersdorf,
3305808,2900889,Hohndorf,
3305808,2898960,Hormersdorf,
3305808,2895284,Jahnsdorf,
3305808,2894814,Johanngeorgenstadt,
3305808,2894737,Jöhstadt,Joehstadt
3305808,2885746,Königswalde,
3305808,2882329,Kurort Seiffen/Erzgeb.,Seiffen|Seiffen/Erzgeb.
3305808,2879964,Lauter-Bernsbach,Lauter
3305808,2878878,Lengefeld,
3305808,2875799,Lößnitz,Loessnitz
3305808,2875286,Lugau,
3305808,2873632,Marienberg,
3305808,2873409,Markersbach,
3305808,2871142,Mildenau,
3305808,2864750,Neukirchen,
3305808,2863523,Niederdorf,
3305808,2882332,Oberwiesenthal,Kurort Oberwiesenthal
3305808,2857918,Oelsnitz,
3305808,2857484,Olbernhau,
3305808,2854299,Pfaffroda,
3305808,2853085,Pobershau,
3305808,2853071,Pockau,
3305808,2852991,Pöhla,Poehla
3305808,2850303,Raschau,
3305808,2846378,Rittersgrün,Rittersgruen
3305808,2840337,Scharfenstein,
3305808,2840021,Scheibenberg,
3305808,2838628,Schlettau,
3305808,2837470,Schneeberg,
3305808,2836581,Schönheide,Schoenheide
3305808,2834978,Schwarzenberg/Erzgeb.,Schwarzenberg
3305808,2830912,Sosa,
3305808,2826584,Stollberg/Erzgeb.,Stollberg
3305808,2825275,Stützengrün,
3305808,2824152,Tannenberg,
3305808,2823081,Thalheim,
3305808,2822840,Thermalbad Wiesenbad,
3305808,2822595,Thum,
3305808,2817616,Venusberg,
3305808,2814877,Waldkirchen/Erzgeb.,Waldkirchen
3305808,2809367,Wiesa,
3305808,2806474,Wolkenstein,
3305808,2803972,Zöblitz,Zoeblitz
3305808,2803798,Zschopau,
3305808,2803786,Zschorlau,
3305808,2803476,Zwönitz,Zwoenitz
3305812,2957834,Altenberg,
3305812,2953352,Bad Schandau,
3305812,2952916,Bannewitz,
3305812,2952702,Bärenstein,Baerenstein
3305812,2949880,Berthelsdorf,
3305812,2936842,Dippoldiswalde,
3305812,2936473,Dohma,
3305812,2936470,Dohna,
3305812,2936089,Dorfhain,
3305812,2934286,Dürrröhrsdorf,Duerrroehrsdorf
3305812,2925017,Freital,
3305812,2921684,Geising,
3305812,2920104,Glashütte,Glashuette
3305812,2907887,Heidenau,
3305812,2905915,Hermsdorf,
3305812,2900844,Hohnstein,
3305812,2885764,Königstein,Koenigstein
3305812,2884451,Kreischa,
3305812,2882335,Kurort Gohrisch,
3305812,2877891,Liebstadt,
3305812,2876212,Lohmen,
3305812,2864089,Neustadt i. Sa.,Neustadt in Sachsen
3305812,2861136,Obercunnersdorf,
3305812,2853572,Pirna,
3305812,2852591,Porschdorf,
3305812,2852154,Pretzschendorf,
3305812,2851262,Rabenau,
3305812,2850195,Rathmannsdorf,
3305812,2848779,Reinhardtsgrimma,
3305812,2837788,Schmiedeberg,
3305812,2834102,Sebnitz,
3305812,2829734,Stadt Wehlen,
3305812,2826532,Stolpen,
3305812,2825620,Struppen,
3305812,2822939,Tharandt,
3305812,2808436,Wilsdruff,
3305827,2958436,Allendorf an der Lahn,
3305827,2958434,Allendorf an der Lumda,
3305827,2957761,Alten Buseck,
3305827,2916650,Buseck,Großen Buseck
3305827,2920512,Gießen,
3305827,2914432,Grünberg,Gruenberg
3305827,2905070,Heuchelheim,
3305827,2897431,Hungen,
3305827,2827991,Hungen-Steinheim,Steinheim
3305827,2880672,Langgöns,
3305827,2880308,Laubach,
3305827,2878166,Lich,
3305827,2876027,Lollar,
3305827,7576812,Rabenau,
3305827,2848543,Reiskirchen,
3305827,2829322,Staufenberg,
3305827,2821033,Trohe,
6547383,2950159,Berlin,
6547384,2959390,Adorf,
6547384,2954602,Auerbach,
6547384,2953538,Bad Brambach,
6547384,2953509,Bad Elster,
6547384,2950626,Bergen,
6547384,2945891,Bösenbrunn,
6547384,2932119,Eichigt,
6547384,2931097,Ellefeld,
6547384,2930687,Elsterberg,
6547384,2929541,Erlbach,
6547384,2927913,Falkenstein/Vogtland,Falkenstein
6547384,2914457,Grünbach,Gruenbach
6547384,2911145,Hammerbrücke,Hammerbruecke
6547384,2887713,Klingenthal,
6547384,2878852,Lengenfeld,
6547384,2877683,Limbach,
6547384,2873340,Markneukirchen,
6547384,2872409,Mehltheuer,
6547384,2869268,Morgenröthe-Rautenkranz,Morgenroethe-Rautenkranz
6547384,2867888,Mühltroff,Muehltroff
6547384,2867856,Muldenhammer,
6547384,2867274,Mylau,
6547384,2866304,Netzschkau,
6547384,2865575,Neuensalz,
6547384,2864558,Neumark,
6547384,2864098,Neustadt/Vogtl.,Neustadt Vogtland|Neustadt Vogtl.|Neustadt/Vogtland
6547384,2857919,Oelsnitz im Vogtland,Oelsnitz|Oelsnitz/Vogtl.
6547384,2855175,Pausa,
6547384,2853292,Plauen,
6547384,2852994,Pöhl,
6547384,2849156,Reichenbach/Vogtland,Reichenbach|Reichenbach im Vogtland
6547384,2847765,Reuth,
6547384,2845953,Rodewisch,
6547384,2836772,Schöneck,Schoeneck
6547384,2824448,Syrau,
6547384,2824148,Tannenbergsthal,
6547384,2822822,Theuma,
6547384,2822104,Tirpersdorf,
6547384,2821251,Treuen,
6547384,3210420,Triebel,
6547384,2814878,Waldkirchen,
6547384,2812104,Weischlitz,
6547384,2810970,Werda,
6547384,2803474,Zwota,
6547387,2955633,Arenshausen,
6547387,2950139,Berlingerode,
6547387,2948588,Birkenfelde,
6547387,2948305,Bischofferode (Am Ohmberg),Bischofferode
6547387,2946117,Bornhagen,
6547387,2944834,Brehme,
6547387,2944516,Breitenworbis,
6547387,2941965,Buhla,
6547387,2941078,Burgwalde,
6547387,2940516,Büttstedt,Buettstedt
6547387,2937860,Deuna,
6547387,2937155,Dieterode,
6547387,2936933,Dingelstädt,Dingelstaedt
6547387,2933543,Ecklingerode,
6547387,2933297,Effelder,
6547387,2932061,Eichstruth,
6547387,2929267,Ershausen,
6547387,2927125,Ferna,
6547387,2925153,Freienhagen,
6547387,2924936,Fretterode,
6547387,2921664,Geisleden,
6547387,2921642,Geismar,
6547387,2921179,Gerbershausen,
6547387,2921000,Gernrode,
6547387,2920873,Gerterode,
6547387,2920161,Glasehausen,
6547387,2917002,Großbartloff,
6547387,2916949,Großbodungen (Am Ohmberg),Großbodungen
6547387,2908863,Hausen,
6547387,2908565,Haynrode,
6547387,2907545,Heilbad Heiligenstadt,
6547387,2904974,Heuthen,
6547387,2901756,Hohengandern,
6547387,2900066,Holungen,
6547387,2897583,Hundeshagen,
6547387,2894390,Jützenbach,Juetzenbach
6547387,2893723,Kallmerode,
6547387,2891829,Kella,
6547387,2890513,Kirchgandern,
6547387,2890329,Kirchworbis,
6547387,2889756,Kleinbartloff,
6547387,2883791,Krombach,
6547387,2882597,Küllstedt,Kuellstedt
6547387,2879193,Leinefelde-Worbis,
6547387,2878760,Lenterode,
6547387,2877205,Lindewerra,
6547387,2874842,Lutter,
6547387,2874615,Mackenrode,
6547387,2873150,Marth,
6547387,2864088,Neustadt,Neustadt (Eichsfeld)|Neustadt (Am Ohmberg)
6547387,2863012,Niederorschel,
6547387,2854296,Pfaffschwende,
6547387,2848757,Reinholterode,
6547387,2845653,Rohrberg,
6547387,2845589,Röhrig,Roehrig
6547387,2842854,Rustenfelde,
6547387,2840933,Schachtebich,
6547387,2836605,Schönhagen,Schoenhagen
6547387,2834146,Schwobfeld,
6547387,2832772,Sickerode,
6547387,2832371,Siemerode,
6547387,2828788,Steinbach (Eichsfeld),Steinbach
6547387,2827983,Steinheuterode,
6547387,2827702,Steinrode,
6547387,2823951,Tastungen,
6547387,2823603,Teistungen,
6547387,2823034,Thalwenden,
6547387,2820498,Uder,
6547387,2816678,Volkerode,
6547387,2815689,Wachstedt,
6547387,2815419,Wahlhausen,
6547387,2813277,Wehnde,
6547387,2811927,Weißenborn-Lüderode,Weissenborn-Luederode
6547387,2808067,Wingerode,
6547387,2807654,Wintzingerode,
6547387,2806192,Worbis,
6547387,2805463,Wüstheuterode,Wuestheuterode
6547388,2953409,Bad Liebenstein,
6547388,2953357,Bad Salzungen,
6547388,2952834,Barchfeld,
6547388,2948300,Bischofroda,
6547388,2940529,Buttlar,
6547388,2939754,Creuzburg,
6547388,2938075,Dermbach,
6547388,2935729,Dorndorf,
6547388,2934032,Ebenshausen,
6547388,2931574,Eisenach,
6547388,2930463,Empfertshausen,
6547388,2928661,Ettenhausen,
6547388,2925561,Frankenroda,
6547388,2925313,Frauensee,
6547388,2921816,Geisa,
6547388,2920883,Gerstungen,
6547388,2911461,Hallungen,
6547388,2896724,Ifta,
6547388,2896299,Immelborn,
6547388,2884628,Krauthausen,
6547388,2880211,Lauchröden,Lauchroeden
6547388,2879926,Lauterbach,
6547388,2879260,Leimbach,
6547388,2873318,Marksuhl,
6547388,2873140,Martinroda,
6547388,2871166,Mihla,
6547388,2866832,Nazza,
6547388,2866600,Neidhartshausen,
6547388,2860941,Oberellen,
6547388,2857983,Oechsen,
6547388,2843258,Ruhla,
6547388,2838749,Schleid,
6547388,2834548,Schweina,
6547388,2834021,Seebach,
6547388,2829759,Stadtlengsfeld,
6547388,2828795,Steinbach,
6547388,2823162,Thal,
6547388,2822368,Tiefenort,
6547388,2821395,Treffurt,
6547388,2819892,Unterbreizbach,
6547388,2819727,Unterellen,
6547388,2818177,Urnshausen,
6547388,2817970,Vacha,
6547388,2816660,Völkershausen,Voelkershausen
6547388,2812634,Weilar,
6547388,2809196,Wiesenthal,
6547388,2806898,Wölferbütt,Woelferbuett
6547388,2806650,Wolfsburg-Unkeroda,
6547389,2957678,Altengottern,
6547389,2953413,Bad Langensalza,
6547389,2953325,Bad Tennstedt,
6547389,2948072,Blankenburg,
6547389,2943558,Bruchstedt,
6547389,2926371,Flarchheim,
6547389,2916636,Großengottern,
6547389,2914923,Großvargula,
6547389,2908696,Haussömmern,
6547389,2906185,Herbsleben,
6547389,2905882,Heroldishausen,
6547389,2904909,Heyerode,
6547389,2898771,Hornsömmern,
6547389,2893378,Kammerforst,
6547389,2892409,Katharinenberg,
6547389,2890490,Kirchheilingen,
6547389,2887847,Klettstedt,
6547389,2885436,Körner,
6547389,2882184,Kutzleben,
6547389,2880564,Langula,
6547389,2873227,Marolterode,
6547389,2871884,Menteroda,
6547389,2870565,Mittelsömmern,
6547389,2867996,Mühlhausen,Muehlhausen|Mühlhausen/Thüringen
6547389,2863516,Niederdorla,
6547389,2861059,Oberdorla,
6547389,2859800,Obermehler,
6547389,2857151,Oppershausen,
6547389,2838240,Schlotheim,
6547389,3207136,Schönstedt,Schoenstedt
6547389,2834020,Seebach,
6547389,2831502,Sollstedt,
6547389,2824642,Sundhausen,
6547389,2821695,Tottleben,
6547389,2818243,Urbach,
6547389,3207142,Urleben,
6547390,2959773,Abtsbessingen,
6547390,2955394,Artern/Unstrut,Artern
6547390,2953459,Bad Frankenhausen/Kyffhäuser,Bad Frankenhausen
6547390,2953377,Badra,
6547390,2951177,Bellstedt,
6547390,2951120,Bendeleben,
6547390,2945952,Borxleben,
6547390,2944208,Bretleben,
6547390,2939972,Clingen,
6547390,2936233,Donndorf,
6547390,2934097,Ebeleben,
6547390,2928846,Esperstedt,
6547390,2928553,Etzleben,
6547390,2925162,Freienbessingen,
6547390,2922014,Gehofen,
6547390,2919223,Göllingen,Goellingen
6547390,2918926,Gorsleben,
6547390,2917579,Greußen,
6547390,2916643,Großenehrich,
6547390,2912932,Hachelbich,
6547390,2908669,Hauteroda,
6547390,2906990,Heldrungen,
6547390,2906578,Hemleben,
6547390,2899560,Holzsußra,
6547390,2896772,Ichstedt,
6547390,2893884,Kalbsrieth,
6547390,2869867,Mönchpfiffel-Nikolausrieth,
6547390,2866843,Nausitz,
6547390,2863580,Niederbösa,
6547390,2861227,Oberbösa,Oberboesa
6547390,2860359,Oberheldrungen,
6547390,2857388,Oldisleben,
6547390,2848722,Reinsdorf,
6547390,2846593,Ringleben,
6547390,2846186,Rockstedt,
6547390,2844651,Roßleben,
6547390,2843668,Rottleben,
6547390,2839658,Schernberg,
6547390,2836676,Schönewerda,Schoenewerda
6547390,2831276,Sondershausen,
6547390,2827638,Steinthaleben,
6547390,3207140,Topfstedt,
6547390,2821422,Trebra,
6547390,2816583,Vollenborn,
6547390,2813701,Wasserthaleben,
6547390,2810143,Westgreußen,
6547390,2809524,Wiehe,
6547390,2806872,Wolferschwenda,
6547391,2958480,Alkersleben,
6547391,2957701,Altenfeld,
6547391,2956143,Angelroda,
6547391,2955439,Arnstadt,
6547391,2951454,Behringen,
6547391,2946982,Böhlen,Boehlen
6547391,2945857,Bösleben-Wüllersleben,
6547391,2935693,Dornheim,
6547391,2931171,Elgersburg,
6547391,2931098,Elleben,
6547391,2930631,Elxleben,
6547391,2925600,Frankenhain,
6547391,2921996,Gehren,
6547391,2921228,Geraberg,
6547391,2920837,Geschwenda,
6547391,2918818,Gossel,
6547391,2918282,Gräfenroda,Graefenroda
6547391,2916926,Großbreitenbach,
6547391,2896514,Ilmenau,
6547391,2880684,Langewiesen,
6547391,2877948,Liebenstein,
6547391,2873141,Martinroda,
6547391,2870147,Möhrenbach,Moehrenbach
6547391,2865155,Neuhaus,
6547391,2864142,Neusiß,
6547391,2864059,Neustadt am Rennsteig,
6547391,3207489,Osthausen-Wülfershausen,
6547391,2854953,Pennewitz,
6547391,2853295,Plaue,
6547391,2829765,Stadtilm,
6547391,2825273,Stützerbach,Stuetzerbach
6547391,2807163,Witzleben,
6547392,2958443,Allendorf,
6547392,2957823,Altenbeuthen,
6547392,2953541,Bad Blankenburg,
6547392,2951754,Bechstedt,
6547392,2948422,Birkigt,
6547392,2939665,Cursdorf,
6547392,2938593,Deesbach,
6547392,2935485,Döschnitz,
6547392,2934921,Dröbischau,Droebischau
6547392,2934895,Drognitz,
6547392,2918766,Goßwitz,
6547392,2915408,Großkochberg,
6547392,2901364,Hohenwarte,
6547392,2893255,Kamsdorf,
6547392,2892118,Katzhütte,Katzhuette
6547392,2892052,Kaulsdorf,
6547392,2885895,Königsee,Koenigsee
6547392,2885723,Könitz,Koenitz
6547392,2878308,Leutenberg,
6547392,2873303,Marktgölitz,Marktgoelitz
6547392,2872073,Mellenbach-Glasbach,
6547392,2871458,Meura,
6547392,2871441,Meuselbach,
6547392,2866900,Naundorf,
6547392,2860505,Oberhain,
6547392,2858586,Oberweißbach,Oberweißbach/Thüringer Wald
6547392,2851928,Probstzella,
6547392,2849155,Reichenbach,
6547392,2848994,Reichmannsdorf,
6547392,2845699,Rohrbach,
6547392,2843738,Rottenbach,
6547392,2843496,Rückersdorf,Rueckersdorf
6547392,2843355,Rudolstadt,
6547392,2842688,Saalfeld,Saalfeld/Saale
6547392,2837780,Schmiedefeld,
6547392,2835105,Schwarzburg,
6547392,2831787,Sitzendorf,
6547392,2818426,Unterweißbach,
6547392,2818418,Unterwellenborn,
6547392,2807285,Wittgendorf,
6547393,2958713,Albersdorf,
6547393,2957830,Altenberga,
6547393,2953421,Bad Klosterlausnitz,
6547393,2949363,Bibra,
6547393,2947471,Bobeck,
6547393,2946686,Bollberg,
6547393,2944323,Bremsnitz,
6547393,2942819,Bucha,
6547393,2941401,Bürgel,Buergel
6547393,2940377,Camburg,
6547393,2935741,Dornburg,
6547393,2932343,Eichenberg,
6547393,2931795,Eineborn,
6547393,2931521,Eisenberg,
6547393,2925326,Frauenprießnitz,
6547393,2925147,Freienorla,
6547393,2921711,Geisenhain,
6547393,3207470,Gneus,
6547393,2919189,Golmsdorf,
6547393,2918858,Gösen,Goesen
6547393,2916954,Großbockedra,
6547393,2915673,Großeutersdorf,
6547393,2915317,Großlöbichau,Grossloebichau
6547393,2915166,Großpürschütz,
6547393,2913743,Gumperda,
6547393,2911794,Hainichen,
6547393,2911767,Hainspitz,
6547393,2910047,Hartmannsdorf,
6547393,2905916,Hermsdorf,
6547393,2897673,Hummelshain,
6547393,2895040,Jenalöbnitz,Jenaloebnitz
6547393,2894247,Kahla,
6547393,2892879,Karlsdorf,
6547393,2889704,Kleinbockedra,
6547393,2889572,Kleinebersdorf,
6547393,2888937,Kleineutersdorf,
6547393,2882103,Laasdorf,
6547393,2879543,Lehesten,
6547393,2877158,Lindig,
6547393,2876712,Löberschütz,
6547393,2871723,Mertendorf,
6547393,2871444,Meusebach,
6547393,2871147,Milda,
6547393,2870281,Möckern,Moeckern
6547393,2869167,Mörsdorf,Moersdorf
6547393,2866842,Nausnitz,
6547393,2865722,Neuengönna,
6547393,3207488,Oberbodnitz,
6547393,2857080,Orlamünde,Orlamuende
6547393,2856119,Ottendorf,
6547393,2854704,Petersberg,
6547393,2852392,Poxdorf,
6547393,2851323,Quirla,
6547393,2850160,Rattelsdorf,
6547393,2850067,Rauda,
6547393,2849857,Rauschwitz,
6547393,2849855,Rausdorf,
6547393,2849152,Reichenbach,
6547393,2848699,Reinstädt,
6547393,2848153,Renthendorf,
6547393,2843978,Rothenstein,
6547393,3207490,Ruttersdorf-Lotschen,
6547393,2841636,Sankt Gangloff,
6547393,2839949,Scheiditz,
6547393,2839049,Schkölen,Schkoelen
6547393,2838707,Schleifreisen,
6547393,2838453,Schlöben,
6547393,2836614,Schöngleina,
6547393,2836387,Schöps,
6547393,2833313,Seitenroda,
6547393,2832968,Serba,
6547393,2832106,Silbitz,
6547393,2829750,Stadtroda,
6547393,2824858,Sulza,
6547393,2823771,Tautenburg,
6547393,2823768,Tautendorf,
6547393,2823764,Tautenhain,
6547393,2822739,Thierschneck,
6547393,2822088,Tissa,
6547393,2821069,Tröbnitz,
6547393,2821057,Trockenborn-Wolfersdorf,
6547393,2819907,Unterbodnitz,
6547393,2815102,Waldeck,
6547393,2814499,Walpernhain,
6547393,2814406,Waltersdorf,
6547393,2812032,Weißbach,
6547393,2811934,Weißenborn,
6547393,2809796,Wichmar,
6547393,2804161,Zimmern,
6547393,2803917,Zöllnitz,Zoellnitz
6547394,2876721,Bad Lobenstein,
6547394,2948551,Birkenhügel,Birkenhuegel
6547394,2948081,Blankenberg,
6547394,2948033,Blankenstein,
6547394,2947168,Bodelwitz,
6547394,2942820,Bucha,
6547394,2941226,Burgk,
6547394,2940033,Chursdorf,
6547394,2939742,Crispendorf,
6547394,2936738,Dittersdorf,
6547394,2936550,Döbritz,Doebritz
6547394,2935063,Dreitzsch,
6547394,2933921,Ebersdorf,
6547394,2928836,Eßbach,
6547394,2922089,Gefell,
6547394,2920988,Geroda,
6547394,2920872,Gertewitz,
6547394,2918990,Görkwitz,
6547394,2918884,Göschitz,
6547394,2918787,Gössitz,
6547394,2917226,Grobengereuth,
6547394,2910342,Harra,
6547394,2905591,Herschdorf,
6547394,2903720,Hirschberg,
6547394,2891887,Keila,
6547394,2890235,Kirschkau,
6547394,2887247,Knau,
6547394,2885327,Kospoda,
6547394,2883794,Krölpa,
6547394,2880960,Langenorla,
6547394,2878927,Lemnitz,
6547394,2876228,Löhma,Loehma
6547394,2871186,Miesitz,
6547394,2870618,Mittelpöllnitz,
6547394,2869025,Moßbach,
6547394,2868944,Moxa,
6547394,2864461,Neundorf,
6547394,8354429,Neustadt an der Orla,
6547394,2862406,Nimritz,
6547394,2859473,Oberoppurg,
6547394,2859414,Oberpöllnitz,Oberpoellnitz
6547394,2857850,Oettersdorf,
6547394,2857134,Oppurg,
6547394,2855333,Paska,
6547394,2854518,Peuschen,
6547394,2853136,Plothen,
6547394,2852600,Pörmitz,
6547394,2852512,Pößneck,Poessneck
6547394,2852428,Pottiga,
6547394,2851493,Quaschwitz,
6547394,2850484,Ranis,
6547394,2848726,Reinsdorf,
6547394,2848277,Remptendorf,
6547394,2846232,Rockendorf,
6547394,2845033,Rosendorf,
6547394,2844928,Rosenthal,
6547394,2842706,Saalburg,
6547394,2838794,Schlegel,
6547394,2838673,Schleiz,
6547394,2837738,Schmieritz,
6547394,2837638,Schmorda,
6547394,2836868,Schönbrunn,Schoenbrunn
6547394,2836820,Schöndorf,Schoendorf
6547394,2833326,Seisla,
6547394,2831571,Solkwitz,
6547394,2829568,Stanau,
6547394,2824227,Tanna,
6547394,2823710,Tegau,
6547394,2821919,Tömmelsdorf,
6547394,2821094,Triptis,
6547394,2816625,Volkmannsdorf,
6547394,2812118,Weira,
6547394,2810836,Wernburg,
6547394,2808743,Wilhelmsdorf,
6547394,2805623,Wurzbach,
6547394,2804368,Ziegenrück,Ziegenrueck
6547395,2934163,Duvenstedt,
6547395,2911298,Hamburg,
6547395,2878918,Lemsahl-Mellingstedt,
6547395,11611370,Sülldorf,Suelldorf
8648342,3209174,Admannshagen-Bargeshagen,
8648342,2958048,Alt Bukow,
8648342,2957087,Altkalen,
8648342,2953528,Bad Doberan,
8648342,3209175,Bartenshagen-Parkentin,
8648342,2952235,Bastorf,
8648342,2951468,Behren-Lübchin,Behren-Luebchin
8648342,2950934,Bentwisch,
8648342,2950003,Bernitt,
8648342,2949160,Biendorf,
8648342,2948061,Blankenhagen,
8648342,3209176,Börgerende-Rethwisch,Boergerende-Rethwisch
8648342,2943919,Broderstorf,
8648342,2940476,Bützow,Buetzow
8648342,2940363,Cammin,
8648342,2939385,Dahmen,
8648342,2939193,Damm,
8648342,2937451,Diekhof,
8648342,2936412,Dolgen,
8648342,2934635,Dummerstorf,
8648342,2930850,Elmenhorst/Lichtenhagen,
8648342,2921547,Gelbensande,
8648342,2919657,Gnoien,
8648342,2915129,Groß Roge,
8648342,2914833,Groß Wokern,
8648342,2914816,Groß Wüstenfelde,Gross Wuestenfelde
8648342,2913781,Gülzow,Guelzow
8648342,2913433,Güstrow,Guestrow
8648342,2913335,Gutow,
8648342,2907588,Heiligenhagen,
8648342,2901471,Hohen Sprenz,
8648342,2899158,Hoppenrade,
8648342,2898639,Horst,
8648342,2895025,Jennewitz,
8648342,2894707,Jördenstorf,Joerdenstorf
8648342,2894415,Jürgenshagen,Juergenshagen
8648342,2892008,Kavelstorf,
8648342,2889750,Klein Belitz,
8648342,2888594,Klein Kussewitz,
8648342,2884850,Krakow am See,
8648342,2883860,Kritzmow,
8648342,2883602,Kröpelin,Kroepelin
8648342,2883156,Kuchelmiß,
8648342,2882141,Laage,
8648342,2881789,Lalendorf,
8648342,2881770,Lambrechtshagen,
8648342,2880666,Langhagen,
8648342,2878974,Lelkendorf,
8648342,2877905,Lieblingshof,
8648342,2877754,Liessow,
8648342,2876211,Lohmen,
8648342,2875426,Lüdershagen,Luedershagen
8648342,2874987,Lüssow,Luessow
8648342,2870926,Mistorf,
8648342,2869882,Mönchhagen,Moenchhagen
8648342,2867929,Mühl Rosin,Muehl Rosin
8648342,2856193,Ostseebad Kühlungsborn,Ostseebad Kuehlungsborn|Kühlungsborn
8648342,2856192,Ostseebad Nienhagen,Nienhagen
8648342,2855623,Pampow,
8648342,2855518,Papendorf,
8648342,2853494,Plaaz,
8648342,13362065,Pölchow,
8648342,2851996,Prisannewitz,
8648342,2851796,Prüzen,Pruezen
8648342,2849624,Reddelich,
8648342,2848855,Reimershagen,
8648342,2848017,Retschow,
8648342,2845840,Roggentin,
8648342,2843603,Rövershagen,Roevershagen
8648342,2843214,Rühn,Ruehn
8648342,2841402,Sarmstorf,
8648342,2866087,Schliemannstadt Neubukow,
8648342,2835542,Schwaan,
8648342,2856194,Seeheilbad Graal-Müritz,Seeheilbad Graal-Mueritz
8648342,2833160,Selpin,
8648342,2829943,Stäbelow,Staebelow
8648342,2829154,Steffenshagen,
8648342,2823981,Tarnow,
8648342,2823423,Tessenow,
8648342,2823418,Tessin,
8648342,2823398,Teterow,
8648342,2822870,Thelkow,
8648342,2822599,Thulendorf,
8648342,2814738,Walkendorf,
8648342,2814133,Wardow,
8648342,2814043,Warnow,
8648342,2813624,Wattmannshagen,
8648342,2809449,Wiendorf,
8648342,2807355,Wittenbeck,
8648342,2805050,Zehna,
8648342,2804761,Zepelin,
8648342,2804268,Ziesendorf,
8648412,2944237,Alt Brenz,
8648412,2957061,Alt Krenzlin,
8648412,2952960,Bandenitz,
8648412,2952857,Banzkow,
8648412,2949802,Besitz,
8648412,2947733,Blievenstorf,
8648412,2946821,Boizenburg/Elbe,Boizenburg
8648412,2946210,Borkow,
8648412,2945565,Brahlstorf,
8648412,2944228,Bresegard bei Eldena,
8648412,2943362,Brüel,Brueel
8648412,2940379,Cambs,
8648412,2939739,Crivitz,
8648412,2939645,Dabel,
8648412,2939195,Damm,
8648412,2938304,Demen,
8648412,2937201,Diestelow,
8648412,2936683,Dobbertin,
8648412,2936292,Dömitz,Doemitz
8648412,2936271,Domsühl,Domsuehl
8648412,2934643,Dümmer,Duemmer
8648412,2931217,Eldena,
8648412,2924483,Friedrichsruhe,
8648412,2923371,Gägelow,Gaegelow
8648412,2922815,Gallin,
8648412,2922610,Ganzlin,
8648412,2919366,Goldberg,
8648412,2919311,Goldenstädt,Goldenstaedt
8648412,2918405,Grabow,
8648412,2918180,Grambow,
8648412,2918072,Granzin,
8648412,2917860,Grebbin,
8648412,2917618,Gresse,
8648412,2917541,Greven,
8648412,2915357,Groß Laasch,
8648412,2912481,Hagenow,
8648412,2901564,Hohen Pritz,
8648412,2900126,Holthusen,
8648412,2899278,Hoort,
8648412,2892647,Karstädt,Karstaedt
8648412,2890439,Kirch Jesar,
8648412,2888316,Klein Rogahn,
8648412,2886821,Kogel,
8648412,2885499,Körchow,Koerchow
8648412,2882804,Kuhlen,
8648412,2882660,Kuhstorf,
8648412,2882548,Kummer,
8648412,2879667,Leezen,
8648412,13556820,Lewitzrland,
8648412,2875594,Lübesse,Luebesse
8648412,2875586,Lüblow,Lueblow
8648412,2875559,Lübtheen,Luebtheen
8648412,2875558,Lübz,Luebz
8648412,2875343,Ludwigslust,
8648412,2874070,Malliß,
8648412,2873233,Marnitz,
8648412,3209099,Matzlow-Garwitz,
8648412,2871596,Mestlin,
8648412,2870986,Mirow,
8648412,3209100,Moraas,
8648412,2867345,Mustin,
8648412,2865247,Neu Gülze,Neu Guelze
8648412,2864804,Neu Kaliß,
8648412,2864357,Neu Poserin,
8648412,2866072,Neuburg,
8648412,2864036,Neustadt-Glewe,
8648412,2861774,Nostorf,
8648412,13556847,Obere Warnow,
8648412,2855441,Parchim,
8648412,2855300,Passow,
8648412,2853889,Picher,
8648412,2853647,Pinnow,
8648412,2853406,Plate,
8648412,2853297,Plau am See,
8648412,2851992,Prislich,
8648412,2851968,Pritzier,
8648412,2851175,Raben Steinfeld,
8648412,2850946,Raduhn,
8648412,2850238,Rastow,
8648412,2849601,Redefin,
8648412,2848054,Retgendorf,
8648412,2845371,Rom,
8648412,2843527,Rubow,
8648412,2835249,Schwanheide,
8648412,2832888,Setzin,
8648412,2832264,Siggelkow,
8648412,2830146,Spornitz,
8648412,2827336,Sternberg,
8648412,2826290,Stralendorf,
8648412,2824926,Sukow,
8648412,2824937,Sülstorf,Suelstorf
8648412,2823737,Techentin,
8648412,2822031,Toddin,
8648412,2821606,Tramm,
8648412,2817696,Vellahn,
8648412,2817412,Vielank,
8648412,2814095,Warlow,
8648412,2810937,Werder,
8648412,2810590,Wessin,
8648412,2807335,Wittenburg,
8648412,2807327,Wittenförden,Wittenfoerden
8648412,2807171,Witzin,
8648412,2807138,Wöbbelin,Woebbelin
8648412,2805231,Zapel,
8648412,2805193,Zarrentin am Schaalsee,
8648412,2804399,Ziegendorf,
8648412,2803953,Zölkow,Zoelkow
8648413,2956853,Alt Schwerin,
8648413,2957437,Altentreptow,
8648413,2956019,Ankershagen,
8648413,2952345,Bartow,
8648413,2952295,Basedow,
8648413,2951510,Beggerow,
8648413,2948052,Blankenhof,
8648413,2948038,Blankensee,
8648413,2947541,Blumenholz,
8648413,2946034,Borrentin,
8648413,2944858,Breesen,
8648413,2943203,Brunn,
8648413,2941107,Burg Stargard,
8648413,2940959,Burow,
8648413,2940649,Bütow,Buetow
8648413,2940259,Carpin,
8648413,2939896,Cölpin,Coelpin
8648413,2938924,Dargun,
8648413,2938284,Demmin,
8648413,2932131,Eichhorst,
8648413,2927692,Faulenrost,
8648413,2924679,Friedland,
8648413,2923238,Galenbeck,
8648413,2920628,Gielow,
8648413,2919470,Göhren-Lebbin,Goehren-Lebbin
8648413,2918398,Grabowhöfe,Grabowhoefe
8648413,2915604,Groß Gievitz,
8648413,2871071,Groß Miltzow,
8648413,2915236,Groß Nemerow,
8648413,2915178,Groß Plasten,
8648413,2914974,Groß Teetzleben,
8648413,2913788,Gültz,Gueltz
8648413,2913290,Gützkow,Guetzkow
8648413,2901378,Hohen Wangelin,
8648413,2901324,Hohenzieritz,
8648413,2900639,Holldorf,
8648413,2895545,Ivenack,
8648413,2895524,Jabel,
8648413,2894409,Jürgenstorf,Juergenstorf
8648413,2892951,Kargow,
8648413,2891368,Kessin,
8648413,2888078,Klein Vielen,
8648413,2887686,Klink,
8648413,2887051,Knorrendorf,
8648413,2884680,Kratzeburg,
8648413,2882533,Kummerow,
8648413,2880404,Lärz,Laerz
8648413,2876044,Loitz,
8648413,2874131,Malchin,
8648413,2874122,Malchow,
8648413,2870043,Möllenbeck,Moellenbeck
8648413,2870025,Möllenhagen,Moellenhagen
8648413,2869995,Mölln,Moelln
8648413,2866135,Neubrandenburg,
8648413,2865633,Neuenkirchen,
8648413,2864806,Neukalen,
8648413,2864005,Neustrelitz,
8648413,2863765,Neverin,
8648413,2861787,Nossendorf,
8648413,2861784,Nossentiner Hütte,Nossentiner Huette
8648413,2854906,Penzlin,
8648413,2852358,Pragsdorf,
8648413,2849717,Rechlin,
8648413,2848841,Reinberg,
8648413,2848280,Remplin,
8648413,2846329,Ritzerow,
8648413,2846286,Röbel,Roebel
8648413,2845842,Roggentin,
8648413,2844947,Rosenow,
8648413,2844633,Rossow,
8648413,2841391,Sarow,
8648413,2837012,Schönbeck,Schoenbeck
8648413,2832599,Siedenbollentin,
8648413,2832312,Sietow,
8648413,2829291,Staven,
8648413,2847790,Stavenhagen,
8648413,2825552,Stubbendorf,
8648413,2823444,Teschendorf,
8648413,2821803,Torgelow am See,
8648413,2821022,Trollenhagen,
8648413,2820691,Tützpatz,Tuetzpatz
8648413,2820522,Ückeritz,UEckeritz
8648413,2818099,Userin,
8648413,2817404,Vielist,
8648413,2816548,Vollrathsruhe,
8648413,2814131,Waren (Müritz),Waren
8648413,2814010,Warsow,
8648413,2810662,Wesenberg,
8648413,2809009,Wildberg,
8648413,2807098,Woggersin,
8648413,2806968,Wolde,
8648413,2806963,Woldegk,
8648413,2806015,Wredenhagen,
8648413,2805865,Wulkenzin,
8648413,2805448,Wustrow,
8648413,2805213,Zarnekow,
8648415,2959244,Ahlbeck,
8648415,2956801,Alt Tellin,
8648415,2841684,Alt-Sanitz,
8648415,2956778,Altwarp,
8648415,2956018,Anklam,
8648415,2952964,Bandelin,
8648415,2833989,Bansin,
8648415,2951469,Behrenhoff,
8648415,2950933,Bentzin,
8648415,2950930,Benz,
8648415,2946727,Boldekow,
8648415,2946396,Boock,
8648415,2943001,Brünzow,Bruenzow
8648415,2938931,Dargen,
8648415,2938019,Dersekow,
8648415,2934766,Ducherow,
8648415,2934158,Düvier,Duevier
8648415,2933042,Eggesin,
8648415,2927142,Ferdinandshof,
8648415,2918974,Görmin,Goermin
8648415,2918181,Grambow,
8648415,2915427,Groß Kiesow,
8648415,2915176,Groß Polzin,
8648415,2911173,Hammer an der Uecker,
8648415,2910776,Hanshagen,
8648415,2907207,Heinrichswalde,
8648415,2864900,Heringsdorf,
8648415,2904415,Hinrichshagen Hof Eins,
8648415,2901832,Hohendorf,
8648415,2895162,Jarmen,
8648415,2895131,Jatznick,
8648415,2892865,Karlshagen,
8648415,2892112,Katzow,
8648415,2891653,Kemnitz,
8648415,2889642,Klein Bünzow,Klein Buenzow
8648415,2885386,Korswandt,
8648415,2885338,Koserow/Insel Usedom,Koserow
8648415,2885027,Krackow,
8648415,2883942,Krien,
8648415,2883560,Kröslin,Kroeslin
8648415,2883477,Kruckow,
8648415,2880375,Lassan,
8648415,2878675,Leopoldshagen,
8648415,2877803,Liepgarten,
8648415,2876510,Loddin,
8648415,2876065,Loissin,
8648415,2876043,Loitz,
8648415,2875585,Lubmin,
8648415,2875473,Luckow,
8648415,2875233,Lühmannsdorf,Luehmannsdorf
8648415,2871654,Mesekenhagen,
8648415,2869963,Mölschow,Moelschow
8648415,2869782,Mönkebude,Moenkebude
8648415,2867471,Murchin,
8648415,2866677,Neetzow,
8648415,2866152,Neu Boltenhagen,
8648415,2864679,Neu Kosenow,
8648415,2833987,Osteseebad Karlshagen,Karlshagen
8648415,2804109,Ostseebad Zinnowitz,
8648415,2855337,Pasewalk,
8648415,2854957,Penkun,Stadt Penkun
8648415,2850468,Rankwitz,
8648415,2845383,Rollwitz,
8648415,2843535,Rubkow,
8648415,2841356,Sassen,
8648415,2836442,Schönwalde,Schoenwalde
8648415,2804787,Seebad Zempin,
8648415,2830807,Spantekow,
8648415,2818107,Stadt Usedom,Usedom
8648415,2826537,Stolpe,
8648415,2826258,Strasburg (Uckermark),Strasburg
8648415,2821802,Torgelow,
8648415,2821546,Trassenheide,
8648415,2820704,Tutow,
8648415,2820471,Ueckermünde,Ueckermuende
8648415,2917788,Universitäts- und Hansestadt Greifswald,Greifswald|Greifswald / Vorpommern
8648415,2817375,Viereck,
8648415,2816531,Völschow,Voelschow
8648415,2811665,Weitenhagen,
8648415,2808748,Wilhelmsburg,
8648415,2806501,Wolgast,
8648415,2805481,Wusterhusen,
8648415,2804792,Zemitz,
8648415,2804715,Zerrenthin,
8648415,2804051,Zirchow,
8648415,2803651,Züssow,Zuessow
