level,code,postal_code
2,2803460,58505
2,2803460,58603
2,2803460,58634
2,2803461,30157
2,2803461,31007
2,2803461,31028
2,2803461,31061
2,2803461,31084
2,2803461,31120
2,2803461,31121
2,2803461,31129
2,2803461,31130
2,2803461,31131
2,2803461,31132
2,2803463,86313
2,2803463,86436
2,2803463,86674
2,2803558,08037
2,2803558,08048
2,2803558,08080
2,2803558,08107
2,2803558,08118
2,2803558,08132
2,2803558,08134
2,2803558,08147
2,2803558,08432
2,2803558,08439
2,2803558,08459
2,2803558,09212
2,2803558,09350
2,2807345,06773
2,2807345,06785
2,2807345,06786
2,2807345,06868
2,2807345,06869
2,2807345,06886
2,2807345,06888
2,2807345,06889
2,2807345,06895
2,2807345,06896
2,2807345,06901
2,2807345,06905
2,2807345,06909
2,2807345,06917
2,2807345,06918
2,2807345,06922
2,2807345,06925
2,2807345,06926
2,2807345,06928
2,2809976,35509
2,2809976,61116
2,2809976,61167
2,2809976,61182
2,2809976,61191
2,2809976,61194
2,2809976,61206
2,2809976,61229
2,2809976,63652
2,2809976,63694
2,2810674,46480
2,2810674,46482
2,2810674,47439
2,2810674,47493
2,2810674,47504
2,2812479,99420
2,2812479,99421
2,2812480,99081
2,2812480,99428
2,2812480,99437
2,2812480,99438
2,2812480,99439
2,2812480,99441
2,2812480,99510
2,2812480,99518
2,2816883,35315
2,2816883,35325
2,2816883,35329
2,2816883,36325
2,2816883,36326
2,2816883,36338
2,2816883,36339
2,2816883,36367
2,2817598,27270
2,2817598,27279
2,2817598,27280
2,2817598,27281
2,2817598,27283
2,2817598,27298
2,2817598,28869
2,2820086,44530
2,2820086,58237
2,2820086,59172
2,2820086,59366
2,2820086,59438
2,2820859,72105
2,2820859,72108
2,2820859,72119
2,2820859,72149
2,2820859,72181
2,2820859,72780
2,2821160,54310
2,2821160,54314
2,2821160,54316
2,2821160,54340
2,2821160,54413
2,2821160,54426
2,2821806,04024
2,2821806,04082
2,2821806,04089
2,2821806,04509
2,2821806,04756
2,2821806,04758
2,2821806,04769
2,2821806,04855
2,2821806,04860
2,2821806,04886
2,2822099,92717
2,2822099,95692
2,2822099,95698
2,2824945,98496
2,2824945,98497
2,2824945,98523
2,2825001,67489
2,2825001,76831
2,2825001,76835
2,2825001,76863
2,2825001,76878
2,2827478,39517
2,2827478,39524
2,2827478,39579
2,2827478,39590
2,2827478,39596
2,2827478,39599
2,2827478,39606
2,2827478,39615
2,2827478,39624
2,2827478,39629
2,2829456,82317
2,2829456,82322
2,2829456,82349
2,2831245,96523
2,2831245,96528
2,2831245,98749
2,2831402,06578
2,2831402,99610
2,2831402,99628
2,2831402,99638
2,2831482,27336
2,2831482,29611
2,2831482,29612
2,2831482,29683
2,2831482,29690
2,2831482,29693
2,2834281,19020
2,2834281,19048
2,2834281,19049
2,2834281,19050
2,2834281,19051
2,2834281,19101
2,2834685,78041
2,2834685,78044
2,2834685,78045
2,2834685,78046
2,2834685,78060
2,2834685,78086
2,2834685,78120
2,2834685,78141
2,2838633,24392
2,2838633,24860
2,2838633,24986
2,2840133,31542
2,2840133,31552
2,2840133,31553
2,2840133,31555
2,2840133,31556
2,2840133,31558
2,2840133,31559
2,2840133,31653
2,2840133,31655
2,2840133,31673
2,2840133,31675
2,2840133,31681
2,2840133,31682
2,2840133,31683
2,2840133,31688
2,2840133,31691
2,2840133,31693
2,2840133,31698
2,2840133,31700
2,2840133,31702
2,2840133,31711
2,2840133,31714
2,2840133,31715
2,2840133,31735
2,2840133,31737
2,2840133,31749
2,2840133,31867
2,2842111,29410
2,2842111,29413
2,2842111,29416
2,2842111,38486
2,2842111,38489
2,2842111,39615
2,2842111,39619
2,2842111,39624
2,2842111,39638
2,2842111,39649
2,2842671,06145
2,2842671,06179
2,2842671,06184
2,2842671,06193
2,2842671,06198
2,2842671,06231
2,2842671,06242
2,2842671,06249
2,2842671,06252
2,2842671,06254
2,2842671,06255
2,2842671,06258
2,2842671,06268
2,2842671,06632
2,2843324,18314
2,2843324,18320
2,2843324,18334
2,2843324,18347
2,2843324,18375
2,2843324,18431
2,2843324,18432
2,2843324,18442
2,2843324,18461
2,2843324,18465
2,2843324,18469
2,2843324,18510
2,2843324,18516
2,2843324,18519
2,2843324,18528
2,2843324,18556
2,2843324,18565
2,2843324,18569
2,2843324,18574
2,2843324,18586
2,2843324,18609
2,2844587,18048
2,2844587,18050
2,2844587,18051
2,2844587,18052
2,2844587,18053
2,2847553,97528
2,2847553,97615
2,2847553,97618
2,2847553,97645
2,2847553,97647
2,2847553,97653
2,2847604,51570
2,2847604,53222
2,2847604,53253
2,2847604,53330
2,2847604,53338
2,2847604,53357
2,2847604,53602
2,2847604,53637
2,2847604,53717
2,2847604,53718
2,2847604,53719
2,2847604,53754
2,2847604,53773
2,2847604,53819
2,2847604,53839
2,2847604,53913
2,2847614,68721
2,2847614,68764
2,2847614,69159
2,2847614,69189
2,2847614,69436
2,2847614,69465
2,2847614,74887
2,2847614,74918
2,2849645,44573
2,2849645,45630
2,2849645,45655
2,2849645,45697
2,2849645,45729
2,2849645,45765
2,2852455,10908
2,2852455,10909
2,2852455,14424
2,2852455,14425
2,2852455,14458
2,2852455,14459
2,2852455,14461
2,2852455,14462
2,2852455,14463
2,2852455,14465
2,2852455,14476
2,2852456,14322
2,2852456,14329
2,2852456,14456
2,2852456,14476
2,2852456,14510
2,2852456,14532
2,2852456,14542
2,2852456,14547
2,2852456,14548
2,2852456,14550
2,2852456,14552
2,2852456,14554
2,2852456,14557
2,2852456,14558
2,2852456,14778
2,2852456,14789
2,2852456,14793
2,2852456,14797
2,2852456,14798
2,2852456,14806
2,2852456,14822
2,2852456,14823
2,2852456,14943
2,2853161,24211
2,2853161,24217
2,2853161,24222
2,2853657,22758
2,2853657,22865
2,2853657,22866
2,2853657,22867
2,2853657,22869
2,2853657,22876
2,2853657,25320
2,2853657,25333
2,2853657,25389
2,2853657,25392
2,2853657,25450
2,2854385,85273
2,2854385,86558
2,2856827,73425
2,2856827,73427
2,2856827,73428
2,2856827,73446
2,2856827,73469
2,2856827,73477
2,2856827,73479
2,2856827,73492
2,2856827,73520
2,2856827,73521
2,2856827,73522
2,2856827,73524
2,2856827,73538
2,2857455,27798
2,2861443,87538
2,2861443,87541
2,2861443,87545
2,2861979,99735
2,2861979,99738
2,2861979,99752
2,2861979,99755
2,2861979,99759
2,2861979,99762
2,2861979,99765
2,2862622,27317
2,2862622,27324
2,2862622,31547
2,2862622,31577
2,2862622,31582
2,2862622,31592
2,2862622,31595
2,2862622,31622
2,2862622,31628
2,2862622,31629
2,2862622,31634
2,2862622,31637
2,2864548,88297
2,2864548,92345
2,2864548,92358
2,2864548,92363
2,2866064,86669
2,2871034,32310
2,2871034,32337
2,2871034,32351
2,2871034,32419
2,2871034,32420
2,2871034,32421
2,2871034,32455
2,2871034,32543
2,2871034,49447
2,2871673,66661
2,2871673,66679
2,2872153,01561
2,2872153,01585
2,2872153,01594
2,2872153,01609
2,2872153,01612
2,2872153,01619
2,2872153,01623
2,2872153,01665
2,2872153,01683
2,2873758,35031
2,2873758,35032
2,2873758,35034
2,2873758,35035
2,2873758,35036
2,2873758,35037
2,2873758,35039
2,2873758,35041
2,2873758,35043
2,2873758,35094
2,2873758,35096
2,2873758,35232
2,2873758,35239
2,2873758,35288
2,2873758,35719
2,2874229,22780
2,2874229,60290
2,2874229,60485
2,2874229,65209
2,2874229,65218
2,2874229,65438
2,2874229,65717
2,2874229,65754
2,2874229,65755
2,2874229,65756
2,2874229,65757
2,2874229,65758
2,2874229,65779
2,2874229,65784
2,2874229,65810
2,2874229,65823
2,2874229,65835
2,2874229,65840
2,2874229,65842
2,2874229,65844
2,2874242,36391
2,2874242,61137
2,2874242,63060
2,2874242,63405
2,2874242,63442
2,2874242,63443
2,2874242,63446
2,2874242,63447
2,2874242,63450
2,2874242,63452
2,2874242,63454
2,2874242,63456
2,2874242,63457
2,2874242,63475
2,2874242,63543
2,2874242,63549
2,2874242,63569
2,2874242,63579
2,2874242,63584
2,2874242,63589
2,2874242,63594
2,2874242,63599
2,2874242,63636
2,2874242,63637
2,2874242,63639
2,2874544,39081
2,2874544,39082
2,2874544,39083
2,2874544,39084
2,2874544,39085
2,2874544,39087
2,2874544,39088
2,2874544,39091
2,2874544,39092
2,2874544,39093
2,2874544,39094
2,2874544,39097
2,2874544,39098
2,2874544,39099
2,2874544,39157
2,2876922,32102
2,2876922,32655
2,2876922,32689
2,2876922,32699
2,2876922,32750
2,2876922,32753
2,2876922,32754
2,2876922,32823
2,2879137,04056
2,2879137,04079
2,2879137,04080
2,2879137,04081
2,2879137,04083
2,2879137,04084
2,2879137,04086
2,2879137,04087
2,2879137,04088
2,2879137,04091
2,2879137,04092
2,2879137,04095
2,2879137,04097
2,2879137,04150
2,2879137,04151
2,2879137,04158
2,2879137,04178
2,2879137,04227
2,2879137,04310
2,2879137,04311
2,2879137,04312
2,2879137,04328
2,2879137,04350
2,2879137,04360
2,2879137,04365
2,2879137,04370
2,2879138,04550
2,2879138,04552
2,2879138,04574
2,2879138,04651
2,2879138,04655
2,2879138,04668
2,2879138,04687
2,2879138,04808
2,2879138,04824
2,2879138,04828
2,2883782,96361
2,2885678,78221
2,2885678,78262
2,2885678,78266
2,2885678,78315
2,2885678,78355
2,2885678,78454
2,2885678,78455
2,2885678,78457
2,2885678,78459
2,2885678,78461
2,2892514,34112
2,2892514,34113
2,2892514,34219
2,2892514,34265
2,2892514,34266
2,2892514,34270
2,2892514,34292
2,2892514,34308
2,2892514,34317
2,2892514,34320
2,2892514,34359
2,2892514,34399
2,2892791,75013
2,2892791,75045
2,2892791,76273
2,2892791,76297
2,2892791,76307
2,2892791,76314
2,2892791,76327
2,2892791,76337
2,2892791,76359
2,2892791,76642
2,2892791,76643
2,2892791,76669
2,2892791,76706
2,2892916,09028
2,2892916,09030
2,2892916,09091
2,2892916,09092
2,2892916,09093
2,2892916,09094
2,2892916,09095
2,2892916,09096
2,2892916,09097
2,2892916,09099
2,2892916,09100
2,2892916,09103
2,2892916,09105
2,2892916,09106
2,2892916,09107
2,2892916,09108
2,2892916,09109
2,2892916,09128
2,2892916,09224
2,2892916,09227
2,2892916,09247
2,2894002,67661
2,2894002,67734
2,2895042,07737
2,2895042,07738
2,2895042,07739
2,2895042,07740
2,2904803,98553
2,2904803,98630
2,2904803,98646
2,2904803,98660
2,2904803,98663
2,2904803,98667
2,2904803,98669
2,2904803,98673
2,2905434,21039
2,2905434,21481
2,2905434,21493
2,2905434,21500
2,2905434,21521
2,2905434,22929
2,2905434,23881
2,2905434,23883
2,2905434,23919
2,2909461,96106
2,2909461,96181
2,2909461,97475
2,2909461,97486
2,2909461,97514
2,2909461,97519
2,2909461,97522
2,2909461,97531
2,2910684,21172
2,2910684,21224
2,2910684,21421
2,2910684,21423
2,2911516,06073
2,2911516,06075
2,2911516,06076
2,2911516,06077
2,2911516,06089
2,2911516,06090
2,2911516,06091
2,2911516,06092
2,2911516,06094
2,2911516,06095
2,2911516,06097
2,2911516,06098
2,2911516,06099
2,2911516,06100
2,2911516,06103
2,2911516,06104
2,2911516,06105
2,2911516,06106
2,2911516,06108
2,2911516,06110
2,2911516,06112
2,2911516,06114
2,2911516,06116
2,2911516,06118
2,2911516,06120
2,2911516,06122
2,2911516,06124
2,2911516,06126
2,2911516,06128
2,2911516,06130
2,2911516,06132
2,2911516,06144
2,2911516,06146
2,2911516,06147
2,2911664,06333
2,2911664,06458
2,2911664,06463
2,2911664,06502
2,2911664,06543
2,2911664,38817
2,2911664,38822
2,2911664,38832
2,2911664,38835
2,2911664,38836
2,2911664,38838
2,2911664,38845
2,2911664,38855
2,2911664,38875
2,2911664,38889
2,2911664,38899
2,2911664,39397
2,2917735,07554
2,2917735,07557
2,2917735,07570
2,2917735,07580
2,2917735,07584
2,2917735,07589
2,2917735,07937
2,2917735,07950
2,2917735,07955
2,2917735,07980
2,2918364,42895
2,2918364,94513
2,2918364,94566
2,2918364,94568
2,2918750,99100
2,2918750,99869
2,2918750,99878
2,2918750,99880
2,2918750,99885
2,2918750,99891
2,2918750,99893
2,2918750,99958
2,2918985,02708
2,2918985,02730
2,2918985,02747
2,2918985,02748
2,2918985,02788
2,2918985,02791
2,2918985,02796
2,2918985,02797
2,2918985,02799
2,2918985,02829
2,2918985,02894
2,2918985,02899
2,2918985,02906
2,2918985,02923
2,2918985,02929
2,2918985,02943
2,2919053,73025
2,2919053,73027
2,2919053,73047
2,2919053,73054
2,2919053,73111
2,2919053,73309
2,2919053,73312
2,2919053,73345
2,2919053,73347
2,2920479,29377
2,2920479,38179
2,2920479,38468
2,2920479,38516
2,2920479,38526
2,2920479,38539
2,2921230,07497
2,2921230,07499
2,2921230,07541
2,2921230,07543
2,2922531,82435
2,2922531,82449
2,2922531,82475
2,2922531,82493
2,2923624,82175
2,2923624,82254
2,2923624,82282
2,2924362,26316
2,2924362,26340
2,2924362,26345
2,2924362,26419
2,2924362,26434
2,2924362,26441
2,2924362,26452
2,2924362,26486
2,2924895,72178
2,2924895,72184
2,2924895,72291
2,2924895,72297
2,2925190,04720
2,2925190,04749
2,2925190,09231
2,2925190,09244
2,2925190,09306
2,2925190,09544
2,2925190,09595
2,2925190,09596
2,2925190,09600
2,2925190,09619
2,2925190,09627
2,2925190,09634
2,2925190,09638
2,2925190,09660
2,2925190,09661
2,2925190,09669
2,2925534,15220
2,2925534,15224
2,2925534,15228
2,2925534,15229
2,2925546,67225
2,2925546,67227
2,2926272,24927
2,2926272,24930
2,2926272,24932
2,2926272,24933
2,2926272,24945
2,2926272,47789
2,2928748,70538
2,2928748,70764
2,2928748,70765
2,2928748,70766
2,2928748,70767
2,2928748,70768
2,2928748,70769
2,2928748,70788
2,2928748,70790
2,2928748,70791
2,2928748,70792
2,2928748,72631
2,2928748,73227
2,2928748,73228
2,2928748,73669
2,2928748,73726
2,2928748,73728
2,2928748,73730
2,2928748,73732
2,2928748,73733
2,2928748,73734
2,2928748,73773
2,2929668,99060
2,2929668,99068
2,2929668,99073
2,2929668,99075
2,2929668,99077
2,2929668,99078
2,2929668,99079
2,2929668,99080
2,2929668,99081
2,2929668,99111
2,2929668,99112
2,2929668,99113
2,2929668,99114
2,2929668,99115
2,2929668,99116
2,2929668,99117
2,2929716,84416
2,2929716,85467
2,2929889,75194
2,2929889,75196
2,2929889,75210
2,2929889,75236
2,2929889,75245
2,2929889,75334
2,2929889,75415
2,2930044,45523
2,2930044,58283
2,2930044,58292
2,2930044,58298
2,2930044,58300
2,2930044,58311
2,2930044,58330
2,2930044,58448
2,2930044,58449
2,2930522,79215
2,2930522,79263
2,2930522,79276
2,2930522,79297
2,2930522,79310
2,2930522,79330
2,2930522,79346
2,2930522,79348
2,2930522,79353
2,2930522,79359
2,2930522,79361
2,2930522,79365
2,2930522,79369
2,2933937,83565
2,2933937,85598
2,2933937,85599
2,2933937,85625
2,2935020,01053
2,2935020,01054
2,2935020,01055
2,2935020,01056
2,2935020,01057
2,2935020,01058
2,2935020,01059
2,2935020,01060
2,2935020,01062
2,2935020,01063
2,2935020,01064
2,2935020,01065
2,2935020,01067
2,2935020,01070
2,2935020,01095
2,2935020,01108
2,2935020,01109
2,2935020,01156
2,2935020,01213
2,2935020,01255
2,2935020,01264
2,2935020,01277
2,2935020,01279
2,2935020,01303
2,2935020,01304
2,2935020,01305
2,2935020,01309
2,2935020,01465
2,2935020,04022
2,2935020,04063
2,2935020,04064
2,2935516,30686
2,2935516,44111
2,2935516,44112
2,2935516,44113
2,2935516,44115
2,2935516,44116
2,2935516,44117
2,2935516,44118
2,2935516,44119
2,2935516,44120
2,2935516,44121
2,2935516,44122
2,2935516,44123
2,2935516,44124
2,2935516,44125
2,2935516,44126
2,2935516,44127
2,2935516,44128
2,2935516,44129
2,2935516,44130
2,2935516,44131
2,2935516,44133
2,2935516,44221
2,2935516,44222
2,2935516,44261
2,2935516,44280
2,2935516,44285
2,2935516,44401
2,2935516,44402
2,2935516,50582
2,2936213,67308
2,2936213,67722
2,2936213,67806
2,2936260,86606
2,2936260,86607
2,2936260,86640
2,2936260,86652
2,2936260,86698
2,2936260,86741
2,2936975,86646
2,2936975,89415
2,2936975,89423
2,2936975,89428
2,2937956,06838
2,2937956,06839
2,2937956,06861
2,2937956,06862
2,2939657,21789
2,2939657,27470
2,2939657,27616
2,2939657,27624
2,2939657,27628
2,2939810,03039
2,2939810,03058
2,2939810,03065
2,2939944,48649
2,2939944,48651
2,2939944,48720
2,2939944,59385
2,2939950,96271
2,2939950,96274
2,2939950,96475
2,2939950,96476
2,2939950,96487
2,2940202,93411
2,2940212,29216
2,2940212,29218
2,2940212,29219
2,2940212,29220
2,2940212,29270
2,2940384,72200
2,2940384,75323
2,2940384,75363
2,2944796,79188
2,2944796,79219
2,2944796,79232
2,2944796,79235
2,2944796,79238
2,2944796,79244
2,2944796,79282
2,2944796,79356
2,2944796,79821
2,2944796,79868
2,2944796,79871
2,2945354,14765
2,2945354,14767
2,2945354,14778
2,2947109,88038
2,2947109,88039
2,2947109,88040
2,2947109,88041
2,2947109,88660
2,2947109,88693
2,2947109,88709
2,2947443,70465
2,2947443,71028
2,2947443,71029
2,2947443,71058
2,2947443,71060
2,2947443,71087
2,2947443,71125
2,2947443,71126
2,2947443,71131
2,2947443,71137
2,2947443,71148
2,2947443,71226
2,2947443,71261
2,2948163,06359
2,2948163,06369
2,2948163,06386
2,2948163,06388
2,2948163,06749
2,2948163,06766
2,2948163,06774
2,2948163,06779
2,2948163,06780
2,2948163,06792
2,2948163,06794
2,2948163,06800
2,2948163,39258
2,2948163,39264
2,2948589,55608
2,2948589,55777
2,2950072,06400
2,2950072,06408
2,2950072,06420
2,2950072,06425
2,2950072,06429
2,2950072,06449
2,2950072,39217
2,2950072,39218
2,2950072,39221
2,2950072,39240
2,2950072,39249
2,2950072,39418
2,2950072,39434
2,2950072,39443
2,2950072,39446
2,2950257,64623
2,2950257,64624
2,2950257,64646
2,2950257,64686
2,2950257,64689
2,2950257,68517
2,2950257,68619
2,2950257,69517
2,2950257,69518
2,2950877,83364
2,2950877,83394
2,2950877,83416
2,2950877,83489
2,2951880,01332
2,2951880,01333
2,2951880,01877
2,2951880,01900
2,2951880,01920
2,2951880,02619
2,2951880,02620
2,2951880,02621
2,2951880,02633
2,2951880,02643
2,2951880,02689
2,2951880,02692
2,2951880,02979
2,2951880,02991
2,2951880,02999
2,2951880,10875
2,2953323,82431
2,2953323,82432
2,2953415,55409
2,2953415,55452
2,2953415,55538
2,2953415,55540
2,2953415,55541
2,2953415,55571
2,2953415,55583
2,2953415,55585
2,2953415,55606
2,2953415,55608
2,2953415,55627
2,2953415,67829
2,2953423,97685
2,2953523,67147
2,2953523,67157
2,2953523,67271
2,2955273,63735
2,2955273,63754
2,2955273,63791
2,2955273,63806
2,2955273,63825
2,2955273,63856
2,2955273,63874
2,2955273,78458
2,2956708,55234
2,2956708,55291
2,2956708,67580
2,2956708,67592
2,2957763,04617
2,3214107,79071
2,3214107,79073
2,3214107,79077
2,3214107,79078
2,3214107,79079
2,3214107,79080
2,3214107,79081
2,3214107,79083
2,3214107,79084
2,3214107,79086
2,3214107,79088
2,3214107,79090
2,3214107,79091
2,3214107,79093
2,3214107,79094
2,3214107,79095
2,3214107,79098
2,3214107,79100
2,3214107,79102
2,3214107,79104
2,3214107,79106
2,3214107,79108
2,3214107,79110
2,3214107,79111
2,3214107,79112
2,3214107,79114
2,3214107,79115
2,3214107,79117
2,3214107,79138
2,3214107,79139
2,3214107,79140
2,3214108,79429
2,3214108,79513
2,3214108,79533
2,3214108,79537
2,3214108,79574
2,3214108,79677
2,3214108,79683
2,3214108,79685
2,3214108,79688
2,3214108,79691
2,3214108,79692
2,3214109,77633
2,3214109,77642
2,3214109,77644
2,3214109,77646
2,3214109,77647
2,3214109,77663
2,3214109,77736
2,3214109,77743
2,3214109,77749
2,3214109,77793
2,3214109,77869
2,3214109,77926
2,3214109,77929
2,3214109,77931
2,3214109,77933
2,3214110,78664
2,3214110,78711
2,3214110,78727
2,3214110,78730
2,3214110,78737
2,3214111,78570
2,3214111,78601
2,3214112,79662
2,3214112,79749
2,3214112,79771
2,3214112,79790
2,3214112,79801
2,3214112,79848
2,3214112,79879
2,3214113,76517
2,3214113,76519
2,3214113,76520
2,3214113,76521
2,3214113,76522
2,3214113,76523
2,3214113,76524
2,3214113,76526
2,3214113,76527
2,3220720,68139
2,3220720,69108
2,3220720,69110
2,3220720,69111
2,3220720,69112
2,3220720,69113
2,3220721,76070
2,3220721,76073
2,3220721,76088
2,3220721,76089
2,3220721,76097
2,3220721,76098
2,3220721,76107
2,3220721,76109
2,3220721,76110
2,3220721,76111
2,3220721,76112
2,3220721,76113
2,3220721,76114
2,3220721,76115
2,3220721,76117
2,3220721,76118
2,3220721,76119
2,3220721,76120
2,3220721,76121
2,3220721,76122
2,3220721,76123
2,3220721,76124
2,3220721,76125
2,3220721,76126
2,3220721,76127
2,3220721,76128
2,3220721,76147
2,3220721,76150
2,3220721,76180
2,3220721,76181
2,3220721,76182
2,3220721,76225
2,3220721,76230
2,3220721,76240
2,3220721,76243
2,3220721,76245
2,3220721,76246
2,3220721,76247
2,3220721,76248
2,3220721,76249
2,3220721,76253
2,3220721,76273
2,3220722,63475
2,3220722,64518
2,3220722,68051
2,3220722,68112
2,3220722,68122
2,3220722,68123
2,3220722,68124
2,3220722,68126
2,3220722,68127
2,3220722,68128
2,3220722,68130
2,3220722,68131
2,3220722,68132
2,3220722,68133
2,3220722,68134
2,3220722,68135
2,3220722,68136
2,3220722,68138
2,3220722,68139
2,3220722,68140
2,3220722,68141
2,3220722,68142
2,3220722,68143
2,3220722,68144
2,3220722,68145
2,3220722,68146
2,3220722,68147
2,3220722,68148
2,3220722,68149
2,3220722,68150
2,3220722,68151
2,3220722,68156
2,3220722,68197
2,3220722,68298
2,3220722,68299
2,3220722,68300
2,3220722,68301
2,3220722,68302
2,3220722,90744
2,3220723,69429
2,3220723,74722
2,3220723,74747
2,3220723,74819
2,3220723,74834
2,3220723,74850
2,3220724,75093
2,3220724,75158
2,3220724,75159
2,3220724,75162
2,3220724,75166
2,3220724,75169
2,3220724,75170
2,3220725,76432
2,3220725,76477
2,3220725,76568
2,3220725,77813
2,3220725,86135
2,3220738,89516
2,3220738,89517
2,3220740,74064
2,3220740,74065
2,3220740,74066
2,3220740,74067
2,3220740,74068
2,3220740,74099
2,3220743,71718
2,3220743,74166
2,3220743,74167
2,3220743,74168
2,3220743,74169
2,3220743,74170
2,3220743,74177
2,3220743,74182
2,3220743,74239
2,3220743,74337
2,3220743,74832
2,3220743,74903
2,3220743,74904
2,3220748,74214
2,3220748,74611
2,3220748,74650
2,3220748,74651
2,3220752,70801
2,3220752,70803
2,3220752,70804
2,3220752,70821
2,3220752,70822
2,3220752,70825
2,3220752,70836
2,3220752,71252
2,3220752,71629
2,3220752,71630
2,3220752,71631
2,3220752,71632
2,3220752,74319
2,3220752,74379
2,3220782,74744
2,3220782,97957
2,3220783,70143
2,3220783,70640
2,3220783,70730
2,3220783,70731
2,3220783,71327
2,3220783,71328
2,3220783,71361
2,3220783,71384
2,3220783,71394
2,3220783,71520
2,3220783,71549
2,3220783,71554
2,3220783,73630
2,3220783,73663
2,3220784,74429
2,3220784,74509
2,3220784,74520
2,3220784,74538
2,3220784,74569
2,3220784,74571
2,3220784,74579
2,3220784,74586
2,3220784,74587
2,3220784,74588
2,3220784,74594
2,3220785,10875
2,3220785,11512
2,3220785,22781
2,3220785,50606
2,3220785,70131
2,3220785,70134
2,3220785,70135
2,3220785,70136
2,3220785,70137
2,3220785,70138
2,3220785,70139
2,3220785,70140
2,3220785,70141
2,3220785,70144
2,3220785,70145
2,3220785,70146
2,3220785,70148
2,3220785,70149
2,3220785,70150
2,3220785,70151
2,3220785,70152
2,3220785,70153
2,3220785,70154
2,3220785,70155
2,3220785,70158
2,3220785,70161
2,3220785,70162
2,3220785,70166
2,3220785,70167
2,3220785,70168
2,3220785,70171
2,3220785,70173
2,3220785,70174
2,3220785,70176
2,3220785,70178
2,3220785,70180
2,3220785,70182
2,3220785,70184
2,3220785,70186
2,3220785,70188
2,3220785,70190
2,3220785,70191
2,3220785,70192
2,3220785,70193
2,3220785,70195
2,3220785,70197
2,3220785,70199
2,3220785,70320
2,3220785,70322
2,3220785,70323
2,3220785,70324
2,3220785,70327
2,3220785,70329
2,3220785,70345
2,3220785,70363
2,3220785,70365
2,3220785,70366
2,3220785,70367
2,3220785,70369
2,3220785,70372
2,3220785,70374
2,3220785,70376
2,3220785,70429
2,3220785,70431
2,3220785,70432
2,3220785,70435
2,3220785,70437
2,3220785,70439
2,3220785,70464
2,3220785,70466
2,3220785,70467
2,3220785,70469
2,3220785,70494
2,3220785,70496
2,3220785,70499
2,3220785,70537
2,3220785,70539
2,3220785,70545
2,3220785,70546
2,3220785,70547
2,3220785,70549
2,3220785,70550
2,3220785,70551
2,3220785,70552
2,3220785,70556
2,3220785,70560
2,3220785,70563
2,3220785,70565
2,3220785,70567
2,3220785,70569
2,3220785,70593
2,3220785,70594
2,3220785,70597
2,3220785,70599
2,3220785,70619
2,3220785,70627
2,3220785,70628
2,3220785,70629
2,3220785,70637
2,3220785,70644
2,3220785,70732
2,3220785,70836
2,3220785,72781
2,3220786,72535
2,3220786,88481
2,3220786,89143
2,3220786,89150
2,3220786,89160
2,3220786,89171
2,3220786,89174
2,3220786,89180
2,3220786,89188
2,3220786,89191
2,3220786,89582
2,3220786,89584
2,3220787,89065
2,3220787,89068
2,3220787,89069
2,3220787,89070
2,3220787,89081
2,3220790,88396
2,3220790,88397
2,3220790,88400
2,3220790,88422
2,3220790,88427
2,3220790,88433
2,3220790,88436
2,3220790,88457
2,3220790,88498
2,3220791,88147
2,3220791,88209
2,3220791,88225
2,3220791,88226
2,3220791,88237
2,3220791,88239
2,3220791,88248
2,3220791,88260
2,3220791,88297
2,3220791,88299
2,3220791,88315
2,3220791,88316
2,3220791,88336
2,3220792,72141
2,3220792,72531
2,3220792,72587
2,3220792,72661
2,3220792,72757
2,3220792,72758
2,3220792,72805
2,3220792,72820
2,3220792,72829
2,3220793,88629
2,3220794,72332
2,3220794,72334
2,3220795,91511
2,3220795,91520
2,3220796,91572
2,3220796,91623
2,3220796,91637
2,3220797,91709
2,3220797,91741
2,3220797,91780
2,3220798,26066
2,3220798,91048
2,3220798,91050
2,3220798,91051
2,3220798,91060
2,3220799,90542
2,3220799,91072
2,3220799,91086
2,3220800,90725
2,3220800,90742
2,3220800,90744
2,3220801,90511
2,3220801,90546
2,3220801,90547
2,3220803,55541
2,3220803,90051
2,3220803,90290
2,3220803,90291
2,3220803,90292
2,3220803,90293
2,3220803,90300
2,3220803,90310
2,3220803,90311
2,3220803,90312
2,3220803,90313
2,3220803,90316
2,3220803,90318
2,3220803,90319
2,3220803,90321
2,3220803,90324
2,3220803,90325
2,3220803,90327
2,3220803,90328
2,3220803,90329
2,3220803,90330
2,3220803,90331
2,3220803,90332
2,3220803,90334
2,3220803,90335
2,3220803,90336
2,3220803,90337
2,3220803,90338
2,3220803,90339
2,3220803,90340
2,3220803,90341
2,3220803,90344
2,3220803,90345
2,3220803,90346
2,3220803,90347
2,3220803,90351
2,3220803,90352
2,3220803,90353
2,3220803,90356
2,3220803,90357
2,3220803,90359
2,3220803,90360
2,3220803,90402
2,3220803,90403
2,3220803,90408
2,3220803,90409
2,3220803,90411
2,3220803,90419
2,3220803,90425
2,3220803,90427
2,3220803,90429
2,3220803,90431
2,3220803,90439
2,3220803,90441
2,3220803,90443
2,3220803,90449
2,3220803,90451
2,3220803,90453
2,3220803,90455
2,3220803,90457
2,3220803,90459
2,3220803,90461
2,3220803,90469
2,3220803,90471
2,3220803,90473
2,3220803,90475
2,3220803,90478
2,3220803,90480
2,3220803,90482
2,3220803,90489
2,3220803,90491
2,3220803,90499
2,3220803,90752
2,3220803,90754
2,3220804,90518
2,3220804,91205
2,3220805,90329
2,3220805,90596
2,3220805,91152
2,3220806,91124
2,3220806,91125
2,3220807,94466
2,3220808,84162
2,3220809,93308
2,3220809,93342
2,3220809,93352
2,3220810,84018
2,3220810,84022
2,3220810,84023
2,3220810,84024
2,3220810,84026
2,3220811,84032
2,3220811,84088
2,3220811,84172
2,3220811,84178
2,3220811,85385
2,3220812,94028
2,3220812,94030
2,3220813,94086
2,3220813,94099
2,3220813,94127
2,3220813,94155
2,3220813,94535
2,3220813,94565
2,3220813,94575
2,3220814,94232
2,3220814,94233
2,3220814,94259
2,3220815,94310
2,3220815,94312
2,3220817,84547
2,3220817,84550
2,3220817,84553
2,3220818,85217
2,3220818,85219
2,3220818,85235
2,3220818,85259
2,3220830,85071
2,3220830,85092
2,3220830,85104
2,3220830,85110
2,3220830,85125
2,3220830,85128
2,3220830,85135
2,3220830,91795
2,3220830,91804
2,3220830,91809
2,3220830,92339
2,3220830,93336
2,3220832,85322
2,3220832,85350
2,3220832,85359
2,3220832,85366
2,3220832,85374
2,3220832,85376
2,3220832,85385
2,3220832,85414
2,3220832,85821
2,3220833,85037
2,3220833,85046
2,3220833,85047
2,3220834,82279
2,3220834,86492
2,3220834,86859
2,3220834,86894
2,3220834,86895
2,3220834,86896
2,3220834,86915
2,3220834,86923
2,3220834,86925
2,3220834,86941
2,3220835,83739
2,3220836,83536
2,3220836,83546
2,3220836,83555
2,3220836,83559
2,3220836,84431
2,3220836,84453
2,3220837,20083
2,3220837,26060
2,3220837,35508
2,3220837,53289
2,3220837,70790
2,3220837,80097
2,3220837,80200
2,3220837,80217
2,3220837,80218
2,3220837,80219
2,3220837,80221
2,3220837,80222
2,3220837,80240
2,3220837,80248
2,3220837,80249
2,3220837,80250
2,3220837,80251
2,3220837,80258
2,3220837,80259
2,3220837,80260
2,3220837,80263
2,3220837,80264
2,3220837,80266
2,3220837,80267
2,3220837,80268
2,3220837,80269
2,3220837,80270
2,3220837,80271
2,3220837,80272
2,3220837,80273
2,3220837,80275
2,3220837,80276
2,3220837,80277
2,3220837,80278
2,3220837,80279
2,3220837,80280
2,3220837,80281
2,3220837,80282
2,3220837,80283
2,3220837,80285
2,3220837,80287
2,3220837,80289
2,3220837,80290
2,3220837,80291
2,3220837,80292
2,3220837,80294
2,3220837,80295
2,3220837,80297
2,3220837,80298
2,3220837,80300
2,3220837,80301
2,3220837,80302
2,3220837,80303
2,3220837,80304
2,3220837,80306
2,3220837,80308
2,3220837,80309
2,3220837,80310
2,3220837,80311
2,3220837,80313
2,3220837,80314
2,3220837,80315
2,3220837,80316
2,3220837,80317
2,3220837,80318
2,3220837,80319
2,3220837,80320
2,3220837,80322
2,3220837,80323
2,3220837,80324
2,3220837,80325
2,3220837,80326
2,3220837,80327
2,3220837,80328
2,3220837,80329
2,3220837,80331
2,3220837,80333
2,3220837,80335
2,3220837,80336
2,3220837,80337
2,3220837,80339
2,3220837,80340
2,3220837,80466
2,3220837,80469
2,3220837,80524
2,3220837,80525
2,3220837,80530
2,3220837,80534
2,3220837,80535
2,3220837,80538
2,3220837,80539
2,3220837,80632
2,3220837,80634
2,3220837,80636
2,3220837,80637
2,3220837,80638
2,3220837,80639
2,3220837,80682
2,3220837,80684
2,3220837,80686
2,3220837,80687
2,3220837,80689
2,3220837,80700
2,3220837,80786
2,3220837,80787
2,3220837,80788
2,3220837,80789
2,3220837,80790
2,3220837,80791
2,3220837,80792
2,3220837,80794
2,3220837,80796
2,3220837,80797
2,3220837,80798
2,3220837,80799
2,3220837,80801
2,3220837,80802
2,3220837,80803
2,3220837,80804
2,3220837,80805
2,3220837,80807
2,3220837,80809
2,3220837,80920
2,3220837,80931
2,3220837,80933
2,3220837,80935
2,3220837,80937
2,3220837,80939
2,3220837,80991
2,3220837,80992
2,3220837,80993
2,3220837,80995
2,3220837,80997
2,3220837,80999
2,3220837,81236
2,3220837,81237
2,3220837,81238
2,3220837,81241
2,3220837,81243
2,3220837,81245
2,3220837,81247
2,3220837,81248
2,3220837,81249
2,3220837,81340
2,3220837,81350
2,3220837,81355
2,3220837,81356
2,3220837,81357
2,3220837,81358
2,3220837,81359
2,3220837,81360
2,3220837,81362
2,3220837,81363
2,3220837,81364
2,3220837,81365
2,3220837,81366
2,3220837,81369
2,3220837,81371
2,3220837,81373
2,3220837,81375
2,3220837,81377
2,3220837,81379
2,3220837,81475
2,3220837,81476
2,3220837,81477
2,3220837,81479
2,3220837,81531
2,3220837,81533
2,3220837,81534
2,3220837,81535
2,3220837,81536
2,3220837,81537
2,3220837,81539
2,3220837,81541
2,3220837,81543
2,3220837,81545
2,3220837,81547
2,3220837,81549
2,3220837,81550
2,3220837,81627
2,3220837,81655
2,3220837,81658
2,3220837,81660
2,3220837,81662
2,3220837,81664
2,3220837,81665
2,3220837,81667
2,3220837,81669
2,3220837,81671
2,3220837,81673
2,3220837,81675
2,3220837,81677
2,3220837,81679
2,3220837,81713
2,3220837,81718
2,3220837,81723
2,3220837,81725
2,3220837,81727
2,3220837,81728
2,3220837,81729
2,3220837,81731
2,3220837,81732
2,3220837,81733
2,3220837,81735
2,3220837,81737
2,3220837,81739
2,3220837,81823
2,3220837,81825
2,3220837,81827
2,3220837,81829
2,3220837,81918
2,3220837,81919
2,3220837,81920
2,3220837,81921
2,3220837,81925
2,3220837,81927
2,3220837,81929
2,3220837,81987
2,3220837,81988
2,3220837,81989
2,3220837,81995
2,3220837,81999
2,3220837,90317
2,3220837,92400
2,3220838,22033
2,3220838,31829
2,3220838,80788
2,3220838,81367
2,3220838,81663
2,3220838,81726
2,3220838,81911
2,3220838,82030
2,3220838,82032
2,3220838,82038
2,3220838,82039
2,3220838,82047
2,3220838,82067
2,3220838,85521
2,3220838,85551
2,3220838,85577
2,3220838,85608
2,3220838,85639
2,3220838,85655
2,3220838,85711
2,3220838,85736
2,3220838,85746
2,3220838,85747
2,3220838,85748
2,3220838,85761
2,3220838,85762
2,3220838,85769
2,3220838,85770
2,3220838,85773
2,3220839,83018
2,3220839,83019
2,3220840,83034
2,3220840,83228
2,3220840,83254
2,3220840,83508
2,3220840,83543
2,3220840,83552
2,3220841,83274
2,3220841,83276
2,3220841,83308
2,3220841,83329
2,3220841,83352
2,3220841,83359
2,3220841,83368
2,3220841,83371
2,3220841,83374
2,3220841,83376
2,3220841,83379
2,3220842,82360
2,3220842,82362
2,3220842,82363
2,3220842,82390
2,3220843,96044
2,3220843,96045
2,3220843,96060
2,3220843,96061
2,3220843,96077
2,3220844,96157
2,3220844,96185
2,3220845,95440
2,3220845,95442
2,3220845,95455
2,3220846,91282
2,3220846,91287
2,3220846,95466
2,3220846,95491
2,3220846,95503
2,3220847,96435
2,3220847,96436
2,3220847,96438
2,3220847,96441
2,3220847,96444
2,3220847,96447
2,3220847,96448
2,3220848,91299
2,3220848,91346
2,3220849,95025
2,3220849,95027
2,3220850,95131
2,3220850,95212
2,3220850,95239
2,3220852,96222
2,3220852,96223
2,3220852,96247
2,3220853,95098
2,3220853,95163
2,3220853,95614
2,3220853,95631
2,3220854,92219
2,3220855,91275
2,3220855,92226
2,3220855,92240
2,3220855,92241
2,3220855,92259
2,3220855,92262
2,3220856,92676
2,3220856,92700
2,3220857,93012
2,3220857,93013
2,3220857,93037
2,3220857,93038
2,3220857,93039
2,3220857,93040
2,3220857,93041
2,3220857,93042
2,3220857,93043
2,3220857,93045
2,3220857,93065
2,3220857,93066
2,3220858,93072
2,3220858,93090
2,3220858,93164
2,3220858,93183
2,3220859,92227
2,3220859,92269
2,3220859,92419
2,3220859,92421
2,3220859,92422
2,3220859,92436
2,3220859,92519
2,3220859,92530
2,3220859,92536
2,3220859,92548
2,3220860,92620
2,3220860,92624
2,3220860,92626
2,3220860,92627
2,3220860,92628
2,3220860,92630
2,3220860,92631
2,3220860,92632
2,3220860,92633
2,3220868,86121
2,3220868,86130
2,3220868,86131
2,3220868,86132
2,3220868,86133
2,3220868,86134
2,3220868,86135
2,3220868,86136
2,3220868,86140
2,3220868,86141
2,3220868,86142
2,3220868,86143
2,3220868,86144
2,3220868,86145
2,3220868,86147
2,3220868,86177
2,3220868,86197
2,3220868,86216
2,3220868,86218
2,3220868,86219
2,3220868,86220
2,3220868,86221
2,3220868,86222
2,3220868,86223
2,3220868,86226
2,3220871,81716
2,3220871,86225
2,3220871,86397
2,3220871,86462
2,3220874,86379
2,3220874,86469
2,3220874,86476
2,3220874,86519
2,3220874,89346
2,3220874,89358
2,3220874,89359
2,3220884,87428
2,3220884,87432
2,3220884,87435
2,3220884,87437
2,3220884,87439
2,3220884,87443
2,3220885,88129
2,3220885,88131
2,3220885,88142
2,3220885,88161
2,3220885,88167
2,3220886,87697
2,3220887,89070
2,3220887,89090
2,3220887,89229
2,3220887,89275
2,3220888,87656
2,3220888,87662
2,3220888,87669
2,3220888,87675
2,3220889,86871
2,3220889,87730
2,3220889,87743
2,3220889,87754
2,3220889,87757
2,3220890,63715
2,3220890,63736
2,3220892,97334
2,3220892,97359
2,3220893,97813
2,3220893,97814
2,3220893,97837
2,3220893,97855
2,3220894,63784
2,3220894,63916
2,3220894,63936
2,3220894,97903
2,3220895,97418
2,3220895,97419
2,3220895,97420
2,3220896,96170
2,3220896,97513
2,3220897,74064
2,3220897,97024
2,3220897,97025
2,3220897,97064
2,3220897,97066
2,3220897,97067
2,3220897,97101
2,3220897,97103
2,3220898,97064
2,3220898,97099
2,3220898,97227
2,3220898,97237
2,3220898,97247
2,3220898,97252
2,3220898,97262
2,3220898,97274
2,3220905,28100
2,3220905,28101
2,3220905,28102
2,3220905,28103
2,3220905,28105
2,3220905,28107
2,3220905,28111
2,3220905,28163
2,3220905,28174
2,3220905,28177
2,3220905,28178
2,3220905,28181
2,3220905,28183
2,3220905,28184
2,3220905,28185
2,3220905,28187
2,3220905,28188
2,3220905,28189
2,3220905,28190
2,3220905,28192
2,3220905,28275
2,3220905,28305
2,3220905,28323
2,3220905,28353
2,3220905,28363
2,3220905,28365
2,3220905,28366
2,3220905,28375
2,3220905,28390
2,3220905,28700
2,3220905,28751
2,3220906,27554
2,3220962,36380
2,3220962,64271
2,3220962,64272
2,3220962,64273
2,3220962,64275
2,3220962,64276
2,3220962,64277
2,3220962,64278
2,3220962,64280
2,3220962,64304
2,3220962,64305
2,3220962,64307
2,3220962,64308
2,3220966,64276
2,3220966,64279
2,3220966,64346
2,3220966,64367
2,3220966,64397
2,3220966,64405
2,3220966,64853
2,3220968,60060
2,3220968,60185
2,3220968,60222
2,3220968,60223
2,3220968,60252
2,3220968,60254
2,3220968,60256
2,3220968,60257
2,3220968,60259
2,3220968,60261
2,3220968,60262
2,3220968,60263
2,3220968,60264
2,3220968,60265
2,3220968,60267
2,3220968,60270
2,3220968,60274
2,3220968,60275
2,3220968,60276
2,3220968,60277
2,3220968,60278
2,3220968,60279
2,3220968,60280
2,3220968,60281
2,3220968,60282
2,3220968,60284
2,3220968,60285
2,3220968,60286
2,3220968,60287
2,3220968,60289
2,3220968,60291
2,3220968,60296
2,3220968,60297
2,3220968,60300
2,3220968,60301
2,3220968,60305
2,3220968,60307
2,3220968,60309
2,3220968,60377
2,3220968,60379
2,3220968,60380
2,3220968,60382
2,3220968,60422
2,3220968,60423
2,3220968,60424
2,3220968,60428
2,3220968,60429
2,3220968,60482
2,3220968,60484
2,3220968,60490
2,3220968,60519
2,3220968,60521
2,3220968,60523
2,3220968,60524
2,3220968,60525
2,3220968,60544
2,3220968,60546
2,3220968,60547
2,3220968,60589
2,3220968,60590
2,3220968,60591
2,3220968,60600
2,3220968,60607
2,3220968,60608
2,3220968,60609
2,3220968,60610
2,3220968,60611
2,3220968,60612
2,3220968,60613
2,3220968,60614
2,3220968,60615
2,3220968,60620
2,3220968,60621
2,3220968,60622
2,3220968,60623
2,3220968,60624
2,3220968,60625
2,3220968,60626
2,3220968,60627
2,3220968,60628
2,3220968,60629
2,3220968,60630
2,3220968,60631
2,3220968,60632
2,3220968,60633
2,3220968,60634
2,3220968,60637
2,3220968,60638
2,3220968,60639
2,3220968,60640
2,3220968,60643
2,3220968,60644
2,3220968,60645
2,3220968,60699
2,3220968,61378
2,3220968,61434
2,3220968,63438
2,3220968,63441
2,3220968,65925
2,3220968,65927
2,3220968,96063
2,3220969,64306
2,3220969,64517
2,3220969,64518
2,3220969,64520
2,3220969,64542
2,3220969,64543
2,3220969,64545
2,3220969,64584
2,3220969,65423
2,3220969,65424
2,3220969,65428
2,3220969,65450
2,3220969,65473
2,3220969,97419
2,3220970,60298
2,3220970,60304
2,3220970,60428
2,3220970,61276
2,3220970,61300
2,3220970,61341
2,3220970,61342
2,3220970,61343
2,3220970,61344
2,3220970,61345
2,3220970,61346
2,3220970,61435
2,3220970,61437
2,3220970,61449
2,3220970,61462
2,3220970,61474
2,3220970,61476
2,3220971,64738
2,3220971,64747
2,3220971,64753
2,3220971,64756
2,3220975,60255
2,3220975,63057
2,3220975,63059
2,3220975,63061
2,3220975,63063
2,3220975,63064
2,3220978,10898
2,3220978,12678
2,3220978,63106
2,3220978,63126
2,3220978,63147
2,3220978,63165
2,3220978,63177
2,3220978,63222
2,3220978,63223
2,3220978,63256
2,3220978,63257
2,3220978,63258
2,3220978,63259
2,3220978,63299
2,3220978,63317
2,3220978,63318
2,3220978,63322
2,3220978,63328
2,3220978,63499
2,3220978,63512
2,3220978,63532
2,3220978,63533
2,3220989,65216
2,3220989,65321
2,3220989,65326
2,3220989,65329
2,3220989,65341
2,3220989,65343
2,3220989,65344
2,3220989,65345
2,3220989,65346
2,3220989,65347
2,3220989,65375
2,3220989,65391
2,3220989,65509
2,3220989,65510
2,3220990,55246
2,3220990,55252
2,3220990,65166
2,3220990,65169
2,3220990,65170
2,3220990,65171
2,3220990,65172
2,3220990,65173
2,3220990,65174
2,3220990,65175
2,3220990,65176
2,3220990,65177
2,3220990,65178
2,3220990,65179
2,3220990,65180
2,3220990,65181
2,3220990,65182
2,3220990,65212
2,3220990,65215
2,3220991,35573
2,3220991,35574
2,3220991,35619
2,3220991,35625
2,3220991,35633
2,3220991,35644
2,3220991,35647
2,3220991,35713
2,3220991,35716
2,3220992,35779
2,3220992,65546
2,3220992,65547
2,3220992,65597
2,3220992,65599
2,3220992,65611
2,3220992,65614
2,3220992,65617
2,3220992,65618
2,3220992,65620
2,3220992,65627
2,3220993,36028
2,3220993,36030
2,3220993,36035
2,3220993,36036
2,3220993,36047
2,3220993,36084
2,3220993,36085
2,3220993,36086
2,3220993,36115
2,3220993,36157
2,3220993,36167
2,3220994,36166
2,3220994,36208
2,3220994,36242
2,3220994,36244
2,3220994,36246
2,3220994,36247
2,3220994,36248
2,3220994,36249
2,3220994,36251
2,3220994,36266
2,3220994,36269
2,3220994,36282
2,3220994,36284
2,3220994,36286
2,3220994,36287
2,3220994,56476
2,3220995,34105
2,3220995,34106
2,3220995,34108
2,3220995,34109
2,3220995,34110
2,3220995,34111
2,3220995,34112
2,3220995,34113
2,3220995,34114
2,3220995,34115
2,3220995,34195
2,3220995,34196
2,3220995,34197
2,3220995,34198
2,3220996,34209
2,3220996,34295
2,3220996,34326
2,3220996,34558
2,3220996,34574
2,3220996,34576
2,3220996,34593
2,3220996,34596
2,3220997,34474
2,3220997,34477
2,3220997,34494
2,3220997,34495
2,3220997,34508
2,3220997,34519
2,3220997,34535
2,3220997,35066
2,3220997,35088
2,3220997,35099
2,3220997,35104
2,3220997,35107
2,3220997,35108
2,3220997,35114
2,3220997,35116
2,3220997,35285
2,3220999,37249
2,3220999,37267
2,3220999,37276
2,3220999,37287
2,3220999,37290
2,3220999,37296
2,3220999,37297
2,3221011,38083
2,3221011,38084
2,3221011,38089
2,3221011,38090
2,3221011,38091
2,3221011,38092
2,3221011,38093
2,3221011,38094
2,3221011,38096
2,3221011,38097
2,3221011,38098
2,3221011,38140
2,3221011,38142
2,3221011,38143
2,3221011,38144
2,3221011,38999
2,3221012,38640
2,3221012,38642
2,3221012,38644
2,3221012,38667
2,3221012,38717
2,3221012,38729
2,3221013,34355
2,3221013,37069
2,3221013,37070
2,3221013,37096
2,3221013,37097
2,3221013,37099
2,3221013,37100
2,3221013,37127
2,3221013,37130
2,3221013,37197
2,3221013,37534
2,3221013,37539
2,3221014,38346
2,3221014,38367
2,3221015,37194
2,3221015,37568
2,3221015,37571
2,3221015,37572
2,3221017,31221
2,3221017,31246
2,3221018,38223
2,3221018,38226
2,3221018,38228
2,3221018,38229
2,3221018,38236
2,3221018,38237
2,3221018,38239
2,3221018,38259
2,3221020,38275
2,3221020,38296
2,3221020,38299
2,3221020,38321
2,3221023,38432
2,3221023,38433
2,3221023,38435
2,3221023,38436
2,3221023,38438
2,3221023,38439
2,3221024,27209
2,3221024,28182
2,3221024,28844
2,3221024,28855
2,3221027,31778
2,3221027,31779
2,3221027,31780
2,3221027,31781
2,3221027,31783
2,3221027,31784
2,3221027,31810
2,3221027,31860
2,3221033,30125
2,3221033,30126
2,3221033,30127
2,3221033,30130
2,3221033,30131
2,3221033,30132
2,3221033,30133
2,3221033,30134
2,3221033,30135
2,3221033,30138
2,3221033,30139
2,3221033,30140
2,3221033,30141
2,3221033,30142
2,3221033,30144
2,3221033,30145
2,3221033,30146
2,3221033,30147
2,3221033,30148
2,3221033,30149
2,3221033,30151
2,3221033,30152
2,3221033,30153
2,3221033,30154
2,3221033,30156
2,3221033,30417
2,3221033,30517
2,3221033,30619
2,3221033,30620
2,3221033,30621
2,3221033,30622
2,3221033,30623
2,3221033,30645
2,3221033,30647
2,3221033,30684
2,3221033,30689
2,3221033,30690
2,3221033,30691
2,3221033,30692
2,3221033,30700
2,3221033,30820
2,3221033,30821
2,3221033,30875
2,3221033,30876
2,3221033,30900
2,3221033,30916
2,3221033,30938
2,3221033,30988
2,3221033,31272
2,3221033,31273
2,3221033,31300
2,3221033,31513
2,3221033,31533
2,3221033,31830
2,3221033,71029
2,3221036,37601
2,3221036,37697
2,3221038,29451
2,3221038,29456
2,3221038,29459
2,3221038,29465
2,3221038,29468
2,3221038,29471
2,3221038,29472
2,3221038,29473
2,3221038,29475
2,3221038,29476
2,3221038,29478
2,3221038,29479
2,3221038,29481
2,3221038,29482
2,3221038,29485
2,3221038,29496
2,3221040,19273
2,3221040,21332
2,3221040,21333
2,3221040,21385
2,3221040,21391
2,3221040,21394
2,3221040,21522
2,3221042,27709
2,3221042,27729
2,3221042,28104
2,3221042,28788
2,3221044,27356
2,3221044,27357
2,3221044,27400
2,3221044,27412
2,3221046,21676
2,3221046,21677
2,3221046,21680
2,3221046,21682
2,3221046,21683
2,3221046,21684
2,3221046,21723
2,3221046,21729
2,3221049,29389
2,3221049,29523
2,3221049,29582
2,3221058,26119
2,3221058,26158
2,3221058,26177
2,3221058,26178
2,3221058,26653
2,3221059,26506
2,3221059,26532
2,3221059,26553
2,3221059,26605
2,3221059,26623
2,3221059,26624
2,3221059,26629
2,3221059,26632
2,3221059,26639
2,3221059,26736
2,3221059,26759
2,3221064,26683
2,3221064,49632
2,3221064,49659
2,3221064,49691
2,3221064,49692
2,3221064,49699
2,3221066,27747
2,3221073,26869
2,3221073,49751
2,3221073,49777
2,3221073,49801
2,3221073,49803
2,3221073,49832
2,3221075,48465
2,3221075,48522
2,3221075,48525
2,3221075,49828
2,3221094,26670
2,3221094,26786
2,3221094,26787
2,3221094,26789
2,3221094,26802
2,3221094,26810
2,3221094,26817
2,3221094,26831
2,3221095,26090
2,3221095,26101
2,3221095,26102
2,3221095,26105
2,3221095,26106
2,3221095,26107
2,3221095,26108
2,3221095,26109
2,3221095,26110
2,3221095,26111
2,3221095,26114
2,3221095,26119
2,3221096,49068
2,3221096,49070
2,3221096,49101
2,3221097,49374
2,3221097,49375
2,3221097,49393
2,3221097,49434
2,3221097,49439
2,3221098,49170
2,3221098,49176
2,3221098,49195
2,3221098,49201
2,3221098,49213
2,3221098,49562
2,3221098,49609
2,3221099,26349
2,3221099,26919
2,3221099,26930
2,3221099,26935
2,3221099,26936
2,3221099,26937
2,3221099,27804
2,3221100,26379
2,3221100,26380
2,3221100,26392
2,3221101,26409
2,3221101,26425
2,3221101,26427
2,3221101,26446
2,3221101,26489
2,3221109,44771
2,3221109,44772
2,3221109,44773
2,3221109,44774
2,3221109,44775
2,3221109,44776
2,3221109,44778
2,3221109,44779
2,3221109,44780
2,3221109,44781
2,3221109,44782
2,3221109,44784
2,3221109,44785
2,3221109,44863
2,3221109,45102
2,3221110,58079
2,3221110,58080
2,3221110,58081
2,3221110,58082
2,3221110,58083
2,3221110,58084
2,3221110,58085
2,3221110,58086
2,3221110,58117
2,3221110,58133
2,3221110,58147
2,3221111,59056
2,3221111,59057
2,3221111,59059
2,3221111,59060
2,3221111,59061
2,3221111,59062
2,3221114,44621
2,3221114,44647
2,3221121,59753
2,3221121,59817
2,3221121,59818
2,3221121,59844
2,3221121,59870
2,3221122,57437
2,3221123,57068
2,3221123,57069
2,3221123,57070
2,3221123,57110
2,3221123,57289
2,3221123,57319
2,3221124,59089
2,3221124,59090
2,3221124,59455
2,3221124,59469
2,3221124,59490
2,3221124,59491
2,3221124,59495
2,3221124,59510
2,3221124,59552
2,3221124,59553
2,3221124,59578
2,3221125,32046
2,3221125,33547
2,3221125,33583
2,3221125,33584
2,3221125,33591
2,3221125,33594
2,3221125,33595
2,3221125,33596
2,3221125,33597
2,3221125,33598
2,3221125,33600
2,3221125,33644
2,3221125,33645
2,3221125,33687
2,3221127,31131
2,3221127,33324
2,3221127,33325
2,3221127,33326
2,3221127,33372
2,3221127,33373
2,3221127,33374
2,3221127,33375
2,3221127,33393
2,3221127,33394
2,3221127,33395
2,3221127,33411
2,3221127,33413
2,3221127,33414
2,3221127,33426
2,3221127,33441
2,3221127,33442
2,3221127,33756
2,3221127,33758
2,3221127,33769
2,3221127,33788
2,3221127,33801
2,3221129,32042
2,3221129,32044
2,3221129,32045
2,3221129,32046
2,3221129,32058
2,3221129,32061
2,3221129,32255
2,3221129,32582
2,3231882,37669
2,3231882,37696
2,3231898,33093
2,3231898,33094
2,3231898,33095
2,3231898,33096
2,3231898,33178
2,3231901,47044
2,3231901,47048
2,3231901,47049
2,3231901,47050
2,3231901,47118
2,3231901,47161
2,3231901,47163
2,3231901,47299
2,3231901,47300
2,3231901,47303
2,3231901,47305
2,3231903,40180
2,3231903,40181
2,3231903,40182
2,3231903,40187
2,3231903,40188
2,3231903,40189
2,3231903,40190
2,3231903,40191
2,3231903,40192
2,3231903,40193
2,3231903,40194
2,3231903,40195
2,3231903,40196
2,3231903,40198
2,3231903,40199
2,3231903,40202
2,3231903,40204
2,3231903,40252
2,3231903,40300
2,3231903,40302
2,3231903,40340
2,3231903,40463
2,3231903,40464
2,3231903,40466
2,3231903,40467
2,3231903,40541
2,3231903,40542
2,3231903,40543
2,3231903,42300
2,3231903,45833
2,3231903,47526
2,3231904,45058
2,3231904,45060
2,3231904,45061
2,3231904,45062
2,3231904,45063
2,3231904,45064
2,3231904,45091
2,3231904,45092
2,3231904,45093
2,3231904,45095
2,3231904,45097
2,3231904,45098
2,3231904,45099
2,3231904,45113
2,3231904,45114
2,3231904,45115
2,3231904,45116
2,3231904,45117
2,3231904,45119
2,3231904,45120
2,3231904,45121
2,3231904,45122
2,3231904,45123
2,3231904,45124
2,3231904,45125
2,3231904,45126
2,3231904,45365
2,3231905,46444
2,3231905,47551
2,3231905,47647
2,3231906,04160
2,3231906,47791
2,3231906,47792
2,3231906,47795
2,3231906,47796
2,3247430,40250
2,3247430,40251
2,3247430,40260
2,3247430,40718
2,3247430,40786
2,3247430,40789
2,3247430,40815
2,3247430,40816
2,3247430,40842
2,3247430,42547
2,3247430,42577
2,3247431,42093
2,3247431,42094
2,3247431,42095
2,3247431,42096
2,3247431,42097
2,3247431,42098
2,3247431,42099
2,3247431,42101
2,3247431,42266
2,3247431,42268
2,3247431,42269
2,3247431,42270
2,3247431,42271
2,3247431,42272
2,3247431,42273
2,3247431,42337
2,3247431,42347
2,3247431,42387
2,3247431,42409
2,3247432,42849
2,3247432,42850
2,3247432,42895
2,3247433,42645
2,3247433,42648
2,3247433,42649
2,3247433,42715
2,3247433,42717
2,3247434,40186
2,3247434,41261
2,3247434,41424
2,3247434,41453
2,3247434,41455
2,3247434,41456
2,3247434,41457
2,3247434,41513
2,3247434,41538
2,3247434,41561
2,3247435,41050
2,3247435,41052
2,3247435,41054
2,3247435,41200
2,3247435,41260
2,3247436,47875
2,3247436,47904
2,3247437,46020
2,3247437,46040
2,3247437,46042
2,3247437,46142
2,3247438,45403
2,3247438,45466
2,3247438,45468
2,3247438,45470
2,3247438,45472
2,3247438,45473
2,3247438,45475
2,3247438,45476
2,3247438,45478
2,3247438,45479
2,3247438,45481
2,3247439,45801
2,3247439,45835
2,3247439,45875
2,3247439,45876
2,3247439,45877
2,3247441,46322
2,3247441,46393
2,3247441,48596
2,3247441,48599
2,3247441,48681
2,3247441,48702
2,3247442,03075
2,3247442,48084
2,3247442,48108
2,3247442,48119
2,3247442,48121
2,3247442,48122
2,3247442,48123
2,3247442,48124
2,3247442,48125
2,3247442,48126
2,3247442,48127
2,3247442,48128
2,3247442,48129
2,3247442,48130
2,3247442,48131
2,3247442,48132
2,3247442,48133
2,3247442,48134
2,3247442,48135
2,3247442,48136
2,3247442,48137
2,3247442,48138
2,3247442,48139
2,3247442,48141
2,3247442,48172
2,3247443,48140
2,3247443,48416
2,3247443,48427
2,3247443,48563
2,3247443,48651
2,3247443,49475
2,3247443,49477
2,3247443,49479
2,3247443,49523
2,3247443,49541
2,3247444,48229
2,3247444,59215
2,3247444,59225
2,3247444,59267
2,3247444,59299
2,3247445,51578
2,3247445,51580
2,3247445,51641
2,3247445,51700
2,3247445,51777
2,3247446,42926
2,3247446,51424
2,3247446,51425
2,3247446,51462
2,3247446,51463
2,3247446,51489
2,3247447,51365
2,3247447,51366
2,3247447,51367
2,3247447,51369
2,3247447,51370
2,3247448,52028
2,3247448,52045
2,3247448,52046
2,3247448,52047
2,3247448,52049
2,3247448,52053
2,3247448,52054
2,3247448,52055
2,3247448,52056
2,3247448,52057
2,3247448,52058
2,3247448,52059
2,3247448,52060
2,3247448,52081
2,3247448,52084
2,3247448,52090
2,3247448,52099
2,3247448,52101
2,3247448,52115
2,3247448,52220
2,3247448,52222
2,3247448,52223
2,3247448,52224
2,3247448,52475
2,3247450,10910
2,3247450,31774
2,3247450,45195
2,3247450,45196
2,3247450,53094
2,3247450,53095
2,3247450,53096
2,3247450,53099
2,3247450,53100
2,3247450,53102
2,3247450,53103
2,3247450,53104
2,3247450,53105
2,3247450,53106
2,3247450,53107
2,3247450,53108
2,3247450,53109
2,3247450,53110
2,3247450,53160
2,3247450,53168
2,3247450,53169
2,3247450,53170
2,3247450,53171
2,3247450,53221
2,3247450,53222
2,3247450,53223
2,3247450,53241
2,3247450,53243
2,3247450,53245
2,3247450,53247
2,3247450,53248
2,3247450,53249
2,3247450,53250
2,3247450,53251
2,3247450,53252
2,3247450,53254
2,3247450,53255
2,3247450,53262
2,3247450,53284
2,3247450,53285
2,3247450,53286
2,3247450,53287
2,3247450,53288
2,3247450,60651
2,3247450,60652
2,3247450,96039
2,3247451,50351
2,3247451,50411
2,3247451,50412
2,3247451,50413
2,3247451,50414
2,3247451,50415
2,3247451,50416
2,3247451,50417
2,3247451,50418
2,3247451,50421
2,3247451,50422
2,3247451,50425
2,3247451,50427
2,3247451,50428
2,3247451,50569
2,3247451,50574
2,3247451,50575
2,3247451,50576
2,3247451,50579
2,3247451,50580
2,3247451,50581
2,3247451,50583
2,3247451,50585
2,3247451,50586
2,3247451,50587
2,3247451,50588
2,3247451,50589
2,3247451,50590
2,3247451,50591
2,3247451,50592
2,3247451,50593
2,3247451,50594
2,3247451,50595
2,3247451,50596
2,3247451,50598
2,3247451,50600
2,3247451,50602
2,3247451,50603
2,3247451,50604
2,3247451,50605
2,3247451,50606
2,3247451,50607
2,3247451,50657
2,3247451,50658
2,3247451,50661
2,3247451,50662
2,3247451,50663
2,3247451,50664
2,3247451,50725
2,3247451,50726
2,3247451,50727
2,3247451,50728
2,3247451,50729
2,3247451,50730
2,3247451,50819
2,3247451,50820
2,3247451,50855
2,3247451,50919
2,3247451,50922
2,3247451,50924
2,3247451,50925
2,3247451,50926
2,3247451,50927
2,3247451,50928
2,3247451,50960
2,3247451,50962
2,3247451,50963
2,3247451,50964
2,3247451,50965
2,3247451,50966
2,3247451,51057
2,3247451,51058
2,3247451,51059
2,3247451,51101
2,3247451,51139
2,3247451,51140
2,3247451,51141
2,3247451,51169
2,3247451,51170
2,3247451,51171
2,3247451,51172
2,3247451,51173
2,3247451,51174
2,3247451,51175
2,3247451,51178
2,3247451,51221
2,3247451,51222
2,3247451,51462
2,3247451,65164
2,3247451,74071
2,3247452,53877
2,3247452,53884
2,3247453,52348
2,3247453,52393
2,3247453,52425
2,3247453,52426
2,3247454,50123
2,3247454,50124
2,3247454,50318
2,3247454,50319
2,3247454,50351
2,3247454,50387
2,3247454,50399
2,3247454,50419
2,3247454,50426
2,3247454,50855
2,3247455,41452
2,3247455,41833
2,3247455,52509
2,3247455,52523
2,3247456,57517
2,3247456,57520
2,3247456,57537
2,3247456,57539
2,3247456,57577
2,3247456,57609
2,3247456,57614
2,3247456,57632
2,3247457,56237
2,3247457,56244
2,3247457,56407
2,3247457,56409
2,3247457,56414
2,3247457,56428
2,3247457,56456
2,3247457,56459
2,3247457,56469
2,3247457,56472
2,3247457,56477
2,3247457,56479
2,3247457,57626
2,3247457,57629
2,3247457,57647
2,3247458,53547
2,3247458,53567
2,3247458,53577
2,3247458,53602
2,3247458,56307
2,3247458,56317
2,3247458,56560
2,3247458,56562
2,3247458,56578
2,3247458,56587
2,3247458,57639
2,3247459,56037
2,3247459,56040
2,3247459,56048
2,3247459,56053
2,3247459,56054
2,3247459,56056
2,3247459,56057
2,3247459,56058
2,3247459,56059
2,3247459,56060
2,3247459,56062
2,3247459,56063
2,3247459,56064
2,3247459,56065
2,3247459,56066
2,3247459,56078
2,3247459,56079
2,3247459,56080
2,3247460,53423
2,3247460,53455
2,3247460,53470
2,3247460,53501
2,3247460,53520
2,3247461,56055
2,3247461,56332
2,3247461,56624
2,3247461,56647
2,3247461,56723
2,3247461,56724
2,3247461,56725
2,3247462,56128
2,3247462,56129
2,3247462,65580
2,3247463,55471
2,3247463,55483
2,3247463,56288
2,3247463,56291
2,3247463,56858
2,3247464,56754
2,3247464,56820
2,3247465,55097
2,3247465,55098
2,3247465,55099
2,3247465,55100
2,3247465,55101
2,3247465,55146
2,3247465,55147
2,3247465,55148
2,3247465,55149
2,3247465,55150
2,3247466,55262
2,3247466,55266
2,3247466,55270
2,3247466,55408
2,3247466,55409
2,3247467,67545
2,3247900,67650
2,3247900,67653
2,3247901,66887
2,3247901,66909
2,3247903,66950
2,3247903,66951
2,3247904,66986
2,3247904,66996
2,3247904,76891
2,3247905,76825
2,3247905,76826
2,3247905,76828
2,3247906,67429
2,3247907,76725
2,3247907,76742
2,3247907,76768
2,3247907,76776
2,3247908,67340
2,3247908,67342
2,3247908,67343
2,3247909,67354
2,3247910,67055
2,3247910,67056
2,3247910,67057
2,3247910,67075
2,3247910,67076
2,3247910,67077
2,3247910,67078
2,3247910,67082
2,3247910,75013
2,3247911,54187
2,3247911,54189
2,3247911,54190
2,3247911,54286
2,3247911,54287
2,3247912,54469
2,3247912,56843
2,3247913,54597
2,3247913,54617
2,3247913,54619
2,3247913,54636
2,3247913,54647
2,3247913,54664
2,3247913,54673
2,3247913,54675
2,3247914,54558
2,3247914,54567
2,3247914,54578
2,3247914,54597
2,3247914,56729
2,3249065,66738
2,3249065,66780
2,3249066,66538
2,3249066,66539
2,3249066,66540
2,3249067,66399
2,3249067,66421
2,3249067,66458
2,3249068,50424
2,3249068,66087
2,3249068,66088
2,3249068,66090
2,3249068,66094
2,3249068,66097
2,3249068,66098
2,3249068,66099
2,3249068,66100
2,3249068,66101
2,3249068,66102
2,3249068,66103
2,3249068,66104
2,3249068,66106
2,3249068,66108
2,3249068,66109
2,3249068,66150
2,3249068,66280
2,3249068,66330
2,3249069,25693
2,3249069,25704
2,3249069,25709
2,3249069,25712
2,3249069,25742
2,3249069,25744
2,3249069,25761
2,3249069,25764
2,3249069,25779
2,3249069,25794
2,3249070,24088
2,3249070,24090
2,3249070,24091
2,3249070,24094
2,3249070,24095
2,3249070,24096
2,3249070,24097
2,3249070,24098
2,3249070,24099
2,3249070,24100
2,3249070,24130
2,3249070,24131
2,3249070,24180
2,3249070,24300
2,3249071,23533
2,3249071,23538
2,3249071,23540
2,3249071,23541
2,3249071,23542
2,3249071,23543
2,3249071,23544
2,3249071,23546
2,3249071,23547
2,3249071,23590
2,3249072,24530
2,3249072,24531
2,3249073,25813
2,3249073,25836
2,3249073,25845
2,3249073,25870
2,3249073,25881
2,3249073,25917
2,3249073,25980
2,3249073,25996
2,3249074,23615
2,3249074,23616
2,3249074,23629
2,3249074,23689
2,3249075,24109
2,3249075,24229
2,3249075,24349
2,3249075,24358
2,3249075,24790
2,3249075,24811
2,3249076,22839
2,3249076,22841
2,3249076,22842
2,3249076,23791
2,3249076,23792
2,3249076,23821
2,3249076,23827
2,3249076,23864
2,3249076,24558
2,3249077,24613
2,3249077,25335
2,3249077,25358
2,3249077,25518
2,3249077,25520
2,3249077,25521
2,3249077,25522
2,3249077,25554
2,3249077,25560
2,3249077,25597
2,3249078,21462
2,3249078,22113
2,3249078,22139
2,3249078,22140
2,3249078,22145
2,3249078,22923
2,3249078,22929
2,3249078,22939
2,3249078,22946
2,3249078,22949
2,3249078,22964
2,3249078,23840
2,3249078,23841
2,3249078,23843
2,3249078,23845
2,3249078,23847
2,3249078,23858
2,3249079,16222
2,3249079,16230
2,3249079,16244
2,3249079,16247
2,3249079,16248
2,3249079,16259
2,3249079,16321
2,3249079,16341
2,3249079,16348
2,3249079,16352
2,3249079,16356
2,3249079,16359
2,3249080,10875
2,3249080,12521
2,3249080,12712
2,3249080,15711
2,3249080,15712
2,3249080,15713
2,3249080,15732
2,3249080,15741
2,3249080,15749
2,3249080,15752
2,3249080,15754
2,3249080,15755
2,3249080,15757
2,3249080,15806
2,3249080,15831
2,3249080,15848
2,3249080,15868
2,3249080,15907
2,3249080,15910
2,3249080,15913
2,3249080,15926
2,3249080,15938
2,3249081,03238
2,3249081,03246
2,3249081,03249
2,3249081,03253
2,3249081,04895
2,3249081,04910
2,3249081,04916
2,3249081,04924
2,3249081,04928
2,3249081,04931
2,3249081,04932
2,3249081,04934
2,3249081,04936
2,3249081,04938
2,3249082,14476
2,3249082,14621
2,3249082,14627
2,3249082,14641
2,3249082,14655
2,3249082,14662
2,3249082,14669
2,3249082,14710
2,3249082,14715
2,3249082,14727
2,3249082,14728
2,3249083,15306
2,3249083,15320
2,3249083,15324
2,3249083,15326
2,3249083,15328
2,3249083,15345
2,3249083,15366
2,3249083,15370
2,3249083,15377
2,3249083,15378
2,3249083,15559
2,3249083,15562
2,3249083,16259
2,3249083,16269
2,3249084,13660
2,3249084,16515
2,3249084,16540
2,3249084,16548
2,3249084,16552
2,3249084,16556
2,3249084,16559
2,3249084,16562
2,3249084,16565
2,3249084,16567
2,3249084,16727
2,3249084,16759
2,3249084,16766
2,3249084,16767
2,3249084,16775
2,3249084,16792
2,3249084,16798
2,3249085,01968
2,3249085,01983
2,3249085,01993
2,3249085,01994
2,3249085,01996
2,3249085,01998
2,3249085,03103
2,3249085,03205
2,3249085,03222
2,3249085,03226
2,3249085,03229
2,3249086,15236
2,3249086,15295
2,3249086,15299
2,3249086,15515
2,3249086,15517
2,3249086,15518
2,3249086,15526
2,3249086,15528
2,3249086,15537
2,3249086,15566
2,3249086,15848
2,3249086,15859
2,3249086,15864
2,3249086,15887
2,3249086,15888
2,3249086,15890
2,3249086,15898
2,3249087,16814
2,3249087,16818
2,3249087,16827
2,3249087,16831
2,3249087,16833
2,3249087,16835
2,3249087,16837
2,3249087,16845
2,3249087,16866
2,3249087,16868
2,3249087,16909
2,3249087,16918
2,3249088,16866
2,3249088,16921
2,3249088,16928
2,3249088,16945
2,3249088,19309
2,3249088,19322
2,3249088,19334
2,3249088,19336
2,3249088,19339
2,3249088,19348
2,3249088,19357
2,3249089,03058
2,3249089,03096
2,3249089,03130
2,3249089,03139
2,3249089,03149
2,3249089,03159
2,3249089,03172
2,3249089,03185
2,3249089,03197
2,3249090,10858
2,3249090,14464
2,3249090,14913
2,3249090,14943
2,3249090,14947
2,3249090,14959
2,3249090,14974
2,3249090,14980
2,3249090,15806
2,3249090,15831
2,3249090,15837
2,3249090,15838
2,3249090,15936
2,3249091,03202
2,3249091,16248
2,3249091,16278
2,3249091,16303
2,3249091,16306
2,3249091,16307
2,3249091,17268
2,3249091,17291
2,3249091,17337
2,3302143,19069
2,3302143,19071
2,3302143,19205
2,3302143,19209
2,3302143,19217
2,3302143,19417
2,3302143,23923
2,3302143,23935
2,3302143,23936
2,3302143,23942
2,3302143,23946
2,3302143,23948
2,3302143,23952
2,3302143,23968
2,3302143,23972
2,3302143,23992
2,3302143,23999
2,3302155,06291
2,3302155,06295
2,3302155,06308
2,3302155,06317
2,3302155,06318
2,3302155,06333
2,3302155,06343
2,3302155,06347
2,3302155,06528
2,3302155,06536
2,3302155,06542
2,3302155,06543
2,3302155,06547
2,3302156,06618
2,3302156,06628
2,3302156,06632
2,3302156,06636
2,3302156,06642
2,3302156,06647
2,3302156,06648
2,3302156,06667
2,3302156,06679
2,3302156,06682
2,3302156,06686
2,3302156,06712
2,3302156,06721
2,3302156,06722
2,3302156,06724
2,3302156,06725
2,3302156,06727
2,3302156,06729
2,3302158,39175
2,3302158,39264
2,3302158,39279
2,3302158,39288
2,3302158,39291
2,3302158,39307
2,3302158,39317
2,3302158,39319
2,3302158,39524
2,3302159,39148
2,3302159,39149
2,3302159,39171
2,3302159,39178
2,3302159,39179
2,3302159,39326
2,3302159,39340
2,3302159,39343
2,3302159,39345
2,3302159,39356
2,3302159,39359
2,3302159,39365
2,3302159,39387
2,3302159,39393
2,3302159,39398
2,3302159,39400
2,3302159,39517
2,3302159,39638
2,3302169,36452
2,3302169,98593
2,3302169,98597
2,3302169,98610
2,3302169,98617
2,3302169,98631
2,3302169,98634
2,3305808,08301
2,3305808,08312
2,3305808,08318
2,3305808,08325
2,3305808,08340
2,3305808,08359
2,3305808,09221
2,3305808,09366
2,3305808,09376
2,3305808,09380
2,3305808,09385
2,3305808,09387
2,3305808,09399
2,3305808,09405
2,3305808,09423
2,3305808,09437
2,3305808,09439
2,3305808,09450
2,3305808,09453
2,3305808,09454
2,3305808,09465
2,3305808,09484
2,3305808,09548
2,3305812,01730
2,3305812,01762
2,3305812,01774
2,3305812,01776
2,3305812,01793
2,3305812,01809
2,3305812,01814
2,3305812,01816
2,3305812,01819
2,3305812,01824
2,3305812,01833
2,3305812,01844
2,3305812,01855
2,3305827,35383
2,3305827,35384
2,3305827,35385
2,3305827,35386
2,3305827,35387
2,3305827,35388
2,3305827,35402
2,3305827,35415
2,3305827,35418
2,3305827,35435
2,3305827,35440
2,3305827,35444
2,3305827,35463
2,3305827,35469
2,6547383,10026
2,6547383,10082
2,6547383,10083
2,6547383,10086
2,6547383,10096
2,6547383,10098
2,6547383,10099
2,6547383,10102
2,6547383,10103
2,6547383,10104
2,6547383,10105
2,6547383,10106
2,6547383,10107
2,6547383,10108
2,6547383,10109
2,6547383,10112
2,6547383,10150
2,6547383,10169
2,6547383,10173
2,6547383,10243
2,6547383,10245
2,6547383,10247
2,6547383,10249
2,6547383,10306
2,6547383,10313
2,6547383,10356
2,6547383,10358
2,6547383,10360
2,6547383,10361
2,6547383,10362
2,6547383,10400
2,6547383,10431
2,6547383,10546
2,6547383,10547
2,6547383,10548
2,6547383,10617
2,6547383,10702
2,6547383,10703
2,6547383,10704
2,6547383,10705
2,6547383,10768
2,6547383,10772
2,6547383,10773
2,6547383,10774
2,6547383,10819
2,6547383,10820
2,6547383,10842
2,6547383,10850
2,6547383,10859
2,6547383,10860
2,6547383,10861
2,6547383,10862
2,6547383,10863
2,6547383,10864
2,6547383,10865
2,6547383,10867
2,6547383,10868
2,6547383,10871
2,6547383,10872
2,6547383,10873
2,6547383,10874
2,6547383,10875
2,6547383,10876
2,6547383,10877
2,6547383,10878
2,6547383,10880
2,6547383,10881
2,6547383,10882
2,6547383,10883
2,6547383,10884
2,6547383,10885
2,6547383,10886
2,6547383,10887
2,6547383,10888
2,6547383,10889
2,6547383,10890
2,6547383,10891
2,6547383,10892
2,6547383,10893
2,6547383,10896
2,6547383,10898
2,6547383,10899
2,6547383,10901
2,6547383,10902
2,6547383,10903
2,6547383,10904
2,6547383,10905
2,6547383,10907
2,6547383,10912
2,6547383,10913
2,6547383,10914
2,6547383,10916
2,6547383,10917
2,6547383,10918
2,6547383,10919
2,6547383,10934
2,6547383,10956
2,6547383,10958
2,6547383,10959
2,6547383,10961
2,6547383,10963
2,6547383,10965
2,6547383,10967
2,6547383,10969
2,6547383,10997
2,6547383,10999
2,6547383,11010
2,6547383,11013
2,6547383,11014
2,6547383,11017
2,6547383,11052
2,6547383,11053
2,6547383,11054
2,6547383,11055
2,6547383,11056
2,6547383,11501
2,6547383,11503
2,6547383,11504
2,6547383,11505
2,6547383,11506
2,6547383,11507
2,6547383,11508
2,6547383,11509
2,6547383,11510
2,6547383,11511
2,6547383,11513
2,6547383,11515
2,6547383,11516
2,6547383,12028
2,6547383,12032
2,6547383,12037
2,6547383,12038
2,6547383,12039
2,6547383,12040
2,6547383,12095
2,6547383,12096
2,6547383,12154
2,6547383,12200
2,6547383,12274
2,6547383,12345
2,6547383,12485
2,6547383,12552
2,6547383,12616
2,6547383,12670
2,6547383,12671
2,6547383,12677
2,6547383,13047
2,6547383,13048
2,6547383,13122
2,6547383,13340
2,6547383,13341
2,6547383,13342
2,6547383,13343
2,6547383,13344
2,6547383,13400
2,6547383,13496
2,6547383,13497
2,6547383,13498
2,6547383,13499
2,6547383,13500
2,6547383,13565
2,6547383,13578
2,6547383,13619
2,6547383,13622
2,6547383,13623
2,6547383,13624
2,6547383,13625
2,6547383,14045
2,6547383,14046
2,6547383,14047
2,6547383,14107
2,6547383,14160
2,6547383,14191
2,6547383,14328
2,6547383,14457
2,6547383,15227
2,6547383,17240
2,6547383,60647
2,6547383,96035
2,6547383,96076
2,6547384,07952
2,6547384,07985
2,6547384,08081
2,6547384,08209
2,6547384,08223
2,6547384,08237
2,6547384,08248
2,6547384,08261
2,6547384,08262
2,6547384,08468
2,6547384,08520
2,6547384,08538
2,6547384,08547
2,6547384,08606
2,6547387,37308
2,6547387,37318
2,6547387,37327
2,6547387,37345
2,6547387,37351
2,6547387,37355
2,6547388,36419
2,6547388,36433
2,6547388,36452
2,6547388,36460
2,6547388,99815
2,6547388,99819
2,6547388,99820
2,6547388,99826
2,6547388,99837
2,6547388,99848
2,6547389,99947
2,6547389,99955
2,6547389,99974
2,6547389,99976
2,6547389,99998
2,6547390,06553
2,6547390,06556
2,6547390,99707
2,6547390,99713
2,6547391,98701
2,6547391,98704
2,6547391,98711
2,6547391,99102
2,6547391,99130
2,6547391,99310
2,6547391,99326
2,6547391,99334
2,6547392,07318
2,6547392,07349
2,6547392,07407
2,6547392,07422
2,6547392,98743
2,6547392,98744
2,6547392,98746
2,6547393,07607
2,6547393,07613
2,6547393,07616
2,6547393,07646
2,6547393,07778
2,6547394,07356
2,6547394,07368
2,6547394,07387
2,6547394,07806
2,6547394,07819
2,6547394,07907
2,6547394,07924
2,6547394,07929
2,6547395,20066
2,6547395,20067
2,6547395,20068
2,6547395,20069
2,6547395,20070
2,6547395,20071
2,6547395,20072
2,6547395,20073
2,6547395,20074
2,6547395,20076
2,6547395,20077
2,6547395,20079
2,6547395,20080
2,6547395,20081
2,6547395,20084
2,6547395,20085
2,6547395,20086
2,6547395,20087
2,6547395,20088
2,6547395,20090
2,6547395,20091
2,6547395,20092
2,6547395,20095
2,6547395,20097
2,6547395,20099
2,6547395,20139
2,6547395,20140
2,6547395,20144
2,6547395,20146
2,6547395,20148
2,6547395,20149
2,6547395,20242
2,6547395,20243
2,6547395,20244
2,6547395,20245
2,6547395,20246
2,6547395,20247
2,6547395,20249
2,6547395,20251
2,6547395,20253
2,6547395,20255
2,6547395,20257
2,6547395,20259
2,6547395,20346
2,6547395,20347
2,6547395,20348
2,6547395,20350
2,6547395,20351
2,6547395,20354
2,6547395,20355
2,6547395,20357
2,6547395,20359
2,6547395,20444
2,6547395,20445
2,6547395,20446
2,6547395,20449
2,6547395,20450
2,6547395,20451
2,6547395,20452
2,6547395,20453
2,6547395,20454
2,6547395,20457
2,6547395,20459
2,6547395,20531
2,6547395,20533
2,6547395,20535
2,6547395,20537
2,6547395,20539
2,6547395,20901
2,6547395,20903
2,6547395,20911
2,6547395,20912
2,6547395,20913
2,6547395,20914
2,6547395,20915
2,6547395,21027
2,6547395,21029
2,6547395,21031
2,6547395,21033
2,6547395,21035
2,6547395,21037
2,6547395,21071
2,6547395,21073
2,6547395,21075
2,6547395,21077
2,6547395,21079
2,6547395,21105
2,6547395,21107
2,6547395,21109
2,6547395,21129
2,6547395,21147
2,6547395,21149
2,6547395,21170
2,6547395,21175
2,6547395,22032
2,6547395,22034
2,6547395,22035
2,6547395,22036
2,6547395,22037
2,6547395,22039
2,6547395,22041
2,6547395,22043
2,6547395,22045
2,6547395,22047
2,6547395,22049
2,6547395,22078
2,6547395,22079
2,6547395,22081
2,6547395,22083
2,6547395,22085
2,6547395,22087
2,6547395,22089
2,6547395,22102
2,6547395,22111
2,6547395,22115
2,6547395,22117
2,6547395,22119
2,6547395,22143
2,6547395,22147
2,6547395,22149
2,6547395,22159
2,6547395,22175
2,6547395,22177
2,6547395,22179
2,6547395,22222
2,6547395,22276
2,6547395,22277
2,6547395,22278
2,6547395,22279
2,6547395,22280
2,6547395,22281
2,6547395,22282
2,6547395,22283
2,6547395,22284
2,6547395,22287
2,6547395,22288
2,6547395,22290
2,6547395,22291
2,6547395,22292
2,6547395,22293
2,6547395,22294
2,6547395,22297
2,6547395,22299
2,6547395,22301
2,6547395,22303
2,6547395,22305
2,6547395,22307
2,6547395,22309
2,6547395,22331
2,6547395,22332
2,6547395,22335
2,6547395,22337
2,6547395,22339
2,6547395,22357
2,6547395,22359
2,6547395,22389
2,6547395,22391
2,6547395,22393
2,6547395,22395
2,6547395,22397
2,6547395,22399
2,6547395,22413
2,6547395,22415
2,6547395,22417
2,6547395,22419
2,6547395,22451
2,6547395,22453
2,6547395,22455
2,6547395,22457
2,6547395,22459
2,6547395,22520
2,6547395,22521
2,6547395,22523
2,6547395,22525
2,6547395,22527
2,6547395,22529
2,6547395,22545
2,6547395,22547
2,6547395,22549
2,6547395,22557
2,6547395,22559
2,6547395,22585
2,6547395,22587
2,6547395,22589
2,6547395,22603
2,6547395,22605
2,6547395,22607
2,6547395,22609
2,6547395,22743
2,6547395,22744
2,6547395,22745
2,6547395,22746
2,6547395,22747
2,6547395,22748
2,6547395,22750
2,6547395,22754
2,6547395,22755
2,6547395,22756
2,6547395,22758
2,6547395,22761
2,6547395,22763
2,6547395,22765
2,6547395,22767
2,6547395,22769
2,6547395,22776
2,6547395,22777
2,6547395,22778
2,6547395,22779
2,6547395,22782
2,6547395,22783
2,6547395,22785
2,6547395,22787
2,6547395,22788
2,6547395,22789
2,6547395,22790
2,6547395,22791
2,6547395,22792
2,6547395,22794
2,6547395,22795
2,6547395,22796
2,6547395,22797
2,6547395,22799
2,6547395,22866
2,6547395,27499
2,6547395,33687
2,6547395,50423
2,8648342,17166
2,8648342,17168
2,8648342,17179
2,8648342,18053
2,8648342,18060
2,8648342,18101
2,8648342,18107
2,8648342,18184
2,8648342,18190
2,8648342,18195
2,8648342,18196
2,8648342,18211
2,8648342,18225
2,8648342,18230
2,8648342,18231
2,8648342,18233
2,8648342,18236
2,8648342,18239
2,8648342,18246
2,8648342,18249
2,8648342,18258
2,8648342,18271
2,8648342,18276
2,8648342,18292
2,8648342,18299
2,8648412,19065
2,8648412,19067
2,8648412,19073
2,8648412,19075
2,8648412,19077
2,8648412,19085
2,8648412,19089
2,8648412,19230
2,8648412,19243
2,8648412,19246
2,8648412,19249
2,8648412,19258
2,8648412,19260
2,8648412,19273
2,8648412,19288
2,8648412,19294
2,8648412,19300
2,8648412,19303
2,8648412,19306
2,8648412,19357
2,8648412,19367
2,8648412,19372
2,8648412,19374
2,8648412,19376
2,8648412,19386
2,8648412,19395
2,8648412,19399
2,8648412,19406
2,8648412,19412
2,8648413,17030
2,8648413,17039
2,8648413,17049
2,8648413,17050
2,8648413,17089
2,8648413,17091
2,8648413,17094
2,8648413,17099
2,8648413,17111
2,8648413,17139
2,8648413,17153
2,8648413,17159
2,8648413,17192
2,8648413,17194
2,8648413,17207
2,8648413,17209
2,8648413,17213
2,8648413,17214
2,8648413,17217
2,8648413,17219
2,8648413,17237
2,8648413,17252
2,8648413,17255
2,8648413,17258
2,8648413,17259
2,8648413,17337
2,8648413,17348
2,8648413,17349
2,8648413,17391
2,8648415,17121
2,8648415,17129
2,8648415,17305
2,8648415,17306
2,8648415,17308
2,8648415,17309
2,8648415,17321
2,8648415,17322
2,8648415,17328
2,8648415,17329
2,8648415,17337
2,8648415,17358
2,8648415,17375
2,8648415,17379
2,8648415,17390
2,8648415,17391
2,8648415,17392
2,8648415,17398
2,8648415,17406
2,8648415,17419
2,8648415,17429
2,8648415,17440
2,8648415,17449
2,8648415,17454
2,8648415,17459
2,8648415,17474
2,8648415,17475
2,8648415,17489
2,8648415,17491
2,8648415,17493
2,8648415,17495
2,8648415,17498
2,8648415,17506
2,8648415,17509
3,11072572,38835
3,11594500,95514
3,11608841,98678
3,11608953,74869
3,11669886,89134
3,11670101,74921
3,11670102,88273
3,11670103,71120
3,11670104,69493
3,11670105,76703
3,11670106,74243
3,11670107,73252
3,11670108,74931
3,11951298,74343
3,12188614,93199
3,12188617,71686
3,13192010,27809
3,13286470,25348
3,13286471,34549
3,13362065,18059
3,13492744,26489
3,13519501,26487
3,13529692,21717
3,13552252,29476
3,13639974,49843
3,13640011,49824
3,13657628,49457
3,2803474,08267
3,2803476,08297
3,2803489,04509
3,2803515,64673
3,2803516,69439
3,2803537,94227
3,2803545,88529
3,2803560,08056
3,2803560,08058
3,2803560,08060
3,2803560,08062
3,2803560,08064
3,2803560,08066
3,2803588,04442
3,2803604,74639
3,2803606,54673
3,2803620,66482
3,2803642,74939
3,2803651,17495
3,2803655,86441
3,2803664,54422
3,2803667,89449
3,2803670,23992
3,2803723,53909
3,2803776,04509
3,2803781,06791
3,2803786,08321
3,2803798,09405
3,2803824,06179
3,2803827,04838
3,2803848,04680
3,2803857,55576
3,2803870,15806
3,2803874,89447
3,2803875,06254
3,2803879,06888
3,2803882,55270
3,2803884,85604
3,2803889,37449
3,2803891,06780
3,2803892,06679
3,2803917,07751
3,2803923,85406
3,2803953,19374
3,2803972,09517
3,2804008,02763
3,2804034,90513
3,2804051,17419
3,2804121,04860
3,2804135,18374
3,2804155,56379
3,2804157,72369
3,2804158,99100
3,2804159,78658
3,2804161,07778
3,2804207,15295
3,2804208,56288
3,2804255,23911
3,2804268,18059
3,2804279,14793
3,2804283,89446
3,2804285,23968
3,2804297,34289
3,2804313,86473
3,2804318,39326
3,2804368,07924
3,2804391,57632
3,2804399,19372
3,2804485,06268
3,2804549,04618
3,2804616,19069
3,2804630,16306
3,2804642,27404
3,2804646,15738
3,2804654,07937
3,2804674,09306
3,2804684,56761
3,2804697,26340
3,2804715,17309
3,2804729,29499
3,2804745,54314
3,2804748,39261
3,2804751,39279
3,2804761,18246
3,2804764,94579
3,2804784,54655
3,2804791,54313
3,2804792,17440
3,2804803,73119
3,2804808,97225
3,2804810,79669
3,2804865,97299
3,2804867,98544
3,2804882,56856
3,2804922,06712
3,2804925,97799
3,2804933,93197
3,2804939,01619
3,2804951,67378
3,2805006,84367
3,2805041,56414
3,2805042,56477
3,2805050,18276
3,2805075,16792
3,2805095,07557
3,2805119,15328
3,2805195,18510
3,2805198,23619
3,2805213,17159
3,2805223,06179
3,2805228,96199
3,2805231,19089
3,2805261,84539
3,2805264,93499
3,2805283,75059
3,2805313,06895
3,2805354,94239
3,2805357,06369
3,2805361,74374
3,2805365,01561
3,2805385,46509
3,2805396,25938
3,2805419,79793
3,2805448,17255
3,2805451,29462
3,2805463,37318
3,2805475,14789
3,2805480,14641
3,2805481,17509
3,2805497,71543
3,2805567,39524
3,2805581,55471
3,2805586,67808
3,2805597,04808
3,2805615,97070
3,2805615,97072
3,2805615,97074
3,2805615,97076
3,2805615,97078
3,2805615,97080
3,2805615,97082
3,2805615,97084
3,2805623,07343
3,2805644,52146
3,2805652,56858
3,2805657,84189
3,2805667,78573
3,2805677,75449
3,2805694,84329
3,2805727,06712
3,2805753,42103
3,2805753,42105
3,2805753,42107
3,2805753,42109
3,2805753,42111
3,2805753,42113
3,2805753,42115
3,2805753,42117
3,2805753,42119
3,2805753,42275
3,2805753,42277
3,2805753,42279
3,2805753,42281
3,2805753,42283
3,2805753,42285
3,2805753,42287
3,2805753,42289
3,2805753,42327
3,2805753,42329
3,2805753,42349
3,2805753,42369
3,2805753,42389
3,2805753,42399
3,2805761,31515
3,2805762,95632
3,2805773,07570
3,2805785,33181
3,2805793,99610
3,2805861,01609
3,2805865,17039
3,2805870,37199
3,2805877,25563
3,2805891,21445
3,2805910,42489
3,2805925,39387
3,2805945,06369
3,2805988,25799
3,2805992,25938
3,2805994,25563
3,2805999,16269
3,2806002,29565
3,2806007,29559
3,2806011,27638
3,2806015,17209
3,2806072,82237
3,2806079,84109
3,2806080,93086
3,2806081,76744
3,2806082,63939
3,2806083,21502
3,2806097,73499
3,2806105,55286
3,2806108,27726
3,2806127,72299
3,2806141,39365
3,2806142,67547
3,2806142,67549
3,2806142,67550
3,2806142,67551
3,2806162,06786
3,2806173,87789
3,2806192,37339
3,2806205,55490
3,2806231,55599
3,2806232,96197
3,2806239,97539
3,2806244,55481
3,2806276,31099
3,2806283,21516
3,2806285,29497
3,2806287,15569
3,2806307,54636
3,2806310,38379
3,2806320,31556
3,2806322,88284
3,2806325,74549
3,2806339,85283
3,2806342,39326
3,2806343,39435
3,2806345,57635
3,2806346,25704
3,2806353,55597
3,2806380,56826
3,2806399,14778
3,2806414,37434
3,2806439,37434
3,2806442,97618
3,2806474,09429
3,2806489,56332
3,2806501,17438
3,2806523,67752
3,2806596,55578
3,2806633,93195
3,2806646,72649
3,2806650,99819
3,2806654,38440
3,2806654,38442
3,2806654,38444
3,2806654,38446
3,2806654,38448
3,2806768,82515
3,2806770,91639
3,2806788,99885
3,2806799,34466
3,2806831,87787
3,2806846,06542
3,2806847,86709
3,2806852,61200
3,2806856,98617
3,2806870,85395
3,2806872,99713
3,2806884,06295
3,2806890,56244
3,2806898,36404
3,2806914,38281
3,2806914,38300
3,2806914,38302
3,2806914,38304
3,2806919,06766
3,2806923,88364
3,2806946,77709
3,2806959,57614
3,2806963,17348
3,2806968,17091
3,2807001,25797
3,2807010,27419
3,2807025,21521
3,2807029,06408
3,2807042,06642
3,2807075,24899
3,2807098,17039
3,2807136,25856
3,2807138,19288
3,2807143,25889
3,2807154,94104
3,2807163,99310
3,2807171,19406
3,2807177,22969
3,2807184,37213
3,2807184,37214
3,2807184,37215
3,2807184,37216
3,2807184,37217
3,2807184,37218
3,2807194,21514
3,2807213,21357
3,2807215,79299
3,2807218,26409
3,2807224,24306
3,2807229,38329
3,2807238,79599
3,2807240,54516
3,2807254,89426
3,2807257,29378
3,2807257,29379
3,2807265,02997
3,2807267,84384
3,2807276,56237
3,2807279,09228
3,2807283,06712
3,2807285,07318
3,2807300,99189
3,2807325,18510
3,2807327,19073
3,2807335,19243
3,2807337,23829
3,2807340,25548
3,2807344,19322
3,2807355,18209
3,2807363,58452
3,2807363,58453
3,2807363,58454
3,2807363,58455
3,2807363,58456
3,2807365,91749
3,2807381,25946
3,2807388,25872
3,2807395,25938
3,2807411,21255
3,2807424,54636
3,2807440,57537
3,2807465,23966
3,2807465,23968
3,2807465,23970
3,2807474,06647
3,2807484,21737
3,2807496,24217
3,2807497,25876
3,2807526,55758
3,2807527,56237
3,2807528,95339
3,2807549,56422
3,2807551,56814
3,2807555,53534
3,2807558,26529
3,2807579,06526
3,2807584,26892
3,2807594,51688
3,2807625,97537
3,2807640,94577
3,2807647,31088
3,2807654,37339
3,2807660,54487
3,2807663,56355
3,2807685,54616
3,2807693,67587
3,2807696,04610
3,2807704,54608
3,2807718,87785
3,2807736,72474
3,2807757,97286
3,2807775,29416
3,2807778,55595
3,2807783,67822
3,2807788,59955
3,2807822,55595
3,2807824,66484
3,2807825,73650
3,2807827,89368
3,2807844,24568
3,2807848,25551
3,2807851,54614
3,2807852,67722
3,2807859,56333
3,2807862,38170
3,2807864,25887
3,2807868,53520
3,2807872,71364
3,2807876,56459
3,2807877,24398
3,2807916,92559
3,2807956,27243
3,2807991,90610
3,2808007,57644
3,2808043,84543
3,2808067,37308
3,2808101,91575
3,2808143,04603
3,2808148,92670
3,2808189,37539
3,2808204,53578
3,2808219,55452
3,2808239,56379
3,2808241,76872
3,2808251,91635
3,2808253,99765
3,2808263,24340
3,2808275,25729
3,2808279,94336
3,2808306,86949
3,2808310,54457
3,2808315,71299
3,2808359,06313
3,2808390,53518
3,2808404,54459
3,2808406,02681
3,2808408,49849
3,2808413,25554
3,2808417,27412
3,2808419,06449
3,2808435,54655
3,2808436,01723
3,2808461,57234
3,2808487,54533
3,2808493,77731
3,2808497,56594
3,2808514,93497
3,2808516,56459
3,2808521,97647
3,2808533,34628
3,2808545,56479
3,2808559,47877
3,2808571,99510
3,2808596,24616
3,2808619,34439
3,2808624,97348
3,2808644,08112
3,2808649,91452
3,2808657,96352
3,2808720,26382
3,2808720,26384
3,2808720,26386
3,2808720,26388
3,2808720,26389
3,2808734,69259
3,2808743,07389
3,2808745,91489
3,2808746,88271
3,2808748,17379
3,2808792,76848
3,2808810,82409
3,2808833,87499
3,2808871,97772
3,2808878,07980
3,2808893,27793
3,2808947,01561
3,2808956,08134
3,2808964,04626
3,2808970,93359
3,2808987,38709
3,2809009,17091
3,2809013,72218
3,2809033,15745
3,2809042,91634
3,2809065,87487
3,2809085,29649
3,2809089,31613
3,2809092,29323
3,2809100,49835
3,2809119,67744
3,2809123,97859
3,2809134,26639
3,2809138,69168
3,2809142,79699
3,2809181,91632
3,2809191,97353
3,2809192,91369
3,2809196,36466
3,2809210,93109
3,2809214,73349
3,2809241,94344
3,2809259,14827
3,2809264,97355
3,2809277,69257
3,2809286,15295
3,2809291,63831
3,2809303,53534
3,2809341,54578
3,2809346,65183
3,2809346,65185
3,2809346,65187
3,2809346,65189
3,2809346,65191
3,2809346,65193
3,2809346,65195
3,2809346,65197
3,2809346,65199
3,2809346,65201
3,2809346,65203
3,2809346,65205
3,2809346,65207
3,2809357,66894
3,2809362,95676
3,2809367,09488
3,2809372,79697
3,2809395,21502
3,2809401,54636
3,2809402,56294
3,2809403,75446
3,2809415,29568
3,2809437,38889
3,2809444,29342
3,2809449,18258
3,2809463,25779
3,2809468,24649
3,2809489,82407
3,2809491,49843
3,2809509,18556
3,2809517,51674
3,2809524,06571
3,2809539,99510
3,2809544,26215
3,2809550,02994
3,2809567,06333
3,2809578,86879
3,2809587,31719
3,2809625,79695
3,2809628,04509
3,2809645,37447
3,2809651,18375
3,2809675,56291
3,2809718,74259
3,2809741,99510
3,2809762,55758
3,2809778,58739
3,2809796,07774
3,2809837,38554
3,2809845,57635
3,2809852,56357
3,2809856,83629
3,2809861,25599
3,2809889,35576
3,2809889,35578
3,2809889,35579
3,2809889,35580
3,2809889,35581
3,2809889,35582
3,2809889,35583
3,2809889,35584
3,2809889,35585
3,2809889,35586
3,2809914,85139
3,2809917,49838
3,2809919,48493
3,2809921,91631
3,2809928,54646
3,2809939,06198
3,2809944,06722
3,2809985,35083
3,2810000,06528
3,2810014,49453
3,2810024,06618
3,2810058,25926
3,2810110,67593
3,2810125,67368
3,2810128,91747
3,2810134,99869
3,2810135,98663
3,2810136,73463
3,2810143,99718
3,2810148,31079
3,2810168,27386
3,2810178,27412
3,2810184,89198
3,2810188,26655
3,2810204,24784
3,2810208,23815
3,2810214,25885
3,2810223,56479
3,2810254,25597
3,2810284,25980
3,2810289,49492
3,2810300,25364
3,2810305,24977
3,2810317,26556
3,2810335,25881
3,2810336,72589
3,2810337,87784
3,2810345,06484
3,2810364,21394
3,2810395,39448
3,2810399,25761
3,2810413,56457
3,2810428,25782
3,2810493,23847
3,2810505,24259
3,2810531,86707
3,2810533,87679
3,2810559,29599
3,2810565,06449
3,2810581,82405
3,2810587,82234
3,2810590,19089
3,2810608,25746
3,2810612,50389
3,2810617,25764
3,2810619,25764
3,2810659,29392
3,2810662,17255
3,2810673,66919
3,2810678,46483
3,2810678,46485
3,2810678,46487
3,2810702,86637
3,2810706,36100
3,2810710,33824
3,2810716,97877
3,2810728,87497
3,2810732,53520
3,2810763,49751
3,2810767,56414
3,2810775,98590
3,2810801,99634
3,2810808,38855
3,2810815,16356
3,2810828,76857
3,2810832,97440
3,2810833,59368
3,2810836,07381
3,2810840,92533
3,2810841,73249
3,2810848,04779
3,2810855,42929
3,2810860,49757
3,2810874,38315
3,2810878,59457
3,2810883,57635
3,2810917,26427
3,2810919,58791
3,2810937,19386
3,2810969,08412
3,2810970,08223
3,2810985,03096
3,2811000,97956
3,2811007,14778
3,2811011,21279
3,2811013,93173
3,2811022,38486
3,2811031,21465
3,2811034,23898
3,2811047,23827
3,2811072,30974
3,2811094,25767
3,2811156,06688
3,2811160,84187
3,2811173,24235
3,2811187,18442
3,2811204,73240
3,2811218,15864
3,2811227,21403
3,2811236,18513
3,2811278,57482
3,2811292,90530
3,2811295,55234
3,2811317,38176
3,2811342,86650
3,2811346,79677
3,2811348,03119
3,2811354,73642
3,2811361,59514
3,2811370,56459
3,2811378,56357
3,2811384,25836
3,2811387,39221
3,2811403,56412
3,2811413,56729
3,2811420,54298
3,2811439,25782
3,2811474,56753
3,2811514,78669
3,2811532,39167
3,2811534,54441
3,2811537,21261
3,2811558,57644
3,2811562,55576
3,2811570,86465
3,2811575,66887
3,2811578,53518
3,2811584,06333
3,2811611,96479
3,2811614,87480
3,2811643,67808
3,2811644,64331
3,2811652,56191
3,2811653,55629
3,2811654,55624
3,2811665,17498
3,2811685,57586
3,2811691,79367
3,2811698,02943
3,2811713,02957
3,2811837,56575
3,2811860,99631
3,2811864,06268
3,2811865,88138
3,2811870,91367
3,2811879,89264
3,2811899,06667
3,2811905,07950
3,2811909,91781
3,2811918,96369
3,2811927,37345
3,2811930,37299
3,2811934,07639
3,2811941,02627
3,2812009,95237
3,2812032,07646
3,2812036,74679
3,2812043,06369
3,2812053,71287
3,2812067,96260
3,2812071,66709
3,2812084,67256
3,2812085,67273
3,2812086,91085
3,2812092,76599
3,2812095,19322
3,2812099,56348
3,2812104,08538
3,2812118,07806
3,2812148,54595
3,2812149,55595
3,2812158,74189
3,2812164,55278
3,2812174,69469
3,2812196,67366
3,2812197,76356
3,2812204,88250
3,2812225,01689
3,2812469,35796
3,2812471,56379
3,2812482,99423
3,2812482,99425
3,2812482,99427
3,2812484,91744
3,2812497,35789
3,2812502,71093
3,2812509,73235
3,2812516,79809
3,2812522,53919
3,2812568,67685
3,2812580,56729
3,2812582,56825
3,2812584,55413
3,2812617,72367
3,2812625,71263
3,2812626,35781
3,2812633,63937
3,2812634,36457
3,2812636,79576
3,2812644,86947
3,2812655,97990
3,2812670,84107
3,2812752,92729
3,2812831,91629
3,2812854,97215
3,2812855,91249
3,2812914,54636
3,2812915,92557
3,2812917,93495
3,2812931,96279
3,2812954,67475
3,2812958,89197
3,2812994,56244
3,2813021,56355
3,2813022,54570
3,2813023,91746
3,2813039,55758
3,2813040,92637
3,2813110,07570
3,2813145,85258
3,2813152,86706
3,2813176,63879
3,2813180,56745
3,2813209,86517
3,2813216,61273
3,2813246,27259
3,2813259,56653
3,2813262,79664
3,2813277,37339
3,2813308,78564
3,2813344,94110
3,2813383,38828
3,2813390,41844
3,2813405,39356
3,2813407,39365
3,2813410,47652
3,2813425,24994
3,2813427,24999
3,2813431,31096
3,2813433,26826
3,2813442,23795
3,2813464,22880
3,2813468,25795
3,2813479,06458
3,2813480,06502
3,2813493,24576
3,2813524,09306
3,2813531,86759
3,2813573,54649
3,2813580,54612
3,2813581,54441
3,2813604,54595
3,2813624,18279
3,2813638,67319
3,2813641,96196
3,2813647,24582
3,2813660,29339
3,2813685,98634
3,2813700,91717
3,2813701,99718
3,2813723,97535
3,2813728,54332
3,2813732,38871
3,2813755,83512
3,2813786,41849
3,2813787,56653
3,2813819,56370
3,2813847,73116
3,2813860,38553
3,2813864,24647
3,2813877,99869
3,2813888,97797
3,2813895,16306
3,2813914,88447
3,2813930,06901
3,2813931,67681
3,2813935,85456
3,2814005,59581
3,2814024,25560
3,2814031,27333
3,2814043,18249
3,2814053,83627
3,2814062,24250
3,2814065,55442
3,2814066,31606
3,2814077,95485
3,2814095,19288
3,2814107,19417
3,2814127,48231
3,2814133,18299
3,2814142,24646
3,2814146,26203
3,2814153,34414
3,2814157,38378
3,2814174,24594
3,2814181,39164
3,2814195,72827
3,2814241,21776
3,2814246,24601
3,2814273,99869
3,2814279,73117
3,2814287,23758
3,2814288,37627
3,2814292,21483
3,2814294,85368
3,2814297,37281
3,2814305,16348
3,2814312,24997
3,2814313,99869
3,2814362,45731
3,2814372,85137
3,2814392,99880
3,2814406,07646
3,2814415,57632
3,2814432,39264
3,2814445,87448
3,2814448,86480
3,2814462,29664
3,2814465,16818
3,2814469,76833
3,2814471,66484
3,2814476,54578
3,2814478,96194
3,2814479,99189
3,2814486,85469
3,2814499,07613
3,2814512,06193
3,2814518,29413
3,2814522,54531
3,2814526,24980
3,2814553,56414
3,2814557,57584
3,2814570,06528
3,2814571,55595
3,2814572,74599
3,2814577,66917
3,2814582,82499
3,2814591,55578
3,2814592,86757
3,2814596,54597
3,2814599,94522
3,2814612,94574
3,2814613,66798
3,2814632,49134
3,2814637,96346
3,2814640,06254
3,2814643,54675
3,2814650,54570
3,2814655,25788
3,2814667,74731
3,2814668,98639
3,2814670,69190
3,2814685,98639
3,2814707,23896
3,2814718,86877
3,2814733,37445
3,2814738,17179
3,2814747,74399
3,2814748,56865
3,2814762,54429
3,2814765,92727
3,2814775,73550
3,2814776,89367
3,2814787,15377
3,2814791,79761
3,2814795,67165
3,2814815,95652
3,2814821,76857
3,2814832,54320
3,2814840,53498
3,2814846,93449
3,2814847,56479
3,2814851,66914
3,2814853,69483
3,2814866,67693
3,2814871,55444
3,2814874,84478
3,2814880,94065
3,2814883,79183
3,2814888,37284
3,2814914,54673
3,2814956,04736
3,2815002,76857
3,2815010,67822
3,2815032,67714
3,2815035,52525
3,2815046,56323
3,2815048,95679
3,2815059,93194
3,2815074,08396
3,2815075,74638
3,2815076,71111
3,2815101,34513
3,2815102,07646
3,2815127,97297
3,2815128,88289
3,2815132,97295
3,2815137,51545
3,2815138,56588
3,2815139,55596
3,2815170,06721
3,2815180,63857
3,2815186,55425
3,2815198,93192
3,2815205,88639
3,2815207,87616
3,2815218,26907
3,2815254,39356
3,2815255,06333
3,2815297,91344
3,2815300,88489
3,2815303,97534
3,2815305,56477
3,2815315,86579
3,2815317,92726
3,2815328,74915
3,2815330,71332
3,2815330,71334
3,2815330,71336
3,2815345,29399
3,2815369,66909
3,2815373,98634
3,2815392,23812
3,2815410,57614
3,2815412,39175
3,2815418,55234
3,2815419,37318
3,2815436,55491
3,2815456,55494
3,2815484,83329
3,2815487,68753
3,2815491,24392
3,2815507,38559
3,2815513,56826
3,2815523,49419
3,2815552,93494
3,2815559,66787
3,2815563,59329
3,2815565,66687
3,2815579,29496
3,2815594,39393
3,2815598,92442
3,2815600,83646
3,2815605,55263
3,2815623,25596
3,2815642,63607
3,2815651,47669
3,2815678,53343
3,2815689,37359
3,2815735,96193
3,2815740,67591
3,2815782,01454
3,2815784,34590
3,2815803,86875
3,2815804,83666
3,2815807,37136
3,2815812,24369
3,2815823,49757
3,2815824,48691
3,2815987,27412
3,2816010,79279
3,2816043,91247
3,2816127,38533
3,2816141,76889
3,2816503,95519
3,2816524,55546
3,2816527,49599
3,2816531,17129
3,2816534,39393
3,2816547,25821
3,2816548,17194
3,2816557,76744
3,2816559,04626
3,2816562,55758
3,2816576,25836
3,2816577,99438
3,2816578,27729
3,2816583,37355
3,2816596,06295
3,2816616,34471
3,2816625,07924
3,2816630,66333
3,2816639,56745
3,2816640,57612
3,2816646,78269
3,2816652,76857
3,2816660,36404
3,2816678,37308
3,2816687,84106
3,2816702,97332
3,2816760,72189
3,2816761,89269
3,2816762,78147
3,2816769,34516
3,2816770,92648
3,2816776,85088
3,2816795,83569
3,2816796,88267
3,2816874,21360
3,2816884,99610
3,2816920,15890
3,2817065,46562
3,2817080,06786
3,2817105,32602
3,2817114,06268
3,2817130,27374
3,2817139,49429
3,2817146,56729
3,2817154,25884
3,2817168,66957
3,2817202,94474
3,2817204,84186
3,2817207,92249
3,2817209,84137
3,2817217,65606
3,2817220,78048
3,2817220,78050
3,2817220,78052
3,2817220,78054
3,2817220,78056
3,2817222,78667
3,2817230,89444
3,2817239,86946
3,2817252,55758
3,2817311,41747
3,2817311,41748
3,2817311,41749
3,2817311,41751
3,2817324,68519
3,2817325,98547
3,2817339,85256
3,2817346,21444
3,2817375,17309
3,2817376,27419
3,2817394,38690
3,2817404,17194
3,2817410,56244
3,2817412,19303
3,2817483,94234
3,2817506,52391
3,2817512,53560
3,2817517,03226
3,2817523,91487
3,2817537,33775
3,2817576,33415
3,2817581,72519
3,2817616,09430
3,2817620,19417
3,2817627,67482
3,2817659,55578
3,2817668,38173
3,2817674,16727
3,2817679,38458
3,2817694,74541
3,2817696,19260
3,2817703,18469
3,2817704,46342
3,2817714,54472
3,2817717,91235
3,2817719,84149
3,2817722,92355
3,2817724,42549
3,2817724,42551
3,2817724,42553
3,2817724,42555
3,2817733,97209
3,2817736,90587
3,2817752,98669
3,2817798,19205
3,2817806,38871
3,2817812,49377
3,2817813,38159
3,2817816,06343
3,2817818,85591
3,2817823,21397
3,2817841,27259
3,2817873,26316
3,2817894,56812
3,2817904,83626
3,2817909,56179
3,2817927,71665
3,2817949,39345
3,2817950,27389
3,2817951,37647
3,2817965,83377
3,2817967,98617
3,2817970,36404
3,2817974,25594
3,2817976,25594
3,2817980,54579
3,2817990,54552
3,2817995,56291
3,2817996,79694
3,2818014,86919
3,2818025,88524
3,2818027,91080
3,2818059,27628
3,2818060,99765
3,2818066,25938
3,2818067,25429
3,2818067,25436
3,2818073,98617
3,2818080,26556
3,2818082,86514
3,2818094,37170
3,2818097,61250
3,2818099,17237
3,2818107,17406
3,2818115,54655
3,2818121,54539
3,2818142,97857
3,2818152,56767
3,2818155,92289
3,2818164,56825
3,2818170,86513
3,2818177,36457
3,2818184,56220
3,2818186,56761
3,2818229,56182
3,2818230,55430
3,2818242,99765
3,2818246,72574
3,2818258,54673
3,2818276,25923
3,2818297,26529
3,2818309,23936
3,2818313,55483
3,2818322,87496
3,2818354,83246
3,2818418,07333
3,2818426,98744
3,2818471,88379
3,2818495,89597
3,2818541,87647
3,2818632,95369
3,2818653,89619
3,2818677,96253
3,2818682,56412
3,2818719,91743
3,2818743,98587
3,2818754,73485
3,2818766,85716
3,2818818,89299
3,2818879,83567
3,2818889,75399
3,2818929,97294
3,2818999,84579
3,2819030,74547
3,2819075,96190
3,2819081,86836
3,2819100,98617
3,2819103,89617
3,2819117,29345
3,2819167,91364
3,2819248,78089
3,2819262,98634
3,2819285,67746
3,2819465,82008
3,2819479,74199
3,2819497,94107
3,2819568,85774
3,2819710,72669
3,2819727,99834
3,2819738,74257
3,2819782,87782
3,2819823,84339
3,2819825,86944
3,2819892,36414
3,2819907,07646
3,2820020,82497
3,2820065,97618
3,2820071,39435
3,2820084,57648
3,2820087,59423
3,2820087,59425
3,2820087,59427
3,2820088,88527
3,2820099,67823
3,2820101,53572
3,2820122,87781
3,2820150,55278
3,2820151,21274
3,2820164,99441
3,2820169,98663
3,2820172,29369
3,2820178,39365
3,2820179,88444
3,2820186,18569
3,2820190,79224
3,2820203,25889
3,2820210,24897
3,2820217,35327
3,2820240,66887
3,2820249,56766
3,2820256,89040
3,2820256,89073
3,2820256,89075
3,2820256,89077
3,2820256,89079
3,2820256,89081
3,2820312,06667
3,2820314,02999
3,2820322,38170
3,2820334,91486
3,2820338,56290
3,2820407,73066
3,2820413,06536
3,2820423,97215
3,2820436,31311
3,2820439,97292
3,2820444,56767
3,2820452,39579
3,2820456,29525
3,2820457,55278
3,2820458,49843
3,2820465,47589
3,2820471,17373
3,2820486,54552
3,2820491,99198
3,2820496,54552
3,2820498,37318
3,2820499,55288
3,2820529,39599
3,2820533,97532
3,2820537,31600
3,2820564,83236
3,2820577,88662
3,2820583,66802
3,2820591,54689
3,2820621,52531
3,2820624,03130
3,2820633,84558
3,2820643,27239
3,2820649,49767
3,2820665,38388
3,2820687,24894
3,2820691,17091
3,2820692,82327
3,2820693,78532
3,2820694,99869
3,2820697,24214
3,2820704,17129
3,2820714,84577
3,2820716,86874
3,2820752,86842
3,2820756,82299
3,2820775,83104
3,2820786,78609
3,2820799,79677
3,2820805,25881
3,2820823,38474
3,2820851,90587
3,2820856,39307
3,2820860,72070
3,2820860,72072
3,2820860,72074
3,2820860,72076
3,2820866,96367
3,2820882,98596
3,2820905,87779
3,2820912,66957
3,2820967,95709
3,2820973,78647
3,2820974,04880
3,2821000,24321
3,2821022,17039
3,2821028,99438
3,2821029,53840
3,2821029,53842
3,2821029,53844
3,2821043,95183
3,2821057,07646
3,2821065,72818
3,2821066,99869
3,2821069,07646
3,2821071,03253
3,2821081,54349
3,2821085,22946
3,2821094,07819
3,2821099,67705
3,2821106,18320
3,2821118,54636
3,2821121,56753
3,2821132,16949
3,2821143,84371
3,2821157,54311
3,2821159,53520
3,2821164,54290
3,2821164,54292
3,2821164,54293
3,2821164,54294
3,2821164,54295
3,2821164,54296
3,2821192,07950
3,2821211,18465
3,2821216,78098
3,2821248,14929
3,2821251,08233
3,2821254,91757
3,2821308,15236
3,2821319,18569
3,2821330,25693
3,2821336,34388
3,2821342,22967
3,2821362,56253
3,2821389,24896
3,2821395,99830
3,2821400,93492
3,2821408,55413
3,2821416,65468
3,2821422,99718
3,2821430,06682
3,2821437,06909
3,2821444,95367
3,2821450,02959
3,2821454,04617
3,2821465,14959
3,2821478,23827
3,2821488,90619
3,2821504,92555
3,2821515,83278
3,2821517,83301
3,2821546,17449
3,2821548,54441
3,2821555,97633
3,2821558,24610
3,2821605,21516
3,2821606,19089
3,2821617,93455
3,2821622,55595
3,2821633,93358
3,2821687,92724
3,2821690,56841
3,2821695,99947
3,2821734,21371
3,2821736,21255
3,2821777,39249
3,2821779,25436
3,2821779,25437
3,2821785,06779
3,2821786,06774
3,2821802,17358
3,2821803,17192
3,2821807,04860
3,2821843,21442
3,2821864,95183
3,2821878,25832
3,2821894,99438
3,2821899,47918
3,2821919,07819
3,2821930,06231
3,2821956,24894
3,2821963,84513
3,2821975,79674
3,2821980,79682
3,2821985,86447
3,2822017,23826
3,2822019,55481
3,2822029,22965
3,2822030,24819
3,2822031,19230
3,2822073,52445
3,2822075,84529
3,2822076,94104
3,2822083,79822
3,2822087,27419
3,2822088,07646
3,2822100,95643
3,2822104,08606
3,2822121,25917
3,2822159,06507
3,2822160,23669
3,2822168,24644
3,2822187,06537
3,2822269,24803
3,2822320,55546
3,2822323,67311
3,2822368,36469
3,2822401,75233
3,2822432,55471
3,2822434,93464
3,2822442,94113
3,2822443,84184
3,2822447,88422
3,2822471,38473
3,2822484,94136
3,2822522,95349
3,2822531,94169
3,2822556,56743
3,2822563,97291
3,2822564,97289
3,2822571,97711
3,2822589,24351
3,2822595,09419
3,2822599,18184
3,2822607,49832
3,2822633,54340
3,2822637,56291
3,2822660,04626
3,2822684,54317
3,2822703,21401
3,2822713,66636
3,2822727,06868
3,2822736,95199
3,2822737,95707
3,2822739,07774
3,2822749,86672
3,2822786,01561
3,2822822,08541
3,2822868,98660
3,2822870,18195
3,2822881,06727
3,2822883,92637
3,2822894,66871
3,2822903,97288
3,2822909,39291
3,2822930,27321
3,2822939,01737
3,2822941,92554
3,2822958,86470
3,2823034,37318
3,2823044,91177
3,2823045,93107
3,2823049,04808
3,2823052,66871
3,2823078,06766
3,2823087,56584
3,2823137,66987
3,2823141,06502
3,2823214,86943
3,2823218,25557
3,2823230,06179
3,2823245,96358
3,2823256,15755
3,2823257,92552
3,2823259,93356
3,2823355,06682
3,2823360,93158
3,2823368,88069
3,2823372,94167
3,2823393,01945
3,2823395,96355
3,2823398,17166
3,2823401,24817
3,2823403,25882
3,2823407,23936
3,2823418,18195
3,2823426,21395
3,2823435,67806
3,2823444,17094
3,2823486,23824
3,2823497,78144
3,2823504,79331
3,2823515,78250
3,2823533,17268
3,2823561,54441
3,2823567,14513
3,2823578,25782
3,2823579,56858
3,2823590,48291
3,2823603,37339
3,2823605,94244
3,2823608,84576
3,2823611,83317
3,2823625,07989
3,2823626,07570
3,2823667,06193
3,2823679,83684
3,2823682,93105
3,2823710,07907
3,2823728,49545
3,2823737,19399
3,2823740,24220
3,2823755,54456
3,2823764,07639
3,2823768,07646
3,2823771,07778
3,2823795,09249
3,2823799,65219
3,2823799,65220
3,2823799,65221
3,2823799,65222
3,2823799,65223
3,2823799,65224
3,2823799,65232
3,2823803,06628
3,2823811,84574
3,2823812,82024
3,2823824,03185
3,2823835,15848
3,2823836,04425
3,2823837,06679
3,2823851,97285
3,2823854,97941
3,2823936,25881
3,2823951,37339
3,2823953,24943
3,2823956,24536
3,2823968,91480
3,2823973,39435
3,2823978,24963
3,2823981,18249
3,2823989,27412
3,2823993,24619
3,2823997,24594
3,2824000,38479
3,2824005,86660
3,2824020,16307
3,2824053,88459
3,2824055,73497
3,2824063,92723
3,2824152,09468
3,2824208,38875
3,2824227,07922
3,2824229,36142
3,2824230,84367
3,2824245,22889
3,2824246,25499
3,2824254,39590
3,2824255,39517
3,2824284,71732
3,2824285,99897
3,2824297,54426
3,2824303,21493
3,2824316,74388
3,2824319,78607
3,2824379,86704
3,2824383,06667
3,2824393,73527
3,2824412,25585
3,2824419,83373
3,2824420,83342
3,2824431,54441
3,2824437,99891
3,2824441,24893
3,2824448,08548
3,2824456,06333
3,2824461,28857
3,2824522,49762
3,2824525,27305
3,2824545,73079
3,2824564,23701
3,2824572,26903
3,2824593,83362
3,2824602,38376
3,2824603,38373
3,2824609,39343
3,2824642,99947
3,2824655,59846
3,2824687,93104
3,2824710,97717
3,2824729,97529
3,2824730,55286
3,2824738,97320
3,2824739,98617
3,2824741,97633
3,2824742,75056
3,2824753,85254
3,2824776,79295
3,2824787,87477
3,2824801,92237
3,2824804,71560
3,2824806,63834
3,2824835,56379
3,2824837,65843
3,2824838,55758
3,2824855,72172
3,2824858,07751
3,2824888,54636
3,2824902,27232
3,2824907,23867
3,2824926,19079
3,2824937,19077
3,2824940,29562
3,2824948,98527
3,2824948,98528
3,2824948,98529
3,2824954,91484
3,2824967,27257
3,2824998,46354
3,2825077,25879
3,2825108,25923
3,2825130,25876
3,2825137,25779
3,2825142,25727
3,2825145,24852
3,2825148,21394
3,2825156,24890
3,2825158,25938
3,2825173,25764
3,2825180,29556
3,2825186,24392
3,2825196,25361
3,2825225,48465
3,2825266,24641
3,2825273,98714
3,2825275,08328
3,2825297,70173
3,2825297,70174
3,2825297,70176
3,2825297,70178
3,2825297,70180
3,2825297,70182
3,2825297,70184
3,2825297,70186
3,2825297,70188
3,2825297,70190
3,2825297,70191
3,2825297,70192
3,2825297,70193
3,2825297,70195
3,2825297,70197
3,2825297,70199
3,2825297,70327
3,2825297,70329
3,2825297,70372
3,2825297,70374
3,2825297,70376
3,2825297,70378
3,2825297,70435
3,2825297,70437
3,2825297,70439
3,2825297,70469
3,2825297,70499
3,2825297,70563
3,2825297,70565
3,2825297,70567
3,2825297,70569
3,2825297,70597
3,2825297,70599
3,2825297,70619
3,2825297,70629
3,2825333,57614
3,2825372,06780
3,2825406,92551
3,2825422,28816
3,2825429,79780
3,2825519,94166
3,2825552,17159
3,2825558,23847
3,2825570,24891
3,2825577,24643
3,2825602,56357
3,2825620,01796
3,2825638,96129
3,2825641,23815
3,2825647,25821
3,2825681,25792
3,2825683,54552
3,2825716,55442
3,2825733,54558
3,2825797,38822
3,2825849,54597
3,2825949,57629
3,2826033,01616
3,2826073,99634
3,2826082,15344
3,2826088,15913
3,2826099,94315
3,2826120,94342
3,2826136,01936
3,2826183,06493
3,2826187,72479
3,2826258,17335
3,2826277,24229
3,2826287,18435
3,2826287,18437
3,2826287,18439
3,2826290,19073
3,2826290,19372
3,2826294,97618
3,2826304,47638
3,2826318,06896
3,2826328,87677
3,2826341,87675
3,2826356,06667
3,2826380,92721
3,2826408,06667
3,2826409,25548
3,2826421,25554
3,2826503,31592
3,2826510,18510
3,2826511,24256
3,2826516,24409
3,2826532,01833
3,2826536,24601
3,2826537,17391
3,2826591,24890
3,2826636,29597
3,2826637,73495
3,2826670,63811
3,2826671,64589
3,2826679,24326
3,2826681,31638
3,2826741,97640
3,2826743,96342
3,2826755,56472
3,2826859,54646
3,2826861,23617
3,2826909,78333
3,2826973,55758
3,2826974,23795
3,2826986,21772
3,2826997,74597
3,2827108,38899
3,2827166,31595
3,2827179,39264
3,2827189,06179
3,2827197,96188
3,2827216,72510
3,2827223,67294
3,2827240,87778
3,2827246,88719
3,2827284,24996
3,2827318,75447
3,2827336,19406
3,2827359,23883
3,2827400,94569
3,2827406,83071
3,2827414,98617
3,2827479,39576
3,2827481,49448
3,2827501,27389
3,2827527,67705
3,2827559,25795
3,2827574,21435
3,2827602,78256
3,2827608,57629
3,2827610,96349
3,2827613,66879
3,2827615,76872
3,2827638,99707
3,2827664,91628
3,2827677,07570
3,2827688,56379
3,2827702,37345
3,2827749,56479
3,2827758,76479
3,2827862,21720
3,2827870,84439
3,2827900,54552
3,2827907,01904
3,2827950,23847
3,2827951,29367
3,2827955,85643
3,2827965,15518
3,2827983,37318
3,2827988,71711
3,2827989,89555
3,2827990,32839
3,2827999,98749
3,2828007,88416
3,2828045,18442
3,2828050,33803
3,2828089,86989
3,2828105,48565
3,2828129,24888
3,2828140,97854
3,2828141,76889
3,2828165,57518
3,2828206,71144
3,2828227,56244
3,2828228,79578
3,2828228,79585
3,2828241,56414
3,2828249,54552
3,2828270,82297
3,2828384,54655
3,2828386,55599
3,2828396,24972
3,2828428,24972
3,2828443,92449
3,2828723,98587
3,2828738,67808
3,2828788,37308
3,2828795,36448
3,2828806,56291
3,2828871,36396
3,2828873,21775
3,2828879,66851
3,2828907,96523
3,2828911,94377
3,2828913,77790
3,2828923,01920
3,2828929,24235
3,2828984,57614
3,2828993,31634
3,2829011,06268
3,2829080,88167
3,2829130,79252
3,2829145,96135
3,2829154,18209
3,2829161,54597
3,2829183,25557
3,2829210,06317
3,2829218,26427
3,2829219,25920
3,2829237,06507
3,2829280,56276
3,2829291,17039
3,2829322,35460
3,2829345,56424
3,2829353,55568
3,2829375,83224
3,2829402,01594
3,2829422,39418
3,2829446,06686
3,2829457,82319
3,2829479,04617
3,2829480,56843
3,2829509,22145
3,2829513,38871
3,2829534,24395
3,2829565,67816
3,2829569,93491
3,2829580,85134
3,2829582,84533
3,2829595,95236
3,2829602,94375
3,2829638,24217
3,2829644,89195
3,2829657,14532
3,2829664,56412
3,2829678,67808
3,2829693,24816
3,2829698,27254
3,2829701,96231
3,2829731,25917
3,2829734,01829
3,2829742,95346
3,2829750,07646
3,2829751,97909
3,2829753,37627
3,2829758,48703
3,2829759,36457
3,2829760,97488
3,2829762,54589
3,2829765,99326
3,2829777,31655
3,2829790,86391
3,2829804,35260
3,2829825,92549
3,2829858,29596
3,2829876,96187
3,2829943,18198
3,2829990,99610
3,2829998,45549
3,2830008,98587
3,2830035,31832
3,2830080,55576
3,2830085,03130
3,2830100,15528
3,2830121,29365
3,2830132,25917
3,2830133,73565
3,2830146,19372
3,2830161,06780
3,2830167,55595
3,2830193,18513
3,2830409,76848
3,2830449,55288
3,2830452,66583
3,2830534,26474
3,2830561,71579
3,2830573,06188
3,2830582,67346
3,2830591,56746
3,2830593,56288
3,2830620,06237
3,2830622,15838
3,2830637,32139
3,2830652,48480
3,2830661,92676
3,2830670,95469
3,2830674,54662
3,2830761,74937
3,2830768,82447
3,2830790,95234
3,2830803,91080
3,2830807,17392
3,2830829,34286
3,2830832,54529
3,2830849,91174
3,2830850,55595
3,2830851,78549
3,2830869,55595
3,2830873,83564
3,2830880,27367
3,2830910,56858
3,2830912,08326
3,2830919,24966
3,2830920,57636
3,2830959,55270
3,2830998,24241
3,2831058,24806
3,2831083,36205
3,2831088,87527
3,2831091,89567
3,2831097,87776
3,2831105,47665
3,2831109,55758
3,2831121,03249
3,2831183,55767
3,2831189,16775
3,2831236,94164
3,2831239,96242
3,2831240,25821
3,2831242,99869
3,2831250,96515
3,2831269,97647
3,2831276,99706
3,2831294,97255
3,2831344,39365
3,2831366,55595
3,2831369,25358
3,2831377,63825
3,2831389,97286
3,2831403,99610
3,2831448,54317
3,2831455,97334
3,2831479,29594
3,2831486,29614
3,2831491,39638
3,2831493,91807
3,2831500,25884
3,2831515,38387
3,2831528,06774
3,2831532,24852
3,2831571,07381
3,2831580,42651
3,2831580,42653
3,2831580,42655
3,2831580,42657
3,2831580,42659
3,2831580,42697
3,2831580,42699
3,2831580,42719
3,2831594,79294
3,2831626,55487
3,2831634,55487
3,2831671,31185
3,2831684,02894
3,2831699,49751
3,2831708,59494
3,2831715,21388
3,2831731,83139
3,2831736,55566
3,2831787,07429
3,2831797,67823
3,2831802,27419
3,2831828,23898
3,2831834,06507
3,2831837,78354
3,2831838,67729
3,2831847,93161
3,2831852,53489
3,2831853,76547
3,2831870,54675
3,2831872,74889
3,2831896,35764
3,2831907,56379
3,2831924,78224
3,2831942,82404
3,2831948,71063
3,2831948,71065
3,2831948,71067
3,2831948,71069
3,2831985,25813
3,2831992,75397
3,2831999,97215
3,2832003,72226
3,2832012,56337
3,2832013,55469
3,2832014,55618
3,2832023,52152
3,2832025,91245
3,2832043,84359
3,2832045,94436
3,2832049,25551
3,2832053,76857
3,2832106,07613
3,2832114,24887
3,2832228,88138
3,2832231,72517
3,2832232,72488
3,2832264,19376
3,2832276,24885
3,2832280,24641
3,2832304,06188
3,2832312,17209
3,2832328,55767
3,2832331,06308
3,2832332,56427
3,2832335,53520
3,2832337,23847
3,2832338,23730
3,2832357,55758
3,2832363,55758
3,2832392,86577
3,2832406,22962
3,2832424,83313
3,2832492,93354
3,2832495,57072
3,2832495,57074
3,2832495,57076
3,2832495,57078
3,2832495,57080
3,2832506,74936
3,2832521,53721
3,2832529,55599
3,2832597,27254
3,2832599,17089
3,2832644,06308
3,2832714,21514
3,2832734,23847
3,2832736,56729
3,2832743,76833
3,2832772,37308
3,2832819,31079
3,2832838,95517
3,2832841,79350
3,2832867,37136
3,2832871,90556
3,2832887,89129
3,2832888,19230
3,2832915,23845
3,2832921,96145
3,2832925,56244
3,2832926,56237
3,2832939,74372
3,2832940,54455
3,2832968,07616
3,2832986,55758
3,2832997,53520
3,2833010,97526
3,2833012,06193
3,2833047,54619
3,2833050,92369
3,2833073,01968
3,2833076,48324
3,2833079,48308
3,2833080,89250
3,2833099,38327
3,2833110,18334
3,2833126,67681
3,2833129,55278
3,2833138,56242
3,2833154,27446
3,2833160,18195
3,2833163,23923
3,2833170,59379
3,2833196,54608
3,2833228,24884
3,2833242,63500
3,2833259,24238
3,2833264,66871
3,2833269,95152
3,2833290,57539
3,2833296,95100
3,2833298,54597
3,2833313,07768
3,2833326,07389
3,2833330,97342
3,2833332,54655
3,2833365,02782
3,2833398,57632
3,2833461,55444
3,2833475,31319
3,2833488,18528
3,2833491,31196
3,2833492,54518
3,2833495,38279
3,2833500,24814
3,2833511,97340
3,2833521,31691
3,2833539,54636
3,2833541,54636
3,2833564,21217
3,2833564,21218
3,2833564,21220
3,2833571,25337
3,2833575,25878
3,2833582,25371
3,2833585,25370
3,2833590,82402
3,2833592,38723
3,2833600,55629
3,2833641,30926
3,2833651,15306
3,2833654,09306
3,2833657,07580
3,2833683,67744
3,2833702,56377
3,2833704,77960
3,2833732,88422
3,2833754,19069
3,2833795,82418
3,2833800,39615
3,2833801,39365
3,2833849,87637
3,2833859,25557
3,2833866,82229
3,2833878,23823
3,2833883,23883
3,2833884,27404
3,2833903,37136
3,2833904,06317
3,2833934,99869
3,2833989,17429
3,2834021,99846
3,2834028,77889
3,2834081,74743
3,2834082,56479
3,2834102,01855
3,2834129,79739
3,2834136,55767
3,2834146,37318
3,2834157,23795
3,2834159,54597
3,2834183,84419
3,2834196,86940
3,2834226,71701
3,2834240,68723
3,2834249,25813
3,2834257,06188
3,2834265,58239
3,2834266,99634
3,2834271,26835
3,2834275,27333
3,2834282,19053
3,2834282,19055
3,2834282,19057
3,2834282,19059
3,2834282,19061
3,2834282,19063
3,2834284,15755
3,2834291,55624
3,2834293,55444
3,2834296,01936
3,2834312,89443
3,2834313,72477
3,2834334,88477
3,2834350,06547
3,2834354,06774
3,2834372,58332
3,2834415,66957
3,2834416,85301
3,2834417,67808
3,2834456,67744
3,2834498,97412
3,2834498,97421
3,2834498,97422
3,2834498,97424
3,2834519,26556
3,2834548,36448
3,2834560,76889
3,2834569,56377
3,2834594,54338
3,2834611,67365
3,2834646,67685
3,2834651,97525
3,2834733,92447
3,2834740,01987
3,2834843,55629
3,2834945,92521
3,2834955,90592
3,2834963,34639
3,2834966,54533
3,2835013,21493
3,2835018,95126
3,2835035,92720
3,2835058,55481
3,2835105,07427
3,2835150,01945
3,2835152,07589
3,2835164,94518
3,2835184,94374
3,2835195,98547
3,2835216,24257
3,2835220,29690
3,2835223,27327
3,2835248,76848
3,2835249,19258
3,2835255,87645
3,2835256,97523
3,2835260,28790
3,2835292,39397
3,2835342,41366
3,2835343,36318
3,2835345,34613
3,2835352,98590
3,2835356,56281
3,2835381,65824
3,2835382,66773
3,2835385,71409
3,2835411,74193
3,2835416,82445
3,2835421,90571
3,2835454,27252
3,2835467,25876
3,2835470,86987
3,2835477,86830
3,2835481,74523
3,2835482,73525
3,2835482,73527
3,2835482,73529
3,2835491,85247
3,2835494,99869
3,2835531,86986
3,2835537,91126
3,2835540,07554
3,2835542,18258
3,2835583,57520
3,2835584,54570
3,2835587,48465
3,2835596,77746
3,2835597,77978
3,2835635,88427
3,2835674,23847
3,2835683,57632
3,2835787,15732
3,2835944,24813
3,2835945,25764
3,2835946,24589
3,2835950,54586
3,2835953,24790
3,2835972,21516
3,2835990,53520
3,2836031,24850
3,2836039,25782
3,2836040,74575
3,2836084,86529
3,2836089,69198
3,2836110,06780
3,2836143,34637
3,2836182,06279
3,2836203,78713
3,2836219,04928
3,2836251,63679
3,2836281,06369
3,2836282,26419
3,2836306,55288
3,2836319,93489
3,2836320,73614
3,2836387,07768
3,2836390,48624
3,2836396,38170
3,2836402,67707
3,2836407,91626
3,2836409,72296
3,2836413,79650
3,2836438,23744
3,2836442,17309
3,2836450,95173
3,2836455,97453
3,2836460,93488
3,2836469,83137
3,2836480,92539
3,2836532,24232
3,2836543,38364
3,2836549,24220
3,2836581,08304
3,2836605,37318
3,2836614,07646
3,2836615,82296
3,2836616,86956
3,2836658,01561
3,2836675,29396
3,2836676,06556
3,2836680,03253
3,2836697,16775
3,2836725,79677
3,2836761,12529
3,2836770,54614
3,2836791,16278
3,2836793,57638
3,2836795,55444
3,2836817,97795
3,2836820,07924
3,2836834,06618
3,2836908,03253
3,2836913,56370
3,2836914,55469
3,2836915,67808
3,2836944,23923
3,2836945,22929
3,2836948,39615
3,2836952,08393
3,2836958,54426
3,2836968,84573
3,2837009,24582
3,2837012,17349
3,2837022,02708
3,2837028,54552
3,2837042,97659
3,2837064,69250
3,2837072,84337
3,2837074,79677
3,2837085,83471
3,2837093,71101
3,2837096,78136
3,2837111,54314
3,2837114,07570
3,2837115,75328
3,2837117,72355
3,2837134,94508
3,2837136,63825
3,2837155,14715
3,2837159,97852
3,2837181,27251
3,2837198,94572
3,2837217,54441
3,2837225,06179
3,2837236,25875
3,2837250,89194
3,2837265,55497
3,2837291,29640
3,2837317,55608
3,2837368,91625
3,2837375,83458
3,2837385,39435
3,2837441,29465
3,2837470,08289
3,2837507,96277
3,2837512,67699
3,2837566,21481
3,2837569,92253
3,2837572,91220
3,2837575,83530
3,2837601,29493
3,2837606,91289
3,2837638,07389
3,2837643,06268
3,2837652,04626
3,2837706,61389
3,2837719,56825
3,2837720,66484
3,2837724,55765
3,2837732,23911
3,2837738,07819
3,2837776,99518
3,2837777,98711
3,2837780,98739
3,2837788,01762
3,2837809,86511
3,2837831,55758
3,2837850,92287
3,2837885,92546
3,2837954,66839
3,2837976,98530
3,2838040,24241
3,2838053,57392
3,2838059,98574
3,2838075,24640
3,2838087,24638
3,2838101,67718
3,2838167,96132
3,2838201,36381
3,2838208,79859
3,2838240,99994
3,2838242,25551
3,2838250,99195
3,2838316,55596
3,2838453,07646
3,2838459,36110
3,2838502,83727
3,2838504,55483
3,2838529,73278
3,2838531,88281
3,2838534,79418
3,2838547,04936
3,2838559,25776
3,2838600,98553
3,2838628,09487
3,2838634,24837
3,2838638,24256
3,2838640,15910
3,2838673,07907
3,2838707,07629
3,2838725,02959
3,2838744,53937
3,2838749,36419
3,2838750,54636
3,2838756,54340
3,2838769,82444
3,2838793,02788
3,2838794,07366
3,2838801,06785
3,2838842,83259
3,2838889,73114
3,2838918,65388
3,2838922,33189
3,2838924,95519
3,2838938,06774
3,2838939,72667
3,2838955,19217
3,2838975,39307
3,2839005,54534
3,2839010,38315
3,2839041,06688
3,2839044,06179
3,2839044,06184
3,2839044,06258
3,2839046,06773
3,2839049,07619
3,2839050,04435
3,2839066,95706
3,2839074,92718
3,2839090,02681
3,2839101,01968
3,2839101,01993
3,2839101,01994
3,2839101,01998
3,2839102,23847
3,2839109,24214
3,2839124,66996
3,2839194,86576
3,2839195,77761
3,2839203,24637
3,2839207,99625
3,2839212,91583
3,2839222,54429
3,2839303,04889
3,2839304,03253
3,2839316,66578
3,2839335,67105
3,2839345,27619
3,2839377,65623
3,2839383,67823
3,2839393,84069
3,2839398,38879
3,2839413,24241
3,2839427,23795
3,2839434,06779
3,2839444,06493
3,2839527,85298
3,2839538,86937
3,2839560,54673
3,2839581,57584
3,2839613,96110
3,2839623,86872
3,2839646,85132
3,2839658,99713
3,2839670,39291
3,2839672,39387
3,2839674,46514
3,2839726,36277
3,2839732,77773
3,2839751,17291
3,2839760,56244
3,2839763,25560
3,2839791,66869
3,2839812,24211
3,2839819,31174
3,2839885,06712
3,2839888,89601
3,2839912,54673
3,2839916,91443
3,2839939,56379
3,2839949,07646
3,2839980,88175
3,2839997,54611
3,2840016,76779
3,2840021,09481
3,2840044,98749
3,2840058,24392
3,2840070,27383
3,2840086,72516
3,2840116,73579
3,2840117,83135
3,2840129,56865
3,2840130,55758
3,2840150,94571
3,2840169,66919
3,2840179,95197
3,2840232,23730
3,2840289,29348
3,2840297,21379
3,2840337,09435
3,2840375,54636
3,2840393,23683
3,2840393,23684
3,2840403,18569
3,2840419,48480
3,2840476,54668
3,2840526,79227
3,2840529,67701
3,2840552,79597
3,2840555,58579
3,2840566,25782
3,2840568,84175
3,2840575,54552
3,2840586,53426
3,2840590,96528
3,2840634,82069
3,2840643,25725
3,2840647,06255
3,2840732,24980
3,2840882,06449
3,2840902,39343
3,2840903,23795
3,2840933,37318
3,2840936,24790
3,2841027,24882
3,2841039,64850
3,2841047,09619
3,2841050,54558
3,2841074,24392
3,2841124,82442
3,2841125,88348
3,2841128,88605
3,2841166,65391
3,2841178,82054
3,2841204,21644
3,2841249,06647
3,2841290,74589
3,2841320,24986
3,2841333,18546
3,2841351,48336
3,2841356,17121
3,2841358,56767
3,2841375,77887
3,2841380,77880
3,2841383,25785
3,2841386,31157
3,2841391,17111
3,2841403,54552
3,2841406,24616
3,2841414,38822
3,2841417,55471
3,2841457,84427
3,2841463,66606
3,2841474,54655
3,2841477,56220
3,2841484,25826
3,2841488,79271
3,2841509,25693
3,2841517,67487
3,2841521,79274
3,2841523,25572
3,2841546,98553
3,2841547,55595
3,2841557,66887
3,2841573,56727
3,2841574,55578
3,2841577,72813
3,2841590,66386
3,2841609,56346
3,2841611,56329
3,2841619,78112
3,2841636,07629
3,2841639,09356
3,2841643,79837
3,2841648,53757
3,2841663,25776
3,2841672,37444
3,2841673,56858
3,2841674,67813
3,2841682,24988
3,2841693,06526
3,2841731,27628
3,2841835,69207
3,2841874,23898
3,2841876,06456
3,2841879,06780
3,2841879,06792
3,2841879,06794
3,2841895,26452
3,2841910,27446
3,2841935,97657
3,2842059,18573
3,2842060,39326
3,2842084,83122
3,2842109,94121
3,2842124,06198
3,2842131,33154
3,2842143,31020
3,2842144,21376
3,2842150,38226
3,2842150,38228
3,2842150,38229
3,2842150,38239
3,2842150,38259
3,2842152,06779
3,2842167,56479
3,2842175,48499
3,2842201,56414
3,2842203,97616
3,2842243,54570
3,2842258,03238
3,2842290,87775
3,2842305,23911
3,2842311,94163
3,2842315,94330
3,2842331,73084
3,2842372,21493
3,2842434,18551
3,2842438,56648
3,2842441,48369
3,2842507,83679
3,2842531,31553
3,2842621,66793
3,2842632,66740
3,2842644,54439
3,2842647,66111
3,2842647,66113
3,2842647,66115
3,2842647,66117
3,2842647,66119
3,2842647,66121
3,2842647,66123
3,2842647,66125
3,2842647,66126
3,2842647,66127
3,2842647,66128
3,2842647,66129
3,2842647,66130
3,2842647,66131
3,2842647,66132
3,2842647,66133
3,2842656,04603
3,2842666,66919
3,2842720,97633
3,2842725,18317
3,2842785,67752
3,2842795,23936
3,2842796,66869
3,2842801,16835
3,2842816,59602
3,2842824,71277
3,2842854,37318
3,2842861,77977
3,2842869,67308
3,2842928,56584
3,2842930,55776
3,2842960,53809
3,2842964,66957
3,2842972,56357
3,2842974,73577
3,2842979,67808
3,2842981,67152
3,2843042,65594
3,2843054,93486
3,2843094,23843
3,2843097,24254
3,2843099,79595
3,2843145,76891
3,2843146,76761
3,2843148,21379
3,2843177,24601
3,2843190,19322
3,2843203,83324
3,2843214,18246
3,2843223,94239
3,2843256,01945
3,2843258,99842
3,2843272,38471
3,2843290,91622
3,2843302,24405
3,2843318,95365
3,2843355,07407
3,2843368,16321
3,2843395,65385
3,2843396,55593
3,2843399,94161
3,2843404,37434
3,2843415,73635
3,2843431,87674
3,2843436,97355
3,2843441,63924
3,2843445,84104
3,2843464,55776
3,2843472,87494
3,2843493,03238
3,2843495,07580
3,2843497,90607
3,2843503,56244
3,2843527,19067
3,2843535,17390
3,2843551,56295
3,2843574,38889
3,2843591,55595
3,2843603,18182
3,2843617,92444
3,2843636,78628
3,2843653,39343
3,2843667,06536
3,2843668,99707
3,2843673,97285
3,2843682,94094
3,2843708,98587
3,2843724,97228
3,2843728,84056
3,2843731,82401
3,2843738,07422
3,2843741,91341
3,2843743,91187
3,2843747,89616
3,2843775,83700
3,2843784,06773
3,2843798,57632
3,2843804,86935
3,2843810,55767
3,2843858,67753
3,2843897,97520
3,2843978,07751
3,2843987,06295
3,2844042,97851
3,2844056,91541
3,2844061,06420
3,2844072,63860
3,2844089,64757
3,2844126,90552
3,2844143,56459
3,2844245,04571
3,2844249,57539
3,2844256,56368
3,2844262,55442
3,2844265,91154
3,2844274,38531
3,2844277,52159
3,2844421,56459
3,2844434,36199
3,2844566,88430
3,2844567,74585
3,2844588,18055
3,2844588,18057
3,2844588,18059
3,2844588,18069
3,2844588,18106
3,2844588,18107
3,2844588,18109
3,2844588,18119
3,2844588,18146
3,2844588,18147
3,2844604,04741
3,2844616,90574
3,2844651,06571
3,2844658,06536
3,2844702,87672
3,2844750,39307
3,2844753,98590
3,2844756,64380
3,2844836,56271
3,2844837,53547
3,2844844,94439
3,2844862,51503
3,2844880,14778
3,2844883,04617
3,2844897,39279
3,2844924,35119
3,2844947,17091
3,2844956,66894
3,2844988,83022
3,2844988,83024
3,2844988,83026
3,2845027,72348
3,2845033,07819
3,2845054,74749
3,2845056,73494
3,2845123,21514
3,2845130,25548
3,2845131,37124
3,2845143,54619
3,2845146,29571
3,2845152,76835
3,2845160,61191
3,2845170,06774
3,2845171,98590
3,2845175,54411
3,2845209,36217
3,2845212,87671
3,2845222,30952
3,2845229,07580
3,2845258,23919
3,2845264,29591
3,2845268,36329
3,2845270,23909
3,2845273,41569
3,2845275,54597
3,2845304,98630
3,2845371,19372
3,2845383,17309
3,2845389,37434
3,2845433,63934
3,2845466,38325
3,2845475,06809
3,2845503,74255
3,2845540,31627
3,2845559,94133
3,2845565,85244
3,2845589,37318
3,2845625,86701
3,2845638,72229
3,2845641,83101
3,2845652,38489
3,2845653,37318
3,2845697,99439
3,2845699,07429
3,2845704,55490
3,2845707,55776
3,2845714,76865
3,2845721,85296
3,2845744,98530
3,2845747,91189
3,2845805,54636
3,2845825,86703
3,2845840,18184
3,2845842,17252
3,2845858,19205
3,2845863,89297
3,2845885,39326
3,2845891,89365
3,2845894,56754
3,2845914,06862
3,2845919,32289
3,2845924,93426
3,2845953,08228
3,2845968,54673
3,2845982,55481
3,2846040,31552
3,2846048,24247
3,2846063,63517
3,2846067,67688
3,2846069,25924
3,2846072,97849
3,2846084,97348
3,2846089,97618
3,2846093,56858
3,2846158,66976
3,2846186,99713
3,2846203,91740
3,2846209,54570
3,2846229,67806
3,2846235,35519
3,2846238,06686
3,2846261,09306
3,2846267,39579
3,2846274,06317
3,2846307,54317
3,2846308,54518
3,2846329,17153
3,2846333,23896
3,2846374,67294
3,2846378,08355
3,2846380,99448
3,2846381,54636
3,2846398,27721
3,2846426,98617
3,2846500,98639
3,2846508,06686
3,2846511,54340
3,2846512,55767
3,2846523,31737
3,2846534,76857
3,2846582,27624
3,2846584,77975
3,2846590,24977
3,2846593,06556
3,2846594,99189
3,2846658,94160
3,2846714,94269
3,2846715,83253
3,2846719,55765
3,2846722,97222
3,2846754,64668
3,2846756,93485
3,2846759,84326
3,2846806,02956
3,2846810,06528
3,2846811,99195
3,2846815,99638
3,2846843,33397
3,2846847,55499
3,2846853,49597
3,2846854,06528
3,2846922,24354
3,2846939,01587
3,2846939,01589
3,2846939,01591
3,2846946,23738
3,2846979,97794
3,2847003,78239
3,2847005,93104
3,2847017,82418
3,2847029,55469
3,2847033,66292
3,2847080,88499
3,2847156,88377
3,2847195,83083
3,2847198,72585
3,2847210,06507
3,2847227,97283
3,2847231,93339
3,2847240,56745
3,2847242,92286
3,2847247,87668
3,2847263,66484
3,2847271,27339
3,2847323,86510
3,2847429,24635
3,2847433,24782
3,2847442,79736
3,2847490,18461
3,2847524,18311
3,2847529,38551
3,2847547,37434
3,2847558,76835
3,2847574,14728
3,2847586,47509
3,2847588,56321
3,2847595,76764
3,2847612,16831
3,2847639,79618
3,2847645,48429
3,2847645,48431
3,2847645,48432
3,2847654,56598
3,2847655,53619
3,2847658,55494
3,2847662,47495
3,2847666,53359
3,2847686,31039
3,2847688,26899
3,2847689,46414
3,2847690,33378
3,2847695,55624
3,2847708,27404
3,2847736,72760
3,2847736,72762
3,2847736,72764
3,2847736,72766
3,2847736,72768
3,2847736,72770
3,2847765,08538
3,2847768,54597
3,2847865,84367
3,2847883,25821
3,2847887,06188
3,2847906,98646
3,2847935,56727
3,2847938,97282
3,2847946,14641
3,2847971,56370
3,2847974,56357
3,2847975,57635
3,2847982,56769
3,2847985,87549
3,2847993,93191
3,2848001,89364
3,2848017,18211
3,2848029,25566
3,2848054,19067
3,2848110,21391
3,2848143,96184
3,2848153,07646
3,2848169,78603
3,2848175,71272
3,2848181,86643
3,2848187,56477
3,2848203,38368
3,2848207,49762
3,2848215,56579
3,2848243,24619
3,2848245,24768
3,2848251,77871
3,2848259,99869
3,2848269,08373
3,2848273,42853
3,2848273,42855
3,2848273,42857
3,2848273,42859
3,2848273,42897
3,2848273,42899
3,2848277,07368
3,2848280,17139
3,2848302,24594
3,2848308,38319
3,2848309,97280
3,2848335,53424
3,2848337,67756
3,2848340,25462
3,2848353,56357
3,2848364,15328
3,2848382,83242
3,2848543,35447
3,2848606,84571
3,2848621,94419
3,2848665,67753
3,2848673,54689
3,2848689,21400
3,2848699,07768
3,2848710,54421
3,2848722,06556
3,2848725,08141
3,2848729,25764
3,2848737,09629
3,2848757,37308
3,2848762,64354
3,2848779,01768
3,2848845,21465
3,2848851,86756
3,2848855,18276
3,2848861,53539
3,2848867,68799
3,2848872,56861
3,2848914,53520
3,2848917,67829
3,2848918,54619
3,2848922,57632
3,2848933,66507
3,2848954,56865
3,2848962,66871
3,2848976,67759
3,2848994,98739
3,2849001,86934
3,2849017,85084
3,2849019,84437
3,2849023,85293
3,2849047,83677
3,2849052,15526
3,2849062,91244
3,2849092,56357
3,2849093,97234
3,2849102,66879
3,2849118,73262
3,2849119,78564
3,2849152,07629
3,2849156,08468
3,2849158,96358
3,2849167,55776
3,2849170,93189
3,2849197,61203
3,2849198,64385
3,2849209,74934
3,2849211,06667
3,2849215,55471
3,2849232,66907
3,2849235,99759
3,2849263,19217
3,2849273,25776
3,2849296,21385
3,2849300,86508
3,2849320,23619
3,2849347,15345
3,2849355,25593
3,2849364,56479
3,2849369,49453
3,2849371,31547
3,2849386,55592
3,2849443,55566
3,2849446,95111
3,2849455,95194
3,2849464,04565
3,2849467,21649
3,2849476,93128
3,2849483,93047
3,2849483,93049
3,2849483,93051
3,2849483,93053
3,2849483,93055
3,2849483,93057
3,2849483,93059
3,2849495,94209
3,2849528,27367
3,2849537,39291
3,2849541,24241
3,2849548,46459
3,2849566,96257
3,2849568,91126
3,2849600,39319
3,2849601,19230
3,2849624,18209
3,2849626,38855
3,2849647,45657
3,2849647,45659
3,2849647,45661
3,2849647,45663
3,2849647,45665
3,2849656,55481
3,2849667,56370
3,2849674,96182
3,2849689,49509
3,2849694,26529
3,2849698,83562
3,2849705,89611
3,2849710,97848
3,2849717,17248
3,2849727,09623
3,2849740,73098
3,2849754,53506
3,2849783,55469
3,2849789,56850
3,2849802,88212
3,2849802,88213
3,2849802,88214
3,2849816,55471
3,2849854,22929
3,2849855,07646
3,2849857,07616
3,2849875,35282
3,2849913,65479
3,2849932,55592
3,2850056,69231
3,2850058,15518
3,2850067,07613
3,2850085,83064
3,2850098,56316
3,2850104,29590
3,2850105,39359
3,2850114,57614
3,2850132,23909
3,2850141,94372
3,2850149,84431
3,2850153,94371
3,2850160,07646
3,2850161,96179
3,2850165,72365
3,2850174,40832
3,2850174,40878
3,2850174,40880
3,2850174,40882
3,2850174,40883
3,2850174,40885
3,2850176,66887
3,2850182,67744
3,2850195,01814
3,2850203,24306
3,2850213,14712
3,2850235,23626
3,2850238,19077
3,2850242,24211
3,2850248,99636
3,2850253,26180
3,2850254,26901
3,2850257,76437
3,2850293,36169
3,2850300,54413
3,2850303,08352
3,2850418,24329
3,2850420,25980
3,2850422,25873
3,2850424,67808
3,2850425,63691
3,2850432,76829
3,2850446,97517
3,2850447,99518
3,2850468,17406
3,2850484,07389
3,2850490,15834
3,2850496,72414
3,2850523,97236
3,2850535,97729
3,2850536,66877
3,2850544,25876
3,2850566,67305
3,2850608,83486
3,2850636,89192
3,2850648,01877
3,2850663,66887
3,2850686,25715
3,2850705,83561
3,2850718,18573
3,2850722,76857
3,2850768,91790
3,2850776,82399
3,2850777,24223
3,2850807,94369
3,2850808,86641
3,2850887,32369
3,2850894,06779
3,2850942,46348
3,2850946,19374
3,2850973,06773
3,2850980,02627
3,2850995,42477
3,2851069,06369
3,2851074,01471
3,2851077,01445
3,2851079,01454
3,2851086,24594
3,2851087,25579
3,2851096,31604
3,2851100,21449
3,2851113,04519
3,2851114,57612
3,2851119,06901
3,2851132,01920
3,2851158,38375
3,2851175,19065
3,2851231,24395
3,2851262,01734
3,2851273,24376
3,2851289,25335
3,2851320,67280
3,2851321,56242
3,2851322,66909
3,2851323,07646
3,2851337,66287
3,2851338,53518
3,2851342,25712
3,2851343,25451
3,2851381,49448
3,2851385,24972
3,2851393,06268
3,2851395,38368
3,2851430,06333
3,2851450,06386
3,2851455,06188
3,2851456,98631
3,2851459,66851
3,2851465,06484
3,2851493,07389
3,2851499,25563
3,2851502,24107
3,2851523,49610
3,2851543,90602
3,2851567,85640
3,2851584,66346
3,2851611,16949
3,2851615,18581
3,2851631,02699
3,2851634,90617
3,2851664,86932
3,2851689,56862
3,2851719,01896
3,2851727,25560
3,2851734,95704
3,2851739,82049
3,2851746,50259
3,2851767,56305
3,2851782,82178
3,2851784,92715
3,2851796,18276
3,2851801,83134
3,2851818,54668
3,2851826,54595
3,2851841,18356
3,2851850,15345
3,2851863,97279
3,2851871,06369
3,2851893,23820
3,2851894,54597
3,2851916,18445
3,2851928,07330
3,2851946,24253
3,2851962,16928
3,2851968,19230
3,2851977,86931
3,2851980,06667
3,2851992,19300
3,2851994,25497
3,2851996,18196
3,2852013,27243
3,2852019,24805
3,2852054,01561
3,2852082,96170
3,2852101,83209
3,2852129,97357
3,2852135,29491
3,2852141,06408
3,2852144,32361
3,2852154,01774
3,2852159,29416
3,2852160,39245
3,2852162,91362
3,2852168,06922
3,2852190,96332
3,2852197,95355
3,2852198,92690
3,2852218,17291
3,2852233,14727
3,2852246,86984
3,2852251,54664
3,2852262,54689
3,2852279,18445
3,2852280,24211
3,2852299,95473
3,2852313,56346
3,2852326,24253
3,2852358,17094
3,2852372,94267
3,2852376,57589
3,2852388,25581
3,2852392,07616
3,2852395,91099
3,2852400,06774
3,2852418,56459
3,2852422,86554
3,2852428,07366
3,2852440,91278
3,2852458,14461
3,2852458,14467
3,2852458,14469
3,2852458,14471
3,2852458,14473
3,2852458,14478
3,2852458,14480
3,2852458,14482
3,2852472,23942
3,2852479,84389
3,2852498,24211
3,2852499,04626
3,2852509,84103
3,2852512,07381
3,2852535,93483
3,2852541,18574
3,2852557,25560
3,2852577,32457
3,2852591,01814
3,2852599,85309
3,2852600,07907
3,2852637,92284
3,2852656,36163
3,2852658,97490
3,2852675,25836
3,2852745,53534
3,2852757,96178
3,2852758,56829
3,2852765,24395
3,2852771,39249
3,2852772,91224
3,2852789,07554
3,2852809,91805
3,2852840,84570
3,2852841,82398
3,2852847,31718
3,2852856,85131
3,2852857,06295
3,2852858,37647
3,2852877,23847
3,2852882,54340
3,2852883,06408
3,2852909,56751
3,2852914,19205
3,2852939,85586
3,2852957,24211
3,2852978,31867
3,2852991,08352
3,2852994,08543
3,2852996,56357
3,2853009,23896
3,2853037,23911
3,2853052,15326
3,2853065,94060
3,2853066,82343
3,2853071,09509
3,2853085,09496
3,2853089,54316
3,2853090,54597
3,2853093,23936
3,2853107,73655
3,2853113,39245
3,2853114,06425
3,2853131,06193
3,2853136,07907
3,2853146,95703
3,2853162,24306
3,2853180,73207
3,2853192,72124
3,2853200,85652
3,2853202,92714
3,2853209,58840
3,2853231,04928
3,2853232,87773
3,2853242,55469
3,2853244,55576
3,2853245,76889
3,2853253,84568
3,2853260,91785
3,2853261,54518
3,2853266,74385
3,2853271,56593
3,2853292,08523
3,2853292,08525
3,2853292,08527
3,2853292,08529
3,2853295,99338
3,2853297,19395
3,2853310,94447
3,2853350,54518
3,2853406,19086
3,2853414,54673
3,2853435,68723
3,2853442,95515
3,2853463,82152
3,2853471,56637
3,2853494,18279
3,2853527,83132
3,2853528,54595
3,2853571,19348
3,2853572,01796
3,2853574,66953
3,2853574,66954
3,2853574,66955
3,2853599,92712
3,2853627,91361
3,2853628,54649
3,2853647,19065
3,2853650,16278
3,2853658,25404
3,2853658,25421
3,2853668,19069
3,2853691,94431
3,2853700,92367
3,2853722,56753
3,2853779,54498
3,2853799,98739
3,2853844,93188
3,2853855,83451
3,2853889,19230
3,2853897,54662
3,2853903,94158
3,2853907,76661
3,2853924,64319
3,2853928,72793
3,2853930,88630
3,2853949,87459
3,2853951,72539
3,2853961,92536
3,2853969,75172
3,2853969,75173
3,2853969,75175
3,2853969,75177
3,2853969,75179
3,2853969,75180
3,2853969,75181
3,2853971,87666
3,2853984,91738
3,2854058,99510
3,2854084,99869
3,2854149,84076
3,2854151,66871
3,2854152,74629
3,2854165,93102
3,2854167,96176
3,2854179,84347
3,2854252,72285
3,2854253,56291
3,2854272,93101
3,2854296,37308
3,2854299,09526
3,2854310,83539
3,2854325,79292
3,2854346,55546
3,2854384,89284
3,2854386,85276
3,2854392,74397
3,2854411,87772
3,2854518,07389
3,2854557,96175
3,2854561,83367
3,2854575,93186
3,2854586,99887
3,2854622,06809
3,2854626,57632
3,2854646,85238
3,2854655,32469
3,2854685,86574
3,2854701,06193
3,2854704,07616
3,2854707,66989
3,2854737,91580
3,2854777,14641
3,2854813,55430
3,2854840,94157
3,2854848,19348
3,2854859,66706
3,2854861,94368
3,2854890,94366
3,2854892,84567
3,2854906,17217
3,2854910,86929
3,2854923,82377
3,2854928,93080
3,2854947,31621
3,2854953,98708
3,2854957,17328
3,2854967,09322
3,2854974,93482
3,2854992,54570
3,2854996,25849
3,2854999,54331
3,2855024,03185
3,2855025,86971
3,2855029,82380
3,2855030,25551
3,2855031,06408
3,2855032,06188
3,2855047,31224
3,2855047,31226
3,2855047,31228
3,2855065,91257
3,2855066,37619
3,2855068,04523
3,2855069,54668
3,2855145,95701
3,2855151,14778
3,2855175,07952
3,2855177,85307
3,2855215,14641
3,2855226,18528
3,2855243,30982
3,2855272,94265
3,2855274,56348
3,2855293,85669
3,2855300,19386
3,2855301,16306
3,2855328,94032
3,2855328,94034
3,2855328,94036
3,2855331,24253
3,2855333,07381
3,2855337,17309
3,2855357,54314
3,2855370,97846
3,2855373,55288
3,2855388,92331
3,2855390,38470
3,2855414,94365
3,2855416,92711
3,2855436,18528
3,2855441,19370
3,2855466,98593
3,2855467,91788
3,2855518,18059
3,2855525,26871
3,2855556,56865
3,2855563,54531
3,2855564,23896
3,2855565,18442
3,2855574,01920
3,2855602,24321
3,2855632,54439
3,2855665,83349
3,2855681,07580
3,2855683,93351
3,2855704,25794
3,2855707,82396
3,2855737,27639
3,2855745,33098
3,2855745,33100
3,2855745,33102
3,2855745,33104
3,2855745,33106
3,2855747,24634
3,2855794,28876
3,2855820,24811
3,2855823,88696
3,2855824,73277
3,2855834,24988
3,2855859,51491
3,2855862,25938
3,2855881,26939
3,2855895,54675
3,2855898,55606
3,2855901,56244
3,2855902,94563
3,2855917,66564
3,2855923,34633
3,2855937,87724
3,2855967,86700
3,2855982,04668
3,2855984,77833
3,2855992,67166
3,2855999,67308
3,2856000,76879
3,2856014,28870
3,2856024,21762
3,2856038,83624
3,2856042,67697
3,2856057,67731
3,2856061,21259
3,2856070,31868
3,2856073,91242
3,2856083,77883
3,2856085,85570
3,2856107,01458
3,2856110,24107
3,2856119,07646
3,2856125,25591
3,2856139,73113
3,2856159,75443
3,2856162,76470
3,2856184,22113
3,2856189,18586
3,2856194,18181
3,2856197,23944
3,2856203,25746
3,2856205,02899
3,2856207,76684
3,2856213,26842
3,2856215,06193
3,2856220,99636
3,2856222,88356
3,2856278,67574
3,2856317,87662
3,2856319,29413
3,2856330,38835
3,2856374,25590
3,2856377,56340
3,2856390,24783
3,2856396,25767
3,2856398,25885
3,2856405,37520
3,2856413,06386
3,2856493,25364
3,2856500,27711
3,2856530,94486
3,2856548,25836
3,2856562,06295
3,2856591,06721
3,2856611,27404
3,2856619,25761
3,2856629,49179
3,2856635,24994
3,2856636,24367
3,2856637,74706
3,2856639,39606
3,2856647,21762
3,2856669,89296
3,2856765,25872
3,2856766,24790
3,2856792,21756
3,2856798,75395
3,2856801,26529
3,2856816,48346
3,2856837,99510
3,2856839,01920
3,2856883,49074
3,2856883,49076
3,2856883,49078
3,2856883,49080
3,2856883,49082
3,2856883,49084
3,2856883,49086
3,2856883,49088
3,2856883,49090
3,2856888,38557
3,2856917,24251
3,2856930,39387
3,2856939,25548
3,2856944,04758
3,2856950,54317
3,2856975,01990
3,2857011,94496
3,2857012,63683
3,2857013,77799
3,2857037,78359
3,2857039,54655
3,2857042,24568
3,2857047,24407
3,2857062,91737
3,2857066,54597
3,2857074,54595
3,2857075,97714
3,2857080,07768
3,2857094,57632
3,2857098,54298
3,2857105,27432
3,2857114,67294
3,2857129,16515
3,2857131,06785
3,2857134,07381
3,2857142,06188
3,2857147,55469
3,2857151,99986
3,2857159,71570
3,2857167,55276
3,2857172,77728
3,2857182,02736
3,2857197,89614
3,2857205,88145
3,2857224,54456
3,2857260,54597
3,2857276,57612
3,2857281,54646
3,2857289,67737
3,2857291,59939
3,2857306,57462
3,2857311,54689
3,2857316,54316
3,2857317,89129
3,2857328,99198
3,2857347,25524
3,2857363,59399
3,2857388,06578
3,2857399,25860
3,2857407,25873
3,2857410,25870
3,2857416,24793
3,2857429,25588
3,2857432,21726
3,2857447,25557
3,2857451,23758
3,2857458,26121
3,2857458,26122
3,2857458,26123
3,2857458,26125
3,2857458,26127
3,2857458,26129
3,2857458,26131
3,2857458,26133
3,2857458,26135
3,2857464,25560
3,2857472,82140
3,2857481,02785
3,2857484,09526
3,2857547,38312
3,2857565,74613
3,2857582,91620
3,2857603,01896
3,2857610,78337
3,2857619,48465
3,2857637,73275
3,2857643,66903
3,2857646,55469
3,2857649,82441
3,2857653,77797
3,2857654,06268
3,2857673,53520
3,2857741,88422
3,2857752,68723
3,2857753,87527
3,2857756,72131
3,2857765,67591
3,2857770,89362
3,2857790,55234
3,2857791,91238
3,2857797,25767
3,2857798,77652
3,2857798,77654
3,2857798,77656
3,2857800,94560
3,2857803,76877
3,2857807,63065
3,2857807,63067
3,2857807,63069
3,2857807,63071
3,2857807,63073
3,2857807,63075
3,2857810,74254
3,2857845,29588
3,2857847,86732
3,2857850,07907
3,2857853,99438
3,2857900,33813
3,2857904,45739
3,2857908,98634
3,2857919,08606
3,2857929,56357
3,2857943,59302
3,2857967,74229
3,2857970,09569
3,2857983,36404
3,2857985,39646
3,2858013,21775
3,2858071,21734
3,2858092,16248
3,2858103,51519
3,2858145,67748
3,2858149,85235
3,2858154,25785
3,2858231,25842
3,2858233,54441
3,2858239,55437
3,2858241,53545
3,2858245,48607
3,2858249,39167
3,2858253,56299
3,2858326,88416
3,2858333,97199
3,2858416,67283
3,2858417,74847
3,2858424,83119
3,2858426,06268
3,2858437,56651
3,2858476,55758
3,2858484,77709
3,2858539,67294
3,2858543,56379
3,2858548,08396
3,2858562,55430
3,2858586,98744
3,2858591,54636
3,2858601,67756
3,2858602,54636
3,2858636,98634
3,2858658,57614
3,2858665,56357
3,2858729,92526
3,2858738,61440
3,2858763,63179
3,2858765,91286
3,2858773,93083
3,2858784,56357
3,2858787,97723
3,2858807,66649
3,2858811,88094
3,2858827,84419
3,2858852,84101
3,2858857,67271
3,2858874,97640
3,2858875,55596
3,2858906,71720
3,2858918,56593
3,2858962,54634
3,2858964,87561
3,2858965,66879
3,2858966,87534
3,2858971,54570
3,2858973,98530
3,2858976,89613
3,2858999,74423
3,2859007,82395
3,2859010,97791
3,2859012,66957
3,2859056,06528
3,2859068,82294
3,2859077,97516
3,2859105,87770
3,2859117,98587
3,2859119,09600
3,2859129,94363
3,2859146,76889
3,2859147,85764
3,2859173,91483
3,2859174,54533
3,2859231,89294
3,2859234,74420
3,2859239,56479
3,2859273,56479
3,2859277,06528
3,2859285,71739
3,2859296,87769
3,2859302,79254
3,2859325,88179
3,2859345,99510
3,2859352,55758
3,2859357,91097
3,2859360,75394
3,2859380,64372
3,2859390,56587
3,2859412,94562
3,2859423,97241
3,2859432,54649
3,2859439,85667
3,2859458,86507
3,2859460,76889
3,2859465,86869
3,2859473,07381
3,2859481,55270
3,2859490,54533
3,2859511,91619
3,2859512,94130
3,2859532,31683
3,2859543,56379
3,2859545,66919
3,2859547,72364
3,2859562,37434
3,2859578,84565
3,2859593,65558
3,2859600,21787
3,2859615,67821
3,2859675,63785
3,2859678,97342
3,2859691,57638
3,2859733,67823
3,2859739,61239
3,2859772,90587
3,2859792,86836
3,2859800,99996
3,2859815,98617
3,2859826,89611
3,2859832,87538
3,2859843,09353
3,2859903,01936
3,2859938,97789
3,2859961,54614
3,2859962,54608
3,2859970,91731
3,2859983,49779
3,2859996,57641
3,2860021,95145
3,2860025,55481
3,2860049,73447
3,2860072,55624
3,2860080,77704
3,2860122,54533
3,2860142,57635
3,2860151,97258
3,2860176,55758
3,2860282,98559
3,2860335,55437
3,2860359,06577
3,2860372,55413
3,2860400,68794
3,2860404,67822
3,2860410,46045
3,2860410,46047
3,2860410,46049
3,2860410,46117
3,2860410,46119
3,2860410,46145
3,2860410,46147
3,2860410,46149
3,2860419,76887
3,2860422,86697
3,2860430,82386
3,2860477,77784
3,2860488,55765
3,2860505,07426
3,2860511,96173
3,2860525,82041
3,2860537,02692
3,2860540,87634
3,2860567,73569
3,2860574,86573
3,2860646,54675
3,2860648,99759
3,2860694,55234
3,2860701,56370
3,2860716,56332
3,2860891,57612
3,2860892,56414
3,2860925,56767
3,2860932,97656
3,2860941,99834
3,2860948,56412
3,2861038,56651
3,2861046,57639
3,2861059,99986
3,2861091,85129
3,2861094,89610
3,2861096,85445
3,2861111,55413
3,2861116,75038
3,2861131,91617
3,2861202,55767
3,2861227,99718
3,2861232,72644
3,2861251,54331
3,2861271,54578
3,2861285,84564
3,2861340,56355
3,2861358,36280
3,2861374,83080
3,2861384,82496
3,2861402,90522
3,2861407,66851
3,2861422,82487
3,2861448,66871
3,2861469,56414
3,2861537,24568
3,2861549,25594
3,2861579,69226
3,2861598,23896
3,2861599,83131
3,2861603,83365
3,2861615,55569
3,2861624,67759
3,2861628,72362
3,2861631,54675
3,2861632,72622
3,2861653,53520
3,2861662,66989
3,2861671,01612
3,2861677,51588
3,2861690,71154
3,2861695,97720
3,2861698,06896
3,2861711,24881
3,2861714,24809
3,2861721,73274
3,2861733,48301
3,2861736,99192
3,2861739,24392
3,2861743,21640
3,2861755,76891
3,2861774,19258
3,2861784,17214
3,2861787,17111
3,2861788,01683
3,2861801,52388
3,2861802,49638
3,2861804,24589
3,2861807,26845
3,2861814,37154
3,2861815,56283
3,2861817,37176
3,2861820,25884
3,2861829,57629
3,2861830,55585
3,2861847,48356
3,2861866,31171
3,2861873,31717
3,2861881,77787
3,2861914,86720
3,2861919,21765
3,2861923,59394
3,2861934,48527
3,2861934,48529
3,2861934,48531
3,2861939,27637
3,2861951,56242
3,2861973,74226
3,2861982,99734
3,2861988,25785
3,2861990,96365
3,2861996,24980
3,2861998,39343
3,2862011,25746
3,2862026,22844
3,2862026,22846
3,2862026,22848
3,2862026,22850
3,2862026,22851
3,2862027,25868
3,2862041,26548
3,2862065,25779
3,2862093,24392
3,2862104,26954
3,2862106,86695
3,2862118,26506
3,2862131,25946
3,2862135,25764
3,2862164,56291
3,2862174,66620
3,2862178,06727
3,2862202,88149
3,2862249,56412
3,2862289,99428
3,2862292,54578
3,2862294,66625
3,2862295,55767
3,2862304,24214
3,2862311,99195
3,2862319,56357
3,2862322,04603
3,2862326,04626
3,2862344,56729
3,2862347,93152
3,2862348,93149
3,2862351,54453
3,2862355,56472
3,2862357,57645
3,2862372,99510
3,2862388,24594
3,2862389,25704
3,2862402,54614
3,2862403,54612
3,2862406,07381
3,2862440,56132
3,2862458,34329
3,2862460,02906
3,2862465,24395
3,2862485,55283
3,2862494,54518
3,2862525,18442
3,2862541,31688
3,2862576,29336
3,2862615,25596
3,2862625,24819
3,2862640,14823
3,2862643,06188
3,2862674,54646
3,2862675,33039
3,2862696,56651
3,2862697,99428
3,2862698,52382
3,2862708,55758
3,2862713,94559
3,2862723,55234
3,2862724,09577
3,2862731,56179
3,2862733,97464
3,2862741,54668
3,2862743,54636
3,2862744,55491
3,2862760,57614
3,2862763,56357
3,2862785,84183
3,2862802,56368
3,2862809,84494
3,2862811,56291
3,2862818,04741
3,2862825,89168
3,2862831,97996
3,2862833,56593
3,2862842,54634
3,2862845,66879
3,2862849,54570
3,2862862,55487
3,2862891,86694
3,2862893,09600
3,2862899,76891
3,2862909,54533
3,2862914,56244
3,2862925,99762
3,2862933,99510
3,2862935,56479
3,2862953,87767
3,2862965,99510
3,2862980,54675
3,2862995,54649
3,2863005,76889
3,2863012,37355
3,2863014,55268
3,2863019,54533
3,2863031,31712
3,2863046,65527
3,2863049,74676
3,2863065,65629
3,2863083,39167
3,2863088,63843
3,2863095,92545
3,2863103,67822
3,2863111,66879
3,2863178,97618
3,2863179,54614
3,2863185,49779
3,2863198,55469
3,2863199,41372
3,2863202,55481
3,2863213,67150
3,2863214,67700
3,2863223,53859
3,2863239,57589
3,2863254,55758
3,2863259,76889
3,2863281,56316
3,2863326,55437
3,2863341,55413
3,2863355,67822
3,2863359,55585
3,2863371,55767
3,2863401,14913
3,2863419,54675
3,2863422,99759
3,2863428,96489
3,2863429,09243
3,2863441,57572
3,2863442,16248
3,2863444,56332
3,2863457,78078
3,2863470,56412
3,2863487,56412
3,2863505,56651
3,2863508,57520
3,2863516,99986
3,2863517,61138
3,2863523,09366
3,2863545,02708
3,2863555,55432
3,2863569,55767
3,2863574,56589
3,2863580,99718
3,2863604,84494
3,2863629,56357
3,2863638,36272
3,2863643,01689
3,2863652,83229
3,2863667,94557
3,2863672,66887
3,2863674,84100
3,2863678,56414
3,2863685,34305
3,2863694,24395
3,2863696,25899
3,2863698,25938
3,2863711,52385
3,2863712,61130
3,2863716,63667
3,2863732,56645
3,2863753,56283
3,2863756,54309
3,2863762,23816
3,2863765,17039
3,2863782,15898
3,2863786,15913
3,2863795,21629
3,2863810,24214
3,2863818,29308
3,2863840,56564
3,2863840,56566
3,2863840,56567
3,2863876,75389
3,2863941,89231
3,2863941,89233
3,2863950,15320
3,2863953,93073
3,2864005,17235
3,2864034,23730
3,2864036,19306
3,2864053,96465
3,2864054,67433
3,2864054,67434
3,2864054,67435
3,2864055,92660
3,2864056,93333
3,2864057,91413
3,2864058,31535
3,2864059,98701
3,2864060,97845
3,2864086,99762
3,2864088,37345
3,2864089,01844
3,2864091,35279
3,2864118,41460
3,2864118,41462
3,2864118,41464
3,2864118,41466
3,2864118,41468
3,2864118,41469
3,2864118,41470
3,2864118,41472
3,2864131,95700
3,2864141,91616
3,2864142,99338
3,2864216,94556
3,2864252,86356
3,2864265,02742
3,2864276,16816
3,2864303,82061
3,2864324,94089
3,2864356,76777
3,2864357,19399
3,2864377,03103
3,2864387,84524
3,2864420,91233
3,2864421,66887
3,2864425,57290
3,2864426,56479
3,2864429,54426
3,2864434,74867
3,2864437,57520
3,2864468,92431
3,2864475,24534
3,2864475,24536
3,2864475,24537
3,2864475,24539
3,2864547,84494
3,2864549,92318
3,2864558,08496
3,2864577,68809
3,2864613,16259
3,2864616,73491
3,2864618,67271
3,2864621,26909
3,2864679,17398
3,2864705,23992
3,2864723,94154
3,2864728,93453
3,2864730,92445
3,2864735,25927
3,2864738,23779
3,2864748,34626
3,2864761,94362
3,2864770,01936
3,2864771,01904
3,2864774,88099
3,2864778,04575
3,2864804,19294
3,2864806,17154
3,2864820,63263
3,2864826,97843
3,2864828,54422
3,2864869,67141
3,2864882,90616
3,2864900,17424
3,2864927,31195
3,2864936,36119
3,2865036,67680
3,2865047,54597
3,2865053,96524
3,2865085,78579
3,2865086,73765
3,2865104,75242
3,2865123,56335
3,2865129,91284
3,2865130,21785
3,2865133,98724
3,2865134,94152
3,2865223,15320
3,2865247,19258
3,2865293,02727
3,2865294,07980
3,2865300,06429
3,2865325,84181
3,2865331,72419
3,2865341,72639
3,2865347,25724
3,2865359,25724
3,2865376,85375
3,2865472,55471
3,2865553,34599
3,2865557,74632
3,2865560,74196
3,2865575,08541
3,2865592,58809
3,2865603,95339
3,2865628,25792
3,2865632,21763
3,2865633,17039
3,2865635,21640
3,2865637,29643
3,2865638,27251
3,2865641,48485
3,2865642,49586
3,2865660,39345
3,2865692,49828
3,2865716,16259
3,2865721,23818
3,2865722,07778
3,2865794,54597
3,2865795,97788
3,2865798,91564
3,2865799,25436
3,2865812,75305
3,2865813,79395
3,2865820,25578
3,2865904,24794
3,2865906,95512
3,2865945,24214
3,2865962,06493
3,2866009,99192
3,2866022,74861
3,2866046,29490
3,2866070,86633
3,2866071,23974
3,2866086,75387
3,2866100,98617
3,2866102,97277
3,2866135,17033
3,2866135,17034
3,2866135,17036
3,2866150,26909
3,2866152,17509
3,2866174,85579
3,2866175,83115
3,2866208,24879
3,2866264,55546
3,2866280,61267
3,2866304,08491
3,2866325,65623
3,2866333,41334
3,2866336,53947
3,2866345,24250
3,2866375,57250
3,2866416,87484
3,2866466,02699
3,2866472,67749
3,2866473,89278
3,2866477,54570
3,2866482,23843
3,2866486,73450
3,2866487,89129
3,2866488,54552
3,2866492,04685
3,2866511,36214
3,2866512,56412
3,2866516,91790
3,2866523,14715
3,2866527,26556
3,2866561,89191
3,2866576,57638
3,2866583,06502
3,2866593,73272
3,2866600,36452
3,2866606,74933
3,2866608,67468
3,2866611,54657
3,2866626,54552
3,2866631,56820
3,2866632,72147
3,2866634,24326
3,2866637,23813
3,2866657,23795
3,2866663,24625
3,2866665,37643
3,2866677,17391
3,2866682,21398
3,2866705,89189
3,2866714,56858
3,2866718,39291
3,2866751,74865
3,2866753,74382
3,2866755,72654
3,2866757,72666
3,2866758,74172
3,2866759,69239
3,2866773,69437
3,2866774,69151
3,2866779,74924
3,2866793,06642
3,2866810,01920
3,2866826,25946
3,2866832,99826
3,2866834,01609
3,2866842,07616
3,2866843,06571
3,2866851,57583
3,2866858,56237
3,2866861,04683
3,2866865,56753
3,2866885,04769
3,2866905,34311
3,2866906,06618
3,2866917,64569
3,2866925,06193
3,2866928,99448
3,2866930,14641
3,2866942,89564
3,2866955,54636
3,2866981,29587
3,2866990,56355
3,2867037,56377
3,2867050,54673
3,2867066,04657
3,2867098,66909
3,2867104,55469
3,2867112,85405
3,2867120,66640
3,2867127,66809
3,2867138,95119
3,2867146,21369
3,2867160,23866
3,2867164,72202
3,2867198,95697
3,2867229,55299
3,2867237,55234
3,2867240,56729
3,2867245,06469
3,2867252,58769
3,2867262,92507
3,2867274,08499
3,2867279,54673
3,2867286,04688
3,2867297,54608
3,2867304,39307
3,2867310,67112
3,2867315,55469
3,2867335,73557
3,2867341,54534
3,2867345,19406
3,2867346,23911
3,2867361,21516
3,2867396,06679
3,2867402,57629
3,2867412,53533
3,2867431,71540
3,2867436,71711
3,2867445,82418
3,2867452,54570
3,2867467,79730
3,2867471,17390
3,2867492,35516
3,2867511,55424
3,2867514,56294
3,2867520,86505
3,2867527,25587
3,2867536,67822
3,2867542,29633
3,2867543,48079
3,2867543,48143
3,2867543,48145
3,2867543,48147
3,2867543,48149
3,2867543,48151
3,2867543,48153
3,2867543,48155
3,2867543,48157
3,2867543,48159
3,2867543,48161
3,2867543,48163
3,2867543,48165
3,2867543,48167
3,2867548,64839
3,2867553,86692
3,2867560,72525
3,2867561,82541
3,2867568,86754
3,2867571,97702
3,2867582,24960
3,2867583,56729
3,2867606,56271
3,2867608,89597
3,2867613,34346
3,2867616,74395
3,2867626,66981
3,2867627,67728
3,2867628,76857
3,2867631,55595
3,2867633,91481
3,2867637,85126
3,2867673,35117
3,2867707,07589
3,2867717,15748
3,2867723,15372
3,2867723,15374
3,2867726,95213
3,2867748,27639
3,2867753,08132
3,2867763,15299
3,2867770,79379
3,2867816,53520
3,2867817,56761
3,2867844,54486
3,2867847,74673
3,2867850,06804
3,2867868,54636
3,2867888,07919
3,2867929,18276
3,2867938,56291
3,2867953,78357
3,2867996,99974
3,2868002,96172
3,2868004,69242
3,2868005,92360
3,2868134,21493
3,2868222,19205
3,2868368,25548
3,2868457,77796
3,2868659,06774
3,2868782,09241
3,2868788,75417
3,2868791,24582
3,2868807,76461
3,2868842,04769
3,2868851,65623
3,2868853,57555
3,2868859,57614
3,2868862,56254
3,2868867,69427
3,2868920,54558
3,2868923,02906
3,2868931,24238
3,2868936,53804
3,2868941,23795
3,2868944,07381
3,2868967,71159
3,2868968,93099
3,2868986,86753
3,2868992,97786
3,2869019,72116
3,2869053,39291
3,2869076,56254
3,2869094,56424
3,2869107,56767
3,2869120,74821
3,2869147,27321
3,2869150,67591
3,2869158,56283
3,2869159,67808
3,2869167,07646
3,2869168,56290
3,2869174,55758
3,2869175,67294
3,2869182,54317
3,2869186,55494
3,2869196,51597
3,2869221,69509
3,2869222,57583
3,2869229,06193
3,2869238,56865
3,2869244,01468
3,2869257,37186
3,2869268,08262
3,2869290,24594
3,2869306,54497
3,2869325,84164
3,2869361,85452
3,2869449,85368
3,2869488,92709
3,2869511,85665
3,2869519,94554
3,2869542,78345
3,2869592,26427
3,2869627,25436
3,2869651,25554
3,2869682,82272
3,2869694,25597
3,2869732,55569
3,2869733,55234
3,2869734,54472
3,2869741,56754
3,2869746,56410
3,2869749,04617
3,2869751,67590
3,2869752,71297
3,2869756,52156
3,2869762,56729
3,2869773,24576
3,2869775,23619
3,2869782,17375
3,2869783,24248
3,2869791,40789
3,2869792,86653
3,2869808,78087
3,2869823,91614
3,2869847,86751
3,2869867,06556
3,2869882,18182
3,2869891,99198
3,2869894,41061
3,2869894,41063
3,2869894,41065
3,2869894,41066
3,2869894,41068
3,2869894,41069
3,2869894,41169
3,2869894,41179
3,2869894,41189
3,2869894,41199
3,2869894,41236
3,2869894,41238
3,2869894,41239
3,2869908,63933
3,2869931,55278
3,2869934,63853
3,2869936,63776
3,2869944,57520
3,2869961,67591
3,2869963,17449
3,2869964,99869
3,2869968,56414
3,2869994,23879
3,2869995,17091
3,2870025,17219
3,2870043,17237
3,2870079,24113
3,2870094,49696
3,2870097,06618
3,2870110,21647
3,2870143,91096
3,2870147,98708
3,2870164,21493
3,2870178,07987
3,2870190,06791
3,2870194,71696
3,2870202,73563
3,2870212,56424
3,2870221,47441
3,2870221,47443
3,2870221,47445
3,2870221,47447
3,2870233,89426
3,2870266,04838
3,2870266,04862
3,2870269,74219
3,2870278,39291
3,2870281,07646
3,2870303,06888
3,2870304,04720
3,2870312,15299
3,2870315,96268
3,2870318,09648
3,2870355,95666
3,2870359,84335
3,2870435,94360
3,2870480,17268
3,2870481,15749
3,2870482,82481
3,2870490,35756
3,2870534,56858
3,2870541,82293
3,2870549,21770
3,2870565,99955
3,2870567,97785
3,2870612,55758
3,2870618,07819
3,2870627,21720
3,2870628,86868
3,2870687,02763
3,2870700,06542
3,2870743,91734
3,2870780,66851
3,2870795,88441
3,2870926,18276
3,2870936,95490
3,2870941,95511
3,2870962,27639
3,2870963,56377
3,2870996,93098
3,2871016,54518
3,2871020,76872
3,2871030,54518
3,2871039,32423
3,2871039,32425
3,2871039,32427
3,2871039,32429
3,2871040,54310
3,2871042,93349
3,2871045,87719
3,2871065,06246
3,2871067,98630
3,2871071,17349
3,2871079,63897
3,2871082,93468
3,2871100,17268
3,2871130,25866
3,2871142,09456
3,2871147,07751
3,2871166,99826
3,2871173,88487
3,2871182,39649
3,2871183,39649
3,2871186,07819
3,2871198,83714
3,2871212,56132
3,2871213,24247
3,2871225,56357
3,2871243,25938
3,2871244,27639
3,2871266,86866
3,2871279,14552
3,2871284,64720
3,2871287,93185
3,2871316,06386
3,2871326,74545
3,2871342,74544
3,2871353,57610
3,2871359,56288
3,2871394,24980
3,2871431,53520
3,2871437,04610
3,2871444,07646
3,2871454,06905
3,2871458,98744
3,2871460,56414
3,2871486,72555
3,2871507,55481
3,2871516,98639
3,2871532,55777
3,2871535,40822
3,2871538,66693
3,2871540,49497
3,2871549,54634
3,2871555,67582
3,2871556,84562
3,2871559,54675
3,2871573,94526
3,2871591,48629
3,2871596,19374
3,2871601,72469
3,2871609,88605
3,2871613,49832
3,2871621,54636
3,2871623,31867
3,2871636,64409
3,2871638,39624
3,2871648,56820
3,2871654,17498
3,2871662,16307
3,2871668,59872
3,2871670,67746
3,2871671,54439
3,2871675,66663
3,2871680,79249
3,2871683,52399
3,2871690,49586
3,2871696,04932
3,2871703,66978
3,2871707,55627
3,2871713,56753
3,2871716,86690
3,2871718,67271
3,2871719,54318
3,2871722,06618
3,2871723,07619
3,2871736,06217
3,2871749,54426
3,2871762,56283
3,2871767,54597
3,2871790,89188
3,2871803,91732
3,2871807,57629
3,2871813,86415
3,2871829,35799
3,2871831,79291
3,2871832,66589
3,2871835,86504
3,2871845,49716
3,2871879,39175
3,2871884,99996
3,2871889,49637
3,2871915,54310
3,2871950,84152
3,2871953,35794
3,2871960,55490
3,2871964,88512
3,2871979,56743
3,2871983,58706
3,2871983,58708
3,2871983,58710
3,2871990,87766
3,2871992,87700
3,2872003,96117
3,2872005,06642
3,2872028,34212
3,2872031,24109
3,2872033,56581
3,2872047,97638
3,2872056,27249
3,2872057,99441
3,2872073,98746
3,2872079,49324
3,2872079,49326
3,2872079,49328
3,2872100,25704
3,2872102,16230
3,2872117,21406
3,2872126,86405
3,2872149,77974
3,2872155,01662
3,2872173,55590
3,2872195,54570
3,2872225,98617
3,2872231,91802
3,2872235,06721
3,2872237,58540
3,2872244,38536
3,2872255,38527
3,2872261,56584
3,2872362,72537
3,2872374,06456
3,2872375,54346
3,2872377,84561
3,2872389,57635
3,2872390,54552
3,2872403,04626
3,2872405,98634
3,2872409,08539
3,2872417,95694
3,2872428,67678
3,2872447,25588
3,2872449,67735
3,2872463,24799
3,2872469,86750
3,2872470,24594
3,2872486,88709
3,2872500,54531
3,2872504,40667
3,2872504,40668
3,2872504,40670
3,2872512,31715
3,2872519,08393
3,2872527,96484
3,2872553,24994
3,2872557,59964
3,2872558,23847
3,2872559,55566
3,2872562,67744
3,2872571,23972
3,2872580,74909
3,2872582,53340
3,2872583,67149
3,2872585,88074
3,2872586,55606
3,2872587,55767
3,2872594,54636
3,2872600,99880
3,2872602,21358
3,2872606,23909
3,2872611,53894
3,2872617,99441
3,2872625,53508
3,2872649,56727
3,2872659,56244
3,2872670,93142
3,2872686,67133
3,2872697,94151
3,2872739,66500
3,2872775,79689
3,2872777,75433
3,2872796,87665
3,2872807,85419
3,2872815,69256
3,2872825,54649
3,2872827,57520
3,2872832,67294
3,2872860,54597
3,2872880,66909
3,2872892,99510
3,2872953,54597
3,2872955,56869
3,2872962,66506
3,2872972,84323
3,2872980,98666
3,2872996,74252
3,2873011,97711
3,2873022,88437
3,2873049,56761
3,2873056,85417
3,2873061,57627
3,2873080,86688
3,2873087,21439
3,2873108,55627
3,2873122,66894
3,2873126,97340
3,2873140,36404
3,2873141,98693
3,2873150,37318
3,2873153,27327
3,2873159,24238
3,2873211,34431
3,2873220,83250
3,2873224,66646
3,2873226,56271
3,2873227,99994
3,2873228,96126
3,2873233,19376
3,2873234,67297
3,2873237,25709
3,2873240,25709
3,2873250,18337
3,2873251,91080
3,2873262,49448
3,2873263,45768
3,2873263,45770
3,2873263,45772
3,2873268,06667
3,2873276,99195
3,2873278,96275
3,2873280,86865
3,2873283,97342
3,2873285,85570
3,2873286,95509
3,2873287,83487
3,2873288,87733
3,2873289,95615
3,2873290,86748
3,2873291,87616
3,2873292,91478
3,2873295,95168
3,2873296,95352
3,2873298,84533
3,2873300,85229
3,2873301,97828
3,2873302,96257
3,2873303,07330
3,2873304,91459
3,2873307,97340
3,2873308,91477
3,2873309,91801
3,2873310,91613
3,2873318,99819
3,2873331,04420
3,2873340,08258
3,2873343,31608
3,2873344,84163
3,2873352,04416
3,2873359,15748
3,2873369,71706
3,2873400,02829
3,2873409,08352
3,2873427,88677
3,2873459,98530
3,2873460,54484
3,2873464,16348
3,2873499,38368
3,2873513,56242
3,2873574,51709
3,2873575,56269
3,2873578,31094
3,2873581,26529
3,2873588,56357
3,2873621,39365
3,2873632,09496
3,2873667,94553
3,2873701,97276
3,2873776,71672
3,2873820,55413
3,2873841,92708
3,2873852,06343
3,2873891,68159
3,2873891,68161
3,2873891,68163
3,2873891,68165
3,2873891,68167
3,2873891,68169
3,2873891,68199
3,2873891,68219
3,2873891,68229
3,2873891,68239
3,2873891,68259
3,2873891,68305
3,2873891,68307
3,2873891,68309
3,2873908,56769
3,2873910,54441
3,2873929,23738
3,2873970,54531
3,2873971,54649
3,2873974,54429
3,2873989,55595
3,2873992,85077
3,2874000,94437
3,2874006,82291
3,2874007,57636
3,2874028,79364
3,2874039,34323
3,2874042,02694
3,2874047,69254
3,2874048,76316
3,2874070,19294
3,2874082,23936
3,2874104,84333
3,2874111,23714
3,2874122,17213
3,2874127,94094
3,2874131,17139
3,2874137,54426
3,2874139,54655
3,2874142,54655
3,2874155,55481
3,2874157,83558
3,2874193,56291
3,2874200,82216
3,2874225,55116
3,2874225,55118
3,2874225,55120
3,2874225,55122
3,2874225,55124
3,2874225,55126
3,2874225,55127
3,2874225,55128
3,2874225,55129
3,2874225,55130
3,2874225,55131
3,2874230,63477
3,2874231,97320
3,2874239,95336
3,2874246,74535
3,2874252,84048
3,2874254,97350
3,2874263,63814
3,2874282,67487
3,2874284,86747
3,2874319,88167
3,2874423,95695
3,2874446,39517
3,2874461,15831
3,2874486,77972
3,2874509,71106
3,2874545,39014
3,2874545,39104
3,2874545,39106
3,2874545,39108
3,2874545,39110
3,2874545,39112
3,2874545,39114
3,2874545,39116
3,2874545,39118
3,2874545,39120
3,2874545,39122
3,2874545,39124
3,2874545,39126
3,2874545,39128
3,2874545,39130
3,2874556,99441
3,2874611,55758
3,2874615,37318
3,2874621,67686
3,2874622,56290
3,2874642,04827
3,2874663,24404
3,2874665,27249
3,2874674,24975
3,2874690,56346
3,2874695,17279
3,2874702,56729
3,2874710,19209
3,2874716,54617
3,2874719,89440
3,2874721,25355
3,2874728,56826
3,2874747,06686
3,2874778,56290
3,2874805,38835
3,2874828,24235
3,2874832,38729
3,2874842,37318
3,2874867,06317
3,2874900,25585
3,2874902,22952
3,2874911,25842
3,2874919,24321
3,2874955,26524
3,2874958,21483
3,2874978,67363
3,2874984,18442
3,2874987,18276
3,2875027,24850
3,2875060,92331
3,2875063,07980
3,2875067,09328
3,2875102,27616
3,2875107,44532
3,2875107,44534
3,2875107,44536
3,2875115,21335
3,2875115,21337
3,2875115,21339
3,2875117,54597
3,2875130,25774
3,2875138,04626
3,2875154,97511
3,2875183,99885
3,2875221,24816
3,2875233,17495
3,2875246,92706
3,2875250,31711
3,2875282,32676
3,2875292,76848
3,2875314,37635
3,2875321,66996
3,2875330,96337
3,2875343,19288
3,2875357,55278
3,2875376,67059
3,2875376,67061
3,2875376,67063
3,2875376,67065
3,2875376,67067
3,2875376,67069
3,2875376,67071
3,2875379,14974
3,2875388,95364
3,2875392,71634
3,2875392,71636
3,2875392,71638
3,2875392,71640
3,2875392,71642
3,2875417,59348
3,2875427,31702
3,2875430,23923
3,2875438,21379
3,2875445,39517
3,2875456,29394
3,2875457,58507
3,2875457,58509
3,2875457,58511
3,2875457,58513
3,2875457,58515
3,2875467,39606
3,2875473,17375
3,2875484,14943
3,2875494,54424
3,2875497,57629
3,2875500,06727
3,2875508,29487
3,2875509,15926
3,2875512,04613
3,2875541,23898
3,2875542,29439
3,2875558,19386
3,2875559,19249
3,2875577,23972
3,2875585,17509
3,2875586,19288
3,2875594,19077
3,2875601,23539
3,2875601,23552
3,2875601,23554
3,2875601,23556
3,2875601,23558
3,2875601,23560
3,2875601,23562
3,2875601,23564
3,2875601,23566
3,2875601,23568
3,2875601,23569
3,2875601,23570
3,2875603,29488
3,2875608,27729
3,2875626,32312
3,2875645,27612
3,2875656,74245
3,2875659,25864
3,2875734,56843
3,2875738,79807
3,2875742,24878
3,2875760,49504
3,2875785,39291
3,2875799,08294
3,2875815,72290
3,2875822,06647
3,2875824,54492
3,2875868,55296
3,2875870,26901
3,2875874,54317
3,2875877,64653
3,2875881,79539
3,2875881,79540
3,2875881,79541
3,2875909,73547
3,2875918,24250
3,2875951,24366
3,2875965,24644
3,2875968,25582
3,2875977,55237
3,2875978,89173
3,2875979,56295
3,2875983,91475
3,2875987,49624
3,2875988,54340
3,2875989,54472
3,2875992,54338
3,2876009,01623
3,2876018,56357
3,2876025,67744
3,2876027,35457
3,2876041,94359
3,2876043,17121
3,2876048,39326
3,2876064,24888
3,2876065,17509
3,2876092,84180
3,2876117,02999
3,2876127,65558
3,2876144,35102
3,2876147,97816
3,2876158,67744
3,2876161,67727
3,2876187,32584
3,2876194,35792
3,2876211,18276
3,2876212,01847
3,2876215,18551
3,2876218,53797
3,2876228,07907
3,2876249,84494
3,2876282,34253
3,2876306,24806
3,2876357,93470
3,2876388,25551
3,2876461,79843
3,2876462,76597
3,2876484,56332
3,2876489,04617
3,2876510,17459
3,2876529,25551
3,2876554,57629
3,2876604,74369
3,2876682,39279
3,2876685,04552
3,2876697,18314
3,2876698,04509
3,2876708,04626
3,2876712,07751
3,2876714,06780
3,2876739,06193
3,2876755,02708
3,2876787,96123
3,2876837,25992
3,2876842,54587
3,2876865,59555
3,2876865,59556
3,2876865,59557
3,2876865,59558
3,2876870,99752
3,2876873,56357
3,2876952,53545
3,2876963,27624
3,2876965,14822
3,2877011,31636
3,2877021,52441
3,2877061,56317
3,2877078,56291
3,2877082,67360
3,2877088,49808
3,2877088,49809
3,2877088,49811
3,2877104,29690
3,2877112,39638
3,2877142,51789
3,2877158,07768
3,2877171,31698
3,2877204,24969
3,2877205,37318
3,2877251,55481
3,2877259,07589
3,2877315,64678
3,2877357,67473
3,2877425,01945
3,2877441,25791
3,2877448,57629
3,2877455,66851
3,2877525,94227
3,2877545,24214
3,2877546,39264
3,2877616,53506
3,2877617,56729
3,2877624,22959
3,2877647,67117
3,2877648,65549
3,2877648,65550
3,2877648,65551
3,2877648,65552
3,2877648,65553
3,2877648,65554
3,2877648,65555
3,2877648,65556
3,2877673,09212
3,2877681,57629
3,2877683,08491
3,2877690,55606
3,2877693,74838
3,2877709,28865
3,2877732,15306
3,2877747,25770
3,2877754,18299
3,2877759,54636
3,2877767,06120
3,2877771,54470
3,2877773,56858
3,2877786,56767
3,2877787,56357
3,2877792,54597
3,2877803,17375
3,2877826,16248
3,2877843,49536
3,2877863,56290
3,2877889,99510
3,2877891,01825
3,2877892,55494
3,2877905,18196
3,2877932,15868
3,2877942,16559
3,2877948,99330
3,2877955,56479
3,2877969,38704
3,2877979,31618
3,2877980,34396
3,2878022,03238
3,2878027,08115
3,2878074,96215
3,2878093,54619
3,2878109,01896
3,2878114,95192
3,2878133,33165
3,2878138,91586
3,2878140,77839
3,2878153,98739
3,2878166,35423
3,2878204,25923
3,2878234,51371
3,2878234,51373
3,2878234,51375
3,2878234,51377
3,2878234,51379
3,2878234,51381
3,2878284,56599
3,2878289,91578
3,2878290,02794
3,2878291,98617
3,2878295,56244
3,2878298,99439
3,2878308,07338
3,2878310,91359
3,2878313,71397
3,2878342,95191
3,2878350,06237
3,2878351,35638
3,2878375,92705
3,2878382,09573
3,2878384,53547
3,2878387,08412
3,2878410,39638
3,2878422,67823
3,2878471,15324
3,2878673,33818
3,2878675,17375
3,2878693,95666
3,2878695,71229
3,2878702,79853
3,2878751,85101
3,2878755,24632
3,2878760,37318
3,2878773,23738
3,2878784,57368
3,2878795,37627
3,2878824,83661
3,2878829,98660
3,2878838,49838
3,2878840,49525
3,2878844,87663
3,2878852,08485
3,2878863,27419
3,2878878,09514
3,2878879,38268
3,2878881,84435
3,2878927,07819
3,2878943,32657
3,2878944,49448
3,2878946,49459
3,2878948,66969
3,2878974,17168
3,2878982,54340
3,2878983,55779
3,2878986,39279
3,2879106,06667
3,2879109,04703
3,2879121,55767
3,2879139,04103
3,2879139,04105
3,2879139,04107
3,2879139,04109
3,2879139,04129
3,2879139,04155
3,2879139,04157
3,2879139,04159
3,2879139,04177
3,2879139,04179
3,2879139,04205
3,2879139,04207
3,2879139,04209
3,2879139,04229
3,2879139,04249
3,2879139,04275
3,2879139,04277
3,2879139,04279
3,2879139,04288
3,2879139,04289
3,2879139,04299
3,2879139,04315
3,2879139,04316
3,2879139,04317
3,2879139,04318
3,2879139,04319
3,2879139,04329
3,2879139,04347
3,2879139,04349
3,2879139,04356
3,2879139,04357
3,2879150,89340
3,2879159,73575
3,2879162,76829
3,2879173,56291
3,2879185,70771
3,2879200,91227
3,2879230,76774
3,2879241,69181
3,2879242,66978
3,2879260,36433
3,2879262,53518
3,2879263,54673
3,2879275,38542
3,2879280,56759
3,2879299,63849
3,2879307,54619
3,2879315,42799
3,2879326,94339
3,2879335,88637
3,2879367,31275
3,2879375,74251
3,2879378,38165
3,2879381,91611
3,2879391,99441
3,2879461,23883
3,2879464,24211
3,2879498,56332
3,2879543,07778
3,2879620,25774
3,2879621,26892
3,2879653,48739
3,2879657,87764
3,2879666,23816
3,2879667,19067
3,2879668,26529
3,2879685,31633
3,2879713,16767
3,2879728,07589
3,2879758,25917
3,2879789,86983
3,2879794,04936
3,2879795,15326
3,2879797,24306
3,2879832,66822
3,2879843,15898
3,2879846,02708
3,2879861,55483
3,2879862,56472
3,2879865,87763
3,2879870,36369
3,2879872,56355
3,2879875,67308
3,2879892,92283
3,2879895,67742
3,2879926,99826
3,2879929,36341
3,2879950,89584
3,2879966,96169
3,2879989,77794
3,2880001,01936
3,2880002,04838
3,2880047,55568
3,2880052,98724
3,2880073,56379
3,2880077,88471
3,2880079,54649
3,2880087,67229
3,2880102,86502
3,2880111,74348
3,2880113,55487
3,2880121,79725
3,2880129,83410
3,2880132,54533
3,2880144,91207
3,2880146,63846
3,2880150,77886
3,2880176,31714
3,2880184,27389
3,2880189,31867
3,2880203,63925
3,2880204,69514
3,2880211,99834
3,2880215,73466
3,2880221,01979
3,2880228,06636
3,2880230,99880
3,2880235,03058
3,2880271,55452
3,2880280,87761
3,2880282,87493
3,2880308,35321
3,2880310,56759
3,2880311,56288
3,2880351,49762
3,2880355,24598
3,2880356,06408
3,2880357,49688
3,2880375,17440
3,2880388,54612
3,2880396,54597
3,2880400,23847
3,2880404,17248
3,2880425,93138
3,2880483,21483
3,2880485,19309
3,2880515,23881
3,2880528,66894
3,2880536,55758
3,2880537,67746
3,2880546,24631
3,2880547,27299
3,2880564,99986
3,2880565,54308
3,2880573,24852
3,2880589,56729
3,2880597,84085
3,2880613,29364
3,2880666,18279
3,2880672,35428
3,2880684,98704
3,2880699,15518
3,2880726,52379
3,2880758,86853
3,2880861,26465
3,2880862,90579
3,2880864,07937
3,2880871,07957
3,2880886,55569
3,2880905,38895
3,2880912,91094
3,2880913,63505
3,2880926,65558
3,2880957,85465
3,2880960,07381
3,2880965,86863
3,2880968,86571
3,2880978,55450
3,2880987,04618
3,2880991,21514
3,2881019,25842
3,2881057,56459
3,2881062,30851
3,2881062,30853
3,2881062,30855
3,2881085,40764
3,2881087,56729
3,2881088,91474
3,2881091,25863
3,2881094,88515
3,2881097,06268
3,2881106,29484
3,2881107,06667
3,2881107,06729
3,2881128,74595
3,2881150,06179
3,2881154,08428
3,2881175,33449
3,2881227,57520
3,2881243,66909
3,2881244,85416
3,2881259,89129
3,2881263,88085
3,2881267,91799
3,2881276,27607
3,2881278,49838
3,2881279,63225
3,2881291,38685
3,2881301,25485
3,2881303,38871
3,2881377,94264
3,2881402,24977
3,2881477,66849
3,2881485,84028
3,2881485,84030
3,2881485,84032
3,2881485,84034
3,2881485,84036
3,2881499,25572
3,2881500,54526
3,2881505,82290
3,2881508,06188
3,2881509,86899
3,2881519,25554
3,2881526,37136
3,2881541,56814
3,2881599,31628
3,2881622,89361
3,2881646,76829
3,2881650,94405
3,2881659,21769
3,2881661,31195
3,2881682,01561
3,2881695,68623
3,2881709,54316
3,2881728,24238
3,2881764,86862
3,2881767,67245
3,2881768,66894
3,2881770,18069
3,2881771,67466
3,2881776,54649
3,2881786,93462
3,2881787,94551
3,2881789,18279
3,2881857,89150
3,2881882,56288
3,2881883,54675
3,2881889,56112
3,2881910,49757
3,2881921,49774
3,2881939,25566
3,2881956,32791
3,2881972,49196
3,2881973,48366
3,2881980,68526
3,2881984,25926
3,2881991,49549
3,2882028,29331
3,2882033,87760
3,2882059,24235
3,2882061,84082
3,2882073,23898
3,2882087,30880
3,2882091,57334
3,2882103,07646
3,2882114,49824
3,2882141,18299
3,2882161,16866
3,2882166,54655
3,2882167,54655
3,2882184,99955
3,2882192,86500
3,2882224,27449
3,2882237,72127
3,2882243,29482
3,2882260,38486
3,2882265,66869
3,2882308,56581
3,2882318,51515
3,2882342,75057
3,2882347,97273
3,2882366,96328
3,2882375,76456
3,2882399,74635
3,2882417,95362
3,2882431,94550
3,2882439,74653
3,2882440,36093
3,2882465,91358
3,2882467,38486
3,2882500,57629
3,2882529,92245
3,2882533,17139
3,2882543,25495
3,2882548,19288
3,2882563,84036
3,2882567,55471
3,2882575,97900
3,2882577,23911
3,2882588,95326
3,2882589,95508
3,2882597,37359
3,2882630,23829
3,2882660,19230
3,2882670,23898
3,2882681,27624
3,2882692,24211
3,2882708,56244
3,2882729,98547
3,2882777,86707
3,2882804,19412
3,2882875,29416
3,2882879,07980
3,2883000,86556
3,2883005,76773
3,2883062,25572
3,2883065,25712
3,2883066,22958
3,2883151,73329
3,2883156,18292
3,2883170,02627
3,2883191,21483
3,2883211,23974
3,2883234,56593
3,2883236,82494
3,2883238,25727
3,2883246,06242
3,2883247,24796
3,2883270,23628
3,2883317,92703
3,2883326,25554
3,2883329,21732
3,2883335,55483
3,2883350,56244
3,2883366,24217
3,2883410,86381
3,2883432,21483
3,2883471,56642
3,2883476,39615
3,2883477,17129
3,2883495,54675
3,2883504,54536
3,2883544,66909
3,2883552,04509
3,2883560,17440
3,2883562,06193
3,2883570,06895
3,2883580,39397
3,2883583,01945
3,2883584,66957
3,2883585,21529
3,2883589,57612
3,2883591,24848
3,2883602,18236
3,2883627,55767
3,2883640,25597
3,2883647,24119
3,2883648,24395
3,2883683,25709
3,2883749,87758
3,2883777,76709
3,2883784,96317
3,2883791,37308
3,2883793,63829
3,2883794,07387
3,2883801,24217
3,2883827,24644
3,2883860,18198
3,2883895,06774
3,2883920,65830
3,2883942,17391
3,2883961,67819
3,2883986,09648
3,2883987,04617
3,2883994,67706
3,2884024,39606
3,2884026,97892
3,2884050,57223
3,2884245,52372
3,2884280,83708
3,2884308,06712
3,2884312,56630
3,2884344,88079
3,2884377,25569
3,2884380,25569
3,2884391,25774
3,2884393,25361
3,2884403,16766
3,2884415,19205
3,2884451,01731
3,2884482,37547
3,2884509,47798
3,2884509,47799
3,2884509,47800
3,2884509,47802
3,2884509,47803
3,2884509,47804
3,2884509,47805
3,2884509,47807
3,2884509,47809
3,2884509,47829
3,2884509,47839
3,2884597,37434
3,2884611,54673
3,2884625,74238
3,2884628,99819
3,2884656,02957
3,2884657,06682
3,2884667,72505
3,2884677,56283
3,2884680,17237
3,2884739,85402
3,2884761,99448
3,2884778,21726
3,2884779,47559
3,2884823,18445
3,2884850,18292
3,2884878,82152
3,2884885,84559
3,2884940,66894
3,2885016,07586
3,2885018,87647
3,2885026,54552
3,2885027,17329
3,2885050,57635
3,2885054,54673
3,2885055,54340
3,2885070,93444
3,2885074,06231
3,2885092,25832
3,2885097,14715
3,2885104,66879
3,2885155,56767
3,2885165,56736
3,2885180,53518
3,2885196,06254
3,2885237,06366
3,2885239,22929
3,2885302,94149
3,2885326,04849
3,2885338,17459
3,2885350,24354
3,2885367,56288
3,2885386,17419
3,2885397,41352
3,2885407,54675
3,2885408,70806
3,2885436,99998
3,2885477,54317
3,2885479,34327
3,2885489,56370
3,2885495,54306
3,2885499,19243
3,2885500,07554
3,2885504,66871
3,2885524,39175
3,2885536,34497
3,2885540,71404
3,2885619,54574
3,2885671,94357
3,2885672,54329
3,2885679,78462
3,2885679,78464
3,2885679,78465
3,2885679,78467
3,2885688,95176
3,2885716,06420
3,2885722,66871
3,2885723,07336
3,2885732,15711
3,2885734,53639
3,2885742,02699
3,2885746,09471
3,2885760,61462
3,2885765,92281
3,2885797,21255
3,2885798,39606
3,2885800,38154
3,2885810,38875
3,2885813,24799
3,2885829,97631
3,2885850,78598
3,2885863,02829
3,2885883,09306
3,2885884,53426
3,2885885,96167
3,2885888,78126
3,2885892,88376
3,2885895,07426
3,2885898,82549
3,2885908,86343
3,2885910,01936
3,2885912,89551
3,2885914,39175
3,2885979,55606
3,2885991,97953
3,2885994,06493
3,2886006,55278
3,2886008,73257
3,2886032,03058
3,2886050,54472
3,2886065,56767
3,2886242,50667
3,2886242,50668
3,2886242,50670
3,2886242,50672
3,2886242,50674
3,2886242,50676
3,2886242,50677
3,2886242,50678
3,2886242,50679
3,2886242,50733
3,2886242,50735
3,2886242,50737
3,2886242,50739
3,2886242,50765
3,2886242,50767
3,2886242,50769
3,2886242,50823
3,2886242,50825
3,2886242,50827
3,2886242,50829
3,2886242,50858
3,2886242,50859
3,2886242,50931
3,2886242,50933
3,2886242,50935
3,2886242,50937
3,2886242,50939
3,2886242,50968
3,2886242,50969
3,2886242,50996
3,2886242,50997
3,2886242,50999
3,2886242,51061
3,2886242,51063
3,2886242,51065
3,2886242,51067
3,2886242,51069
3,2886242,51103
3,2886242,51105
3,2886242,51107
3,2886242,51109
3,2886242,51143
3,2886242,51145
3,2886242,51147
3,2886242,51149
3,2886269,66879
3,2886278,21527
3,2886281,25337
3,2886285,94262
3,2886292,25524
3,2886303,25377
3,2886321,56751
3,2886363,99625
3,2886382,03099
3,2886392,25862
3,2886404,97509
3,2886419,25840
3,2886434,56459
3,2886435,78600
3,2886446,83059
3,2886505,24257
3,2886705,27624
3,2886730,92702
3,2886731,72664
3,2886821,19246
3,2886832,93096
3,2886839,95361
3,2886843,95189
3,2886846,02923
3,2886850,99518
3,2886946,56068
3,2886946,56070
3,2886946,56072
3,2886946,56073
3,2886946,56075
3,2886946,56076
3,2886946,56077
3,2886971,23881
3,2887051,17091
3,2887056,76833
3,2887061,66917
3,2887140,75438
3,2887141,76879
3,2887194,97478
3,2887207,38170
3,2887247,07389
3,2887270,06246
3,2887290,23948
3,2887302,54340
3,2887315,26892
3,2887355,55481
3,2887366,01109
3,2887380,38486
3,2887385,56818
3,2887408,98660
3,2887432,39638
3,2887444,06308
3,2887449,86836
3,2887453,55469
3,2887494,06647
3,2887576,06198
3,2887599,06917
3,2887615,06246
3,2887629,25899
3,2887637,02906
3,2887645,01665
3,2887666,23898
3,2887686,17192
3,2887718,76889
3,2887736,63911
3,2887766,56368
3,2887805,39524
3,2887812,06869
3,2887816,56825
3,2887835,47533
3,2887847,99955
3,2887857,99102
3,2887858,24327
3,2887918,23628
3,2887952,23883
3,2887981,24361
3,2887987,55270
3,2888007,23860
3,2888047,39164
3,2888053,63839
3,2888078,17237
3,2888112,19069
3,2888172,66484
3,2888210,91077
3,2888240,99441
3,2888309,23795
3,2888316,19073
3,2888317,39167
3,2888323,97271
3,2888333,24848
3,2888402,21514
3,2888411,63801
3,2888436,25336
3,2888441,67259
3,2888450,99625
3,2888470,39221
3,2888484,99198
3,2888511,27419
3,2888520,56271
3,2888523,14532
3,2888584,97355
3,2888587,54597
3,2888594,18184
3,2888676,67271
3,2888684,63828
3,2888707,54483
3,2888751,63924
3,2888853,23795
3,2888890,99735
3,2888912,67483
3,2888937,07768
3,2889572,07646
3,2889642,17390
3,2889645,66501
3,2889704,07646
3,2889709,66271
3,2889729,49777
3,2889746,24848
3,2889750,18246
3,2889756,37355
3,2889766,24245
3,2889784,39606
3,2889801,39326
3,2889814,86507
3,2889975,54524
3,2889989,18445
3,2889990,24147
3,2890066,24860
3,2890086,25924
3,2890093,24321
3,2890140,39579
3,2890155,04567
3,2890158,97318
3,2890168,04460
3,2890178,23911
3,2890197,97270
3,2890199,88353
3,2890202,86438
3,2890204,38324
3,2890208,56291
3,2890218,24629
3,2890222,36320
3,2890226,55743
3,2890230,55566
3,2890235,07919
3,2890273,02681
3,2890276,53539
3,2890277,67744
3,2890314,55606
3,2890322,66459
3,2890324,54441
3,2890327,63931
3,2890328,79199
3,2890329,37339
3,2890330,27616
3,2890335,54570
3,2890336,84558
3,2890344,27386
3,2890353,27412
3,2890381,85614
3,2890382,27243
3,2890394,94356
3,2890405,23714
3,2890420,27308
3,2890425,32278
3,2890429,96166
3,2890439,19230
3,2890442,57399
3,2890473,73230
3,2890478,67292
3,2890480,67281
3,2890481,73467
3,2890482,74366
3,2890485,36275
3,2890487,97268
3,2890490,99947
3,2890495,87755
3,2890499,94148
3,2890504,35274
3,2890511,21394
3,2890513,37318
3,2890526,91281
3,2890527,72138
3,2890532,91241
3,2890539,95466
3,2890544,95158
3,2890567,92665
3,2890586,57548
3,2890590,83549
3,2890591,57635
3,2890592,91356
3,2890599,94261
3,2890602,84375
3,2890604,18519
3,2890609,27245
3,2890613,93348
3,2890616,83527
3,2890635,37619
3,2890645,71737
3,2890646,74592
3,2890647,88486
3,2890659,08107
3,2890660,55481
3,2890670,84434
3,2890762,24245
3,2890769,74912
3,2890770,83417
3,2890776,57629
3,2890795,77971
3,2890827,54597
3,2890838,86981
3,2890845,54538
3,2890854,66862
3,2890873,54538
3,2890874,67271
3,2890880,99638
3,2890919,99441
3,2890984,75249
3,2891014,58566
3,2891069,83361
3,2891122,24103
3,2891122,24105
3,2891122,24106
3,2891122,24107
3,2891122,24111
3,2891122,24113
3,2891122,24114
3,2891122,24116
3,2891122,24118
3,2891122,24143
3,2891122,24145
3,2891122,24146
3,2891122,24147
3,2891122,24148
3,2891122,24149
3,2891122,24159
3,2891175,83088
3,2891205,65399
3,2891212,25368
3,2891234,54689
3,2891258,47623
3,2891258,47624
3,2891258,47625
3,2891258,47626
3,2891258,47627
3,2891282,14669
3,2891297,56220
3,2891300,86498
3,2891310,49577
3,2891313,55234
3,2891314,57612
3,2891343,68775
3,2891352,56348
3,2891355,54518
3,2891404,53506
3,2891470,54619
3,2891476,57632
3,2891480,67304
3,2891510,54589
3,2891524,50169
3,2891524,50170
3,2891524,50171
3,2891582,56295
3,2891585,54673
3,2891590,79341
3,2891605,54344
3,2891629,55758
3,2891640,56746
3,2891643,47906
3,2891653,17509
3,2891668,95478
3,2891687,96164
3,2891691,56132
3,2891718,06773
3,2891718,06901
3,2891742,65451
3,2891749,89293
3,2891750,25548
3,2891814,23746
3,2891818,55606
3,2891829,37308
3,2891834,93309
3,2891844,06537
3,2891846,53539
3,2891887,07389
3,2891889,55471
3,2891899,56729
3,2891925,99752
3,2891948,56355
3,2891951,77694
3,2891973,63699
3,2891991,06724
3,2891993,23863
3,2892008,18196
3,2892029,57520
3,2892052,07338
3,2892078,86916
3,2892080,87600
3,2892101,56349
3,2892104,54552
3,2892106,67734
3,2892112,17509
3,2892118,98746
3,2892192,56368
3,2892256,67806
3,2892325,24568
3,2892406,25836
3,2892409,99988
3,2892448,23847
3,2892459,95506
3,2892460,92280
3,2892461,84556
3,2892484,54441
3,2892485,56288
3,2892518,34117
3,2892518,34119
3,2892518,34121
3,2892518,34123
3,2892518,34125
3,2892518,34127
3,2892518,34128
3,2892518,34130
3,2892518,34131
3,2892518,34132
3,2892518,34134
3,2892520,23717
3,2892521,22929
3,2892549,66894
3,2892563,95359
3,2892570,15938
3,2892571,54317
3,2892581,56357
3,2892585,54668
3,2892612,29481
3,2892647,19294
3,2892648,19357
3,2892652,06638
3,2892658,97783
3,2892710,39307
3,2892711,25774
3,2892774,25926
3,2892786,97753
3,2892794,76006
3,2892794,76131
3,2892794,76133
3,2892794,76135
3,2892794,76137
3,2892794,76139
3,2892794,76149
3,2892794,76185
3,2892794,76187
3,2892794,76189
3,2892794,76199
3,2892794,76227
3,2892794,76228
3,2892794,76229
3,2892808,85123
3,2892810,86668
3,2892863,54673
3,2892865,17449
3,2892867,34385
3,2892874,85757
3,2892879,07646
3,2892940,54534
3,2892951,17192
3,2892974,24398
3,2892980,61184
3,2892986,56281
3,2892988,97842
3,2892996,76889
3,2893022,77876
3,2893023,24376
3,2893024,67744
3,2893054,55483
3,2893112,56767
3,2893132,76889
3,2893133,99510
3,2893175,54441
3,2893186,88422
3,2893214,21514
3,2893237,79400
3,2893244,76870
3,2893255,07334
3,2893264,47475
3,2893295,25999
3,2893307,56341
3,2893328,91126
3,2893378,99986
3,2893379,56206
3,2893430,39524
3,2893437,01917
3,2893438,59174
3,2893477,24326
3,2893534,36452
3,2893544,24568
3,2893546,65558
3,2893572,56220
3,2893622,53520
3,2893693,56294
3,2893717,67169
3,2893721,93183
3,2893723,37327
3,2893762,53925
3,2893779,67822
3,2893792,23942
3,2893837,47546
3,2893859,53505
3,2893860,56759
3,2893868,37589
3,2893881,90562
3,2893884,06556
3,2893938,27419
3,2893953,39624
3,2893954,21255
3,2893963,06785
3,2893983,86687
3,2894003,67653
3,2894003,67655
3,2894003,67657
3,2894003,67659
3,2894003,67663
3,2894007,56759
3,2894014,73667
3,2894048,25560
3,2894081,56829
3,2894085,56761
3,2894245,63796
3,2894247,07768
3,2894335,56337
3,2894338,56459
3,2894342,39307
3,2894366,23738
3,2894375,41564
3,2894384,25582
3,2894390,37345
3,2894393,39264
3,2894394,14913
3,2894409,17153
3,2894415,18246
3,2894456,54584
3,2894476,72417
3,2894545,21483
3,2894553,52428
3,2894566,84387
3,2894569,26571
3,2894576,37127
3,2894581,55270
3,2894606,06773
3,2894617,96524
3,2894620,54689
3,2894621,04618
3,2894625,98631
3,2894637,41363
3,2894644,24855
3,2894646,38489
3,2894699,24992
3,2894702,21635
3,2894707,17168
3,2894724,04626
3,2894734,25862
3,2894737,09477
3,2894771,84381
3,2894814,08349
3,2894833,63867
3,2894855,76751
3,2894884,16247
3,2894897,26441
3,2894899,24808
3,2894907,85305
3,2894924,66887
3,2894926,84555
3,2894944,79798
3,2894945,21266
3,2894948,06800
3,2894970,04838
3,2894977,82287
3,2894979,19417
3,2894982,34632
3,2894988,38381
3,2894996,39326
3,2894998,22941
3,2895000,24963
3,2895008,39319
3,2895025,18230
3,2895034,86860
3,2895040,07751
3,2895044,07743
3,2895044,07745
3,2895044,07747
3,2895044,07749
3,2895051,26844
3,2895053,38477
3,2895056,29585
3,2895106,55592
3,2895112,06868
3,2895117,39638
3,2895131,17309
3,2895162,17126
3,2895174,24994
3,2895177,39596
3,2895189,03197
3,2895200,24992
3,2895213,94118
3,2895221,15868
3,2895226,29479
3,2895234,67814
3,2895246,18442
3,2895248,15236
3,2895269,38486
3,2895271,24594
3,2895304,73489
3,2895309,74249
3,2895445,24878
3,2895517,83676
3,2895524,17194
3,2895536,39343
3,2895545,17153
3,2895552,23845
3,2895569,25524
3,2895574,74930
3,2895582,49847
3,2895617,47661
3,2895619,95188
3,2895623,99428
3,2895630,46419
3,2895631,65558
3,2895636,75228
3,2895643,85737
3,2895659,57612
3,2895669,58636
3,2895669,58638
3,2895669,58640
3,2895669,58642
3,2895669,58644
3,2895688,38550
3,2895689,56271
3,2895702,84424
3,2895731,39167
3,2895744,87660
3,2895751,83737
3,2895756,54451
3,2895764,54689
3,2895768,78597
3,2895771,54666
3,2895785,56479
3,2895791,56843
3,2895823,94342
3,2895854,92699
3,2895863,91472
3,2895870,97258
3,2895875,55566
3,2895882,97346
3,2895886,79594
3,2895891,72514
3,2895898,83334
3,2895908,53520
3,2895910,91610
3,2895913,76865
3,2895926,39599
3,2895937,84416
3,2895938,82266
3,2895946,94548
3,2895992,85049
3,2895992,85051
3,2895992,85053
3,2895992,85055
3,2895992,85057
3,2895993,88456
3,2895995,99192
3,2896005,86980
3,2896011,54636
3,2896020,55218
3,2896021,74653
3,2896023,38385
3,2896120,52459
3,2896127,86570
3,2896156,67808
3,2896189,67817
3,2896208,76831
3,2896239,67308
3,2896242,54426
3,2896253,54552
3,2896259,25885
3,2896261,87509
3,2896263,88086
3,2896263,88090
3,2896273,95505
3,2896279,34376
3,2896288,78194
3,2896299,36433
3,2896303,38486
3,2896468,68549
3,2896476,74532
3,2896477,74360
3,2896483,38871
3,2896506,85304
3,2896514,98693
3,2896523,92278
3,2896530,88636
3,2896538,66557
3,2896539,75428
3,2896543,91471
3,2896546,89257
3,2896547,89186
3,2896548,56814
3,2896592,99768
3,2896599,67294
3,2896602,06408
3,2896613,93346
3,2896616,79241
3,2896643,14913
3,2896648,21775
3,2896677,73574
3,2896679,94547
3,2896687,97999
3,2896689,91338
3,2896721,54298
3,2896724,99831
3,2896727,76473
3,2896731,82393
3,2896736,65510
3,2896739,24879
3,2896742,54636
3,2896745,54636
3,2896747,39606
3,2896748,57612
3,2896753,55743
3,2896761,82057
3,2896772,06556
3,2896776,89335
3,2896823,79837
3,2896852,49751
3,2896877,73460
3,2896882,89185
3,2896898,94116
3,2896906,54636
3,2896933,38889
3,2897020,24358
3,2897028,54673
3,2897054,24641
3,2897063,66882
3,2897132,25813
3,2897136,31632
3,2897200,24850
3,2897200,24975
3,2897211,24975
3,2897216,50354
3,2897245,86857
3,2897263,54518
3,2897281,56355
3,2897283,46569
3,2897428,56281
3,2897431,35410
3,2897436,36088
3,2897518,56235
3,2897555,55621
3,2897557,56414
3,2897564,94551
3,2897572,07557
3,2897583,37339
3,2897594,94336
3,2897635,25923
3,2897639,98634
3,2897673,07768
3,2897692,24357
3,2897715,53520
3,2897800,31867
3,2897844,32609
3,2897879,72584
3,2897881,25588
3,2897883,86685
3,2897991,82386
3,2898004,76549
3,2898028,78183
3,2898031,66909
3,2898033,74928
3,2898036,55595
3,2898076,25876
3,2898081,49448
3,2898098,42499
3,2898111,41836
3,2898149,56479
3,2898151,56412
3,2898299,06467
3,2898304,02977
3,2898308,31093
3,2898312,27318
3,2898316,27318
3,2898321,37671
3,2898364,33161
3,2898372,25782
3,2898415,91798
3,2898431,55758
3,2898435,39393
3,2898448,54664
3,2898458,88374
3,2898471,83129
3,2898483,36154
3,2898494,63768
3,2898512,24980
3,2898541,48612
3,2898591,24797
3,2898603,48477
3,2898607,25860
3,2898608,27367
3,2898615,06785
3,2898696,39356
3,2898697,99880
3,2898706,54552
3,2898712,54552
3,2898715,66887
3,2898723,55457
3,2898744,56766
3,2898758,25997
3,2898763,23974
3,2898771,99955
3,2898829,39387
3,2898847,21640
3,2898863,38315
3,2898876,78132
3,2898892,21514
3,2898894,32805
3,2898902,66500
3,2898927,55469
3,2898960,09395
3,2899012,02923
3,2899016,67724
3,2899024,56593
3,2899025,56379
3,2899033,85413
3,2899040,88263
3,2899048,86497
3,2899058,76771
3,2899066,37412
3,2899081,55483
3,2899093,79289
3,2899101,72160
3,2899107,56412
3,2899110,55606
3,2899113,66851
3,2899123,54497
3,2899135,48496
3,2899138,67744
3,2899158,18292
3,2899191,74746
3,2899194,99428
3,2899202,87659
3,2899278,19230
3,2899291,49846
3,2899304,54538
3,2899327,53506
3,2899352,24211
3,2899384,53518
3,2899419,54675
3,2899449,66424
3,2899480,56479
3,2899481,56379
3,2899482,67744
3,2899538,59439
3,2899539,06808
3,2899560,99713
3,2899601,37603
3,2899620,73271
3,2899671,97292
3,2899676,83607
3,2899677,89183
3,2899716,65558
3,2899722,86684
3,2899723,89438
3,2899724,89291
3,2899767,56357
3,2899870,87752
3,2899880,71088
3,2899913,37632
3,2899959,24364
3,2899961,06926
3,2899970,24361
3,2900020,55469
3,2900027,56379
3,2900066,37345
3,2900079,24363
3,2900105,26835
3,2900126,19075
3,2900176,26427
3,2900240,24994
3,2900245,54668
3,2900253,25584
3,2900337,25923
3,2900341,25488
3,2900375,97618
3,2900391,21769
3,2900393,56288
3,2900409,24876
3,2900410,25788
3,2900453,96142
3,2900499,56412
3,2900520,21279
3,2900579,23883
3,2900590,86568
3,2900595,27616
3,2900617,06179
3,2900623,31188
3,2900639,17094
3,2900732,37642
3,2900740,49451
3,2900759,06528
3,2900787,22955
3,2900816,24321
3,2900825,56203
3,2900844,01848
3,2900849,06179
3,2900865,31559
3,2900881,29362
3,2900884,24217
3,2900889,09394
3,2900899,24806
3,2901006,66989
3,2901324,17237
3,2901325,39291
3,2901348,24594
3,2901358,39291
3,2901360,93480
3,2901364,07338
3,2901377,39326
3,2901378,17194
3,2901386,23996
3,2901397,06188
3,2901398,84098
3,2901405,88367
3,2901413,67591
3,2901420,09337
3,2901467,73345
3,2901471,18299
3,2901509,16248
3,2901514,97618
3,2901564,19406
3,2901568,84432
3,2901572,82383
3,2901577,07570
3,2901578,67744
3,2901588,16540
3,2901601,06679
3,2901621,25551
3,2901625,85664
3,2901634,07958
3,2901638,04934
3,2901640,56746
3,2901658,99887
3,2901670,85411
3,2901691,21526
3,2901731,31249
3,2901756,37318
3,2901757,86978
3,2901763,16248
3,2901774,92366
3,2901781,99448
3,2901783,24257
3,2901787,25358
3,2901790,22946
3,2901832,17440
3,2901839,39167
3,2901849,92277
3,2901861,04936
3,2901872,85662
3,2901895,01945
3,2901900,39596
3,2901906,95691
3,2901984,25582
3,2901986,86745
3,2902064,66989
3,2902065,66989
3,2902230,04808
3,2902284,24327
3,2902297,23795
3,2902316,25858
3,2902370,77716
3,2902371,86928
3,2902514,94544
3,2902531,97461
3,2902533,65719
3,2902559,34369
3,2902587,24582
3,2902588,53534
3,2902618,29361
3,2902628,75339
3,2902731,36145
3,2902767,56472
3,2902768,95028
3,2902768,95030
3,2902768,95032
3,2902810,25569
3,2902818,29693
3,2902831,54316
3,2902852,68766
3,2902951,64739
3,2902965,57629
3,2902987,56767
3,2902996,55585
3,2903011,95186
3,2903012,89420
3,2903013,96272
3,2903016,91315
3,2903026,67691
3,2903038,54472
3,2903125,02627
3,2903175,65239
3,2903178,99869
3,2903180,97633
3,2903256,79862
3,2903290,73269
3,2903295,88454
3,2903298,25712
3,2903327,97204
3,2903445,24576
3,2903446,85122
3,2903470,29456
3,2903480,21522
3,2903489,54646
3,2903494,57635
3,2903504,63697
3,2903540,56729
3,2903624,67732
3,2903625,69434
3,2903658,02788
3,2903659,04932
3,2903662,07554
3,2903663,08107
3,2903663,08144
3,2903720,07927
3,2903721,65558
3,2903794,92275
3,2903806,92242
3,2903810,96114
3,2903817,72145
3,2903841,27432
3,2903860,67756
3,2903874,54316
3,2903889,79856
3,2903903,54570
3,2903908,66999
3,2903926,55743
3,2903991,94146
3,2904397,26759
3,2904403,06386
3,2904448,25563
3,2904481,56357
3,2904499,97267
3,2904543,21709
3,2904552,95502
3,2904574,29584
3,2904591,78247
3,2904600,91355
3,2904612,86856
3,2904619,66957
3,2904625,54426
3,2904638,91161
3,2904667,56204
3,2904687,25764
3,2904691,54576
3,2904692,67586
3,2904693,39343
3,2904697,38543
3,2904725,32479
3,2904735,26897
3,2904741,86567
3,2904743,56206
3,2904748,27318
3,2904752,57612
3,2904784,71157
3,2904789,31134
3,2904789,31135
3,2904789,31137
3,2904789,31139
3,2904789,31141
3,2904791,36115
3,2904795,40721
3,2904795,40723
3,2904795,40724
3,2904804,98646
3,2904808,57271
3,2904817,07580
3,2904886,32120
3,2904909,99988
3,2904915,37619
3,2904962,57627
3,2904969,79194
3,2904974,37308
3,2904985,66265
3,2904986,97618
3,2904992,63150
3,2904999,57612
3,2905017,04626
3,2905044,31700
3,2905058,38855
3,2905062,73572
3,2905069,67259
3,2905070,35452
3,2905154,73540
3,2905164,91077
3,2905178,54523
3,2905206,06333
3,2905208,97265
3,2905215,72513
3,2905222,85276
3,2905225,55758
3,2905226,67310
3,2905231,66919
3,2905239,99438
3,2905245,25491
3,2905251,56865
3,2905290,31840
3,2905293,37235
3,2905298,74394
3,2905299,67258
3,2905372,91093
3,2905394,31693
3,2905421,26835
3,2905455,52134
3,2905457,91074
3,2905466,49770
3,2905468,25379
3,2905496,37412
3,2905502,16835
3,2905526,76863
3,2905527,67273
3,2905560,45699
3,2905560,45701
3,2905581,66909
3,2905587,58849
3,2905593,53518
3,2905594,66919
3,2905597,56249
3,2905599,91217
3,2905601,55756
3,2905602,99631
3,2905604,82211
3,2905643,02747
3,2905652,84097
3,2905682,99762
3,2905693,79737
3,2905706,91567
3,2905721,56729
3,2905754,67742
3,2905798,99887
3,2905812,06648
3,2905826,71083
3,2905857,98617
3,2905878,90562
3,2905881,91336
3,2905882,99991
3,2905886,56368
3,2905891,44623
3,2905891,44625
3,2905891,44627
3,2905891,44628
3,2905891,44629
3,2905891,44649
3,2905891,44651
3,2905891,44652
3,2905891,44653
3,2905905,39326
3,2905907,01945
3,2905916,07629
3,2905929,54411
3,2905946,66919
3,2905954,89568
3,2906015,29320
3,2906050,37293
3,2906059,54317
3,2906078,23777
3,2906098,06313
3,2906104,76872
3,2906110,88138
3,2906112,56457
3,2906113,55452
3,2906115,88145
3,2906119,54662
3,2906121,32049
3,2906121,32051
3,2906121,32052
3,2906130,86465
3,2906143,57562
3,2906152,58313
3,2906155,66871
3,2906171,54673
3,2906175,36358
3,2906184,97633
3,2906185,99955
3,2906194,89542
3,2906199,35745
3,2906200,55758
3,2906205,79336
3,2906222,88518
3,2906256,27412
3,2906278,85120
3,2906285,54314
3,2906297,99634
3,2906312,55619
3,2906316,25779
3,2906317,25581
3,2906323,29413
3,2906331,16761
3,2906379,98617
3,2906464,94491
3,2906488,98660
3,2906489,91239
3,2906490,97640
3,2906494,55490
3,2906499,49453
3,2906500,27386
3,2906510,27386
3,2906514,69502
3,2906524,21745
3,2906527,25770
3,2906530,30966
3,2906531,71282
3,2906536,97258
3,2906560,57612
3,2906572,25774
3,2906578,06577
3,2906583,91334
3,2906595,58675
3,2906605,25485
3,2906625,93155
3,2906629,27389
3,2906634,67716
3,2906650,25709
3,2906654,34298
3,2906660,31691
3,2906670,24321
3,2906676,38350
3,2906680,97264
3,2906730,57612
3,2906738,57612
3,2906744,95233
3,2906759,27367
3,2906766,25764
3,2906803,55758
3,2906843,53940
3,2906851,56479
3,2906957,56244
3,2906990,06577
3,2907018,06311
3,2907068,79423
3,2907110,65558
3,2907111,25492
3,2907153,54614
3,2907175,67742
3,2907177,55606
3,2907181,55483
3,2907196,37649
3,2907201,52525
3,2907207,17379
3,2907211,63871
3,2907270,24594
3,2907278,38312
3,2907280,73092
3,2907292,95500
3,2907309,03185
3,2907343,21726
3,2907349,37627
3,2907359,71296
3,2907388,87751
3,2907399,88178
3,2907413,38889
3,2907416,63872
3,2907459,52396
3,2907464,55779
3,2907486,23619
3,2907488,91560
3,2907501,69253
3,2907533,06347
3,2907541,25524
3,2907542,25524
3,2907545,37308
3,2907546,91332
3,2907554,56412
3,2907561,67699
3,2907585,42579
3,2907588,18239
3,2907589,23774
3,2907594,16909
3,2907616,88633
3,2907665,54636
3,2907669,74072
3,2907669,74074
3,2907669,74076
3,2907669,74078
3,2907669,74080
3,2907669,74081
3,2907670,56412
3,2907676,54673
3,2907685,24226
3,2907697,63869
3,2907703,54518
3,2907722,24598
3,2907780,25436
3,2907794,09526
3,2907851,89518
3,2907851,89520
3,2907851,89522
3,2907852,91719
3,2907864,54426
3,2907886,21258
3,2907887,01809
3,2907889,46359
3,2907911,69115
3,2907911,69117
3,2907911,69118
3,2907911,69120
3,2907911,69121
3,2907911,69123
3,2907911,69124
3,2907911,69126
3,2907962,23858
3,2907983,91180
3,2908032,25746
3,2908165,37619
3,2908259,67753
3,2908268,31707
3,2908273,27404
3,2908292,27616
3,2908310,39590
3,2908324,31622
3,2908330,48619
3,2908349,25355
3,2908350,26892
3,2908365,25761
3,2908373,06458
3,2908374,06295
3,2908379,38322
3,2908398,68542
3,2908400,69434
3,2908401,54429
3,2908411,39444
3,2908421,54619
3,2908439,54518
3,2908460,55481
3,2908486,21755
3,2908495,72379
3,2908529,85241
3,2908531,84332
3,2908563,06712
3,2908565,37339
3,2908571,06536
3,2908575,72534
3,2908595,87749
3,2908597,48329
3,2908602,24875
3,2908604,24873
3,2908644,39539
3,2908649,21493
3,2908661,94051
3,2908669,06577
3,2908676,67742
3,2908688,56745
3,2908696,99955
3,2908726,06458
3,2908783,83734
3,2908796,79837
3,2908835,78595
3,2908858,72361
3,2908859,89597
3,2908863,37327
3,2908875,97647
3,2908886,63840
3,2908887,55608
3,2908888,91353
3,2908896,93345
3,2908967,56291
3,2908974,77756
3,2908992,56761
3,2908999,66851
3,2909057,89437
3,2909087,91729
3,2909129,76846
3,2909201,56332
3,2909204,76770
3,2909220,25856
3,2909222,25856
3,2909230,45525
3,2909230,45527
3,2909230,45529
3,2909235,55767
3,2909240,65795
3,2909252,73110
3,2909253,82285
3,2909268,26209
3,2909296,31559
3,2909304,24790
3,2909308,74855
3,2909313,67454
3,2909325,99189
3,2909335,97437
3,2909350,27367
3,2909386,38899
3,2909418,24376
3,2909430,57635
3,2909433,56288
3,2909445,39596
3,2909460,31626
3,2909489,25474
3,2909491,97907
3,2909523,77716
3,2909587,56858
3,2909615,24640
3,2909623,24616
3,2909761,49740
3,2909762,25855
3,2909821,25489
3,2909865,04617
3,2909873,94354
3,2909886,25489
3,2909892,79686
3,2909908,66871
3,2909912,54533
3,2909915,49205
3,2909926,99762
3,2909944,06493
3,2909968,55296
3,2910047,07613
3,2910048,09232
3,2910049,07586
3,2910068,56459
3,2910108,79258
3,2910121,67376
3,2910140,04746
3,2910167,08118
3,2910168,91235
3,2910178,24628
3,2910181,56244
3,2910269,31177
3,2910273,54617
3,2910275,38829
3,2910278,33428
3,2910280,21698
3,2910283,95499
3,2910289,53520
3,2910292,56307
3,2910302,24955
3,2910342,07366
3,2910344,27243
3,2910384,21228
3,2910390,23738
3,2910391,23911
3,2910488,55595
3,2910493,54649
3,2910514,49733
3,2910560,56472
3,2910575,78739
3,2910633,74736
3,2910638,56579
3,2910663,37181
3,2910667,24616
3,2910686,86655
3,2910694,39365
3,2910709,31097
3,2910711,57572
3,2910720,91230
3,2910762,21271
3,2910776,17509
3,2910814,56316
3,2910831,30159
3,2910831,30161
3,2910831,30163
3,2910831,30165
3,2910831,30167
3,2910831,30169
3,2910831,30171
3,2910831,30173
3,2910831,30175
3,2910831,30177
3,2910831,30179
3,2910831,30419
3,2910831,30449
3,2910831,30451
3,2910831,30453
3,2910831,30455
3,2910831,30457
3,2910831,30459
3,2910831,30519
3,2910831,30521
3,2910831,30539
3,2910831,30559
3,2910831,30625
3,2910831,30627
3,2910831,30629
3,2910831,30655
3,2910831,30657
3,2910831,30659
3,2910831,30669
3,2910863,29386
3,2910881,67374
3,2910898,55234
3,2910949,25557
3,2910971,49838
3,2910973,21447
3,2910986,24976
3,2910986,24983
3,2910992,21256
3,2911010,24816
3,2911013,21502
3,2911044,22929
3,2911051,46499
3,2911073,56598
3,2911077,99441
3,2911099,63546
3,2911145,08269
3,2911214,97762
3,2911230,21714
3,2911240,59063
3,2911240,59065
3,2911240,59067
3,2911240,59069
3,2911240,59071
3,2911240,59073
3,2911240,59075
3,2911240,59077
3,2911243,54636
3,2911260,27419
3,2911271,31785
3,2911271,31787
3,2911271,31789
3,2911275,27324
3,2911282,24805
3,2911298,20038
3,2911298,20095
3,2911298,20097
3,2911298,20099
3,2911298,20144
3,2911298,20146
3,2911298,20148
3,2911298,20149
3,2911298,20249
3,2911298,20251
3,2911298,20253
3,2911298,20255
3,2911298,20257
3,2911298,20259
3,2911298,20354
3,2911298,20355
3,2911298,20357
3,2911298,20359
3,2911298,20457
3,2911298,20459
3,2911298,20535
3,2911298,20537
3,2911298,20539
3,2911298,21029
3,2911298,21031
3,2911298,21033
3,2911298,21035
3,2911298,21037
3,2911298,21039
3,2911298,21073
3,2911298,21075
3,2911298,21077
3,2911298,21079
3,2911298,21107
3,2911298,21109
3,2911298,21129
3,2911298,21147
3,2911298,21149
3,2911298,22041
3,2911298,22043
3,2911298,22045
3,2911298,22047
3,2911298,22049
3,2911298,22081
3,2911298,22083
3,2911298,22085
3,2911298,22087
3,2911298,22089
3,2911298,22111
3,2911298,22115
3,2911298,22117
3,2911298,22119
3,2911298,22143
3,2911298,22145
3,2911298,22147
3,2911298,22149
3,2911298,22159
3,2911298,22175
3,2911298,22177
3,2911298,22179
3,2911298,22297
3,2911298,22299
3,2911298,22301
3,2911298,22303
3,2911298,22305
3,2911298,22307
3,2911298,22309
3,2911298,22335
3,2911298,22337
3,2911298,22339
3,2911298,22359
3,2911298,22391
3,2911298,22393
3,2911298,22395
3,2911298,22397
3,2911298,22399
3,2911298,22415
3,2911298,22417
3,2911298,22419
3,2911298,22453
3,2911298,22455
3,2911298,22457
3,2911298,22459
3,2911298,22523
3,2911298,22525
3,2911298,22527
3,2911298,22529
3,2911298,22547
3,2911298,22549
3,2911298,22559
3,2911298,22587
3,2911298,22589
3,2911298,22605
3,2911298,22607
3,2911298,22609
3,2911298,22761
3,2911298,22763
3,2911298,22765
3,2911298,22767
3,2911298,22769
3,2911300,29313
3,2911306,56761
3,2911308,76707
3,2911322,27729
3,2911325,23619
3,2911362,65582
3,2911379,21646
3,2911384,58553
3,2911395,45721
3,2911408,25469
3,2911419,56283
3,2911423,54646
3,2911426,09633
3,2911443,84558
3,2911461,99826
3,2911463,96103
3,2911464,54611
3,2911483,67826
3,2911491,91352
3,2911514,59969
3,2911520,33790
3,2911521,37620
3,2911530,85399
3,2911556,83128
3,2911579,89356
3,2911580,87490
3,2911641,56457
3,2911648,87642
3,2911665,38820
3,2911683,26524
3,2911691,15757
3,2911700,39343
3,2911725,39448
3,2911739,72221
3,2911767,07607
3,2911769,86744
3,2911794,07778
3,2911795,09661
3,2911831,76835
3,2911833,02779
3,2911910,99869
3,2911916,07957
3,2911938,84533
3,2911940,85778
3,2911960,72401
3,2911964,35708
3,2911983,94145
3,2912053,03130
3,2912159,63808
3,2912160,94353
3,2912167,55776
3,2912168,65623
3,2912184,02923
3,2912195,55278
3,2912309,55606
3,2912347,56472
3,2912351,92256
3,2912368,56850
3,2912448,26524
3,2912481,19230
3,2912496,27628
3,2912534,31558
3,2912539,91469
3,2912577,76767
3,2912605,24576
3,2912621,58089
3,2912621,58091
3,2912621,58093
3,2912621,58095
3,2912621,58097
3,2912621,58099
3,2912621,58119
3,2912621,58135
3,2912646,93095
3,2912681,26524
3,2912753,97840
3,2912782,39398
3,2912810,25560
3,2912811,29693
3,2912829,65589
3,2912863,55546
3,2912921,57627
3,2912932,99707
3,2912943,24361
3,2912948,54597
3,2912966,29359
3,2913069,82392
3,2913177,94542
3,2913192,85540
3,2913195,42781
3,2913200,24819
3,2913210,83527
3,2913224,85410
3,2913229,95473
3,2913280,27404
3,2913286,34302
3,2913297,54317
3,2913318,95358
3,2913328,02694
3,2913335,18276
3,2913366,33311
3,2913366,33330
3,2913366,33332
3,2913366,33334
3,2913366,33335
3,2913375,39264
3,2913384,39326
3,2913385,91468
3,2913394,92543
3,2913405,06193
3,2913406,55595
3,2913414,78148
3,2913417,56370
3,2913421,01945
3,2913425,79261
3,2913433,18273
3,2913445,54317
3,2913446,21514
3,2913449,39439
3,2913478,54413
3,2913537,91710
3,2913555,89312
3,2913558,87634
3,2913571,06254
3,2913587,97261
3,2913598,67583
3,2913600,06507
3,2913625,99631
3,2913631,78594
3,2913657,89355
3,2913675,67599
3,2913677,67724
3,2913681,67598
3,2913687,56767
3,2913692,96163
3,2913693,74831
3,2913713,79194
3,2913721,16866
3,2913743,07768
3,2913761,51643
3,2913761,51645
3,2913761,51647
3,2913773,55597
3,2913781,18276
3,2913783,21483
3,2913788,17089
3,2913797,56593
3,2913825,03096
3,2913838,74363
3,2913847,88379
3,2913880,23899
3,2913888,21720
3,2913890,34281
3,2913892,25693
3,2913905,65558
3,2913906,56459
3,2913913,24357
3,2913922,03172
3,2913942,83257
3,2913972,74417
3,2914064,82031
3,2914101,67269
3,2914105,97947
3,2914122,17291
3,2914137,88287
3,2914186,09579
3,2914188,08344
3,2914215,01945
3,2914263,21720
3,2914279,88167
3,2914309,57520
3,2914316,89613
3,2914347,24977
3,2914432,35305
3,2914457,08223
3,2914543,67745
3,2914548,73344
3,2914642,23749
3,2914741,25774
3,2914746,21493
3,2914769,25836
3,2914795,06632
3,2914800,06780
3,2914801,64846
3,2914816,17168
3,2914828,16775
3,2914833,17166
3,2914836,24361
3,2914872,04720
3,2914876,82439
3,2914890,63868
3,2914902,24802
3,2914923,99958
3,2914929,64823
3,2914932,38464
3,2914935,29494
3,2914950,04932
3,2914974,17091
3,2914999,23972
3,2915004,66484
3,2915028,24991
3,2915035,56472
3,2915046,02708
3,2915055,99441
3,2915067,02779
3,2915076,09603
3,2915081,23860
3,2915094,23627
3,2915095,39343
3,2915107,99195
3,2915111,09518
3,2915116,66352
3,2915118,39240
3,2915121,23795
3,2915124,01900
3,2915128,68649
3,2915129,17166
3,2915131,39167
3,2915137,97950
3,2915143,24872
3,2915151,48734
3,2915157,01983
3,2915164,38822
3,2915166,07751
3,2915173,04463
3,2915176,17390
3,2915178,17192
3,2915187,06369
3,2915191,16928
3,2915192,21493
3,2915196,63762
3,2915198,03058
3,2915201,06348
3,2915209,09432
3,2915212,29393
3,2915219,25436
3,2915223,23816
3,2915226,67259
3,2915231,99625
3,2915236,17094
3,2915238,01936
3,2915245,39599
3,2915252,99625
3,2915255,99198
3,2915256,18445
3,2915277,85098
3,2915283,27419
3,2915294,56276
3,2915317,07751
3,2915318,54534
3,2915321,15295
3,2915343,04420
3,2915349,97320
3,2915353,54608
3,2915357,19288
3,2915362,24626
3,2915367,06184
3,2915372,63538
3,2915375,14550
3,2915381,23996
3,2915388,15746
3,2915392,06688
3,2915408,07407
3,2915410,01990
3,2915427,17495
3,2915434,06242
3,2915438,83109
3,2915439,67229
3,2915443,54619
3,2915459,27243
3,2915499,56412
3,2915511,63920
3,2915520,99518
3,2915523,02747
3,2915529,96269
3,2915550,09618
3,2915552,01909
3,2915554,24625
3,2915556,22927
3,2915563,90613
3,2915574,23627
3,2915589,06686
3,2915604,17192
3,2915613,64521
3,2915616,39615
3,2915641,67483
3,2915653,99100
3,2915673,07768
3,2916224,71577
3,2916567,21712
3,2916570,24969
3,2916581,07580
3,2916584,91091
3,2916585,22946
3,2916596,25712
3,2916606,36137
3,2916611,26197
3,2916630,01558
3,2916636,99991
3,2916638,39638
3,2916643,99718
3,2916655,23775
3,2916676,24623
3,2916696,72415
3,2916731,97633
3,2916839,02694
3,2916840,02959
3,2916859,03058
3,2916861,23911
3,2916864,16845
3,2916896,66501
3,2916903,24582
3,2916926,98701
3,2916936,71723
3,2916937,04668
3,2916942,39435
3,2916949,37345
3,2916950,23847
3,2916954,07646
3,2916966,64401
3,2916972,72663
3,2916974,49777
3,2916996,14979
3,2917002,37359
3,2917011,24245
3,2917013,97633
3,2917014,04668
3,2917023,06369
3,2917046,39326
3,2917053,37247
3,2917060,86845
3,2917098,22956
3,2917107,39397
3,2917147,06408
3,2917150,23743
3,2917154,72294
3,2917157,55459
3,2917170,04539
3,2917190,24376
3,2917194,04932
3,2917198,25869
3,2917206,06388
3,2917216,06667
3,2917217,06184
3,2917218,06773
3,2917221,82194
3,2917226,07389
3,2917230,06682
3,2917287,23847
3,2917309,18507
3,2917312,98660
3,2917325,04668
3,2917337,54413
3,2917380,83556
3,2917404,89608
3,2917412,64347
3,2917466,66903
3,2917484,99638
3,2917493,06869
3,2917504,39517
3,2917505,55608
3,2917510,25596
3,2917520,23936
3,2917530,24241
3,2917532,25361
3,2917540,41515
3,2917540,41516
3,2917540,41517
3,2917541,19258
3,2917544,48268
3,2917578,97259
3,2917579,99718
3,2917586,97508
3,2917596,29690
3,2917618,19258
3,2917626,06803
3,2917698,79639
3,2917706,56858
3,2917714,91350
3,2917724,23758
3,2917737,07973
3,2917774,56814
3,2917775,54533
3,2917776,54298
3,2917782,83677
3,2917793,35753
3,2917803,86926
3,2917816,47929
3,2917833,91171
3,2917846,24329
3,2917848,34393
3,2917850,36355
3,2917858,36323
3,2917860,19374
3,2917868,61279
3,2917936,24594
3,2917951,94541
3,2917978,83224
3,2917991,38368
3,2918037,85630
3,2918041,28879
3,2918072,19386
3,2918088,16775
3,2918090,18513
3,2918091,54533
3,2918092,06679
3,2918121,22946
3,2918127,06712
3,2918133,17291
3,2918160,18513
3,2918168,23968
3,2918181,17322
3,2918188,23883
3,2918200,94143
3,2918204,82491
3,2918232,82284
3,2918234,94539
3,2918241,85567
3,2918253,38462
3,2918258,92655
3,2918260,93479
3,2918282,99330
3,2918288,97506
3,2918317,79865
3,2918321,06773
3,2918323,99887
3,2918324,95356
3,2918338,97782
3,2918342,54426
3,2918350,91322
3,2918365,94481
3,2918368,82166
3,2918393,99869
3,2918398,17194
3,2918405,19300
3,2918410,39291
3,2918431,72582
3,2918434,83355
3,2918463,14793
3,2918468,86836
3,2918497,23845
3,2918498,21493
3,2918505,54470
3,2918612,78244
3,2918632,37073
3,2918632,37075
3,2918632,37077
3,2918632,37079
3,2918632,37081
3,2918632,37083
3,2918632,37085
3,2918642,21514
3,2918659,84177
3,2918661,94239
3,2918679,19209
3,2918707,79288
3,2918752,99867
3,2918766,07334
3,2918767,91327
3,2918770,04639
3,2918787,07389
3,2918804,97780
3,2918818,99338
3,2918828,06773
3,2918840,38640
3,2918840,38642
3,2918840,38644
3,2918844,78559
3,2918850,55624
3,2918858,07607
3,2918868,06667
3,2918884,07907
3,2918896,14828
3,2918899,06369
3,2918911,79733
3,2918926,06577
3,2918941,06618
3,2918942,99765
3,2918951,09390
3,2918964,54472
3,2918974,17121
3,2918987,02826
3,2918987,02827
3,2918987,02828
3,2918989,29475
3,2918990,07907
3,2919000,17291
3,2919008,87657
3,2919024,56412
3,2919054,73033
3,2919054,73035
3,2919054,73037
3,2919073,04618
3,2919081,24340
3,2919101,67161
3,2919103,53498
3,2919105,54584
3,2919112,24610
3,2919115,06528
3,2919119,54647
3,2919120,54595
3,2919123,75053
3,2919125,67724
3,2919135,67377
3,2919138,39245
3,2919146,72810
3,2919147,72532
3,2919155,15328
3,2919156,14778
3,2919170,24864
3,2919177,15938
3,2919189,07751
3,2919197,37640
3,2919210,04626
3,2919223,99707
3,2919230,97258
3,2919232,67307
3,2919246,55767
3,2919270,49843
3,2919290,95497
3,2919292,98746
3,2919310,49424
3,2919311,19079
3,2919321,23919
3,2919343,25862
3,2919347,25862
3,2919366,19399
3,2919415,39596
3,2919437,99869
3,2919438,63773
3,2919460,25557
3,2919470,17213
3,2919480,04603
3,2919489,29473
3,2919514,23758
3,2919524,73571
3,2919569,21376
3,2919579,56290
3,2919598,56244
3,2919609,02633
3,2919610,76831
3,2919620,97469
3,2919625,47574
3,2919648,24622
3,2919652,91728
3,2919657,17179
3,2919692,27442
3,2919713,39249
3,2919717,83703
3,2919750,25779
3,2919763,25348
3,2919765,24960
3,2919782,18551
3,2919792,89353
3,2919794,39240
3,2919812,85625
3,2919877,39326
3,2919880,21509
3,2919926,18513
3,2919954,76889
3,2919956,76835
3,2919961,93477
3,2919977,92723
3,2919979,06632
3,2920002,98646
3,2920009,56653
3,2920012,06794
3,2920020,08371
3,2920024,63695
3,2920027,01612
3,2920041,72293
3,2920043,63864
3,2920074,23992
3,2920085,61479
3,2920086,95496
3,2920104,01768
3,2920161,37308
3,2920187,23719
3,2920197,66907
3,2920205,49219
3,2920229,35075
3,2920236,45964
3,2920236,45966
3,2920236,45968
3,2920242,54518
3,2920245,39307
3,2920268,37534
3,2920291,56412
3,2920299,56459
3,2920312,54533
3,2920325,67742
3,2920329,65462
3,2920342,18569
3,2920348,73333
3,2920350,54657
3,2920375,55767
3,2920377,67578
3,2920381,54298
3,2920386,29690
3,2920389,34630
3,2920413,54558
3,2920414,56825
3,2920433,82205
3,2920478,38518
3,2920512,35390
3,2920512,35392
3,2920512,35394
3,2920512,35396
3,2920512,35398
3,2920538,23909
3,2920545,57612
3,2920572,54614
3,2920582,06449
3,2920588,57632
3,2920595,56294
3,2920620,89537
3,2920628,17139
3,2920630,54424
3,2920631,57610
3,2920632,38315
3,2920634,24321
3,2920645,37434
3,2920652,97232
3,2920728,09468
3,2920744,21784
3,2920747,38384
3,2920749,56825
3,2920757,58285
3,2920768,06217
3,2920776,24214
3,2920786,49843
3,2920796,88167
3,2920812,86459
3,2920830,91608
3,2920834,59590
3,2920835,95494
3,2920837,98716
3,2920842,48712
3,2920843,23815
3,2920849,84175
3,2920850,39175
3,2920872,07389
3,2920873,37355
3,2920881,17268
3,2920883,99834
3,2920891,86368
3,2920896,89547
3,2920908,04617
3,2920914,49838
3,2920921,66453
3,2920926,36129
3,2920934,04703
3,2920939,09355
3,2920959,97447
3,2920963,54568
3,2920964,67229
3,2920967,85302
3,2920969,91726
3,2920977,97256
3,2920979,95179
3,2920988,07819
3,2920989,97779
3,2920994,64579
3,2920997,76593
3,2920999,06507
3,2921000,37339
3,2921034,76726
3,2921039,82110
3,2921061,70839
3,2921089,09326
3,2921093,56751
3,2921119,91466
3,2921123,66894
3,2921139,82538
3,2921152,16928
3,2921162,29581
3,2921164,06347
3,2921165,97218
3,2921168,06429
3,2921179,37318
3,2921188,67813
3,2921200,84552
3,2921223,96161
3,2921224,55743
3,2921226,74582
3,2921228,98716
3,2921232,07545
3,2921232,07546
3,2921232,07548
3,2921232,07549
3,2921232,07551
3,2921232,07552
3,2921242,49124
3,2921252,49828
3,2921261,99887
3,2921267,91166
3,2921288,92697
3,2921307,54675
3,2921309,39307
3,2921314,55457
3,2921355,77723
3,2921371,86682
3,2921376,56459
3,2921379,97737
3,2921380,55490
3,2921384,54673
3,2921388,74376
3,2921389,75050
3,2921393,56357
3,2921437,24884
3,2921444,24395
3,2921449,82269
3,2921466,45879
3,2921466,45881
3,2921466,45883
3,2921466,45884
3,2921466,45886
3,2921466,45888
3,2921466,45889
3,2921466,45891
3,2921466,45892
3,2921466,45894
3,2921466,45896
3,2921466,45897
3,2921466,45899
3,2921473,63571
3,2921520,53539
3,2921525,97505
3,2921528,47608
3,2921532,97255
3,2921547,18182
3,2921566,04643
3,2921642,37308
3,2921653,73312
3,2921656,72351
3,2921664,37308
3,2921682,78187
3,2921684,01778
3,2921685,56357
3,2921695,54413
3,2921707,65366
3,2921709,84144
3,2921711,07646
3,2921713,85290
3,2921724,96160
3,2921736,94333
3,2921746,67715
3,2921755,63826
3,2921816,36419
3,2921831,56379
3,2921837,52511
3,2921886,94244
3,2921948,54675
3,2921957,67724
3,2921996,98708
3,2922008,30989
3,2922012,49596
3,2922014,06571
3,2922022,55490
3,2922028,57627
3,2922039,98559
3,2922085,95482
3,2922089,07926
3,2922091,54552
3,2922102,21502
3,2922112,49744
3,2922124,63688
3,2922136,75391
3,2922141,91607
3,2922143,55595
3,2922174,57580
3,2922177,99189
3,2922207,92274
3,2922227,55578
3,2922230,82131
3,2922237,25782
3,2922245,55239
3,2922271,97253
3,2922276,55234
3,2922278,67822
3,2922282,67294
3,2922284,07580
3,2922304,55296
3,2922305,55599
3,2922309,55435
3,2922342,06466
3,2922419,18574
3,2922436,71116
3,2922438,29471
3,2922484,21441
3,2922511,49681
3,2922530,82467
3,2922539,21376
3,2922571,25836
3,2922580,39638
3,2922583,84518
3,2922586,30823
3,2922586,30826
3,2922586,30827
3,2922604,56294
3,2922610,19395
3,2922711,99634
3,2922716,84140
3,2922722,52538
3,2922728,27324
3,2922731,27777
3,2922737,99192
3,2922747,72501
3,2922753,73108
3,2922754,85408
3,2922768,24340
3,2922770,56761
3,2922805,91605
3,2922815,19258
3,2923234,56651
3,2923238,17337
3,2923253,83674
3,2923305,85080
3,2923325,74405
3,2923333,78343
3,2923334,69251
3,2923351,09569
3,2923362,76571
3,2923386,97503
3,2923410,19205
3,2923418,56412
3,2923426,86565
3,2923428,55288
3,2923439,86456
3,2923444,02953
3,2923500,94072
3,2923503,67136
3,2923507,87629
3,2923529,93437
3,2923534,57539
3,2923543,64658
3,2923544,90762
3,2923544,90763
3,2923544,90765
3,2923544,90766
3,2923544,90768
3,2923553,84095
3,2923584,94081
3,2923595,94538
3,2923625,82256
3,2923626,94142
3,2923638,37699
3,2923658,49584
3,2923706,55546
3,2923753,86681
3,2923815,34233
3,2923820,34277
3,2923822,36037
3,2923822,36039
3,2923822,36041
3,2923822,36043
3,2923860,21493
3,2923861,18356
3,2923862,24649
3,2923900,97727
3,2923907,95689
3,2923936,53533
3,2924125,56132
3,2924138,06464
3,2924186,84160
3,2924195,55471
3,2924201,35112
3,2924206,58730
3,2924242,04618
3,2924258,66903
3,2924313,04654
3,2924326,34560
3,2924335,78665
3,2924347,71292
3,2924360,26169
3,2924371,87654
3,2924381,55278
3,2924382,77944
3,2924382,77948
3,2924388,51598
3,2924406,14662
3,2924412,99869
3,2924428,34621
3,2924434,25924
3,2924437,99869
3,2924443,16247
3,2924461,66299
3,2924477,25840
3,2924483,19374
3,2924505,25718
3,2924515,24799
3,2924585,88045
3,2924585,88046
3,2924585,88048
3,2924593,24799
3,2924595,25764
3,2924625,61381
3,2924628,06507
3,2924656,99894
3,2924679,17098
3,2924680,15848
3,2924703,36289
3,2924704,57520
3,2924716,06749
3,2924722,02742
3,2924738,79877
3,2924766,95688
3,2924774,67159
3,2924775,98634
3,2924788,26446
3,2924789,06347
3,2924802,61169
3,2924803,86316
3,2924819,83413
3,2924820,78567
3,2924826,88699
3,2924837,72636
3,2924850,94078
3,2924854,92342
3,2924862,06632
3,2924888,74392
3,2924894,72250
3,2924910,54450
3,2924915,57258
3,2924916,97896
3,2924917,92272
3,2924936,37318
3,2924941,67596
3,2924947,25727
3,2924956,25876
3,2924958,49762
3,2924967,49832
3,2924983,96158
3,2924999,86742
3,2925001,27616
3,2925003,38373
3,2925017,01705
3,2925027,27259
3,2925034,85354
3,2925034,85356
3,2925038,66629
3,2925047,67361
3,2925051,56244
3,2925053,67251
3,2925062,55234
3,2925063,67482
3,2925069,56244
3,2925079,55546
3,2925080,83395
3,2925086,92271
3,2925134,24991
3,2925141,36399
3,2925147,07768
3,2925153,37318
3,2925162,99713
3,2925189,71691
3,2925192,09599
3,2925226,23826
3,2925239,23909
3,2925245,06456
3,2925249,76872
3,2925259,50226
3,2925267,08427
3,2925274,85447
3,2925306,09623
3,2925313,36460
3,2925326,07774
3,2925383,83553
3,2925391,01990
3,2925411,55776
3,2925440,94258
3,2925458,83112
3,2925483,54316
3,2925488,18461
3,2925494,76833
3,2925499,06259
3,2925507,64407
3,2925533,60306
3,2925533,60308
3,2925533,60310
3,2925533,60311
3,2925533,60313
3,2925533,60314
3,2925533,60316
3,2925533,60318
3,2925533,60320
3,2925533,60322
3,2925533,60323
3,2925533,60325
3,2925533,60326
3,2925533,60327
3,2925533,60329
3,2925533,60385
3,2925533,60386
3,2925533,60388
3,2925533,60389
3,2925533,60431
3,2925533,60433
3,2925533,60435
3,2925533,60437
3,2925533,60438
3,2925533,60439
3,2925533,60486
3,2925533,60487
3,2925533,60488
3,2925533,60489
3,2925533,60528
3,2925533,60529
3,2925533,60549
3,2925533,60594
3,2925533,60596
3,2925533,60598
3,2925533,60599
3,2925533,65929
3,2925533,65931
3,2925533,65933
3,2925533,65934
3,2925533,65936
3,2925535,15230
3,2925535,15232
3,2925535,15234
3,2925535,15236
3,2925542,97447
3,2925548,01909
3,2925557,09569
3,2925558,67468
3,2925561,99826
3,2925589,98634
3,2925600,99330
3,2925611,27336
3,2925614,67468
3,2925617,99441
3,2925651,35110
3,2925658,67737
3,2925665,97833
3,2925668,55234
3,2925720,57635
3,2925729,85661
3,2925774,85659
3,2925835,57537
3,2925848,76694
3,2925890,96524
3,2925891,86735
3,2925902,39443
3,2925905,74670
3,2925910,91301
3,2925914,79362
3,2925924,76596
3,2925965,55777
3,2925977,54343
3,2925980,25563
3,2926009,04617
3,2926013,66887
3,2926017,24787
3,2926030,57614
3,2926036,54516
3,2926107,92696
3,2926119,92685
3,2926120,65439
3,2926135,55237
3,2926137,55234
3,2926147,09557
3,2926154,27624
3,2926170,83126
3,2926178,24220
3,2926202,54636
3,2926226,36103
3,2926252,39606
3,2926261,54597
3,2926271,24937
3,2926271,24939
3,2926271,24941
3,2926271,24943
3,2926271,24944
3,2926283,76835
3,2926290,88373
3,2926304,74223
3,2926317,29416
3,2926339,24357
3,2926351,39345
3,2926371,99986
3,2926385,57632
3,2926402,97650
3,2926419,65558
3,2926426,91604
3,2926447,21514
3,2926448,25579
3,2926486,79592
3,2926557,77716
3,2926586,83730
3,2926631,55743
3,2926632,67693
3,2926654,86850
3,2926655,54439
3,2926658,26835
3,2926667,27389
3,2926670,03238
3,2926688,99894
3,2926703,85464
3,2926716,57413
3,2926804,67822
3,2926855,56766
3,2926858,26849
3,2926861,56341
3,2926891,57635
3,2926912,24217
3,2926960,74427
3,2926981,95686
3,2926998,54584
3,2927016,54597
3,2927048,91555
3,2927054,90537
3,2927083,54668
3,2927125,37339
3,2927142,17379
3,2927175,57580
3,2927226,34587
3,2927236,24244
3,2927249,87748
3,2927264,97778
3,2927268,70734
3,2927268,70736
3,2927273,54341
3,2927339,83620
3,2927340,94351
3,2927347,85622
3,2927430,24242
3,2927464,82340
3,2927507,54636
3,2927510,95183
3,2927514,67824
3,2927564,16833
3,2927581,56472
3,2927628,25779
3,2927692,17139
3,2927726,97906
3,2927750,29328
3,2927777,27446
3,2927781,39326
3,2927782,54317
3,2927798,06279
3,2927828,82490
3,2927850,98597
3,2927916,67808
3,2927917,93167
3,2927930,14612
3,2927959,04808
3,2927978,15306
3,2927984,94350
3,2928006,16259
3,2928016,95685
3,2928017,84326
3,2928047,09569
3,2928084,56814
3,2928116,85777
3,2928120,23795
3,2928163,74864
3,2928165,24253
3,2928170,24857
3,2928227,56133
3,2928239,27324
3,2928258,21376
3,2928261,49406
3,2928295,98631
3,2928300,56244
3,2928315,38173
3,2928320,48351
3,2928325,26556
3,2928344,31085
3,2928372,06888
3,2928381,23701
3,2928392,76857
3,2928394,97776
3,2928396,53879
3,2928396,53881
3,2928399,54597
3,2928407,86495
3,2928408,82547
3,2928422,56761
3,2928464,67685
3,2928469,57632
3,2928518,97717
3,2928520,97502
3,2928553,06577
3,2928564,92694
3,2928583,92268
3,2928600,57539
3,2928605,56729
3,2928615,76275
3,2928626,56244
3,2928642,99439
3,2928647,91796
3,2928659,77955
3,2928681,54655
3,2928684,82488
3,2928692,66871
3,2928697,39359
3,2928698,54424
3,2928700,39448
3,2928711,21727
3,2928712,31629
3,2928715,67472
3,2928717,26897
3,2928738,97230
3,2928743,67754
3,2928760,76879
3,2928761,73457
3,2928764,93343
3,2928793,55270
3,2928804,84051
3,2928810,45127
3,2928810,45128
3,2928810,45130
3,2928810,45131
3,2928810,45133
3,2928810,45134
3,2928810,45136
3,2928810,45138
3,2928810,45139
3,2928810,45141
3,2928810,45143
3,2928810,45144
3,2928810,45145
3,2928810,45147
3,2928810,45149
3,2928810,45219
3,2928810,45239
3,2928810,45257
3,2928810,45259
3,2928810,45276
3,2928810,45277
3,2928810,45279
3,2928810,45289
3,2928810,45307
3,2928810,45309
3,2928810,45326
3,2928810,45327
3,2928810,45329
3,2928810,45355
3,2928810,45356
3,2928810,45357
3,2928810,45359
3,2928816,55234
3,2928819,97839
3,2928821,29690
3,2928836,07924
3,2928846,06567
3,2928847,06279
3,2928862,04579
3,2928868,34314
3,2928874,32339
3,2928890,59889
3,2928894,92693
3,2928905,24402
3,2928911,26427
3,2928963,52249
3,2928967,37269
3,2928979,93458
3,2929002,54619
3,2929008,37632
3,2929039,82438
3,2929063,99869
3,2929091,73107
3,2929112,74927
3,2929122,29348
3,2929123,21039
3,2929131,49828
3,2929134,65760
3,2929156,56357
3,2929157,76831
3,2929158,79427
3,2929165,63863
3,2929177,73569
3,2929190,54585
3,2929192,54518
3,2929224,64390
3,2929227,67685
3,2929244,39606
3,2929245,39343
3,2929247,59597
3,2929252,88521
3,2929269,57635
3,2929279,67167
3,2929302,53579
3,2929305,88453
3,2929307,54668
3,2929314,99894
3,2929350,56814
3,2929353,85119
3,2929370,57339
3,2929393,96126
3,2929429,74391
3,2929451,63526
3,2929452,88416
3,2929484,63906
3,2929506,74235
3,2929507,76872
3,2929541,08265
3,2929549,84567
3,2929557,09306
3,2929567,91052
3,2929567,91054
3,2929567,91056
3,2929567,91058
3,2929593,08349
3,2929594,97250
3,2929600,40699
3,2929602,15537
3,2929605,87746
3,2929610,38173
3,2929614,73268
3,2929622,41812
3,2929626,88097
3,2929631,94140
3,2929642,84513
3,2929649,84061
3,2929650,84030
3,2929655,56368
3,2929658,91465
3,2929665,66996
3,2929670,99084
3,2929670,99085
3,2929670,99086
3,2929670,99087
3,2929670,99089
3,2929670,99091
3,2929670,99092
3,2929670,99094
3,2929670,99096
3,2929670,99097
3,2929670,99098
3,2929670,99099
3,2929671,50374
3,2929685,24803
3,2929689,86922
3,2929692,85253
3,2929708,71729
3,2929715,85435
3,2929720,66887
3,2929724,54492
3,2929769,55234
3,2929781,98634
3,2929783,92681
3,2929800,55494
3,2929802,64711
3,2929804,89155
3,2929817,65817
3,2929827,87745
3,2929831,75031
3,2929837,64859
3,2929840,94536
3,2929841,65558
3,2929855,09575
3,2929858,66957
3,2929859,56759
3,2929862,55234
3,2929863,69214
3,2929865,66571
3,2929871,78736
3,2929872,74925
3,2929877,25704
3,2929892,75337
3,2929920,54646
3,2929997,57647
3,2930006,55232
3,2930018,92266
3,2930019,66806
3,2930021,54340
3,2930030,59320
3,2930043,58256
3,2930053,56850
3,2930071,67677
3,2930080,72800
3,2930109,94379
3,2930182,32130
3,2930201,78234
3,2930205,91238
3,2930210,55270
3,2930216,51766
3,2930237,21710
3,2930248,75331
3,2930252,84549
3,2930278,27305
3,2930338,48465
3,2930361,07570
3,2930367,83093
3,2930375,56355
3,2930408,35080
3,2930416,95517
3,2930417,27321
3,2930426,49685
3,2930432,91448
3,2930444,06528
3,2930449,48282
3,2930454,48488
3,2930461,72186
3,2930463,36452
3,2930480,57520
3,2930500,82275
3,2930502,83550
3,2930509,46446
3,2930521,29579
3,2930523,79312
3,2930528,56281
3,2930539,54673
3,2930546,49824
3,2930547,99869
3,2930550,24802
3,2930575,86494
3,2930579,89607
3,2930581,88499
3,2930596,26721
3,2930596,26723
3,2930596,26725
3,2930599,24819
3,2930602,21409
3,2930613,66887
3,2930623,31008
3,2930626,79215
3,2930628,65604
3,2930630,99189
3,2930631,99334
3,2930650,97483
3,2930662,09481
3,2930672,01920
3,2930680,04910
3,2930682,04523
3,2930687,07985
3,2930707,06386
3,2930708,04880
3,2930715,25361
3,2930726,26931
3,2930747,63820
3,2930750,84094
3,2930771,24800
3,2930776,27404
3,2930778,50189
3,2930811,25704
3,2930820,67471
3,2930821,25335
3,2930821,25336
3,2930821,25337
3,2930832,27624
3,2930851,23948
3,2930852,23869
3,2930853,21493
3,2930855,18510
3,2930881,89352
3,2930887,55765
3,2930895,54552
3,2930900,99755
3,2930914,24870
3,2930916,98617
3,2930934,91792
3,2930946,25923
3,2930948,74248
3,2930952,86679
3,2930965,67158
3,2930996,55497
3,2931000,25373
3,2931008,24589
3,2931024,25474
3,2931038,25479
3,2931060,56242
3,2931079,55765
3,2931080,73488
3,2931097,08236
3,2931098,99334
3,2931125,57578
3,2931152,25845
3,2931171,98716
3,2931182,97725
3,2931204,38875
3,2931210,29351
3,2931217,19294
3,2931223,55765
3,2931245,38875
3,2931246,37412
3,2931288,57580
3,2931333,18334
3,2931357,85462
3,2931361,53783
3,2931372,36132
3,2931378,85117
3,2931385,56337
3,2931423,97249
3,2931424,75239
3,2931425,56370
3,2931433,98673
3,2931467,54533
3,2931481,15890
3,2931497,24589
3,2931521,07607
3,2931522,67304
3,2931550,87637
3,2931574,99817
3,2931575,54298
3,2931691,67308
3,2931703,67753
3,2931742,56751
3,2931752,98617
3,2931753,64683
3,2931759,23911
3,2931784,97348
3,2931795,07646
3,2931804,37574
3,2931815,55278
3,2931818,29578
3,2931821,39343
3,2931825,37632
3,2931827,79591
3,2931828,31036
3,2931838,39365
3,2931843,54649
3,2931871,04838
3,2931911,78253
3,2931985,29358
3,2932012,39221
3,2932024,29693
3,2932040,15732
3,2932061,37318
3,2932066,88361
3,2932069,85072
3,2932119,08626
3,2932131,17099
3,2932266,36124
3,2932321,94428
3,2932329,63928
3,2932343,07768
3,2932344,98553
3,2932376,39167
3,2932379,53533
3,2932382,82223
3,2932390,57632
3,2932440,57612
3,2932715,67575
3,2932738,08309
3,2932748,97246
3,2932756,02739
3,2932764,66871
3,2932788,35630
3,2932828,09427
3,2932841,27248
3,2932849,98660
3,2932877,56357
3,2932882,71139
3,2932887,24647
3,2932893,56581
3,2932904,54636
3,2932921,91725
3,2932922,86678
3,2932938,86676
3,2932952,85116
3,2932960,85658
3,2932987,91349
3,2932992,82544
3,2933017,25721
3,2933018,83125
3,2933019,91330
3,2933025,84546
3,2933029,84385
3,2933042,17367
3,2933064,39221
3,2933099,87653
3,2933101,76344
3,2933115,84307
3,2933150,24852
3,2933187,21272
3,2933190,78592
3,2933212,82281
3,2933216,72227
3,2933246,63329
3,2933256,39435
3,2933274,79588
3,2933287,91090
3,2933297,37359
3,2933333,83533
3,2933343,06420
3,2933345,68535
3,2933364,26188
3,2933367,67483
3,2933372,06528
3,2933385,86739
3,2933410,67480
3,2933442,31234
3,2933452,92265
3,2933485,06388
3,2933488,25715
3,2933524,99195
3,2933543,37339
3,2933550,25572
3,2933587,54531
3,2933599,55777
3,2933608,95488
3,2933627,24340
3,2933643,55444
3,2933669,55599
3,2933720,06648
3,2933772,61209
3,2933781,54636
3,2933787,54668
3,2933798,84174
3,2933799,85386
3,2933808,21379
3,2933817,29574
3,2933821,79285
3,2933840,95683
3,2933857,72224
3,2933863,67280
3,2933865,56370
3,2933882,16225
3,2933882,16227
3,2933889,99518
3,2933897,74246
3,2933909,86491
3,2933916,27432
3,2933922,96237
3,2933945,85560
3,2933959,73061
3,2933963,04720
3,2933981,56424
3,2933986,91320
3,2933987,92263
3,2933994,31079
3,2934000,88436
3,2934009,37136
3,2934014,71735
3,2934020,69412
3,2934023,88370
3,2934032,99826
3,2934033,96250
3,2934094,97500
3,2934097,99713
3,2934158,17121
3,2934167,23898
3,2934235,72144
3,2934246,40210
3,2934246,40211
3,2934246,40212
3,2934246,40213
3,2934246,40215
3,2934246,40217
3,2934246,40219
3,2934246,40221
3,2934246,40223
3,2934246,40225
3,2934246,40227
3,2934246,40229
3,2934246,40231
3,2934246,40233
3,2934246,40235
3,2934246,40237
3,2934246,40239
3,2934246,40468
3,2934246,40470
3,2934246,40472
3,2934246,40474
3,2934246,40476
3,2934246,40477
3,2934246,40479
3,2934246,40489
3,2934246,40545
3,2934246,40547
3,2934246,40549
3,2934246,40589
3,2934246,40591
3,2934246,40593
3,2934246,40595
3,2934246,40597
3,2934246,40599
3,2934246,40625
3,2934246,40627
3,2934246,40629
3,2934281,91602
3,2934317,89350
3,2934324,02708
3,2934452,73105
3,2934453,88422
3,2934462,76448
3,2934464,88525
3,2934466,73568
3,2934486,52349
3,2934486,52351
3,2934486,52353
3,2934486,52355
3,2934495,78591
3,2934499,78589
3,2934505,77770
3,2934509,87471
3,2934519,54597
3,2934529,66916
3,2934541,26427
3,2934543,25938
3,2934548,27243
3,2934560,78655
3,2934594,56761
3,2934599,56754
3,2934624,53520
3,2934635,18196
3,2934643,19073
3,2934662,48249
3,2934691,47051
3,2934691,47053
3,2934691,47055
3,2934691,47057
3,2934691,47058
3,2934691,47059
3,2934691,47119
3,2934691,47137
3,2934691,47138
3,2934691,47139
3,2934691,47166
3,2934691,47167
3,2934691,47169
3,2934691,47178
3,2934691,47179
3,2934691,47198
3,2934691,47199
3,2934691,47226
3,2934691,47228
3,2934691,47229
3,2934691,47239
3,2934691,47249
3,2934691,47259
3,2934691,47269
3,2934691,47279
3,2934697,31089
3,2934707,93182
3,2934728,37115
3,2934737,67373
3,2934740,21709
3,2934747,54647
3,2934764,55585
3,2934766,17398
3,2934767,23847
3,2934831,38871
3,2934835,06722
3,2934852,06712
3,2934870,06369
3,2934886,57489
3,2934892,06456
3,2934895,07338
3,2934907,04626
3,2934915,21706
3,2934921,07426
3,2934945,27628
3,2934965,35759
3,2935006,21279
3,2935022,01067
3,2935022,01069
3,2935022,01097
3,2935022,01099
3,2935022,01108
3,2935022,01109
3,2935022,01127
3,2935022,01129
3,2935022,01139
3,2935022,01156
3,2935022,01157
3,2935022,01159
3,2935022,01169
3,2935022,01187
3,2935022,01189
3,2935022,01217
3,2935022,01219
3,2935022,01237
3,2935022,01239
3,2935022,01257
3,2935022,01259
3,2935022,01277
3,2935022,01279
3,2935022,01307
3,2935022,01309
3,2935022,01324
3,2935022,01326
3,2935022,01328
3,2935022,01465
3,2935023,18573
3,2935041,49406
3,2935042,48317
3,2935056,25853
3,2935063,07819
3,2935095,67816
3,2935109,56472
3,2935117,54518
3,2935139,39365
3,2935201,57629
3,2935220,63303
3,2935248,03185
3,2935261,23845
3,2935266,16845
3,2935272,53520
3,2935298,03116
3,2935303,09430
3,2935325,18556
3,2935326,37127
3,2935334,27624
3,2935341,31623
3,2935361,15938
3,2935365,19205
3,2935373,25878
3,2935374,25582
3,2935375,21423
3,2935384,94256
3,2935386,03185
3,2935424,56305
3,2935425,72359
3,2935441,27801
3,2935453,69221
3,2935483,06712
3,2935485,07429
3,2935488,74677
3,2935491,27313
3,2935494,27639
3,2935517,44135
3,2935517,44137
3,2935517,44139
3,2935517,44141
3,2935517,44143
3,2935517,44145
3,2935517,44147
3,2935517,44149
3,2935517,44225
3,2935517,44227
3,2935517,44229
3,2935517,44263
3,2935517,44265
3,2935517,44267
3,2935517,44269
3,2935517,44287
3,2935517,44289
3,2935517,44309
3,2935517,44319
3,2935517,44328
3,2935517,44329
3,2935517,44339
3,2935517,44357
3,2935517,44359
3,2935517,44369
3,2935517,44379
3,2935517,44388
3,2935519,56281
3,2935530,46282
3,2935530,46284
3,2935530,46286
3,2935532,38312
3,2935535,55452
3,2935538,53533
3,2935539,56370
3,2935546,56348
3,2935553,67806
3,2935573,76889
3,2935578,55444
3,2935586,24869
3,2935590,25794
3,2935594,24398
3,2935597,26892
3,2935633,26553
3,2935642,72280
3,2935645,06179
3,2935647,89160
3,2935672,24326
3,2935677,56357
3,2935693,99310
3,2935702,72175
3,2935725,67585
3,2935729,36460
3,2935741,07778
3,2935749,56379
3,2935816,91077
3,2935817,72358
3,2935825,41539
3,2935825,41540
3,2935825,41541
3,2935825,41542
3,2936040,97904
3,2936089,01738
3,2936103,84405
3,2936153,32694
3,2936186,73072
3,2936189,66978
3,2936210,97499
3,2936233,06571
3,2936253,86609
3,2936259,93093
3,2936267,78166
3,2936271,19374
3,2936278,06420
3,2936280,04880
3,2936281,56290
3,2936292,19303
3,2936298,39164
3,2936302,91601
3,2936331,99100
3,2936335,24392
3,2936366,24989
3,2936369,21739
3,2936383,39517
3,2936403,55278
3,2936412,18299
3,2936431,06184
3,2936454,21255
3,2936462,56812
3,2936470,01809
3,2936471,54576
3,2936473,01796
3,2936497,95182
3,2936503,79804
3,2936521,54518
3,2936528,54552
3,2936536,54636
3,2936550,07381
3,2936552,99441
3,2936600,04626
3,2936613,24232
3,2936616,04838
3,2936623,04509
3,2936631,03253
3,2936658,04720
3,2936667,75335
3,2936683,19399
3,2936705,71254
3,2936706,66903
3,2936738,07907
3,2936750,91723
3,2936759,97456
3,2936762,56729
3,2936766,06484
3,2936796,89561
3,2936822,67246
3,2936827,87742
3,2936842,01744
3,2936845,36160
3,2936866,55234
3,2936871,46535
3,2936871,46537
3,2936871,46539
3,2936881,49413
3,2936885,86424
3,2936886,91550
3,2936904,98646
3,2936908,97497
3,2936909,84130
3,2936930,25715
3,2936933,37351
3,2936940,54614
3,2936955,76848
3,2936966,98530
3,2936974,89407
3,2936977,66763
3,2936981,55481
3,2936985,35683
3,2936985,35684
3,2936985,35685
3,2936985,35686
3,2936985,35687
3,2936985,35688
3,2936985,35689
3,2936985,35690
3,2937001,55487
3,2937018,65582
3,2937040,63128
3,2937071,66484
3,2937073,83623
3,2937077,87463
3,2937096,78661
3,2937106,56355
3,2937115,92542
3,2937124,91463
3,2937142,84378
3,2937155,37318
3,2937160,90599
3,2937164,89165
3,2937201,19399
3,2937217,86911
3,2937223,91456
3,2937228,06184
3,2937263,54523
3,2937275,54533
3,2937280,56269
3,2937285,76889
3,2937317,49356
3,2937333,31603
3,2937337,55765
3,2937344,15864
3,2937349,55276
3,2937353,56379
3,2937399,37633
3,2937401,67811
3,2937407,69234
3,2937449,31199
3,2937451,18299
3,2937532,54538
3,2937553,86420
3,2937591,64807
3,2937607,56332
3,2937632,91583
3,2937641,38530
3,2937663,55758
3,2937686,55483
3,2937694,57520
3,2937714,49453
3,2937734,55494
3,2937756,54426
3,2937764,18513
3,2937768,55278
3,2937789,04574
3,2937797,09548
3,2937809,21407
3,2937857,54411
3,2937860,37355
3,2937865,93180
3,2937868,54570
3,2937873,06682
3,2937883,54340
3,2937889,38173
3,2937896,73265
3,2937897,88451
3,2937898,72581
3,2937906,79802
3,2937919,72135
3,2937932,97337
3,2937936,32756
3,2937936,32758
3,2937936,32760
3,2937944,26847
3,2937953,56357
3,2937959,06842
3,2937959,06844
3,2937959,06846
3,2937959,06847
3,2937959,06849
3,2937963,55592
3,2938004,26906
3,2938019,17498
3,2938030,57520
3,2938033,24326
3,2938064,56307
3,2938066,76857
3,2938068,53507
3,2938075,36466
3,2938132,37691
3,2938136,38895
3,2938190,79211
3,2938197,91599
3,2938208,54570
3,2938212,66871
3,2938223,08393
3,2938241,86920
3,2938245,78588
3,2938252,85095
3,2938253,73770
3,2938284,17109
3,2938295,01877
3,2938301,54552
3,2938304,19089
3,2938315,25788
3,2938323,27749
3,2938323,27751
3,2938323,27753
3,2938323,27755
3,2938332,25786
3,2938344,31073
3,2938351,66503
3,2938376,04509
3,2938377,06246
3,2938379,22929
3,2938389,33129
3,2938391,73779
3,2938403,78652
3,2938415,86489
3,2938429,27446
3,2938430,21717
3,2938439,86738
3,2938441,92364
3,2938457,67742
3,2938460,78586
3,2938465,67146
3,2938525,06686
3,2938538,73326
3,2938540,94469
3,2938588,39264
3,2938589,56237
3,2938593,98744
3,2938598,37627
3,2938618,53426
3,2938619,29386
3,2938633,75392
3,2938673,55442
3,2938697,54673
3,2938702,72356
3,2938711,56132
3,2938714,54550
3,2938740,78083
3,2938760,56412
3,2938761,55566
3,2938764,56589
3,2938780,53547
3,2938784,45711
3,2938787,24589
3,2938798,23942
3,2938805,21521
3,2938813,37586
3,2938837,86453
3,2938859,54689
3,2938880,76848
3,2938894,54552
3,2938913,64283
3,2938913,64285
3,2938913,64287
3,2938913,64289
3,2938913,64291
3,2938913,64293
3,2938913,64295
3,2938913,64297
3,2938918,38871
3,2938924,17159
3,2938931,17419
3,2938956,38855
3,2938966,39245
3,2938976,24867
3,2938985,67814
3,2939000,38461
3,2939004,24329
3,2939016,06493
3,2939019,53520
3,2939032,24229
3,2939074,23948
3,2939079,23824
3,2939083,55432
3,2939088,24351
3,2939093,29472
3,2939134,25554
3,2939167,49401
3,2939193,18196
3,2939195,19374
3,2939208,23738
3,2939214,54413
3,2939230,24361
3,2939255,55765
3,2939293,21483
3,2939321,55278
3,2939326,54689
3,2939330,24635
3,2939337,55595
3,2939343,86653
3,2939345,88718
3,2939365,29413
3,2939369,54689
3,2939370,66994
3,2939375,22946
3,2939385,17166
3,2939387,23747
3,2939405,56348
3,2939417,15827
3,2939420,39326
3,2939426,21368
3,2939432,39579
3,2939434,04774
3,2939441,21368
3,2939442,53949
3,2939444,54636
3,2939482,25578
3,2939489,25899
3,2939505,54649
3,2939508,67273
3,2939510,99100
3,2939532,56340
3,2939608,91462
3,2939623,85221
3,2939625,06888
3,2939635,16818
3,2939645,19406
3,2939650,57567
3,2939658,27472
3,2939658,27474
3,2939658,27476
3,2939658,27478
3,2939665,98744
3,2939687,02733
3,2939693,19322
3,2939710,09474
3,2939714,01920
3,2939717,02681
3,2939731,67744
3,2939739,19089
3,2939745,03246
3,2939747,08451
3,2939748,07557
3,2939754,99831
3,2939756,95473
3,2939763,38162
3,2939767,97993
3,2939770,99330
3,2939782,19071
3,2939788,38312
3,2939789,65558
3,2939797,74564
3,2939811,03042
3,2939811,03044
3,2939811,03046
3,2939811,03048
3,2939811,03050
3,2939811,03051
3,2939811,03052
3,2939811,03053
3,2939811,03054
3,2939811,03055
3,2939819,06869
3,2939820,01640
3,2939847,36219
3,2939848,06408
3,2939860,31091
3,2939862,31863
3,2939870,66497
3,2939896,17094
3,2939900,27243
3,2939907,91598
3,2939927,04680
3,2939940,39326
3,2939942,35091
3,2939945,48653
3,2939946,06449
3,2939949,56812
3,2939951,96450
3,2939956,06869
3,2939969,49661
3,2939972,99718
3,2939983,29459
3,2939990,74389
3,2939995,38678
3,2939997,09236
3,2940003,66978
3,2940049,25593
3,2940068,24799
3,2940097,98547
3,2940119,16230
3,2940126,83256
3,2940127,83339
3,2940132,09111
3,2940132,09112
3,2940132,09113
3,2940132,09114
3,2940132,09116
3,2940132,09117
3,2940132,09119
3,2940132,09120
3,2940132,09122
3,2940132,09123
3,2940132,09125
3,2940132,09126
3,2940132,09127
3,2940132,09130
3,2940132,09131
3,2940190,56379
3,2940201,93466
3,2940204,93413
3,2940213,29221
3,2940213,29223
3,2940213,29225
3,2940213,29227
3,2940213,29229
3,2940218,04758
3,2940227,38889
3,2940231,44575
3,2940231,44577
3,2940231,44579
3,2940231,44581
3,2940235,97355
3,2940246,16306
3,2940259,17237
3,2940309,67316
3,2940311,19217
3,2940322,27639
3,2940363,18195
3,2940377,07774
3,2940379,19067
3,2940381,65520
3,2940383,75365
3,2940386,39359
3,2940397,09337
3,2940402,67829
3,2940412,34379
3,2940416,38547
3,2940419,39240
3,2940428,90556
3,2940430,21781
3,2940436,07586
3,2940451,21614
3,2940456,85114
3,2940457,87740
3,2940476,18246
3,2940512,35510
3,2940516,37359
3,2940518,99628
3,2940529,36419
3,2940534,97244
3,2940611,86647
3,2940613,96155
3,2940622,99439
3,2940633,64572
3,2940636,25572
3,2940649,17209
3,2940668,25761
3,2940669,25761
3,2940721,25719
3,2940724,57612
3,2940733,76891
3,2940742,24866
3,2940920,21709
3,2940926,54424
3,2940929,89349
3,2940938,68642
3,2940942,51399
3,2940947,76835
3,2940959,17089
3,2940977,72393
3,2940993,09235
3,2941028,01906
3,2941034,97705
3,2941038,91596
3,2941052,96154
3,2941053,06667
3,2941078,37318
3,2941090,90559
3,2941107,17094
3,2941116,39517
3,2941150,09217
3,2941151,63927
3,2941155,55595
3,2941159,97775
3,2941166,65558
3,2941169,06636
3,2941172,91790
3,2941173,88483
3,2941178,97496
3,2941179,91595
3,2941190,93133
3,2941204,97724
3,2941206,57632
3,2941207,96224
3,2941216,84508
3,2941221,06804
3,2941271,86666
3,2941279,84489
3,2941283,36151
3,2941285,96152
3,2941319,86977
3,2941392,56332
3,2941393,54472
3,2941401,07616
3,2941403,96138
3,2941405,31303
3,2941406,38272
3,2941413,56659
3,2941416,91593
3,2941485,89331
3,2941513,54646
3,2941570,33142
3,2941575,56593
3,2941595,57299
3,2941597,54597
3,2941628,25767
3,2941629,24794
3,2941676,97494
3,2941690,76891
3,2941692,55626
3,2941693,26831
3,2941694,32257
3,2941707,06895
3,2941744,39345
3,2941789,25355
3,2941826,56859
3,2941831,21782
3,2941880,37127
3,2941885,23845
3,2941923,74426
3,2941926,74424
3,2941928,77830
3,2941943,55767
3,2941965,37339
3,2941976,77815
3,2942017,79426
3,2942048,99869
3,2942069,54426
3,2942073,63654
3,2942078,54610
3,2942087,55257
3,2942089,55469
3,2942093,24782
3,2942126,15377
3,2942147,91054
3,2942154,27333
3,2942159,31675
3,2942281,86807
3,2942290,94124
3,2942305,21481
3,2942323,21244
3,2942345,25712
3,2942349,23911
3,2942367,31710
3,2942372,99762
3,2942420,94533
3,2942451,88637
3,2942476,99438
3,2942481,54608
3,2942559,55491
3,2942566,87474
3,2942612,91186
3,2942614,79256
3,2942627,21514
3,2942680,99638
3,2942688,56823
3,2942702,86675
3,2942706,97320
3,2942795,84428
3,2942806,91592
3,2942810,85656
3,2942819,07751
3,2942820,07389
3,2942834,56357
3,2942837,56290
3,2942866,89290
3,2942913,78585
3,2942914,67742
3,2942922,89347
3,2942930,91088
3,2942938,55270
3,2942939,67308
3,2942960,56288
3,2942986,17326
3,2942992,19071
3,2942999,55606
3,2943001,17509
3,2943008,21524
3,2943027,23883
3,2943049,25541
3,2943074,85649
3,2943162,86564
3,2943203,17039
3,2943220,93164
3,2943278,39624
3,2943292,39240
3,2943320,50321
3,2943321,68782
3,2943322,99869
3,2943335,31033
3,2943336,41379
3,2943350,24582
3,2943362,19412
3,2943408,83052
3,2943485,06528
3,2943487,55767
3,2943488,66904
3,2943500,91590
3,2943501,84079
3,2943516,14822
3,2943521,53539
3,2943531,85567
3,2943546,76891
3,2943547,55758
3,2943558,99955
3,2943560,76646
3,2943573,63486
3,2943587,27305
3,2943621,57539
3,2943668,54518
3,2943697,98599
3,2943700,21514
3,2943779,03205
3,2943783,59969
3,2943795,38465
3,2943829,24616
3,2943851,25576
3,2943897,56754
3,2943919,18184
3,2943921,24235
3,2943922,24398
3,2943923,24864
3,2943928,56332
3,2943945,49448
3,2943949,54552
3,2943997,27386
3,2943998,29356
3,2944028,16230
3,2944038,26835
3,2944071,24816
3,2944076,54646
3,2944079,59929
3,2944093,21382
3,2944103,15295
3,2944123,03096
3,2944126,14656
3,2944142,56820
3,2944143,56829
3,2944146,56867
3,2944149,25712
3,2944155,56321
3,2944159,37647
3,2944166,67725
3,2944169,34479
3,2944178,74626
3,2944181,55559
3,2944191,39307
3,2944195,56479
3,2944200,75015
3,2944206,39606
3,2944208,06556
3,2944213,21698
3,2944254,64395
3,2944288,93179
3,2944300,56651
3,2944323,07646
3,2944335,56814
3,2944354,27432
3,2944368,27568
3,2944368,27570
3,2944368,27572
3,2944368,27574
3,2944368,27576
3,2944368,27578
3,2944368,27580
3,2944388,28195
3,2944388,28197
3,2944388,28199
3,2944388,28201
3,2944388,28203
3,2944388,28205
3,2944388,28207
3,2944388,28209
3,2944388,28211
3,2944388,28213
3,2944388,28215
3,2944388,28217
3,2944388,28219
3,2944388,28237
3,2944388,28239
3,2944388,28259
3,2944388,28277
3,2944388,28279
3,2944388,28307
3,2944388,28309
3,2944388,28325
3,2944388,28327
3,2944388,28329
3,2944388,28335
3,2944388,28355
3,2944388,28357
3,2944388,28359
3,2944388,28717
3,2944388,28719
3,2944388,28755
3,2944388,28757
3,2944388,28759
3,2944388,28777
3,2944388,28779
3,2944403,56370
3,2944426,25821
3,2944431,24811
3,2944439,06536
3,2944440,98597
3,2944443,57539
3,2944445,35767
3,2944447,53547
3,2944448,55422
3,2944455,79874
3,2944465,89183
3,2944516,37339
3,2944526,55758
3,2944529,86488
3,2944538,06547
3,2944588,55592
3,2944598,39240
3,2944599,96149
3,2944608,23881
3,2944627,25524
3,2944638,87739
3,2944654,25597
3,2944657,94139
3,2944716,66916
3,2944730,56237
3,2944781,96151
3,2944793,54426
3,2944800,79206
3,2944812,24797
3,2944820,35236
3,2944828,06796
3,2944834,37339
3,2944840,39343
3,2944858,17091
3,2944865,19322
3,2944869,18556
3,2944879,25821
3,2944915,24796
3,2944944,27412
3,2944945,16845
3,2944948,26897
3,2944955,58339
3,2944963,54636
3,2944975,24392
3,2944982,55606
3,2944993,55595
3,2945004,56288
3,2945022,06543
3,2945024,38023
3,2945024,38100
3,2945024,38102
3,2945024,38104
3,2945024,38106
3,2945024,38108
3,2945024,38110
3,2945024,38112
3,2945024,38114
3,2945024,38116
3,2945024,38118
3,2945024,38120
3,2945024,38122
3,2945024,38124
3,2945024,38126
3,2945041,06242
3,2945043,74542
3,2945045,06333
3,2945051,78199
3,2945055,38700
3,2945060,07580
3,2945073,35619
3,2945103,54472
3,2945136,56338
3,2945151,06188
3,2945165,83098
3,2945209,18519
3,2945215,56459
3,2945216,54608
3,2945270,04821
3,2945341,09618
3,2945358,14770
3,2945358,14772
3,2945358,14774
3,2945358,14776
3,2945382,25364
3,2945429,95682
3,2945465,25926
3,2945469,27628
3,2945474,49565
3,2945487,24793
3,2945542,33034
3,2945561,07554
3,2945565,19273
3,2945581,25923
3,2945591,74336
3,2945600,21438
3,2945606,06198
3,2945615,56761
3,2945630,06188
3,2945647,57555
3,2945668,22145
3,2945683,24994
3,2945702,54552
3,2945703,97944
3,2945726,37120
3,2945729,24796
3,2945730,66359
3,2945740,79268
3,2945756,46236
3,2945756,46238
3,2945756,46240
3,2945756,46242
3,2945756,46244
3,2945758,39164
3,2945762,78583
3,2945787,66504
3,2945797,24250
3,2945802,27386
3,2945807,27367
3,2945850,06895
3,2945857,99310
3,2945866,78662
3,2945891,08606
3,2945902,66887
3,2945907,26219
3,2945911,24306
3,2945942,25899
3,2945945,23715
3,2945948,23936
3,2945952,06556
3,2945957,73104
3,2945973,23881
3,2945980,09579
3,2945982,25494
3,2945988,24616
3,2945995,27246
3,2946007,38312
3,2946008,89177
3,2946015,25376
3,2946016,04451
3,2946025,66904
3,2946031,67725
3,2946034,17111
3,2946038,57614
3,2946043,39264
3,2946056,06295
3,2946060,21039
3,2946098,56348
3,2946100,24619
3,2946111,53332
3,2946112,55237
3,2946113,76879
3,2946117,37318
3,2946137,39435
3,2946172,04552
3,2946192,24863
3,2946198,53539
3,2946203,14822
3,2946206,26757
3,2946210,19406
3,2946214,14822
3,2946228,46325
3,2946230,34582
3,2946238,24857
3,2946244,25938
3,2946247,24794
3,2946270,33829
3,2946290,26904
3,2946291,34434
3,2946296,24589
3,2946311,54422
3,2946316,24392
3,2946321,24582
3,2946366,56154
3,2946368,73441
3,2946373,24598
3,2946377,56729
3,2946378,55595
3,2946379,87737
3,2946396,17322
3,2946409,86486
3,2946421,25474
3,2946428,74357
3,2946447,53111
3,2946447,53113
3,2946447,53115
3,2946447,53117
3,2946447,53119
3,2946447,53121
3,2946447,53123
3,2946447,53125
3,2946447,53127
3,2946447,53129
3,2946447,53173
3,2946447,53175
3,2946447,53177
3,2946447,53179
3,2946447,53225
3,2946447,53227
3,2946447,53229
3,2946469,53539
3,2946478,59199
3,2946481,56579
3,2946482,24620
3,2946485,71149
3,2946488,25850
3,2946507,88361
3,2946524,29699
3,2946583,87538
3,2946591,57648
3,2946599,79283
3,2946610,24855
3,2946657,54669
3,2946660,76887
3,2946674,55624
3,2946679,79677
3,2946686,07646
3,2946696,73087
3,2946727,17392
3,2946733,67295
3,2946740,24220
3,2946745,24860
3,2946752,25560
3,2946753,25335
3,2946765,38556
3,2946782,25596
3,2946798,24802
3,2946799,25364
3,2946801,27616
3,2946821,19258
3,2946830,21368
3,2946852,23974
3,2946891,24220
3,2946923,49163
3,2946926,25853
3,2946939,85113
3,2946950,89558
3,2946952,29693
3,2946980,04564
3,2946982,98701
3,2947001,87736
3,2947026,94327
3,2947030,56357
3,2947038,37691
3,2947051,24401
3,2947067,88131
3,2947069,88285
3,2947090,92439
3,2947092,37619
3,2947110,37434
3,2947120,94249
3,2947125,84155
3,2947133,55294
3,2947139,37194
3,2947155,53539
3,2947161,56412
3,2947168,07381
3,2947172,72411
3,2947299,26897
3,2947312,26345
3,2947316,85461
3,2947355,67278
3,2947359,31167
3,2947370,55595
3,2947372,04703
3,2947403,08324
3,2947416,44787
3,2947416,44789
3,2947416,44791
3,2947416,44793
3,2947416,44795
3,2947416,44797
3,2947416,44799
3,2947416,44801
3,2947416,44803
3,2947416,44805
3,2947416,44807
3,2947416,44809
3,2947416,44866
3,2947416,44867
3,2947416,44869
3,2947416,44879
3,2947416,44892
3,2947416,44894
3,2947421,46395
3,2947421,46397
3,2947421,46399
3,2947424,76833
3,2947438,94255
3,2947444,71032
3,2947444,71034
3,2947447,23996
3,2947448,67482
3,2947449,86399
3,2947450,82389
3,2947463,76891
3,2947465,67240
3,2947466,67273
3,2947471,07646
3,2947477,06766
3,2947490,23813
3,2947513,24241
3,2947541,17237
3,2947584,78176
3,2947604,23974
3,2947636,25348
3,2947641,32825
3,2947646,26487
3,2947713,89434
3,2947733,19306
3,2947735,23847
3,2947739,66440
3,2947751,16269
3,2947769,21640
3,2947810,27337
3,2947813,24327
3,2947874,54608
3,2947887,54570
3,2947894,21354
3,2947919,74572
3,2947949,89143
3,2947958,66869
3,2948033,07366
3,2948038,17237
3,2948046,56865
3,2948052,17039
3,2948054,06528
3,2948056,53945
3,2948058,99444
3,2948061,18182
3,2948065,15827
3,2948071,38889
3,2948072,99955
3,2948081,07366
3,2948114,87544
3,2948115,93476
3,2948140,57539
3,2948147,72475
3,2948154,39517
3,2948164,06731
3,2948184,54634
3,2948190,67806
3,2948202,73266
3,2948204,86657
3,2948206,67281
3,2948212,49143
3,2948219,24582
3,2948222,29646
3,2948246,72406
3,2948261,76476
3,2948265,83483
3,2948267,01877
3,2948282,94253
3,2948290,65474
3,2948292,95493
3,2948299,06295
3,2948300,99826
3,2948301,98553
3,2948305,37345
3,2948307,35649
3,2948326,67294
3,2948337,97836
3,2948339,96120
3,2948345,98634
3,2948346,54634
3,2948351,63633
3,2948355,54574
3,2948383,57612
3,2948384,84364
3,2948396,65626
3,2948399,76831
3,2948422,07336
3,2948477,56291
3,2948503,16547
3,2948551,07366
3,2948552,76889
3,2948570,67134
3,2948588,37318
3,2948594,97834
3,2948595,55765
3,2948598,75217
3,2948616,57589
3,2948652,69488
3,2948725,54587
3,2948727,73102
3,2948733,49626
3,2948746,79589
3,2948750,89432
3,2948759,54518
3,2948782,56754
3,2948810,31619
3,2948825,55411
3,2948826,72511
3,2948840,95463
3,2948861,74862
3,2948866,24576
3,2948895,37434
3,2948902,25485
3,2948920,06647
3,2948934,74842
3,2948944,48727
3,2948963,56414
3,2949012,74321
3,2949014,76467
3,2949032,87640
3,2949046,16359
3,2949075,54675
3,2949085,54636
3,2949103,39221
3,2949130,99100
3,2949150,29553
3,2949160,18230
3,2949161,06408
3,2949186,33519
3,2949186,33602
3,2949186,33604
3,2949186,33605
3,2949186,33607
3,2949186,33609
3,2949186,33611
3,2949186,33613
3,2949186,33615
3,2949186,33617
3,2949186,33619
3,2949186,33647
3,2949186,33649
3,2949186,33659
3,2949186,33689
3,2949186,33699
3,2949186,33719
3,2949186,33729
3,2949186,33739
3,2949216,67308
3,2949217,66917
3,2949221,39175
3,2949229,35216
3,2949236,56370
3,2949249,55471
3,2949255,97243
3,2949275,55546
3,2949276,97318
3,2949277,55234
3,2949279,87651
3,2949292,54636
3,2949295,56291
3,2949296,64404
3,2949324,83673
3,2949353,93354
3,2949363,07768
3,2949364,98631
3,2949367,68647
3,2949415,86485
3,2949423,88400
3,2949427,77781
3,2949455,06528
3,2949470,66450
3,2949475,37688
3,2949482,27616
3,2949486,25355
3,2949489,37639
3,2949511,29549
3,2949538,94501
3,2949548,39615
3,2949551,88631
3,2949562,56825
3,2949569,72660
3,2949582,06217
3,2949589,56283
3,2949646,87488
3,2949653,88422
3,2949661,21386
3,2949669,57518
3,2949697,54646
3,2949726,54533
3,2949729,56355
3,2949750,54570
3,2949762,07554
3,2949765,31032
3,2949773,59909
3,2949777,15741
3,2949802,19258
3,2949803,74354
3,2949808,23899
3,2949823,25584
3,2949827,23738
3,2949829,54413
3,2949836,57632
3,2949837,56459
3,2949855,26524
3,2949902,38835
3,2949906,49593
3,2949915,54673
3,2949927,56414
3,2949950,89182
3,2949961,02994
3,2949967,09337
3,2949970,08315
3,2949975,94505
3,2949976,82347
3,2949998,54470
3,2950003,18249
3,2950019,93170
3,2950037,92361
3,2950055,56370
3,2950061,54578
3,2950073,06406
3,2950078,86975
3,2950095,83233
3,2950099,79872
3,2950115,67593
3,2950121,56729
3,2950126,98587
3,2950130,88697
3,2950139,37339
3,2950140,54570
3,2950159,10115
3,2950159,10117
3,2950159,10119
3,2950159,10178
3,2950159,10179
3,2950159,10315
3,2950159,10317
3,2950159,10318
3,2950159,10319
3,2950159,10365
3,2950159,10367
3,2950159,10369
3,2950159,10405
3,2950159,10407
3,2950159,10409
3,2950159,10435
3,2950159,10437
3,2950159,10439
3,2950159,10551
3,2950159,10553
3,2950159,10555
3,2950159,10557
3,2950159,10559
3,2950159,10585
3,2950159,10587
3,2950159,10589
3,2950159,10623
3,2950159,10625
3,2950159,10627
3,2950159,10629
3,2950159,10707
3,2950159,10709
3,2950159,10711
3,2950159,10713
3,2950159,10715
3,2950159,10717
3,2950159,10719
3,2950159,10777
3,2950159,10779
3,2950159,10781
3,2950159,10783
3,2950159,10785
3,2950159,10787
3,2950159,10789
3,2950159,10823
3,2950159,10825
3,2950159,10827
3,2950159,10829
3,2950159,11011
3,2950159,12043
3,2950159,12045
3,2950159,12047
3,2950159,12049
3,2950159,12051
3,2950159,12053
3,2950159,12055
3,2950159,12057
3,2950159,12059
3,2950159,12099
3,2950159,12101
3,2950159,12103
3,2950159,12105
3,2950159,12107
3,2950159,12109
3,2950159,12157
3,2950159,12159
3,2950159,12161
3,2950159,12163
3,2950159,12165
3,2950159,12167
3,2950159,12169
3,2950159,12203
3,2950159,12205
3,2950159,12207
3,2950159,12209
3,2950159,12247
3,2950159,12249
3,2950159,12277
3,2950159,12279
3,2950159,12305
3,2950159,12307
3,2950159,12309
3,2950159,12347
3,2950159,12349
3,2950159,12351
3,2950159,12353
3,2950159,12355
3,2950159,12357
3,2950159,12359
3,2950159,12435
3,2950159,12437
3,2950159,12439
3,2950159,12459
3,2950159,12487
3,2950159,12489
3,2950159,12524
3,2950159,12526
3,2950159,12527
3,2950159,12529
3,2950159,12555
3,2950159,12557
3,2950159,12559
3,2950159,12587
3,2950159,12589
3,2950159,12619
3,2950159,12621
3,2950159,12623
3,2950159,12627
3,2950159,12629
3,2950159,12679
3,2950159,12681
3,2950159,12683
3,2950159,12685
3,2950159,12687
3,2950159,12689
3,2950159,13051
3,2950159,13053
3,2950159,13055
3,2950159,13057
3,2950159,13059
3,2950159,13086
3,2950159,13088
3,2950159,13089
3,2950159,13125
3,2950159,13127
3,2950159,13129
3,2950159,13156
3,2950159,13158
3,2950159,13159
3,2950159,13187
3,2950159,13189
3,2950159,13347
3,2950159,13349
3,2950159,13351
3,2950159,13353
3,2950159,13355
3,2950159,13357
3,2950159,13359
3,2950159,13403
3,2950159,13405
3,2950159,13407
3,2950159,13409
3,2950159,13435
3,2950159,13437
3,2950159,13439
3,2950159,13465
3,2950159,13467
3,2950159,13469
3,2950159,13503
3,2950159,13505
3,2950159,13507
3,2950159,13509
3,2950159,13581
3,2950159,13583
3,2950159,13585
3,2950159,13587
3,2950159,13589
3,2950159,13591
3,2950159,13593
3,2950159,13595
3,2950159,13597
3,2950159,13599
3,2950159,13627
3,2950159,13629
3,2950159,14050
3,2950159,14052
3,2950159,14053
3,2950159,14055
3,2950159,14057
3,2950159,14059
3,2950159,14089
3,2950159,14109
3,2950159,14129
3,2950159,14131
3,2950159,14163
3,2950159,14165
3,2950159,14167
3,2950159,14169
3,2950159,14193
3,2950159,14195
3,2950159,14197
3,2950159,14199
3,2950177,54673
3,2950187,88450
3,2950189,23919
3,2950196,15518
3,2950214,25575
3,2950233,54518
3,2950249,97241
3,2950287,97493
3,2950294,51702
3,2950314,54426
3,2950318,85459
3,2950330,55776
3,2950340,85232
3,2950344,59192
3,2950349,51427
3,2950349,51429
3,2950349,51465
3,2950349,51467
3,2950349,51469
3,2950358,86562
3,2950361,89180
3,2950438,50126
3,2950438,50127
3,2950438,50129
3,2950444,86673
3,2950475,56368
3,2950492,77791
3,2950556,38467
3,2950564,25779
3,2950607,24861
3,2950610,55469
3,2950620,18528
3,2950622,29303
3,2950626,08239
3,2950628,55608
3,2950630,91790
3,2950635,83344
3,2950635,83346
3,2950657,19348
3,2950660,49626
3,2950661,39638
3,2950686,88368
3,2950696,06536
3,2950721,53505
3,2950722,95180
3,2950723,56357
3,2950767,82335
3,2950777,88276
3,2950858,56766
3,2950861,56769
3,2950881,83471
3,2950882,92334
3,2950898,93176
3,2950901,55494
3,2950930,17429
3,2950931,23970
3,2950933,17129
3,2950934,18182
3,2950978,64625
3,2950979,98554
3,2950998,06536
3,2950999,06179
3,2951013,71726
3,2951014,87734
3,2951024,67808
3,2951040,38877
3,2951046,06308
3,2951095,54538
3,2951104,83671
3,2951110,25557
3,2951111,56170
3,2951114,24217
3,2951115,21227
3,2951120,99707
3,2951124,72658
3,2951147,21785
3,2951151,56290
3,2951165,98617
3,2951175,49191
3,2951177,99713
3,2951198,56459
3,2951206,76756
3,2951232,89287
3,2951236,06425
3,2951239,56745
3,2951240,56288
3,2951252,55469
3,2951254,04683
3,2951258,04874
3,2951261,56858
3,2951266,25557
3,2951270,24601
3,2951275,54340
3,2951276,25524
3,2951290,25554
3,2951321,54552
3,2951325,98660
3,2951327,67259
3,2951340,89179
3,2951345,56814
3,2951346,71543
3,2951346,71717
3,2951352,04886
3,2951355,54662
3,2951387,38382
3,2951397,02736
3,2951404,08340
3,2951435,25573
3,2951436,23996
3,2951441,99625
3,2951447,98631
3,2951465,24321
3,2951468,17179
3,2951469,17498
3,2951472,25850
3,2951473,39606
3,2951479,39356
3,2951500,23919
3,2951510,17111
3,2951522,38489
3,2951526,49832
3,2951528,15848
3,2951531,06198
3,2951532,06425
3,2951556,64743
3,2951588,39343
3,2951595,14547
3,2951596,48361
3,2951616,29355
3,2951632,66885
3,2951648,50181
3,2951654,59269
3,2951679,66701
3,2951711,27243
3,2951717,31699
3,2951725,21643
3,2951732,92699
3,2951736,55234
3,2951741,67595
3,2951753,99428
3,2951754,07426
3,2951763,66894
3,2951780,67827
3,2951783,55234
3,2951788,56132
3,2951793,36179
3,2951809,23816
3,2951824,83735
3,2951825,95444
3,2951825,95445
3,2951825,95447
3,2951825,95448
3,2951843,83457
3,2951849,94252
3,2951853,67808
3,2951856,84092
3,2951857,94137
3,2951863,49844
3,2951881,02625
3,2951887,54636
3,2951894,54538
3,2951923,34225
3,2951926,96148
3,2951950,55774
3,2952049,53534
3,2952050,54673
3,2952174,91460
3,2952202,66484
3,2952235,18230
3,2952237,21493
3,2952238,97654
3,2952252,27211
3,2952261,56220
3,2952295,17139
3,2952296,21483
3,2952304,27432
3,2952311,54578
3,2952322,53534
3,2952323,55606
3,2952324,38476
3,2952330,49453
3,2952339,21357
3,2952340,29576
3,2952345,17089
3,2952359,73566
3,2952372,18356
3,2952398,26676
3,2952406,30890
3,2952415,22885
3,2952419,24217
3,2952444,32683
3,2952452,49406
3,2952458,21406
3,2952461,06268
3,2952511,23968
3,2952514,39393
3,2952527,95671
3,2952531,25355
3,2952535,24245
3,2952552,25719
3,2952564,39179
3,2952564,39326
3,2952601,25791
3,2952605,24360
3,2952611,23826
3,2952630,25842
3,2952633,22941
3,2952636,24793
3,2952637,21698
3,2952639,24806
3,2952651,23863
3,2952664,25704
3,2952692,78580
3,2952702,01768
3,2952703,09471
3,2952762,21397
3,2952767,27245
3,2952802,55483
3,2952803,55758
3,2952814,21357
3,2952834,36456
3,2952842,93092
3,2952844,76889
3,2952857,19079
3,2952884,31029
3,2952916,01728
3,2952931,56424
3,2952934,66851
3,2952960,19230
3,2952964,17506
3,2952968,38486
3,2952973,69245
3,2952984,96047
3,2952984,96049
3,2952984,96050
3,2952984,96052
3,2952991,86483
3,2953003,58802
3,2953006,26579
3,2953008,73666
3,2953037,99439
3,2953038,99869
3,2953060,06493
3,2953064,89177
3,2953088,21730
3,2953089,72336
3,2953093,06632
3,2953097,78582
3,2953100,31609
3,2953104,54597
3,2953108,65558
3,2953109,54314
3,2953116,87538
3,2953134,23881
3,2953136,49456
3,2953163,23909
3,2953168,87650
3,2953178,88255
3,2953194,91083
3,2953197,72270
3,2953213,82065
3,2953217,84171
3,2953222,88255
3,2953232,23845
3,2953234,25569
3,2953240,27245
3,2953247,38459
3,2953302,52499
3,2953310,26160
3,2953312,88410
3,2953313,86825
3,2953314,91438
3,2953315,74206
3,2953316,19336
3,2953317,34537
3,2953318,83707
3,2953320,88339
3,2953321,61118
3,2953322,73337
3,2953324,83646
3,2953325,99955
3,2953327,18334
3,2953330,99518
3,2953331,06507
3,2953334,95138
3,2953336,37242
3,2953338,63628
3,2953339,65812
3,2953341,23795
3,2953347,23611
3,2953348,65307
3,2953350,06905
3,2953352,01814
3,2953355,59505
3,2953357,36433
3,2953358,32105
3,2953358,32107
3,2953358,32108
3,2953359,36364
3,2953362,31162
3,2953363,79713
3,2953364,37441
3,2953366,15526
3,2953367,49214
3,2953371,83435
3,2953374,74906
3,2953377,99707
3,2953379,31812
3,2953384,63619
3,2953385,23843
3,2953386,32545
3,2953386,32547
3,2953386,32549
3,2953389,97616
3,2953391,53474
3,2953394,31542
3,2953395,61231
3,2953397,02953
3,2953398,53902
3,2953400,31848
3,2953402,97980
3,2953404,56470
3,2953405,33175
3,2953407,75378
3,2953408,04924
3,2953409,36448
3,2953410,37431
3,2953411,04651
3,2953412,06246
3,2953413,99947
3,2953414,79189
3,2953416,55543
3,2953416,55545
3,2953417,07586
3,2953418,06628
3,2953419,64732
3,2953420,82433
3,2953421,07639
3,2953422,23996
3,2953424,97688
3,2953428,39579
3,2953430,49186
3,2953434,53557
3,2953435,53604
3,2953436,61348
3,2953436,61350
3,2953436,61352
3,2953439,36251
3,2953440,76332
3,2953443,83670
3,2953449,38667
3,2953456,37581
3,2953458,16259
3,2953459,06567
3,2953460,83075
3,2953464,49152
3,2953482,79410
3,2953492,55576
3,2953493,37534
3,2953494,56291
3,2953498,23619
3,2953504,76530
3,2953504,76532
3,2953504,76534
3,2953507,56130
3,2953508,54657
3,2953509,08645
3,2953516,31707
3,2953520,78073
3,2953521,06231
3,2953522,67098
3,2953524,04849
3,2953525,33014
3,2953528,18209
3,2953529,73342
3,2953531,38271
3,2953534,88422
3,2953535,97769
3,2953536,53498
3,2953537,24576
3,2953538,08648
3,2953540,97708
3,2953541,07422
3,2953542,06647
3,2953543,56864
3,2953544,95460
3,2953545,57319
3,2953548,99438
3,2953549,76887
3,2953550,49635
3,2953552,48455
3,2953553,79415
3,2953558,83043
3,2953559,93077
3,2953568,71522
3,2953636,89431
3,2953662,89429
3,2953666,96528
3,2953682,57610
3,2953702,55422
3,2953768,83547
3,2953770,64832
3,2953771,87727
3,2953810,06408
3,2953825,86482
3,2953828,54441
3,2953829,85653
3,2953840,27729
3,2953841,06922
3,2953852,25715
3,2953866,25927
3,2953897,25548
3,2953932,94532
3,2953970,39393
3,2953989,24975
3,2954006,26603
3,2954006,26605
3,2954006,26607
3,2954012,97773
3,2954022,91589
3,2954024,97717
3,2954048,07955
3,2954054,65582
3,2954065,88326
3,2954069,99765
3,2954088,84072
3,2954120,86736
3,2954123,31553
3,2954127,09573
3,2954164,32832
3,2954168,06308
3,2954172,86150
3,2954172,86152
3,2954172,86153
3,2954172,86154
3,2954172,86156
3,2954172,86157
3,2954172,86159
3,2954172,86161
3,2954172,86163
3,2954172,86165
3,2954172,86167
3,2954172,86169
3,2954172,86179
3,2954172,86199
3,2954197,79424
3,2954213,91347
3,2954244,93089
3,2954601,09392
3,2954608,94530
3,2954641,55569
3,2954651,56357
3,2954695,08280
3,2954704,56766
3,2954723,97633
3,2954774,97239
3,2954775,76474
3,2954803,79280
3,2954874,39443
3,2954884,57629
3,2954897,94348
3,2954906,88448
3,2954910,85395
3,2954916,84091
3,2954921,56370
3,2954932,57439
3,2954963,06901
3,2954979,57627
3,2955007,85617
3,2955009,35614
3,2955025,89176
3,2955050,97959
3,2955053,55459
3,2955068,71679
3,2955071,38822
3,2955126,21271
3,2955127,27330
3,2955159,85609
3,2955168,06449
3,2955222,24358
3,2955223,24326
3,2955224,59387
3,2955250,67753
3,2955259,84544
3,2955272,63739
3,2955272,63741
3,2955272,63743
3,2955282,94347
3,2955315,53567
3,2955316,55758
3,2955363,54687
3,2955367,04886
3,2955368,95659
3,2955376,56337
3,2955389,21380
3,2955394,06556
3,2955410,93474
3,2955415,24634
3,2955421,34454
3,2955429,94424
3,2955431,97450
3,2955437,06333
3,2955439,99310
3,2955443,56244
3,2955459,01477
3,2955464,93473
3,2955471,59755
3,2955471,59757
3,2955471,59759
3,2955471,59821
3,2955471,59823
3,2955501,24376
3,2955501,24399
3,2955519,39596
3,2955527,93471
3,2955538,21769
3,2955541,24616
3,2955542,55288
3,2955570,25860
3,2955592,25767
3,2955598,37627
3,2955605,55496
3,2955610,55595
3,2955619,56729
3,2955626,86561
3,2955633,37318
3,2955645,54518
3,2955662,53533
3,2955697,91722
3,2955701,56769
3,2955722,77767
3,2955732,55437
3,2955745,25482
3,2955762,21279
3,2955770,99510
3,2955780,87742
3,2955787,99192
3,2955815,21641
3,2955817,26689
3,2955822,31552
3,2955835,85646
3,2955868,53533
3,2955914,82387
3,2955931,56729
3,2955936,91522
3,2955940,59609
3,2955951,76855
3,2955989,06308
3,2955999,06925
3,2956005,09456
3,2956014,49577
3,2956018,17389
3,2956019,17219
3,2956044,56584
3,2956081,06179
3,2956090,39326
3,2956093,16278
3,2956119,83454
3,2956143,99338
3,2956179,99189
3,2956206,56626
3,2956212,27446
3,2956253,82346
3,2956277,88279
3,2956310,73340
3,2956339,06317
3,2956378,84539
3,2956404,35287
3,2956434,90614
3,2956546,39439
3,2956564,86735
3,2956570,83123
3,2956584,21385
3,2956656,92224
3,2956657,86854
3,2956710,55232
3,2956715,63755
3,2956729,25486
3,2956772,55469
3,2956778,17375
3,2956787,87452
3,2956789,15328
3,2956801,17129
3,2956809,56858
3,2956847,88361
3,2956853,17214
3,2956875,54636
3,2956891,67122
3,2956893,54518
3,2956940,84503
3,2956951,85250
3,2956985,23881
3,2956987,09648
3,2956988,19069
3,2957021,68804
3,2957040,67317
3,2957043,56858
3,2957051,15345
3,2957061,19288
3,2957073,04626
3,2957087,17179
3,2957103,16247
3,2957108,71566
3,2957113,66484
3,2957133,75382
3,2957145,89605
3,2957148,88499
3,2957153,82278
3,2957207,84169
3,2957327,98587
3,2957341,06543
3,2957351,56288
3,2957437,17087
3,2957439,93177
3,2957459,72213
3,2957461,92665
3,2957463,63674
3,2957468,89281
3,2957469,86972
3,2957497,06642
3,2957499,72657
3,2957516,18445
3,2957528,86450
3,2957532,25335
3,2957538,29575
3,2957555,96264
3,2957557,23730
3,2957566,18556
3,2957567,57610
3,2957570,66903
3,2957588,24161
3,2957599,24340
3,2957631,39343
3,2957678,99991
3,2957681,66885
3,2957701,98701
3,2957735,92540
3,2957742,65624
3,2957773,04600
3,2957823,07338
3,2957829,48341
3,2957830,07768
3,2957834,01773
3,2957864,33184
3,2957869,55585
3,2957880,38707
3,2957883,53505
3,2957886,58762
3,2957938,93087
3,2957949,18573
3,2958016,24791
3,2958026,67482
3,2958028,71155
3,2958029,72655
3,2958036,03229
3,2958048,18233
3,2958066,24848
3,2958085,73776
3,2958092,92260
3,2958126,67577
3,2958128,36304
3,2958134,67821
3,2958141,52477
3,2958142,57518
3,2958143,54668
3,2958154,56237
3,2958173,72275
3,2958180,99195
3,2958186,57642
3,2958188,46519
3,2958211,31079
3,2958235,57610
3,2958251,25821
3,2958266,06542
3,2958268,06507
3,2958288,71573
3,2958296,89604
3,2958305,88348
3,2958309,86695
3,2958331,82239
3,2958355,88422
3,2958376,85391
3,2958391,90584
3,2958429,78476
3,2958431,55595
3,2958443,07426
3,2958446,56370
3,2958457,55758
3,2958479,25938
3,2958480,99310
3,2958486,56332
3,2958494,36211
3,2958509,31191
3,2958516,53347
3,2958518,27432
3,2958522,56828
3,2958523,49594
3,2958534,91236
3,2958535,73553
3,2958539,56859
3,2958545,95680
3,2958555,86480
3,2958557,91793
3,2958560,86733
3,2958575,78554
3,2958577,94501
3,2958580,52457
3,2958595,72458
3,2958595,72459
3,2958595,72461
3,2958603,23909
3,2958638,55234
3,2958641,66871
3,2958653,97320
3,2958696,76857
3,2958699,06279
3,2958707,73095
3,2958710,25767
3,2958713,07646
3,2958744,79774
3,2958756,83539
3,2958756,83544
3,2958781,06385
3,2958795,87648
3,2958798,88319
3,2958801,79677
3,2958802,94330
3,2958813,89344
3,2958831,83404
3,2958835,86447
3,2958846,56459
3,2958887,84089
3,2958904,71134
3,2958906,97491
3,2958908,94501
3,2958917,88317
3,2958937,78733
3,2958951,86479
3,2958956,73101
3,2958970,94529
3,2958975,86551
3,2959052,25885
3,2959053,25885
3,2959072,16356
3,2959083,22926
3,2959084,23623
3,2959140,96482
3,2959142,94527
3,2959143,94345
3,2959146,31708
3,2959150,29353
3,2959153,24996
3,2959174,98553
3,2959181,06313
3,2959205,21702
3,2959223,59227
3,2959223,59229
3,2959244,17375
3,2959244,17419
3,2959272,27367
3,2959279,48683
3,2959282,84168
3,2959296,74858
3,2959308,25560
3,2959318,21684
3,2959340,54689
3,2959341,27257
3,2959343,86444
3,2959368,71563
3,2959374,31855
3,2959390,08626
3,2959422,84166
3,2959475,31079
3,2959479,21365
3,2959482,38528
3,2959486,67742
3,2959489,53518
3,2959492,86559
3,2959498,86477
3,2959502,91587
3,2959504,82276
3,2959508,74740
3,2959513,91325
3,2959516,85111
3,2959530,73486
3,2959538,29352
3,2959548,37139
3,2959553,73099
3,2959621,25917
3,2959628,24239
3,2959655,55767
3,2959658,56729
3,2959659,88480
3,2959660,94250
3,2959681,28832
3,2959682,38312
3,2959686,77855
3,2959747,55568
3,2959749,97355
3,2959766,73453
3,2959771,06888
3,2959773,99713
3,2959779,25572
3,2959793,74232
3,2959803,91720
3,2959841,55767
3,2959842,93326
3,2959855,91183
3,2959885,38871
3,2959908,25560
3,2959927,73430
3,2959927,73431
3,2959927,73432
3,2959927,73433
3,2959927,73434
3,2959944,54298
3,2959946,78267
3,3204947,49577
3,3204961,54424
3,3204963,48465
3,3204977,23863
3,3204980,23795
3,3204998,06317
3,3205000,39249
3,3205010,94545
3,3205437,86974
3,3205523,82436
3,3205535,85635
3,3205552,87547
3,3205561,87466
3,3205570,82064
3,3205634,83358
3,3205634,83370
3,3205641,88171
3,3205645,78351
3,3205651,79805
3,3205653,78576
3,3205658,88634
3,3205666,79787
3,3205682,78259
3,3205690,88690
3,3205691,79777
3,3205924,47506
3,3206150,71546
3,3206151,77740
3,3206152,77776
3,3206153,75385
3,3206154,73560
3,3206164,71576
3,3206180,88484
3,3206188,75203
3,3206254,75223
3,3206256,75248
3,3206259,78604
3,3206269,78606
3,3206285,73660
3,3206402,31180
3,3206408,27336
3,3206682,84066
3,3206785,96146
3,3206926,91735
3,3206934,92353
3,3207000,96191
3,3207003,91365
3,3207077,37191
3,3207078,38707
3,3207089,06268
3,3207091,06198
3,3207095,39439
3,3207130,99441
3,3207136,99947
3,3207140,99718
3,3207142,99955
3,3207197,34246
3,3207220,37127
3,3207377,59519
3,3207383,32816
3,3207405,96486
3,3207410,96472
3,3207412,95195
3,3207454,07557
3,3207470,07646
3,3207488,07646
3,3207489,99310
3,3207490,07646
3,3207491,07589
3,3207512,66892
3,3207519,76857
3,3207523,54421
3,3207524,66996
3,3207525,55606
3,3207526,55768
3,3207528,67757
3,3207531,67822
3,3207532,54347
3,3207533,67752
3,3207535,67749
3,3207536,54518
3,3207537,66509
3,3207539,54528
3,3207540,66901
3,3207541,76889
3,3207548,55767
3,3207549,54492
3,3207679,53506
3,3207685,57587
3,3207690,56814
3,3207692,56237
3,3207697,56414
3,3207698,54552
3,3207699,56814
3,3207703,56821
3,3207706,54675
3,3207709,56283
3,3207731,56357
3,3207732,57644
3,3207733,53506
3,3207740,54619
3,3207741,54570
3,3207742,56462
3,3207746,57610
3,3207747,54570
3,3207750,53547
3,3207752,57581
3,3207753,56729
3,3207786,56330
3,3207803,56370
3,3207804,57629
3,3207806,56218
3,3207885,54578
3,3207891,56587
3,3207893,57520
3,3207894,56412
3,3207895,53562
3,3207904,56322
3,3207906,56459
3,3207947,57629
3,3207992,63825
3,3208006,97792
3,3208010,63877
3,3208053,61197
3,3208118,35641
3,3208130,65529
3,3208134,65396
3,3208294,25709
3,3208297,25355
3,3208299,24632
3,3208303,25365
3,3208304,25376
3,3208324,86663
3,3208325,85107
3,3208331,86833
3,3208334,89435
3,3208350,82288
3,3208353,89441
3,3208367,86938
3,3208380,85457
3,3208422,49770
3,3208432,48465
3,3208438,48480
3,3208505,26835
3,3208535,25853
3,3208536,24613
3,3208539,25852
3,3208540,25725
3,3208543,25924
3,3208545,25899
3,3208547,27498
3,3208549,25859
3,3208552,24941
3,3208554,25746
3,3208557,24405
3,3208559,25764
3,3208561,25938
3,3208562,24407
3,3208565,25920
3,3208567,24891
3,3208569,25782
3,3208572,25767
3,3208594,38372
3,3208595,38170
3,3208598,38274
3,3208599,38312
3,3208605,38277
3,3208606,31241
3,3208615,29386
3,3208618,38524
3,3208619,29593
3,3208620,38173
3,3208627,38170
3,3208736,14789
3,3209001,01561
3,3209055,06888
3,3209056,06682
3,3209070,21436
3,3209092,23858
3,3209099,19372
3,3209100,19230
3,3209142,02747
3,3209156,24256
3,3209174,18211
3,3209175,18209
3,3209176,18211
3,3209181,95185
3,3209193,09661
3,3209197,06712
3,3209257,77966
3,3209262,77866
3,3209310,53572
3,3209313,88371
3,3209418,78479
3,3209426,77836
3,3209903,56656
3,3210390,96364
3,3213222,25724
3,3213673,23858
3,3225056,56858
3,3225108,56235
3,3247449,52062
3,3247449,52064
3,3247449,52066
3,3247449,52068
3,3247449,52070
3,3247449,52072
3,3247449,52074
3,3247449,52076
3,3247449,52078
3,3247449,52080
3,3272450,76698
3,3272454,55271
3,3272455,67125
3,3272456,68789
3,3272457,67127
3,3272458,76689
3,3272459,76676
3,3272460,64546
3,3272461,76351
3,3272462,76831
3,3272463,67459
3,3272464,67126
3,3272934,64665
3,3272935,67596
3,3272941,64560
3,3272957,76879
3,3272963,55234
3,3274259,74211
3,3274966,97922
3,3274969,64754
3,3274976,63930
3,3274987,97901
3,3274989,63875
3,3278304,64750
3,3290055,76831
3,3336891,70794
3,3336892,73760
3,3336893,63110
3,3336894,26969
3,3336895,34260
3,3336896,89343
3,3337504,64342
3,6544447,36148
3,6547590,14624
3,6548670,02763
3,6558039,76287
3,6619303,79286
3,6639586,88682
3,6694210,91077
3,6949638,35768
3,7117230,77963
3,7144088,54427
3,7144169,54316
3,7302786,01920
3,7302786,01936
3,7576812,35466
3,7576935,35085
3,7580311,79875
3,7909809,52538
3,8051091,23769
3,8354429,07806
3,8714308,92348
3,9320468,53505
3,9972705,37133
3,9973269,35606
