parent_code,code,name,aliases
11353068,2656787,Aughnacloy,
11353068,2656512,Ballygawley,
11353068,2655974,Bellaghy,
11353068,2653595,Castledawson,
11353068,2652703,Coalisland,
11353068,2652417,Cookstown,
11353068,2651013,Draperstown,
11353068,2650729,Dungannon,
11353068,2649347,Fivemiletown,
11353068,2643211,Maghera,
11353068,2643208,Magherafelt,
11353068,2642349,Moneymore,
11353069,2657255,Antrim,
11353069,2656528,Ballyclare,
11353069,2653710,Carnmoney,
11353069,2651804,Crumlin,
11353069,2651198,Doagh,
11353069,2645943,Jordanstown,
11353069,2641520,Newtownabbey,
11353069,2639653,Randalstown,
11353069,2636113,Templepatrick,
11353070,8449353,Ballintoy Harbour,
11353070,2656531,Ballycastle,
11353070,2656500,Ballykelly,
11353070,2656488,Ballymoney,
11353070,11776668,Ballypatrick,
11353070,2654175,Bushmills,
11353070,2653554,Castlerock,
11353070,2652586,Coleraine,
11353070,2651676,Cushendall,
11353070,2650726,Dungiven,
11353070,2650709,Dunloy,
11353070,2648803,Garvagh,
11353070,2648538,Glenariff,
11353070,2645555,Kilrea,
11353070,2644501,Limavady,
11353070,2640004,Portrush,
11353070,2639991,Portstewart,
11353071,2656557,Ballinamallard,
11353071,2650976,Dromore,
11353071,2649984,Enniskillen,
11353071,2649398,Fintona,
11353071,2646029,Irvinestown,
11353071,2644400,Lisnaskea,
11353071,2641517,Newtownbutler,
11353071,2640967,Omagh,
11353071,2639116,Rosslea,
11353072,2657297,Annahilt,
11353072,2653656,Carryduff,
11353072,2650749,Dundonald,
11353072,2648529,Glenavy,
11353072,2646890,Hillsborough,
11353072,2644411,Lisburn,
11353072,2642376,Moira,
11353073,2656493,Ballymagorry,
11353073,2653594,Castlederg,
11353073,2651732,Culmore,
11353073,2643736,Derry,
11353073,2650184,Eglinton,
11353073,2641693,New Buildings,
11353073,2641511,Newtownstewart,
11353073,2637809,Sion Mills,
11353073,2636744,Strabane,
11353074,2656509,Ballygowan,
11353074,2656465,Ballywalter,
11353074,2656396,Bangor,
11353074,2652505,Comber,
11353074,2651133,Donaghadee,
11353074,2647905,Greyabbey,
11353074,2646670,Holywood,
11353074,2645329,Kircubbin,
11353074,2642511,Millisle,
11353074,2641519,Newtownards,
11353074,2640084,Portaferry,
11353074,2640078,Portavogie,
11353076,2657060,Armagh,
11353076,2656407,Banbridge,
11353076,3345440,Craigavon,
11353076,2651131,Donaghcloney,
11353076,2650977,Dromore,
11353076,2648669,Gilford,
11353076,2645917,Keady,
11353076,2644787,Lawrencetown,
11353076,2643205,Magheralin,
11353076,2642077,Moy,
11353076,2640085,Portadown,
11353076,2639621,Rathfriland,
11353076,2636271,Tandragee,
11353076,2634768,Waringstown,
11353077,2657295,Annalong,
11353077,2657182,Ardglass,
11353077,2656483,Ballynahinch,
11353077,2653534,Castlewellan,
11353077,2651876,Crossgar,
11353077,2651864,Crossmaglen,
11353077,2651023,Downpatrick,
11353077,2650739,Dundrum,
11353077,2645660,Kilkeel,
11353077,2645613,Killyleagh,
11353077,6695976,Newcastle,
11353077,2641581,Newry,
11353077,2641515,Newtownhamilton,
11353077,2639106,Rostrevor,
11353077,2638800,Saintfield,
11353077,2634743,Warrenpoint,
11353078,2657634,Ahoghill,
11353078,2656490,Ballymena,
11353078,2654515,Broughshane,
11353078,2653712,Carnlough,
11353078,2653680,Carrickfergus,
11353078,2652445,Connor,
11353078,2651738,Cullybackey,
11353078,2647957,Greenisland,
11353078,2644849,Larne,
11353078,2640059,Portglenone,
11353078,2634095,Whitehead,
12165737,2655095,Bournemouth,
12165737,2654634,Broadstone,
12165737,2653075,Christchurch,
12165737,12558043,Oakley,
12165737,2640601,Parkstone,
12165737,2640101,Poole,
12165737,2633863,Wimborne Minster,
13192427,2656711,Aynho,
13192427,2656662,Badby,
13192427,2656366,Barby,
13192427,2655381,Blakesley,
13192427,2655341,Blisworth,
13192427,2655012,Brackley,
13192427,2654861,Braunston,
13192427,2654660,Brixworth,
13192427,2654372,Bugbrooke,
13192427,2654137,Byfield,
13192427,2653416,Chacombe,
13192427,2653136,Chipping Warden,
13192427,2652822,Clipston,
13192427,2652641,Cogenhoe,
13192427,2652295,Cosgrove,
13192427,2651989,Crick,
13192427,2651855,Croughton,
13192427,2651485,Daventry,
13192427,2651461,Deanshanger,
13192427,2650433,East Haddon,
13192427,11593182,Evenley,
13192427,2649280,Flore,
13192427,2647988,Greatworth,
13192427,2647789,Guilsborough,
13192427,2647698,Hackleton,
13192427,2647497,Hardingstone,
13192427,2647446,Harpole,
13192427,2647388,Hartwell,
13192427,2647153,Helmdon,
13192427,9389147,Hinton,
13192427,2645551,Kilsby,
13192427,2645443,Kings Sutton,
13192427,2645176,Kislingbury,
13192427,2643714,Long Buckby,
13192427,2641874,Naseby,
13192427,6692751,Nether Heyford,
13192427,2641430,Northampton,
13192427,2640565,Pattishall,
13192427,2640562,Paulerspury,
13192427,2640245,Pitsford,
13192427,2639969,Potterspury,
13192427,2639296,Roade,
13192427,2637827,Silverstone,
13192427,2637200,Spratton,
13192427,2636342,Syresham,
13192427,2635597,Towcester,
13192427,2634888,Walgrave,
13192427,2634613,Weedon Bec,
13192427,2634589,Welford,
13192427,2634407,West Haddon,
13192427,2634011,Whittlebury,
13192427,2633418,Yardley Hastings,
13192427,2633383,Yelvertoft,
13192429,2656244,Barrowden,
13192429,2655026,Bozeat,
13192429,2654702,Brigstock,
13192429,2654509,Broughton,
13192429,2654208,Burton Latimer,
13192429,2652550,Collyweston,
13192429,2652381,Corby,
13192429,2652263,Cottingham,
13192429,2651311,Desborough,
13192429,2650552,Earls Barton,
13192429,2650361,Easton on the Hill,
13192429,2649428,Finedon,
13192429,2648739,Geddington,
13192429,2647924,Grendon,
13192429,2646985,Higham Ferrers,
13192429,2646055,Irchester,
13192429,2646034,Irthlingborough,
13192429,2646022,Isham,
13192429,2645753,Kettering,
13192429,2643786,Loddington,
13192429,2641869,Nassington,
13192429,2640825,Oundle,
13192429,2639600,Raunds,
13192429,2639337,Ringstead,
13192429,2639074,Rothwell,
13192429,2638946,Rushden,
13192429,2637074,Stanion,
13192429,2637034,Stanwick,
13192429,2636339,Sywell,
13192429,2635937,Thrapston,
13192429,2635770,Titchmarsh,
13192429,2634578,Wellingborough,
13192429,2633927,Wilbarston,
13192429,2633697,Wollaston,
13192429,2633657,Woodford,
2633351,7299713,Askham Bryan,
2633351,2656902,Askham Richard,
2633351,2655550,Bishopthorpe,
2633351,2652396,Copmanthorpe,
2633351,2651405,Deighton,
2633351,2650029,Elvington,
2633351,2648998,Fulford,
2633351,2647269,Haxby,
2633351,2647037,Heslington,
2633351,2646699,Holtby,
2633351,2646386,Huntington,
2633351,6955370,Murton,
2633351,2641776,Nether Poppleton,
2633351,2638980,Rufforth,
2633351,2637747,Skelton,
2633351,6692306,Stockton on the Forest,
2633351,2636667,Strensall,
2633351,2635111,Upper Poppleton,
2633351,2634165,Wheldrake,
2633351,2633942,Wigginton,
2633351,2633352,York,
2633484,2654450,Brymbo,
2633484,2653131,Chirk,
2633484,2652648,Coedpoeth,
2633484,2647919,Gresford,
2633484,2646700,Holt,
2633484,2643065,Marchwiel,
2633484,2640764,Overton,
2633484,2640458,Penley,
2633484,2639436,Rhosllannerchrugog,
2633484,2639123,Rossett,
2633484,2639014,Ruabon,
2633484,2633485,Wrexham,
2633560,2657395,Alvechurch,
2633560,2656916,Ashton under Hill,
2633560,2656855,Astwood Bank,
2633560,2656642,Badsey,
2633560,2656277,Barnt Green,
2633560,2655992,Belbroughton,
2633560,2655871,Beoley,
2633560,2655781,Bewdley,
2633560,2655584,Bishampton,
2633560,2654884,Bransford,
2633560,2654807,Bredon,
2633560,2654628,Broadway,
2633560,2654579,Bromsgrove,
2633560,8063564,Callow Hill,
2633560,2653170,Childswickham,
2633560,2652884,Cleeve Prior,
2633560,2652829,Clifton upon Teme,
2633560,9409252,Cotheridge,
2633560,2651408,Defford,
2633560,2650983,Droitwich,
2633560,2650265,Eckington,
2633560,2649833,Evesham,
2633560,8063563,Far Forest,
2633560,2649528,Fernhill Heath,
2633560,2649345,Fladbury,
2633560,2648063,Great Malvern,
2633560,2647989,Great Witley,
2633560,2647662,Hagley,
2633560,2647612,Hallow,
2633560,9199785,Hanley Swan,
2633560,2647401,Hartlebury,
2633560,2647386,Harvington,
2633560,2653035,Honeybourne,
2633560,2646616,Hopwood,
2633560,2646190,Inkberrow,
2633560,2645833,Kempsey,
2633560,2645724,Kidderminster,
2633560,2645411,Kington,
2633560,2644661,Leigh,
2633560,9166738,Lower Broadheath,
2633560,2640966,Ombersley,
2633560,2640531,Pebworth,
2633560,2640376,Peopleton,
2633560,2640360,Pershore,
2633560,2639557,Redditch,
2633560,2639187,Romsley,
2633560,2638261,Sedgeberrow,
2633560,13060431,Shelsley Walsh,
2633560,2637382,South Littleton,
2633560,2636837,Stoke Prior,
2633560,2636823,Stone,
2633560,2636767,Stourport-on-Severn,
2633560,2636105,Tenbury Wells,
2633560,2635080,Upton upon Severn,
2633560,2634586,Welland,
2633560,8224212,Wickhamford,
2633560,2633563,Worcester,
2633560,6620429,Wychbold,
2633840,2656992,Ascot,
2633840,2655585,Bisham,
2633840,2654853,Bray,
2633840,2652423,Cookham,
2633840,2651492,Datchet,
2633840,2649873,Eton,
2633840,6942331,Eton Wick,
2633840,12750102,Furze Platt,
2633840,2646548,Horton,
2633840,2646369,Hurley,
2633840,2643186,Maidenhead,
2633840,2640981,Old Windsor,
2633840,12750103,Pinkneys Green,
2633840,2636520,Sunningdale,
2633840,2636518,Sunninghill,
2633840,2634839,Waltham St Lawrence,
2633840,2634053,White Waltham,
2633840,2633842,Windsor,
2633868,2657562,Aldbourne,
2633868,2657551,Alderbury,
2633868,2657474,Allington,
2633868,2657355,Amesbury,
2633868,2657270,Ansty,
2633868,2656917,Ashton Keynes,
2633868,2656833,Atworth,
2633868,2656760,Avebury,
2633868,2656346,Barford St Martin,
2633868,2656138,Baydon,
2633868,2655710,Biddestone,
2633868,2655554,Bishopstone,
2633868,2655552,Bishopstrow,
2633868,2655188,Boreham,
2633868,2655067,Bower Chalke,
2633868,2655046,Box,
2633868,3345425,Boyton,
2633868,2654991,Bradford on Avon,
2633868,2654866,Bratton,
2633868,2654795,Bremhill,
2633868,2654655,Broad Chalke,
2633868,2654647,Broad Hinton,
2633868,2654501,Broughton Gifford,
2633868,2654357,Bulford,
2633868,2654356,Bulkington,
2633868,2654320,Burbage,
2633868,2653974,Calne,
2633868,3345420,Chapmanslade,
2633868,2653327,Charlton,
2633868,2653253,Cherhill,
2633868,2653187,Chicklade,
2633868,2653160,Chilmark,
2633868,2653152,Chilton Foliat,
2633868,2653144,Chippenham,
2633868,2653070,Christian Malford,
2633868,2652659,Codford,
2633868,2652585,Colerne,
2633868,2652560,Collingbourne Ducis,
2633868,2652559,Collingbourne Kingston,
2633868,2652318,Corsham,
2633868,2652316,Corsley,
2633868,2651985,Cricklade,
2633868,2651810,Crudwell,
2633868,2651294,Devizes,
2633868,2651236,Dinton,
2633868,2651020,Downton,
2633868,2650619,Durnford,
2633868,2650615,Durrington,
2633868,2650218,Edington,
2633868,2649936,Erlestoke,
2633868,2649129,Fovant,
2633868,2648972,Fyfield,
2633868,2648163,Great Bedwyn,
2633868,2648017,Great Somerford,
2633868,2647526,Hankerton,
2633868,2646998,Heytesbury,
2633868,2646858,Hindon,
2633868,2646703,Holt,
2633868,2646448,Huish,
2633868,2646444,Hullavington,
2633868,2645591,Kilmington,
2633868,3345436,Kington Langley,
2633868,2645072,Lacock,
2633868,2644852,Lark Hill,
2633868,6940297,Latton,
2633868,2644767,Lea,
2633868,2644663,Leigh,
2633868,2644492,Limpley Stoke,
2633868,2643443,Luckington,
2633868,2643429,Ludgershall,
2633868,2643322,Lydiard Millicent,
2633868,2643321,Lydiard Tregoze,
2633868,2643298,Lyneham,
2633868,2643146,Malmesbury,
2633868,2643025,Market Lavington,
2633868,2643010,Marlborough,
2633868,3345429,Marston,
2633868,2642786,Melksham,
2633868,2642730,Mere,
2633868,2642572,Middle Winterslow,
2633868,2642544,Mildenhall,
2633868,2642480,Milston,
2633868,2642448,Minety,
2633868,11524161,Monkton Farleigh,
2633868,3345432,Neston,
2633868,2641792,Netheravon,
2633868,2641758,Nettleton,
2633868,2641413,North Bradley,
2633868,2641212,North Wraxall,
2633868,2641207,Norton,
2633868,2641117,Oaksey,
2633868,2640995,Old Sarum,
2633868,2640327,Pewsey,
2633868,2640238,Pitton,
2633868,2639971,Potterne,
2633868,2639840,Purton,
2633868,2639667,Ramsbury,
2633868,2639048,Rowde,
2633868,2633571,Royal Wootton Bassett,
2633868,2638951,Rushall,
2633868,2638664,Salisbury,
2633868,2638252,Seend,
2633868,2638209,Semington,
2633868,2638153,Shalbourne,
2633868,2638013,Sherston,
2633868,2637890,Shrewton,
2633868,2637287,Southwick,
2633868,2637025,Stapleford,
2633868,2636970,Steeple Ashton,
2633868,3345423,Stockton,
2633868,2636490,Sutton Benger,
2633868,3345428,Sutton Veny,
2633868,2637310,Tidworth,
2633868,2635774,Tisbury,
2633868,2635427,Trowbridge,
2633868,2635082,Upton Scudamore,
2633868,2635072,Urchfont,
2633868,2634755,Warminster,
2633868,2634483,Westbury,
2633868,2634228,Westwood,
2633868,2634065,Whiteparish,
2633868,3345347,Whitley,
2633868,2633879,Wilsford,
2633868,2633874,Wilton,
2633868,2633823,Wingfield,
2633868,2633791,Winterbourne Stoke,
2633868,2633673,Woodborough,
2633868,2633659,Woodford,
2633868,2633513,Worton,
2633868,2633402,Yatton Keynell,
2633868,2633326,Zeals,
2634258,2657364,Amberley,
2634258,2657177,Ardingly,
2634258,2656997,Arundel,
2634258,2656947,Ashington,
2634258,2656914,Ashurst,
2634258,2656600,Balcombe,
2634258,2656293,Barnham,
2634258,10244169,Barns Green,
2634258,6621546,Bewbush,
2634258,2655662,Billingshurst,
2634258,2655622,Birdham,
2634258,2655262,Bognor Regis,
2634258,2655244,Bolney,
2634258,2655143,Bosham,
2634258,2655043,Boxgrove,
2634258,6621545,Broadfield,
2634258,2654308,Burgess Hill,
2634258,2653192,Chichester,
2634258,2652598,Coldwaltham,
2634258,6619985,Copthorne,
2634258,2652202,Cowfold,
2634258,2652053,Crawley,
2634258,6930866,Crawley Down,
2634258,2651788,Cuckfield,
2634258,2650435,East Grinstead,
2634258,2650311,East Wittering,
2634258,2649527,Fernhurst,
2634258,2649432,Findon,
2634258,2649377,Fishbourne,
2634258,2649353,Fittleworth,
2634258,6457269,Fontwell,
2634258,9409253,Fulking,
2634258,6621542,Furnace Green,
2634258,2648300,Goring-by-Sea,
2634258,6621547,Gossops Green,
2634258,2648243,Graffham,
2634258,2647534,Handcross,
2634258,2647359,Hassocks,
2634258,2647248,Haywards Heath,
2634258,2647111,Henfield,
2634258,2646557,Horsham,
2634258,2646550,Horsted Keynes,
2634258,2646355,Hurstpierpoint,
2634258,2645328,Kirdford,
2634258,2641319,Lancing,
2634258,6621548,Langley Green,
2634258,2644319,Littlehampton,
2634258,2643461,Loxwood,
2634258,6621541,Maidenbower,
2634258,2642567,Midhurst,
2634258,10099992,Milland,
2634258,2640589,Partridge Green,
2634258,2640332,Petworth,
2634258,2639864,Pulborough,
2634258,2638992,Rudgwick,
2634258,2638934,Rusper,
2634258,2638930,Rustington,
2634258,2638219,Selsey,
2634258,2637916,Shoreham-by-Sea,
2634258,2637634,Slinfold,
2634258,6457267,Small Dole,
2634258,2637410,South Harting,
2634258,2637356,South Nutfield,
2634258,2637298,Southwater,
2634258,2636978,Stedham,
2634258,2636928,Steyning,
2634258,2636786,Storrington,
2634258,2636262,Tangmere,
2634258,2635337,Turners Hill,
2634258,2634906,Walberton,
2634258,2634749,Warnham,
2634258,2634716,Washington,
2634258,2634231,West Wittering,
2634258,8063669,Westergate,
2634258,2633767,Wisborough Green,
2634258,2633521,Worthing,
2634258,2633422,Yapton,
2634354,11592106,Addiebrownhill,
2634354,2657067,Armadale,
2634354,2656169,Bathgate,
2634354,2655523,Blackburn,
2634354,11592119,Blackridge,
2634354,11592120,Bridgend,
2634354,2654480,Broxburn,
2634354,11592141,Dechmont,
2634354,2650489,East Calder,
2634354,11592279,East Whitburn,
2634354,2649624,Fauldhouse,
2634354,2645241,Kirknewton,
2634354,2644444,Linlithgow,
2634354,2644204,Livingston,
2634354,11592151,Longridge,
2634354,2642632,Mid Calder,
2634354,11592289,Polbeth,
2634354,11592211,Seafield,
2634354,11592214,Stoneyburn,
2634354,2635653,Torphichen,
2634354,2634477,West Calder,
2634354,2634137,Whitburn,
2634354,11592024,Winchburgh,
2634428,2638535,Sandwick,
2634428,2636790,Stornoway,
2634723,2657566,Alcester,
2634723,2656848,Atherstone,
2634723,2656837,Attleborough,
2634723,2656763,Austrey,
2634723,2656089,Bearley,
2634723,2656031,Bedworth,
2634723,2655705,Bidford-on-Avon,
2634723,2654897,Brandon,
2634723,2654683,Brinklow,
2634723,2654431,Bubbenhall,
2634723,2652920,Claverdon,
2634723,6693491,Curdworth,
2634723,2650761,Dunchurch,
2634723,10104836,Earlswood,
2634723,2650301,Ettington,
2634723,2649805,Exhall,
2634723,2649669,Farnborough,
2634723,2649553,Fenny Compton,
2634723,2649454,Fillongley,
2634723,2647502,Harbury,
2634723,2647391,Hartshill,
2634723,2647335,Hatton,
2634723,2647102,Henley in Arden,
2634723,2646266,Ilmington,
2634723,2645822,Kenilworth,
2634723,2645510,Kineton,
2634723,2645483,Kingsbury,
2634723,2644683,Leek Wootton,
2634723,2643711,Long Compton,
2634723,2643674,Long Itchington,
2634723,2643673,Long Lawford,
2634723,2643534,Lower Brailes,
2634723,2641888,Napton on the Hill,
2634723,2641711,Newbold on Stour,
2634723,2641535,Newton Regis,
2634723,2641157,Nuneaton,
2634723,2640680,Pailton,
2634723,2640173,Polesworth,
2634723,2639884,Priors Marston,
2634723,2644737,Royal Leamington Spa,
2634723,2638978,Rugby,
2634723,2638892,Ryton on Dunsmore,
2634723,2638670,Salford Priors,
2634723,2637954,Shipston on Stour,
2634723,2637575,Snitterfield,
2634723,2637488,Southam,
2634723,2636878,Stockton,
2634723,2636713,Stratford-upon-Avon,
2634723,2636594,Studley,
2634723,2634725,Warwick,
2634723,2634682,Water Orton,
2634723,2634582,Wellesbourne,
2634723,2634581,Wellesbourne Mountford,
2634723,2633887,Wilmcote,
2634723,2633692,Wolston,
2634723,2633685,Wolvey,
2634723,2633474,Wroxall,
2635028,2656235,Barry,
2635028,2652209,Cowbridge,
2635028,2651248,Dinas Powys,
2635028,2649821,Ewenny,
2635028,2644044,Llangan,
2635028,2643933,Llantwit Major,
2635028,3345313,Ogmore-by-Sea,
2635028,2640496,Penarth,
2635028,2640455,Penllyn,
2635028,2639444,Rhoose,
2635028,2634525,Wenvoe,
2635028,2633985,Wick,
2635885,2656759,Aveley,
2635885,11184861,Bulphan,
2635885,2650325,East Tilbury,
2635885,2648182,Grays,
2635885,2646590,Horndon on the Hill,
2635885,2640890,Orsett,
2635885,2639845,Purfleet-on-Thames,
2635885,2637355,South Ockendon,
2635885,2637087,Stanford-le-Hope,
2635885,2635836,Tilbury,
2635885,2634251,West Thurrock,
2636512,2657676,Addlestone,
2636512,2657568,Albury,
2636512,10244162,Alfold Crossways,
2636512,2656913,Ash Vale,
2636512,2656954,Ashford,
2636512,2656924,Ashtead,
2636512,2656632,Bagshot,
2636512,2656379,Banstead,
2636512,2655807,Betchworth,
2636512,2655352,Bletchingley,
2636512,2655344,Blindley Heath,
2636512,2654924,Bramley,
2636512,7116367,Burpham,
2636512,2654136,Byfleet,
2636512,2653947,Camberley,
2636512,2653855,Capel,
2636512,2653520,Caterham,
2636512,2653319,Charlwood,
2636512,2653239,Chertsey,
2636512,2653183,Chiddingfold,
2636512,2653149,Chilworth,
2636512,2653134,Chipstead,
2636512,2653109,Chobham,
2636512,6620426,Churt,
2636512,2652689,Cobham,
2636512,2652082,Cranleigh,
2636512,2651422,Deepcut,
2636512,2651095,Dorking,
2636512,2651093,Dormansland,
2636512,2651021,Downside,
2636512,2650411,East Horsley,
2636512,2650376,East Molesey,
2636512,2650188,Egham,
2636512,2650051,Elstead,
2636512,2649957,Epsom,
2636512,2649911,Esher,
2636512,2649817,Ewhurst,
2636512,10376314,Fairlands,
2636512,2649660,Farnham,
2636512,2649585,Felbridge,
2636512,7287910,Fetcham,
2636512,2649052,Frimley,
2636512,10104050,Frimley Green,
2636512,2648372,Godalming,
2636512,2648363,Godstone,
2636512,2648154,Great Bookham,
2636512,2647793,Guildford,
2636512,2647365,Haslemere,
2636512,10104026,Headley,
2636512,6690831,Hinchley Wood,
2636512,2646863,Hindhead,
2636512,2646732,Holmbury St Mary,
2636512,2646706,Holmwood,
2636512,2646606,Horley,
2636512,2645419,Kingswood,
2636512,6693245,Knaphill,
2636512,2644726,Leatherhead,
2636512,7116406,Lightwater,
2636512,2644455,Lingfield,
2636512,2644369,Little Bookham,
2636512,2643701,Long Ditton,
2636512,2643705,Longcross,
2636512,2643512,Lower Kingswood,
2636512,10104043,Mayford,
2636512,2642711,Merstham,
2636512,2642642,Mickleham,
2636512,2642537,Milford,
2636512,2641924,Mytchett,
2636512,2641654,Newdigate,
2636512,2641447,Normandy,
2636512,2641144,Nutfield,
2636512,2641090,Ockley,
2636512,2640840,Ottershaw,
2636512,2640718,Oxshott,
2636512,2640717,Oxted,
2636512,6693640,Peaslake,
2636512,2640269,Pirbright,
2636512,2639833,Puttenham,
2636512,2639820,Pyrford,
2636512,2639545,Redhill,
2636512,2639506,Reigate,
2636512,2639326,Ripley,
2636512,12238236,Rowledge,
2636512,9884102,Rushmoor,
2636512,2638669,Salfords,
2636512,2638297,Seale,
2636512,2638207,Send,
2636512,2638150,Shalford,
2636512,10104055,Sheerwater,
2636512,2638039,Shepperton,
2636512,2638026,Shere,
2636512,6947761,Sidlow,
2636512,2637126,Staines,
2636512,2637035,Stanwell,
2636512,2636534,Sunbury-on-Thames,
2636512,2636331,Tadworth,
2636512,2636062,Thames Ditton,
2636512,2635954,Thorpe,
2636512,6620367,Virginia Water,
2636512,2634825,Walton-on-Thames,
2636512,2634759,Warlingham,
2636512,2634478,West Byfleet,
2636512,2634469,West Clandon,
2636512,2634388,West Horsley,
2636512,2634340,West Molesey,
2636512,2634465,Westcott,
2636512,10104025,Westhumble,
2636512,2634204,Weybridge,
2636512,2633993,Whyteleafe,
2636512,2633849,Windlesham,
2636512,2633731,Witley,
2636512,2633709,Woking,
2636512,2633707,Woldingham,
2636512,10376313,Wood Street Village,
2636512,10171168,Wormley,
2636561,2657557,Aldeburgh,
2636561,2656668,Bacton,
2636561,2656640,Badwell Ash,
2636561,2656351,Bardwell,
2636561,2656300,Barnby,
2636561,2656290,Barningham,
2636561,6693613,Barton Mills,
2636561,2656067,Beccles,
2636561,7874329,Beyton,
2636561,2655673,Bildeston,
2636561,2655134,Botesdale,
2636561,2655044,Boxford,
2636561,2654928,Bramford,
2636561,2654607,Brockley,
2636561,2654395,Bucklesham,
2636561,2654327,Bungay,
2636561,2654313,Bures Saint Mary,
2636561,2654186,Bury St Edmunds,
2636561,2653845,Capel Saint Mary,
2636561,2653476,Cavendish,
2636561,2653282,Chedburgh,
2636561,2653268,Chelmondiston,
2636561,2652941,Clare,
2636561,2652909,Claydon,
2636561,2652662,Coddenham,
2636561,2652422,Cookley,
2636561,2651436,Debenham,
2636561,2650499,East Bergholt,
2636561,2650068,Elmswell,
2636561,2649799,Exning,
2636561,2649789,Eye,
2636561,2649579,Felixstowe,
2636561,2649104,Framlingham,
2636561,2649066,Fressingfield,
2636561,2648751,Gazeley,
2636561,2648621,Gislingham,
2636561,2648549,Glemsford,
2636561,2648164,Great Barton,
2636561,2648106,Great Finborough,
2636561,2647999,Great Waldingfield,
2636561,2647815,Grundisburgh,
2636561,2647678,Hadleigh,
2636561,2647638,Halesworth,
2636561,2647329,Haughley,
2636561,2647310,Haverhill,
2636561,2647103,Henley,
2636561,2647077,Hepworth,
2636561,2646827,Hitcham,
2636561,2646778,Holbrook,
2636561,2646750,Hollesley,
2636561,2646621,Hopton,
2636561,6620336,Horringer,
2636561,2646414,Hundon,
2636561,2646057,Ipswich,
2636561,2645983,Ixworth,
2636561,2645900,Kedington,
2636561,6301921,Kesgrave,
2636561,2645761,Kessingland,
2636561,2645020,Lakenheath,
2636561,2644803,Lavenham,
2636561,2644785,Lawshall,
2636561,2644779,Laxfield,
2636561,2644642,Leiston,
2636561,2643661,Long Melford,
2636561,2643490,Lowestoft,
2636561,2642780,Mellis,
2636561,2642750,Mendlesham,
2636561,2642543,Mildenhall,
2636561,2642329,Monks Eleigh,
2636561,2642125,Moulton,
2636561,2641850,Nayland,
2636561,2641828,Needham Market,
2636561,2641616,Newmarket,
2636561,2641102,Occold,
2636561,2641003,Old Newton,
2636561,2640930,Orford,
2636561,2640858,Otley,
2636561,2640674,Pakenham,
2636561,2640537,Peasenhall,
2636561,2639496,Rendlesham,
2636561,2639382,Rickinghall,
2636561,2639318,Risby,
2636561,2638464,Saxmundham,
2636561,2637908,Shotley,
2636561,2637906,Shotley Gate,
2636561,2637277,Southwold,
2636561,2637183,Sproughton,
2636561,2636864,Stoke by Clare,
2636561,2636749,Stowmarket,
2636561,2636738,Stradbroke,
2636561,2636578,Stutton,
2636561,2636564,Sudbury,
2636561,2635998,Thorndon,
2636561,2635877,Thurston,
2636561,2634663,Wattisham,
2636561,2633971,Wickham Market,
2636561,2633972,Wickhambrook,
2636561,2633671,Woodbridge,
2636561,2633595,Woolpit,
2636561,2633545,Worlington,
2636561,2633544,Worlingworth,
2636561,2633488,Wrentham,
2636561,2633344,Yoxford,
2636909,2657816,Aberfoyle,
2636909,2656584,Balfron,
2636909,2656382,Bannockburn,
2636909,2654747,Bridge of Allan,
2636909,2654421,Buchlyvie,
2636909,2653989,Callander,
2636909,2653938,Cambusbarron,
2636909,2652198,Cowie,
2636909,2651060,Doune,
2636909,2650894,Drymen,
2636909,2650769,Dunblane,
2636909,11592149,Fallin,
2636909,2648872,Gargunnock,
2636909,2645645,Killearn,
2636909,2645632,Killin,
2636909,2645346,Kippen,
2636909,2640219,Plean,
2636909,2636910,Stirling,
2636909,2636707,Strathblane,
2636909,2635980,Thornhill,
2637141,2657870,Abbots Bromley,
2637141,2657689,Acton Trussell,
2637141,2657432,Alrewas,
2637141,2657054,Armitage,
2637141,2656792,Audley,
2637141,2656325,Barlaston,
2637141,2656207,Barton under Needwood,
2637141,12123208,"Basford, Stoke-on-Trent",
2637141,2655802,Betley,
2637141,2655708,Biddulph,
2637141,2654985,Bradley,
2637141,2654911,Bramshall,
2637141,2654767,Brewood,
2637141,2654252,Burntwood,
2637141,2654200,Burton upon Trent,
2637141,2653883,Cannock,
2637141,2653307,Chasetown,
2637141,2653292,Cheadle,
2637141,2653279,Cheddleton,
2637141,2652836,Clifton Campville,
2637141,2652653,Codsall,
2637141,2652516,Colwich,
2637141,11551146,Coven,
2637141,2651339,Derrington,
2637141,2650274,Eccleshall,
2637141,2650222,Edingale,
2637141,2650123,Elford,
2637141,2649999,Endon,
2637141,6693239,Essington,
2637141,2649609,Fazeley,
2637141,6692918,Featherstone,
2637141,2648999,Fulford,
2637141,2648383,Gnosall,
2637141,11549422,Great Haywood,
2637141,2647985,Great Wyrley,
2637141,2647325,Haughton,
2637141,8063654,Hopwas,
2637141,2646058,Ipstones,
2637141,2645897,Keele,
2637141,2645721,Kidsgrove,
2637141,2645458,Kingsley,
2637141,2645349,Kinvere,
2637141,2644684,Leek,
2637141,2644531,Lichfield,
2637141,2643234,Madeley,
2637141,2643068,Marchington,
2637141,2642876,Mayfield,
2637141,2641674,Newcastle under Lyme,
2637141,2641193,Norton Canes,
2637141,2640566,Pattingham,
2637141,2640460,Penkridge,
2637141,2638977,Rugeley,
2637141,2638239,Seisdon,
2637141,2638126,Shareshill,
2637141,2638047,Shenstone,
2637141,2637142,Stafford,
2637141,2637093,Standon,
2637141,2636822,Stone,
2637141,2636276,Tamworth,
2637141,2635043,Uttoxeter,
2637141,2634170,Wheaton Aston,
2637141,2634015,Whittington,
2637141,2633683,Wombourne,
2637141,2633345,Yoxall,
2637532,2656965,Ashcott,
2637532,2656730,Axbridge,
2637532,2656428,Baltonsborough,
2637532,2656055,Beckington,
2637532,2655564,Bishops Lydeard,
2637532,3345372,Blackford,
2637532,2654786,Brent Knoll,
2637532,2654730,Bridgwater,
2637532,2654454,Bruton,
2637532,2654269,Burnham-on-Sea,
2637532,2654163,Butleigh,
2637532,2653792,Carhampton,
2637532,2653601,Castle Cary,
2637532,2653346,Chard,
2637532,2653281,Cheddar,
2637532,2653175,Chilcompton,
2637532,6640031,Chilthorne Domer,
2637532,2652291,Cossington,
2637532,2652030,Creech Saint Michael,
2637532,2652000,Crewkerne,
2637532,3345408,Croscombe,
2637532,2651680,Curry Rivel,
2637532,2651008,Draycott,
2637532,2650804,Dulverton,
2637532,3345388,East Brent,
2637532,3345376,East Huntspill,
2637532,6693024,Edingworth,
2637532,2649842,Evercreech,
2637532,2649348,Fivehead,
2637532,2649024,Frome,
2637532,2648559,Glastonbury,
2637532,2647369,Haselbury Plucknett,
2637532,6693561,Henlade,
2637532,2647088,Henstridge,
2637532,2647087,Henton,
2637532,2646977,Highbridge,
2637532,2646775,Holcombe,
2637532,2646377,Huntspill,
2637532,2646279,Ilchester,
2637532,2646265,Ilminster,
2637532,2646263,Ilton,
2637532,2645482,Kingsbury Episcopi,
2637532,6620458,Langford Budville,
2637532,2644914,Langport,
2637532,13276194,Lower Vagg,
2637532,2643307,Lympsham,
2637532,2643035,Mark,
2637532,2642967,Marston Magna,
2637532,2642947,Martock,
2637532,2642776,Mells,
2637532,8299865,Merriott,
2637532,2642571,Middlezoy,
2637532,2642549,Milborne Port,
2637532,2642457,Milverton,
2637532,2642450,Minehead,
2637532,2642308,Montacute,
2637532,2641774,Nether Stowey,
2637532,2641409,North Cadbury,
2637532,2641379,North Curry,
2637532,2641284,North Petherton,
2637532,2641183,Norton St Philip,
2637532,2641154,Nunney,
2637532,2641126,Oakhill,
2637532,7670876,Odcombe,
2637532,2640859,Othery,
2637532,2640554,Pawlett,
2637532,2640282,Pilton,
2637532,2640088,Porlock,
2637532,2639844,Puriton,
2637532,2639795,Queen Camel,
2637532,2639536,Redlynch,
2637532,2639240,Rode,
2637532,2638129,Shapwick,
2637532,2638035,Shepton Mallet,
2637532,2637961,Shipham,
2637532,2637347,South Petherton,
2637532,2636870,Stogursey,
2637532,6691925,Stoke St Michael,
2637532,8299847,Stoke-sub-Hamdon,
2637532,2636679,Stratton-on-the-Fosse,
2637532,2636671,Street,
2637532,2636177,Taunton,
2637532,2636120,Templecombe,
2637532,2635790,Tintinhull,
2637532,2634719,Washford,
2637532,2634704,Watchet,
2637532,2634618,Wedmore,
2637532,2634569,Wells,
2637532,2634471,West Chinnock,
2637532,2634468,West Coker,
2637532,2634294,West Pennard,
2637532,2634484,Westbury-sub-Mendip,
2637532,2634300,Westonzoyland,
2637532,2633894,Williton,
2637532,2633861,Wincanton,
2637532,2633809,Winsham,
2637532,2633720,Wiveliscombe,
2637532,2633610,Wookey,
2637532,3345375,Woolavington,
2637532,2633373,Yeovil,
2638010,2654970,Brae,
2638010,2644605,Lerwick,
2638010,2638534,Sandwick,
2638010,2638439,Scalloway,
2638010,8426371,Symbister,
2638384,2646452,Hugh Town,
2638655,2657696,Acton,
2638655,2657693,Acton Burnell,
2638655,2657571,Albrighton,
2638655,2657393,Alveley,
2638655,2656985,Ash,
2638655,2656877,Astley,
2638655,2656197,Baschurch,
2638655,2656129,Bayston Hill,
2638655,2655839,Berrington,
2638655,2655715,Bicton,
2638655,2655572,Bishop's Castle,
2638655,2654731,Bridgnorth,
2638655,2654591,Bromfield,
2638655,2654539,Broseley,
2638655,2654389,Bucknell,
2638655,2653812,Cardington,
2638655,2653214,Cheswardine,
2638655,2653021,Church Stretton,
2638655,2652918,Claverley,
2638655,2652874,Cleobury Mortimer,
2638655,2652818,Clive,
2638655,2652757,Clun,
2638655,2652664,Cockshutt,
2638655,2652470,Condover,
2638655,2652061,Craven Arms,
2638655,2652013,Cressage,
2638655,2651204,Ditton Priors,
2638655,2651081,Dorrington,
2638655,2650562,Eardington,
2638655,2650097,Ellesmere,
2638655,2649237,Ford,
2638655,2648373,Gobowen,
2638655,2648087,Great Hanwood,
2638655,2648051,Great Ness,
2638655,2647549,Hampton,
2638655,2647465,Harley,
2638655,2646941,Highley,
2638655,2646853,Hinstock,
2638655,2645820,Kenley,
2638655,2643651,Longnor,
2638655,2643556,Loughton,
2638655,2643425,Ludlow,
2638655,2643323,Lydham,
2638655,2643172,Mainstone,
2638655,2643028,Market Drayton,
2638655,2642433,Minsterley,
2638655,2642054,Much Wenlock,
2638655,2641465,Norbury,
2638655,2640861,Oswestry,
2638655,2640646,Pant,
2638655,2640334,Petton,
2638655,2640129,Pontesbury,
2638655,2639935,Prees,
2638655,2639186,Romsley,
2638655,2638917,Ruyton-XI-Towns,
2638655,2638894,Ryton,
2638655,2638111,Shawbury,
2638655,2637985,Shifnal,
2638655,2637891,Shrewsbury,
2638655,2636829,Stoke upon Tern,
2638655,2635814,Tilstock,
2638655,2635698,Tong,
2638655,2635534,Trefonen,
2638655,2634550,Wem,
2638655,2634421,West Felton,
2638655,2634481,Westbury,
2638655,2634124,Whitchurch,
2638655,2634014,Whittington,
2638655,2633738,Withington,
2638655,2633580,Woore,
2638918,2656910,Ashwell,
2638918,2654566,Brooke,
2638918,2654286,Burley,
2638918,2652823,Clipsham,
2638918,2652264,Cottesmore,
2638918,2650217,Edith Weston,
2638918,2650006,Empingham,
2638918,2649892,Essendine,
2638918,2649796,Exton,
2638918,2647934,Greetham,
2638918,2645741,Ketton,
2638918,2644932,Langham,
2638918,2643090,Manton,
2638918,2643024,Market Overton,
2638918,2642235,Morcott,
2638918,2641310,North Luffenham,
2638918,2641128,Oakham,
2638918,2640307,Pickworth,
2638918,2639914,Preston,
2638918,2639367,Ridlington,
2638918,2638902,Ryhall,
2638918,2638277,Seaton,
2638918,2637380,South Luffenham,
2638918,2635860,Tickencote,
2638918,2635787,Tinwell,
2638918,2635101,Uppingham,
2638918,2633829,Wing,
2639494,2655548,Bishopton,
2639494,2654736,Bridge of Weir,
2639494,11592122,Brookfield,
2639494,2650128,Elderslie,
2639494,6639623,Erskine,
2639494,2647292,Hawkhead,
2639494,2646507,Houston,
2639494,2646480,Howwood,
2639494,2646243,Inchinnan,
2639494,2645951,Johnstone,
2639494,2645714,Kilbarchan,
2639494,2644949,Langbank,
2639494,11551012,Linwood,
2639494,2643797,Lochwinnoch,
2639494,2640677,Paisley,
2639494,2639495,Renfrew,
2639944,2657795,Abermule,
2639944,2654817,Brecon,
2639944,2654359,Builth Wells,
2639944,2654088,Caersws,
2639944,2653707,Carno,
2639944,2652721,Clyro,
2639944,2652646,Coelbren,
2639944,2652048,Cray,
2639944,2651986,Crickhowell,
2639944,2649232,Forden,
2639944,2649133,Four Crosses,
2639944,2647788,Guilsfield,
2639944,2647267,Hay,
2639944,2645771,Kerry,
2639944,2645155,Knighton,
2639944,2644131,Llandinam,
2639944,2644122,Llandrindod Wells,
2639944,2644084,Llanfair Caereinion,
2639944,2644075,Llanfechain,
2639944,2644053,Llanfyllin,
2639944,2644041,Llangattock,
2639944,2644003,Llangynidr,
2639944,2643997,Llangynog,
2639944,2643990,Llanidloes,
2639944,7289682,Llanrhaeadr-ym-Mochnant,
2639944,2643905,Llanwrtyd Wells,
2639944,2643895,Llanymynech,
2639944,2643251,Machynlleth,
2639944,2642402,Mochdre,
2639944,2642304,Montgomery,
2639944,2641697,Newbridge on Wye,
2639944,2641523,Newtown,
2639944,2640389,Penybont,
2639944,2639924,Presteigne,
2639944,2639470,Rhayader,
2639944,2636307,Talgarth,
2639944,2635526,Tregynon,
2639944,2634560,Welshpool,
2639944,2634007,Whitton,
2639944,2633334,Ystradgynlais,
2640500,3345250,Ambleston,
2640500,2654855,Brawdy,
2640500,2654651,Broad Haven,
2640500,2654218,Burton,
2640500,2653901,Camrose,
2640500,2653568,Castlemartin,
2640500,2653003,Cilgerran,
2640500,2652725,Clunderwen,
2640500,2652293,Cosheston,
2640500,3345260,Crundale,
2640500,2651796,Crymych,
2640500,2651600,Dale,
2640500,2649372,Fishguard,
2640500,2649059,Freystrop,
2640500,3345150,Glandwr,
2640500,2648325,Goodwick,
2640500,2647311,Haverfordwest,
2640500,2647075,Herbrandston,
2640500,3345126,Hill Mountain,
2640500,3345259,Hook,
2640500,3345123,Hundleton,
2640500,3345135,Jameston,
2640500,2645967,Jeffreyston,
2640500,2645952,Johnston,
2640500,2645663,Kilgetty,
2640500,2644979,Lamphey,
2640500,2644584,Letterston,
2640500,2644130,Llandissilio,
2640500,2644892,Llangwm,
2640500,2643960,Llanrhian,
2640500,2643891,Llechryd,
2640500,2643227,Maenclochog,
2640500,2643104,Manorbier,
2640500,2642911,Mathry,
2640500,2642534,Milford Haven,
2640500,2641885,Narberth,
2640500,2641747,Nevern,
2640500,2641596,Newport,
2640500,2641506,Neyland,
2640500,2640503,Pembroke,
2640500,2640502,Pembroke Dock,
2640500,2640497,Penally,
2640500,2639143,Rosemarket,
2640500,2638822,Saint Davids,
2640500,2638490,Saundersfoot,
2640500,3345252,Scleddau,
2640500,2637543,Solva,
2640500,2637218,Spittal,
2640500,2636950,Stepaside,
2640500,3345119,Steynton,
2640500,2636110,Templeton,
2640500,2636104,Tenby,
2640500,2633757,Wiston,
2640726,2657780,Abingdon,
2640726,2657684,Adderbury,
2640726,2657359,Ambrosden,
2640726,2657228,Appleton,
2640726,2656991,Ascott under Wychwood,
2640726,2656975,Ashbury,
2640726,2656872,Aston,
2640726,2656421,Bampton,
2640726,2656406,Banbury,
2640726,2656345,Barford St Michael,
2640726,2655886,Benson,
2640726,2655729,Bicester,
2640726,6692252,Binfield Heath,
2640726,2655415,Bladon,
2640726,2655353,Bletchingdon,
2640726,2655348,Blewbury,
2640726,2655331,Bloxham,
2640726,2654406,Buckland,
2640726,2654312,Burford,
2640726,2653634,Carterton,
2640726,2653620,Cassington,
2640726,2653411,Chadlington,
2640726,2653391,Chalgrove,
2640726,2653339,Charlbury,
2640726,2653219,Chesterton,
2640726,2653172,Childrey,
2640726,2653145,Chinnor,
2640726,2653139,Chipping Norton,
2640726,2653095,Cholsey,
2640726,2652956,Clanfield,
2640726,2652908,Claydon,
2640726,2652191,Cowley,
2640726,2651898,Cropredy,
2640726,2651782,Cuddesdon,
2640726,2651435,Deddington,
2640726,2651269,Didcot,
2640726,6950944,Dorchester on Thames,
2640726,2650848,Ducklington,
2640726,2650485,East Challow,
2640726,2650427,East Hanney,
2640726,2649978,Enstone,
2640726,2649774,Eynsham,
2640726,2649686,Faringdon,
2640726,9409460,Frilford,
2640726,2649051,Fringford,
2640726,2649034,Fritwell,
2640726,2648831,Garsington,
2640726,2648301,Goring,
2640726,2648083,Great Haseley,
2640726,2648058,Great Milton,
2640726,2648033,Great Rollright,
2640726,2647837,Grove,
2640726,2647515,Hanwell,
2640726,2647385,Harwell,
2640726,2647101,Henley-on-Thames,
2640726,2646648,Hook Norton,
2640726,2646002,Islip,
2640726,2645722,Kidlington,
2640726,2645503,Kingham,
2640726,2645431,Kingston Bagpuize,
2640726,6951101,Kingston Blount,
2640726,2645186,Kirtlington,
2640726,2644746,Leafield,
2640726,2644595,Letcombe Regis,
2640726,2643613,Long Wittenham,
2640726,2643611,Longworth,
2640726,2643070,Marcham,
2640726,2642972,Marston,
2640726,2642432,Minster Lovell,
2640726,2641763,Nettlebed,
2640726,2641315,North Leigh,
2640726,2641161,Nuffield,
2640726,2640729,Oxford,
2640726,2639719,Radley,
2640726,2639094,Rotherfield Peppard,
2640726,2637960,Shiplake,
2640726,2637948,Shipton under Wychwood,
2640726,2637889,Shrivenham,
2640726,2637526,Somerton,
2640726,8593756,Sonning Common,
2640726,2637146,Stadhampton,
2640726,2637095,Standlake,
2640726,2637088,Stanford in the Vale,
2640726,2637043,Stanton Harcourt,
2640726,2636969,Steeple Aston,
2640726,2636936,Steventon,
2640726,2636805,Stonesfield,
2640726,2636485,Sutton Courtenay,
2640726,2636336,Tackley,
2640726,2636332,Tadmarton,
2640726,2636079,Tetsworth,
2640726,2636066,Thame,
2640726,2635124,Upper Heyford,
2640726,2634869,Wallingford,
2640726,2634801,Wantage,
2640726,2634797,Warborough,
2640726,2634783,Wardington,
2640726,2634671,Watlington,
2640726,2634313,Weston on the Green,
2640726,2634171,Wheatley,
2640726,2633729,Witney,
2640726,2633618,Woodstock,
2640726,2633412,Yarnton,
2640923,2645198,Kirkwall,
2640923,2640298,Pierowall,
2640923,2638746,Saint Margaret's Hope,
2640923,2636638,Stromness,
2641169,2657030,Arnold,
2641169,2656893,Aslockton,
2641169,2656731,Awsworth,
2641169,6697497,Babworth,
2641169,2656056,Beckingham,
2641169,2655655,Bilsthorpe,
2641169,2655643,Bingham,
2641169,2655624,Bircotes,
2641169,2655364,Bleasby,
2641169,2655346,Blidworth,
2641169,2655316,Blyth,
2641169,2655117,Boughton,
2641169,2654933,Bramcote,
2641169,2654209,Burton Joyce,
2641169,2653960,Calverton,
2641169,2653151,Chilwell,
2641169,2652942,Clarborough,
2641169,2652282,Cotgrave,
2641169,2651896,Cropwell Bishop,
2641169,2650495,East Bridgford,
2641169,2650397,East Leake,
2641169,2650379,East Markham,
2641169,2650309,Eastwood,
2641169,2650200,Edwinstowe,
2641169,2650113,Elkesley,
2641169,2650049,Elston,
2641169,2649666,Farndon,
2641169,2649652,Farnsfield,
2641169,2648738,Gedling,
2641169,2648265,Gotham,
2641169,2647862,Gringley on the Hill,
2641169,11863041,Hardwick Village,
2641169,2646460,Hucknall,
2641169,11238357,Keyworth,
2641169,2645539,Kimberley,
2641169,11789071,King's Clipstone,
2641169,2645368,Kinoulton,
2641169,2645309,Kirkby in Ashfield,
2641169,2644996,Lambley,
2641169,2643543,Lowdham,
2641169,2643097,Mansfield,
2641169,2643096,Mansfield Woodhouse,
2641169,2643022,Market Warsop,
2641169,2642419,Misson,
2641169,2642417,Misterton,
2641169,2641731,Newark on Trent,
2641169,2641389,North Collingham,
2641169,2641298,North Muskham,
2641169,2641225,North Wheatley,
2641169,2640716,Oxton,
2641169,2639727,Radcliffe on Trent,
2641169,2639687,Rainworth,
2641169,2639638,Ranskill,
2641169,11153048,Ravenshead,
2641169,2650346,Retford,
2641169,2638995,Ruddington,
2641169,2637450,South Collingham,
2641169,2637296,Southwell,
2641169,2637022,Stapleford,
2641169,2636576,Styrrup,
2641169,2636488,Sutton Bonington,
2641169,2636484,Sutton in Ashfield,
2641169,2636474,Sutton on Trent,
2641169,2635609,Toton,
2641169,2635321,Tuxford,
2641169,2634883,Walkeringham,
2641169,2634736,Warsop,
2641169,2634493,West Bridgford,
2641169,2634265,West Stockwith,
2641169,2633891,Willoughby on the Wolds,
2641169,2633781,Winthorpe,
2641169,2633551,Worksop,
2641209,2657706,Acklam,
2641209,2657446,Alne,
2641209,2657342,Ampleforth,
2641209,10103890,Angram Grange,
2641209,2656639,Bagby,
2641209,6269591,Barlby,
2641209,2656317,Barlow,
2641209,2656051,Bedale,
2641209,2655619,Birdsall,
2641209,2655577,Bishop Monkton,
2641209,2655173,Boroughbridge,
2641209,2654848,Brayton,
2641209,2654583,Brompton,
2641209,2654265,Burniston,
2641209,2654210,Burton in Lonsdale,
2641209,2654207,Burton Leonard,
2641209,2654185,Burythorpe,
2641209,6695618,Byram,
2641209,6324759,Camblesforth,
2641209,2653499,Catterick,
2641209,2653468,Cawood,
2641209,2653040,Church Fenton,
2641209,2652781,Cloughton,
2641209,2652438,Cononley,
2641209,7732703,Cross Hills,
2641209,2651554,Dalton,
2641209,6620428,Danby,
2641209,2651517,Darley,
2641209,2650517,Easingwold,
2641209,6620306,East Ayton,
2641209,2650476,East Cowton,
2641209,2650009,Embsay,
2641209,2649916,Escrick,
2641209,6269419,Fairburn,
2641209,2649463,Filey,
2641209,2648873,Gargrave,
2641209,12237981,Glaisdale,
2641209,2648396,Glusburn,
2641209,2648197,Grassington,
2641209,2648172,Great Ayton,
2641209,6693506,Great Broughton,
2641209,2648094,Great Habton,
2641209,2648043,Great Ouseburn,
2641209,2647970,Green Hammerton,
2641209,2647580,Hambleton,
2641209,2647551,Hampsthwaite,
2641209,2647428,Harrogate,
2641209,2647301,Hawes,
2641209,2647163,Hellifield,
2641209,2647149,Helmsley,
2641209,2647136,Hemingbrough,
2641209,2647093,Hensall,
2641209,2647022,Hetton,
2641209,2646981,High Bentham,
2641209,2646865,Hinderwell,
2641209,2646406,Hunmanby,
2641209,2646345,Husthwaite,
2641209,10104797,Huttons Ambo,
2641209,2646208,Ingleby Greenhow,
2641209,6941089,Ingleton,
2641209,6620361,Kellington,
2641209,2645230,Kirk Smeaton,
2641209,2645311,Kirkby Fleetham,
2641209,2645305,Kirkby Malzeard,
2641209,2645304,Kirkbymoorside,
2641209,2645163,Knaresborough,
2641209,2644903,Langton,
2641209,2644548,Leyburn,
2641209,2644427,Linton upon Ouse,
2641209,2643647,Long Preston,
2641209,2643546,Low Bradley,
2641209,2643142,Malton,
2641209,10104789,Marishes,
2641209,2642921,Masham,
2641209,2642767,Melsonby,
2641209,2642615,Middleham,
2641209,2642579,Middleton Tyas,
2641209,2642336,Monk Fryston,
2641209,13278905,Nappa Scar,
2641209,2641851,Nawton,
2641209,2641385,North Cowton,
2641209,8030375,North Duffield,
2641209,2641435,Northallerton,
2641209,2641198,Norton,
2641209,2640872,Osmotherley,
2641209,11747245,Otterburn,
2641209,2640651,Pannal,
2641209,2640579,Pateley Bridge,
2641209,2640312,Pickering,
2641209,2639627,Raskelf,
2641209,2639510,Reeth,
2641209,2639393,Riccall,
2641209,2639388,Richmond,
2641209,2639354,Rillington,
2641209,2639323,Ripon,
2641209,2638460,Saxton,
2641209,2638419,Scarborough,
2641209,2638366,Scorton,
2641209,2638235,Selby,
2641209,2638192,Settle,
2641209,10274577,Sharow,
2641209,2638027,Sherburn in Elmet,
2641209,2638021,Sheriff Hutton,
2641209,2637702,Skipton,
2641209,2637652,Sleights,
2641209,2637633,Slingsby,
2641209,2637600,Snainton,
2641209,2637377,South Milford,
2641209,2637212,Spofforth,
2641209,2637131,Stainburn,
2641209,2637114,Staithes,
2641209,2636830,Stokesley,
2641209,2636476,Sutton on the Forest,
2641209,2636459,Swainby,
2641209,2636335,Tadcaster,
2641209,2636021,Thirsk,
2641209,2636018,Thixendale,
2641209,2635964,Thornton Dale,
2641209,10104711,Thorpe Bassett,
2641209,2635196,Ulleskelf,
2641209,2634135,Whitby,
2641209,11747244,Winterburn,
2641209,2633777,Wintringham,
2641235,2657705,Acklington,
2641235,2657700,Acomb,
2641235,2657487,Allendale Town,
2641235,2657441,Alnmouth,
2641235,2657438,Alnwick,
2641235,2657362,Amble,
2641235,2657328,Ancroft,
2641235,2656946,Ashington,
2641235,2656425,Bamburgh,
2641235,2656357,Bardon Mill,
2641235,2656119,Beadnell,
2641235,2656039,Bedlington,
2641235,2655981,Belford,
2641235,2655958,Bellingham,
2641235,2655819,Berwick-Upon-Tweed,
2641235,2655588,Birtley,
2641235,2655315,Blyth,
2641235,2653089,Choppington,
2641235,2652382,Corbridge,
2641235,2652320,Corsenside,
2641235,2652187,Cowpen,
2641235,2652095,Cramlington,
2641235,2652009,Cresswell,
2641235,2651179,Doddington,
2641235,2650484,East Chevington,
2641235,2650093,Ellingham,
2641235,2650016,Embleton,
2641235,2649569,Felton,
2641235,2649236,Ford,
2641235,2647967,Greenhead,
2641235,3210209,Hadston,
2641235,2647593,Haltwhistle,
2641235,2647416,Hartburn,
2641235,2647263,Haydon Bridge,
2641235,2647230,Healey,
2641235,2647202,Hebron,
2641235,2647195,Heddon on the Wall,
2641235,2647007,Hexham,
2641235,2646553,Horsley,
2641235,2646424,Humshaugh,
2641235,2645242,Kirknewton,
2641235,2644604,Lesbury,
2641235,2643688,Longframlington,
2641235,2643677,Longhorsley,
2641235,2643676,Longhoughton,
2641235,2643482,Lowick,
2641235,3210207,Lynemouth,
2641235,2642793,Meldon,
2641235,2642182,Morpeth,
2641235,2641718,Newbiggin-by-the-Sea,
2641235,2641454,Norham,
2641235,2641253,North Sunderland,
2641235,2640852,Otterburn,
2641235,2640517,Pegswood,
2641235,2640131,Ponteland,
2641235,2639874,Prudhoe,
2641235,8299845,Riding Mill,
2641235,2639267,Rochester,
2641235,2639101,Rothbury,
2641235,2639075,Rothley,
2641235,2638301,Seahouses,
2641235,2638273,Seaton Delaval,
2641235,2638248,Seghill,
2641235,2637984,Shilbottle,
2641235,2637671,Slaley,
2641235,11550994,Stakeford,
2641235,2637057,Stannington,
2641235,2636880,Stocksfield,
2641235,2636421,Swarland,
2641235,2634877,Wall,
2641235,2634790,Warden,
2641235,2634762,Warkworth,
2641235,2634018,Whittingham,
2641235,2633606,Wooler,
2641235,2633453,Wylam,
2641238,2656672,Backworth,
2641238,2641267,North Shields,
2641238,3236250,Shiremoor,
2641238,2635269,Tynemouth,
2641238,2634864,Wallsend,
2641238,2634032,Whitley Bay,
2641238,6269321,Wideopen,
2641455,2657704,Acle,
2641455,2657435,Alpington,
2641455,2656948,Ashill,
2641455,2656836,Attleborough,
2641455,2656713,Aylsham,
2641455,2656393,Banham,
2641455,2656149,Bawdeswell,
2641455,2656015,Beeston,
2641455,2656007,Beetley,
2641455,6620355,Bowthorpe,
2641455,11919781,Bradwell,
2641455,2654673,Briston,
2641455,2654567,Brooke,
2641455,2654461,Brundall,
2641455,2654322,Bunwell,
2641455,2654271,Burnham Market,
2641455,2654222,Burston,
2641455,2654142,Buxton,
2641455,2654044,Caister-on-Sea,
2641455,2653874,Cantley,
2641455,2653828,Carbrooke,
2641455,2653614,Castle Acre,
2641455,2653519,Catfield,
2641455,2653465,Cawston,
2641455,2652876,Clenchwarton,
2641455,2652575,Colkirk,
2641455,2652525,Coltishall,
2641455,2652349,Corpusty,
2641455,2652289,Costessey,
2641455,2651971,Cringleford,
2641455,2651930,Cromer,
2641455,2651324,Dersingham,
2641455,2651271,Dickleburgh,
2641455,2651214,Diss,
2641455,2651210,Ditchingham,
2641455,2651188,Docking,
2641455,2651030,Downham Market,
2641455,2650530,Earsham,
2641455,2650470,East Dereham,
2641455,2650424,East Harling,
2641455,2650343,East Rudham,
2641455,9883901,East Ruston,
2641455,2650312,East Winch,
2641455,2650094,Ellingham,
2641455,2650007,Emneth,
2641455,2649730,Fakenham,
2641455,2649568,Feltwell,
2641455,2649464,Filby,
2641455,2649139,Foulsham,
2641455,2649080,Freethorpe,
2641455,2648883,Garboldisham,
2641455,2648640,Gimingham,
2641455,2648299,Gorleston-on-Sea,
2641455,2648111,Great Ellingham,
2641455,2648061,Great Massingham,
2641455,2648030,Great Ryburgh,
2641455,2647984,Great Yarmouth,
2641455,2647875,Grimston,
2641455,2647854,Griston,
2641455,2647640,Hales,
2641455,2647592,Halvergate,
2641455,2647467,Harleston,
2641455,2647242,Heacham,
2641455,9884613,Hellington,
2641455,2647129,Hempnall,
2641455,2647123,Hemsby,
2641455,2647023,Hethersett,
2641455,2647013,Hevingham,
2641455,2646903,Hilgay,
2641455,2646859,Hindolveston,
2641455,2646856,Hingham,
2641455,2646812,Hockwold cum Wilton,
2641455,2646701,Holt,
2641455,2646620,Hopton,
2641455,2646588,Horning,
2641455,2646559,Horsford,
2641455,9884148,Hoveton,
2641455,2646403,Hunstanton,
2641455,2646203,Ingoldisthorpe,
2641455,2645805,Kenninghall,
2641455,2645456,King's Lynn,
2641455,2644451,Lingwood,
2641455,2644269,Little Plumstead,
2641455,2644230,Little Walsingham,
2641455,2643783,Loddon,
2641455,2643628,Long Stratton,
2641455,2643426,Ludham,
2641455,2643293,Lyng,
2641455,2643041,Marham,
2641455,2642986,Marsham,
2641455,2642959,Martham,
2641455,2642905,Mattishall,
2641455,2642689,Methwold,
2641455,2642540,Mileham,
2641455,2641997,Mulbarton,
2641455,2641966,Mundesley,
2641455,2641965,Mundford,
2641455,2641883,Narborough,
2641455,2641833,Necton,
2641455,2641370,North Elmham,
2641455,2641312,North Lopham,
2641455,2641233,North Walsham,
2641455,2641213,North Wootton,
2641455,2641278,Northrepps,
2641455,2641218,Northwold,
2641455,2641181,Norwich,
2641455,2641037,Old Buckenham,
2641455,2640912,Ormesby St Margaret,
2641455,2640781,Outwell,
2641455,2640766,Overstrand,
2641455,2640090,Poringland,
2641455,2639973,Potter Heigham,
2641455,2639861,Pulham St Mary,
2641455,2639736,Rackheath,
2641455,2639519,Reedham,
2641455,2639512,Reepham,
2641455,9884612,Rockland Saint Mary,
2641455,2639206,Rollesby,
2641455,2639063,Roughton,
2641455,2638959,Runcton Holme,
2641455,2638667,Salhouse,
2641455,2638466,Saxlingham Nethergate,
2641455,2638379,Scole,
2641455,2638257,Sedgeford,
2641455,2638019,Sheringham,
2641455,2637962,Shipdham,
2641455,2637897,Shouldham,
2641455,2637888,Shropham,
2641455,2637582,Snetterton,
2641455,2637580,Snettisham,
2641455,2637446,South Creake,
2641455,2637427,Southery,
2641455,2637214,Spixworth,
2641455,2637205,Sporle,
2641455,2637181,Sprowston,
2641455,2637110,Stalham,
2641455,2636857,Stoke Ferry,
2641455,2636849,Stoke Holy Cross,
2641455,9884606,Surlingham,
2641455,2636464,Swaffham,
2641455,2636424,Swardeston,
2641455,2636091,Terrington Saint John,
2641455,2636092,Terrington St Clement,
2641455,2636032,Thetford,
2641455,2635890,Thurlton,
2641455,2635876,Thurton,
2641455,2635413,Trunch,
2641455,2635094,Upton,
2641455,2635078,Upwell,
2641455,2634662,Watton,
2641455,2634603,Weeting,
2641455,2634567,Wells-next-the-Sea,
2641455,2634564,Welney,
2641455,2634522,Wereham,
2641455,2634276,West Runton,
2641455,2634242,West Walton,
2641455,2634206,Weybourne,
2641455,10377347,Wimbotsham,
2641455,2633835,Winfarthing,
2641455,2633617,Woodton,
2642240,2654411,Buckie,
2642240,2654303,Burghead,
2642240,2657798,Charlestown of Aberlour,
2642240,2651753,Cullen,
2642240,2650833,Dufftown,
2642240,2650122,Elgin,
2642240,2649438,Findhorn,
2642240,2649433,Findochty,
2642240,2649269,Fochabers,
2642240,2649192,Forres,
2642240,2648866,Garmouth,
2642240,2646630,Hopeman,
2642240,2645880,Keith,
2642240,2645388,Kinloss,
2642240,2644540,Lhanbryde,
2642240,2643587,Lossiemouth,
2642240,11592192,Mosstodloch,
2642240,2640058,Portgordon,
2642240,2640035,Portknockie,
2642240,2639086,Rothes,
2642559,6930999,Bilston,
2642559,2655210,Bonnyrigg,
2642559,2651587,Dalkeith,
2642559,7644900,Danderhall,
2642559,2648308,Gorebridge,
2642559,2643862,Loanhead,
2642559,11592286,Mayfield,
2642559,2640575,Pathhead,
2642559,2640465,Penicuik,
2642559,8299860,Rosewell,
2642559,6930998,Roslin,
2644486,2657510,Alford,
2644486,2657472,Allington,
2644486,2657332,Ancaster,
2644486,2656359,Bardney,
2644486,2656246,Barrowby,
2644486,2656183,Bassingham,
2644486,2656177,Baston,
2644486,2655727,Bicker,
2644486,2655667,Billingborough,
2644486,2655663,Billinghay,
2644486,2655650,Binbrook,
2644486,2655308,Blyton,
2644486,2655138,Boston,
2644486,2655099,Bourne,
2644486,8224209,Bracebridge Heath,
2644486,2654881,Branston,
2644486,2654880,Brant Broughton,
2644486,11000575,Brookenby,
2644486,2654298,Burgh le Marsh,
2644486,2654216,Burton,
2644486,2654194,Burwell,
2644486,2654148,Butterwick,
2644486,2654043,Caistor,
2644486,2653783,Carlby,
2644486,2653759,Carlton le Moorland,
2644486,2653460,Caythorpe,
2644486,2653357,Chapel Saint Leonards,
2644486,2652904,Claypole,
2644486,2652528,Colsterworth,
2644486,2652461,Coningsby,
2644486,11994997,Corby Glen,
2644486,2652331,Corringham,
2644486,2652210,Cowbit,
2644486,2652075,Cranwell,
2644486,2651843,Crowland,
2644486,2651264,Digby,
2644486,2651119,Donington,
2644486,2650721,Dunholme,
2644486,2650651,Dunston,
2644486,2650578,Eagle,
2644486,2649820,Ewerby,
2644486,2649365,Fishtoft,
2644486,2649321,Fleet,
2644486,2649256,Folkingham,
2644486,2648990,Fulstow,
2644486,2648945,Gainsborough,
2644486,2648735,Gedney Hill,
2644486,2648428,Glentham,
2644486,2648279,Gosberton,
2644486,2648232,Grainthorpe,
2644486,2648208,Grantham,
2644486,2648096,Great Gonerby,
2644486,2647472,Harlaxton,
2644486,2647459,Harmston,
2644486,2647200,Heckington,
2644486,2647187,Heighington,
2644486,2647147,Helpringham,
2644486,8224208,Hogsthorpe,
2644486,2646787,Holbeach,
2644486,2646786,Holbeach Clough,
2644486,2646694,Holton le Clay,
2644486,2646595,Horncastle,
2644486,2646343,Huttoft,
2644486,2646202,Ingoldmells,
2644486,2645898,Keelby,
2644486,2645181,Kirton,
2644486,2644905,Langtoft,
2644486,2644731,Leasingham,
2644486,2644673,Legbourne,
2644486,2644487,Lincoln,
2644486,2643720,Long Bennington,
2644486,2643553,Louth,
2644486,2643335,Lutton,
2644486,2643269,Mablethorpe,
2644486,2643125,Manby,
2644486,2643054,Mareham le Fen,
2644486,2643029,Market Deeping,
2644486,2643023,Market Rasen,
2644486,2642956,Martin,
2644486,2642695,Metheringham,
2644486,2642608,Middle Rasen,
2644486,2642121,Moulton Chapel,
2644486,2641861,Navenby,
2644486,2641760,Nettleham,
2644486,2641757,Nettleton,
2644486,2641477,Nocton,
2644486,2641327,North Kelsey,
2644486,2641269,North Scarle,
2644486,2641260,North Somercotes,
2644486,2641244,North Thoresby,
2644486,2641287,Northorpe,
2644486,2641012,Old Leake,
2644486,2640279,Pinchbeck,
2644486,2640179,Pointon,
2644486,2639816,Quadring,
2644486,2639511,Reepham,
2644486,2639322,Rippingale,
2644486,2639160,Ropsley,
2644486,2638938,Ruskington,
2644486,2638644,Saltfleet,
2644486,2638467,Saxilby,
2644486,2638372,Scopwick,
2644486,2638361,Scothern,
2644486,2638348,Scotter,
2644486,2637870,Sibsey,
2644486,2637762,Skegness,
2644486,2637756,Skellingthorpe,
2644486,2637659,Sleaford,
2644486,2637396,South Kelsey,
2644486,2637278,South Witham,
2644486,2637265,Spalding,
2644486,2637224,Spilsby,
2644486,2637104,Stamford,
2644486,2636922,Stickney,
2644486,2636566,Sudbrooke,
2644486,2636504,Sutterton,
2644486,2636487,Sutton Bridge,
2644486,2636384,Swineshead,
2644486,2636080,Tetney,
2644486,2636027,Thimbleby,
2644486,2635896,Thurlby,
2644486,2635806,Timberland,
2644486,2634924,Waddingham,
2644486,2634923,Waddington,
2644486,2634914,Wainfleet All Saints,
2644486,2634903,Walcott,
2644486,2634717,Washingborough,
2644486,2634596,Welbourn,
2644486,2634187,Whaplode,
2644486,2633899,Willingham,
2644486,2633651,Woodhall Spa,
2644486,2633504,Wragby,
2644486,2633501,Wrangle,
2644667,2657268,Anstey,
2644667,2657238,Appleby Magna,
2644667,8224214,Asfordby,
2644667,2656970,Ashby-de-la-Zouch,
2644667,2656628,Bagworth,
2644667,2656322,Barlestone,
2644667,2656239,Barrow upon Soar,
2644667,2655934,Belton,
2644667,2655671,Billesdon,
2644667,2655532,Blaby,
2644667,2655125,Bottesford,
2644667,2654859,Braunstone,
2644667,2654805,Breedon on the Hill,
2644667,2654502,Broughton Astley,
2644667,2654206,Burton on the Wolds,
2644667,2653591,Castle Donington,
2644667,2652913,Claybrooke Magna,
2644667,2652698,Coalville,
2644667,2652298,Cosby,
2644667,2652239,Countesthorpe,
2644667,12173171,Cranoe,
2644667,2651954,Croft,
2644667,2651820,Croxton Kerrial,
2644667,2651309,Desford,
2644667,2651218,Diseworth,
2644667,6900515,Donington le Heath,
2644667,2651117,Donisthorpe,
2644667,6693007,Earl Shilton,
2644667,2650299,Eaton,
2644667,2650210,Edmondthorpe,
2644667,2650076,Elmesthorpe,
2644667,2650000,Enderby,
2644667,2649830,Evington,
2644667,11001770,Fleckney,
2644667,2648650,Gilmorton,
2644667,2648448,Glen Parva,
2644667,2648484,Glenfield,
2644667,2648406,Glooston,
2644667,2648124,Great Dalby,
2644667,2648097,Great Glen,
2644667,2647874,Grimston,
2644667,11550905,Groby,
2644667,2647624,Hallaton,
2644667,2647501,Harby,
2644667,2647340,Hathern,
2644667,2647219,Heather,
2644667,2646984,Higham on the Hill,
2644667,2646867,Hinckley,
2644667,2646540,Hose,
2644667,2646524,Houghton on the Hill,
2644667,11592771,Huncote,
2644667,2646349,Husbands Bosworth,
2644667,2646311,Ibstock,
2644667,2645891,Kegworth,
2644667,2645728,Kibworth Harcourt,
2644667,2645335,Kirby Muxloe,
2644667,12264215,Leicester Forest East,
2644667,12265590,Littlethorpe,
2644667,2643712,Long Clawson,
2644667,2643615,Long Whatton,
2644667,2643567,Loughborough,
2644667,2643451,Lubenham,
2644667,2643337,Lutterworth,
2644667,2643030,Market Bosworth,
2644667,2643027,Market Harborough,
2644667,2643019,Markfield,
2644667,2642843,Measham,
2644667,2642763,Melton Mowbray,
2644667,2642377,Moira,
2644667,2642096,Mountsorrel,
2644667,2641884,Narborough,
2644667,2641710,Newbold Verdon,
2644667,2641514,Newtown Limford,
2644667,2641321,North Kilworth,
2644667,2641134,Oadby,
2644667,2640697,Packington,
2644667,2639779,Queniborough,
2644667,2639755,Quorndon,
2644667,11550906,Ratby,
2644667,2639596,Ravenstone,
2644667,2639076,Rothley,
2644667,2638515,Sapcote,
2644667,2638305,Seagrave,
2644667,2638121,Sharnford,
2644667,2638036,Shepshed,
2644667,2637845,Sileby,
2644667,2637539,Somerby,
2644667,2637002,Stathern,
2644667,2636853,Stoke Golding,
2644667,2636802,Stoney Stanton,
2644667,2636382,Swinford,
2644667,2636341,Syston,
2644667,2635975,Thornton,
2644667,6620366,Thrussington,
2644667,2635900,Thurcaston,
2644667,11592736,Thurlaston,
2644667,2635195,Ullesthorpe,
2644667,2634840,Waltham on the Wolds,
2644667,2634835,Walton,
2644667,2634156,Whetstone,
2644667,2633936,Wigston Magna,
2644667,2633448,Wymeswold,
2644667,2633445,Wymondham,
2644974,2657770,Accrington,
2644974,2657668,Adlington,
2644974,2657224,Appley Bridge,
2644974,2656666,Bacup,
2644974,2656388,Banks,
2644974,2656287,Barnoldswick,
2644974,2656243,Barrowford,
2644974,6693100,Bay Horse,
2644974,6692336,Billington,
2644974,2655232,Bolton le Sands,
2644974,2654725,Brierfield,
2644974,2654681,Brinscall,
2644974,2654264,Burnley,
2644974,2654228,Burscough,
2644974,2653715,Carnforth,
2644974,2653505,Caton,
2644974,2653500,Catterall,
2644974,2653306,Chatburn,
2644974,2653141,Chipping,
2644974,2653086,Chorley,
2644974,2653049,Church,
2644974,2652899,Clayton le Moors,
2644974,6691951,Clayton-le-Woods,
2644974,2652857,Cleveleys,
2644974,2652819,Clitheroe,
2644974,2652544,Colne,
2644974,2652389,Coppull,
2644974,2651857,Croston,
2644974,2650563,Earby,
2644974,2650271,Eccleston,
2644974,2650244,Edenfield,
2644974,2650046,Elswick,
2644974,2649852,Euxton,
2644974,2649312,Fleetwood,
2644974,2649140,Foulridge,
2644974,2649083,Freckleton,
2644974,2648970,Fylde,
2644974,2648924,Galgate,
2644974,2648829,Garstang,
2644974,2648623,Gisburn,
2644974,2648315,Goosnargh,
2644974,2648113,Great Eccleston,
2644974,2648084,Great Harwood,
2644974,2647598,Halton,
2644974,2647511,Hapton,
2644974,2647363,Haslingden,
2644974,2647001,Heysham,
2644974,2646792,Hoghton,
2644974,2645877,Kelbrook,
2644974,2645280,Kirkham,
2644974,2644972,Lancaster,
2644974,2644929,Langho,
2644974,2644547,Leyland,
2644974,2643646,Longridge,
2644974,6693470,Lytham St Annes,
2644974,2642214,Morecambe,
2644974,2641810,Nelson,
2644974,2641781,Nether Kellet,
2644974,2640908,Ormskirk,
2644974,2640772,Over Kellet,
2644974,2640763,Overton,
2644974,2640687,Padiham,
2644974,2640621,Parbold,
2644974,2639958,Poulton-le-Fylde,
2644974,2639934,Preesall,
2644974,2639912,Preston,
2644974,2639586,Rawtenstall,
2644974,2639397,Ribchester,
2644974,2639310,Rishton,
2644974,2638981,Rufford,
2644974,2638891,Sabden,
2644974,2637829,Silverdale,
2644974,2637752,Skelmersdale,
2644974,2636215,Tarleton,
2644974,2634922,Waddington,
2644974,2634726,Warton,
2644974,2634602,Weeton,
2644974,2634392,Westhead,
2644974,2634192,Whalley,
2644974,2633997,Whitworth,
2644974,2633627,Woodplumpton,
2644974,2633495,Wrea Green,
2646007,2655925,Bembridge,
2646007,2654990,Brading,
2646007,2654713,Brighstone,
2646007,2653396,Chale,
2646007,2652204,Cowes,
2646007,3234498,East Cowes,
2646007,2649069,Freshwater,
2646007,2648365,Godshill,
2646007,2647752,Gurnard,
2646007,2641669,Newchurch,
2646007,2641599,Newport,
2646007,2641480,Niton,
2646007,2641217,Northwood,
2646007,2639169,Rookley,
2646007,2638911,Ryde,
2646007,2638568,Sandown,
2646007,2638264,Seaview,
2646007,2638151,Shalfleet,
2646007,2638138,Shanklin,
2646007,2638786,St. Helens,
2646007,2635613,Totland,
2646007,2634985,Ventnor,
2646007,2634002,Whitwell,
2646007,2633578,Wootton,
2646007,2633475,Wroxall,
2646007,2633414,Yarmouth,
2646127,2648259,Gourock,
2646127,2647948,Greenock,
2646127,2646102,Inverkip,
2646127,2645611,Kilmacolm,
2646127,2640060,Port Glasgow,
2646127,11592207,Quarrier's Village,
2646127,2634545,Wemyss Bay,
2646944,2657445,Alness,
2646944,2657187,Ardersier,
2646944,2656783,Auldearn,
2646944,2656752,Aviemore,
2646944,2656750,Avoch,
2646944,2656575,Balintore,
2646944,2656569,Ballachulish,
2646944,11592108,Balloch,
2646944,2656076,Beauly,
2646944,2655299,Boat of Garten,
2646944,2655063,Bowertower,
2646944,2654653,Broadford,
2646944,2654545,Brora,
2646944,6269280,Caol,
2646944,2653536,Castletown,
2646944,2652439,Conon Bridge,
2646944,2651936,Cromarty,
2646944,2651819,Croy,
2646944,11240121,Culloden,
2646944,2651245,Dingwall,
2646944,2651088,Dornoch,
2646944,2650918,Drumnadrochit,
2646944,2649851,Evanton,
2646944,2649183,Fort Augustus,
2646944,2649169,Fort William,
2646944,2649171,Fortrose,
2646944,2648341,Golspie,
2646944,2648205,Grantown on Spey,
2646944,2647630,Halkirk,
2646944,2647152,Helmsdale,
2646944,2646115,Invergordon,
2646944,2646088,Inverness,
2646944,2645409,Kingussie,
2646944,2645395,Kinlochleven,
2646944,2645272,Kirkhill,
2646944,2645090,Kyle of Lochalsh,
2646944,2645027,Lairg,
2646944,2643156,Mallaig,
2646944,11592278,Maryburgh,
2646944,2642473,Milton,
2646944,11592183,Milton of Leys,
2646944,2642001,Muir of Ord,
2646944,2641910,Nairn,
2646944,6620364,Nethy Bridge,
2646944,2641542,Newtonmore,
2646944,2641325,North Kessock,
2646944,2640006,Portree,
2646944,2639142,Rosemarkie,
2646944,6640071,Smithton,
2646944,2637248,Spean Bridge,
2646944,2636689,Strathpeffer,
2646944,2636321,Tain,
2646944,2635881,Thurso,
2646944,2635199,Ullapool,
2646944,11592297,Westhill,
2646944,2633982,Wick,
2647043,2657863,Abbots Langley,
2647043,2657559,Aldbury,
2647043,7303831,Apsley,
2647043,2656911,Ashwell,
2647043,2656594,Baldock,
2647043,2656326,Barkway,
2647043,2656321,Barley,
2647043,12750089,Batchworth,
2647043,11550602,Bedmond,
2647043,2655898,Benington,
2647043,12750104,Bennetts End,
2647043,2655858,Berkhamsted,
2647043,2655562,Bishops Stortford,
2647043,2655186,Borehamwood,
2647043,2655079,Bovingdon,
2647043,2654863,Braughing,
2647043,11888136,Bricket Wood,
2647043,11593113,Brookmans Park,
2647043,2654481,Broxbourne,
2647043,2654323,Buntingford,
2647043,2654179,Bushey,
2647043,12750097,Carpenders Park,
2647043,2653232,Cheshunt,
2647043,12261978,Chiswell Green,
2647043,2653085,Chorleywood,
2647043,2652656,Codicote,
2647043,2651826,Croxley Green,
2647043,2651777,Cuffley,
2647043,2651491,Datchworth,
2647043,2650047,Elstree,
2647043,2649891,Essendon,
2647043,2649334,Flamstead,
2647043,12263318,Frogmore,
2647043,2648976,Furneux Pelham,
2647043,2648828,Garston,
2647043,2648175,Great Amwell,
2647043,2648053,Great Munden,
2647043,2648047,Great Offley,
2647043,2647451,Harpenden,
2647043,2647349,Hatfield,
2647043,2647138,Hemel Hempstead,
2647043,2647044,Hertford,
2647043,2646826,Hitchin,
2647043,2646807,Hoddesdon,
2647043,12750093,Holywell,
2647043,12263002,How Wood,
2647043,12750109,Jersey Farm,
2647043,2645532,Kimpton,
2647043,2645460,Kings Langley,
2647043,2645161,Knebworth,
2647043,2644720,Leavesden Green,
2647043,12200399,Letchmore Heath,
2647043,8224216,Letchworth Garden City,
2647043,2644565,Leverstock Green,
2647043,2644381,Little Amwell,
2647043,2644329,Little Gaddesden,
2647043,2644214,Little Wymondley,
2647043,2643738,London Colney,
2647043,8260197,Maple Cross,
2647043,2643011,Markyate,
2647043,12750108,Marshalswick,
2647043,12750096,Meriden,
2647043,12750090,Mill End,
2647043,6547224,Moor Park,
2647043,2642057,Much Hadham,
2647043,12750105,Nash Mills,
2647043,6559327,North Watford,
2647043,2641427,Northaw,
2647043,2641394,Northchurch,
2647043,2640600,Park Street,
2647043,2640267,Pirton,
2647043,2639970,Potters Bar,
2647043,2639870,Puckeridge,
2647043,2639720,Radlett,
2647043,2639567,Redbourn,
2647043,2639381,Rickmansworth,
2647043,2639376,Ridge,
2647043,2639018,Royston,
2647043,12261984,Rucklers Lane,
2647043,2638560,Sandridge,
2647043,2638501,Sarratt,
2647043,2638481,Sawbridgeworth,
2647043,2638051,Shenley,
2647043,2637375,South Mimms,
2647043,2638867,St Albans,
2647043,2636940,Stevenage,
2647043,2636072,Tewin,
2647043,2635901,Thundridge,
2647043,2635459,Tring,
2647043,2634881,Walkern,
2647043,2634842,Waltham Cross,
2647043,2634777,Ware,
2647043,2634677,Watford,
2647043,2634660,Watton at Stone,
2647043,11549421,Welham Green,
2647043,2634553,Welwyn,
2647043,2634552,Welwyn Garden City,
2647043,2634172,Wheathampstead,
2647043,2633956,Widford,
2647043,2633945,Wigginton,
2647043,12750095,Woodside,
2647071,2657876,Abbey Dore,
2647071,2656669,Bacton,
2647071,6692919,Belmont,
2647071,2655386,Blakemere,
2647071,2655282,Bodenham,
2647071,10100301,Bridge Sollers,
2647071,2654699,Brimfield,
2647071,2654612,Brockhampton,
2647071,2654578,Bromyard,
2647071,2654233,Burrington,
2647071,2653978,Callow,
2647071,2652844,Clifford,
2647071,2652557,Collington,
2647071,2652035,Credenhill,
2647071,2651846,Crow Hill,
2647071,2651243,Dinmore,
2647071,2651113,Donnington,
2647071,2651078,Dorstone,
2647071,2651019,Downton,
2647071,2650560,Eardisley,
2647071,2650040,Elton,
2647071,2649834,Evesbatch,
2647071,2649815,Ewyas Harold,
2647071,2649769,Eyton,
2647071,2649121,Fownhope,
2647071,2647074,Hereford,
2647071,2646623,Hope under Dinmore,
2647071,2646439,Humber,
2647071,12264106,Ivington,
2647071,2645537,Kimbolton,
2647071,2645461,Kingsland,
2647071,2645430,Kingstone,
2647071,2645410,Kington,
2647071,2645374,Kinnersley,
2647071,2645363,Kinsham,
2647071,2644766,Lea,
2647071,2644707,Ledbury,
2647071,2644645,Leintwardine,
2647071,2644613,Leominster,
2647071,2644456,Lingen,
2647071,2644435,Linton,
2647071,2644162,Llancillo,
2647071,2643959,Llanrothal,
2647071,2643925,Llanveynoe,
2647071,2643618,Longtown,
2647071,2643533,Lower Bullingham,
2647071,2643411,Lugwardine,
2647071,2643343,Luston,
2647071,2643281,Lyonshall,
2647071,2643230,Madley,
2647071,2642962,Marstow,
2647071,2642403,Moccas,
2647071,9409268,Moreton Jeffries,
2647071,2642199,Moreton on Lugg,
2647071,2642061,Much Birch,
2647071,2641088,Ocle Pychard,
2647071,2640920,Orleton,
2647071,2640482,Pencoyd,
2647071,2640353,Peterchurch,
2647071,2639110,Ross on Wye,
2647071,2639039,Rowlstone,
2647071,2638226,Sellack,
2647071,2637929,Shobdon,
2647071,2636499,Sutton,
2647071,2636001,Thornbury,
2647071,2635907,Thruxton,
2647071,2635343,Turnastone,
2647071,2635288,Tyberton,
2647071,2634930,Wacton,
2647071,2634890,Walford,
2647071,2634574,Wellington,
2647071,2634524,Weobley,
2647071,2634305,Weston under Penyard,
2647071,2634126,Whitchurch,
2647071,2633937,Wigmore,
2647071,2633739,Withington,
2647071,2633403,Yatton,
2647071,2633398,Yazor,
2647554,2657859,Abbotts Ann,
2647554,2657540,Aldershot,
2647554,2657408,Alton,
2647554,2657324,Andover,
2647554,9538947,Anna Valley,
2647554,2657229,Appleshaw,
2647554,2656221,Barton on Sea,
2647554,2656208,Barton Stacey,
2647554,2656192,Basingstoke,
2647554,2656079,Beaulieu,
2647554,2655877,Bentworth,
2647554,2655551,Bishops Waltham,
2647554,2655557,Bishopstoke,
2647554,6693242,Bordon,
2647554,2655128,Botley,
2647554,2654923,Bramley,
2647554,2654883,Bransgore,
2647554,2654615,Brockenhurst,
2647554,2654304,Burghclere,
2647554,2654291,Buriton,
2647554,2654287,Burley,
2647554,2654226,Bursledon,
2647554,2654107,Cadnam,
2647554,2653177,Chilbolton,
2647554,2653150,Chilworth,
2647554,6693203,Colden Common,
2647554,2652491,Compton,
2647554,2652229,Cove,
2647554,6940296,Cowplain,
2647554,2651920,Crondall,
2647554,2651693,Curdridge,
2647554,7670890,Denmead,
2647554,2650963,Droxford,
2647554,2650471,East Dean,
2647554,2650377,East Meon,
2647554,2650396,Eastleigh,
2647554,2650004,Emsworth,
2647554,6950979,Eversley,
2647554,2651849,Fair Oak,
2647554,2649692,Fareham,
2647554,2649672,Farnborough,
2647554,2649322,Fleet,
2647554,2649228,Fordingbridge,
2647554,2649132,Four Marks,
2647554,2648320,Goodworth Clatford,
2647554,2648272,Gosport,
2647554,11592722,Grayshott,
2647554,2647585,Hamble-le-Rice,
2647554,2647582,Hambledon,
2647554,2647395,Hartley Wintney,
2647554,2647317,Havant,
2647554,6620360,Hedge End,
2647554,2646972,Highcoems,
2647554,2646654,Hook,
2647554,2646358,Hurstbourne Tarrant,
2647554,2646317,Hythe,
2647554,2645413,Kings Worthy,
2647554,2645479,Kingsclere,
2647554,2645459,Kingsley,
2647554,2644680,Lee-on-the-Solent,
2647554,10100226,Lindford,
2647554,2644419,Liphook,
2647554,2644398,Liss,
2647554,2643625,Long Sutton,
2647554,2643312,Lymington,
2647554,2643304,Lyndhurst,
2647554,2643064,Marchwood,
2647554,2642734,Meonstoke,
2647554,2642648,Michelmersh,
2647554,2642533,Milford on Sea,
2647554,2642299,Monxton,
2647554,2641765,Netley,
2647554,2641736,New Alresford,
2647554,2641609,New Milton,
2647554,8131591,North Baddesley,
2647554,2641232,North Waltham,
2647554,2641079,Odiham,
2647554,2656193,Old Basing,
2647554,2640761,Over Wallop,
2647554,2640765,Overton,
2647554,2640742,Owslebury,
2647554,2640348,Petersfield,
2647554,2639908,Preston Candover,
2647554,2639681,Rake,
2647554,2639334,Ringwood,
2647554,2639189,Romsey,
2647554,2639087,Rotherwick,
2647554,2638573,Sandleheath,
2647554,2638236,Selborne,
2647554,2638032,Sherborne St John,
2647554,2637846,Silchester,
2647554,2637407,South Hayling,
2647554,8129272,St Mary Bourne,
2647554,2636975,Steep,
2647554,2636895,Stockbridge,
2647554,2636470,Sutton Scotney,
2647554,2636438,Swanmore,
2647554,2636408,Sway,
2647554,2636333,Tadley,
2647554,2635771,Titchfield,
2647554,2635603,Totton,
2647554,2635158,Upham,
2647554,2634978,Vernham Dean,
2647554,2634868,Wallington,
2647554,2634686,Waterlooville,
2647554,2634447,West End,
2647554,2634346,West Meon,
2647554,2634236,West Wellow,
2647554,2634203,Weyhill,
2647554,2633975,Wickham,
2647554,2633858,Winchester,
2647554,6620293,Yateley,
2647601,2651521,Daresbury,
2647601,2647643,Hale,
2647601,2647599,Halton,
2647601,2638960,Runcorn,
2647601,2633954,Widnes,
2647716,2657857,Aber,
2647716,2657825,Aberdyfi,
2647716,2657788,Abersoch,
2647716,2656615,Bala,
2647716,2656397,Bangor,
2647716,2656311,Barmouth,
2647716,2655804,Bethesda,
2647716,2655414,Blaenau-Ffestiniog,
2647716,8224200,Bontnewydd,
2647716,2654092,Caernarfon,
2647716,2653013,Chwilog,
2647716,2652330,Corris,
2647716,2651994,Criccieth,
2647716,10103963,Deiniolen,
2647716,2651154,Dolgellau,
2647716,6620357,Fairbourne,
2647716,2649493,Ffestiniog,
2647716,2647846,Groeslon,
2647716,2647471,Harlech,
2647716,8063567,Llan Ffestiniog,
2647716,2644176,Llanbedr,
2647716,2644175,Llanbedrog,
2647716,2644172,Llanberis,
2647716,2644086,Llanfair,
2647716,2643958,Llanrug,
2647716,2643913,Llanwnda,
2647716,2643875,Llwyngwril,
2647716,2643224,Maentwrog,
2647716,2642195,Morfa Nefyn,
2647716,8714331,Mynytho,
2647716,2641745,Nefyn,
2647716,2640419,Penrhyndeudraeth,
2647716,2640379,Penygroes,
2647716,2640045,Porthmadog,
2647716,2639828,Pwllheli,
2647716,12261581,Rhosgadfan,
2647716,11550915,Tal-y-bont,
2647716,10245175,Talysarn,
2647716,2635557,Trawsfynydd,
2647716,2635530,Tregarth,
2647716,6559494,Tywyn,
2647716,6951032,Y Felinheli,
2648110,7302135,Abbey Wood,
2648110,2657697,Acton,
2648110,2656580,Balham,
2648110,2656333,Barking,
2648110,2656296,Barnes,
2648110,2656295,Barnet,
2648110,6690590,Barnsbury,
2648110,2656065,Beckenham,
2648110,6690581,Belsize Park,
2648110,2655774,Bexleyheath,
2648110,2655721,Bickley,
2648110,2655690,Biggin Hill,
2648110,6947041,Blackheath,
2648110,2654787,Brentford,
2648110,6692466,Brixton Hill,
2648110,11551040,Brockley,
2648110,2654588,Bromley,
2648110,3345438,Camberwell,
2648110,3345437,Camden Town,
2648110,11549407,Canning Town,
2648110,2653646,Carshalton,
2648110,2653516,Catford,
2648110,6690583,Chalk Farm,
2648110,8741036,Charlton,
2648110,2653264,Chelsfield,
2648110,2653229,Chessington,
2648110,2653148,Chingford,
2648110,2653123,Chislehurst,
2648110,2643741,City of London,
2648110,2634341,City of Westminster,
2648110,6929936,Clapham Junction,
2648110,6690574,Clerkenwell,
2648110,2652249,Coulsdon,
2648110,2652085,Cranford,
2648110,2651984,Cricklewood,
2648110,11551042,Crofton Park,
2648110,2651817,Croydon,
2648110,6693937,Crystal Palace,
2648110,2651621,Dagenham,
2648110,2650567,Ealing,
2648110,9409254,Ealing Broadway,
2648110,8063096,Earlsfield,
2648110,2650430,East Ham,
2648110,11551053,East Sheen,
2648110,2650228,Edgware,
2648110,2650209,Edmonton,
2648110,2650042,Eltham,
2648110,2649996,Enfield Lock,
2648110,2649997,Enfield Town,
2648110,2649937,Erith,
2648110,2649671,Farnborough,
2648110,2649571,Feltham,
2648110,2649441,Finchley,
2648110,2649055,Friern Barnet,
2648110,2648997,Fulham,
2648110,7535506,Golders Green,
2648110,2648330,Goodmayes,
2648110,2647972,Greenford,
2648110,6693776,Greenhill,
2648110,2647694,Hackney,
2648110,6693771,Hadley Wood,
2648110,2647567,Hammersmith,
2648110,2647550,Hampton,
2648110,9613008,Hampton Wick,
2648110,2647514,Hanworth,
2648110,2647487,Harefield,
2648110,2647468,Harlesden,
2648110,6951076,Harmondsworth,
2648110,8581595,Harringay,
2648110,2647425,Harrow,
2648110,2647421,Harrow on the Hill,
2648110,2647420,Harrow Weald,
2648110,2647351,Hatch End,
2648110,2647261,Hayes,
2648110,10345364,Headstone,
2648110,2647116,Hendon,
2648110,2647027,Heston,
2648110,2646976,Highbury,
2648110,2646958,Highgate,
2648110,2646895,Hillingdon,
2648110,2646781,Holborn,
2648110,2646653,Hook,
2648110,2646580,Hornsey,
2648110,2646517,Hounslow,
2648110,2646306,Ickenham,
2648110,2646277,Ilford,
2648110,2646004,Isleworth,
2648110,2646003,Islington,
2648110,2645821,Kenley,
2648110,2645801,Kensington,
2648110,2645740,Kew,
2648110,2645726,Kidbrooke,
2648110,6690589,King's Cross,
2648110,6690829,Kingston upon Thames,
2648110,11551041,Ladywell,
2648110,9730993,Lee,
2648110,2644542,Leyton,
2648110,2643743,London,
2648110,11550772,Manor Park,
2648110,2642414,Mitcham,
2648110,2642233,Morden,
2648110,11551058,Mortlake,
2648110,6690816,Mottingham,
2648110,6694222,Muswell Hill,
2648110,2641727,New Barnet,
2648110,9409273,Norbiton,
2648110,2641290,Northolt,
2648110,2641216,Northwood,
2648110,2640894,Orpington,
2648110,8604716,Osterley,
2648110,2640667,Palmers Green,
2648110,2640275,Pinner,
2648110,2640201,Plumstead,
2648110,2640140,Ponders End,
2648110,2640091,Poplar,
2648110,2639842,Purley,
2648110,2639690,Rainham,
2648110,2639389,Richmond,
2648110,2639192,Romford,
2648110,2638976,Ruislip,
2648110,2638595,Sanderstead,
2648110,6690595,Shadwell,
2648110,2638043,Shepherds Bush,
2648110,2637935,Shirley,
2648110,10793747,Shortlands,
2648110,2637861,Sidcup,
2648110,2637595,Snaresbrook,
2648110,12264266,South Harefield,
2648110,2637490,Southall,
2648110,2637418,Southgate,
2648110,2637063,Stanmore,
2648110,2636948,Stepney,
2648110,2636714,Stratford,
2648110,2636675,Streatham,
2648110,2636565,Sudbury,
2648110,6690866,Surbiton,
2648110,2636503,Sutton,
2648110,2636147,Teddington,
2648110,11551039,Thamesmead,
2648110,2635963,Thornton Heath,
2648110,6690827,Tolworth,
2648110,2635608,Tottenham,
2648110,2635607,Totteridge,
2648110,2635308,Twickenham,
2648110,2635150,Upminster,
2648110,2635042,Uxbridge,
2648110,2634867,Wallington,
2648110,2634838,Walthamstow,
2648110,2634812,Wandsworth,
2648110,2634803,Wanstead,
2648110,2634579,Welling,
2648110,2634549,Wembley,
2648110,2634451,West Drayton,
2648110,7302137,West Ealing,
2648110,2634403,West Ham,
2648110,2634234,West Wickham,
2648110,2633907,Willesden,
2648110,6691839,Wimbledon Park,
2648110,2633653,Wood Green,
2648110,2633655,Woodford Green,
2648110,2633583,Woolwich,
2648110,2633561,Worcester Park,
2648402,2657383,Alvington,
2648402,2657340,Ampney Crucis,
2648402,2657322,Andoversford,
2648402,9258769,Apperley,
2648402,2657068,Arlington,
2648402,2656943,Ashleworth,
2648402,2656756,Avening,
2648402,11524011,Aylburton,
2648402,6695204,Barnwood,
2648402,2655861,Berkeley,
2648402,2655570,Bishops Cleeve,
2648402,2655544,Bisley,
2648402,2655361,Bledington,
2648402,2655336,Blockley,
2648402,2655087,Bourton on the Water,
2648402,2654832,Bream,
2648402,2654695,Brimscombe,
2648402,2653392,Chalford,
2648402,2653324,Charlton Kings,
2648402,2653276,Chedworth,
2648402,2653261,Cheltenham,
2648402,2653140,Chipping Campden,
2648402,2653043,Churchdown,
2648402,2652997,Cinderford,
2648402,2652995,Cirencester,
2648402,2652695,Coates,
2648402,2652591,Coleford,
2648402,2652323,Corse,
2648402,6697375,Donnington,
2648402,2651036,Down Ampney,
2648402,2650901,Drybrook,
2648402,2650800,Dumbleton,
2648402,2650613,Dursley,
2648402,2650588,Dymock,
2648402,3345342,Eastington,
2648402,2649741,Fairford,
2648402,2649100,Frampton on Severn,
2648402,2648404,Gloucester,
2648402,6940294,Gotherington,
2648402,2647393,Hartpury,
2648402,2646385,Huntley,
2648402,2645838,Kemble,
2648402,2645417,Kingswood,
2648402,2644719,Lechlade,
2648402,2643678,Longhope,
2648402,2643329,Lydbrook,
2648402,2643318,Lydney,
2648402,2642639,Mickleton,
2648402,2642452,Minchinhampton,
2648402,2642412,Mitcheldean,
2648402,2642200,Moreton in Marsh,
2648402,2641912,Nailsworth,
2648402,2641651,Newent,
2648402,2641318,Northleach,
2648402,2640678,Painswick,
2648402,2639778,Quenington,
2648402,6940298,Ruardean,
2648402,2638117,Sharpness,
2648402,9884689,Shipton,
2648402,2637878,Shurdington,
2648402,2637637,Slimbridge,
2648402,2637460,South Cerney,
2648402,2636811,Stonehouse,
2648402,2636748,Stow on the Wold,
2648402,10377009,Stratton,
2648402,2636616,Stroud,
2648402,2636388,Swindon,
2648402,2636083,Tetbury,
2648402,2636071,Tewkesbury,
2648402,10377070,Twigworth,
2648402,9884678,Uckington,
2648402,2635202,Uley,
2648402,2633860,Winchcombe,
2648402,2633607,Woolaston,
2648402,2633511,Wotton-under-Edge,
2648772,2655369,Blaydon-on-Tyne,
2648772,9260854,Chopwell,
2648772,2649578,Felling,
2648772,2648773,Gateshead,
2648772,6269326,Lamesley,
2648772,2639042,Rowlands Gill,
2648772,2634155,Whickham,
2649298,2656636,Bagillt,
2649298,2654507,Broughton,
2649298,2654394,Buckley,
2649298,2654095,Caergwrle,
2649298,2654086,Caerwys,
2649298,2649301,Flint,
2649298,2647975,Greenfield,
2649298,10400828,Gronant,
2649298,2647629,Halkyn,
2649298,2647303,Hawarden,
2649298,2646673,Holywell,
2649298,2646641,Hope,
2649298,2644676,Leeswood,
2649298,2642372,Mold,
2649298,2642137,Mostyn,
2649298,2641289,Northop,
2649298,8449935,Penyffordd,
2649298,2639789,Queensferry,
2649298,2639411,Rhydymwyn,
2649298,2635480,Treuddyn,
2649298,2634046,Whitford,
2649469,2657829,Aberdour,
2649469,2657267,Anstruther,
2649469,2656799,Auchtermuchty,
2649469,2656551,Ballingry,
2649469,2656447,Balmullo,
2649469,2655393,Blairhall,
2649469,2654415,Buckhaven,
2649469,2654255,Burntisland,
2649469,2654066,Cairneyhill,
2649469,2653824,Cardenden,
2649469,6943698,Carnock,
2649469,2653424,Ceres,
2649469,11592126,Coaltown of Wemyss,
2649469,11592113,Comrie,
2649469,2652207,Cowdenbeath,
2649469,2652102,Crail,
2649469,2651878,Crossford,
2649469,2651873,Crossgates,
2649469,2651698,Cupar,
2649469,8739669,Dalgety Bay,
2649469,2650732,Dunfermline,
2649469,2650314,East Wemyss,
2649469,2650117,Elie,
2649469,2649722,Falkland,
2649469,2649062,Freuchie,
2649469,11592154,Gauldry,
2649469,2648438,Glenrothes,
2649469,8063584,Guardbridge,
2649469,2646921,High Valleyfield,
2649469,2646104,Inverkeithing,
2649469,2645843,Kelty,
2649469,2645803,Kennoway,
2649469,2645525,Kincardine,
2649469,2645500,Kinghorn,
2649469,2645494,Kinglassie,
2649469,2645469,Kingseat,
2649469,2645463,Kingskettle,
2649469,2645298,Kirkcaldy,
2649469,2645064,Ladybank,
2649469,2644603,Leslie,
2649469,2644581,Leuchars,
2649469,2644577,Leven,
2649469,2644495,Limekilns,
2649469,2643827,Lochgelly,
2649469,2643385,Lundin Links,
2649469,2643016,Markinch,
2649469,2642694,Methil,
2649469,2641692,Newburgh,
2649469,2641593,Newport-on-Tay,
2649469,2641280,North Queensferry,
2649469,2641120,Oakley,
2649469,2640242,Pittenweem,
2649469,2639104,Rosyth,
2649469,2638864,Saint Andrews,
2649469,2638719,Saint Monans,
2649469,2638665,Saline,
2649469,2637194,Springfield,
2649469,2636697,Strathkinness,
2649469,2636694,Strathmiglo,
2649469,2636158,Tayport,
2649469,2635969,Thornton,
2649469,2635587,Townhill,
2649469,10171170,Windygates,
2649889,2657880,Abberton,
2649889,9072588,Abridge,
2649889,2657433,Alresford,
2649889,2657417,Althorne,
2649889,2657168,Ardleigh,
2649889,2656964,Ashdon,
2649889,2656194,Basildon,
2649889,2655718,Bicknacre,
2649889,2655672,Billericay,
2649889,2655630,Birchanger,
2649889,2655460,Black Notley,
2649889,2655466,Blackmore,
2649889,2655187,Boreham,
2649889,2655038,Boxted,
2649889,2654938,Braintree,
2649889,2654782,Brentwood,
2649889,2654711,Brightlingsea,
2649889,2654412,Buckhurst Hill,
2649889,2654270,Burnham-on-Crouch,
2649889,2653896,Canewdon,
2649889,7911271,Canvey Island,
2649889,2653579,Castle Hedingham,
2649889,2653266,Chelmsford,
2649889,2653178,Chigwell,
2649889,2653138,Chipping Ongar,
2649889,11592608,Chrishall,
2649889,2652974,Clacton-on-Sea,
2649889,2652919,Clavering,
2649889,2652640,Coggeshall,
2649889,2652618,Colchester,
2649889,2652605,Cold Norton,
2649889,2651532,Danbury,
2649889,2651434,Dedham,
2649889,2651047,Dovercourt,
2649889,2650550,Earls Colne,
2649889,2650426,East Hanningfield,
2649889,6693626,Eight Ash Green,
2649889,7535951,Elmstead Market,
2649889,2650059,Elsenham,
2649889,2649963,Epping,
2649889,2649442,Finchingfield,
2649889,7115533,Ford End,
2649889,2649049,Frinton-on-Sea,
2649889,2648971,Fyfield,
2649889,2648347,Goldhanger,
2649889,2648278,Gosfield,
2649889,6690801,Grange Hill,
2649889,2648169,Great Bardfield,
2649889,2648162,Great Bentley,
2649889,2648136,Great Chesterford,
2649889,2648117,Great Dunmow,
2649889,2648079,Great Horkesley,
2649889,2648069,Great Leighs,
2649889,2648049,Great Oakley,
2649889,2648027,Great Sampford,
2649889,2648005,Great Tey,
2649889,2648003,Great Totham,
2649889,2648000,Great Wakering,
2649889,2647998,Great Waltham,
2649889,2647983,Great Yeldham,
2649889,2647679,Hadleigh,
2649889,2647604,Halstead,
2649889,2647461,Harlow,
2649889,2647383,Harwich,
2649889,8299274,Hastingwood,
2649889,2647346,Hatfield Broad Oak,
2649889,2647345,Hatfield Heath,
2649889,2647343,Hatfield Peverel,
2649889,2647106,Henham,
2649889,2646969,High Easter,
2649889,2646936,High Ongar,
2649889,2646219,Ingatestone,
2649889,2646198,Ingrave,
2649889,2645841,Kelvedon,
2649889,2645840,Kelvedon Hatch,
2649889,2644829,Latchingdon and Snoreham,
2649889,2644771,Layer de la Haye,
2649889,2644350,Little Clacton,
2649889,2644334,Little Dunmow,
2649889,6693510,Little Hallingbury,
2649889,2644359,Littlebury,
2649889,2643160,Maldon,
2649889,2643107,Manningtree,
2649889,2643088,Manuden,
2649889,2643045,Margaretting,
2649889,2643012,Marks Tey,
2649889,2642874,Mayland,
2649889,2642416,Mistley,
2649889,2641597,Newport,
2649889,2641357,North Fambridge,
2649889,11788280,Old Harlow,
2649889,2640655,Panfield,
2649889,2640513,Peldon,
2649889,2640246,Pitsea,
2649889,2639843,Purleigh,
2649889,2639583,Rayleigh,
2649889,2639582,Rayne,
2649889,6693237,Rickling Green,
2649889,2639372,Ridgewell,
2649889,2639265,Rochford,
2649889,2639045,Rowhedge,
2649889,2639020,Roydon,
2649889,2638878,Saffron Walden,
2649889,2638708,Saint Osyth,
2649889,2638082,Sheering,
2649889,2638053,Shenfield,
2649889,2637871,Sible Hedingham,
2649889,6694284,Silver End,
2649889,2637476,South Benfleet,
2649889,2637374,Southminster,
2649889,2637052,Stansted Mountfitchet,
2649889,2636981,Stebbing,
2649889,2636968,Steeple Bumpstead,
2649889,2636896,Stock,
2649889,2636315,Takeley,
2649889,2636047,Thaxted,
2649889,2636031,Theydon Bois,
2649889,2635950,Thorpe le Soken,
2649889,2635826,Tillingham,
2649889,2635783,Tiptree,
2649889,2635720,Tollesbury,
2649889,2635718,Tolleshunt Knights,
2649889,2634843,Waltham Abbey,
2649889,2634826,Walton-on-the-Naze,
2649889,2634499,West Bergholt,
2649889,2634345,West Mersea,
2649889,2634212,Wethersfield,
2649889,2633976,Wickford,
2649889,2633973,Wickham Bishops,
2649889,2633963,Widdington,
2649889,2633749,Witham,
2649889,2633717,Wivenhoe,
2649889,2633647,Woodham Mortimer,
2649889,2633481,Writtle,
2650328,2657507,Alfriston,
2650328,2656161,Battle,
2650328,2655777,Bexhill-on-Sea,
2650328,6697318,Bodle Street,
2650328,2654196,Burwash,
2650328,2654143,Buxted,
2650328,6301901,Camber,
2650328,2653503,Catsfield,
2650328,2651852,Crowborough,
2650328,2651845,Crowhurst,
2650328,2651209,Ditchling,
2650328,2650415,East Hoathly,
2650328,2650497,Eastbourne,
2650328,2649737,Fairlight,
2650328,11153068,Flimwell,
2650328,2649210,Forest Row,
2650328,2649106,Framfield,
2650328,2649093,Frant,
2650328,2649044,Friston,
2650328,2647843,Groombridge,
2650328,2647655,Hailsham,
2650328,2647356,Hastings,
2650328,2647218,Heathfield,
2650328,2647048,Herstmonceux,
2650328,2646615,Horam,
2650328,2646304,Icklesham,
2650328,2645429,Kingston near Lewes,
2650328,2644559,Lewes,
2650328,2641637,Newhaven,
2650328,2641630,Newick,
2650328,2641489,Ninfield,
2650328,2641331,Northiam,
2650328,8128721,Peacehaven,
2650328,2640331,Pevensey,
2650328,8224279,Pevensey Bay,
2650328,2640204,Plumpton Green,
2650328,2639343,Ringmer,
2650328,2639282,Robertsbridge,
2650328,2639231,Rodmell,
2650328,2638909,Rye,
2650328,2638756,Saint Leonards-on-Sea,
2650328,2638311,Seaford,
2650328,2638253,Sedlescombe,
2650328,6619957,South Chailey,
2650328,2637028,Staplecross,
2650328,2635862,Ticehurst,
2650328,2635243,Uckfield,
2650328,10109483,Upper Hartfield,
2650328,2634918,Wadhurst,
2650328,6301907,Winchelsea Beach,
2650328,2633718,Wivelsfield Green,
2650345,2657594,Airmyn,
2650345,2657561,Aldbrough,
2650345,2656834,Atwick,
2650345,2656619,Bainton,
2650345,2656315,Barmby on the Marsh,
2650345,2656308,Barmston,
2650345,2656023,Beeford,
2650345,2655923,Bempton,
2650345,2655785,Beverley,
2650345,2655580,Bishop Burton,
2650345,2655547,Bishop Wilton,
2650345,2655029,Boynton,
2650345,2654898,Brandesburton,
2650345,2654877,Brantingham,
2650345,2654728,Bridlington,
2650345,2654549,Broomfleet,
2650345,2654532,Brough,
2650345,2654430,Bubwith,
2650345,2654370,Bugthorpe,
2650345,2654220,Burstwick,
2650345,2654211,Burton Constable,
2650345,2654203,Burton Pidsea,
2650345,2653742,Carnaby,
2650345,2653243,Cherry Burton,
2650345,2652262,Cottingham,
2650345,2648120,Driffield,
2650345,2650686,Dunnington,
2650345,2650649,Dunswell,
2650345,2650519,Easington,
2650345,2650344,Eastrington,
2650345,2650100,Ellerker,
2650345,2650099,Ellerton,
2650345,2649868,Etton,
2650345,2649451,Fimber,
2650345,2649337,Flamborough,
2650345,2648993,Full Sutton,
2650345,2648675,Gilberdyke,
2650345,2648319,Goole,
2650345,2647870,Grindale,
2650345,2647606,Halsham,
2650345,2647250,Hayton,
2650345,2647191,Hedon,
2650345,2647034,Hessle,
2650345,2646736,Hollym,
2650345,2646712,Holmpton,
2650345,2646652,Hook,
2650345,2646583,Hornsea,
2650345,2646537,Hotham,
2650345,2646499,Howden,
2650345,2646431,Humbleton,
2650345,2646339,Hutton,
2650345,2645734,Keyingham,
2650345,2645662,Kilham,
2650345,2645558,Kilpin,
2650345,2645333,Kirby Underdale,
2650345,2645283,Kirk Ella,
2650345,2644773,Laxton,
2650345,2644710,Leconfield,
2650345,2644578,Leven,
2650345,2644224,Little Weighton,
2650345,2643788,Lockington,
2650345,2643745,Londesborough,
2650345,2643643,Long Riston,
2650345,2643390,Lund,
2650345,2643079,Mappleton,
2650345,2643021,Market Weighton,
2650345,2642800,Melbourne,
2650345,2642581,Middleton on the Wolds,
2650345,2642512,Millington,
2650345,2641915,Nafferton,
2650345,2641594,Newport,
2650345,2641404,North Cave,
2650345,2641356,North Ferriby,
2650345,2641294,North Newbald,
2650345,2640833,Ottringham,
2650345,2640571,Patrington,
2650345,2640561,Paull,
2650345,2640185,Pocklington,
2650345,2640166,Pollington,
2650345,2639913,Preston,
2650345,2639590,Rawcliffe,
2650345,2639350,Rimswell,
2650345,2639166,Roos,
2650345,2638448,Scalby,
2650345,2638269,Seaton Ross,
2650345,2637951,Shiptonthorpe,
2650345,2637748,Skelton,
2650345,2637716,Skidby,
2650345,2637703,Skipsea,
2650345,2637599,Snaith,
2650345,2637461,South Cave,
2650345,2637185,Sproatley,
2650345,2637102,Stamford Bridge,
2650345,2636522,Sunk Island,
2650345,2636468,Sutton upon Derwent,
2650345,2636386,Swinefleet,
2650345,2635988,Thorngumbald,
2650345,2635971,Thornton,
2650345,2635871,Thwing,
2650345,2635856,Tickton,
2650345,2635189,Ulrome,
2650345,2634879,Walkington,
2650345,2634661,Watton,
2650345,2634644,Wawne,
2650345,2634557,Welton,
2650345,2634208,Wetwang,
2650345,2633926,Wilberfoss,
2650345,2633911,Willerby,
2650345,2633744,Withernsea,
2650345,2633705,Wold Newton,
2650386,2657803,Aberlady,
2650386,2652681,Cockenzie,
2650386,2650776,Dunbar,
2650386,2650392,East Linton,
2650386,11592146,Elphinstone,
2650386,2648682,Gifford,
2650386,2647778,Gullane,
2650386,2647686,Haddington,
2650386,2643652,Longniddry,
2650386,2643247,Macmerry,
2650386,2641942,Musselburgh,
2650386,2641419,North Berwick,
2650386,2640910,Ormiston,
2650386,2640490,Pencaitland,
2650386,2639902,Prestonpans,
2650386,2635563,Tranent,
2650386,11592274,West Barns,
2650386,11592275,Whitecraig,
2650629,2657282,Annfield Plain,
2650629,2656305,Barnard Castle,
2650629,2656289,Barningham,
2650629,2655583,Bishop Auckland,
2650629,2655578,Bishop Middleham,
2650629,11548423,Bowburn,
2650629,2655062,Bowes,
2650629,2654895,Brandon,
2650629,2654705,Brignall,
2650629,2654260,Burnopfield,
2650629,2654138,Byers Green,
2650629,2653550,Castleside,
2650629,2653224,Chester-le-Street,
2650629,2652673,Cockfield,
2650629,2652437,Consett,
2650629,2634467,Cornforth,
2650629,2652279,Cotherstone,
2650629,2652242,Coundon,
2650629,2652181,Coxhoe,
2650629,2651915,Crook,
2650629,2651828,Croxdale,
2650629,2650628,Durham,
2650629,2650518,Easington,
2650629,7287966,Easington Colliery,
2650629,2650283,Ebchester,
2650629,2650190,Eggleston,
2650629,2649843,Evenwood,
2650629,2649516,Ferryhill,
2650629,2649376,Fishburn,
2650629,2649016,Frosterley,
2650629,2648946,Gainford,
2650629,2647542,Hamsterley,
2650629,2647354,Haswell,
2650629,2647274,Hawthorn,
2650629,2646963,High Etherley,
2650629,2646688,Holwick,
2650629,2646376,Hunwick,
2650629,2646333,Hutton Magna,
2650629,2646207,Ingleton,
2650629,7280524,Kelloe,
2650629,2645247,Kirk Merrington,
2650629,2644968,Lanchester,
2650629,2644917,Langley Park,
2650629,2644841,Lartington,
2650629,2643488,Low Etherley,
2650629,2642638,Mickleton,
2650629,2642586,Middleton in Teesdale,
2650629,2642015,Muggleswick,
2650629,2641945,Murton,
2650629,2641722,Newbiggin,
2650629,2641555,Newton Aycliffe,
2650629,7302937,Ovington,
2650629,2640511,Pelton,
2650629,2640349,Peterlee,
2650629,2640241,Pittington,
2650629,2639207,Rokeby,
2650629,2639199,Romaldkirk,
2650629,2638888,Sacriston,
2650629,2638302,Seaham,
2650629,2638259,Sedgefield,
2650629,2638029,Sherburn,
2650629,2638028,Sherburn Hill,
2650629,2637983,Shildon,
2650629,2637901,Shotton,
2650629,2637405,South Hetton,
2650629,2637235,Spennymoor,
2650629,2637127,Staindrop,
2650629,2637078,Stanhope,
2650629,8224783,Stanley,
2650629,2637005,Startforth,
2650629,2636267,Tanfield,
2650629,2635978,Thornley,
2650629,2635590,Tow Law,
2650629,2635465,Trimdon,
2650629,2635463,Trimdon Grange,
2650629,2635054,Ushaw Moor,
2650629,2634288,West Rainton,
2650629,2633896,Willington,
2650629,2633827,Wingate,
2650629,2633803,Winston,
2650629,2633723,Witton Gilbert,
2650629,2633721,Witton le Wear,
2650629,2633694,Wolsingham,
2650797,2657293,Annan,
2650797,2654054,Cairnryan,
2650797,11592022,Cargenbridge,
2650797,2653590,Castle Douglas,
2650797,2652022,Creetown,
2650797,2651609,Dalbeattie,
2650797,2650798,Dumfries,
2650797,2650573,Eaglesfield,
2650797,8063602,Eastriggs,
2650797,2650280,Ecclefechan,
2650797,2648778,Gatehouse of Fleet,
2650797,2648463,Glenluce,
2650797,2647910,Gretna,
2650797,2645291,Kirkconnel,
2650797,2645287,Kirkcudbright,
2650797,2644927,Langholm,
2650797,2643853,Locharbriggs,
2650797,2643812,Lochmaben,
2650797,2643791,Lockerbie,
2650797,2642384,Moffat,
2650797,2642343,Moniaive,
2650797,2641528,Newton Stewart,
2650797,2640009,Portpatrick,
2650797,2638520,Sanquhar,
2650797,2636719,Stranraer,
2650797,2635981,Thornhill,
2650797,2634042,Whithorn,
2650797,2633932,Wigtown,
2651079,2657548,Alderholt,
2651079,2657046,Arne,
2651079,2656100,Beaminster,
2651079,2655862,Bere Regis,
2651079,2655378,Blandford Forum,
2651079,2655092,Bourton,
2651079,2655078,Bovington Camp,
2651079,2654992,Bradford Abbas,
2651079,2654726,Bridport,
2651079,2654623,Broadwindsor,
2651079,2654213,Burton Bradstock,
2651079,2653423,Cerne Abbas,
2651079,2653322,Charlton Marshall,
2651079,2653318,Charminster,
2651079,2653317,Charmouth,
2651079,2653188,Chickerell,
2651079,2653180,Chideock,
2651079,2653173,Child Okeford,
2651079,2652374,Corfe Castle,
2651079,2652090,Cranborne,
2651079,2651101,Dorchester,
2651079,2650332,East Stour,
2651079,2650368,Easton,
2651079,6691927,Ferndown,
2651079,2649170,Fortuneswell,
2651079,2648658,Gillingham,
2651079,2647603,Halstock,
2651079,2645984,Iwerne Minster,
2651079,2643314,Lyme Regis,
2651079,2643276,Lytchett Matravers,
2651079,2643185,Maiden Newton,
2651079,2643095,Manston,
2651079,2643001,Marnhull,
2651079,2642548,Milborne St Andrew,
2651079,2642139,Mosterton,
2651079,2642136,Motcombe,
2651079,12022227,Oborne,
2651079,3209953,Overcombe,
2651079,2640280,Pimperne,
2651079,2640063,Portesham,
2651079,6692041,Portland,
2651079,2640181,Poyntington,
2651079,2639867,Puddletown,
2651079,2638157,Shaftesbury,
2651079,2638033,Sherborne,
2651079,2637978,Shillingstone,
2651079,2647532,Sixpenny Handley,
2651079,2637232,Spetisbury,
2651079,2638757,St Leonards,
2651079,2637111,Stalbridge,
2651079,2636768,Stourpaine,
2651079,2636584,Sturminster Marshall,
2651079,2636583,Sturminster Newton,
2651079,2636445,Swanage,
2651079,2635927,Three Legged Cross,
2651079,2634975,Verwood,
2651079,2634776,Wareham,
2651079,2634502,West Bay,
2651079,2634202,Weymouth,
2651079,2633801,Winterborne Kingston,
2651079,2633798,Winterborne Stickland,
2651079,8224217,Winterbourne Abbas,
2651079,2633609,Wool,
2651079,2633366,Yetminster,
2651292,2657864,Abbotskerswell,
2651292,2657233,Appledore,
2651292,2656977,Ashburton,
2651292,2656725,Axminster,
2651292,2656720,Aylesbeare,
2651292,2656281,Barnstaple,
2651292,2656018,Beer,
2651292,2655864,Bere Alston,
2651292,2655834,Berrynarbor,
2651292,11594835,Bickleigh,
2651292,2655707,Bideford,
2651292,2655558,Bishopsteignton,
2651292,2655081,Bovey Tracey,
2651292,2655077,Bow,
2651292,2654979,Bradninch,
2651292,2654971,Bradworthy,
2651292,2654864,Bratton Fleming,
2651292,2654858,Braunton,
2651292,2654662,Brixton,
2651292,2654648,Broadhempston,
2651292,2654416,Buckfastleigh,
2651292,2654399,Buckland Monachorum,
2651292,2654376,Budleigh Salterton,
2651292,2653408,Chagford,
2651292,2653294,Chawleigh,
2651292,2653247,Cheriton Bishop,
2651292,2653246,Cheriton Fitzpaine,
2651292,2653066,Christow,
2651292,2653056,Chudleigh,
2651292,2653055,Chudleigh Knighton,
2651292,2653051,Chulmleigh,
2651292,2652717,Clyst St Mary,
2651292,2652511,Colyton,
2651292,2652508,Combe Martin,
2651292,2652390,Copplestone,
2651292,2652034,Crediton,
2651292,2651818,Croyde,
2651292,2651739,Cullompton,
2651292,2651731,Culmstock,
2651292,2651514,Dartington,
2651292,2651498,Dartmouth,
2651292,2651474,Dawlish,
2651292,2651384,Denbury,
2651292,2651146,Dolton,
2651292,2651056,Dousland,
2651292,2650713,Dunkeswell,
2651292,2650493,East Budleigh,
2651292,2649808,Exeter,
2651292,2649803,Exminster,
2651292,2649800,Exmouth,
2651292,2649076,Fremington,
2651292,2648004,Great Torrington,
2651292,2647647,Halberton,
2651292,2647403,Hartland,
2651292,2647341,Hatherleigh,
2651292,2647119,Hemyock,
2651292,2646980,High Bickington,
2651292,2646704,Holsworthy,
2651292,2646658,Honiton,
2651292,2646578,Horrabridge,
2651292,2646276,Ilfracombe,
2651292,2646151,Instow,
2651292,2646062,Ipplepen,
2651292,2645988,Ivybridge,
2651292,6693513,Kennford,
2651292,2645794,Kentisbeare,
2651292,2645789,Kenton,
2651292,2645592,Kilmington,
2651292,2645486,Kingsbridge,
2651292,2645464,Kingskerswell,
2651292,2645442,Kingsteignton,
2651292,2644988,Lamerton,
2651292,2644872,Lapford,
2651292,2644516,Lifton,
2651292,2643784,Loddiswell,
2651292,2643306,Lympstone,
2651292,2643285,Lynton,
2651292,2643164,Malborough,
2651292,2643009,Marldon,
2651292,7288350,Mary Tavy,
2651292,2642704,Merton,
2651292,2642395,Modbury,
2651292,2642237,Morchard Bishop,
2651292,2642201,Moretonhampstead,
2651292,2641944,Musbury,
2651292,2641557,Newton Abbot,
2651292,2641552,Newton Ferrers,
2651292,2641536,Newton Poppleford,
2651292,2641532,Newton St Cyres,
2651292,2641302,North Molton,
2651292,2641245,North Tawton,
2651292,2641434,Northam,
2651292,2641049,Okehampton,
2651292,2640837,Otterton,
2651292,2640834,Ottery St Mary,
2651292,2639885,Princetown,
2651292,7910363,Raymond's Hill,
2651292,2638682,Salcombe,
2651292,2638617,Sampford Peverell,
2651292,2638594,Sandford,
2651292,2638278,Seaton,
2651292,2638099,Shebbear,
2651292,2637853,Sidmouth,
2651292,2637826,Silverton,
2651292,2637471,South Brent,
2651292,2637373,South Molton,
2651292,2637272,South Zeal,
2651292,2637008,Starcross,
2651292,2636862,Stoke Canon,
2651292,2636856,Stoke Fleming,
2651292,2636855,Stoke Gabriel,
2651292,2636393,Swimbridge,
2651292,2636174,Tavistock,
2651292,2636132,Teignmouth,
2651292,2635939,Thorverton,
2651292,2635894,Thurlestone,
2651292,2635762,Tiverton,
2651292,2635680,Topsham,
2651292,2635610,Totnes,
2651292,2635234,Uffculme,
2651292,2634548,Wembury,
2651292,2634153,Whimple,
2651292,2633916,Willand,
2651292,2633818,Winkleigh,
2651292,2633745,Witheridge,
2651292,6693657,Woodbury,
2651292,2633608,Woolacombe,
2651292,2633603,Woolfardisworthy,
2651292,2633394,Yealmpton,
2651292,2633382,Yelverton,
2651346,2657508,Alfreton,
2651346,2656981,Ashbourne,
2651346,2656930,Ashover,
2651346,11072646,Aston-on-Trent,
2651346,2656617,Bakewell,
2651346,2656423,Bamford,
2651346,2656324,Barlborough,
2651346,2656191,Baslow,
2651346,2655942,Belper,
2651346,2655420,Blackwell,
2651346,2655242,Bolsover,
2651346,2655209,Bonsall,
2651346,2655168,Borrowash,
2651346,9884012,Bradley,
2651346,2654939,Brailsford,
2651346,2654872,Brassington,
2651346,2654836,Breadsall,
2651346,2654141,Buxton,
2651346,2653368,Chapel en le Frith,
2651346,2653332,Charlesworth,
2651346,2653225,Chesterfield,
2651346,2653147,Chinley,
2651346,2652771,Clowne,
2651346,2652273,Coton in the Elms,
2651346,2652007,Creswell,
2651346,2651927,Cromford,
2651346,2651050,Dove Holes,
2651346,2651045,Doveridge,
2651346,2650967,Dronfield,
2651346,2650836,Duffield,
2651346,2650191,Egginton,
2651346,2649863,Etwall,
2651346,2649794,Eyam,
2651346,2649439,Findern,
2651346,8224210,Glapwell,
2651346,2648405,Glossop,
2651346,2648064,Great Longstone,
2651346,2647338,Hathersage,
2651346,2647260,Hayfield,
2651346,2647232,Heage,
2651346,2647227,Heanor,
2651346,2646719,Holmesfield,
2651346,2646640,Hope,
2651346,2646274,Ilkeston,
2651346,2645703,Kilburn,
2651346,2645653,Killamarsh,
2651346,2645260,Kirk Ireton,
2651346,2644333,Little Eaton,
2651346,2643697,Long Eaton,
2651346,2642910,Matlock,
2651346,2642801,Melbourne,
2651346,7732704,Netherseal,
2651346,2641612,New Mills,
2651346,2641529,Newton Solney,
2651346,2640285,Pilsley,
2651346,2640273,Pinxton,
2651346,2639805,Quarndon,
2651346,2639489,Repton,
2651346,2639325,Ripley,
2651346,9884524,Rodsley,
2651346,2638127,Shardlow,
2651346,2637941,Shirebrook,
2651346,2637936,Shirland,
2651346,2637934,Shirley,
2651346,2637620,Smalley,
2651346,2637279,South Wingfield,
2651346,2636995,Staveley,
2651346,2636465,Swadlincote,
2651346,2636256,Tansley,
2651346,2635864,Tibshelf,
2651346,2635857,Ticknall,
2651346,2635851,Tideswell,
2651346,2635118,Upper Langwith,
2651346,2634824,Walton upon Trent,
2651346,2634405,West Hallam,
2651346,2634302,Weston upon Trent,
2651346,2634194,Whaley Bridge,
2651346,2633999,Whitwell,
2651346,2633824,Wingerworth,
2651346,2633806,Winster,
2651346,2633774,Wirksworth,
2651346,9884526,Yeldersley,
2651346,2633346,Youlgreave,
2651385,2655283,Bodelwyddan,
2651385,2654444,Bryneglwys,
2651385,2651658,Cwm,
2651385,2651630,Cynwyd,
2651385,2651386,Denbigh,
2651385,2651321,Derwen,
2651385,2650584,Dyserth,
2651385,2647099,Henllan,
2651385,2644138,Llandegla,
2651385,2644124,Llandrillo,
2651385,2644112,Llandyrnog,
2651385,2644021,Llangollen,
2651385,2639926,Prestatyn,
2651385,2639425,Rhuddlan,
2651385,2639409,Rhyl,
2651385,2638925,Ruthin,
2651385,2638855,Saint Asaph,
2651385,2635535,Trefnant,
2651712,2657427,Alston,
2651712,2657360,Ambleside,
2651712,8224207,Appleby-in-Westmorland,
2651712,2657074,Arlecdon,
2651712,2657029,Arnside,
2651712,2656908,Askam in Furness,
2651712,2656891,Aspatria,
2651712,9429958,Backbarrow,
2651712,2656241,Barrow in Furness,
2651712,2656064,Beckermet,
2651712,2654915,Brampton,
2651712,2654717,Brigham,
2651712,2654500,Broughton in Furness,
2651712,2654498,Broughton Moor,
2651712,2654305,Burgh by Sands,
2651712,2654278,Burneside,
2651712,2653775,Carlisle,
2651712,2652891,Cleator Moor,
2651712,2652676,Cockermouth,
2651712,2652457,Coniston,
2651712,2651556,Dalston,
2651712,2651551,Dalton in Furness,
2651712,2651446,Dearham,
2651712,2651213,Distington,
2651712,2650174,Egremont,
2651712,2649304,Flimby,
2651712,2649281,Flookburgh,
2651712,2649033,Frizington,
2651712,2648274,Gosforth,
2651712,6931071,Grange-over-Sands,
2651712,9429265,Great Corby,
2651712,2647900,Greystoke,
2651712,2647309,Haverigg,
2651712,2647014,Heversham,
2651712,2645826,Kendal,
2651712,2645756,Keswick,
2651712,2645308,Kirkby Lonsdale,
2651712,2645301,Kirkby Stephen,
2651712,2645299,Kirkby Thore,
2651712,8299861,Kirkby-in-Furness,
2651712,2644896,Langwathby,
2651712,2644768,Lazonby,
2651712,2644569,Levens,
2651712,2644483,Lindal in Furness,
2651712,2644484,Lindale,
2651712,2643617,Longtown,
2651712,2643545,Lowca,
2651712,2642927,Maryport,
2651712,2642505,Millom,
2651712,2642482,Milnthorpe,
2651712,6693664,Moor Row,
2651712,2640416,Penrith,
2651712,7288051,Portinscale,
2651712,2638851,Saint Bees,
2651712,2638365,Scotby,
2651712,2638282,Seascale,
2651712,2638262,Sedbergh,
2651712,2638135,Shap,
2651712,2637836,Silloth,
2651712,10171181,Stainton,
2651712,2636993,Staveley,
2651712,10171178,Swarthmoor,
2651712,2636112,Temple Sowerby,
2651712,2635884,Thursby,
2651712,2635183,Ulverston,
2651712,2634218,Wetheral,
2651712,2634096,Whitehaven,
2651712,2633933,Wigton,
2651712,2633851,Windermere,
2651712,2633553,Workington,
2652355,2655273,Bodmin,
2652355,2655148,Boscastle,
2652355,2655028,Boyton,
2652355,2654380,Bude,
2652355,2654371,Bugle,
2652355,2653981,Callington,
2652355,2653971,Calstock,
2652355,2653945,Camborne,
2652355,2653927,Camelford,
2652355,2653417,Chacewater,
2652355,2652434,Constantine,
2652355,2652076,Crantock,
2652355,2651791,Cubert,
2652355,2651404,Delabole,
2652355,2651196,Dobwalls,
2652355,2650806,Duloe,
2652355,2649715,Falmouth,
2652355,3345096,Flexbury,
2652355,2649271,Flushing,
2652355,8714312,Four Lanes,
2652355,2649126,Fowey,
2652355,2648715,Germoe,
2652355,2648714,Gerrans,
2652355,9166460,Gorran Haven,
2652355,2648227,Grampound,
2652355,2647759,Gunnislake,
2652355,2647736,Gweek,
2652355,2647258,Hayle,
2652355,2647171,Helland,
2652355,2647143,Helston,
2652355,2645979,Jacobstow,
2652355,2645655,Kilkhampton,
2652355,2644967,Landewednack,
2652355,2644962,Landrake,
2652355,2644889,Lanivet,
2652355,2644811,Launceston,
2652355,2644409,Liskeard,
2652355,2644202,Lizard,
2652355,3345093,Looe,
2652355,2643583,Lostwithiel,
2652355,2643228,Madron,
2652355,2643076,Marazion,
2652355,2643040,Marhamchurch,
2652355,2642749,Menheniot,
2652355,2642687,Mevagissey,
2652355,2642526,Millbrook,
2652355,9538911,Mount Hawke,
2652355,2642084,Mousehole,
2652355,2641976,Mullion,
2652355,2641931,Mylor Bridge,
2652355,7732702,Nanpean,
2652355,2641589,Newquay,
2652355,9538917,North Country,
2652355,2641337,North Hill,
2652355,2640685,Padstow,
2652355,2640623,Par,
2652355,2640508,Pelynt,
2652355,2640413,Penryn,
2652355,3345095,Pensilva,
2652355,2640377,Penzance,
2652355,9409472,Perranarworthal,
2652355,2640367,Perranporth,
2652355,2640365,Perranwell,
2652355,2640291,Pillaton,
2652355,2640152,Polperro,
2652355,2640151,Polruan,
2652355,6324514,Polzeath,
2652355,9409475,Ponsanooth,
2652355,2640040,Port Isaac,
2652355,2640046,Porthleven,
2652355,2640007,Portreath,
2652355,2640044,Portscatho,
2652355,2639961,Poughill,
2652355,2639954,Poundstock,
2652355,2639880,Probus,
2652355,2639524,Redruth,
2652355,2639270,Roche,
2652355,6324516,Rock,
2652355,2639005,Ruan Minor,
2652355,2638870,Saint Agnes,
2652355,2638849,Saint Blazey,
2652355,2638828,Saint Columb Major,
2652355,2638817,Saint Dennis,
2652355,2638698,Saint Stephen,
2652355,2638651,Saltash,
2652355,2638204,Sennen,
2652355,2637404,South Hill,
2652355,2638853,St Austell,
2652355,2638778,St Ives,
2652355,11001762,St Just,
2652355,6621656,St. Buryan,
2652355,2638819,St. Day,
2652355,2636907,Stithians,
2652355,8299848,Tintagel,
2652355,2635651,Torpoint,
2652355,13277724,Trebarwith,
2652355,12263939,Trebarwith Strand,
2652355,2635529,Tregoney,
2652355,2635470,Trewen,
2652355,2635412,Truro,
2652355,2635163,Uny Lelant,
2652355,2634920,Wadebridge,
2652355,2634537,Wendron,
2652355,2634521,Werrington,
2652355,12266213,Widemouth Bay,
2652975,2657471,Alloa,
2652975,2657397,Alva,
2652975,2652976,Clackmannan,
2652975,11592114,Coalsnaughton,
2652975,2651151,Dollar,
2652975,11592281,Glenochil Village,
2652975,8299851,Menstrie,
2652975,2638496,Sauchie,
2652975,2635829,Tillicoultry,
2652975,11592219,Tullibody,
2653753,2657808,Abergwili,
2653753,2657793,Abernant,
2653753,2657345,Ammanford,
2653753,2654229,Burry Port,
2653753,2653755,Carmarthen,
2653753,3345177,Carway,
2653753,2651872,Cross Hands,
2653753,2651657,Cwmann,
2653753,2649512,Ferryside,
2653753,2648603,Glanamman,
2653753,2645720,Kidwelly,
2653753,2644816,Laugharne,
2653753,2644168,Llanboidy,
2653753,2644158,Llanddarog,
2653753,2644155,Llanddeusant,
2653753,2644125,Llanddowror,
2653753,2644135,Llandeilo,
2653753,2644127,Llandovery,
2653753,2644115,Llandybie,
2653753,2644100,Llanelli,
2653753,2644052,Llanfynydd,
2653753,2644046,Llangain,
2653753,2644042,Llangathen,
2653753,2644034,Llangeler,
2653753,3345216,Llangynog,
2653753,2643973,Llannon,
2653753,2643955,Llansadwrn,
2653753,2643947,Llansawel,
2653753,2643942,Llansteffan,
2653753,2643915,Llanwinio,
2653753,2641933,Meidrim,
2653753,2641899,Nantgaredig,
2653753,2640491,Pencader,
2653753,3345173,Pont Henri,
2653753,2640111,Pontyates,
2653753,2640110,Pontyberem,
2653753,2638833,Saint Clears,
2653753,2635520,Trelech,
2653753,3345176,Trimsaran,
2653753,3345189,Tumble,
2653753,2635286,Tycroes,
2653753,2634035,Whitland,
2653814,2657850,Aberaeron,
2653814,2657789,Aberporth,
2653814,2657782,Aberystwyth,
2653814,2655162,Borth,
2653814,2655047,Bow Street,
2653814,2653818,Cardigan,
2653814,2647110,Henfynyw Upper,
2653814,2644981,Lampeter,
2653814,2643971,Llan-non,
2653814,2644187,Llanarth,
2653814,2644107,Llandysul,
2653814,2644006,Llangybi,
2653814,2643988,Llanilar,
2653814,2643979,Llanllwchaiarn,
2653814,2643962,Llanrhystud,
2653814,2643889,Lledrod,
2653814,2641588,New Quay,
2653814,2641676,Newcastle Emlyn,
2653814,6946746,Penparcau,
2653814,2640119,Pontrhydfendigaid,
2653814,2635531,Tregaron,
2653940,2657565,Alconbury,
2653940,2656940,Ashley,
2653940,2656433,Balsham,
2653940,6284555,Bar Hill,
2653940,10103876,Barton,
2653940,2656184,Bassingbourn,
2653940,2655320,Bluntisham,
2653940,2655123,Bottisham,
2653940,2655101,Bourn,
2653940,2654919,Brampton,
2653940,2654419,Buckden,
2653940,2654195,Burwell,
2653940,9409226,Cambourne,
2653940,2653941,Cambridge,
2653940,2653603,Castle Camps,
2653940,2653462,Caxton,
2653940,2653298,Chatteris,
2653940,2653205,Cheveley,
2653940,2653143,Chippenham,
2653940,2652502,Comberton,
2653940,2652275,Coton,
2653940,2652269,Cottenham,
2653940,2651181,Doddington,
2653940,2650898,Dry Drayton,
2653940,2650605,Duxford,
2653940,2650558,Earith,
2653940,2650293,Eaton Socon,
2653940,2650092,Ellington,
2653940,2650044,Elsworth,
2653940,2650039,Elton,
2653940,2650023,Ely,
2653940,2649549,Fenstanton,
2653940,2649255,Folksworth,
2653940,2649229,Fordham,
2653940,2649122,Fowlmere,
2653940,2649000,Fulbourn,
2653940,2648899,Gamlingay,
2653940,2648627,Girton,
2653940,2648370,Godmanchester,
2653940,10103877,Grantchester,
2653940,2648135,Great Chishill,
2653940,2648095,Great Gransden,
2653940,2648038,Great Paxton,
2653940,2648014,Great Staughton,
2653940,2648010,Great Stukeley,
2653940,2647992,Great Wilbraham,
2653940,2647794,Guilden Morden,
2653940,2647687,Haddenham,
2653940,2647654,Hail Weston,
2653940,2647419,Harston,
2653940,2647362,Haslingfield,
2653940,2647318,Hauxton,
2653940,2647134,Hemingford Abbots,
2653940,2647133,Hemingford Grey,
2653940,2646875,Hilton,
2653940,2646828,Histon,
2653940,2646731,Holme,
2653940,11153730,Houghton,
2653940,2646393,Huntingdon,
2653940,2646303,Ickleton,
2653940,2646012,Isleham,
2653940,2645536,Kimbolton,
2653940,2644434,Linton,
2653940,2644382,Litlington,
2653940,2644271,Little Paxton,
2653940,2644268,Littleport,
2653940,7670885,Lode,
2653940,2643634,Longstanton,
2653940,2643121,Manea,
2653940,2643071,March,
2653940,2642802,Melbourn,
2653940,2642792,Meldreth,
2653940,2642732,Mepal,
2653940,2641951,Murrow,
2653940,2641827,Needingworth,
2653940,2641125,Oakington,
2653940,2640883,Orwell,
2653940,2640778,Over,
2653940,2640624,Papworth Everard,
2653940,7670883,Parson Drove,
2653940,13353776,Primrose Place,
2653940,2639664,Ramsey,
2653940,2638776,Saint Ives,
2653940,2638717,Saint Neots,
2653940,2638474,Sawston,
2653940,2638473,Sawtry,
2653940,2638037,Shepreth,
2653940,2637554,Soham,
2653940,2637528,Somersham,
2653940,2637262,Spaldwick,
2653940,2636965,Steeple Morden,
2653940,2636941,Stetchworth,
2653940,2636914,Stilton,
2653940,2636756,Stow cum Quy,
2653940,2636661,Stretham,
2653940,2636498,Sutton,
2653940,2636463,Swaffham Bulbeck,
2653940,2636462,Swaffham Prior,
2653940,2636409,Swavesey,
2653940,2635740,Toft,
2653940,2634796,Warboys,
2653940,2634701,Waterbeach,
2653940,11902774,Wentworth,
2653940,2634221,West Wratting,
2653940,2634199,Whaddon,
2653940,2634010,Whittlesey,
2653940,2634009,Whittlesford,
2653940,2633980,Wicken,
2653940,2633925,Wilburton,
2653940,2633900,Willingham,
2653940,2633864,Wimblington,
2653940,10104024,Wimpole,
2653940,2633771,Wisbech,
2653940,2633755,Wistow,
2653940,2633751,Witchford,
2653940,2633399,Yaxley,
2654408,2657578,Akeley,
2654408,2657356,Amersham,
2654408,6690592,Amersham on the Hill,
2654408,11593085,Ashley Green,
2654408,2656864,Aston Clinton,
2654408,2656719,Aylesbury,
2654408,2656120,Beaconsfield,
2654408,2655699,Bierton,
2654408,2655097,Bourne End,
2654408,2654701,Brill,
2654408,2654410,Buckingham,
2654408,2654274,Burnham,
2654408,2653393,Chalfont Saint Peter,
2654408,2653394,Chalfont St Giles,
2654408,2653288,Chearsley,
2654408,2653280,Cheddington,
2654408,2653235,Chesham,
2654408,11550849,Chesham Bois,
2654408,2651781,Cuddington,
2654408,2651378,Denham,
2654408,6950941,Drayton Parslow,
2654408,2650235,Edgcott,
2654408,2650098,Ellesborough,
2654408,2649657,Farnham Royal,
2654408,12217158,Flackwell Heath,
2654408,9538955,Frieth,
2654408,2648762,Gawcott,
2654408,6620359,George Green,
2654408,6620444,Gerrards Cross,
2654408,2648150,Great Brickhill,
2654408,2648076,Great Horwood,
2654408,2648073,Great Kimble,
2654408,2648057,Great Missenden,
2654408,2647922,Grendon Underwood,
2654408,2647688,Haddenham,
2654408,2647193,Hedgerley,
2654408,2646914,High Wycombe,
2654408,11550848,Hyde Heath,
2654408,11072643,Ickford,
2654408,2645990,Iver,
2654408,7290170,Iver Heath,
2654408,2645989,Ivinghoe,
2654408,2645946,Jordans,
2654408,2644698,Lee,
2654408,12262591,Ley Hill,
2654408,6690591,Little Chalfont,
2654408,2644291,Little Marlow,
2654408,2643707,Long Crendon,
2654408,2643614,Longwick,
2654408,2643570,Loudwater,
2654408,2643003,Marlow,
2654408,2642979,Marsh Gibbon,
2654408,2642961,Marsworth,
2654408,2641950,Mursley,
2654408,12264768,New Denham,
2654408,2641545,Newton Longville,
2654408,2641308,North Marston,
2654408,2641122,Oakley,
2654408,2640693,Padbury,
2654408,2640244,Pitstone,
2654408,2639888,Princes Risborough,
2654408,2639814,Quainton,
2654408,7521859,Seer Green,
2654408,2636967,Steeple Claydon,
2654408,2636930,Stewkley,
2654408,2636850,Stoke Hammond,
2654408,2636840,Stoke Poges,
2654408,2636844,Stokenchurch,
2654408,2636824,Stone,
2654408,2636250,Taplow,
2654408,2636004,Thornborough,
2654408,2635796,Tingewick,
2654408,2634925,Waddesdon,
2654408,2634538,Wendover,
2654408,2634307,Weston Turville,
2654408,12261709,Wexham Street,
2654408,2634200,Whaddon,
2654408,2634125,Whitchurch,
2654408,2633830,Wing,
2654408,2633820,Wingrave,
2654408,2633808,Winslow,
2654408,2633675,Wooburn,
2654408,12217157,Wooburn Green,
2654408,2633540,Worminghall,
2655192,2657494,Allanton,
2655192,2656697,Ayton,
2655192,2653807,Cardrona Mains,
2655192,2653128,Chirnside,
2655192,2652774,Clovenfords,
2655192,2652608,Coldingham,
2655192,2652601,Coldstream,
2655192,2651375,Denholm,
2655192,2650673,Duns,
2655192,2650541,Earlston,
2655192,2649784,Eyemouth,
2655192,2648928,Galashiels,
2655192,2647954,Greenlaw,
2655192,2647297,Hawick,
2655192,2646172,Innerleithen,
2655192,2645970,Jedburgh,
2655192,2645849,Kelso,
2655192,2644818,Lauder,
2655192,2642769,Melrose,
2655192,2641675,Newcastleton,
2655192,2641513,Newtown St Boswells,
2655192,2640526,Peebles,
2655192,2638848,Saint Boswells,
2655192,2638229,Selkirk,
2655192,2636760,Stow,
2655192,2635585,Town Yetholm,
2655192,8740024,Tweedbank,
2655192,2634885,Walkerburn,
2655192,2634360,West Linton,
2657306,2657215,Arbroath,
2657306,2654824,Brechin,
2657306,2653704,Carnoustie,
2657306,2650197,Edzell,
2657306,2649517,Ferryden,
2657306,2649207,Forfar,
2657306,2649048,Friockheim,
2657306,2646887,Hillside,
2657306,2645191,Kirriemuir,
2657306,2644594,Letham,
2657306,2644518,Liff,
2657306,2642342,Monifieth,
2657306,2642302,Montrose,
2657306,2642006,Muirhead,
2657306,2641509,Newtyle,
2657306,11592273,Wellbank,
2657311,2657819,Aberffraw,
2657311,2657347,Amlwch,
2657311,2656073,Beaumaris,
2657311,3209552,Benllech,
2657311,2655284,Bodedern,
2657311,2653438,Cemaes Bay,
2657311,8335472,Dwyran,
2657311,2648954,Gaerwen,
2657311,2647738,Gwalchmai,
2657311,2646686,Holyhead,
2657311,2644149,Llanddona,
2657311,2644095,Llanerchymedd,
2657311,2644093,Llanfachraeth,
2657311,2644087,Llanfaethlu,
2657311,2644080,Llanfairpwllgwyngyll,
2657311,2644074,Llanfechell,
2657311,2644037,Llangefni,
2657311,2644022,Llangoed,
2657311,2642755,Menai Bridge,
2657311,2642391,Moelfre,
2657311,2640399,Pentraeth,
2657311,8299870,Penysarn,
2657311,2639435,Rhosneigr,
2657311,2635022,Valley,
2657830,2657839,Aberchirder,
2657830,2657775,Aboyne,
2657830,2657509,Alford,
2657830,2656821,Auchenblae,
2657830,2656565,Ballater,
2657830,2656454,Balmedie,
2657830,2656405,Banchory,
2657830,2656402,Banff,
2657830,2655522,Blackburn,
2657830,2655288,Boddam,
2657830,2654752,Bridgend,
2657830,2651977,Crimond,
2657830,11592138,Cruden Bay,
2657830,2651710,Cuminestown,
2657830,7670889,Drumoak,
2657830,2650086,Ellon,
2657830,2649089,Fraserburgh,
2657830,2648880,Gardenstown,
2657830,2648260,Gourdon,
2657830,2647333,Hatton,
2657830,2646384,Huntly,
2657830,2646157,Insch,
2657830,2646134,Inverbervie,
2657830,2646073,Inverurie,
2657830,2645953,Johnshaven,
2657830,2645836,Kemnay,
2657830,11592171,Kingseat,
2657830,2645358,Kintore,
2657830,2644809,Laurencekirk,
2657830,2643636,Longside,
2657830,2643398,Lumphanan,
2657830,2643262,Macduff,
2657830,2642903,Maud,
2657830,2642430,Mintlaw,
2657830,2641656,New Deer,
2657830,2641600,New Pitsligo,
2657830,2641691,Newburgh,
2657830,2641619,Newmacher,
2657830,2641549,Newtonhill,
2657830,2641007,Oldmeldrum,
2657830,2640351,Peterhead,
2657830,2640253,Pitmedden,
2657830,2640064,Port Erroll,
2657830,2640030,Portlethen,
2657830,2639992,Portsoy,
2657830,11592206,Potterton,
2657830,2639144,Rosehearty,
2657830,2639079,Rothienorman,
2657830,2638825,Saint Combs,
2657830,2638823,Saint Cyrus,
2657830,2638801,Saint Fergus,
2657830,2638587,Sandhaven,
2657830,2636814,Stonehaven,
2657830,2636654,Strichen,
2657830,2636605,Stuartfield,
2657830,2636216,Tarland,
2657830,2636191,Tarves,
2657830,2635652,Torphins,
2657830,2635329,Turriff,
2657830,6640068,Westhill,
2657830,2634091,Whitehills,
3333122,2656284,Barnsley,
3333122,2655618,Birdwell,
3333122,2655230,Bolton upon Dearne,
3333122,2653463,Cawthorne,
3333122,2651778,Cudworth,
3333122,2651520,Darfield,
3333122,2651497,Darton,
3333122,2651172,Dodworth,
3333122,2650731,Dunford Bridge,
3333122,2648074,Great Houghton,
3333122,7302133,Grimethorpe,
3333122,2646471,Hoyland Nether,
3333122,2644307,Little Houghton,
3333122,12265497,Millhouse Green,
3333122,2640463,Penistone,
3333122,2639017,Royston,
3333122,2638156,Shafton,
3333122,2637841,Silkstone,
3333122,2637132,Stainborough,
3333122,2633681,Wombwell,
3333122,2633514,Wortley,
3333123,2656173,Bath,
3333123,2656170,Bathford,
3333123,3345404,Bishop Sutton,
3333123,6619695,Cameley,
3333123,2653924,Camerton,
3333123,2653197,Chew Magna,
3333123,2653196,Chew Stoke,
3333123,2652739,Clutton,
3333123,2652483,Compton Dando,
3333123,2652481,Compton Martin,
3333123,2652313,Corston,
3333123,2650422,East Harptree,
3333123,2649674,Farmborough,
3333123,2649644,Farrington Gurney,
3333123,2649070,Freshford,
3333123,2646846,Hinton Charterhouse,
3333123,2645733,Keynsham,
3333123,2642557,Midsomer Norton,
3333123,2640559,Paulton,
3333123,3345396,Peasedown Saint John,
3333123,2640410,Pensford,
3333123,2639883,Priston,
3333123,2639871,Publow,
3333123,2639715,Radstock,
3333123,2638639,Saltford,
3333123,9884026,Stanton Drew,
3333123,2635801,Timsbury,
3333123,2634571,Wellow,
3333123,2634129,Whitchurch,
3333125,7302130,Bartley Green,
3333125,2655603,Birmingham,
3333125,11778104,Castle Vale,
3333125,2636486,Sutton Coldfield,
3333126,2655524,Blackburn,
3333126,2651495,Darwen,
3333126,2650227,Edgworth,
3333127,2655459,Blackpool,
3333127,6694342,Great Marton,
3333128,2655454,Blackrod,
3333128,2655237,Bolton,
3333128,2649650,Farnworth,
3333128,2646542,Horwich,
3333128,2645911,Kearsley,
3333128,2644299,Little Lever,
3333128,6693027,Lostock,
3333128,2634387,Westhoughton,
3333130,2655644,Binfield,
3333130,2655009,Bracknell,
3333130,2651831,Crowthorne,
3333130,2638580,Sandhurst,
3333130,2634773,Warfield,
3333131,2657680,Addingham,
3333131,2656627,Baildon,
3333131,2655642,Bingley,
3333131,2654993,Bradford,
3333131,2654285,Burley in Wharfedale,
3333131,2652900,Clayton,
3333131,2651748,Cullingworth,
3333131,2651374,Denholme,
3333131,2647278,Haworth,
3333131,2646272,Ilkley,
3333131,2645889,Keighley,
3333131,2642743,Menston,
3333131,2640731,Oxenhope,
3333131,2639792,Queensbury,
3333131,2638652,Saltaire,
3333131,13276285,Scar Top,
3333131,2637958,Shipley,
3333131,2637833,Silsden,
3333131,2636963,Steeton,
3333131,2635973,Thornton,
3333131,2633880,Wilsden,
3333133,2654710,Brighton,
3333133,2646504,Hove,
3333133,2639998,Portslade,
3333133,2639069,Rottingdean,
3333134,2654675,Bristol,
3333136,2654187,Bury,
3333136,2639897,Prestwich,
3333136,6691227,Radcliffe,
3333136,2639668,Ramsbottom,
3333136,2635604,Tottington,
3333136,2634103,Whitefield,
3333137,2656329,Barkisland,
3333137,2654715,Brighouse,
3333137,2652360,Cornholme,
3333137,11611428,Cragg vale,
3333137,2650110,Elland,
3333137,2647632,Halifax,
3333137,2647207,Hebden Bridge,
3333137,11203943,Holywell Green,
3333137,2643437,Luddenden Foot,
3333137,2641922,Mytholmroyd,
3333137,12060359,Rastrick,
3333137,2639320,Ripponden,
3333137,2637350,Southowram,
3333137,2637268,Sowerby Bridge,
3333137,2635744,Todmorden,
3333137,2634851,Walsden,
3333139,2652221,Coventry,
3333139,2645778,Keresley,
3333141,2655549,Bishopton,
3333141,6692308,Coatham Mundeville,
3333141,2651513,Darlington,
3333141,2651355,Denton,
3333141,2647186,Heighington,
3333141,2646970,High Coniscliffe,
3333141,2646352,Hurworth,
3333141,7521855,Summerhouse,
3333141,2634822,Walworth,
3333142,2653414,Chaddesden,
3333142,2651347,Derby,
3333142,13546077,Oakwood,
3333142,11863036,Sinfin,
3333143,2657658,Adwick le Street,
3333143,2657051,Armthorpe,
3333143,2656907,Askern,
3333143,2656794,Auckley,
3333143,2656301,Barnburgh,
3333143,2656144,Bawtry,
3333143,2655882,Bentley,
3333143,2654936,Braithwell,
3333143,2653910,Campsall,
3333143,2653873,Cantley,
3333143,2653825,Carcroft,
3333143,2652458,Conisbrough,
3333143,2651123,Doncaster,
3333143,2649544,Fenwick,
3333143,2649403,Finningley,
3333143,2647347,Hatfield,
3333143,2645232,Kirk Sandall,
3333143,2642998,Marr,
3333143,2642683,Mexborough,
3333143,2642148,Moss,
3333143,2641199,Norton,
3333143,2639119,Rossington,
3333143,2637124,Stainforth,
3333143,2637120,Stainton,
3333143,2635997,Thorne,
3333143,2635859,Tickhill,
3333143,2634916,Wadworth,
3333144,2654724,Brierley Hill,
3333144,2650839,Dudley,
3333144,2647639,Halesowen,
3333144,2645420,Kingswinford,
3333144,2641773,Netherton,
3333144,2636769,Stourbridge,
3333152,2650027,Elwick,
3333152,2648089,Greatham,
3333152,2647400,Hartlepool,
3333158,2657679,Addington,
3333158,2657531,Aldington,
3333158,6695249,Ash,
3333158,2656955,Ashford,
3333158,2656716,Aylesford,
3333158,7115300,Aylesham,
3333158,6620354,Barham,
3333158,2655904,Benenden,
3333158,2655805,Bethersden,
3333158,2655713,Biddenden,
3333158,2655627,Birchington-on-Sea,
3333158,2655365,Blean,
3333158,2655193,Borden,
3333158,2655172,Borough Green,
3333158,2655040,Boxley,
3333158,2654871,Brasted,
3333158,2654794,Brenchley,
3333158,2654760,Bridge,
3333158,2654635,Broadstairs,
3333158,2654293,Burham,
3333158,2653877,Canterbury,
3333158,10376294,Capel le Ferne,
3333158,2653342,Charing,
3333158,2653310,Chartham,
3333158,2652088,Cranbrook,
3333158,2651522,Darenth,
3333158,2651500,Dartford,
3333158,2651468,Deal,
3333158,6619433,Densole,
3333158,2651303,Detling,
3333158,2651048,Dover,
3333158,2650589,Dymchurch,
3333158,2650357,East Peckham,
3333158,2650482,Eastchurch,
3333158,2650341,Eastry,
3333158,2650246,Edenbridge,
3333158,2650120,Elham,
3333158,2649775,Eynsford,
3333158,2649770,Eythorne,
3333158,2649622,Faversham,
3333158,6693233,Fawkham,
3333158,10104871,Five Oak Green,
3333158,2649258,Folkestone,
3333158,2648263,Goudhurst,
3333158,2648187,Gravesend,
3333158,2647962,Greenhithe,
3333158,2647675,Hadlow,
3333158,2647437,Harrietsham,
3333158,2647398,Hartley,
3333158,2647291,Hawkhurst,
3333158,2647289,Hawkinge,
3333158,2647240,Headcorn,
3333158,2647057,Herne Bay,
3333158,2646954,High Halden,
3333158,2646906,Hildenborough,
3333158,2646552,Horsmonden,
3333158,2646543,Horton Kirby,
3333158,2646316,Hythe,
3333158,12266039,Istead Rise,
3333158,2645987,Ivychurch,
3333158,2645986,Iwade,
3333158,2645830,Kemsing,
3333158,2645804,Kennington,
3333158,6690167,Kings Hill,
3333158,2645005,Lamberhurst,
3333158,6693668,Larkfield,
3333158,2644624,Lenham,
3333158,2644544,Leysdown-on-Sea,
3333158,2644366,Littlebourne,
3333158,2643696,Longfield,
3333158,2643519,Lower Halstow,
3333158,2643327,Lydd,
3333158,2643326,Lydden,
3333158,2643313,Lyminge,
3333158,2643308,Lympne,
3333158,2643286,Lynsted,
3333158,2643179,Maidstone,
3333158,2643060,Marden,
3333158,2643044,Margate,
3333158,2642733,Meopham,
3333158,2642712,Mersham,
3333158,2641582,New Romney,
3333158,2641629,Newington,
3333158,2640860,Otford,
3333158,2640690,Paddock Wood,
3333158,2640498,Pembury,
3333158,2640409,Penshurst,
3333158,2640223,Plaxtol,
3333158,2639796,Queenborough,
3333158,2639660,Ramsgate,
3333158,2639201,Rolvenden,
3333158,2639022,Royal Tunbridge Wells,
3333158,10278190,Rusthall,
3333158,2638703,Saint Peters,
3333158,2638542,Sandwich,
3333158,2638223,Sellindge,
3333158,2638187,Sevenoaks,
3333158,2638158,Shadoxhurst,
3333158,2638081,Sheerness,
3333158,2638041,Shepherdswell,
3333158,2637917,Shoreham,
3333158,2637806,Sissinghurst,
3333158,2637802,Sittingbourne,
3333158,2637613,Smarden,
3333158,2637571,Snodland,
3333158,2637547,Sole Street,
3333158,2637421,Southfleet,
3333158,2637240,Speldhurst,
3333158,6955232,St Mary's Bay,
3333158,2637016,Staplehurst,
3333158,2636804,Stone,
3333158,2636582,Sturry,
3333158,2636525,Sundridge,
3333158,2636439,Swanley,
3333158,2636433,Swanscombe,
3333158,6615508,Tankerton,
3333158,2636101,Tenterden,
3333158,2636069,Teynham,
3333158,2635703,Tonbridge,
3333158,2635204,Ulcombe,
3333158,2635161,Upchurch,
3333158,8063681,Upstreet,
3333158,2634690,Wateringbury,
3333158,10246613,West Kingsdown,
3333158,2634349,West Malling,
3333158,2634434,Westerham,
3333158,2634413,Westgate on Sea,
3333158,2634021,Whitstable,
3333158,2633821,Wingham,
3333158,2633726,Wittersham,
3333158,2633666,Woodchurch,
3333158,2633577,Wootton,
3333158,2633525,Worth,
3333158,2633508,Wouldham,
3333158,2633478,Wrotham,
3333158,2633460,Wye,
3333158,2633424,Yalding,
3333159,2645425,Kingston upon Hull,
3333159,12104476,Saint Andrews Quay,
3333161,2656168,Batley,
3333161,6301958,Blackmoorfoot,
3333161,2652898,Clayton West,
3333161,2652890,Cleckheaton,
3333161,2651382,Denby Dale,
3333161,2651286,Dewsbury,
3333161,2650008,Emley,
3333161,2649290,Flockton,
3333161,2647198,Heckmondwike,
3333161,2646716,Holmfirth,
3333161,2646458,Huddersfield,
3333161,2645314,Kirkburton,
3333161,2644437,Linthwaite,
3333161,2644207,Liversedge,
3333161,2642992,Marsden,
3333161,2642766,Meltham,
3333161,2642423,Mirfield,
3333161,12265686,New Mill,
3333161,6693505,Scissett,
3333161,2638065,Shelley,
3333161,2638040,Shepley,
3333161,2637753,Skelmanthorpe,
3333161,12265561,Upper Cumberworth,
3333161,12265560,Upper Denby,
3333162,2647637,Halewood,
3333162,2646329,Huyton,
3333162,2645313,Kirkby,
3333162,2645097,Knowsley,
3333162,2639928,Prescot,
3333162,6694788,Whiston,
3333164,2657817,Aberford,
3333164,2656354,Bardsey,
3333164,2655136,Boston Spa,
3333164,2654926,Bramham,
3333164,2654925,Bramhope,
3333164,6695247,Chapel Allerton,
3333164,6269410,Clifford,
3333164,2652558,Collingham,
3333164,2650987,Drighlington,
3333164,6269412,East Keswick,
3333164,2648875,Garforth,
3333164,2648673,Gildersome,
3333164,2647784,Guiseley,
3333164,11776851,Holbeck,
3333164,2646558,Horsforth,
3333164,2645347,Kippax,
3333164,2644702,Ledsham,
3333164,2644701,Ledston,
3333164,2644688,Leeds,
3333164,2643776,Lofthouse,
3333164,2642693,Methley,
3333164,2642189,Morley,
3333164,2640857,Otley,
3333164,2640102,Pool,
3333164,2639866,Pudsey,
3333164,2638417,Scarcroft,
3333164,2638386,Scholes,
3333164,6269414,Shadwell,
3333164,2636394,Swillington,
3333164,2635996,Thorner,
3333164,2635955,Thorp Arch,
3333164,6269409,Walton,
3333164,2634217,Wetherby,
3333164,2633397,Yeadon,
3333165,2656715,Aylestone,
3333165,2655980,Belgrave,
3333165,2655593,Birstall,
3333165,2646434,Humberstone,
3333165,2644668,Leicester,
3333167,11550900,Allerton,
3333167,2653169,Childwall,
3333167,2651285,Deysbrook,
3333167,2651246,Dingle,
3333167,2649610,Fazakerley,
3333167,2648827,Garston,
3333167,11888134,Gateacre,
3333167,8063573,Knotty Ash,
3333167,2644210,Liverpool,
3333167,11550898,Mossley Hill,
3333167,11549414,Netherley,
3333167,8063574,Old Swan,
3333167,2637241,Speke,
3333167,2634455,West Derby,
3333167,2633586,Woolton,
3333168,2643339,Luton,
3333169,6620310,Didsbury,
3333169,2643123,Manchester,
3333169,2639335,Ringway,
3333170,2657476,Allhallows,
3333170,2653305,Chatham,
3333170,2653299,Chattenden,
3333170,2652849,Cliffe,
3333170,2652414,Cooling,
3333170,2651662,Cuxton,
3333170,2648657,Gillingham,
3333170,2648236,Grain,
3333170,2647616,Halling,
3333170,2646953,High Halstow,
3333170,2646656,Hoo,
3333170,10247756,Lower Stoke,
3333170,2639691,Rainham,
3333170,2639268,Rochester,
3333170,2636869,Upper Stoke,
3333172,2642607,Middlesbrough,
3333172,2641148,Nunthorpe,
3333173,2656856,Astwood,
3333173,2655351,Bletchley,
3333173,2655073,Bow Brickhill,
3333173,2654974,Bradwell,
3333173,2654510,Broughton,
3333173,2653961,Calverton,
3333173,2653545,Castlethorpe,
3333173,2653193,Chicheley,
3333173,2650019,Emberton,
3333173,2648758,Gayhurst,
3333173,2647518,Hanslope,
3333173,2644826,Lathbury,
3333173,2644804,Lavendon,
3333173,2643557,Loughton,
3333173,2642465,Milton Keynes,
3333173,2642126,Moulsoe,
3333173,2641591,Newport Pagnell,
3333173,2641383,North Crawley,
3333173,2640972,Olney,
3333173,2639597,Ravenstone,
3333173,2638049,Shenley Church End,
3333173,2638017,Sherington,
3333173,2637819,Simpson,
3333173,2636852,Stoke Goldington,
3333173,2636795,Stony Stratford,
3333173,2634740,Warrington,
3333173,2634653,Wavendon,
3333173,2634304,Weston Underwood,
3333173,2633710,Woburn Sands,
3333174,6693001,Benwell,
3333174,2651240,Dinnington,
3333174,2648273,Gosforth,
3333174,6269323,Hazlerigg,
3333174,2641690,Newburn,
3333174,2641673,Newcastle upon Tyne,
3333175,2654984,Bradley,
3333175,2652885,Cleethorpes,
3333175,2648133,Great Coates,
3333175,2647878,Grimsby,
3333175,2647706,Habrough,
3333175,2647229,Healing,
3333175,2646435,Humberston,
3333175,2646256,Immingham,
3333175,2645080,Laceby,
3333175,2637108,Stallingborough,
3333175,2634844,Waltham,
3333175,2633706,Wold Newton,
3333176,2657240,Appleby,
3333176,2656294,Barnetby le Wold,
3333176,2656240,Barrow upon Humber,
3333176,2656206,Barton upon Humber,
3333176,2655932,Belton,
3333176,2655221,Bonby,
3333176,2655124,Bottesford,
3333176,2654721,Brigg,
3333176,2654506,Broughton,
3333176,2654236,Burringham,
3333176,2654201,Burton upon Stather,
3333176,2651841,Crowle,
3333176,2651821,Croxton,
3333176,2650431,East Halton,
3333176,2650369,Eastoft,
3333176,2649955,Epworth,
3333176,2648253,Goxhill,
3333176,2647761,Gunness,
3333176,2647268,Haxey,
3333176,2646994,Hibaldstow,
3333176,2645918,Keadby,
3333176,2645180,Kirton in Lindsey,
3333176,2643089,Manton,
3333176,2642697,Messingham,
3333176,2641633,New Holland,
3333176,2640740,Owston Ferry,
3333176,2639566,Redbourne,
3333176,2638391,Scawby,
3333176,2638324,Scunthorpe,
3333176,2637422,South Ferriby,
3333176,2635205,Ulceby,
3333176,2634479,West Butterwick,
3333176,2634006,Whitton,
3333176,2633789,Winteringham,
3333176,2633786,Winterton,
3333176,2633572,Wootton,
3333176,2633549,Worlaby,
3333176,2633499,Wrawby,
3333177,2656378,Banwell,
3333177,2655407,Blagdon,
3333177,2655367,Bleadon,
3333177,2654608,Brockley,
3333177,2654234,Burrington,
3333177,2654169,Butcombe,
3333177,2653034,Churchill,
3333177,2652861,Clevedon,
3333177,2652463,Congresbury,
3333177,2650737,Dundry,
3333177,3345403,Easton-in-Gordano,
3333177,8063560,Failand,
3333177,2649570,Felton,
3333177,2649327,Flax Bourton,
3333177,2646342,Hutton,
3333177,2645815,Kenn,
3333177,3345387,Kewstoke,
3333177,2645426,Kingston Seymour,
3333177,2643790,Locking,
3333177,2643726,Long Ashton,
3333177,2641913,Nailsea,
3333177,2640037,Portishead,
3333177,2638593,Sandford,
3333177,6693023,St. Georges,
3333177,9538949,Tickenham,
3333177,2634308,Weston-super-Mare,
3333177,2633834,Winford,
3333177,6695949,Winscombe,
3333177,2633482,Wrington,
3333177,2633404,Yatton,
3333178,2656196,Basford,
3333178,11863042,New Basford,
3333178,2641170,Nottingham,
3333179,11551009,Chadderton,
3333179,2651390,Delph,
3333179,12264516,Denshaw,
3333179,2651263,Diggle,
3333179,12264910,Dobcross,
3333179,6691219,Failsworth,
3333179,2646742,Hollinwood,
3333179,2644679,Lees,
3333179,2641022,Oldham,
3333179,2639015,Royton,
3333179,2638879,Saddleworth,
3333179,2638113,Shaw,
3333179,12265243,Uppermill,
3333180,11282176,Ailsworth,
3333180,2656307,Barnack,
3333180,2653530,Castor,
3333180,2649788,Eye,
3333180,2648409,Glinton,
3333180,2647146,Helpston,
3333180,2643039,Marholm,
3333180,7670882,Maxey,
3333180,2641708,Newborough,
3333180,2641416,Northborough,
3333180,2640545,Peakirk,
3333180,2640354,Peterborough,
3333180,2637353,Southorpe,
3333180,2635994,Thorney,
3333180,2635983,Thornhaugh,
3333180,2635230,Ufford,
3333180,2635095,Upton,
3333180,2634805,Wansford,
3333180,2633727,Wittering,
3333181,2640194,Plymouth,
3333181,2640192,Plympton,
3333181,2640190,Plymstock,
3333183,2652294,Cosham,
3333183,2639996,Portsmouth,
3333184,2639577,Reading,
3333186,2655202,Boosbeck,
3333186,2654533,Brotton,
3333186,6640029,Easington,
3333186,2649886,Eston,
3333186,2647785,Guisborough,
3333186,2645255,Kirkleatham,
3333186,2644457,Lingdale,
3333186,2643773,Loftus,
3333186,2642974,Marske-by-the-Sea,
3333186,6695793,New Marske,
3333186,2639563,Redcar,
3333186,2638650,Saltburn-by-the-Sea,
3333186,2637746,Skelton,
3333186,2637710,Skinningrove,
3333186,2637483,South Bank,
3333188,2644367,Littleborough,
3333188,2642593,Middleton,
3333188,2642483,Milnrow,
3333188,2639272,Rochdale,
3333188,2634782,Wardle,
3333189,2654922,Bramley,
3333189,6693717,Catcliffe,
3333189,2651241,Dinnington,
3333189,2647407,Harthill,
3333189,6620337,Hellaby,
3333189,2645174,Kiveton Park,
3333189,2644812,Laughton en le Morthen,
3333189,2643144,Maltby,
3333189,12266201,North Anston,
3333189,2640928,Orgreave,
3333189,2639588,Rawmarsh,
3333189,2639093,Rotherham,
3333189,2635742,Todwick,
3333189,2635540,Treeton,
3333189,2635194,Ulley,
3333189,2634894,Wales,
3333189,2634672,Wath upon Dearne,
3333189,2634527,Wentworth,
3333189,2634143,Whiston,
3333189,2633624,Woodsetts,
3333190,2650278,Eccles,
3333190,2646042,Irlam,
3333190,2644305,Little Hulton,
3333190,2638671,Salford,
3333190,2636373,Swinton,
3333190,2634887,Walkden,
3333191,8224780,Cradley Heath,
3333191,2641036,Oldbury,
3333191,2639040,Rowley Regis,
3333191,2637607,Smethwick,
3333191,2635785,Tipton,
3333191,2634617,Wednesbury,
3333191,2634491,West Bromwich,
3333192,2655198,Bootle,
3333192,2649198,Formby,
3333192,2646922,Hightown,
3333192,2646254,Ince Blundell,
3333192,2644386,Litherland,
3333192,2643198,Maghull,
3333192,2642782,Melling,
3333192,2637343,Southport,
3333192,2635974,Thornton,
3333193,2656000,Beighton,
3333193,2654996,Bradfield,
3333193,11776857,Burngreave,
3333193,2653353,Chapeltown,
3333193,2648988,Fulwood,
3333193,2640832,Oughtibridge,
3333193,2638077,Sheffield,
3333193,2636881,Stocksbridge,
3333194,12750101,Britwell,
3333194,2652546,Colnbrook,
3333194,2637627,Slough,
3333194,12750100,Upton Lea,
3333195,6941086,Balsall Common,
3333195,2656227,Barston,
3333195,2655854,Berkswell,
3333195,2655728,Bickenhill,
3333195,6698373,Chelmsley Wood,
3333195,10104840,Cheswick Green,
3333195,10104834,Dickens Heath,
3333195,2651082,Dorridge,
3333195,2647546,Hampton in Arden,
3333195,11001688,Hockley Heath,
3333195,2645099,Knowle,
3333195,2642727,Meriden,
3333195,2637546,Solihull,
3333195,10104833,Tidbury Green,
3333196,11551048,Portswood,
3333196,2637487,Southampton,
3333197,2644658,Leigh-on-Sea,
3333197,6696635,Southchurch Village,
3333197,2637433,Southend-on-Sea,
3333198,2657450,Almondsbury,
3333198,2657388,Alveston,
3333198,2655536,Bitton,
3333198,2653343,Charfield,
3333198,2653137,Chipping Sodbury,
3333198,2652615,Cold Ashton,
3333198,2649725,Falfield,
3333198,3345345,Hawkesbury Upton,
3333198,2646900,Hill,
3333198,2646850,Hinton,
3333198,2646547,Horton,
3333198,2646040,Iron Acton,
3333198,2645418,Kingswood,
3333198,2643116,Mangotsfield,
3333198,2642981,Marshfield,
3333198,2640969,Olveston,
3333198,2640288,Pilning,
3333198,3345395,Pucklechurch,
3333198,2639648,Rangeworthy,
3333198,3345400,Severn Beach,
3333198,2637805,Siston,
3333198,2636854,Stoke Gifford,
3333198,2636002,Thornbury,
3333198,2635256,Tytherington,
3333198,2634754,Warmley,
3333198,2634431,Westerleigh,
3333198,2633984,Wick,
3333198,2633966,Wickwar,
3333198,6693205,Winterbourne,
3333198,2633406,Yate,
3333199,2650498,East Boldon,
3333199,2647209,Hebburn,
3333199,2645972,Jarrow,
3333199,2637329,South Shields,
3333199,2634138,Whitburn,
3333201,2656918,Ashton in Makerfield,
3333201,2655666,Billinge,
3333201,2650272,Eccleston,
3333201,2648826,Garswood,
3333201,2647265,Haydock,
3333201,2641546,Newton-le-Willows,
3333201,2639693,Rainford,
3333201,2639689,Rainhill,
3333201,2638785,St Helens,
3333202,2654927,Bramhall,
3333202,2654814,Bredbury,
3333202,2653290,Cheadle Hulme,
3333202,2647246,Hazel Grove,
3333202,2642999,Marple,
3333202,2636882,Stockport,
3333203,2655664,Billingham,
3333203,2653762,Carlton,
3333203,6694830,Eaglescliffe,
3333203,2650035,Elton,
3333203,2647865,Grindon,
3333203,2645254,Kirklevington,
3333203,2636915,Stillington,
3333203,2636876,Stockton-on-Tees,
3333203,2636005,Thornaby-on-Tees,
3333203,2633415,Yarm,
3333204,2643620,Longton,
3333204,2636841,Stoke-on-Trent,
3333204,11919597,Tunstall,
3333205,10345366,East Rainton,
3333205,2647021,Hetton-Le-Hole,
3333205,2646525,Houghton-Le-Spring,
3333205,2638899,Ryhope,
3333205,2636531,Sunderland,
3333205,2634715,Washington,
3333207,2655553,Bishopstone,
3333207,2654657,Broad Blunsdon,
3333207,6696027,Chiseldon,
3333207,2647519,Hannington,
3333207,2646916,Highworth,
3333207,2636389,Swindon,
3333207,2634815,Wanborough,
3333207,2633476,Wroughton,
3333208,2656915,Ashton-under-Lyne,
3333208,2651357,Denton,
3333208,2650962,Droylsden,
3333208,2650815,Dukinfield,
3333208,2646327,Hyde,
3333208,2643704,Longdendale,
3333208,2642143,Mossley,
3333208,2637106,Stalybridge,
3333209,2653207,Chetwynd,
3333209,2650230,Edgmond,
3333209,2649768,Eyton upon the Weald Moors,
3333209,2647677,Hadley,
3333209,2646967,High Ercall,
3333209,2646039,Ironbridge,
3333209,2644509,Lilleshall,
3333209,2643235,Madeley,
3333209,2641595,Newport,
3333209,2641130,Oakengates,
3333209,3345439,Telford,
3333209,2635867,Tibberton,
3333209,2634573,Wellington,
3333209,2633664,Woodcote,
3333210,2654663,Brixham,
3333210,11239661,Cockington,
3333210,2640681,Paignton,
3333210,2635650,Torquay,
3333211,2657402,Altrincham,
3333211,2655069,Bowdon,
3333211,2653673,Carrington,
3333211,6640028,Hale,
3333211,12491995,Hale Barns,
3333211,2640593,Partington,
3333211,2638678,Sale,
3333211,2636663,Stretford,
3333211,2635803,Timperley,
3333211,2635571,Trafford Park,
3333211,2635062,Urmston,
3333212,2656641,Badsworth,
3333212,2653584,Castleford,
3333212,2651980,Crigglestone,
3333212,2651948,Crofton,
3333212,2651503,Darrington,
3333212,2649593,Featherstone,
3333212,2649518,Ferrybridge,
3333212,2649349,Fitzwilliam,
3333212,2647120,Hemsworth,
3333212,2646613,Horbury,
3333212,2645278,Kirkhamgate,
3333212,2645102,Knottingley,
3333212,2643548,Low Ackworth,
3333212,2642603,Middlestown,
3333212,2641443,Normanton,
3333212,2641369,North Elmsall,
3333212,2641167,Notton,
3333212,2640869,Ossett,
3333212,2640132,Pontefract,
3333212,2638901,Ryhill,
3333212,6458917,Sharlston,
3333212,2637435,South Elmsall,
3333212,2635090,Upton,
3333212,2634910,Wakefield,
3333212,6693735,Walton,
3333212,2633598,Woolley,
3333213,2657528,Aldridge,
3333213,2655329,Bloxwich,
3333213,2654490,Brownhills,
3333213,2651518,Darlaston,
3333213,2640512,Pelsall,
3333213,2636670,Streetly,
3333213,2634853,Walsall,
3333213,2633912,Willenhall,
3333216,2657227,Appleton,
3333216,6698329,Appleton Thorn,
3333216,2654199,Burtonwood,
3333216,2651952,Croft,
3333216,2651763,Culcheth,
3333216,2648554,Glazebury,
3333216,6693989,Grappenhall,
3333216,2648026,Great Sankey,
3333216,2643309,Lymm,
3333216,8224784,Stockton Heath,
3333216,2636658,Stretton,
3333216,2634739,Warrington,
3333216,2633775,Winwick,
3333217,2656020,Beenham,
3333217,2654998,Bradfield,
3333217,6692920,Calcot,
3333217,11874053,Chaddleworth,
3333217,2653179,Chieveley,
3333217,2652617,Cold Ash,
3333217,2652488,Compton,
3333217,2650440,East Garston,
3333217,2650408,East Ilsley,
3333217,2649670,Farnborough,
3333217,2648024,Great Shefford,
3333217,9884536,Greenham,
3333217,2647552,Hampstead Norreys,
3333217,2647062,Hermitage,
3333217,2646411,Hungerford,
3333217,2645361,Kintbury,
3333217,2644993,Lambourn,
3333217,2641689,Newbury,
3333217,2640654,Pangbourne,
3333217,2636716,Stratfield Mortimer,
3333217,2636673,Streatley,
3333217,2636049,Thatcham,
3333217,2636045,Theale,
3333217,2635833,Tilehurst,
3333217,2656195,Upper Basildon,
3333217,2634590,Welford,
3333217,11747336,West Ilsley,
3333217,2633974,Wickham,
3333217,2633797,Winterbourne,
3333219,2657774,Abram,
3333219,2656847,Atherton,
3333219,2655726,Bickershaw,
3333219,2648356,Golborne,
3333219,2647658,Haigh,
3333219,2646862,Hindley,
3333219,2646253,Ince-in-Makerfield,
3333219,2644660,Leigh,
3333219,2638009,Shevington,
3333219,2635281,Tyldesley,
3333219,2633948,Wigan,
3333220,2656070,Bebington,
3333220,2655613,Birkenhead,
3333220,2654596,Bromborough,
3333220,11281273,Greasby,
3333220,2647026,Heswall,
3333220,2646472,Hoylake,
3333220,2642204,Moreton,
3333220,6694080,Prenton,
3333220,2634873,Wallasey,
3333220,2634375,West Kirby,
3333221,2656334,Barkham,
3333221,6693236,Charvil,
3333221,2650555,Earley,
3333221,2649445,Finchampstead,
3333221,2646361,Hurst,
3333221,6693612,Knowl Hill,
3333221,7290015,Lower Earley,
3333221,2639500,Remenham,
3333221,2637968,Shinfield,
3333221,2637522,Sonning,
3333221,2636448,Swallowfield,
3333221,2635294,Twyford,
3333221,2634772,Wargrave,
3333221,2633814,Winnersh,
3333221,2633708,Wokingham,
3333221,2633633,Woodley,
3333222,2655654,Bilston,
3333222,2634616,Wednesfield,
3333222,2633691,Wolverhampton,
3333223,2655984,Belfast,
3333223,2653558,Castlereagh,
3333224,2657832,Aberdeen,
3333224,2652227,Cove,
3333224,2651722,Cults,
3333224,6269343,Dubford,
3333224,11592169,Kingswells,
3333224,2642497,Milltimber,
3333224,2640352,Peterculter,
3333225,2650752,Dundee,
3333226,2656818,Auchinleck,
3333226,10277932,Bellsbank,
3333226,2653504,Catrine,
3333226,2651870,Crosshouse,
3333226,2651706,Cumnock,
3333226,2651575,Dalmellington,
3333226,2651559,Dalrymple,
3333226,2651496,Darvel,
3333226,11592136,Drongan,
3333226,2650710,Dunlop,
3333226,2649542,Fenwick,
3333226,2648909,Galston,
3333226,2645605,Kilmarnock,
3333226,2645599,Kilmaurs,
3333226,10345356,Logan,
3333226,2642904,Mauchline,
3333226,2642005,Muirkirk,
3333226,2641658,New Cumnock,
3333226,2641610,Newmilns,
3333226,2641098,Ochiltree,
3333226,2640574,Patna,
3333226,2636932,Stewarton,
3333227,2656086,Bearsden,
3333227,2655582,Bishopbriggs,
3333227,2645261,Kirkintilloch,
3333227,2644622,Lennoxtown,
3333227,11592284,Lenzie,
3333227,2642484,Milngavie,
3333227,6696140,Milton of Campsie,
3333227,11592450,Torrance,
3333227,11592216,Twechar,
3333228,2656258,Barrhead,
3333228,2654184,Busby,
3333228,6640069,Clarkston,
3333228,2650572,Eaglesham,
3333228,2648683,Giffnock,
3333228,2641815,Neilston,
3333228,2641544,Newton Mearns,
3333228,11592295,Thornliebank,
3333228,2635155,Uplawmoor,
3333228,11592217,Waterfoot,
3333229,2656586,Balerno,
3333229,2652577,Colinton,
3333229,2651685,Currie,
3333229,2650225,Edinburgh,
3333229,2645249,Kirkliston,
3333229,2641698,Newbridge,
3333229,2639788,Queensferry,
3333229,2639615,Ratho,
3333229,11592208,Ratho Station,
3333230,2657592,Airth,
3333230,2656739,Avonbridge,
3333230,11592109,Banknock,
3333230,2655211,Bonnybridge,
3333230,2655215,Bo’ness,Bo'ness
3333230,11592112,Brightons,
3333230,11592124,California,
3333230,8063585,Camelon,
3333230,2653669,Carron,
3333230,10246487,Carronshore,
3333230,2651366,Denny,
3333230,11592277,Dennyloanhead,
3333230,2650718,Dunipace,
3333230,2649723,Falkirk,
3333230,2648215,Grangemouth,
3333230,2647663,Haggs,
3333230,11592165,Hallglen,
3333230,11592115,Head of Muir,
3333230,11592282,High Bonnybridge,
3333230,2644867,Larbert,
3333230,11592283,Laurieston,
3333230,11592285,Maddiston,
3333230,2640155,Polmont,
3333230,11592290,Redding,
3333230,11592291,Reddingmuirhead,
3333230,11592292,Rumford,
3333230,11592451,Shieldhill,
3333230,2637670,Slamannan,
3333230,11592294,Stenhousemuir,
3333230,11592293,Wallacestone,
3333230,11592298,Westquarter,
3333230,11592276,Whitecross,
3333231,2653745,Carmunnock,
3333231,2648579,Glasgow,
3333232,2657125,Ardrossan,
3333232,2655994,Beith,
3333232,2654604,Brodick,
3333232,2651561,Dalry,
3333232,2650996,Dreghorn,
3333232,2649738,Fairlie,
3333232,2646032,Irvine,
3333232,2645712,Kilbirnie,
3333232,2645541,Kilwinning,
3333232,2644984,Lamlash,
3333232,2644860,Largs,
3333232,2642503,Millport,
3333232,2638648,Saltcoats,
3333232,2637751,Skelmorlie,
3333232,2637189,Springside,
3333232,2636938,Stevenston,
3333232,2634378,West Kilbride,
3333232,7869916,Whiting Bay,
3333233,2657613,Airdrie,
3333233,11592116,Allanton,
3333233,11592117,Auchinloch,
3333233,11592110,Bargeddie,
3333233,2655952,Bellshill,
3333233,11592118,Calderbank,
3333233,2654020,Caldercruix,
3333233,2653798,Carfin,
3333233,2653366,Chapelhall,
3333233,2653060,Chryston,
3333233,2652877,Cleland,
3333233,2652696,Coatbridge,
3333233,11592127,Croy,
3333233,2651715,Cumbernauld,
3333233,2650809,Dullatur,
3333233,7117204,Gartcosh,
3333233,2648523,Glenboig,
3333233,11592152,Glenmavis,
3333233,2647406,Harthill,
3333233,2646675,Holytown,
3333233,2645548,Kilsyth,
3333233,6620363,Moodiesburn,
3333233,2642183,Morningside,
3333233,2642145,Mossend,
3333233,2642135,Motherwell,
3333233,6619988,Muirhead,
3333233,11592288,New Stevenston,
3333233,2641729,Newarthill,
3333233,2641618,Newmains,
3333233,2640762,Overtown,
3333233,11592200,Plains,
3333233,11592205,Queenzieburn,
3333233,11592123,Salsburgh,
3333233,8015341,Shotts,
3333233,2636945,Stepps,
3333233,11592296,Viewpark,
3333233,2633765,Wishaw,
3333234,2657820,Aberfeldy,
3333234,2657792,Abernethy,
3333234,2657452,Almondbank,
3333234,2657374,Alyth,
3333234,2656803,Auchterarder,
3333234,2656391,Bankfoot,
3333234,2655496,Blackford,
3333234,2655394,Blairgowrie and Rattray,
3333234,2655007,Braco,
3333234,2654742,Bridge of Earn,
3333234,8063581,Burrelton,
3333234,2652478,Comrie,
3333234,2652236,Coupar Angus,
3333234,2651983,Crieff,
3333234,2651903,Crook of Devon,
3333234,2650716,Dunkeld,
3333234,2650688,Dunning,
3333234,2649921,Errol,
3333234,2649205,Forgandenny,
3333234,2648491,Glenfarg,
3333234,2646228,Inchture,
3333234,2646114,Invergowrie,
3333234,11592023,Kinnesswood,
3333234,2645365,Kinross,
3333234,2643691,Longforgan,
3333234,2643391,Luncarty,
3333234,2642691,Methven,
3333234,2642486,Milnathort,
3333234,11592121,Murthly,
3333234,2641939,Muthill,
3333234,2640358,Perth,
3333234,2640255,Pitlochry,
3333234,2641577,Scone,
3333234,2637071,Stanley,
3333235,2657287,Annbank,
3333235,2656708,Ayr,
3333235,2652176,Coylton,
3333235,2651871,Crosshill,
3333235,2641657,Dailly,
3333235,2650748,Dundonald,
3333235,2648626,Girvan,
3333235,11592167,Hillhead,
3333235,2643861,Loans,
3333235,2643183,Maidens,
3333235,2642882,Maybole,
3333235,2642318,Monkton,
3333235,11592195,Mossblown,
3333235,2639896,Prestwick,
3333235,2636350,Symington,
3333235,2636231,Tarbolton,
3333235,2635442,Troon,
3333236,11592107,Ashgill,
3333236,2655692,Biggar,
3333236,2655418,Blackwood,
3333236,11592111,Blantyre,
3333236,2655130,Bothwell,
3333236,2654941,Braidwood,
3333236,2653935,Cambuslang,
3333236,2653756,Carluke,
3333236,2653701,Carnwath,
3333236,2653639,Carstairs,
3333236,11592125,Carstairs Junction,
3333236,2653354,Chapelton,
3333236,2652707,Coalburn,
3333236,2651879,Crossford,
3333236,2651558,Dalserf,
3333236,2651073,Douglas,
3333236,2650405,East Kilbride,
3333236,2649179,Forth,
3333236,2648565,Glassford,
3333236,2647570,Hamilton,
3333236,2646979,High Blantyre,
3333236,11592452,Kirkfieldbank,
3333236,2644976,Lanark,
3333236,2644853,Larkhall,
3333236,2644795,Law,
3333236,2644600,Lesmahagow,
3333236,2642814,Meikle Earnock,
3333236,11669640,Nerston,
3333236,2641790,Netherburn,
3333236,2639800,Quarter,
3333236,6324532,Rigside,
3333236,2638926,Rutherglen,
3333236,2636810,Stonehouse,
3333236,2636710,Strathaven,
3333236,2636349,Symington,
3333236,2636055,Thankerton,
3333236,11592213,Thorntonhall,
3333236,2635239,Uddingston,
3333237,2657513,Alexandria,
3333237,2656545,Balloch,
3333237,2655214,Bonhill,
3333237,2655053,Bowling,
3333237,2652730,Clydebank,
3333237,2651570,Dalmuir,
3333237,2650802,Dumbarton,
3333237,2650646,Duntocher,
3333237,11592280,Faifley,
3333237,11592287,Milton,
3333237,2641014,Old Kilpatrick,
3333237,2639492,Renton,
3333237,11592272,Vale of Leven,
3333238,2657784,Abertillery,
3333238,2654437,Brynmawr,
3333238,2651659,Cwm,
3333238,12450811,Cwmtillery,
3333238,2650285,Ebbw Vale,
3333238,12450812,Six Bells,
3333238,2635547,Tredegar,
3333239,2657804,Aberkenfig,
3333239,2655800,Betws,
3333239,2655468,Blackmill,
3333239,2654755,Bridgend,
3333239,3345289,Cefn Cribwr,
3333239,2652622,Coity,
3333239,3345286,Heol-y-Cyw,
3333239,2644036,Llangeinor,
3333239,2643218,Maesteg,
3333239,3345291,Merthyr Mawr,
3333239,3345280,Ogmore Vale,
3333239,2640484,Pencoed,
3333239,3345278,Pont Rhyd-y-cyff,
3333239,2640109,Pontycymer,
3333239,2640054,Porthcawl,
3333239,3345279,Price Town,
3333239,2639823,Pyle,
3333240,2657844,Abercarn,
3333240,3345315,Abertridwr,
3333240,2656340,Bargoed,
3333240,2656033,Bedwas,
3333240,3345317,Blackwood,
3333240,2654089,Caerphilly,
3333240,2651866,Crosskeys,
3333240,2651805,Crumlin,
3333240,2651342,Deri,
3333240,2649267,Fochriw,
3333240,2648728,Gelligaer,
3333240,2647108,Hengoed,
3333240,2644167,Llanbradach,
3333240,2643259,Machen,
3333240,2643216,Maesycwmmer,
3333240,2641811,Nelson,
3333240,2641510,New Tredegar,
3333240,2641700,Newbridge,
3333240,2640470,Pengam,
3333240,2639407,Rhymney,
3333240,2639317,Risca,
3333240,2633332,Ystrad Mynach,
3333241,2653822,Cardiff,
3333241,2640393,Pentyrch,
3333241,2639710,Radyr,
3333241,2634127,Whitchurch,
3333242,2657812,Abergele,
3333242,2655793,Betws-y-Coed,
3333242,2652513,Colwyn Bay,
3333242,2652426,Conwy,
3333242,2651407,Deganwy,
3333242,2644120,Llandudno,
3333242,2644081,Llanfairfechan,
3333242,2644011,Llangwm,
3333242,2643957,Llanrwst,
3333242,2643951,Llansantffraid Glan Conwy,
3333242,2643867,Llysfaen,
3333242,2642401,Mochdre,
3333242,2640452,Penmaenmawr,
3333242,2635532,Trefriw,
3333243,2657845,Abercanaid,
3333243,2657821,Aberfan,
3333243,8199609,Bedlinog,
3333243,2642705,Merthyr Tydfil,
3333243,2635524,Treharris,
3333244,2657815,Abergavenny,
3333244,2654087,Caerwent,
3333244,2654014,Caldicot,
3333244,2653256,Chepstow,
3333244,2652733,Clydach,
3333244,2648642,Gilwern,
3333244,2648256,Govilon,
3333244,2647840,Grosmont,
3333244,2644188,Llanarth,
3333244,2644180,Llanbadoc,
3333244,2644129,Llandogo,
3333244,2644101,Llanellen,
3333244,2644010,Llangwm,
3333244,2644025,Llangybi,
3333244,2643196,Magor,
3333244,2642410,Mitchel Troy,
3333244,2642313,Monmouth,
3333244,2639700,Raglan,
3333244,3345337,Rogiet,
3333244,6620349,Tintern,
3333244,2635174,Undy,
3333244,2635052,Usk,
3333245,3345325,Blaengwynfi,
3333245,2654668,Briton Ferry,
3333245,2654449,Bryn,
3333245,2654447,Brynamman,
3333245,3345277,Croeserw,
3333245,2651795,Crynant,
3333245,2651656,Cwmafan,
3333245,2648385,Glyn-neath,
3333245,2648390,Glyncorrwg,
3333245,2641843,Neath,
3333245,2640118,Pontrhydyfen,
3333245,2639989,Port Talbot,
3333245,2639482,Resolven,
3333245,2638185,Seven Sisters,
3333245,2636323,Taibach,
3333245,2633337,Ystalyfera,
3333246,2655546,Bishton,
3333246,2654093,Caerleon,
3333246,2648354,Goldcliff,
3333246,6620345,Langstone,
3333246,2643929,Llanvaches,
3333246,2643916,Llanwern,
3333246,2642980,Marshfield,
3333246,2641873,Nash,
3333246,2641598,Newport,
3333246,3345340,Parc Seymour,
3333246,2639522,Redwick,
3333247,2657837,Abercynon,
3333247,2657835,Aberdare,
3333247,3345316,Beddau,
3333247,3345314,Brynna,
3333247,3345284,Clydach Vale,
3333247,3345319,Cwmbach,
3333247,2649531,Ferndale,
3333247,2648670,Gilfach Goch,
3333247,2646830,Hirwaun,
3333247,2643994,Llanharan,
3333247,2643993,Llanharry,
3333247,2643937,Llantrisant,
3333247,2643934,Llantwit Fardre,
3333247,2643874,Llwynypia,
3333247,2643222,Maerdy,
3333247,2642116,Mountain Ash,
3333247,8260056,Pentre,
3333247,8260052,Pontyclun,
3333247,2640104,Pontypridd,
3333247,2640056,Porth,
3333247,3345327,Rhigos,
3333247,2639447,Rhondda,
3333247,3345283,Tonypandy,
3333247,2635689,Tonyrefail,
3333247,2635523,Treherbert,
3333247,2635496,Treorchy,
3333247,10171166,Ynysybwl,
3333248,2655556,Bishopston,
3333248,2652734,Clydach,
3333248,3345230,Crofty,
3333248,2650642,Dunvant,
3333248,2648290,Gorseinon,
3333248,3345239,Grovesend,
3333248,2644963,Landore,
3333248,2643965,Llanrhidian,
3333248,2642180,Morriston,
3333248,2640485,Pen-clawdd,
3333248,3345233,Pennard,
3333248,2640134,Pontarddulais,
3333248,3345241,Pontlliw,
3333248,3345234,Southgate,
3333248,2636432,Swansea,
3333248,3345236,Three Crosses,
3333249,2655413,Blaenavon,
3333249,2651654,Cwmbran,
3333249,3345333,New Inn,
3333249,2640127,Ponthir,
3333249,2640106,Pontypool,
6457407,2657126,Ardrishaig,
6457407,2655051,Bowmore,
6457407,2653915,Campbeltown,
6457407,2653806,Cardross,
6457407,11592143,Dunbeg,
6457407,2650681,Dunoon,
6457407,2648877,Garelochhead,
6457407,2647178,Helensburgh,
6457407,2646187,Innellan,
6457407,2646140,Inveraray,
6457407,7290043,Isle Of Mull,
6457407,2645684,Kilcreggan,
6457407,2643825,Lochgilphead,
6457407,2641108,Oban,
6457407,2640076,Port Bannatyne,
6457407,2640067,Port Ellen,
6457407,2639426,Rhu,
6457407,2639134,Rosneath,
6457407,2639083,Rothesay,
6457407,2638599,Sandbank,
6457407,2636631,Strone,
6457407,2636241,Tarbert,
6457407,2635840,Tighnabruaich,
6457407,2635754,Tobermory,
7290534,2656046,Bedford,
7290534,2655712,Biddenham,
7290534,2654589,Bromham,
7290534,2653813,Cardington,
7290534,2653770,Carlton,
7290534,2652950,Clapham,
7290534,2652548,Colmworth,
7290534,2652398,Cople,
7290534,8063659,Cotton End,
7290534,2650048,Elstow,
7290534,2648168,Great Barford,
7290534,2647427,Harrold,
7290534,2645831,Kempston,
7290534,6947168,Kempston Hardwick,
7290534,2644378,Little Barford,
7290534,2642467,Milton Ernest,
7290534,2641121,Oakley,
7290534,2641084,Odell,
7290534,2640556,Pavenham,
7290534,2640359,Pertenhall,
7290534,2640184,Podington,
7290534,2639313,Riseley,
7290534,2639029,Roxton,
7290534,2638122,Sharnbrook,
7290534,2637136,Stagsden,
7290534,2636935,Stevington,
7290534,6947164,Stewartby,
7290534,2636385,Swineshead,
7290534,2635895,Thurleigh,
7290534,2635327,Turvey,
7290534,2633917,Wilden,
7290534,2633898,Willington,
7290534,2633878,Wilstead,
7290534,2633575,Wootton,
7290535,2657337,Ampthill,
7290535,2657073,Arlesey,
7290535,2656889,Aspley Guise,
7290535,2656857,Astwick,
7290535,2656212,Barton-le-Clay,
7290535,2656158,Battlesden,
7290535,2655689,Biggleswade,
7290535,2655322,Blunham,
7290535,2654115,Caddington,
7290535,6946885,Chalgrave,
7290535,6946886,Chalton,
7290535,2653185,Chicksands,
7290535,2652842,Clifton,
7290535,2652790,Clophill,
7290535,2652087,Cranfield,
7290535,2650657,Dunstable,
7290535,2650295,Eaton Bray,
7290535,2650199,Edworth,
7290535,2649838,Eversholt,
7290535,2649836,Everton,
7290535,2649295,Flitwick,
7290535,2648190,Gravenhurst,
7290535,6695270,Greenfield,
7290535,2647464,Harlington,
7290535,2647254,Haynes,
7290535,2647220,Heath and Reach,
7290535,2647097,Henlow,
7290535,2646813,Hockliffe,
7290535,2646526,Houghton Conquest,
7290535,2646523,Houghton Regis,
7290535,6946923,Husborne Crawley,
7290535,2645800,Kensworth,
7290535,2644937,Langford,
7290535,2644652,Leighton Buzzard,
7290535,2644522,Lidlington,
7290535,2642963,Marston Moretaine,
7290535,2642902,Maulden,
7290535,2642731,Meppershall,
7290535,2642525,Millbrook,
7290535,2642470,Milton Bryan,
7290535,2639975,Potsgrove,
7290535,2639964,Potton,
7290535,2639856,Pulloxhill,
7290535,2639371,Ridgmont,
7290535,2638530,Sandy,
7290535,2638074,Shefford,
7290535,2637977,Shillington,
7290535,2637832,Silsoe,
7290535,2637398,Southill,
7290535,2637100,Stanbridge,
7290535,2636947,Steppingley,
7290535,2636827,Stondon,
7290535,2636782,Stotfold,
7290535,2636672,Streatley,
7290535,2636500,Sutton,
7290535,2636106,Tempsford,
7290535,2635748,Toddington,
7290535,2635606,Totternhoe,
7290535,11186140,Upper Gravenhurst,
7290535,2634317,Westoning,
7290535,2633712,Woburn,
7290535,2633486,Wrestlingworth,
7290536,6693201,Adlington,
7290536,2657546,Alderley Edge,
7290536,2657430,Alsager,
7290536,2656937,Ashley,
7290536,2656793,Audlem,
7290536,2655245,Bollington,
7290536,2654334,Bunbury,
7290536,2653273,Chelford,
7290536,6693494,Chorlton,
7290536,2652464,Congleton,
7290536,2652002,Crewe,
7290536,2651215,Disley,
7290536,2650297,Eaton,
7290536,2648761,Gawsworth,
7290536,2648314,Goostrey,
7290536,2646942,High Legh,
7290536,2646720,Holmes Chapel,
7290536,2645093,Knutsford,
7290536,2643266,Macclesfield,
7290536,2642729,Mere,
7290536,2642573,Middlewich,
7290536,2642404,Mobberley,
7290536,6695071,Mottram St. Andrew,
7290536,2641892,Nantwich,
7290536,2640375,Peover Superior,
7290536,2639962,Pott Shrigley,
7290536,2639941,Poynton,
7290536,2639925,Prestbury,
7290536,2639239,Rode Heath,
7290536,2638600,Sandbach,
7290536,2637858,Siddington,
7290536,2634322,Weston,
7290536,2633915,Willaston,
7290536,2633883,Wilmslow,
7290536,2633466,Wybunbury,
7290537,2657536,Aldford,
7290537,2656013,Beeston,
7290537,2655720,Bickley,
7290537,6698331,Blacon,
7290537,2654217,Burton,
7290537,6693025,Carden,
7290537,2653228,Chester,
7290537,6640067,Childer Thornton,
7290537,2652660,Coddington,
7290537,2651780,Cuddington,
7290537,2651174,Dodleston,
7290537,2650844,Duddon,
7290537,2650722,Dunham on the Hill,
7290537,2650273,Eccleston,
7290537,2650096,Ellesmere Port Town,
7290537,2650036,Elton,
7290537,2649665,Farndon,
7290537,2649029,Frodsham,
7290537,2648165,Great Barrow,
7290537,6698330,Guilden Sutton,
7290537,2647409,Hartford,
7290537,2647408,Harthill,
7290537,2647145,Helsby,
7290537,6693608,Hoole,
7290537,2646255,Ince,
7290537,2645853,Kelsall,
7290537,2645457,Kingsley,
7290537,2644703,Ledsham,
7290537,2643145,Malpas,
7290537,2642970,Marston,
7290537,2642637,Mickle Trafford,
7290537,2642363,Mollington,
7290537,2642130,Mouldsworth,
7290537,2641795,Neston,
7290537,2641224,Northwich,
7290537,6620300,Oakmere,
7290537,2640777,Over,
7290537,2638495,Saughall,
7290537,2637898,Shotwick,
7290537,2636868,Stoke,
7290537,2636209,Tarporley,
7290537,2636190,Tarvin,
7290537,2636183,Tattenhall,
7290537,2635813,Tilston,
7290537,2635761,Tiverton,
7290537,2634648,Waverton,
7290537,2634623,Weaverham,
7290537,2633914,Willaston,
7290537,2633810,Winsford,
