parent_code,code,name,aliases
11550055,5845544,Craig,
11550055,5554566,Klawock,
11550055,5555695,Metlakatla,
11550056,5879057,Alakanuk,
11550056,5859114,Chevak,
11550056,5861668,Emmonak,
11550056,5864197,Hooper Bay,
11550056,5866719,Kotlik,
11550056,5869366,Mountain Village,
11550056,5871601,Pilot Station,
11550056,5873474,Scammon Bay,
11550056,5873208,St. Mary's,
12261502,5859888,Cordova,
12261502,5877389,Valdez,
12809018,5282804,Bridgeport,
12809018,4833661,Easton,
12809018,4834157,Fairfield,
12809018,4843395,Southport,
12809018,4843811,Stratford,
12809018,4844459,Trumbull,
12809019,5281551,Ansonia,
12809019,7257796,Bethlehem Village,
12809019,5282835,Bristol,
12809019,5283837,Cheshire,
12809019,7257805,Cheshire Village,
12809019,4832745,Derby,
12809019,4836026,Heritage Village,
12809019,4838611,Middlebury,
12809019,4839222,Naugatuck,
12809019,4839921,Oakville,
12809019,4840237,Oxford,
12809019,4840844,Plymouth,
12809019,4841089,Prospect,
12809019,4842818,Seymour,
12809019,4842898,Shelton,
12809019,4843362,Southbury,
12809019,4844084,Terryville,
12809019,4844181,Thomaston,
12809019,4845193,Waterbury,
12809019,4845245,Watertown,
12809019,4845984,Wolcott,
12809019,4846028,Woodbury,
12809019,7257433,Woodbury Center,
12809020,5282297,Bethel,
12809020,5283149,Byram,
12809020,4831969,Cos Cob,
12809020,4832353,Danbury,
12809020,4832425,Darien,
12809020,4833505,East Norwalk,
12809020,4834938,Georgetown,
12809020,4835032,Glenville,
12809020,4835395,Greenwich,
12809020,4839319,New Canaan,
12809020,4839345,New Fairfield,
12809020,4839435,New Milford,
12809020,5280935,Newtown,
12809020,4839745,North Stamford,
12809020,4839822,Norwalk,
12809020,4839983,Old Greenwich,
12809020,4840504,Pemberwick,
12809020,4841463,Ridgefield,
12809020,4841527,Riverside,
12809020,4842937,Sherman,
12809020,4843564,Stamford,
12809020,4845585,Westport,
12809020,4845871,Wilton,
12809021,5281730,Avon,
12809021,5282526,Bloomfield,
12809021,5282550,Blue Hills,
12809021,5283461,Canton Valley,
12809021,5284335,Collinsville,
12809021,4832027,Coventry Lake,
12809021,4832225,Crystal Lake,
12809021,4833403,East Hartford,
12809021,5282868,East Windsor,
12809021,4833883,Ellington,
12809021,4834040,Enfield,
12809021,4834272,Farmington,
12809021,4835003,Glastonbury,
12809021,4835004,Glastonbury Center,
12809021,4835797,Hartford,
12809021,4835946,Hazardville,
12809021,4835969,Hebron,
12809021,4837222,Kensington,
12809021,4838174,Manchester,
12809021,4838203,Mansfield Center,
12809021,4838204,Mansfield City,
12809021,4839292,New Britain,
12809021,4839497,Newington,
12809021,4839692,North Granby,
12809021,4840767,Plainville,
12809021,4841628,Rockville,
12809021,4842507,Salmon Brook,
12809021,4842958,Sherwood Manor,
12809021,7257408,Simsbury Center,
12809021,4843215,Somers,
12809021,4831764,South Coventry,
12809021,4843353,South Windsor,
12809021,4843378,Southington,
12809021,4843411,Southwood Acres,
12809021,4843553,Stafford,
12809021,4843556,Stafford Springs,
12809021,4843786,Storrs,
12809021,4843878,Suffield Depot,
12809021,4831766,Tariffville,
12809021,4844078,Terramuggus,
12809021,4844200,Thompsonville,
12809021,4844273,Tolland,
12809021,4845277,Weatogue,
12809021,4845411,West Hartford,
12809021,4845500,West Simsbury,
12809021,4845612,Wethersfield,
12809021,4845920,Windsor,
12809021,4845926,Windsor Locks,
12809022,7257806,Chester Center,
12809022,5284202,Clinton,
12809022,4832121,Cromwell,
12809022,7257361,Deep River Center,
12809022,4833123,Durham,
12809022,4833363,East Haddam,
12809022,4833387,East Hampton,
12809022,7257367,Essex Village,
12809022,4836058,Higganum,
12809022,4837289,Killingworth,
12809022,4837466,Lake Pocotopaug,
12809022,4838633,Middletown,
12809022,4838895,Moodus,
12809022,4840035,Old Saybrook,
12809022,7257394,Old Saybrook Center,
12809022,4841001,Portland,
12809022,4842642,Saybrook Manor,
12809022,7257425,Westbrook Center,
12809023,5283054,Branford,
12809023,7257798,Branford Center,
12809023,7160204,City of Milford (balance),
12809023,4833425,East Haven,
12809023,4835512,Guilford,
12809023,7257370,Guilford Center,
12809023,4835654,Hamden,
12809023,4838116,Madison,
12809023,7257377,Madison Center,
12809023,4838524,Meriden,
12809023,4838652,Milford,
12809023,4839366,New Haven,
12809023,4839636,North Branford,
12809023,4839704,North Haven,
12809023,4840104,Orange,
12809023,4845056,Wallingford,
12809023,7257422,Wallingford Center,
12809023,4845419,West Haven,
12809023,4846022,Woodbridge,
12809023,4846051,Woodmont,
12809024,5280920,Baltic,
12809024,7257804,Central Waterford,
12809024,5284283,Colchester,
12809024,7257357,Conning Towers-Nautilus Park,
12809024,4834837,Gales Ferry,
12809024,4835461,Groton,
12809024,4835472,Groton Long Point,
12809024,4836993,Jewett City,
12809024,4837648,Ledyard,
12809024,4837798,Lisbon,
12809024,4837916,Long Hill,
12809024,4838887,Montville Center,
12809024,4839141,Mystic,
12809024,4839416,New London,
12809024,4839521,Niantic,
12809024,4839568,Noank,
12809024,4839843,Norwich,
12809024,4840015,Old Mystic,
12809024,7257396,Oxoboxo River,
12809024,4840426,Pawcatuck,
12809024,4840983,Poquonock Bridge,
12809024,4841125,Preston City,
12809024,4842488,Salem,
12809024,4843350,South Windham,
12809024,4843735,Stonington,
12809024,4844602,Uncasville,
12809024,8480031,Waterford,
12809024,4845823,Willimantic,
12809024,4845898,Windham,
12809025,5282922,Brooklyn,
12809025,4832411,Danielson,
12809025,4833279,East Brooklyn,
12809025,4837278,Killingly Center,
12809025,4838928,Moosup,
12809025,4839697,North Grosvenor Dale,
12809025,4840755,Plainfield,
12809025,7257398,Plainfield Village,
12809025,4841187,Putnam,
12809025,4841217,Quinebaug,
12809025,4843359,South Woodstock,
12809025,4844184,Thompson,
12809025,4831774,Union,
12809025,4845261,Wauregan,
12809026,5281876,Bantam,
12809026,5281915,Barkhamsted,
12809026,5283386,Canaan,
12809026,4834232,Falls Village,
12809026,4837232,Kent,
12809026,4837516,Lakeville,
12809026,4837799,Litchfield,
12809026,7257382,New Hartford Center,
12809026,4839460,New Preston,
12809026,4831748,Norfolk,
12809026,7257391,Northwest Harwinton,
12809026,4842872,Sharon,
12809026,4844309,Torrington,
12809026,4845151,Washington,
12809026,4845519,West Torrington,
12809026,4845889,Winchester Center,
12809026,4845953,Winsted,
4047434,4068707,Hurtsboro,
4047434,4071262,Ladonia,
4047434,4082866,Phenix City,
4048080,4207083,Ludowici,
4048522,4286281,Burlington,
4048522,4291945,Florence,
4048522,4292182,Francisville,
4048522,4294425,Hebron,
4048522,4302910,Oakbrook,
4048522,4304035,Petersburg,
4048522,4311646,Union,
4048522,4312051,Verona,
4048522,4312671,Walton,
4048572,4301307,Morehead,
4049189,4051669,Brent,
4049189,4054566,Centreville,
4049189,4080395,North Bibb,
4049189,4096956,West Blocton,
4049189,4098518,Woodstock,
4050506,4611691,Caryville,
4050506,4622096,Fincastle,
4050506,4631357,Hunter,
4050506,4632591,Jacksboro,
4050506,4632967,Jellico,
4050506,4635037,LaFollette,
4050506,4649400,Pine Crest,
4050633,4829977,Allgood,
4050633,4050655,Blountsville,
4050633,4055815,Cleveland,
4050633,4065664,Gurley,
4050633,4066613,Hayden,
4050633,4073504,Locust Fork,
4050633,4081671,Oneonta,
4050633,4090700,Smoke Rise,
4050633,4090747,Snead,
4050633,4055597,Susan Moore,
4052497,4069210,Inverness,
4052497,4094975,Union Springs,
4052744,4064006,Georgiana,
4052744,4065302,Greenville,
4052744,4075526,McKenzie,
4053062,4829861,Alexandria,
4053062,4830198,Anniston,
4053062,4052824,Bynum,
4053062,4055139,Choccolocco,
4053062,4067534,Hobson City,
4053062,4069553,Jacksonville,
4053062,4081197,Ohatchee,
4053062,4081914,Oxford,
4053062,4083004,Piedmont,
4053062,4088146,Saks,
4053062,4096645,Weaver,
4053062,7260270,West End-Cobb Town,
4053062,4097459,White Plains,
4054621,4068506,Huguley,
4054621,4071267,Lafayette,
4054621,4071763,Lanett,
4054621,4095186,Valley,
4054880,4054073,Cedar Bluff,
4054880,4054555,Centre,
4054880,4072156,Leesburg,
4054880,4088458,Sand Rock,
4055067,4055577,Clanton,
4055067,4069722,Jemison,
4055067,4074544,Maplesville,
4055067,4093619,Thorsby,
4055170,4052726,Butler,
4055170,4072834,Lisman,
4055624,4065475,Grove Hill,
4055624,4069458,Jackson,
4055624,4093488,Thomasville,
4055660,4830687,Ashland,
4055660,4067725,Hollins,
4055660,4072814,Lineville,
4055785,4066793,Heflin,
4055785,4067752,Hollis Crossroads,
4056099,4828081,Elba,
4056099,4060791,Enterprise,
4056099,4069413,Jack,
4056099,4071000,Kinston,
4056099,4079423,New Brockton,
4056165,4054866,Cherokee,
4056165,4072183,Leighton,
4056165,4073357,Littleville,
4056165,4078964,Muscle Shoals,
4056165,4089536,Sheffield,
4056165,4094484,Tuscumbia,
4056592,4053940,Castleberry,
4056592,4061064,Evergreen,
4056809,4064598,Goodwater,
4056809,4067501,Hissop,
4056809,4086637,Rockford,
4056809,4091923,Stewartville,
4057296,4830099,Andalusia,
4057296,4830968,Babbie,
4057296,4062568,Florala,
4057296,4073483,Lockhart,
4057296,4081683,Opp,
4057296,4086277,River Falls,
4057517,4051581,Brantley,
4057517,4070324,Joquin,
4057517,4073985,Luverne,
4057837,4831085,Baileyton,
4057837,4057835,Cullman,
4057837,4058971,Dodge City,
4057837,4064548,Good Hope,
4057837,4066065,Hanceville,
4057837,4067784,Holly Pond,
4057837,4070318,Joppa,
4057837,4091006,South Vinemont,
4057837,4097095,West Point,
4058052,4828071,Ariton,
4058052,4055684,Clayhatchee,
4058052,4058061,Daleville,
4058052,7259777,Fort Novosel,
4058052,4065421,Grimes,
4058052,4072271,Level Plains,
4058052,4075984,Midland City,
4058052,4080193,Newton,
4058052,4081936,Ozark,
4058052,4083181,Pinckard,
4058076,4089114,Selma,
4058076,7260110,Selmont-West Selmont,
4058076,4095213,Valley Grande,
4058479,4056381,Collinsville,
4058479,4057731,Crossville,
4058479,4062861,Fort Payne,
4058479,4063613,Fyffe,
4058479,4064020,Geraldine,
4058479,4066844,Henagar,
4058479,4068778,Ider,
4058479,4078346,Mount Vernon,
4058479,4084691,Powell,
4058479,4085373,Rainsville,
4058479,4092692,Sylvania,
4058479,4095233,Valley Head,
4060563,4050879,Blue Ridge,
4060563,4056837,Coosada,
4060563,4058543,Deatsville,
4060563,4060176,Eclectic,
4060563,4828090,Elmore,
4060563,7315157,Emerald Mountain,
4060563,4067862,Holtville,
4060563,4076239,Millbrook,
4060563,4092853,Tallassee,
4060563,4097257,Wetumpka,
4060870,4830759,Atmore,
4060870,4051714,Brewton,
4060870,4059831,East Brewton,
4060870,4062595,Flomaton,
4060938,4830069,Altoona,
4060938,4830768,Attalla,
4060938,4831176,Ballplay,
4060938,7315156,Carlisle-Rockledge,
4060938,4060324,Egypt,
4060938,4063619,Gadsden,
4060938,4063684,Gallant,
4060938,4064310,Glencoe,
4060938,4067623,Hokes Bluff,
4060938,4069309,Ivalee,
4060938,4085336,Rainbow City,
4060938,4085659,Reece City,
4060938,4088704,Sardis City,
4060938,4091058,Southside,
4060938,4096248,Walnut Grove,
4060938,4097588,Whitesboro,
4061590,4047827,Berry,
4061590,4061586,Fayette,
4063130,4082869,Phil Campbell,
4063130,4085521,Red Bay,
4063130,4087313,Russellville,
4063931,4063926,Geneva,
4063931,4066437,Hartford,
4063931,4074452,Malvern,
4063931,4088360,Samson,
4063931,4090470,Slocomb,
4065243,4060991,Eutaw,
4065243,4062791,Forkland,
4065796,4065282,Greensboro,
4065796,4077349,Moundville,
4066911,4829449,Abbeville,
4066911,4066716,Headland,
4066911,4080208,Newville,
4068296,4830684,Ashford,
4068296,4830903,Avon,
4068296,4056419,Columbia,
4068296,4057139,Cottonwood,
4068296,4057320,Cowarts,
4068296,4059102,Dothan,
4068296,4070997,Kinsey,
4068296,4085771,Rehobeth,
4068296,4093048,Taylor,
4068296,4096678,Webb,
4069472,4051774,Bridgeport,
4069472,4067814,Hollywood,
4069472,4083725,Pisgah,
4069472,4088916,Scottsboro,
4069472,4089040,Section,
4069472,4090386,Skyline,
4069472,4091859,Stevenson,
4069472,4098527,Woodville,
4069696,4829588,Adamsville,
4069696,4830478,Argo,
4069696,4048023,Bessemer,
4069696,4049979,Birmingham,
4069696,4047198,Brighton,
4069696,4051955,Brookside,
4069696,4052964,Cahaba Heights,
4069696,4054378,Center Point,
4069696,4054593,Chalkville,
4069696,4055650,Clay,
4069696,4056515,Concord,
4069696,8605041,Dixiana,
4069696,4060232,Edgewater,
4069696,4061206,Fairfield,
4069696,4062774,Forestdale,
4069696,4063570,Fultondale,
4069696,4063765,Gardendale,
4069696,4065029,Grayson Valley,
4069696,4065034,Graysville,
4069696,4067815,Hollywood,
4069696,4067927,Homewood,
4069696,4067994,Hoover,
4069696,4068446,Hueytown,
4069696,4069243,Irondale,
4069696,4070806,Kimberly,
4069696,4072130,Leeds,
4069696,4072842,Lipscomb,
4069696,4075368,McDonald Chapel,
4069696,4075977,Midfield,
4069696,4076468,Minor,
4069696,4077143,Morris,
4069696,4077867,Mount Olive,
4069696,4078646,Mountain Brook,
4069696,4078859,Mulga,
4069696,4083697,Pinson,
4069696,4083846,Pleasant Grove,
4069696,4086500,Rock Creek,
4069696,4092689,Sylvan Springs,
4069696,4092970,Tarrant,
4069696,4093961,Trafford,
4069696,4094212,Trussville,
4069696,4095415,Vestavia Hills,
4069696,4096404,Warrior,
4071676,4076358,Millport,
4071676,4092267,Sulligent,
4071676,4095392,Vernon,
4071898,4059870,East Florence,
4071898,4062577,Florence,
4071898,4070786,Killen,
4071898,4072339,Lexington,
4071898,4086921,Rogersville,
4071898,7260216,Underwood-Petersville,
4071959,4057261,Courtland,
4071959,4067432,Hillsboro,
4071959,4077329,Moulton,
4071959,4080417,North Courtland,
4071959,4093897,Town Creek,
4072098,4830796,Auburn,
4072098,4081644,Opelika,
4072098,4090684,Smiths Station,
4072707,4830668,Athens,
4072707,11497201,Washington Street Courthouse Annex,
4073885,4062824,Fort Deposit,
4073885,4066661,Hayneville,
4073885,4077283,Mosses,
4073885,4097406,White Hall,
4074246,4080646,Notasulga,
4074246,4094490,Tuskegee,
4074277,4065665,Gurley,
4074277,4066463,Harvest,
4074277,4066686,Hazel Green,
4074277,4068590,Huntsville,
4074277,4074267,Madison,
4074277,4075854,Meridianville,
4074277,4076982,Moores Mill,
4074277,4079630,New Hope,
4074277,4079916,New Market,
4074277,4081904,Owens Cross Roads,
4074277,7260623,Redstone Arsenal,
4074277,4094025,Triana,
4074590,4058662,Demopolis,
4074590,4072752,Linden,
4074636,4046499,Bear Creek,
4074636,4051827,Brilliant,
4074636,4065524,Guin,
4074636,4065731,Hackleburg,
4074636,4065965,Hamilton,
4074636,4098161,Winfield,
4074736,4829791,Albertville,
4074736,4830455,Arab,
4074736,4051059,Boaz,
4074736,4059172,Douglas,
4074736,4064871,Grant,
4074736,4065649,Guntersville,
4074736,4068226,Horton,
4076607,4830894,Axis,
4076607,4046319,Bayou La Batre,
4076607,4047357,Bellefontaine,
4076607,4054996,Chickasaw,
4076607,4055535,Citronelle,
4076607,4057531,Creola,
4076607,4058262,Dauphin Island,
4076607,4064840,Grand Bay,
4076607,4076598,Mobile,
4076607,4078348,Mount Vernon,
4076607,4047404,Plateau,
4076607,4084888,Prichard,
4076607,4088628,Saraland,
4076607,4088737,Satsuma,
4076607,4089148,Semmes,
4076607,4093399,Theodore,
4076607,4093753,Tillmans Corner,
4076607,4098005,Wilmer,
4076706,4061113,Excel,
4076706,4063475,Frisco City,
4076706,4076725,Monroeville,
4076795,4074991,Mathews,
4076795,4076784,Montgomery,
4076795,4083073,Pike Road,
4076795,4083727,Pisgah,
4076795,4093050,Taylor,
4077029,4058198,Danville,
4077029,4058553,Decatur,
4077029,4060998,Eva,
4077029,4061466,Falkville,
4077029,4062523,Flint City,
4077029,4066449,Hartselle,
4077029,4084883,Priceville,
4077029,4090853,Somerville,
4077029,4094048,Trinity,
4082741,4074673,Marion,
4082741,4094997,Uniontown,
4082974,4829885,Aliceville,
4082974,4053823,Carrollton,
4082974,4064664,Gordo,
4082974,4082983,Pickensville,
4082974,4085739,Reform,
4083063,4052177,Brundidge,
4083063,4094163,Troy,
4085418,4086285,Roanoke,
4085418,4086552,Rock Mills,
4085418,4096021,Wadley,
4085418,4096712,Wedowee,
4087481,4830707,Ashville,
4087481,4051560,Branchville,
4087481,4074599,Margaret,
4087481,4076842,Moody,
4087481,4081166,Odenville,
4087481,4082589,Pell City,
4087481,4085311,Ragland,
4087481,4086224,Riverside,
4087481,4091542,Springville,
4087481,4091755,Steele,
4089551,4829762,Alabaster,
4089551,4051597,Brantleyville,
4089551,4051894,Brook Highland,
4089551,4053050,Calera,
4089551,4054852,Chelsea,
4089551,4056427,Columbiana,
4089551,4059584,Dunnavant,
4089551,4066335,Harpersville,
4089551,4066811,Helena,
4089551,7315158,Highland Lakes,
4089551,4068933,Indian Springs Village,
4089551,4071488,Lake Purdy,
4089551,4075692,Meadowbrook,
4089551,4076771,Montevallo,
4089551,4082569,Pelham,
4089551,4089549,Shelby,
4089551,8605042,Shoal Creek,
4089551,4091847,Sterrett,
4089551,4095288,Vandiver,
4089551,4095522,Vincent,
4089551,4097211,Westover,
4089551,4098110,Wilsonville,
4089551,4047474,Wilton,
4092386,4047321,Bellamy,
4092386,4073383,Livingston,
4092386,4098776,York,
4092795,4055045,Childersburg,
4092795,4061602,Fayetteville,
4092795,4072767,Lincoln,
4092795,4078898,Munford,
4092795,4080754,Oak Grove,
4092795,4092671,Sylacauga,
4092795,4092788,Talladega,
4092827,4829843,Alexander City,
4092827,4053318,Camp Hill,
4092827,4058027,Dadeville,
4092827,4069545,Jacksons Gap,
4092827,4080080,New Site,
4092827,4081816,Our Town,
4092827,4085711,Reeltown,
4094463,4051971,Brookwood,
4094463,4056017,Coaling,
4094463,4056154,Coker,
4094463,4067840,Holt,
4094463,4071540,Lake View,
4094463,4080555,Northport,
4094463,4094455,Tuscaloosa,
4094463,4095294,Vance,
4096107,4053671,Carbon Hill,
4096107,4056920,Cordova,
4096107,4059070,Dora,
4096107,4069659,Jasper,
4096107,4081082,Oakman,
4096107,4082250,Parrish,
4096107,4092333,Sumiton,
4096449,4054818,Chatom,
4096449,4072240,Leroy,
4096449,4076361,Millry,
4097694,4053200,Camden,
4097694,4083370,Pine Hill,
4098200,4829614,Addison,
4098200,4059162,Double Springs,
4098200,4065830,Haleyville,
4098200,4073358,Littleville,
4098200,4074013,Lynn,
4099679,4107823,De Witt,
4099679,4112321,Gillett,
4099679,4115613,Humphrey,
4099679,4132625,Stuttgart,
4099869,4107198,Crossett,
4099869,4113607,Hamburg,
4099869,4124039,North Crossett,
4099869,4135746,West Crossett,
4099869,4136688,Wilmot,
4100581,4106721,Cotter,
4100581,4112110,Gassville,
4100581,4118196,Lakeview,
4100581,4121436,Midway,
4100581,4123037,Mountain Home,
4101244,4100008,Avoca,
4101244,4101114,Bella Vista,
4101244,4101260,Bentonville,
4101244,4101456,Bethel Heights,
4101244,4104897,Cave Springs,
4101244,4105168,Centerton,
4101244,4107903,Decatur,
4101244,4112036,Garfield,
4101244,4112163,Gentry,
4101244,4112898,Gravette,
4101244,4114693,Highfill,
4101244,4119245,Little Flock,
4101244,4119972,Lowell,
4101244,4125681,Pea Ridge,
4101244,4127332,Prairie Creek,
4101244,4128894,Rogers,
4101244,4131116,Siloam Springs,
4101244,4132771,Sulphur Springs,
4102608,4108167,Diamond City,
4102608,4113956,Harrison,
4102799,4114413,Hermitage,
4102799,4135349,Warren,
4104063,4113647,Hampton,
4104658,4101309,Berryville,
4104658,4110119,Eureka Springs,
4104658,4113015,Green Forest,
4104658,4114930,Holiday Island,
4105506,4108090,Dermott,
4105506,4110100,Eudora,
4105506,4118121,Lake Village,
4105838,4099390,Amity,
4105838,4099647,Arkadelphia,
4105838,4104004,Caddo Valley,
4105838,4113407,Gurdon,
4105899,4106689,Corning,
4105899,4126105,Piggott,
4105899,4127973,Rector,
4106009,4113167,Greers Ferry,
4106009,4114225,Heber Springs,
4106009,4127735,Quitman,
4106009,4133998,Tumbling Shoals,
4106032,4128469,Rison,
4106339,4120323,Magnolia,
4106339,4133234,Taylor,
4106339,4134993,Waldo,
4106460,4122218,Morrilton,
4106460,4124966,Oppelo,
4106460,4126911,Plumerville,
4106979,4100592,Bay,
4106979,4102581,Bono,
4106979,4103117,Brookland,
4106979,4104566,Caraway,
4106979,4116834,Jonesboro,
4106979,4117869,Lake City,
4106979,4121954,Monette,
4107027,4099296,Alma,
4107027,4105064,Cedarville,
4107027,4109338,Dyer,
4107027,4117417,Kibler,
4107027,4123018,Mountainburg,
4107027,4123120,Mulberry,
4107027,4134716,Van Buren,
4107079,4109406,Earle,
4107079,4120524,Marion,
4107079,4134132,Turrell,
4107079,4135865,West Memphis,
4107139,4105468,Cherry Valley,
4107139,4125487,Parkin,
4107139,4137215,Wynne,
4107572,4111319,Fordyce,
4108100,4099673,Arkansas City,
4108100,4109226,Dumas,
4108100,4121052,McGehee,
4108100,4125668,Pea Ridge,
4108996,4122015,Monticello,
4108996,4136679,Wilmar,
4110465,4106458,Conway,
4110465,4113067,Greenbrier,
4110465,4047572,Guy,
4110465,4114945,Holland,
4110465,4120843,Mayflower,
4110465,4134871,Vilonia,
4110465,4137113,Wooster,
4111593,4099350,Altus,
4111593,4105377,Charleston,
4111593,4125181,Ozark,
4111857,4120398,Mammoth Spring,
4111857,4129962,Salem,
4112045,4111484,Fountain Lake,
4112045,4115412,Hot Springs,
4112045,4115429,Hot Springs Village,
4112045,4117942,Lake Hamilton,
4112045,4122962,Mountain Pine,
4112045,4126416,Piney,
4112045,4128767,Rockwell,
4112780,4118678,Leola,
4112780,4130821,Sheridan,
4113088,4120581,Marmaduke,
4113088,4124437,Oak Grove Heights,
4113088,4125388,Paragould,
4114303,4115181,Hope,
4115406,4120388,Malvern,
4115406,4128764,Rockport,
4115463,4108212,Dierks,
4115463,4121792,Mineral Springs,
4115463,4123271,Nashville,
4115832,4100525,Batesville,
4115832,4123800,Newark,
4115832,4131812,Southside,
4116178,4104078,Calico Rock,
4116178,4115334,Horseshoe Bend,
4116178,4121256,Melbourne,
4116178,4125168,Oxford,
4116263,4108184,Diaz,
4116263,4123830,Newport,
4116263,4133024,Swifton,
4116263,4133971,Tuckerman,
4116433,4099347,Altheimer,
4116433,4126226,Pine Bluff,
4116433,4128103,Redfield,
4116433,4132772,Sulphur Springs,
4116433,4136153,White Hall,
4116689,4105879,Clarksville,
4116689,4106126,Coal Hill,
4116689,4114001,Hartman,
4116689,4117661,Knoxville,
4116689,4118223,Lamar,
4117774,4102790,Bradley,
4117774,4118755,Lewisville,
4117774,4132194,Stamps,
4118467,4102088,Black Rock,
4118467,4106276,College City,
4118467,4115508,Hoxie,
4118467,4115796,Imboden,
4118467,4135205,Walnut Ridge,
4118578,4120508,Marianna,
4118984,4112662,Gould,
4118984,4132227,Star City,
4119374,4099852,Ashdown,
4119374,4111307,Foreman,
4119581,4102622,Booneville,
4119581,4120286,Magazine,
4119581,4125402,Paris,
4119581,4132643,Subiaco,
4119825,4099974,Austin,
4119825,4103957,Cabot,
4119825,4104602,Carlisle,
4119825,4110001,England,
4119825,4119817,Lonoke,
4119825,4135279,Ward,
4120275,4115658,Huntsville,
4120525,4103678,Bull Shoals,
4120525,4111212,Flippin,
4120525,4132814,Summit,
4120525,4137291,Yellville,
4121680,4111470,Fouke,
4121680,4133367,Texarkana,
4121839,4102412,Blytheville,
4121839,4112638,Gosnell,
4121839,4116746,Joiner,
4121839,4117286,Keiser,
4121839,4118507,Leachville,
4121839,4120104,Luxora,
4121839,4120426,Manila,
4121839,4125027,Osceola,
4121839,4136692,Wilson,
4121968,4103042,Brinkley,
4121968,4105824,Clarendon,
4121968,4114992,Holly Grove,
4121992,4122466,Mount Ida,
4123415,4127433,Prescott,
4123857,4116400,Jasper,
4123857,8605044,Marble Falls,
4123857,8605045,Pelsor,
4125059,4100808,Bearden,
4125059,4104182,Camden,
4125059,4047424,East Camden,
4125059,4132344,Stephens,
4125858,4125875,Perryville,
4126012,4109800,Elaine,
4126012,4114272,Helena,
4126012,6331911,Helena-West Helena,
4126012,4120684,Marvell,
4126012,4135840,West Helena,
4126123,4112430,Glenwood,
4126123,4117585,Kirby,
4126123,4123162,Murfreesboro,
4126942,4113951,Harrisburg,
4126942,4118687,Lepanto,
4126942,4120544,Marked Tree,
4126942,4133933,Trumann,
4126942,4134232,Tyronza,
4126942,4135648,Weiner,
4127017,4112765,Grannis,
4127017,4121297,Mena,
4127017,4136413,Wickes,
4127100,4099932,Atkins,
4127100,4108950,Dover,
4127100,4119617,London,
4127100,4127256,Pottsville,
4127100,4129397,Russellville,
4127100,4136693,Wilson,
4127330,4107820,De Valls Bluff,
4127330,4108091,Des Arc,
4127330,4114220,Hazen,
4127619,4099194,Alexander,
4127619,4104189,Cammack Village,
4127619,4106292,College Station,
4127619,4112254,Gibson,
4127619,4112871,Gravel Ridge,
4127619,4116315,Jacksonville,
4127619,4118277,Landmark,
4127619,4119403,Little Rock,
4127619,8605043,Little Rock Air Force Base,
4127619,4120792,Maumelle,
4127619,4120886,McAlmont,
4127619,4124112,North Little Rock,
4127619,4128927,Roland,
4127619,4828193,Sherwood,
4127619,4132976,Sweet Home,
4127619,4137171,Wrightsville,
4127846,4126923,Pocahontas,
4129533,4111382,Forrest City,
4129533,4115578,Hughes,
4129533,4120274,Madison,
4129533,4125265,Palestine,
4130035,4100028,Avilla,
4130035,4101241,Benton,
4130035,4103448,Bryant,
4130035,4109452,East End,
4130035,4114047,Haskell,
4130035,4129965,Salem,
4130035,4130703,Shannon Hills,
4130035,4133806,Traskwood,
4130373,4135004,Waldron,
4130432,4120611,Marshall,
4130449,4100348,Barling,
4130449,4102553,Bonanza,
4130449,4111410,Fort Smith,
4130449,4113143,Greenwood,
4130449,4113457,Hackett,
4130449,4113994,Hartford,
4130449,4115654,Huntington,
4130449,4118450,Lavaca,
4130449,4120438,Mansfield,
4130562,4107802,De Queen,
4130562,4115281,Horatio,
4130562,4119512,Lockesburg,
4130730,4099837,Ash Flat,
4130730,4104857,Cave City,
4130730,4105435,Cherokee Village,
4130730,4113770,Hardy,
4130730,4114673,Highland,
4132456,4122986,Mountain View,
4134330,4109785,El Dorado,
4134330,4115759,Huttig,
4134330,4116918,Junction City,
4134330,4123988,Norphlet,
4134330,4131396,Smackover,
4134330,4132582,Strong,
4134690,4106074,Clinton,
4134690,4108038,Dennard,
4134690,4110233,Fairfield Bay,
4135394,4109857,Elkins,
4135394,4109927,Elm Springs,
4135394,4110443,Farmington,
4135394,4110486,Fayetteville,
4135394,4112660,Goshen,
4135394,4113113,Greenland,
4135394,4116660,Johnson,
4135394,4118981,Lincoln,
4135394,4127359,Prairie Grove,
4135394,4132093,Springdale,
4135394,4133707,Tontitown,
4135394,4135763,West Fork,
4136143,4100170,Bald Knob,
4136143,4100984,Beebe,
4136143,4102782,Bradford,
4136143,4114635,Higginson,
4136143,4116896,Judsonia,
4136143,4117358,Kensett,
4136143,4121185,McRae,
4136143,4125312,Pangburn,
4136143,4130430,Searcy,
4137047,4099952,Augusta,
4137047,4106733,Cotton Plant,
4137047,4120981,McCrory,
4137268,4107630,Danville,
4137268,4107641,Dardanelle,
4137268,4124671,Ola,
4137268,4126548,Plainview,
4143221,4141748,Camden,
4143221,4141903,Cheswold,
4143221,4141982,Clayton,
4143221,4142290,Dover,
4143221,7258211,Dover Base Housing,
4143221,4142485,Felton,
4143221,4142605,Frederica,
4143221,4142841,Harrington,
4143221,4142942,Highland Acres,
4143221,4143218,Kent Acres,
4143221,7258553,Rising Sun-Lebanon,
4143221,4144338,Riverview,
4143221,4144366,Rodney Village,
4143221,4144764,Smyrna,
4143221,7259226,Woodside East,
4143221,4145483,Wyoming,
4143835,4141363,Bear,
4143835,4141402,Bellefonte,
4143835,4141674,Brookside,
4143835,4141974,Claymont,
4143835,4142191,Delaware City,
4143835,4142398,Edgemoor,
4143835,4142424,Elsmere,
4143835,4142683,Glasgow,
4143835,4142766,Greenville,
4143835,4142969,Hockessin,
4143835,4143637,Middletown,
4143835,4143834,New Castle,
4143835,4143861,Newark,
4143835,4143871,Newport,
4143835,4143897,North Star,
4143835,4144100,Pike Creek,
4143835,4144101,Pike Creek Valley,
4143835,4145047,Townsend,
4143835,4145381,Wilmington,
4143835,4145395,Wilmington Manor,
4144895,4141435,Bethany Beach,
4144895,4141541,Blades,
4144895,4141632,Bridgeville,
4144895,4142137,Dagsboro,
4144895,4142226,Delmar,
4144895,4142601,Frankford,
4144895,4142643,Georgetown,
4144895,4142770,Greenwood,
4144895,4143319,Laurel,
4144895,4143354,Lewes,
4144895,4143459,Long Neck,
4144895,4143658,Milford,
4144895,4143690,Millsboro,
4144895,4143696,Millville,
4144895,4143698,Milton,
4144895,4143821,Nassau,
4144895,4047734,Ocean View,
4144895,4144284,Rehoboth Beach,
4144895,4144600,Seaford,
4144895,4144620,Selbyville,
4145709,4145719,Alachua,
4145709,4146219,Archer,
4145709,4156404,Gainesville,
4145709,4158256,Hawthorne,
4145709,4158595,High Springs,
4145709,4164250,Micanopy,
4145709,4165961,Newberry,
4145709,4177334,Waldo,
4146548,4163083,Macclenny,
4146810,4149635,Callaway,
4146810,4150340,Cedar Grove,
4146810,4158662,Hiland Park,
4146810,4161141,Laguna Beach,
4146810,4162911,Lower Grand Lagoon,
4146810,4163049,Lynn Haven,
4146810,4164131,Mexico Beach,
4146810,4167694,Panama City,
4146810,4167695,Panama City Beach,
4146810,4167797,Parker,
4146810,4169302,Pretty Bayou,
4146810,4173892,Springfield,
4146810,7260215,Tyndall Air Force Base,
4146810,4176277,Upper Grand Lagoon,
4146810,4178909,Youngstown,
4148735,4161685,Lawtey,
4148735,4173999,Starke,
4148826,4149959,Cape Canaveral,
4148826,4151440,Cocoa,
4148826,4151441,Cocoa Beach,
4148826,7260057,Cocoa West,
4148826,6331910,Grant-Valkaria,
4148826,4159575,Indialantic,
4148826,4159608,Indian Harbour Beach,
4148826,4160570,June Park,
4148826,4163232,Malabar,
4148826,4163971,Melbourne,
4148826,4163972,Melbourne Beach,
4148826,4163984,Melbourne Village,
4148826,4164092,Merritt Island,
4148826,4164253,Micco,
4148826,4164554,Mims,
4148826,4167499,Palm Bay,
4148826,4167581,Palm Shores,
4148826,4169170,Port Saint John,
4148826,4170358,Rockledge,
4148826,4172173,Satellite Beach,
4148826,4172658,Sharpes,
4148826,4173528,South Patrick Shores,
4148826,4175437,Titusville,
4148826,7315241,Viera East,
4148826,7315242,Viera West,
4148826,4177872,West Melbourne,
4149007,7172778,Boulevard Gardens,
4149007,4148944,Broadview Park,
4149007,4149010,Broward Estates,
4149007,4150159,Carver Ranches,
4149007,4151455,Coconut Creek,
4149007,4151824,Cooper City,
4149007,4151909,Coral Springs,
4149007,4152772,Dania Beach,
4149007,4152820,Davie,
4149007,4153071,Deerfield Beach,
4149007,7259733,Estates of Fort Lauderdale (historical),
4149007,4155966,Fort Lauderdale,
4149007,7172783,Franklin Park,
4149007,4157898,Hallandale Beach,
4149007,4158700,Hillsboro Beach,
4149007,4158928,Hollywood,
4149007,4160717,Kendall Green,
4149007,4161228,Lake Forest,
4149007,4161616,Lauderdale Lakes,
4149007,4161624,Lauderdale-by-the-Sea,
4149007,4161625,Lauderhill,
4149007,4161957,Lighthouse Point,
4149007,4163407,Margate,
4149007,4163994,Melrose Park,
4149007,4164166,Miami Gardens,
4149007,4164601,Miramar,
4149007,4166096,North Andrews Gardens,
4149007,4166222,North Lauderdale,
4149007,4166638,Oakland Park,
4149007,4167495,Palm Aire,
4149007,4167829,Parkland,
4149007,4168138,Pembroke Park,
4149007,4168139,Pembroke Pines,
4149007,4168506,Pine Island Ridge,
4149007,4168782,Plantation,
4149007,4169014,Pompano Beach,
4149007,4169018,Pompano Beach Highlands,
4149007,4170301,Rock Island,
4149007,7172798,Roosevelt Gardens,
4149007,4172330,Sea Ranch Lakes,
4149007,4173717,Southwest Ranches,
4149007,4174402,Sunrise,
4149007,4174503,Sunshine Ranches,
4149007,4174738,Tamarac,
4149007,4174921,Tedder,
4149007,4175022,Terra Mar,
4149007,4175993,Twin Lakes,
4149007,4177492,Washington Park,
4149007,4177897,West Park,
4149007,4178003,Weston,
4149007,4178485,Wilton Manors,
4149608,4145945,Altha,
4149608,4148237,Blountstown,
4150627,4150632,Charlotte Harbor,
4150627,4150637,Charlotte Park,
4150627,4151416,Cleveland,
4150627,4157593,Grove City,
4150627,4158060,Harbour Heights,
4150627,4163267,Manasota Key,
4150627,4169130,Port Charlotte,
4150627,4169452,Punta Gorda,
4150627,4169455,Punta Gorda Isles,
4150627,4170556,Rotonda West,
4150627,4173330,Solana,
4151140,4147581,Beverly Hills,
4151140,4148053,Black Diamond,
4151140,4151153,Citrus Hills,
4151140,4151163,Citrus Springs,
4151140,4152487,Crystal River,
4151140,4155623,Floral City,
4151140,4158445,Hernando,
4151140,4159071,Homosassa,
4151140,4159077,Homosassa Springs,
4151140,4159786,Inverness,
4151140,7259891,Inverness Highlands North,
4151140,7259892,Inverness Highlands South,
4151140,4161733,Lecanto,
4151140,4168563,Pine Ridge,
4151140,4174252,Sugarmill Woods,
4151245,4146302,Asbury Lake,
4151245,7259949,Bellair-Meadowbrook Terrace,
4151245,4155594,Fleming Island,
4151245,4157427,Green Cove Springs,
4151245,4160830,Keystone Heights,
4151245,4161461,Lakeside,
4151245,4164387,Middleburg,
4151245,7315237,Oakleaf Plantation,
4151245,4167102,Orange Park,
4151245,4168161,Penney Farms,
4151550,4146428,Ave Maria,
4151550,4154031,East Naples,
4151550,4156920,Golden Gate,
4151550,4159553,Immokalee,
4151550,7315231,Island Walk,
4151550,4161807,Lely,
4151550,4161810,Lely Resort,
4151550,4163384,Marco,
4151550,4163388,Marco Island,
4151550,4165565,Naples,
4151550,4165574,Naples Manor,
4151550,4165576,Naples Park,
4151550,4167127,Orangetree,
4151550,4168095,Pelican Bay,
4151550,4168564,Pine Ridge,
4151550,7315240,Verona Walk,
4151550,4176527,Vineyards,
4151595,4155502,Five Points,
4151595,4156050,Fort White,
4151595,4161187,Lake City,
4151595,4177542,Watertown,
4152927,4146206,Arcadia,
4152927,4166047,Nocatee,
4152927,7260157,Southeast Arcadia,
4153352,4152395,Cross City,
4153840,4146354,Atlantic Beach,
4153840,4146570,Baldwin,
4153840,4160021,Jacksonville,
4153840,4160023,Jacksonville Beach,
4153840,4165695,Neptune Beach,
4154550,4147290,Bellview,
4154550,4148803,Brent,
4154550,4150517,Century,
4154550,4154047,East Pensacola Heights,
4154550,4154489,Ensley,
4154550,4155017,Ferry Pass,
4154550,4156975,Gonzalez,
4154550,4157095,Goulding,
4154550,4164728,Molino,
4154550,4165519,Myrtle Grove,
4154550,4168228,Pensacola,
4154550,4177465,Warrington,
4154550,4177908,West Pensacola,
4155535,4149363,Bunnell,
4155535,4155533,Flagler Beach,
4155535,4167538,Palm Coast,
4156210,4146148,Apalachicola,
4156210,4150103,Carrabelle,
4156210,4154106,Eastpoint,
4156394,4150673,Chattahoochee,
4156394,4157500,Greensboro,
4156394,4157537,Gretna,
4156394,4158224,Havana,
4156394,4164343,Midway,
4156394,4169510,Quincy,
4156770,4154891,Fanning Springs,
4156770,4175637,Trenton,
4156815,4149226,Buckhead Ridge,
4156815,4164836,Moore Haven,
4157652,4169166,Port Saint Joe,
4157652,4178074,Wewahitchka,
4157924,4160102,Jasper,
4157924,4160163,Jennings,
4157924,4178180,White Springs,
4158068,4148659,Bowling Green,
4158068,4161855,Lemon Grove,
4158068,4177569,Wauchula,
4158068,4178972,Zolfo Springs,
4158392,4151366,Clewiston,
4158392,4158091,Harlem,
4158392,4161075,LaBelle,
4158392,12524577,Montura,
4158392,4169144,Port LaBelle,
4158449,4148975,Brookridge,
4158449,4148986,Brooksville,
4158449,4156501,Garden Grove,
4158449,4158446,Hernando Beach,
4158449,7172786,High Point,
4158449,4158668,Hill 'n Dale,
4158449,4163633,Masaryktown,
4158449,4166124,North Brooksville,
4158449,7260514,North Weeki Wachee,
4158449,4170014,Ridge Manor,
4158449,4173396,South Brooksville,
4158449,4173838,Spring Hill,
4158449,4175391,Timber Pines,
4158449,4177635,Weeki Wachee Gardens,
4158449,4178585,Wiscon,
4158643,4146440,Avon Park,
4158643,4161344,Lake Placid,
4158643,4168761,Placid Lakes,
4158643,4172383,Sebring,
4158712,4146161,Apollo Beach,
4158712,4146588,Balm,
4158712,4148207,Bloomingdale,
4158712,4148674,Boyette,
4158712,4148757,Brandon,
4158712,4150115,Carrollwood,
4158712,4150118,Carrollwood Village,
4158712,4150727,Cheval,
4158712,4151157,Citrus Park,
4158712,4153553,Dover,
4158712,7259705,East Lake-Orient Park,
4158712,4154280,Egypt Lake-Leto,
4158712,4155430,Fish Hawk,
4158712,4156748,Gibsonton,
4158712,7259823,Greater Northdale,
4158712,4160822,Keystone,
4158712,4161313,Lake Magdalene,
4158712,4163033,Lutz,
4158712,4163318,Mango,
4158712,8479411,Northdale,
4158712,7260548,Palm River-Clair Mel,
4158712,4168062,Pebble Creek,
4158712,4168773,Plant City,
4158712,4169378,Progress Village,
4158712,4170156,Riverview,
4158712,4170688,Ruskin,
4158712,4172413,Seffner,
4158712,4174317,Sun City Center,
4158712,4174757,Tampa,
4158712,4174969,Temple Terrace,
4158712,4175269,Thonotosassa,
4158712,4175538,Town 'n' Country,
4158712,7260219,University,
4158712,4176318,Valrico,
4158712,4177779,Westchase,
4158712,4178488,Wimauma,
4158961,4148526,Bonifay,
4158961,4169035,Ponce de Leon,
4159657,4154972,Fellsmere,
4159657,4155726,Florida Ridge,
4159657,4156752,Gifford,
4159657,4159672,Indian River Shores,
4159657,4170520,Roseland,
4159657,4172372,Sebastian,
4159657,4173380,South Beach,
4159657,4176409,Vero Beach,
4159657,7260233,Vero Beach South,
4159657,4177268,Wabasso,
4159657,4177270,Wabasso Beach,
4159657,4177950,West Vero Corridor,
4159657,4178548,Winter Beach,
4159990,4152043,Cottondale,
4159990,4157193,Graceville,
4159990,4157237,Grand Ridge,
4159990,4157509,Greenwood,
4159990,4163248,Malone,
4159990,4163428,Marianna,
4159990,4173293,Sneads,
4160118,4164803,Monticello,
4161127,4163723,Mayo,
4161204,4146338,Astatula,
4161204,4146339,Astor,
4161204,4151352,Clermont,
4161204,4154606,Eustis,
4161204,7259780,Four Corners,
4161204,4156337,Fruitland Park,
4161204,4157605,Groveland,
4161204,4158257,Hawthorne,
4161204,4159315,Howey-in-the-Hills,
4161204,4161118,Lady Lake,
4161204,4161283,Lake Kathryn,
4161204,7260355,Lake Mack-Forest Hills,
4161204,4161771,Leesburg,
4161204,4163635,Mascotte,
4161204,4164575,Minneola,
4161204,4164806,Montverde,
4161204,4165069,Mount Dora,
4161204,4165218,Mount Plymouth,
4161204,4167478,Paisley,
4161204,4168525,Pine Lakes,
4161204,4172971,Silver Lake,
4161204,4173355,Sorrento,
4161204,4174861,Tavares,
4161204,4176059,Umatilla,
4161204,4178817,Yalaha,
4161743,4145959,Alva,
4161743,4148504,Bokeelia,
4161743,4148533,Bonita Springs,
4161743,4149241,Buckingham,
4161743,4149412,Burnt Store Marina,
4161743,4149962,Cape Coral,
4161743,4150010,Captiva,
4161743,4152639,Cypress Lake,
4161743,4154568,Estero,
4161743,4155995,Fort Myers,
4161743,4155996,Fort Myers Beach,
4161743,4156006,Fort Myers Shores,
4161743,4156601,Gateway,
4161743,4158094,Harlem Heights,
4161743,4159805,Iona,
4161743,4161785,Lehigh Acres,
4161743,4162532,Lochmoor Waterway Estates,
4161743,4047852,Matlacha,
4161743,4163833,McGregor,
4161743,4166195,North Fort Myers,
4161743,4166943,Olga,
4161743,4167465,Page Park,
4161743,4167671,Palmona Park,
4161743,4168493,Pine Island Center,
4161743,4168556,Pine Manor,
4161743,4169461,Punta Rassa,
4161743,4171061,Saint James City,
4161743,4171782,San Carlos Park,
4161743,4172052,Sanibel,
4161743,4174343,Suncoast Estates,
4161743,4175298,Three Oaks,
4161743,4175319,Tice,
4161743,4047914,Villas,
4161743,4178111,Whiskey Creek,
4161831,4174715,Tallahassee,
4161831,4178741,Woodville,
4161891,4146051,Andrews,
4161891,4148957,Bronson,
4161891,4150356,Cedar Key,
4161891,4150733,Chiefland,
4161891,7259697,East Bronson,
4161891,7259711,East Williston,
4161891,4159702,Inglis,
4161891,4163296,Manatee Road,
4161891,4178414,Williston,
4161891,4178419,Williston Highlands,
4161891,4178826,Yankeetown,
4161925,4148912,Bristol,
4161925,4159247,Hosford,
4163142,4157505,Greenville,
4163142,4163140,Madison,
4163277,4146082,Anna Maria,
4163277,4146934,Bayshore Gardens,
4163277,4148708,Bradenton,
4163277,4148710,Bradenton Beach,
4163277,4152003,Cortez,
4163277,4154367,Ellenton,
4163277,4158966,Holmes Beach,
4163277,4162776,Longboat Key,
4163277,4164047,Memphis,
4163277,4167632,Palmetto,
4163277,4171741,Samoset,
4163277,4173392,South Bradenton,
4163277,4177759,West Bradenton,
4163277,4177930,West Samoset,
4163277,4178215,Whitfield,
4163456,4147263,Belleview,
4163456,4151132,Citra,
4163456,4153790,Dunnellon,
4163456,4163487,Marion Oaks,
4163456,4166673,Ocala,
4163456,13405904,On Top of the World,
4163456,4169780,Reddick,
4163456,4173002,Silver Springs,
4163456,4173007,Silver Springs Shores,
4163566,4158758,Hobe Sound,
4163566,4159687,Indiantown,
4163566,4160171,Jensen Beach,
4163566,4160617,Jupiter Island,
4163566,4166293,North River Shores,
4163566,4167536,Palm City,
4163566,4169176,Port Salerno,
4163566,4170062,Rio,
4163566,4172557,Sewall's Point,
4163566,4174201,Stuart,
4164238,4145805,Allapattah,
4164238,4146039,Andover,
4164238,4146429,Aventura,
4164238,4146564,Bal Harbour,
4164238,4146823,Bay Harbor Islands,
4164238,4147988,Biscayne Park,
4164238,4149077,Brownsville,
4164238,4149342,Bunche Park,
4164238,4150066,Carol City,
4164238,4151460,Coconut Grove,
4164238,4151871,Coral Gables,
4164238,4151921,Coral Terrace,
4164238,4152093,Country Club,
4164238,4152064,Country Walk,
4164238,4152564,Cutler,
4164238,6332309,Cutler Bay,
4164238,4152574,Cutler Ridge,
4164238,4153471,Doral,
4164238,4154051,East Perrine,
4164238,4154299,El Portal,
4164238,4155529,Flagami,
4164238,4155669,Florida City,
4164238,4156091,Fountainebleau,
4164238,4156824,Gladeview,
4164238,4156857,Glenvar Heights,
4164238,4156918,Golden Beach,
4164238,4156931,Golden Glades,
4164238,4157097,Goulds,
4164238,4158476,Hialeah,
4164238,4158482,Hialeah Gardens,
4164238,4159050,Homestead,
4164238,4159873,Isle of Normandy,
4164238,4159896,Ives Estates,
4164238,4160705,Kendale Lakes,
4164238,4160711,Kendall,
4164238,7260327,Kendall West,
4164238,4160789,Key Biscayne,
4164238,4161298,Lake Lucerne,
4164238,4161460,Lakes by the Bay,
4164238,4161797,Leisure City,
4164238,6332582,Little Havana,
4164238,4163952,Medley,
4164238,4164138,Miami,
4164238,4164143,Miami Beach,
4164238,4164167,Miami Gardens,
4164238,4164186,Miami Lakes,
4164238,4164211,Miami Shores,
4164238,4164223,Miami Springs,
4164238,4165580,Naranja,
4164238,4166066,Norland,
4164238,4166105,North Bay Village,
4164238,4166232,North Miami,
4164238,4166233,North Miami Beach,
4164238,4166805,Ojus,
4164238,4166979,Olympia Heights,
4164238,4167003,Opa-locka,
4164238,4167594,Palm Springs North,
4164238,4167634,Palmetto Bay,
4164238,4167647,Palmetto Estates,
4164238,4168590,Pinecrest,
4164238,4168659,Pinewood,
4164238,4169345,Princeton,
4164238,4170000,Richmond Heights,
4164238,4170005,Richmond West,
4164238,4172294,Scott Lake,
4164238,4173495,South Miami,
4164238,4173497,South Miami Heights,
4164238,4174383,Sunny Isles Beach,
4164238,4174425,Sunset,
4164238,4174518,Surfside,
4164238,4174600,Sweetwater,
4164238,4174744,Tamiami,
4164238,4175091,The Crossings,
4164238,4175117,The Hammocks,
4164238,4175296,Three Lakes,
4164238,4176217,University Park,
4164238,4176550,Virginia Gardens,
4164238,4177865,West Little River,
4164238,4177874,West Miami,
4164238,4177917,West Perrine,
4164238,4177965,Westchester,
4164238,4178032,Westview,
4164238,4178053,Westwood Lake,
4164762,4147679,Big Coppitt Key,
4164762,4147801,Big Pine Key,
4164762,4152513,Cudjoe Key,
4164762,4153693,Duck Key,
4164762,4159839,Islamorada,
4164762,4160792,Key Colony Beach,
4164762,4160795,Key Largo,
4164762,4160812,Key West,
4164762,4163379,Marathon,
4164762,4166208,North Key Largo,
4164762,4168783,Plantation,
4164762,4174131,Stock Island,
4164762,4174870,Tavernier,
4165603,4149631,Callahan,
4165603,4155006,Fernandina Beach,
4165603,4158693,Hilliard,
4165603,7260484,Nassau Village-Ratliff,
4165603,4178919,Yulee,
4166818,4152311,Crestview,
4166818,4153188,Destin,
4166818,7259720,Eglin Air Force Base,
4166818,4154270,Eglin Village,
4166818,4156042,Fort Walton Beach,
4166818,4161296,Lake Lorraine,
4166818,4161662,Laurel Hill,
4166818,4163599,Mary Esther,
4166818,4165995,Niceville,
4166818,4166723,Ocean City,
4166818,4172620,Shalimar,
4166818,4176316,Valparaiso,
4166818,4178775,Wright,
4166825,4152671,Cypress Quarters,
4166825,4166822,Okeechobee,
4166825,4174888,Taylor Creek,
4167060,6332439,Alafaya,
4167060,4146166,Apopka,
4167060,4146464,Azalea Park,
4167060,4146830,Bay Hill,
4167060,4147247,Belle Isle,
4167060,4148012,Bithlo,
4167060,4150880,Christmas,
4167060,4151207,Clarcona,
4167060,4151745,Conway,
4167060,4153367,Doctor Phillips,
4167060,4154127,Eatonville,
4167060,4154216,Edgewood,
4167060,4154769,Fairview Shores,
4167060,4157092,Gotha,
4167060,4158844,Holden Heights,
4167060,7315230,Horizon West,
4167060,4159416,Hunters Creek,
4167060,4161178,Lake Butler,
4167060,4161253,Lake Hart,
4167060,4162539,Lockhart,
4167060,4163220,Maitland,
4167060,4163918,Meadow Woods,
4167060,4166583,Oak Ridge,
4167060,4166628,Oakland,
4167060,4166776,Ocoee,
4167060,4167147,Orlando,
4167060,4167176,Orlovista,
4167060,4167738,Paradise Heights,
4167060,4168418,Pine Castle,
4167060,4168459,Pine Hills,
4167060,4173124,Sky Lake,
4167060,4173394,South Apopka,
4167060,4173600,Southchase,
4167060,4174700,Taft,
4167060,4174791,Tangelo Park,
4167060,4174793,Tangerine,
4167060,4175374,Tildenville,
4167060,4176109,Union Park,
4167060,4177617,Wedgefield,
4167060,4178397,Williamsburg,
4167060,4178501,Windermere,
4167060,4178550,Winter Garden,
4167060,4178560,Winter Park,
4167060,4178933,Zellwood,
4167218,4149269,Buenaventura Lakes,
4167218,4149845,Campbell,
4167218,4150394,Celebration,
4167218,4160983,Kissimmee,
4167218,4168930,Poinciana,
4167218,4170965,Saint Cloud,
4167510,4145571,Aberdeen,
4167510,4146372,Atlantis,
4167510,4147241,Belle Glade,
4167510,4147242,Belle Glade Camp,
4167510,4148399,Boca Del Mar,
4167510,4148410,Boca Pointe,
4167510,4148411,Boca Raton,
4167510,4148677,Boynton Beach,
4167510,4148910,Briny Breezes,
4167510,4153132,Delray Beach,
4167510,4157467,Greenacres City,
4167510,4157680,Gulf Stream,
4167510,4157774,Gun Club Estates,
4167510,4158239,Haverhill,
4167510,4158599,Highland Beach,
4167510,4159484,Hypoluxo,
4167510,4160604,Juno Beach,
4167510,4160609,Juno Ridge,
4167510,4160610,Jupiter,
4167510,4160932,Kings Point,
4167510,4161161,Lake Belvedere Estates,
4167510,4161195,Lake Clarke Shores,
4167510,4161334,Lake Park,
4167510,4161422,Lake Worth Beach,
4167510,4161424,Lake Worth Corridor,
4167510,4161571,Lantana,
4167510,4162004,Limestone Creek,
4167510,4162948,Loxahatchee Groves,
4167510,4163322,Mangonia Park,
4167510,4166253,North Palm Beach,
4167510,4166738,Ocean Ridge,
4167510,4167473,Pahokee,
4167510,4167505,Palm Beach,
4167510,4167519,Palm Beach Gardens,
4167510,4167533,Palm Beach Shores,
4167510,4167583,Palm Springs,
4167510,4170174,Riviera Beach,
4167510,4170617,Royal Palm Beach,
4167510,4170625,Royal Palm Estates,
4167510,7260095,Sandalfoot Cove,
4167510,4172248,Schall Circle,
4167510,4172460,Seminole Manor,
4167510,4173376,South Bay,
4167510,4173522,South Palm Beach,
4167510,4173944,Stacey Street,
4167510,4175011,Tequesta,
4167510,8096113,The Acreage,
4167510,4176508,Villages of Oriole,
4167510,4177703,Wellington,
4167510,4177816,West Gate,
4167510,4177887,West Palm Beach,
4167895,4146901,Bayonet Point,
4167895,4146984,Beacon Square,
4167895,7315224,Connerton,
4167895,4152498,Crystal Springs,
4167895,4152695,Dade City,
4167895,7259672,Dade City North,
4167895,4154336,Elfers,
4167895,7315228,Heritage Pines,
4167895,4158865,Holiday,
4167895,4159335,Hudson,
4167895,4160100,Jasmine Estates,
4167895,7315232,Key Vista,
4167895,4161110,Lacoochee,
4167895,4161534,Land O' Lakes,
4167895,7315233,Meadow Oaks,
4167895,4165869,New Port Richey,
4167895,7260490,New Port Richey East,
4167895,4166787,Odessa,
4167895,7315238,Pasadena Hills,
4167895,4169160,Port Richey,
4167895,7315239,Quail Ridge,
4167895,4171250,Saint Leo,
4167895,4171771,San Antonio,
4167895,4172602,Shady Hills,
4167895,4047906,Trinity,
4167895,4177727,Wesley Chapel,
4167895,4178941,Zephyrhills,
4167895,7260318,Zephyrhills North,
4167895,7260319,Zephyrhills South,
4167895,7260320,Zephyrhills West,
4168618,4146855,Bay Pines,
4168618,4147255,Belleair,
4168618,4147257,Belleair Beach,
4168618,4147258,Belleair Bluffs,
4168618,4151316,Clearwater,
4168618,4153759,Dunedin,
4168618,4154008,East Lake,
4168618,4154937,Feather Sound,
4168618,4156462,Gandy,
4168618,7315227,Greenbriar,
4168618,4157687,Gulfport,
4168618,4158032,Harbor Bluffs,
4168618,4159675,Indian Rocks Beach,
4168618,4159677,Indian Shores,
4168618,4160749,Kenneth City,
4168618,4161580,Largo,
4168618,4161705,Lealman,
4168618,4163129,Madeira Beach,
4168618,4166288,North Redington Beach,
4168618,4166936,Oldsmar,
4168618,4167545,Palm Harbor,
4168618,4168630,Pinellas Park,
4168618,4169810,Redington Beach,
4168618,4169811,Redington Shores,
4168618,4170019,Ridgecrest,
4168618,4170797,Safety Harbor,
4168618,4171010,Saint George,
4168618,4171522,Saint Pete Beach,
4168618,4172434,Seminole,
4168618,4173467,South Highpoint,
4168618,4173524,South Pasadena,
4168618,4171563,St. Petersburg,
4168618,4174855,Tarpon Springs,
4168618,4175331,Tierra Verde,
4168618,4175626,Treasure Island,
4168618,4177960,West and East Lealman,
4168988,4145956,Alturas,
4168988,4146389,Auburndale,
4168988,4146481,Babson Park,
4168988,4146723,Bartow,
4168988,4148747,Bradley Junction,
4168988,4151162,Citrus Ridge,
4168988,4151607,Combee Settlement,
4168988,4152360,Crooked Lake Park,
4168988,4152472,Crystal Lake,
4168988,4152628,Cypress Gardens,
4168988,4152805,Davenport,
4168988,4153757,Dundee,
4168988,4153884,Eagle Lake,
4168988,4154396,Eloise,
4168988,4155988,Fort Meade,
4168988,4156326,Frostproof,
4168988,4156367,Fuller Heights,
4168988,4156370,Fussels Corner,
4168988,4156746,Gibsonia,
4168988,4157827,Haines City,
4168988,4158604,Highland City,
4168988,4159796,Inwood,
4168988,4160086,Jan-Phyl Village,
4168988,4160651,Kathleen,
4168988,4161150,Lake Alfred,
4168988,4161250,Lake Hamilton,
4168988,4161400,Lake Wales,
4168988,4161438,Lakeland,
4168988,4161444,Lakeland Highlands,
4168988,4162856,Loughman,
4168988,4163954,Medulla,
4168988,4165419,Mulberry,
4168988,4168985,Polk City,
4168988,4177308,Wahneta,
4168988,4177580,Waverly,
4168988,4178449,Willow Oak,
4168988,4178540,Winston,
4168988,4178552,Winter Haven,
4169471,4152291,Crescent City,
4169471,4154037,East Palatka,
4169471,4159765,Interlachen,
4169471,4167482,Palatka,
4169471,4169012,Pomona Park,
4169471,4177674,Welaka,
4171153,4149453,Butler Beach,
4171153,4152290,Crescent Beach,
4171153,7315226,Flagler Estates,
4171153,4156331,Fruit Cove,
4171153,4158198,Hastings,
4171153,7315235,Nocatee,
4171153,4167601,Palm Valley,
4171153,4169060,Ponte Vedra Beach,
4171153,4170894,Saint Augustine,
4171153,4170896,Saint Augustine Beach,
4171153,4170908,Saint Augustine Shores,
4171153,7223060,Saint Augustine South,
4171153,4172206,Sawgrass,
4171153,4176509,Villano Beach,
4171260,4156018,Fort Pierce,
4171260,7259773,Fort Pierce North,
4171260,7259774,Fort Pierce South,
4171260,7259881,Hutchinson Island South,
4171260,4159659,Indian River Estates,
4171260,4161510,Lakewood Park,
4171260,4169171,Port Saint Lucie,
4171260,4170092,River Park,
4171260,4171257,Saint Lucie,
4171260,4178137,White City,
4172096,4145837,Allentown,
4172096,4146494,Bagdad,
4172096,4150904,Chumuckla,
4172096,4154023,East Milton,
4172096,4157634,Gulf Breeze,
4172096,4158112,Harold,
4172096,4158891,Holley,
4172096,4160103,Jay,
4172096,7315234,Midway,
4172096,4164547,Milton,
4172096,4165637,Navarre,
4172096,4167142,Oriole Beach,
4172096,4167424,Pace,
4172096,4168947,Point Baker,
4172096,4170446,Roeville,
4172096,4175363,Tiger Point,
4172096,4177380,Wallace,
4172096,4178694,Woodlawn Beach,
4172139,4147145,Bee Ridge,
4172139,4153186,Desoto Lakes,
4172139,4154465,Englewood,
4172139,4156340,Fruitville,
4172139,4157657,Gulf Gate Estates,
4172139,4160752,Kensington Park,
4172139,4161352,Lake Sarasota,
4172139,4161659,Laurel,
4172139,4166049,Nokomis,
4172139,4166274,North Port,
4172139,4166298,North Sarasota,
4172139,4167245,Osprey,
4172139,4168784,Plantation,
4172139,4170018,Ridge Wood Heights,
4172139,4172131,Sarasota,
4172139,4172150,Sarasota Springs,
4172139,4172935,Siesta Key,
4172139,4173460,South Gate Ridge,
4172139,4173558,South Sarasota,
4172139,4173593,South Venice,
4172139,4173634,Southgate,
4172139,4175136,The Meadows,
4172139,4176299,Utopia,
4172139,4176324,Vamo,
4172139,4176380,Venice,
4172139,4176387,Venice Gardens,
4172139,4177450,Warm Mineral Springs,
4172445,4145941,Altamonte Springs,
4172445,4150190,Casselberry,
4172445,4150914,Chuluota,
4172445,4155000,Fern Park,
4172445,4155824,Forest City,
4172445,4156657,Geneva,
4172445,4156959,Goldenrod,
4172445,4158296,Heathrow,
4172445,4161373,Lake Mary,
4172445,4162783,Longwood,
4172445,4164346,Midway,
4172445,4167348,Oviedo,
4172445,4172086,Sanford,
4172445,4177671,Wekiwa Springs,
4172445,4178573,Winter Springs,
4174301,4149433,Bushnell,
4174301,4150411,Center Hill,
4174301,4151509,Coleman,
4174301,4161327,Lake Panasoffkee,
4174301,4175179,The Villages,
4174301,4177609,Webster,
4174301,4178292,Wildwood,
4174543,4148776,Branford,
4174543,4162461,Live Oak,
4174543,4177698,Wellborn,
4174886,4168244,Perry,
4174886,4174059,Steinhatchee,
4176099,4161171,Lake Butler,
4176559,4152872,Daytona Beach,
4176559,4152881,Daytona Beach Shores,
4176559,7259674,De Land Southwest,
4176559,4152898,De Leon Springs,
4176559,4152926,DeBary,
4176559,4152890,DeLand,
4176559,4153146,Deltona,
4176559,4154205,Edgewater,
4176559,4156844,Glencoe,
4176559,4158914,Holly Hill,
4176559,4161254,Lake Helen,
4176559,4165913,New Smyrna Beach,
4176559,4166154,North DeLand,
4176559,4166547,Oak Hill,
4176559,4167055,Orange City,
4176559,4167178,Ormond Beach,
4176559,4167190,Ormond-by-the-Sea,
4176559,4168371,Pierson,
4176559,4169033,Ponce Inlet,
4176559,4169156,Port Orange,
4176559,7260093,Samsula-Spruce Creek,
4176559,4172552,Seville,
4176559,4173431,South Daytona,
4176559,4177787,West DeLand,
4177321,4152267,Crawfordville,
4177321,4167689,Panacea,
4177409,4152888,DeFuniak Springs,
4177409,4156268,Freeport,
4177409,4164602,Miramar Beach,
4177409,4167966,Paxton,
4177409,4172094,Santa Rosa Beach,
4177409,4172366,Seaside,
4177485,4150769,Chipley,
4177485,4176407,Vernon,
4180088,4181333,Baxley,
4180432,4215163,Pearson,
4180432,4231065,Willacoochee,
4180711,4179557,Alma,
4180816,4212728,Newton,
4180872,4199185,Hardwick,
4180872,4209448,Milledgeville,
4180965,4179624,Alto,
4180965,4201141,Homer,
4180965,4208245,Maysville,
4181182,4180512,Auburn,
4181182,4182522,Bethlehem,
4181182,4220151,Russell,
4181182,4224427,Statham,
4181182,4231523,Winder,
4181218,4179094,Adairsville,
4181218,4186531,Cartersville,
4181218,4193354,Emerson,
4181218,4193661,Euharlee,
4181218,4204015,Kingston,
4181218,4220217,Rydal,
4181218,4230567,White,
4181955,4195168,Fitzgerald,
4182126,4179317,Alapaha,
4182126,4193464,Enigma,
4182126,4211839,Nashville,
4182126,4217984,Ray City,
4182755,4207400,Macon,
4182755,4230280,West Point,
4183415,4188590,Cochran,
4184153,4200749,Hoboken,
4184153,4211775,Nahunta,
4184557,4210266,Morven,
4184557,4215033,Pavo,
4184557,4217712,Quitman,
4184899,4215251,Pembroke,
4184899,4218752,Richmond Hill,
4185202,4184540,Brooklet,
4185202,4217080,Portal,
4185202,4224413,Statesboro,
4185265,4221394,Sardis,
4185265,4229791,Waynesboro,
4185484,4195511,Flovilla,
4185484,4202021,Indian Springs,
4185484,4202426,Jackson,
4185662,4180183,Arlington,
4185662,4192985,Edison,
4185662,4205269,Leary,
4185662,4210099,Morgan,
4185838,7260333,Kings Bay Base,
4185838,4204007,Kingsland,
4185838,9409658,St Marys,
4185838,4220629,St. Marys,
4185838,4231725,Woodbine,
4186104,4209013,Metter,
4186396,4183899,Bowdon,
4186396,4186416,Carrollton,
4186396,4211143,Mount Zion,
4186396,4225973,Temple,
4186396,4228452,Villa Rica,
4186396,4230789,Whitesburg,
4186713,4195850,Fort Oglethorpe,
4186713,4202022,Indian Springs,
4186713,4204818,Lakeview,
4186713,4218896,Ringgold,
4187348,4195600,Folkston,
4187348,4201138,Homeland,
4187390,4183463,Bloomingdale,
4187390,4196688,Garden City,
4187390,4196917,Georgetown,
4187390,7315244,Henderson,
4187390,4202308,Isle of Hope,
4187390,4209934,Montgomery,
4187390,4216948,Pooler,
4187390,4217075,Port Wentworth,
4187390,4221552,Savannah,
4187390,4223004,Skidaway Island,
4187390,4226499,Thunderbolt,
4187390,4227593,Tybee Island,
4187390,4230760,Whitemarsh Island,
4187390,4231354,Wilmington Island,
4187416,4190434,Cusseta,
4187459,4207167,Lyerly,
4187459,4225122,Summerville,
4187459,4227128,Trion,
4187535,4180913,Ball Ground,
4187535,4186213,Canton,
4187535,4201047,Holly Springs,
4187535,4229129,Waleska,
4187535,4231874,Woodstock,
4188191,4180386,Athens,
4188191,4189612,Country Club Estates,
4188191,4231567,Winterville,
4188258,4195809,Fort Gaines,
4188291,4183772,Bonanza,
4188291,4189157,Conley,
4188291,4195701,Forest Park,
4188291,4202260,Irondale,
4188291,4203316,Jonesboro,
4188291,4204350,Lake City,
4188291,4206905,Lovejoy,
4188291,4210254,Morrow,
4188291,4219001,Riverdale,
4188433,4201144,Homerville,
4188547,4179074,Acworth,
4188547,4180564,Austell,
4188547,4183534,Blue Ridge Manor,
4188547,4194111,Fair Oaks,
4188547,4203696,Kennesaw,
4188547,4207226,Mableton,
4188547,4207783,Marietta,
4188547,4217214,Powder Springs,
4188547,4223379,Smyrna,
4188547,4228518,Vinings,
4188653,4184813,Broxton,
4188653,4191916,Douglas,
4188653,4212770,Nicholls,
4188937,4182096,Berlin,
4188937,4191671,Doerun,
4188937,4210397,Moultrie,
4188937,4212913,Norman Park,
4188957,4180085,Appling,
4188957,4193699,Evans,
4188957,4198514,Grovetown,
4188957,4199219,Harlem,
4188957,4207981,Martinez,
4189236,4179193,Adel,
4189236,4048084,Lenox,
4189236,4223871,Sparks,
4189828,4192686,East Newnan,
4189828,4197884,Grantville,
4189828,4212684,Newnan,
4189828,4221953,Senoia,
4189924,4204196,Knoxville,
4189924,4219161,Roberta,
4190062,4180106,Arabi,
4190062,4189423,Cordele,
4190530,4227012,Trenton,
4190959,4190979,Dawsonville,
4191014,4180638,Avondale Estates,
4191014,4181936,Belvedere Park,
4191014,4184530,Brookhaven,
4191014,7260019,Candler-McAfee,
4191014,4187204,Chamblee,
4191014,4188233,Clarkston,
4191014,4191124,Decatur,
4191014,4191768,Doraville,
4191014,4192088,Druid Hills,
4191014,4192375,Dunwoody,
4191014,4198298,Gresham Park,
4191014,4205889,Lithonia,
4191014,4212992,North Decatur,
4191014,4212995,North Druid Hills,
4191014,4214693,Panthersville,
4191014,4215999,Pine Lake,
4191014,4216043,Pine Mountain,
4191014,4218165,Redan,
4191014,4221732,Scottdale,
4191014,4224745,Stone Mountain,
4191014,11748973,Stonecrest,
4191014,4227213,Tucker,
4191127,4180775,Bainbridge,
4191654,4187637,Chester,
4191654,4192754,Eastman,
4191760,4185550,Byromville,
4191760,4227639,Unadilla,
4191760,4228440,Vienna,
4191903,4179320,Albany,
4191903,4217634,Putney,
4191928,4191955,Douglasville,
4191928,4205885,Lithia Springs,
4192532,4183363,Blakely,
4192932,4224412,Statenville,
4193042,4198633,Guyton,
4193042,4218882,Rincon,
4193042,4224162,Springfield,
4193088,4183954,Bowman,
4193088,4193099,Elberton,
4193335,4179213,Adrian,
4193335,4224653,Stillmore,
4193335,4225346,Swainsboro,
4193335,4227521,Twin City,
4193705,4188239,Claxton,
4193705,4198732,Hagan,
4194387,4183521,Blue Ridge,
4194387,4208302,McCaysville,
4194465,4184547,Brooks,
4194465,4194474,Fayetteville,
4194465,4215110,Peachtree City,
4194465,4222192,Shannon,
4194465,4227612,Tyrone,
4195536,4186741,Cave Spring,
4195536,4205805,Lindale,
4195536,4219762,Rome,
4195536,4222182,Shannon,
4195777,4190396,Cumming,
4196096,4186352,Carnesville,
4196096,4196122,Franklin Springs,
4196096,4198592,Gumlog,
4196096,4205164,Lavonia,
4196508,4179574,Alpharetta,
4196508,4180439,Atlanta,
4196508,7179381,Chattahoochee Hills,
4196508,4188815,College Park,
4196508,4192674,East Point,
4196508,4194121,Fairburn,
4196508,4199075,Hapeville,
4196508,6331909,Johns Creek,
4196508,6331908,Milton,
4196508,4211484,Mountain Park,
4196508,4214627,Palmetto,
4196508,4219934,Roswell,
4196508,4221333,Sandy Springs,
4196508,12541728,South Fulton,
4196508,4227777,Union City,
4197146,4192608,East Ellijay,
4197146,4193229,Ellijay,
4197240,4197055,Gibson,
4197388,4184845,Brunswick,
4197388,4189613,Country Club Estates,
4197388,4191628,Dock Junction,
4197388,4202705,Jekyll Island,
4197388,4220861,Saint Simon Mills,
4197388,4220866,Saint Simons Island,
4197388,4224540,Sterling,
4197608,4185657,Calhoun,
4197608,4194184,Fairmount,
4197608,4218450,Resaca,
4197807,4185632,Cairo,
4198160,4198204,Greensboro,
4198160,4227871,Union Point,
4198645,4182083,Berkeley Lake,
4198645,4185110,Buford,
4198645,4190523,Dacula,
4198645,4192289,Duluth,
4198645,4197968,Grayson,
4198645,4205196,Lawrenceville,
4198645,4205724,Lilburn,
4198645,4211428,Mountain Park,
4198645,4212888,Norcross,
4198645,4215114,Peachtree Corners,
4198645,4223413,Snellville,
4198645,4225039,Sugar Hill,
4198645,4225309,Suwanee,
4198688,4180868,Baldwin,
4198688,4188197,Clarkesville,
4198688,4189529,Cornelia,
4198688,4191294,Demorest,
4198688,4210382,Mount Airy,
4198688,4217931,Raoul,
4198821,4188375,Clermont,
4198821,4195544,Flowery Branch,
4198821,4196586,Gainesville,
4198821,4207098,Lula,
4198821,4213771,Oakwood,
4198997,4211144,Mount Zion,
4198997,4223880,Sparta,
4199102,4184222,Bremen,
4199102,4184962,Buchanan,
4199102,4225658,Tallapoosa,
4199102,4229053,Waco,
4199416,4198912,Hamilton,
4199416,4216049,Pine Mountain,
4199416,4229824,Waverly Hall,
4199517,4186200,Canon,
4199517,4199572,Hartwell,
4199517,4218244,Reed Creek,
4199517,4220073,Royston,
4199820,4196083,Franklin,
4200051,4198972,Hampton,
4200051,4206502,Locust Grove,
4200051,4208442,McDonough,
4200051,4224681,Stockbridge,
4201512,4187055,Centerville,
4201512,4215391,Perry,
4201512,7260641,Robins Air Force Base,
4201512,4229476,Warner Robins,
4202266,4213812,Ocilla,
4202453,4180134,Arcade,
4202453,4184165,Braselton,
4202453,4189014,Commerce,
4202453,4201465,Hoschton,
4202453,4202672,Jefferson,
4202453,4212779,Nicholson,
4202638,4209951,Monticello,
4202662,4199778,Hazlehurst,
4202678,4206882,Louisville,
4202678,4229079,Wadley,
4202678,4231997,Wrens,
4202750,4209454,Millen,
4202983,4232049,Wrightsville,
4203171,4197938,Gray,
4204869,4181110,Barnesville,
4204869,4209602,Milner,
4205013,4204775,Lakeland,
4205152,4185607,Cadwell,
4205152,4191408,Dexter,
4205152,4192205,Dublin,
4205152,4192271,Dudley,
4205152,4192606,East Dublin,
4205331,4205392,Leesburg,
4205331,4223313,Smithville,
4205615,4179499,Allenhurst,
4205615,4195413,Flemington,
4205615,7259778,Fort Stewart,
4205615,4200671,Hinesville,
4205615,4209132,Midway,
4205615,4218659,Riceboro,
4205615,4229357,Walthourville,
4205780,4205797,Lincolnton,
4207045,4190779,Dasher,
4207045,4198750,Hahira,
4207045,4204623,Lake Park,
4207045,7260462,Moody A F B,
4207045,4218427,Remerton,
4207045,4228147,Valdosta,
4207132,4190542,Dahlonega,
4207403,4207892,Marshallville,
4207403,4209927,Montezuma,
4207403,4213919,Oglethorpe,
4207451,4188708,Colbert,
4207451,4189003,Comer,
4207451,4190721,Danielsville,
4207805,4185076,Buena Vista,
4208454,4191099,Dearing,
4208454,4226435,Thomson,
4208544,4190744,Darien,
4208945,4198218,Greenville,
4208945,4207163,Luthersville,
4208945,4207625,Manchester,
4208945,4231738,Woodbury,
4209479,4188934,Colquitt,
4209744,4180723,Baconton,
4209744,4185863,Camilla,
4209744,4215243,Pelham,
4209889,4195771,Forsyth,
4209939,4179253,Ailey,
4209939,4211083,Mount Vernon,
4209939,4228139,Uvalda,
4210114,4207447,Madison,
4210114,4220204,Rutledge,
4211691,4187435,Chatsworth,
4211691,4193631,Eton,
4211716,4182753,Bibb City,
4211716,4188985,Columbus,
4212736,4189785,Covington,
4212736,4212661,Newborn,
4212736,4213772,Oakwood,
4212736,4214538,Oxford,
4212736,4217100,Porterdale,
4213838,4183682,Bogart,
4213838,4213063,North High Shoals,
4213838,4229691,Watkinsville,
4213930,4189931,Crawford,
4213930,4205541,Lexington,
4214993,4190598,Dallas,
4214993,4200707,Hiram,
4215089,4185553,Byron,
4215089,4195869,Fort Valley,
4215637,4202634,Jasper,
4215637,4211941,Nelson,
4215697,4183305,Blackshear,
4215697,4048094,Patterson,
4215755,4232308,Zebulon,
4216880,4180114,Aragon,
4216880,4186955,Cedartown,
4216880,4219459,Rockmart,
4217563,4199694,Hawkinsville,
4217625,4192800,Eatonton,
4217625,4202673,Jefferson,
4217715,4196919,Georgetown,
4217747,4188287,Clayton,
4217747,4211386,Mountain City,
4217909,4190451,Cuthbert,
4217909,4222333,Shellman,
4218744,4180531,Augusta,
4218744,4183623,Blythe,
4218744,4200088,Hephzibah,
4218744,4204016,Kingston,
4219431,4189213,Conyers,
4219431,4204838,Lakeview Estates,
4221659,4193210,Ellaville,
4221757,4225515,Sylvania,
4221942,4191735,Donalsonville,
4223848,4192627,East Griffin,
4223848,4194072,Experiment,
4223848,4198322,Griffin,
4224510,4226722,Toccoa,
4224592,4207128,Lumpkin,
4224592,4218732,Richland,
4225168,4179667,Americus,
4225168,4216423,Plains,
4225609,4221395,Sardis,
4225609,4225613,Talbotton,
4225621,4189960,Crawfordville,
4225814,4188852,Collins,
4225814,4197325,Glennville,
4225814,4218414,Reidsville,
4225854,4185437,Butler,
4225854,4218581,Reynolds,
4225944,4199928,Helena,
4225944,4207114,Lumber City,
4225944,4208683,McRae,
4225944,4209235,Milan,
4226051,4190953,Dawson,
4226286,4183849,Boston,
4226286,4189308,Coolidge,
4226286,4208828,Meigs,
4226286,4213805,Ochlocknee,
4226286,4226348,Thomasville,
4226538,4214294,Omega,
4226538,4215613,Phillipsburg,
4226538,4226552,Tifton,
4226538,4227582,Ty Ty,
4226538,4227917,Unionville,
4226802,4207205,Lyons,
4226802,4228425,Vidalia,
4226924,4200188,Hiawassee,
4226924,4232246,Young Harris,
4227019,4223516,Soperton,
4227166,4200849,Hogansville,
4227166,4204230,LaGrange,
4227166,4230259,West Point,
4227392,4180316,Ashburn,
4227392,4225487,Sycamore,
4227499,4202699,Jeffersonville,
4227781,4183354,Blairsville,
4228098,4199055,Hannahs Mill,
4228098,4205793,Lincoln Park,
4228098,4225268,Sunset Village,
4228098,4226364,Thomaston,
4229163,4187446,Chattanooga Valley,
4229163,4187696,Chickamauga,
4229163,4194202,Fairview,
4229163,4204241,LaFayette,
4229163,4206783,Lookout Mountain,
4229163,4219964,Rossville,
4229371,4206547,Loganville,
4229371,4209884,Monroe,
4229371,4223469,Social Circle,
4229371,4229317,Walnut Grove,
4229446,4191144,Deenwood,
4229446,4225215,Sunnyside,
4229446,4225688,Talmo,
4229446,4229763,Waycross,
4229498,8558448,Firing Range,
4229498,4229517,Warrenton,
4229498,8558449,West Warrenton,
4229557,4190940,Davisboro,
4229557,4221206,Sandersville,
4229557,4223874,Sparks,
4229557,4226031,Tennille,
4229782,4202810,Jesup,
4229782,4213881,Odum,
4229782,4221755,Screven,
4229882,4217343,Preston,
4230492,4179313,Alamo,
4230492,4197332,Glenwood,
4230595,4188377,Cleveland,
4230595,4199921,Helen,
4230595,4232183,Yonah,
4230822,4188682,Cohutta,
4230822,4190581,Dalton,
4230822,4227277,Tunnel Hill,
4230822,4228262,Varnell,
4230919,4178992,Abbeville,
4230919,4216189,Pineview,
4230919,4219255,Rochelle,
4231029,4226586,Tignall,
4231029,4229546,Washington,
4231046,4197593,Gordon,
4231046,4202277,Irwinton,
4231046,4202321,Ivey,
4231046,4208556,McIntyre,
4231976,4217195,Poulan,
4231976,4225522,Sylvester,
4232512,4886464,Camp Point,
4232512,4888150,Clayton,
4232512,4893965,Golden,
4232512,4242896,Liberty,
4232512,4901941,Mendon,
4232512,4246765,Payson,
4232512,4247703,Quincy,
4232512,4914577,Ursa,
4232592,4234985,Cairo,
4232592,4246345,Olive Branch,
4234184,4239867,Greenville,
4234184,4245302,Mulberry Grove,
4234184,4247323,Pocahontas,
4234528,4245136,Mount Sterling,
4235018,4240209,Hardin,
4235369,4232953,Ashland,
4235369,4884282,Beardstown,
4235369,4887188,Chandlerville,
4235369,4252071,Virginia,
4235793,4232987,Assumption,
4235793,4237687,Edinburg,
4235793,4242242,Kincaid,
4235793,4244880,Morrisonville,
4235793,4246595,Pana,
4235793,4250724,Stonington,
4235793,4251141,Taylorville,
4235954,4235334,Casey,
4235954,4243951,Marshall,
4235954,4244005,Martinsville,
4235954,4252897,Westfield,
4235992,4235980,Clay City,
4235992,4238777,Flora,
4235992,4243551,Louisville,
4236063,4232564,Albers,
4236063,4233090,Aviston,
4236063,4233261,Bartelso,
4236063,4233430,Beckemeyer,
4236063,4234362,Breese,
4236063,4235229,Carlyle,
4236063,4239368,Germantown,
4236063,4245474,New Baden,
4236063,4251413,Trenton,
4236157,4232973,Ashmore,
4236157,4235668,Charleston,
4236157,4244099,Mattoon,
4236157,4246083,Oakland,
4236576,4241211,Hutsonville,
4236576,4246130,Oblong,
4236576,4246560,Palestine,
4236576,4248256,Robinson,
4236738,4239858,Greenup,
4236738,4245443,Neoga,
4236738,4251330,Toledo,
4237204,4232862,Arcola,
4237204,4232911,Arthur,
4237204,4233022,Atwood,
4237204,4245681,Newman,
4237204,4251593,Tuscola,
4237204,4252041,Villa Grove,
4237672,4235766,Chrisman,
4237672,4242066,Kansas,
4237672,4246659,Paris,
4237705,4232568,Albion,
4237705,4252841,West Salem,
4237730,4232662,Altamont,
4237730,4237047,Dieterich,
4237730,4237727,Effingham,
4237730,4251185,Teutopolis,
4237730,4252573,Watson,
4238245,4234577,Brownstown,
4238245,4238210,Farina,
4238245,4247779,Ramsey,
4238245,4248788,Saint Elmo,
4238245,4251917,Vandalia,
4238982,4233586,Benton,
4238982,4235804,Christopher,
4238982,4236119,Coello,
4238982,4248562,Royalton,
4238982,4249704,Sesser,
4238982,4251252,Thompsonville,
4238982,4251879,Valier,
4238982,4252752,West City,
4238982,4252812,West Frankfort,
4238982,4253591,Zeigler,
4239230,4237989,Equality,
4239230,4248128,Ridgway,
4239230,4249830,Shawneetown,
4239836,4235288,Carrollton,
4239836,4239840,Greenfield,
4239836,4248420,Roodhouse,
4239836,4252975,White Hall,
4240145,4236786,Dahlgren,
4240145,4244307,McLeansboro,
4240212,4237790,Elizabethtown,
4240212,4248482,Rosiclare,
4241687,4233069,Ava,
4241687,4235193,Carbondale,
4241687,4236879,De Soto,
4241687,4237807,Elkville,
4241687,4239696,Grand Tower,
4241687,4240292,Harrison,
4241687,4243794,Makanda,
4241687,4245336,Murphysboro,
4241756,4828384,Newton,
4241773,4234131,Bluford,
4241773,4241354,Ina,
4241773,4245152,Mount Vernon,
4241773,4253423,Woodlawn,
4241818,4237889,Elsah,
4241818,4239660,Grafton,
4241818,4241822,Jerseyville,
4241904,4239597,Goreville,
4241904,4252025,Vienna,
4242758,4234416,Bridgeport,
4242758,4242769,Lawrenceville,
4242758,4248810,Saint Francisville,
4242758,4250909,Sumner,
4243719,4232876,Argenta,
4243719,4234081,Blue Mound,
4243719,4235645,Chapin,
4243719,4236895,Decatur,
4243719,4238858,Forsyth,
4243719,4240306,Harristown,
4243719,4243455,Long Creek,
4243719,4243717,Macon,
4243719,4901249,Maroa,
4243719,4245174,Mount Zion,
4243719,4245709,Niantic,
4243719,4246442,Oreana,
4243719,4252469,Warrensburg,
4243727,4233572,Benld,
4243727,4234436,Brighton,
4243727,4234810,Bunker Hill,
4243727,4235211,Carlinville,
4243727,4239423,Gillespie,
4243727,4239483,Girard,
4243727,4245045,Mount Olive,
4243727,4246587,Palmyra,
4243727,4249973,Shipman,
4243727,4250608,Staunton,
4243727,4252060,Virden,
4243727,4253265,Wilsonville,
4243743,4232599,Alhambra,
4243743,4232679,Alton,
4243743,4233662,Bethalto,
4243743,4236191,Collinsville,
4243743,4237473,East Alton,
4243743,4237717,Edwardsville,
4243743,4239465,Glen Carbon,
4243743,4239509,Godfrey,
4243743,4239714,Granite City,
4243743,4240137,Hamel,
4243743,4240319,Hartford,
4243743,4240679,Highland,
4243743,4240857,Holiday Shores,
4243743,4243334,Livingston,
4243743,4243740,Madison,
4243743,4243890,Marine,
4243743,4244026,Maryville,
4243743,4244696,Mitchell,
4243743,4246939,Pierron,
4243743,4247379,Pontoon Beach,
4243743,4248480,Rosewood Heights,
4243743,4248546,Roxana,
4243743,4248819,Saint Jacob,
4243743,4250399,South Roxana,
4243743,4251513,Troy,
4243743,4251841,Upper Alton,
4243743,4251958,Venice,
4243743,4253387,Wood River,
4243743,4253472,Worden,
4243907,4235535,Central City,
4243907,4235587,Centralia,
4243907,4242307,Kinmundy,
4243907,4246147,Odin,
4243907,4246717,Patoka,
4243907,4249286,Salem,
4243907,4249437,Sandoval,
4243907,4252425,Wamac,
4244065,4234477,Brookport,
4244065,4244462,Metropolis,
4244752,4236206,Columbia,
4244752,4251900,Valmeyer,
4244752,4252548,Waterloo,
4244772,4236124,Coffeen,
4244772,4238226,Farmersville,
4244772,4240782,Hillsboro,
4244772,4243131,Litchfield,
4244772,4245744,Nokomis,
4244772,4247860,Raymond,
4244772,4249584,Schram City,
4244772,4251138,Taylor Springs,
4244772,4253325,Witt,
4244840,4238975,Franklin,
4244840,4241704,Jacksonville,
4244840,4244418,Meredosia,
4244840,4245345,Murrayville,
4244840,4250334,South Jacksonville,
4244840,4252616,Waverly,
4244840,4253461,Woodson,
4244913,4233670,Bethany,
4244913,4236804,Dalton City,
4244913,4243574,Lovington,
4244913,4250862,Sullivan,
4246841,4237312,Du Quoin,
4246841,4246983,Pinckneyville,
4246841,4251074,Tamaroa,
4246841,4253187,Willisville,
4246953,4233255,Barry,
4246953,4239932,Griggsville,
4246953,4247060,Pittsfield,
4246953,4247145,Pleasant Hill,
4247387,4239519,Golconda,
4247655,4244928,Mound City,
4247655,4244951,Mounds,
4247802,4235724,Chester,
4247802,4236454,Coulterville,
4247802,4238033,Evansville,
4247802,4246821,Percy,
4247802,4247545,Prairie du Rocher,
4247802,4247880,Red Bud,
4247802,4250476,Sparta,
4247802,4250627,Steeleville,
4247802,4251276,Tilden,
4248062,4245740,Noble,
4248062,4246382,Olney,
4248751,4232652,Alorton,
4248751,4233813,Belleville,
4248751,4234474,Brooklyn,
4248751,4234969,Cahokia,
4248751,4235355,Caseyville,
4248751,4235600,Centreville,
4248751,4237383,Dupo,
4248751,4237579,East Saint Louis,
4248751,4238104,Fairmont City,
4248751,4238132,Fairview Heights,
4248751,4239058,Freeburg,
4248751,4242790,Lebanon,
4248751,4243918,Marissa,
4248751,4244031,Mascoutah,
4248751,4244637,Millstadt,
4248751,4245463,New Athens,
4248751,4245926,O'Fallon,
4248751,4248990,Saint Libory,
4248751,7259489,Scott Air Force Base,
4248751,4249910,Shiloh,
4248751,4250209,Smithton,
4248751,4251003,Swansea,
4248751,4252512,Washington Park,
4249341,4235274,Carrier Mills,
4249341,4237767,Eldorado,
4249341,4239218,Galatia,
4249341,4240284,Harrisburg,
4249472,4233029,Auburn,
4249472,4235683,Chatham,
4249472,4237076,Divernon,
4249472,4239702,Grandview,
4249472,4241302,Illiopolis,
4249472,4241810,Jerome,
4249472,4242842,Leland Grove,
4249472,4243342,Loami,
4249472,4244351,Mechanicsburg,
4249472,4245481,New Berlin,
4249472,4246757,Pawnee,
4249472,4247214,Pleasant Plains,
4249472,4248205,Riverton,
4249472,4248284,Rochester,
4249472,4249885,Sherman,
4249472,4250404,Southern View,
4249472,4250450,Spaulding,
4249472,4250542,Springfield,
4249472,4251201,Thayer,
4249472,4253179,Williamsville,
4249615,4234125,Bluffs,
4249615,4253268,Winchester,
4249847,4236486,Cowden,
4249847,4238324,Findlay,
4249847,4245258,Moweaqua,
4249847,4249857,Shelbyville,
4249847,4250661,Stewardson,
4249847,4251371,Tower Hill,
4249847,4253280,Windsor,
4251707,4232776,Anna,
4251707,4236102,Cobden,
4251707,4237155,Dongola,
4251707,4241992,Jonesboro,
4252248,4244967,Mount Carmel,
4252486,4232964,Ashley,
4252486,4241091,Hoyleton,
4252486,4241612,Irvington,
4252486,4245376,Nashville,
4252486,4246180,Okawville,
4252607,4235915,Cisne,
4252607,4238081,Fairfield,
4252607,4252603,Wayne City,
4252955,4235246,Carmi,
4252955,4236687,Crossville,
4252955,4237956,Enfield,
4252955,4239773,Grayville,
4252955,4245780,Norris City,
4253173,4235075,Cambria,
4253173,4235311,Carterville,
4253173,4236555,Crainville,
4253173,4236588,Creal Springs,
4253173,4237953,Energy,
4253173,4240540,Herrin,
4253173,4241201,Hurst,
4253173,4241934,Johnston City,
4253173,4243899,Marion,
4253173,4247059,Pittsburg,
4254165,4256038,Columbus,
4254165,4257084,Elizabethtown,
4254165,4259115,Hope,
4254165,4265703,Taylorsville,
4255024,7728583,Cordry Sweetwater Lakes,
4255024,4261983,Nashville,
4255818,4254805,Borden,
4255818,4255704,Charlestown,
4255818,4255836,Clarksville,
4255818,4258799,Henryville,
4255818,4259671,Jeffersonville,
4255818,4261256,Memphis,
4255818,4262158,New Washington,
4255818,4262406,Oak Park,
4255818,4264598,Sellersburg,
4255818,4266191,Utica,
4255843,4254884,Brazil,
4255843,4255841,Clay City,
4255843,4258553,Harmony,
4255843,4259963,Knightsville,
4255843,4261349,Middlebury,
4255843,4265316,Staunton,
4256259,4257173,English,
4256259,4260962,Marengo,
4256259,4261453,Milltown,
4256468,4257137,Elnora,
4256468,4262451,Odon,
4256468,4266586,Washington,
4256516,4258302,Greensburg,
4256516,4264243,Saint Paul,
4256516,4266871,Westport,
4256524,4048332,Aurora,
4256524,4254944,Bright,
4256524,4256645,Dillsboro,
4256524,4258277,Greendale,
4256524,4258871,Hidden Valley,
4256524,4260223,Lawrenceburg,
4256524,4261600,Moores Hill,
4256524,4264164,Saint Leon,
4256808,4257415,Ferdinand,
4256808,4259023,Holland,
4256808,4259271,Huntingburg,
4256808,4259640,Jasper,
4257390,4256085,Connersville,
4257565,4257835,Galena,
4257565,4257913,Georgetown,
4257565,4258307,Greenville,
4257565,4262045,New Albany,
4257700,4254999,Brookville,
4257700,4260199,Laurel,
4257700,4262555,Oldenburg,
4257948,4257617,Fort Branch,
4257948,4258664,Haubstadt,
4257948,4262425,Oakland City,
4257948,4262708,Owensville,
4257948,4262826,Patoka,
4257948,4263396,Princeton,
4258280,4254671,Bloomfield,
4258280,4259639,Jasonville,
4258280,4260453,Linton,
4258280,4260837,Lyons,
4258280,4267235,Worthington,
4258477,4257630,Fortville,
4258477,4258285,Greenfield,
4258477,4261132,McCordsville,
4258477,4262130,New Palestine,
4258477,4264755,Shirley,
4258587,4256184,Corydon,
4258587,4260164,Lanesville,
4258587,4262150,New Salisbury,
4258587,4262746,Palmyra,
4258778,4254021,Avon,
4258778,4255056,Brownsburg,
4258778,4255864,Clayton,
4258778,4255959,Coatesville,
4258778,4256447,Danville,
4258778,8347326,Fairfield Heights,
4258778,4262309,North Salem,
4258778,4263105,Pittsboro,
4258778,4263108,Plainfield,
4258792,4259960,Knightstown,
4258792,4923559,Middletown,
4258792,4262072,New Castle,
4258792,4265161,Spiceland,
4259572,4255063,Brownstown,
4259572,4256339,Crothersville,
4259572,4261221,Medora,
4259572,4264617,Seymour,
4259654,4258510,Hanover,
4259654,4260853,Madison,
4259654,4262293,North Madison,
4259679,4256223,Country Squire Lakes,
4259679,4258695,Hayden,
4259679,4262318,North Vernon,
4259727,4254124,Bargersville,
4259727,4257043,Edinburgh,
4259727,4828382,Franklin,
4259727,4258313,Greenwood,
4259727,4262159,New Whiteland,
4259727,4263391,Princes Lakes,
4259727,4265912,Trafalgar,
4259727,4266643,Waterloo,
4259727,4266960,Whiteland,
4259986,4254515,Bicknell,
4259986,4257750,Freelandville,
4259986,4261525,Monroe City,
4259986,4262433,Oaktown,
4259986,4266307,Vincennes,
4260213,4254020,Avoca,
4260213,4254282,Bedford,
4260213,4261486,Mitchell,
4260213,4262583,Oolitic,
4260977,4254304,Beech Grove,
4260977,4254957,Broad Ripple,
4260977,4255897,Clermont,
4260977,4256384,Cumberland,
4260977,4259069,Homecroft,
4260977,4259418,Indianapolis,
4260977,4260210,Lawrence,
4260977,4261283,Meridian Hills,
4260977,4263863,Rocky Ripple,
4260977,4265103,Southport,
4260977,4265146,Speedway,
4260977,4266573,Warren Park,
4261020,4260711,Loogootee,
4261020,4264771,Shoals,
4261526,4254679,Bloomington,
4261526,4257110,Ellettsville,
4261526,4258623,Harrodsburg,
4261526,7315249,Smithville-Sanders,
4261598,4254985,Brooklyn,
4261598,4261032,Martinsville,
4261598,4261539,Monrovia,
4261598,4261585,Mooresville,
4261598,4261611,Morgantown,
4261598,8480042,Painted Hills,
4261598,4262768,Paragon,
4262462,4263736,Rising Sun,
4262595,4257770,French Lick,
4262595,4262618,Orleans,
4262595,4262762,Paoli,
4262595,4266771,West Baden Springs,
4262691,4258104,Gosport,
4262691,4265147,Spencer,
4262785,4261552,Montezuma,
4262785,4263848,Rockport,
4262785,4263850,Rockville,
4262785,4263907,Rosedale,
4262934,4255457,Cannelton,
4262934,4265717,Tell City,
4263024,4262968,Petersburg,
4263024,4267138,Winslow,
4263298,4256407,Cynthiana,
4263298,4261837,Mount Vernon,
4263298,4262092,New Harmony,
4263298,4262794,Parkers Settlement,
4263298,4263307,Poseyville,
4263451,4254062,Bainbridge,
4263451,4255948,Cloverdale,
4263451,4257444,Fillmore,
4263451,4258273,Greencastle,
4263451,8480041,Heritage Lake,
4263451,4263775,Roachdale,
4263732,4254185,Batesville,
4263732,4261361,Milan,
4263732,4262640,Osgood,
4263732,4265554,Sunman,
4263732,4266266,Versailles,
4263953,4255506,Carthage,
4263953,4261458,Milroy,
4263953,4263965,Rushville,
4264540,4254010,Austin,
4264540,4264555,Scottsburg,
4264684,4257268,Fairland,
4264684,4257898,Geneva,
4264684,4261628,Morristown,
4264684,4264688,Shelbyville,
4264684,4266490,Waldron,
4265152,4256426,Dale,
4265152,4258148,Grandview,
4265152,4258661,Hatfield,
4265152,4263856,Rockport,
4265152,4264217,Saint Meinrad,
4265152,4264457,Santa Claus,
4265509,4255462,Carlisle,
4265509,4256832,Dugger,
4265509,4257396,Farmersburg,
4265509,4258308,Greenville,
4265509,4259303,Hymera,
4265509,4264696,Shelburn,
4265509,4265507,Sullivan,
4265618,4266278,Vevay,
4266110,4260329,Liberty,
4266110,4266783,West College Corner,
4266235,4256460,Darmstadt,
4266235,4257227,Evansville,
4266235,4258909,Highland,
4266235,4261231,Melody Hill,
4266252,4255557,Cayuga,
4266252,4255937,Clinton,
4266252,4256437,Dana,
4266252,4257305,Fairview Park,
4266252,4262177,Newport,
4266252,4264058,Saint Bernice,
4266295,4262311,North Terre Haute,
4266295,4264189,Saint Mary-of-the-Woods,
4266295,4264592,Seelyville,
4266295,4265726,Tecumseh,
4266295,4265737,Terre Haute,
4266295,4266844,West Terre Haute,
4266579,4254797,Boonville,
4266579,4255673,Chandler,
4266579,4257070,Elberfeld,
4266579,4260832,Lynnville,
4266579,4262171,Newburgh,
4266588,4255413,Campbellsburg,
4266588,4048388,New Pekin,
4266588,4264334,Salem,
4266673,4255339,Cambridge City,
4266673,4255627,Centerville,
4266673,4256803,Dublin,
4266673,4257640,Fountain City,
4266673,4258413,Hagerstown,
4266673,4263681,Richmond,
4267492,4271990,Gas,
4267492,4273255,Humboldt,
4267492,4273441,Iola,
4267492,4274077,La Harpe,
4267492,4275714,Moran,
4267572,4271974,Garnett,
4267734,4267733,Atchison,
4267734,4270852,Effingham,
4267902,4273999,Kiowa,
4267902,4275315,Medicine Lodge,
4267938,4269609,Claflin,
4267938,4270929,Ellinwood,
4267938,4272340,Great Bend,
4267938,4273066,Hoisington,
4268552,4271690,Fort Scott,
4268687,4272873,Hiawatha,
4268687,4273211,Horton,
4268899,4267594,Andover,
4268899,4267773,Augusta,
4268899,4268159,Benton,
4268899,4269641,Clay Center,
4268899,4270460,Douglass,
4268899,4270863,El Dorado,
4268899,4274363,Leon,
4268899,4278340,Rose Hill,
4268899,4280531,Towanda,
4268899,4281710,Whitewater,
4269424,4269988,Cottonwood Falls,
4269433,4269217,Cedar Vale,
4269433,4279149,Sedan,
4269459,4267978,Baxter Springs,
4269459,4269841,Columbus,
4269459,4271901,Galena,
4269459,4278131,Riverton,
4269459,4281373,Weir,
4269620,4267710,Ashland,
4269620,5445989,Minneola,
4269648,4269642,Clay Center,
4269648,4281116,Wakefield,
4269744,4269752,Clyde,
4269744,4269872,Concordia,
4269744,4275562,Miltonvale,
4269788,4268854,Burlington,
4269788,4274327,Lebo,
4269788,4274295,LeRoy,
4269788,4281333,Waverly,
4269851,4269802,Coldwater,
4270053,4267661,Arkansas City,
4270053,4268836,Burden,
4270053,4280778,Udall,
4270053,4281897,Winfield,
4270088,4267669,Arma,
4270088,4269456,Cherokee,
4270088,4271918,Frontenac,
4270088,4272061,Girard,
4270088,4275985,Mulberry,
4270088,4277241,Pittsburg,
4270394,4267354,Abilene,
4270394,4269401,Chapman,
4270394,4271111,Enterprise,
4270394,4279540,Solomon,
4270436,4271035,Elwood,
4270436,4272914,Highland,
4270436,4280660,Troy,
4270436,4281323,Wathena,
4270450,4267866,Baldwin City,
4270450,4271196,Eudora,
4270450,4274277,Lawrence,
4270450,4274331,Lecompton,
4270841,4273993,Kinsley,
4270898,4273226,Howard,
4270937,4270936,Ellis,
4270937,4272782,Hays,
4270937,4281010,Victoria,
4270946,4270945,Ellsworth,
4270946,4281846,Wilson,
4271650,4268782,Bucklin,
4271650,5445298,Dodge City,
4271650,4279709,Spearville,
4271650,4281843,Wilroads Gardens,
4271771,4276816,Ottawa,
4271771,4277555,Pomona,
4271771,4281412,Wellsville,
4272003,4272273,Grandview Plaza,
4272003,4273680,Junction City,
4272003,4275511,Milford,
4272234,4272980,Hill City,
4272434,4271159,Eureka,
4272434,4274955,Madison,
4272662,4267605,Anthony,
4272662,4267759,Attica,
4272662,4272660,Harper,
4272705,4268886,Burrton,
4272705,4272558,Halstead,
4272705,4272861,Hesston,
4272705,4276248,Newton,
4272705,4276386,North Newton,
4272705,4279154,Sedgwick,
4273049,4273616,Jetmore,
4273514,4273096,Holton,
4273514,4273237,Hoyt,
4273563,4275255,McLouth,
4273563,4275385,Meriden,
4273563,4276465,Nortonville,
4273563,4276792,Oskaloosa,
4273563,4276908,Ozawkie,
4273563,4277131,Perry,
4273563,4280917,Valley Falls,
4273563,4281882,Winchester,
4273605,4275004,Mankato,
4273638,4270269,De Soto,
4273638,4270819,Edgerton,
4273638,4271358,Fairway,
4273638,4271935,Gardner,
4273638,4274152,Lake Quivira,
4273638,4274317,Leawood,
4273638,4274356,Lenexa,
4273638,4275393,Merriam,
4273638,4275600,Mission,
4273638,4275614,Mission Hills,
4273638,4276614,Olathe,
4273638,4276873,Overland Park,
4273638,4277718,Prairie Village,
4273638,4278272,Roeland Park,
4273638,4279247,Shawnee,
4273638,4279847,Spring Hill,
4273638,4281639,Westwood,
4273980,4273978,Kingman,
4274001,4272411,Greensburg,
4274001,4272741,Haviland,
4274089,4267531,Altamont,
4274089,4269493,Chetopa,
4274089,4276800,Oswego,
4274089,4277011,Parsons,
4274307,4267944,Basehor,
4274307,4272915,Highland,
4274307,4274236,Lansing,
4274307,4274305,Leavenworth,
4274307,4280502,Tonganoxie,
4274455,4274450,Lincoln,
4274536,4274070,La Cygne,
4274536,4274541,Linn Valley,
4274536,4275784,Mound City,
4274536,4277481,Pleasanton,
4274916,4267553,Americus,
4274916,4271086,Emporia,
4274916,4276678,Olpe,
4275073,4272143,Goessel,
4275073,4273003,Hillsboro,
4275073,4275070,Marion,
4275073,4277079,Peabody,
4275111,4268455,Blue Rapids,
4275111,4271764,Frankfort,
4275111,4275144,Marysville,
4275111,4281318,Waterville,
4275266,4269054,Canton,
4275266,4271915,Galva,
4275266,4273430,Inman,
4275266,4274532,Lindsborg,
4275266,4275100,Marquette,
4275266,4275261,McPherson,
4275266,4275803,Moundridge,
4275428,4274828,Louisburg,
4275428,4276772,Osawatomie,
4275428,4276956,Paola,
4275635,4268119,Beloit,
4275684,4269043,Caney,
4275684,4269483,Cherryvale,
4275684,4269789,Coffeyville,
4275684,4273359,Independence,
4275742,4270001,Council Grove,
4275742,4272840,Herington,
4275742,4281677,White City,
4276120,4269365,Centralia,
4276120,4278489,Sabetha,
4276120,4279170,Seneca,
4276136,4269392,Chanute,
4276136,4271131,Erie,
4276136,4278808,Saint Paul,
4276164,4276166,Ness City,
4276454,4276452,Norton,
4276754,4268851,Burlingame,
4276754,4269076,Carbondale,
4276754,4274906,Lyndon,
4276754,4276747,Osage City,
4276754,4276871,Overbrook,
4276754,4279118,Scranton,
4276754,4280969,Vassar,
4276786,4270472,Downs,
4276786,4276781,Osborne,
4276817,4268150,Bennington,
4276817,4275586,Minneapolis,
4277045,4274249,Larned,
4277173,4274715,Logan,
4277173,4277177,Phillipsburg,
4277604,4276693,Onaga,
4277604,4278604,Saint George,
4277604,4278741,Saint Marys,
4277604,4281227,Wamego,
4277604,4281614,Westmoreland,
4277733,4277752,Pratt,
4277972,4268807,Buhler,
4277972,4272727,Haven,
4277972,4273299,Hutchinson,
4277972,4276265,Nickerson,
4277972,4277761,Pretty Prairie,
4277972,4279645,South Hutchinson,
4277976,4268091,Belleville,
4277995,4274627,Little River,
4277995,4274927,Lyons,
4277995,4279983,Sterling,
4278061,7259267,Fort Riley North,
4278061,4274994,Manhattan,
4278061,4276588,Ogden,
4278061,4278056,Riley,
4278304,4277260,Plainville,
4278304,4048488,Stockton,
4278457,4274067,La Crosse,
4278472,4278471,Russell,
4278895,4278890,Salina,
4279155,4267567,Andale,
4279155,4268079,Bellaire,
4279155,4268156,Bentley,
4279155,4269447,Cheney,
4279155,4269690,Clearwater,
4279155,4269847,Colwich,
4279155,4270356,Derby,
4279155,4270774,Eastborough,
4279155,4271945,Garden Plain,
4279155,4272133,Goddard,
4279155,4272788,Haysville,
4279155,4273881,Kechi,
4279155,4274980,Maize,
4279155,7315256,McConnell AFB,
4279155,4275846,Mount Hope,
4279155,4276974,Park City,
4279155,4278742,Saint Marys,
4279155,4280910,Valley Center,
4279155,4281730,Wichita,
4279253,4267767,Auburn,
4279253,4278393,Rossville,
4279253,4279397,Silver Lake,
4279253,4280539,Topeka,
4279478,4279474,Smith Center,
4279904,4274948,Macksville,
4279904,4278621,Saint John,
4279904,4279901,Stafford,
4280143,4268081,Belle Plaine,
4280143,4268940,Caldwell,
4280143,4269887,Conway Springs,
4280143,4276017,Mulvane,
4280143,4276893,Oxford,
4280143,4281386,Wellington,
4280609,4281083,WaKeeney,
4281087,4267513,Alma,
4281087,4271144,Eskridge,
4281087,4275041,Maple Hill,
4281258,4269723,Clifton,
4281258,4272600,Hanover,
4281258,4281253,Washington,
4281852,4271796,Fredonia,
4281852,4276128,Neodesha,
4282006,4282061,Yates Center,
4282035,4268521,Bonner Springs,
4282035,4270847,Edwardsville,
4282035,4273837,Kansas City,
4282211,4288366,Columbia,
4282393,4307837,Scottsville,
4282511,4297581,Lawrenceburg,
4283067,4283182,Barlow,
4283067,4296970,Kevil,
4283067,4297236,La Center,
4283067,4313395,Wickliffe,
4283268,4287235,Cave City,
4283268,4292826,Glasgow,
4283268,4303593,Park City,
4283333,4303441,Owingsville,
4283814,4300717,Middlesboro,
4283814,4304396,Pineville,
4285233,4301013,Millersburg,
4285233,4302734,North Middletown,
4285233,4303602,Paris,
4285302,4282757,Ashland,
4285302,4286913,Cannonsburg,
4285302,4287192,Catlettsburg,
4285302,4300488,Meads,
4285302,4313093,Westwood,
4285317,4289445,Danville,
4285317,4296734,Junction City,
4285317,4303964,Perryville,
4285325,4282836,Augusta,
4285325,4285607,Brooksville,
4285423,4296081,Jackson,
4285428,4288101,Cloverport,
4285428,4294044,Hardinsburg,
4285428,4295960,Irvington,
4286176,4285588,Brooks,
4286176,4294433,Hebron Estates,
4286176,4294858,Hillview,
4286176,4297664,Lebanon Junction,
4286176,4301732,Mount Washington,
4286176,4304448,Pioneer Village,
4286176,4308163,Shepherdsville,
4286382,4301349,Morgantown,
4286500,4305266,Princeton,
4286549,4302035,Murray,
4286705,4282342,Alexandria,
4286705,4283845,Bellevue,
4286705,4287872,Claryville,
4286705,4288230,Cold Spring,
4286705,4289629,Dayton,
4286705,4292071,Fort Thomas,
4286705,4294788,Highland Heights,
4286705,4302529,Newport,
4286705,4308401,Silver Grove,
4286705,4309097,Southgate,
4286705,4313448,Wilder,
4286990,4283138,Bardwell,
4287048,4287050,Carrollton,
4287080,4293311,Grayson,
4287080,4303194,Olive Hill,
4287126,4298003,Liberty,
4287749,4289089,Crofton,
4287749,7259770,Fort Campbell North,
4287749,4295251,Hopkinsville,
4287749,4302827,Oak Grove,
4287749,4303861,Pembroke,
4287837,4313697,Winchester,
4287883,4299741,Manchester,
4288063,4282305,Albany,
4289074,4299842,Marion,
4289242,4286280,Burkesville,
4289518,4297184,Knottsville,
4289518,4300024,Masonville,
4289518,4303436,Owensboro,
4289518,4313354,Whitesville,
4290885,4285708,Brownsville,
4291095,4307616,Sandy Hook,
4291280,4295954,Irvine,
4291280,4305643,Ravenna,
4291564,4297983,Lexington,
4291564,4297999,Lexington-Fayette,
4291564,4301702,Mount Vernon,
4291901,4291905,Flemingsburg,
4291960,4282839,Auxier,
4291960,4284141,Betsy Layne,
4291960,4299916,Martin,
4291960,4305210,Prestonsburg,
4291960,4313140,Wheelwright,
4292202,4292188,Frankfort,
4292427,4292424,Fulton,
4292427,4294625,Hickman,
4292492,4312734,Warsaw,
4292570,4297354,Lancaster,
4293148,4289072,Crittenden,
4293148,4290421,Dry Ridge,
4293148,4313572,Williamstown,
4293245,4300105,Mayfield,
4293245,4310416,Symsonia,
4293245,4313732,Wingo,
4293301,4286894,Caneyville,
4293301,4287866,Clarkson,
4293301,4297882,Leitchfield,
4293371,4293470,Greensburg,
4293371,4310248,Summersville,
4293471,4283837,Bellefonte,
4293471,4291884,Flatwoods,
4293471,4293473,Greenup,
4293471,4305500,Raceland,
4293471,4306972,Russell,
4293471,4309076,South Shore,
4293471,4314044,Worthington,
4293471,4314072,Wurtland,
4293950,4294267,Hawesville,
4293950,4297979,Lewisport,
4294031,4287301,Cecilia,
4294031,4290988,Elizabethtown,
4294031,7259771,Fort Knox,
4294031,4305504,Radcliff,
4294031,4311913,Upton,
4294031,4312096,Vine Grove,
4294031,4313047,West Point,
4294084,4287287,Cawood,
4294084,4289232,Cumberland,
4294084,4291321,Evarts,
4294084,4294072,Harlan,
4294084,4299510,Loyall,
4294084,4299557,Lynch,
4294084,4309071,South Wallins,
4294160,4289323,Cynthiana,
4294190,4295288,Horse Cave,
4294190,4302012,Munfordville,
4294512,4288731,Corydon,
4294512,4294494,Henderson,
4294512,4306299,Robards,
4294546,4286716,Campbellsburg,
4294546,4291181,Eminence,
4294546,4302338,New Castle,
4294628,4288062,Clinton,
4295247,4289606,Dawson Springs,
4295247,4290685,Earlington,
4295247,4293987,Hanson,
4295247,4299670,Madisonville,
4295247,4301420,Mortons Gap,
4295247,4302778,Nortonville,
4295247,4313285,White Plains,
4296106,4282563,Annville,
4296106,4300339,McKee,
4296212,4282497,Anchorage,
4296212,4282818,Audubon Park,
4296212,4283090,Bancroft,
4296212,4283127,Barbourmeade,
4296212,4283760,Beechwood Village,
4296212,4283841,Bellemeade,
4296212,4284942,Blue Ridge Manor,
4296212,4285706,Brownsboro Farm,
4296212,4286054,Buechel,
4296212,4288250,Coldstream,
4296212,4290181,Douglass Hills,
4296212,4291373,Fairdale,
4296212,4291620,Fern Creek,
4296212,4291670,Fincastle,
4296212,4292866,Glenview,
4296212,4293284,Graymoor-Devondale,
4296212,4293427,Green Spring,
4296212,4301094,Heritage Creek,
4296212,4294799,Highview,
4296212,4295045,Hollow Creek,
4296212,4295084,Hollyvilla,
4296212,4295393,Houston Acres,
4296212,4295689,Hurstbourne,
4296212,4295686,Hurstbourne Acres,
4296212,4295852,Indian Hills,
4296212,4295856,Indian Hills Cherokee Section,
4296212,4296218,Jeffersontown,
4296212,4297400,Langdon Place,
4296212,4299276,Louisville,
4296212,4299562,Lyndon,
4296212,4299591,Lynnview,
4296212,4300479,Meadow Vale,
4296212,4300725,Middletown,
4296212,4302040,Murray Hill,
4296212,4302504,Newburg,
4296212,4302761,Northfield,
4296212,4303012,Okolona,
4296212,4303634,Parkway Village,
4296212,4304518,Plantation,
4296212,4305287,Prospect,
4296212,4306677,Rolling Fields,
4296212,4306691,Rolling Hills,
4296212,4309414,Saint Dennis,
4296212,4307238,Saint Matthews,
4296212,4307275,Saint Regis Park,
4296212,4307924,Seneca Gardens,
4296212,4308225,Shively,
4296212,4309320,Spring Valley,
4296212,4309950,Strathmoor Village,
4296212,4311963,Valley Station,
4296212,4312811,Watterson Park,
4296212,4312923,Wellington,
4296212,4312983,West Buechel,
4296212,4313094,Westwood,
4296212,4313708,Winding Falls,
4296212,4313719,Windy Hills,
4296212,4313956,Woodland Hills,
4296212,4313966,Woodlawn Park,
4296212,4314051,Worthington,
4296212,4314047,Worthington Hills,
4296292,4302561,Nicholasville,
4296292,4313628,Wilmore,
4296508,4303543,Paintsville,
4296508,4311959,Van Lear,
4296902,4285591,Bromley,
4296902,4288809,Covington,
4296902,4289028,Crescent Springs,
4296902,4289040,Crestview Hills,
4296902,4290873,Edgewood,
4296902,4291156,Elsmere,
4296902,4291255,Erlanger,
4296902,4292067,Fort Mitchell,
4296902,4292072,Fort Wright,
4296902,4295776,Independence,
4296902,4297318,Lakeside Park,
4296902,4299531,Ludlow,
4296902,4303595,Park Hills,
4296902,4307052,Ryland Heights,
4296902,4310616,Taylor Mill,
4296902,4312088,Villa Hills,
4297180,4294872,Hindman,
4297180,4304458,Pippa Passes,
4297187,4282705,Artemus,
4297187,4283128,Barbourville,
4297187,4291848,Flat Lick,
4297424,4294937,Hodgenville,
4297424,4299693,Magnolia,
4297480,4290698,East Bernstadt,
4297480,4298960,London,
4297480,4302681,North Corbin,
4297576,4299275,Louisa,
4297704,4283541,Beattyville,
4297902,4295712,Hyden,
4297909,4291904,Fleming-Neon,
4297909,4296229,Jenkins,
4297909,4300411,McRoberts,
4297909,4313346,Whitesburg,
4297955,4292586,Garrison,
4297955,4311976,Vanceburg,
4298293,4288910,Crab Orchard,
4298293,4309487,Stanford,
4298811,4297673,Ledbetter,
4298811,4307315,Salem,
4298811,4308835,Smithland,
4298932,4282213,Adairville,
4298932,4282812,Auburn,
4298932,4297974,Lewisburg,
4298932,4307025,Russellville,
4299595,4290859,Eddyville,
4299595,4297245,Kuttawa,
4299665,4283974,Berea,
4299665,4305974,Richmond,
4299695,4307447,Salyersville,
4299849,4297653,Lebanon,
4299849,4299220,Loretto,
4299896,4283953,Benton,
4299896,4286581,Calvert City,
4299896,4294024,Hardin,
4299939,4295878,Inez,
4300012,4300152,Maysville,
4300012,4303152,Old Washington,
4300244,8503652,Farley,
4300244,4294526,Hendron,
4300244,4300026,Massac,
4300244,4048662,Paducah,
4300244,4305805,Reidland,
4300249,4304361,Pine Knot,
4300249,4309559,Stearns,
4300249,4313358,Whitley City,
4300401,4286519,Calhoun,
4300401,4298805,Livermore,
4300426,4285380,Brandenburg,
4300426,7729502,Doe Valley,
4300426,4301975,Muldraugh,
4300562,4292308,Frenchburg,
4300572,4286257,Burgin,
4300572,4294180,Harrodsburg,
4300572,4296082,Jackson,
4300606,4290886,Edmonton,
4301192,4311035,Tompkinsville,
4301216,4286590,Camargo,
4301216,4296219,Jeffersonville,
4301216,4301683,Mount Sterling,
4301333,4291056,Elkfork,
4301333,4313038,West Liberty,
4301955,4283753,Beechmont,
4301955,4287450,Central City,
4301955,4290224,Drakesboro,
4301955,4293477,Greenville,
4301955,4301317,Morehead,
4301955,4305110,Powderly,
4302277,4283133,Bardstown,
4302277,4284890,Bloomfield,
4302277,4302374,New Haven,
4302564,4286981,Carlisle,
4302977,4283557,Beaver Dam,
4302977,4292011,Fordsville,
4302977,4294195,Hartford,
4302977,4302828,Oak Grove,
4303164,4286037,Buckner,
4303164,4289042,Crestwood,
4303164,4293055,Goshen,
4303164,4297238,La Grange,
4303164,4303297,Orchard Grass Hills,
4303164,4303597,Park Lake,
4303164,4304058,Pewee Valley,
4303402,4285580,Bromley,
4303402,4303439,Owenton,
4303455,4285190,Booneville,
4303870,4286369,Butler,
4303870,4291501,Falmouth,
4303951,4294349,Hazard,
4304226,4288140,Coal Run Village,
4304226,4291063,Elkhorn City,
4304226,4304076,Phelps,
4304226,4304232,Pikeville,
4304226,4828520,South Williamson,
4305121,4287881,Clay City,
4305121,4309498,Stanton,
4305364,4286307,Burnside,
4305364,4291600,Ferguson,
4305364,4307782,Science Hill,
4305364,4308922,Somerset,
4306340,4301603,Mount Olivet,
4306470,4285573,Brodhead,
4306470,4301703,Mount Vernon,
4306996,4296173,Jamestown,
4306996,4307012,Russell Springs,
4306996,4307316,Salem,
4307808,4292686,Georgetown,
4307808,4309477,Stamping Ground,
4308112,4304716,Pleasureville,
4308112,4308122,Shelbyville,
4308112,4308453,Simpsonville,
4308447,4292193,Franklin,
4309179,4291019,Elk Creek,
4309179,4310638,Taylorsville,
4310601,4286717,Campbellsville,
4310988,4291079,Elkton,
4310988,4293704,Guthrie,
4311258,4286479,Cadiz,
4311266,4283606,Bedford,
4311266,4301060,Milton,
4311266,4305294,Providence,
4311683,4285427,Breckinridge Center,
4311683,4301345,Morganfield,
4311683,4310030,Sturgis,
4311683,4311722,Uniontown,
4312732,4285268,Bowling Green,
4312732,4304523,Plano,
4312732,4308838,Smiths Grove,
4312745,4309329,Springfield,
4312835,4301224,Monticello,
4312885,4287874,Clay,
4312885,4289966,Dixon,
4312885,4305295,Providence,
4312885,4307879,Sebree,
4313367,4288656,Corbin,
4313367,4313563,Williamsburg,
4313865,4286728,Campton,
4313946,4300739,Midway,
4313946,4312057,Versailles,
4314344,4319972,Church Point,
4314344,4321310,Crowley,
4314344,4323596,Egan,
4314344,4323880,Estherwood,
4314344,4328671,Iota,
4314344,4333147,Mermentau,
4314344,4333917,Morse,
4314344,4338406,Rayne,
4314607,4323639,Elizabeth,
4314607,4329849,Kinder,
4314607,4335796,Oakdale,
4314607,4335887,Oberlin,
4315067,4322811,Donaldsonville,
4315067,4325889,Gonzales,
4315067,4330785,Lemannville,
4315067,4338012,Prairieville,
4315067,4341920,Sorrento,
4315120,4316362,Belle Rose,
4315120,4330088,Labadieville,
4315120,4334696,Napoleonville,
4315120,4336418,Paincourtville,
4315120,4337049,Pierre Part,
4315120,4342949,Supreme,
4315243,4317617,Bordelonville,
4315243,4318320,Bunkie,
4315243,4320874,Cottonport,
4315243,4324341,Fifth Ward,
4315243,4327311,Hessmer,
4315243,4332507,Mansura,
4315243,4332604,Marksville,
4315243,4333781,Moreauville,
4315243,4341610,Simmesport,
4316112,4321781,DeRidder,
4316112,4331746,Longville,
4316112,4333163,Merryville,
4316721,4314969,Arcadia,
4316721,4325649,Gibsland,
4316721,4338772,Ringgold,
4317649,4316471,Benton,
4317649,4317639,Bossier City,
4317649,4323488,Eastwood,
4317649,4327084,Haughton,
4317649,4337395,Plain Dealing,
4317649,4048888,Red Chute,
4318532,4317201,Blanchard,
4318532,4326533,Greenwood,
4318532,4330416,Lakeview,
4318532,4333758,Mooringsport,
4318532,4335921,Oil City,
4318532,4341513,Shreveport,
4318532,4344697,Vivian,
4318583,4319058,Carlyss,
4318583,4321770,DeQuincy,
4318583,4325702,Gillis,
4318583,4327114,Hayes,
4318583,4328676,Iowa,
4318583,4330236,Lake Charles,
4318583,4333961,Moss Bluff,
4318583,4338068,Prien,
4318583,4342541,Starks,
4318583,4342816,Sulphur,
4318583,4344676,Vinton,
4318583,4345925,Westlake,
4318597,4315392,Banks Springs,
4318597,4320154,Clarks,
4318597,4320492,Columbia,
4318597,4326343,Grayson,
4318690,4318695,Cameron,
4318690,4326758,Hackberry,
4319276,4327024,Harrisonburg,
4319276,4329317,Jonesville,
4319276,4341556,Sicily Island,
4319276,4344908,Wallace Ridge,
4320117,4327129,Haynesville,
4320117,4327785,Homer,
4320594,4320174,Clayton,
4320594,4324293,Ferriday,
4320594,4333548,Minorca,
4320594,4338736,Ridgecrest,
4320594,4344599,Vidalia,
4320594,4345780,West Ferriday,
4321759,4331567,Logansport,
4321759,4332494,Mansfield,
4321759,4342696,Stonewall,
4323288,4315312,Baker,
4323288,4315588,Baton Rouge,
4323288,4318037,Brownsfield,
4323288,4319435,Central,
4323288,4325507,Gardere,
4323288,4326534,Greenwood,
4323288,4328435,Inniswold,
4323288,4333161,Merrydale,
4323288,4335754,Oak Hills Place,
4323288,4335963,Old Jefferson,
4323288,4341378,Shenandoah,
4323288,4344644,Village Saint George,
4323288,4346788,Zachary,
4323316,4330331,Lake Providence,
4323316,4048850,Monticello,
4323332,4320277,Clinton,
4323332,4328824,Jackson,
4323332,4341724,Slaughter,
4323332,4346371,Wilson,
4323933,4315514,Basile,
4323933,4332432,Mamou,
4323933,4337272,Pine Prairie,
4323933,4338502,Reddell,
4323933,4344651,Ville Platte,
4325158,4325668,Gilbert,
4325158,4346466,Winnsboro,
4325158,4346505,Wisner,
4326254,4320425,Colfax,
4326254,4333711,Montgomery,
4328254,4321920,Delcambre,
4328254,4328952,Jeanerette,
4328254,4331781,Loreauville,
4328254,4332143,Lydia,
4328254,4334971,New Iberia,
4328261,4315850,Bayou Goula,
4328261,4319180,Carville,
4328261,4321148,Crescent,
4328261,4326615,Grosse Tete,
4328261,4332582,Maringouin,
4328261,4337436,Plaquemine,
4328261,4339136,Rosedale,
4328261,4339690,Saint Gabriel,
4328261,4346053,White Castle,
4328854,4319649,Chatham,
4328854,4329308,Jonesboro,
4328965,4323727,Elton,
4328965,4329037,Jennings,
4328965,4330209,Lake Arthur,
4328965,4338876,Roanoke,
4328965,4345667,Welsh,
4328978,4315225,Avondale,
4328978,4315422,Barataria,
4328978,4317864,Bridge City,
4328978,4323711,Elmwood,
4328978,4323873,Estelle,
4328978,4326198,Grand Isle,
4328978,4326575,Gretna,
4328978,4326916,Harahan,
4328978,4327047,Harvey,
4328978,4328931,Jean Lafitte,
4328978,4328973,Jefferson,
4328978,4329753,Kenner,
4328978,4330172,Lafitte,
4328978,4332628,Marrero,
4328978,4333177,Metairie,
4328978,4338818,River Ridge,
4328978,4343327,Terrytown,
4328978,4343659,Timberlane,
4328978,4344819,Waggaman,
4328978,4345968,Westwego,
4328978,4346615,Woodmere,
4330078,4329021,Jena,
4330078,4333277,Midway,
4330078,4336092,Olla,
4330078,4344414,Urania,
4330160,4317985,Broussard,
4330160,4319030,Carencro,
4330160,4323190,Duson,
4330160,4330145,Lafayette,
4330160,4333500,Milton,
4330160,4336209,Ossun,
4330160,4341033,Scott,
4330160,4346810,Youngsville,
4330185,4315756,Bayou Boeuf,
4330185,4319507,Chackbay,
4330185,4319848,Choctaw,
4330185,4321399,Cut Off,
4330185,4325424,Galliano,
4330185,4325859,Golden Meadow,
4330185,7707961,Grand Bayou Mobile Home Park,
4330185,4330015,Kraemer,
4330185,4330541,Larose,
4330185,4331530,Lockport,
4330185,4331531,Lockport Heights,
4330185,4332788,Mathews,
4330185,4338298,Raceland,
4330185,4343429,Thibodaux,
4330983,4319883,Choudrant,
4330983,4323065,Dubach,
4330983,4326074,Grambling,
4330983,4339348,Ruston,
4330983,4341648,Simsboro,
4331488,4314498,Albany,
4331488,4321988,Denham Springs,
4331488,4325242,French Settlement,
4331488,4329820,Killian,
4331488,4331485,Livingston,
4331488,4337866,Port Vincent,
4331488,4344844,Walker,
4331488,4345555,Watson,
4332258,4338719,Richmond,
4332258,4343103,Tallulah,
4333789,4315535,Bastrop,
4333789,4333122,Mer Rouge,
4334734,4318812,Campti,
4334734,4334717,Natchez,
4334734,4334720,Natchitoches,
4334734,4338122,Provencal,
4334734,4344623,Vienna Bend,
4336191,4335045,New Orleans,
4336232,4315611,Bawcomville,
4336232,4318055,Brownsville,
4336232,4318610,Calhoun,
4336232,4320107,Claiborne,
4336232,4330389,Lakeshore,
4336232,4333669,Monroe,
4336232,4338720,Richwood,
4336232,4342638,Sterlington,
4336232,4342984,Swartz,
4336232,4345850,West Monroe,
4337452,4316329,Belle Chasse,
4337452,4317607,Boothville,
4337452,4318332,Buras,
4337452,4323768,Empire,
4337452,4337859,Port Sulphur,
4337708,4315546,Batchelor,
4337708,4324908,Fordoche,
4337708,4331493,Livonia,
4337708,4333841,Morganza,
4337708,4335096,New Roads,
4337708,4344513,Ventress,
4338356,4314550,Alexandria,
4338356,4315350,Ball,
4338356,4317734,Boyce,
4338356,4319710,Cheneyville,
4338356,4322048,Deville,
4338356,4324931,Forest Hill,
4338356,4325803,Glenmora,
4338356,4330701,Lecompte,
4338356,4337291,Pineville,
4338356,4346646,Woodworth,
4338489,4321014,Coushatta,
4338489,4332671,Martin,
4338711,4321929,Delhi,
4338711,4332464,Mangham,
4338711,4338415,Rayville,
4338711,4342570,Start,
4339354,4324832,Florien,
4339354,4324997,Fort Jesup,
4339354,4332518,Many,
4339354,4337529,Pleasant Hill,
4339354,4346884,Zwolle,
4339526,4314956,Arabi,
4339526,4319518,Chalmette,
4339526,4333126,Meraux,
4339526,4337963,Poydras,
4339526,4344684,Violet,
4339583,4314712,Ama,
4339583,4315845,Bayou Gauche,
4339583,4317718,Boutte,
4339583,4322016,Des Allemands,
4339583,4322034,Destrehan,
4339583,4326799,Hahnville,
4339583,4329828,Killona,
4339583,4332109,Luling,
4339583,4333725,Montz,
4339583,4335123,New Sarpy,
4339583,4335326,Norco,
4339583,4336492,Paradis,
4339583,4340551,Saint Rose,
4339724,4326511,Greensburg,
4339793,4320643,Convent,
4339793,4326081,Gramercy,
4339793,4326211,Grand Point,
4339793,4332152,Lutcher,
4339793,4335535,North Vacherie,
4339793,4336678,Paulina,
4339793,4339738,Saint James,
4339793,4342089,South Vacherie,
4339793,4344186,Union,
4339793,4345644,Welcome,
4339881,4323551,Edgard,
4339881,4325516,Garyville,
4339881,4330525,Laplace,
4339881,4338615,Reserve,
4339881,4344888,Wallace,
4340045,4315034,Arnaudville,
4340045,4323900,Eunice,
4340045,4326153,Grand Coteau,
4340045,4330019,Krotz Springs,
4340045,4330633,Lawtell,
4340045,4330809,Leonville,
4340045,4333095,Melville,
4340045,4336153,Opelousas,
4340045,4337836,Port Barre,
4340045,4342921,Sunset,
4340045,4345498,Washington,
4340186,4317801,Breaux Bridge,
4340186,4318541,Cade,
4340186,4319261,Catahoula,
4340186,4319339,Cecilia,
4340186,4327245,Henderson,
4340186,4336552,Parks,
4340186,4340196,Saint Martinville,
4340232,4314724,Amelia,
4340232,4315342,Baldwin,
4340232,4315955,Bayou Vista,
4340232,4316523,Berwick,
4340232,4319589,Charenton,
4340232,4325150,Franklin,
4340232,4333811,Morgan City,
4340232,4336646,Patterson,
4340232,4341916,Sorrel,
4340579,4314388,Abita Springs,
4340579,4321005,Covington,
4340579,4323546,Eden Isle,
4340579,4324881,Folsom,
4340579,4330126,Lacombe,
4340579,4332261,Madisonville,
4340579,4332455,Mandeville,
4340579,4336717,Pearl River,
4340579,4341727,Slidell,
4343122,4314744,Amite,
4343122,4326868,Hammond,
4343122,4328319,Independence,
4343122,4329775,Kentwood,
4343122,4334706,Natalbany,
4343122,4337775,Ponchatoula,
4343122,4339148,Roseland,
4343122,4343119,Tangipahoa,
4343122,4343588,Tickfaw,
4343280,4335212,Newellton,
4343280,4339934,Saint Joseph,
4343280,4345543,Waterproof,
4343313,4315768,Bayou Cane,
4343313,4317709,Bourg,
4343313,4319668,Chauvin,
4343313,4323131,Dulac,
4343313,4326320,Gray,
4343313,4328010,Houma,
4343313,4333695,Montegut,
4343313,4338040,Presquille,
4343313,4341007,Schriever,
4344274,4316497,Bernice,
4344274,4324179,Farmerville,
4344274,4329405,Junction City,
4344274,4332587,Marion,
4344530,4314295,Abbeville,
4344530,4323842,Erath,
4344530,4326636,Gueydan,
4344530,4329654,Kaplan,
4344530,4332794,Maurice,
4344544,4314770,Anacoco,
4344544,7259775,Fort Polk North,
4344544,7259776,Fort Polk South,
4344544,4330740,Leesville,
4344544,4335024,New Llano,
4344544,4337378,Pitkin,
4344544,4339179,Rosepine,
4344544,4341634,Simpson,
4345509,4317412,Bogalusa,
4345509,4325165,Franklinton,
4345618,4320871,Cotton Valley,
4345618,4321358,Cullen,
4345618,4322910,Doyline,
4345618,4333533,Minden,
4345618,4340902,Sarepta,
4345618,4341543,Sibley,
4345618,4342429,Springhill,
4345713,4314409,Addis,
4345713,4318163,Brusly,
4345713,4323860,Erwinville,
4345713,4337823,Port Allen,
4345740,4323830,Epps,
4345740,4335690,Oak Grove,
4345778,4339684,Saint Francisville,
4346451,4346455,Winnfield,
4347094,4348268,Bel Air,
4347094,4349180,Bowling Green,
4347094,4349183,Bowmans Addition,
4347094,4352502,Cresaptown,
4347094,4352681,Cumberland,
4347094,4354035,Eckhart Mines,
4347094,4354260,Ellerslie,
4347094,4355756,Frostburg,
4347094,4360113,La Vale,
4347094,4361085,Lonaconing,
4347094,4049046,McCoole,
4347094,4363141,Mount Savage,
4347094,4366030,Potomac Park,
4347094,4366516,Rawlings,
4347094,4373225,Westernport,
4347283,4347242,Annapolis,
4347283,4347392,Arden on the Severn,
4347283,4347426,Arnold,
4347283,4349599,Brooklyn Park,
4347283,4350348,Cape Saint Claire,
4347283,4352539,Crofton,
4347283,4352618,Crownsville,
4347283,4352815,Davidsonville,
4347283,4352888,Deale,
4347283,4354072,Edgewater,
4347283,4354821,Ferndale,
4347283,7257909,Fort Meade,
4347283,4355871,Galesville,
4347283,4355899,Gambrills,
4347283,4356188,Glen Burnie,
4347283,4356783,Green Haven,
4347283,4357794,Herald Harbor,
4347283,4358144,Hillsmere Shores,
4347283,4049032,Jessup,
4347283,4360201,Lake Shore,
4347283,4360713,Linthicum,
4347283,4361094,Londontowne,
4347283,4361831,Maryland City,
4347283,4362001,Mayo,
4347283,7258330,Naval Academy,
4347283,4364362,Odenton,
4347283,4364964,Parole,
4347283,4364990,Pasadena,
4347283,4366270,Pumphrey,
4347283,4366877,Riva,
4347283,4366966,Riviera Beach,
4347283,4367034,Robinwood,
4347283,4369125,Selby-on-the-Bay,
4347283,4369190,Severn,
4347283,4369224,Severna Park,
4347283,4369286,Shady Side,
4347283,4369964,South Gate,
4347790,4347371,Arbutus,
4347790,4347800,Baltimore Highlands,
4347790,4349175,Bowleys Quarters,
4347790,4350413,Carney,
4347790,4350635,Catonsville,
4347790,4351037,Charlestown,
4347790,4351887,Cockeysville,
4347790,4353765,Dundalk,
4347790,4354060,Edgemere,
4347790,4354428,Essex,
4347790,4355958,Garrison,
4347790,4357289,Hampton,
4347790,4358701,Hunt Valley,
4347790,4359984,Kingsville,
4347790,4360328,Lansdowne,
4347790,4360954,Lochearn,
4347790,4361379,Lutherville,
4347790,7258897,Lutherville-Timonium,
4347790,4362009,Mays Chapel,
4347790,4362344,Middle River,
4347790,4362438,Milford Mill,
4347790,4364690,Overlea,
4347790,4364727,Owings Mills,
4347790,4364946,Parkville,
4347790,4365227,Perry Hall,
4347790,4365387,Pikesville,
4347790,4366476,Randallstown,
4347790,4366647,Reisterstown,
4347790,4367372,Rosedale,
4347790,4367419,Rossville,
4347790,4371420,Timonium,
4347790,4371582,Towson,
4347790,4373426,White Marsh,
4347790,4374054,Woodlawn,
4347820,4347407,Arlington,
4347820,4347420,Armistead Gardens,
4347820,4347778,Baltimore,
4347820,4348224,Beechfield,
4347820,4348666,Beverly Hills,
4347820,4349594,Brooklyn,
4347820,4349947,Butcher's Hill,
4347820,4350327,Canton,
4347820,4350831,Cedonia,
4347820,4351065,Charles Village,
4347820,4351127,Cherry Hill,
4347820,4351325,Cheswolde,
4347820,4352671,Curtis Bay,
4347820,4353131,Dickeyville,
4347820,4354118,Edmondson Village,
4347820,4354705,Fallstaff,
4347820,4354797,Fells Point,
4347820,4355255,Forest Park,
4347820,4357042,Guilford,
4347820,4357116,Gwynn Oak,
4347820,4357268,Hampden,
4347820,4358038,Highlandtown,
4347820,4358425,Homeland,
4347820,4358625,Howard Park,
4347820,4358749,Hunting Ridge,
4347820,4358851,Idlewood,
4347820,4360226,Lakeland,
4347820,4360825,Little Italy,
4347820,4362638,Mondawmin,
4347820,4362840,Morrell Park,
4347820,4363190,Mount Washington,
4347820,4363202,Mount Winans,
4347820,4364150,O'Donnell Heights,
4347820,4364260,Oaklee,
4347820,4351697,Perkins Homes,
4347820,4366461,Ramblewood,
4347820,4367262,Rognel Heights,
4347820,4369922,South Baltimore,
4347820,4371071,Ten Hills,
4347820,4372383,Village of Cross Keys,
4347820,4372398,Violetville,
4347820,4372575,Wakefield,
4347820,4372590,Walbrook,
4347820,4372698,Waltherson,
4347820,4372912,Waverly,
4347820,4373073,West Arlington,
4347820,4373112,West Forest Park,
4347820,4373281,Westport,
4350123,4350113,Calvert Beach,
4350123,4351184,Chesapeake Beach,
4350123,4351228,Chesapeake Ranch Estates,
4350123,7258110,Chesapeake Ranch Estates-Drum Point,
4350123,4353667,Drum Point,
4350123,4353798,Dunkirk,
4350123,4353805,Dunkirk Town Center,
4350123,4358772,Huntingtown,
4350123,4358779,Huntingtown Town Center,
4350123,4361109,Long Beach,
4350123,4361365,Lusby,
4350123,4363831,North Beach,
4350123,4364721,Owings,
4350123,4366159,Prince Frederick,
4350123,4368120,Saint Leonard,
4350123,4369872,Solomons,
4350425,4353075,Denton,
4350425,4354775,Federalsburg,
4350425,4356953,Greensboro,
4350425,4366114,Preston,
4350425,4366772,Ridgely,
4350461,4354163,Eldersburg,
4350461,4357279,Hampstead,
4350461,4361547,Manchester,
4350461,4362882,Mount Airy,
4350461,4363692,New Windsor,
4350461,4370854,Sykesville,
4350461,4370931,Taneytown,
4350461,4372112,Union Bridge,
4350461,4373238,Westminster,
4350685,4350702,Cecilton,
4350685,4351038,Charlestown,
4350685,4351189,Chesapeake City,
4350685,4354234,Elkton,
4350685,4363889,North East,
4350685,4365264,Perryville,
4350685,4365937,Port Deposit,
4350685,4366852,Rising Sun,
4351021,4348418,Bennsville,
4351021,4349727,Bryans Road,
4351021,4349733,Bryantown,
4351021,6332739,Cobb Island,
4351021,4358671,Hughesville,
4351021,4358916,Indian Head,
4351021,4360103,La Plata,
4351021,4365845,Pomfret,
4351021,4366015,Potomac Heights,
4351021,4367734,Saint Charles,
4351021,7259034,St. Charles,
4351021,4372599,Waldorf,
4353543,4347060,Algonquin,
4353543,4350175,Cambridge,
4353543,4358790,Hurlock,
4353543,4369106,Secretary,
4355594,4346978,Adamstown,
4355594,4347839,Ballenger Creek,
4355594,4347947,Bartonsville,
4355594,4349228,Braddock Heights,
4355594,4349706,Brunswick,
4355594,4349755,Buckeystown,
4355594,4351840,Clover Hill,
4355594,4354352,Emmitsburg,
4355594,4355585,Frederick,
4355594,4356836,Green Valley,
4355594,4359377,Jefferson,
4355594,4360625,Libertytown,
4355594,4360700,Linganore,
4355594,4362372,Middletown,
4355594,4363436,Myersville,
4355594,4363654,New Market,
4355594,4365812,Point of Rocks,
4355594,4370201,Spring Ridge,
4355594,4371334,Thurmont,
4355594,4372201,Urbana,
4355594,4372630,Walkersville,
4355594,4374122,Woodsboro,
4355939,4354897,Finzel,
4355939,4356622,Grantsville,
4355939,4360938,Loch Lynn Heights,
4355939,4363282,Mountain Lake Park,
4355939,4364231,Oakland,
4357407,4346913,Aberdeen,
4357407,7257914,Aberdeen Proving Ground,
4357407,4346928,Abingdon,
4357407,4348240,Bel Air,
4357407,7257991,Bel Air North,
4357407,7257992,Bel Air South,
4357407,4354087,Edgewood,
4357407,4354708,Fallston,
4357407,4357617,Havre de Grace,
4357407,4359359,Jarrettsville,
4357407,4359619,Joppatowne,
4357407,4365254,Perryman,
4357407,4365686,Pleasant Hills,
4357407,4366300,Pylesville,
4357407,4366929,Riverside,
4358598,4352053,Columbia,
4358598,4354256,Elkridge,
4358598,4354265,Ellicott City,
4358598,4355322,Fort George G Mead Junction,
4358598,4355809,Fulton,
4358598,4357340,Hanover,
4358598,4357998,Highland,
4358598,4358864,Ilchester,
4358598,4363964,North Laurel,
4358598,4366930,Riverside,
4358598,4368879,Savage,
4358598,4368918,Scaggsville,
4358598,8379098,Trial,
4358598,4373104,West Elkridge,
4359780,4349951,Butlertown,
4359780,4351264,Chestertown,
4359780,4355859,Galena,
4359780,4362548,Millington,
4359780,4367081,Rock Hall,
4362716,7257953,Ashton-Sandy Spring,
4362716,4347553,Aspen Hill,
4362716,4348599,Bethesda,
4362716,4349611,Brookmont,
4362716,4349903,Burtonsville,
4362716,4350013,Cabin John,
4362716,4351335,Chevy Chase,
4362716,4351347,Chevy Chase Section Five,
4362716,4351348,Chevy Chase Section Three,
4362716,4351351,Chevy Chase View,
4362716,4351352,Chevy Chase Village,
4362716,4351708,Clarksburg,
4362716,4351851,Cloverly,
4362716,4351951,Colesville,
4362716,4352728,Damascus,
4362716,4352795,Darnestown,
4362716,4353084,Derwood,
4362716,4354573,Fairland,
4362716,4355214,Forest Glen,
4362716,4355400,Four Corners,
4362716,4355730,Friendship Village,
4362716,4355843,Gaithersburg,
4362716,4355949,Garrett Park,
4362716,4356050,Germantown,
4362716,4356280,Glenmont,
4362716,4358066,Hillandale,
4362716,4359721,Kemp Mill,
4362716,4359760,Kensington,
4362716,4360443,Layhill,
4362716,7258581,Leisure World,
4362716,4361802,Martins Additions,
4362716,4362743,Montgomery Village,
4362716,4363843,North Bethesda,
4362716,4363873,North Chevy Chase,
4362716,4363960,North Kensington,
4362716,4363990,North Potomac,
4362716,4364537,Olney,
4362716,4365877,Poolesville,
4362716,4366001,Potomac,
4362716,4367175,Rockville,
4362716,4367417,Rossmoor,
4362716,4369596,Silver Spring,
4362716,4369891,Somerset,
4362716,4369976,South Kensington,
4362716,4370109,Spencerville,
4362716,4370890,Takoma Park,
4362716,4371635,Travilah,
4362716,4372794,Washington Grove,
4362716,4373349,Wheaton,
4362716,4373449,White Oak,
4366164,4346952,Accokeek,
4366164,4346991,Adelphi,
4366164,7257935,Andrews Air Force Base,
4366164,4347357,Aquasco,
4366164,4347708,Baden,
4366164,4348353,Beltsville,
4366164,4348485,Berwyn Heights,
4366164,4348888,Bladensburg,
4366164,4349159,Bowie,
4366164,4349283,Brandywine,
4366164,4349337,Brentwood,
4366164,4349551,Brock Hall,
4366164,4350160,Calverton,
4366164,4350288,Camp Springs,
4366164,4350359,Capitol Heights,
4366164,4350819,Cedarville,
4366164,4351327,Cheverly,
4366164,4351383,Chillum,
4366164,4351871,Clinton,
4366164,4351977,College Park,
4366164,4352015,Colmar Manor,
4366164,4352247,Coral Hills,
4366164,4352287,Cottage City,
4366164,4352582,Croom,
4366164,4353463,District Heights,
4366164,4353925,East Riverdale,
4366164,4354121,Edmonston,
4366164,4354593,Fairmount Heights,
4366164,7315258,Fairwood,
4366164,4355230,Forest Heights,
4366164,4355274,Forestville,
4366164,4355355,Fort Washington,
4366164,4355670,Friendly,
4366164,4356165,Glassmanor,
4366164,4356242,Glenarden,
4366164,4356289,Glenn Dale,
4366164,4356341,Goddard,
4366164,7258671,Greater Upper Marlboro,
4366164,4356847,Greenbelt,
4366164,4358082,Hillcrest Heights,
4366164,4358821,Hyattsville,
4366164,4359858,Kettering,
4366164,4360138,Lake Arbor,
4366164,4360287,Landover,
4366164,4360288,Landover Hills,
4366164,4360314,Langley Park,
4366164,4360321,Lanham,
4366164,7258832,Lanham-Seabrook,
4366164,4360345,Largo,
4366164,4360369,Laurel,
4366164,4361701,Marlboro Meadows,
4366164,7315260,Marlboro Village,
4366164,4361721,Marlow Heights,
4366164,4361725,Marlton,
4366164,4362197,Mellwood,
4366164,4362624,Mitchellville,
4366164,4362837,Morningside,
4366164,4363124,Mount Rainier,
4366164,7276754,National Harbor,
4366164,4363611,New Carrollton,
4366164,4363878,North Brentwood,
4366164,4364759,Oxon Hill,
4366164,7258432,Oxon Hill-Glassmanor,
4366164,7161969,Peppermill Village,
4366164,4357391,Queen Anne,
4366164,7315262,Queenland,
4366164,4366378,Queenstown,
4366164,4366919,Riverdale Park,
4366164,4367344,Rosaryville,
4366164,4369076,Seabrook,
4366164,4369086,Seat Pleasant,
4366164,4369571,Silver Hill,
4366164,4369978,South Laurel,
4366164,4370219,Springdale,
4366164,4370616,Suitland,
4366164,7259061,Suitland-Silver Hill,
4366164,7315263,Summerfield,
4366164,4371053,Temple Hills,
4366164,4372137,University Park,
4366164,4372183,Upper Marlboro,
4366164,4372623,Walker Mill,
4366164,4373136,West Laurel,
4366164,4373275,Westphalia,
4366164,4374056,Woodlawn,
4366164,4374100,Woodmore,
4366351,4350878,Centreville,
4366351,4351248,Chester,
4366351,4351521,Church Hill,
4366351,4356634,Grasonville,
4366351,4359798,Kent Narrows,
4366351,4359981,Kingstown,
4366351,4366379,Queenstown,
4366351,4370366,Stevensville,
4368320,4350049,California,
4368320,4351048,Charlotte Hall,
4368320,4356350,Golden Beach,
4368320,4360551,Leonardtown,
4368320,4360592,Lexington Park,
4368320,4362173,Mechanicsville,
4368320,4365569,Piney Point,
4369894,4352577,Crisfield,
4369894,4354039,Eden,
4369894,4363170,Mount Vernon,
4369894,4366176,Princess Anne,
4370904,4352248,Cordova,
4370904,4353962,Easton,
4370904,4364745,Oxford,
4370904,4368380,Saint Michaels,
4370904,4371372,Tilghman Island,
4370904,4371620,Trappe,
4372777,4349107,Boonsboro,
4372777,4350675,Cavetown,
4372777,4354604,Fairplay,
4372777,7258606,Fountainhead-Orchard Hills,
4372777,4355816,Funkstown,
4372777,4357141,Hagerstown,
4372777,4357176,Halfway,
4372777,4357310,Hancock,
4372777,4357991,Highfield-Cascade,
4372777,4359694,Keedysville,
4372777,4360527,Leitersburg,
4372777,4361969,Maugansville,
4372777,4362880,Mount Aetna,
4372777,4363009,Mount Lena,
4372777,7258438,Paramount-Long Meadow,
4372777,4367035,Robinwood,
4372777,4367872,Saint James,
4372777,4369352,Sharpsburg,
4372777,4369758,Smithsburg,
4372777,4373719,Williamsport,
4372777,7259210,Wilson-Conococheague,
4373554,4355780,Fruitland,
4373554,4357731,Hebron,
4373554,4365634,Pittsville,
4373554,4368711,Salisbury,
4373554,4369360,Sharptown,
4373554,4373647,Willards,
4374180,4348460,Berlin,
4374180,4348793,Bishopville,
4374180,4364312,Ocean City,
4374180,4364326,Ocean Pines,
4374180,4365766,Pocomoke City,
4374180,4369807,Snow Hill,
4374180,4373153,West Ocean City,
4374849,4382561,Country Club Village,
4374849,4407665,Savannah,
4375346,4394046,Laddonia,
4375346,4398103,Mexico,
4375346,4412896,Vandalia,
4375882,4380284,Cassville,
4375882,4385974,Exeter,
4375882,4404848,Purdy,
4375882,4408023,Seligman,
4375882,4408358,Shell Knob,
4375882,4414343,Wheaton,
4375904,4388159,Golden City,
4375904,4394487,Lamar,
4375904,4395115,Liberal,
4375954,4374497,Adrian,
4375954,4379322,Butler,
4375954,4405516,Rich Hill,
4376578,4381856,Cole Camp,
4376578,4395324,Lincoln,
4376578,4413601,Warsaw,
4377844,4397065,Marble Hill,
4377925,4375229,Ashland,
4377925,4380848,Centralia,
4377925,4381982,Columbia,
4377925,4389293,Hallsville,
4377925,4410536,Sturgeon,
4378897,4374523,Agency,
4378897,4407010,Saint Joseph,
4379332,4404233,Poplar Bluff,
4379520,4378271,Braymer,
4379520,4389309,Hamilton,
4379520,4393687,Kingston,
4379520,4404151,Polo,
4379567,4375379,Auxvasse,
4379567,4387496,Fulton,
4379567,4391029,Holts Summit,
4379567,4400236,New Bloomfield,
4379625,4379634,Camdenton,
4379625,4387060,Four Seasons,
4379625,4402040,Osage Beach,
4379968,4379966,Cape Girardeau,
4379968,4392163,Jackson,
4380138,4380145,Carrollton,
4380138,4400708,Norborne,
4380170,4409521,South Van Buren,
4380170,4412847,Van Buren,
4380266,4375040,Archie,
4380266,4381572,Cleveland,
4380266,4384480,Drexel,
4380266,4387605,Garden City,
4380266,4389658,Harrisonville,
4380266,4394405,Lake Winnebago,
4380266,7158730,Loch Lloyd,
4380266,4402809,Peculiar,
4380266,4403710,Pleasant Hill,
4380266,4405180,Raymore,
4380498,4385317,El Dorado Springs,
4380498,4410287,Stockton,
4380961,4831068,Brunswick,
4380961,4393535,Keytesville,
4380961,4407399,Salisbury,
4381179,4377158,Billings,
4381179,4381585,Clever,
4381179,4387306,Fremont Hills,
4381179,4390602,Highlandville,
4381179,4400648,Nixa,
4381179,4402245,Ozark,
4381179,4409615,Sparta,
4381444,4381469,Claycomo,
4381444,4385966,Excelsior Springs,
4381444,4387990,Gladstone,
4381444,4388030,Glenaire,
4381444,4393269,Kearney,
4381444,4395052,Liberty,
4381444,4400860,North Kansas City,
4381444,4403887,Pleasant Valley,
4381444,4409199,Smithville,
4381646,4379644,Cameron,
4381646,4388353,Gower,
4381646,4394655,Lathrop,
4381646,4403615,Plattsburg,
4381646,4412043,Trimble,
4381866,4392388,Jefferson City,
4381866,4406675,Russellville,
4381866,4407106,Saint Martins,
4381866,4411228,Taos,
4381866,4413557,Wardsville,
4382297,4377957,Boonville,
4382297,4403261,Pilot Grove,
4382777,4378027,Bourbon,
4382777,4383070,Cuba,
4382777,4410113,Steelville,
4383206,4388790,Greenfield,
4383206,4395934,Lockwood,
4383238,4379025,Buffalo,
4383368,4387569,Gallatin,
4383368,4392314,Jamesport,
4383515,4397543,Maysville,
4383515,4410226,Stewartsville,
4383752,4407308,Salem,
4384356,4375383,Ava,
4384778,4379785,Campbell,
4384778,4380027,Cardwell,
4384778,4381426,Clarkton,
4384778,4390911,Holcomb,
4384778,4391232,Hornersville,
4384778,4393451,Kennett,
4384778,4396871,Malden,
4384778,4408052,Senath,
4387172,4387807,Gerald,
4387172,4388632,Gray Summit,
4387172,4400289,New Haven,
4387172,4402300,Pacific,
4387172,4406840,Saint Clair,
4387172,4410669,Sullivan,
4387172,4412454,Union,
4387172,4828696,Villa Ridge,
4387172,4413621,Washington,
4387701,4377452,Bland,
4387701,4390221,Hermann,
4387701,4402213,Owensville,
4388781,4375172,Ash Grove,
4388781,4375979,Battlefield,
4388781,4386009,Fair Grove,
4388781,4405434,Republic,
4388781,4409896,Springfield,
4388781,4410432,Strafford,
4388781,4413420,Walnut Grove,
4388781,4414816,Willard,
4390169,4381643,Clinton,
4390169,4415076,Windsor,
4390327,4390229,Hermitage,
4391383,4386332,Fayette,
4391383,4388009,Glasgow,
4391383,4400260,New Franklin,
4391410,4399745,Mountain View,
4391410,4404162,Pomona,
4391410,4414200,West Plains,
4391410,4414959,Willow Springs,
4392025,4375016,Arcadia,
4392025,4392057,Ironton,
4392025,4403269,Pilot Knob,
4392025,4413024,Viburnum,
4392183,4377664,Blue Springs,
4392183,4378990,Buckner,
4392183,4388402,Grain Valley,
4392183,4388460,Grandview,
4392183,4388831,Greenwood,
4392183,4391812,Independence,
4392183,4393217,Kansas City,
4392183,4394237,Lake Lotawana,
4392183,4394348,Lake Tapawingo,
4392183,4394870,Lee's Summit,
4392183,4396090,Lone Jack,
4392183,4401282,Oak Grove,
4392183,4405188,Raytown,
4392183,4410585,Sugar Creek,
4392354,4374538,Airport Drive,
4392354,4374556,Alba,
4392354,4380043,Carl Junction,
4392354,4380199,Carterville,
4392354,4380202,Carthage,
4392354,4384695,Duenweg,
4392354,4384809,Duquesne,
4392354,4392351,Jasper,
4392354,4392768,Joplin,
4392354,4402027,Oronogo,
4392354,4407631,Sarcoxie,
4392354,4413842,Webb City,
4392394,4375087,Arnold,
4392394,4375832,Barnhart,
4392394,4379436,Byrnes Mill,
4392394,4380570,Cedar Hill,
4392394,4383041,Crystal City,
4392394,4383513,De Soto,
4392394,4386419,Festus,
4392394,4390204,Herculaneum,
4392394,4390555,High Ridge,
4392394,4390705,Hillsboro,
4392394,4391211,Horine,
4392394,4391808,Imperial,
4392394,7315273,LaBarque Creek,
4392394,4399914,Murphy,
4392394,4401943,Olympian Village,
4392394,4403102,Pevely,
4392394,4405794,Riverside,
4392606,4390914,Holden,
4392606,4393816,Knob Noster,
4392606,4394876,Leeton,
4392606,4413595,Warrensburg,
4392606,7259637,Whiteman Air Force Base,
4394029,4382169,Conway,
4394029,4394794,Lebanon,
4394055,4382119,Concordia,
4394055,4390485,Higginsville,
4394055,4395035,Lexington,
4394055,4401659,Odessa,
4394055,4413788,Waverly,
4394055,4413944,Wellington,
4394702,4375349,Aurora,
4394702,4397123,Marionville,
4394702,4398357,Miller,
4394702,4398776,Monett,
4394702,4399605,Mount Vernon,
4394702,4403187,Pierce City,
4394702,4413015,Verona,
4395330,4385603,Elsberry,
4395330,4389821,Hawk Point,
4395330,4399153,Moscow Mills,
4395330,4412089,Troy,
4395330,4415101,Winfield,
4395428,4378488,Brookfield,
4395428,4395447,Linneus,
4395428,4397071,Marceline,
4395900,4381104,Chillicothe,
4396768,4376879,Bevier,
4396768,5055816,La Plata,
4396768,4396767,Macon,
4396798,4387240,Fredericktown,
4397100,4376432,Belle,
4397100,4413085,Vienna,
4397108,4389418,Hannibal,
4397108,4402381,Palmyra,
4397698,4374798,Anderson,
4397698,4388216,Goodman,
4397698,4400673,Noel,
4397698,4403442,Pineville,
4397698,4409526,South West City,
4398373,4385339,Eldon,
4398373,4391752,Iberia,
4398373,4394281,Lake Ozark,
4398373,4412325,Tuscumbia,
4398638,4376668,Bertrand,
4398638,4380997,Charleston,
4398638,4385054,East Prairie,
4398787,4379545,California,
4398787,4411809,Tipton,
4398864,4396796,Madison,
4398864,4398859,Monroe City,
4398864,4402452,Paris,
4398895,4392766,Jonesburg,
4398895,4398894,Montgomery City,
4398895,4400253,New Florence,
4398895,4413978,Wellsville,
4399052,4394685,Laurie,
4399052,4405815,Riverview,
4399052,4410425,Stover,
4399052,4413013,Versailles,
4400430,4387885,Gideon,
4400430,4395275,Lilbourn,
4400430,4397433,Matthews,
4400430,4399032,Morehouse,
4400430,4400427,New Madrid,
4400430,4402550,Parma,
4400430,4404267,Portageville,
4400561,4383865,Diamond,
4400561,4388409,Granby,
4400561,4394791,Leawood,
4400561,4396044,Loma Linda,
4400561,4400183,Neosho,
4400561,4408054,Seneca,
4400561,4408703,Silver Creek,
4402012,4374730,Alton,
4402012,4411477,Thayer,
4402051,4828677,Linn,
4402255,4387545,Gainesville,
4402864,4380211,Caruthersville,
4402864,4389910,Hayti,
4402864,4389911,Hayti Heights,
4402864,4410101,Steele,
4402984,4402998,Perryville,
4403095,4393983,La Monte,
4403095,4408000,Sedalia,
4403095,4409195,Smithton,
4403116,4384289,Doolittle,
4403116,4406282,Rolla,
4403116,4406909,Saint James,
4403228,4378070,Bowling Green,
4403228,4385745,Eolia,
4403228,4396425,Louisiana,
4403600,4379641,Camden Point,
4403600,4383553,Dearborn,
4403600,4385221,Edgerton,
4403600,4394399,Lake Waukomis,
4403600,4402544,Parkville,
4403600,4403599,Platte City,
4403600,4405795,Riverside,
4403600,4413815,Weatherby Lake,
4403600,4414270,Weston,
4404128,4377835,Bolivar,
4404128,4391564,Humansville,
4404128,4403803,Pleasant Hope,
4404807,4382874,Crocker,
4404807,4384134,Dixon,
4404807,7259265,Fort Leonard Wood,
4404807,4405558,Richland,
4404807,4407259,Saint Robert,
4404807,4413802,Waynesville,
4405038,4380695,Center,
4405038,4400423,New London,
4405038,4402973,Perry,
4405082,4390482,Higbee,
4405082,4391641,Huntsville,
4405082,4398730,Moberly,
4405143,4374557,Albany,
4405143,4389487,Hardin,
4405143,4394716,Lawson,
4405143,4402029,Orrick,
4405143,4405588,Richmond,
4405143,4415314,Wood Heights,
4405470,4380775,Centerville,
4405470,4385440,Ellington,
4405720,4384264,Doniphan,
4405720,4386034,Fairdealing,
4405720,4400073,Naylor,
4406835,4382491,Cottleville,
4406835,4383306,Dardenne Prairie,
4406835,4386762,Flint Hill,
4406835,4386970,Foristell,
4406835,4394302,Lake Saint Louis,
4406835,4401242,O'Fallon,
4406835,4406831,Saint Charles,
4406835,4407186,Saint Paul,
4406835,4407237,Saint Peters,
4406835,4413926,Weldon Spring,
4406835,4414001,Wentzville,
4406835,4414033,West Alton,
4406842,4374993,Appleton City,
4406842,4396553,Lowry City,
4406842,4402099,Osceola,
4406884,4377247,Bismarck,
4406884,4377913,Bonne Terre,
4406884,4383785,Desloge,
4406884,4384199,Doe Run,
4406884,4385616,Elvins,
4406884,4385798,Esther,
4406884,4386289,Farmington,
4406884,4386685,Flat River,
4406884,4392035,Iron Mountain Lake,
4406884,4394788,Leadwood,
4406884,4402479,Park Hills,
4406884,4411442,Terre du Lac,
4407074,4374513,Affton,
4407074,4375663,Ballwin,
4407074,4376350,Bel-Nor,
4407074,4376352,Bel-Ridge,
4407074,4376423,Bella Villa,
4407074,4376444,Bellefontaine Neighbors,
4407074,4376623,Berkeley,
4407074,4376877,Beverly Hills,
4407074,4377295,Black Jack,
4407074,4378291,Breckenridge Hills,
4407074,4378312,Brentwood,
4407074,4378391,Bridgeton,
4407074,4379611,Calverton Park,
4407074,4380287,Castle Point,
4407074,4380976,Charlack,
4407074,4381072,Chesterfield,
4407074,4381423,Clarkson Valley,
4407074,4381478,Clayton,
4407074,4382072,Concord,
4407074,4382223,Cool Valley,
4407074,4382559,Country Club Hills,
4407074,4382833,Crestwood,
4407074,4382837,Creve Coeur,
4407074,4383713,Dellwood,
4407074,4383778,Des Peres,
4407074,4385244,Edmundson,
4407074,4385494,Ellisville,
4407074,4385835,Eureka,
4407074,4386381,Fenton,
4407074,4386387,Ferguson,
4407074,4386796,Flordell Hills,
4407074,4386802,Florissant,
4407074,4387435,Frontenac,
4407074,4388005,Glasgow Village,
4407074,4388036,Glendale,
4407074,4388510,Grantwood Village,
4407074,4388732,Green Park,
4407074,4388778,Greendale,
4407074,4389411,Hanley Hills,
4407074,4389967,Hazelwood,
4407074,4390708,Hillsdale,
4407074,4392445,Jennings,
4407074,4393739,Kirkwood,
4407074,4394084,Ladue,
4407074,4394440,Lakeshire,
4407074,4394905,Lemay,
4407074,4396915,Manchester,
4407074,4397042,Maplewood,
4407074,4397163,Marlborough,
4407074,4397340,Maryland Heights,
4407074,4397962,Mehlville,
4407074,4398755,Moline Acres,
4407074,4400737,Normandy,
4407074,4400962,Northwoods,
4407074,4400974,Norwood Court,
4407074,4401560,Oakland,
4407074,4401618,Oakville,
4407074,7315274,Old Jamestown,
4407074,4401938,Olivette,
4407074,4402178,Overland,
4407074,4402331,Pagedale,
4407074,4402588,Pasadena Hills,
4407074,4403385,Pine Lawn,
4407074,4405589,Richmond Heights,
4407074,4405816,Riverview,
4407074,4406041,Rock Hill,
4407074,4406783,Saint Ann,
4407074,4406895,Saint George,
4407074,4406941,Saint John,
4407074,4406951,Saint Johns,
4407074,4407617,Sappington,
4407074,4408611,Shrewsbury,
4407074,4409591,Spanish Lake,
4407074,4410836,Sunset Hills,
4407074,4411044,Sycamore Hills,
4407074,4411912,Town and Country,
4407074,4412697,University City,
4407074,4412820,Valley Park,
4407074,4412975,Velda Village,
4407074,4412976,Velda Village Hills,
4407074,4413136,Vinita Park,
4407074,4413602,Warson Woods,
4407074,4413872,Webster Groves,
4407074,4413977,Wellston,
4407074,4414749,Wildwood,
4407074,4415065,Winchester,
4407074,4415434,Woodson Terrace,
4407084,4376570,Benton,
4407084,4407066,St. Louis,
4407295,4377542,Bloomsdale,
4407295,4407294,Sainte Genevieve,
4407376,4397211,Marshall,
4407376,4408964,Slater,
4407376,4410978,Sweet Springs,
4407901,4376569,Benton,
4407901,4380859,Chaffee,
4407901,4393405,Kelso,
4407901,4398530,Miner,
4407901,4399067,Morley,
4407901,4401987,Oran,
4407901,4407900,Scott City,
4407901,4408672,Sikeston,
4408228,4377190,Birch Tree,
4408228,4385654,Eminence,
4408228,4415134,Winona,
4408345,4381344,Clarence,
4408345,4408334,Shelbina,
4408345,4408350,Shelbyville,
4410296,4374502,Advance,
4410296,4376632,Bernie,
4410296,4377531,Bloomfield,
4410296,4383857,Dexter,
4410296,4404862,Puxico,
4410325,4382741,Crane,
4410325,4387557,Galena,
4410325,4391933,Indian Point,
4410325,4393581,Kimberling City,
4410325,4405358,Reeds Spring,
4411205,4378219,Branson,
4411205,4379088,Bull Creek,
4411205,4386981,Forsyth,
4411205,4390975,Hollister,
4411205,4393747,Kissee Mills,
4411205,4398060,Merriam Woods,
4411205,4406109,Rockaway Beach,
4411468,4379478,Cabool,
4411468,4391354,Houston,
4411468,4395255,Licking,
4411468,4410722,Summersville,
4413006,4400203,Nevada,
4413006,4408353,Sheldon,
4413583,4391980,Innsbrook,
4413583,4397248,Marthasville,
4413583,4412096,Truesdale,
4413583,4413598,Warrenton,
4413583,4415502,Wright City,
4413630,4404348,Potosi,
4413797,4388822,Greenville,
4413797,4403182,Piedmont,
4413870,4386898,Fordland,
4413870,4397238,Marshfield,
4413870,4406271,Rogersville,
4413870,4408117,Seymour,
4415503,4389731,Hartville,
4415503,4396967,Mansfield,
4415503,4399725,Mountain Grove,
4415503,4400973,Norwood,
4415912,4422161,Cloverdale,
4415912,4436597,Morgantown,
4415912,4437982,Natchez,
4416012,4422713,Corinth,
4416012,4426190,Farmington,
4416182,4427809,Gloster,
4416182,4433362,Liberty,
4416669,4432542,Kosciusko,
4417738,4416602,Ashland,
4417738,4429679,Hickory Flat,
4419012,4419245,Boyle,
4419012,4422106,Cleveland,
4419012,4436772,Mound Bayou,
4419012,4443158,Renova,
4419012,4828755,Rosedale,
4419012,4828766,Shaw,
4419012,4445737,Shelby,
4420309,4419654,Bruce,
4420309,4420304,Calhoun City,
4420309,4423847,Derma,
4420309,4441555,Pittsboro,
4420309,4449552,Vardaman,
4420741,4420729,Carrollton,
4420741,4449475,Vaiden,
4421449,4430507,Houlka,
4421449,4430529,Houston,
4421449,4439566,Okolona,
4421547,4415878,Ackerman,
4421859,4429579,Hermanville,
4421859,4442187,Port Gibson,
4421913,4425752,Enterprise,
4421913,4442692,Quitman,
4421913,4447344,Stonewall,
4421964,4450753,West Point,
4422178,4421935,Clarksdale,
4422178,4427216,Friars Point,
4422178,4432041,Jonestown,
4422700,4423227,Crystal Springs,
4422700,4429387,Hazlehurst,
4422700,4450606,Wesson,
4422907,4422375,Collins,
4422907,4437149,Mount Olive,
4423655,4429589,Hernando,
4423655,4430400,Horn Lake,
4423655,4434465,Lynchburg,
4423655,4439869,Olive Branch,
4423655,4446675,Southaven,
4423655,4450142,Walls,
4426954,4427773,Glendale,
4426954,4429295,Hattiesburg,
4426954,4440837,Petal,
4426954,4442894,Rawls Springs,
4427119,4419845,Bude,
4427119,4435652,Meadville,
4427592,4434388,Lucedale,
4428420,4433116,Leakesville,
4428420,4447158,State Line,
4428541,4425561,Elliott,
4428541,4428539,Grenada,
4428541,4429973,Holcomb,
4428961,4417205,Bay Saint Louis,
4428961,4423888,Diamondhead,
4428961,4432310,Kiln,
4428961,4440602,Pearlington,
4428961,4450411,Waveland,
4429197,4418478,Biloxi,
4429197,4423395,D'Iberville,
4429197,4423640,De Lisle,
4429197,4428667,Gulfport,
4429197,4434069,Long Beach,
4429197,4434459,Lyman,
4429197,4440413,Pass Christian,
4429197,4445217,Saucier,
4429197,4450687,West Gulfport,
4429877,4419025,Bolton,
4429877,4420177,Byram,
4429877,4422133,Clinton,
4429877,4425435,Edwards,
4429877,4431410,Jackson,
4429877,4434466,Lynchburg,
4429877,4442913,Raymond,
4429877,4448168,Terry,
4429877,4449467,Utica,
4430142,4424956,Durant,
4430142,4427960,Goodman,
4430142,4433359,Lexington,
4430142,4440988,Pickens,
4430142,4448086,Tchula,
4430705,4417676,Belzoni,
4430705,4431259,Isola,
4431269,4435217,Mayersville,
4431274,4427345,Fulton,
4431274,4434850,Mantachie,
4431425,4418347,Big Point,
4431425,4425816,Escatawpa,
4431425,4427569,Gautier,
4431425,4428654,Gulf Hills,
4431425,4428663,Gulf Park Estates,
4431425,4429484,Helena,
4431425,4429718,Hickory Hills,
4431425,4430749,Hurley,
4431425,4433016,Latimer,
4431425,4436743,Moss Point,
4431425,4439506,Ocean Springs,
4431425,4440397,Pascagoula,
4431425,4447069,Saint Martin,
4431425,4449532,Vancleave,
4431425,4449994,Wade,
4431565,4417212,Bay Springs,
4431565,4429475,Heidelberg,
4431608,4426218,Fayette,
4431611,4442363,Prentiss,
4431982,4425603,Ellisville,
4431982,4433039,Laurel,
4431982,4445059,Sandersville,
4431982,4445683,Sharon,
4432218,4423639,De Kalb,
4432218,4445297,Scooba,
4432670,4440076,Oxford,
4432922,4416533,Arnold Line,
4432922,4434435,Lumberton,
4432922,4442639,Purvis,
4432922,4447557,Sumrall,
4432922,4450695,West Hattiesburg,
4433028,4422398,Collinsville,
4433028,4434904,Marion,
4433028,4435764,Meridian,
4433028,7260435,Meridian Station,
4433028,4438077,Nellieburg,
4433028,4448614,Toomsuba,
4433059,4436445,Monticello,
4433110,4420799,Carthage,
4433110,4443050,Redwater,
4433110,4447105,Standing Pine,
4433110,4450164,Walnut Grove,
4433190,4416877,Baldwyn,
4433190,4428744,Guntown,
4433190,4436543,Mooreville,
4433190,4438112,Nettleton,
4433190,4441578,Plantersville,
4433190,4444938,Saltillo,
4433190,4445668,Shannon,
4433190,4448903,Tupelo,
4433190,4449603,Verona,
4433243,4428495,Greenwood,
4433243,4431280,Itta Bena,
4433243,4446027,Sidon,
4433521,4418952,Bogue Chitto,
4433521,4419500,Brookhaven,
4434357,4420288,Caledonia,
4434357,4422442,Columbus,
4434357,7260063,Columbus Air Force Base,
4434357,4423023,Crawford,
4434357,4438307,New Hope,
4434666,4420617,Canton,
4434666,4426772,Flora,
4434666,4432161,Kearney Park,
4434666,4434663,Madison,
4434666,4443296,Ridgeland,
4434905,4422457,Columbia,
4434905,4427090,Foxworth,
4434905,4430103,Holly Springs,
4434977,4420161,Byhalia,
4434977,4430104,Holly Springs,
4436434,4424837,Duck Hill,
4436434,4432304,Kilmichael,
4436434,4451465,Winona,
4436465,4415813,Aberdeen,
4436465,4416192,Amory,
4436465,4438274,New Hamilton,
4436465,4446449,Smithville,
4438104,4418959,Bogue Chitto,
4438104,4422281,Coldwater,
4438104,4423712,Deemer,
4438104,4440572,Pearl River,
4438104,4440906,Philadelphia,
4438104,4448866,Tucker,
4438827,4422552,Conehatta,
4438827,4423701,Decatur,
4438827,4429661,Hickory,
4438827,4438820,Newton,
4438827,4449144,Union,
4439115,4419539,Brooksville,
4439115,4434645,Macon,
4439581,4434502,Maben,
4439581,4447161,Starkville,
4440232,4417130,Batesville,
4440232,4422485,Como,
4440232,4422899,Courtland,
4440232,4445170,Sardis,
4440578,4420719,Carriere,
4440578,8481843,Hide-A-Way Lake,
4440578,4438855,Nicholson,
4440578,4440975,Picayune,
4440578,4442164,Poplarville,
4440794,4417378,Beaumont,
4440794,4438134,New Augusta,
4440794,4443276,Richton,
4441053,4434720,Magnolia,
4441053,4435318,McComb,
4441053,4447545,Summit,
4442070,4416057,Algoma,
4442070,4425369,Ecru,
4442070,4442067,Pontotoc,
4442070,4445792,Sherman,
4442070,4448201,Thaxton,
4442374,4419094,Booneville,
4442697,4423053,Crenshaw,
4442697,4423195,Crowder,
4442697,4432931,Lambert,
4442697,4434925,Marks,
4442697,4446298,Sledge,
4442697,4450149,Walnut,
4442841,4419290,Brandon,
4442841,4422082,Cleary,
4442841,4426781,Florence,
4442841,4426822,Flowood,
4442841,4440559,Pearl,
4442841,4440660,Pelahatchie,
4442841,4443249,Richland,
4445321,4426884,Forest,
4445321,4429861,Hillsboro,
4445321,4436694,Morton,
4445678,4416289,Anguilla,
4445678,4443769,Rolling Fork,
4446158,4434697,Magee,
4446158,4435722,Mendenhall,
4446378,4442042,Polkville,
4446378,4442797,Raleigh,
4446378,4448074,Taylorsville,
4447325,4451140,Wiggins,
4447584,4424689,Drew,
4447584,4430981,Indianola,
4447584,4431209,Inverness,
4447584,4436546,Moorhead,
4447584,4444067,Ruleville,
4447584,4447577,Sunflower,
4447911,4421338,Charleston,
4447911,4435953,Mikoma,
4447911,4449055,Tutwiler,
4447911,4450476,Webb,
4447998,4422289,Coldwater,
4447998,4445447,Senatobia,
4448467,4418800,Blue Mountain,
4448467,4426129,Falkner,
4448467,4443338,Ripley,
4448467,4450150,Walnut,
4448508,4417666,Belmont,
4448508,4420041,Burnsville,
4448508,4431283,Iuka,
4448921,4439033,North Tunica,
4448921,4448894,Tunica,
4448921,8481844,Tunica Resorts,
4448921,4450964,White Oak,
4449240,4437935,Myrtle,
4449240,4438121,New Albany,
4450205,4449106,Tylertown,
4450285,4417533,Beechwood,
4450285,4449620,Vicksburg,
4450315,4428475,Greenville,
4450315,4430017,Hollandale,
4450315,4433289,Leland,
4450315,4435803,Metcalfe,
4450432,4417642,Belmont,
4450432,4419801,Buckatunna,
4450432,4450441,Waynesboro,
4450493,4425862,Eupora,
4450493,4435161,Mathiston,
4450493,4450203,Walthall,
4451213,4421208,Centreville,
4451213,4451678,Woodville,
4451480,4434283,Louisville,
4451779,4422228,Coffeeville,
4451779,4439436,Oakland,
4451779,4450347,Water Valley,
4451815,4451810,Yazoo City,
4452290,4452285,Alamance,
4452290,4458228,Burlington,
4452290,4465285,Elon,
4452290,4468076,Glen Raven,
4452290,4468525,Graham,
4452290,4468989,Green Level,
4452290,4470274,Haw River,
4452290,4478877,Mebane,
4452290,4483619,Ossipee,
4452290,4485800,Pleasant Hill,
4452290,4490533,Saxapahaw,
4452290,4494294,Swepsonville,
4452290,4499890,Woodlawn,
4452352,4455335,Bethlehem,
4452352,4470940,Hiddenite,
4452352,4493685,Stony Point,
4452352,4494650,Taylorsville,
4452391,4492829,Sparta,
4452708,4452713,Ansonville,
4452708,4458264,Burnsville,
4452708,4475936,Lilesville,
4452708,4486078,Polkton,
4452708,4497244,Wadesboro,
4453028,4473226,Jefferson,
4453028,4498231,West Jefferson,
4453232,4453688,Banner Elk,
4453232,4482066,Newland,
4454373,4453184,Aurora,
4454373,4454761,Belhaven,
4454373,4460689,Chocowinity,
4454373,4488122,River Road,
4454373,4497666,Washington,
4455071,4453174,Aulander,
4455071,4475766,Lewiston Woodville,
4455071,4499528,Windsor,
4456243,4456253,Bladenboro,
4456243,4460910,Clarkton,
4456243,4465106,Elizabethtown,
4456243,4474123,Kelly,
4456243,4498603,White Lake,
4457580,4454893,Belville,
4457580,4456593,Boiling Spring Lakes,
4457580,4456615,Bolivia,
4457580,4458584,Calabash,
4457580,4459298,Carolina Shores,
4457580,4471495,Holden Beach,
4457580,4475622,Leland,
4457580,4476919,Long Beach,
4457580,4481551,Navassa,
4457580,4828836,Northwest,
4457580,4482916,Oak Island,
4457580,4483124,Ocean Isle Beach,
4457580,4489504,Saint James,
4457580,4490976,Shallotte,
4457580,4492756,Southport,
4457580,4494082,Sunset Beach,
4457580,4496600,Varnamtown,
4457580,4500185,Yaupon Beach,
4458155,4453066,Asheville,
4458155,4453238,Avery Creek,
4458155,4454988,Bent Creek,
4458155,4455999,Biltmore Forest,
4458155,4456121,Black Mountain,
4458155,4465705,Fairview,
4458155,4480007,Montreat,
4458155,4489236,Royal Pines,
4458155,4494217,Swannanoa,
4458155,4497912,Weaverville,
4458155,4499850,Woodfin,
4458194,4461668,Connelly Springs,
4458194,4464096,Drexel,
4458194,4468056,Glen Alpine,
4458194,4471149,Hildebran,
4458194,4472557,Icard,
4458194,4480219,Morganton,
4458194,4489354,Rutherford College,
4458194,4489915,Salem,
4458194,4496484,Valdese,
4458491,4461574,Concord,
4458491,4470109,Harrisburg,
4458491,4474040,Kannapolis,
4458491,4479207,Midland,
4458491,4480727,Mount Pleasant,
4458601,4458580,Cajahs Mountain,
4458601,4467580,Gamewell,
4458601,4468590,Granite Falls,
4458601,4472247,Hudson,
4458601,4475640,Lenoir,
4458601,4482621,Northlakes,
4458601,4487761,Rhodhiss,
4458601,4490510,Sawmills,
4458740,4458737,Camden,
4459410,4453144,Atlantic,
4459410,4453145,Atlantic Beach,
4459410,4454370,Beaufort,
4459410,4456583,Bogue,
4459410,4457289,Broad Creek,
4459410,4459135,Cape Carteret,
4459410,4459889,Cedar Point,
4459410,4465303,Emerald Isle,
4459410,4468161,Gloucester,
4459410,4469955,Harkers Island,
4459410,4480153,Morehead City,
4459410,4482084,Newport,
4459410,4484477,Peletier,
4459410,4485145,Pine Knoll Shores,
4459547,4500166,Yanceyville,
4459575,4459569,Catawba,
4459575,4460831,Claremont,
4459575,4461696,Conover,
4459575,4470778,Hickory,
4459575,4474841,Lake Norman of Catawba,
4459575,4477228,Longview,
4459575,4477779,Maiden,
4459575,4481090,Mountain View,
4459575,4482101,Newton,
4459575,4493146,Saint Stephens,
4459575,4491300,Sherrills Ford,
4460324,13526829,Briar Chapel,
4460324,4465983,Farmville,
4460324,4466030,Fearrington,
4460324,4466031,Fearrington Village,
4460324,4479926,Moncure,
4460324,4485655,Pittsboro,
4460324,4491651,Siler City,
4460366,4452655,Andrews,
4460366,4481308,Murphy,
4460702,4464897,Edenton,
4460927,4470359,Hayesville,
4461030,4454899,Belwood,
4461030,4456595,Boiling Springs,
4461030,4465926,Fallston,
4461030,4469357,Grover,
4461030,4474388,Kings Mountain,
4461030,4474419,Kingstown,
4461030,4475357,Lawndale,
4461030,4475917,Light Oak,
4461030,4484262,Patterson Springs,
4461030,4049858,Polkville,
4461030,4491180,Shelby,
4461030,4498720,White Plains,
4461503,4456624,Bolton,
4461503,4457578,Brunswick,
4461503,4460084,Chadbourn,
4461503,4465637,Fair Bluff,
4461503,4474919,Lake Waccamaw,
4461503,4488031,Riegelwood,
4461503,4494408,Tabor City,
4461503,4498899,Whiteville,
4462398,4457089,Brices Creek,
4462398,4465671,Fairfield Harbour,
4462398,4470244,Havelock,
4462398,4473137,James City,
4462398,4481662,Neuse Forest,
4462398,4481682,New Bern,
4462398,4488102,River Bend,
4462398,4495583,Trent Woods,
4462398,4496570,Vanceboro,
4462716,4464750,Eastover,
4462716,4466033,Fayetteville,
4462716,6941080,Fort Bragg,
4462716,4471851,Hope Mills,
4462716,7260593,Pope Air Force Base (historical),
4462716,4493035,Spring Lake,
4462716,4493343,Stedman,
4462716,4496582,Vander,
4462716,4497231,Wade,
4462764,4462759,Currituck,
4462764,4481150,Moyock,
4462997,4453244,Avon,
4462997,4458391,Buxton,
4462997,4470225,Hatteras,
4462997,4474274,Kill Devil Hills,
4462997,4474505,Kitty Hawk,
4462997,4477886,Manns Harbor,
4462997,4477893,Manteo,
4462997,4481427,Nags Head,
4462997,4492732,Southern Shores,
4462997,4497520,Wanchese,
4463056,4463519,Denton,
4463056,4475773,Lexington,
4463056,4479220,Midway,
4463056,4492750,Southmont,
4463056,4494942,Thomasville,
4463056,4496065,Tyro,
4463056,4497413,Wallburg,
4463056,4498003,Welcome,
4463078,4452253,Advance,
4463078,4455042,Bermuda Run,
4463078,4461771,Cooleemee,
4463078,4471244,Hillsdale,
4463078,4479891,Mocksville,
4464351,4455473,Beulaville,
4464351,4458728,Calypso,
4464351,4465853,Faison,
4464351,4469105,Greenevers,
4464351,4474147,Kenansville,
4464351,4477762,Magnolia,
4464351,4488954,Rose Hill,
4464351,4497385,Wallace,
4464351,4497643,Warsaw,
4464374,4464368,Durham,
4464374,4468384,Gorman,
4464374,4489048,Rougemont,
4464909,4485294,Pinetops,
4464909,4486540,Princeville,
4464909,4494513,Tarboro,
4466900,4461015,Clemmons,
4466900,4474221,Kernersville,
4466900,4475767,Lewisville,
4466900,4489303,Rural Hall,
4466900,4495175,Tobaccoville,
4466900,4497373,Walkertown,
4466900,4499612,Winston-Salem,
4467141,4467161,Franklinton,
4467141,4477296,Louisburg,
4467141,4500320,Youngsville,
4467717,4454860,Belmont,
4467717,4455080,Bessemer City,
4467717,4460465,Cherryville,
4467717,4462356,Cramerton,
4467717,4462896,Dallas,
4467717,4463053,Davidson,
4467717,4467732,Gastonia,
4467717,4471064,High Shoals,
4467717,4477400,Lowell,
4467717,4478449,McAdenville,
4467717,4480560,Mount Holly,
4467717,4487158,Ranlo,
4467717,4492573,South Gastonia,
4467717,4493226,Stanley,
4467717,4495762,Tryon,
4467741,4467743,Gatesville,
4468538,4488298,Robbinsville,
4468623,4458372,Butner,
4468623,4462446,Creedmoor,
4468623,4483745,Oxford,
4469093,4478365,Maury,
4469093,4492329,Snow Hill,
4469393,4466782,Forest Oaks,
4469393,4467926,Gibsonville,
4469393,4469146,Greensboro,
4469393,4471025,High Point,
4469393,4473158,Jamestown,
4469393,4478715,McLeansville,
4469393,4482941,Oak Ridge,
4469393,4485716,Pleasant Garden,
4469393,4490759,Sedalia,
4469393,4493547,Stokesdale,
4469393,4493990,Summerfield,
4469393,4498946,Whitsett,
4469619,4465364,Enfield,
4469619,4469617,Halifax,
4469619,4471560,Hollister,
4469619,4476724,Littleton,
4469619,4488232,Roanoke Rapids,
4469619,4490606,Scotland Neck,
4469619,4492661,South Rosemary,
4469619,4492687,South Weldon,
4469619,4498017,Weldon,
4470002,4452686,Angier,
4470002,4458033,Buies Creek,
4470002,4458153,Bunnlevel,
4470002,4461169,Coats,
4470002,4464326,Dunn,
4470002,4465463,Erwin,
4470002,4475942,Lillington,
4470002,4477844,Mamers,
4470002,4497374,Walkertown,
4470398,4459120,Canton,
4470398,4461150,Clyde,
4470398,4462104,Cove Creek,
4470398,4470416,Hazelwood,
4470398,4474773,Lake Junaluska,
4470398,4477757,Maggie Valley,
4470398,4497868,Waynesville,
4470398,4498173,West Canton,
4470576,4453570,Balfour,
4470576,4453759,Barker Heights,
4470576,4462937,Dana,
4470576,4464564,East Flat Rock,
4470576,4464963,Edneyville,
4470576,4465507,Etowah,
4470576,4466444,Flat Rock,
4470576,4466547,Fletcher,
4470576,4467399,Fruitland,
4470576,4470592,Hendersonville,
4470576,4471827,Hoopers Creek,
4470576,4472025,Horse Shoe,
4470576,4475309,Laurel Park,
4470576,4479639,Mills River,
4470576,4481046,Mountain Home,
4470576,4496508,Valley Hill,
4470729,4452256,Ahoskie,
4470729,4481298,Murfreesboro,
4470729,4499635,Winton,
4471487,4466352,Five Points,
4471487,4486983,Raeford,
4471487,4488532,Rockfish,
4471487,4491692,Silver City,
4472505,4483142,Ocracoke,
4472505,4494228,Swanquarter,
4472769,4469979,Harmony,
4472769,4480125,Mooresville,
4472769,4493316,Statesville,
4472769,4495710,Troutman,
4473029,4462701,Cullowhee,
4473029,4494335,Sylva,
4473631,4452878,Archer Lodge,
4473631,4454971,Benson,
4473631,4460943,Clayton,
4473631,4466988,Four Oaks,
4473631,4474159,Kenly,
4473631,4485161,Pine Level,
4473631,4486537,Princeton,
4473631,4490778,Selma,
4473631,4492168,Smithfield,
4473631,4499483,Wilsons Mills,
4473713,4478424,Maysville,
4473713,4495585,Trenton,
4475520,4457325,Broadway,
4475520,4490329,Sanford,
4475647,4474436,Kinston,
4475647,4474627,La Grange,
4475647,4485538,Pink Hill,
4475969,4456560,Boger City,
4475969,4463523,Denver,
4475969,4472787,Iron Station,
4475969,4475995,Lincolnton,
4475969,4477481,Lowesville,
4475969,4486727,Pumpkin Center,
4475969,4498428,Westport,
4477724,4467128,Franklin,
4477724,4471123,Highlands,
4477734,4472119,Hot Springs,
4477734,4478056,Mars Hill,
4477734,4478090,Marshall,
4478142,4488314,Robersonville,
4478142,4499294,Williamston,
4478581,4478003,Marion,
4478581,4483271,Old Fort,
4478581,4498252,West Marion,
4478884,4460243,Charlotte,
4478884,4461941,Cornelius,
4478884,4472370,Huntersville,
4478884,4478334,Matthews,
4478884,4479759,Mint Hill,
4478884,4485305,Pineville,
4479817,4453467,Bakersville,
4479817,4493110,Spruce Pine,
4479988,4456054,Biscoe,
4479988,4459022,Candor,
4479988,4480497,Mount Gilead,
4479988,4493256,Star,
4479988,4495714,Troy,
4480053,4452137,Aberdeen,
4480053,4459426,Carthage,
4480053,4467089,Foxfire,
4480053,4485259,Pinebluff,
4480053,4485272,Pinehurst,
4480053,4488289,Robbins,
4480053,4490858,Seven Lakes,
4480053,4492722,Southern Pines,
4480053,4494655,Taylortown,
4480053,4049908,Vass,
4480053,4498560,Whispering Pines,
4481511,4453371,Bailey,
4481511,4453954,Battleboro,
4481511,4463942,Dortches,
4481511,4479191,Middlesex,
4481511,4481519,Nashville,
4481511,4487401,Red Oak,
4481511,4488762,Rocky Mount,
4481511,4491086,Sharpsburg,
4481511,4493028,Spring Hope,
4481511,4498571,Whitakers,
4481757,4454034,Bayshore,
4481757,4459261,Carolina Beach,
4481757,4459530,Castle Hayne,
4481757,4471143,Hightsville,
4481757,4474382,Kings Grant,
4481757,4474462,Kirkland,
4481757,4474609,Kure Beach,
4481757,4478253,Masonboro,
4481757,4481345,Murraysville,
4481757,4481385,Myrtle Grove,
4481757,7315335,Northchase,
4481757,4483174,Ogden,
4481757,4490671,Sea Breeze,
4481757,4490689,Seagate,
4481757,4491715,Silver Lake,
4481757,4491896,Skippers Corner,
4481757,4499379,Wilmington,
4481757,4500088,Wrightsboro,
4481757,4500092,Wrightsville Beach,
4482584,4461704,Conway,
4482584,4467701,Garysburg,
4482584,4467757,Gaston,
4482584,4473017,Jackson,
4482584,4487877,Rich Square,
4482584,4490677,Seaboard,
4482584,4499867,Woodland,
4483494,4469607,Half Moon,
4483494,4471629,Holly Ridge,
4483494,4473083,Jacksonville,
4483494,4482569,North Topsail Beach,
4483494,4485355,Piney Green,
4483494,4486728,Pumpkin Center,
4483494,4487941,Richlands,
4483494,4492300,Sneads Ferry,
4483494,4494238,Swansboro,
4483525,4459343,Carrboro,
4483525,4460162,Chapel Hill,
4483525,4465013,Efland,
4483525,4471241,Hillsborough,
4483897,4452465,Alliance,
4483897,4452848,Arapahoe,
4483897,4454022,Bayboro,
4483897,4468622,Grantsboro,
4483897,4483561,Oriental,
4484186,4465088,Elizabeth City,
4484498,4458175,Burgaw,
4484498,4469765,Hampstead,
4484498,4488758,Rocky Point,
4484498,4494127,Surf City,
4484605,4470727,Hertford,
4484605,4499569,Winfall,
4484671,4489200,Roxboro,
4485631,4453271,Ayden,
4485631,4455171,Bethel,
4485631,4465984,Farmville,
4485631,4469160,Greenville,
4485631,4469281,Grifton,
4485631,4499529,Windsor,
4485631,4499629,Winterville,
4486072,4461499,Columbus,
4486072,4490031,Saluda,
4486072,4495749,Tryon,
4487127,4452871,Archdale,
4487127,4453035,Asheboro,
4487127,4467167,Franklinville,
4487127,4475785,Liberty,
4487127,4487078,Ramseur,
4487127,4487116,Randleman,
4487127,4495616,Trinity,
4487947,4461890,Cordova,
4487947,4828795,Dobbins Heights,
4487947,4464672,East Rockingham,
4487947,4465198,Ellerbe,
4487947,4469730,Hamlet,
4487947,4471368,Hoffman,
4487947,4488587,Rockingham,
4488351,4453762,Barker Ten Mile,
4488351,4465691,Fairmont,
4488351,4477525,Lumberton,
4488351,4478372,Maxton,
4488351,4484490,Pembroke,
4488351,4486589,Prospect,
4488351,4487421,Red Springs,
4488351,4489185,Rowland,
4488351,4489790,Saint Pauls,
4488575,4464873,Eden,
4488575,4477732,Madison,
4488575,4478408,Mayodan,
4488575,4487682,Reidsville,
4488575,4493592,Stoneville,
4488575,4498056,Wentworth,
4489163,4460651,China Grove,
4489163,4461027,Cleveland,
4489163,4464684,East Spencer,
4489163,4465442,Enochville,
4489163,4049714,Faith,
4489163,4467129,Franklin,
4489163,4468595,Granite Quarry,
4489163,4475057,Landis,
4489163,4488600,Rockwell,
4489163,4489985,Salisbury,
4489163,4492871,Spencer,
4489357,4452358,Alexander Mills,
4489357,4459257,Caroleen,
4489357,4461066,Cliffside,
4489357,4465181,Ellenboro,
4489357,4466720,Forest City,
4489357,4474803,Lake Lure,
4489357,4489365,Rutherfordton,
4489357,4492909,Spindale,
4490053,4461101,Clinton,
4490053,4467644,Garland,
4490053,4474081,Keener,
4490053,4482109,Newton Grove,
4490053,4485665,Plain View,
4490053,4488978,Roseboro,
4490053,4492922,Spiveys Corner,
4490602,4467899,Gibson,
4490602,4475276,Laurel Hill,
4490602,4475347,Laurinburg,
4490602,4497314,Wagram,
4493238,4452303,Albemarle,
4493238,4453351,Badin,
4493238,4476786,Locust,
4493238,4479619,Millingport,
4493238,4479779,Misenheimer,
4493238,4481941,New London,
4493238,4482693,Norwood,
4493238,4482973,Oakboro,
4493238,4487360,Red Cross,
4493238,4487912,Richfield,
4493238,4493215,Stanfield,
4493539,4462940,Danbury,
4493539,4467841,Germanton,
4493539,4474316,King,
4493539,4485534,Pinnacle,
4493539,4497437,Walnut Cove,
4494132,4463810,Dobson,
4494132,4465155,Elkin,
4494132,4466446,Flat Rock,
4494132,4480378,Mount Airy,
4494132,4485005,Pilot Mountain,
4494132,4495078,Thurmond,
4494132,4495169,Toast,
4494132,4498722,White Plains,
4494189,4457719,Bryson City,
4494189,4460364,Cherokee,
4495544,4457040,Brevard,
4495544,4489022,Rosman,
4496070,4461493,Columbia,
4496196,4465711,Fairview,
4496196,4470545,Hemby Bridge,
4496196,4472687,Indian Trail,
4496196,4472957,Jaars,
4496196,4474845,Lake Park,
4496196,4478116,Marshville,
4496196,4478192,Marvin,
4496196,4479702,Mineral Springs,
4496196,4479946,Monroe,
4496196,4493186,Stallings,
4496196,4496304,Unionville,
4496196,4497833,Waxhaw,
4496196,4497956,Weddington,
4496196,4498075,Wesley Chapel,
4496196,4499573,Wingate,
4496539,4470566,Henderson,
4496539,4492581,South Henderson,
4497286,4452808,Apex,
4497286,4459467,Cary,
4497286,4467485,Fuquay-Varina,
4497286,4467657,Garner,
4497286,4468990,Green Level,
4497286,4471641,Holly Springs,
4497286,4474527,Knightdale,
4497286,4480285,Morrisville,
4497286,4487042,Raleigh,
4497286,4488859,Rolesville,
4497286,4497290,Wake Forest,
4497286,4498084,Wendell,
4497286,4500324,Zebulon,
4497598,4482264,Norlina,
4497598,4497622,Warrenton,
4497673,4485973,Plymouth,
4497673,4488913,Roper,
4497707,4456376,Blowing Rock,
4497707,4456703,Boone,
4497707,4466951,Foscoe,
4497859,4457342,Brogden,
4497859,4465291,Elroy,
4497859,4467254,Fremont,
4497859,4468261,Goldsboro,
4497859,4477971,Mar-Mac,
4497859,4480638,Mount Olive,
4497859,4484957,Pikeville,
4497859,4497476,Walnut Creek,
4499127,4462501,Cricket,
4499127,4465700,Fairplains,
4499127,4470384,Hays,
4499127,4479602,Millers Creek,
4499127,4480150,Moravian Falls,
4499127,4481212,Mulberry,
4499127,4482577,North Wilkesboro,
4499127,4485807,Pleasant Hill,
4499127,4499138,Wilkesboro,
4499428,4456098,Black Creek,
4499428,4465251,Elm City,
4499428,4477495,Lucama,
4499428,4493250,Stantonsburg,
4499428,4499389,Wilson,
4500134,4452897,Arlington,
4500134,4456748,Boonville,
4500134,4464518,East Bend,
4500134,4473796,Jonesville,
4500134,4500154,Yadkinville,
4500160,4458265,Burnsville,
4500561,4500458,Absecon,
4500561,4500546,Atlantic City,
4500561,4500920,Brigantine,
4500561,4500977,Buena,
4500561,4501305,Collings Lakes,
4500561,4501646,Egg Harbor City,
4500561,4501689,Elwood,
4500561,4501708,Estell Manor,
4500561,4501808,Folsom,
4500561,4502129,Hammonton,
4500561,4502690,Linwood,
4500561,4502777,Longport,
4500561,4502904,Margate City,
4500561,4502962,Mays Landing,
4500561,4503316,Northfield,
4500561,4503646,Pleasantville,
4500561,4503665,Pomona,
4500561,4503682,Port Republic,
4500561,4504164,Smithville,
4500561,4504186,Somers Point,
4500561,4504598,Ventnor City,
4500994,5095691,Beverly,
4500994,5095847,Bordentown,
4500994,4500959,Browns Mills,
4500994,5096075,Burlington,
4500994,4501234,Cinnaminson,
4500994,5096832,Columbus,
4500994,4501360,Country Lake Estates,
4500994,5097206,Delanco,
4500994,5097521,Edgewater Park,
4500994,5097890,Fieldsboro,
4500994,5098086,Florence,
4500994,5098132,Fort Dix,
4500994,4502667,Leisuretowne,
4500994,4502820,Lumberton,
4500994,4502832,Magnolia,
4500994,4502901,Maple Shade,
4500994,4502911,Marlton,
4500994,7258259,McGuire AFB,
4500994,4502986,Medford Lakes,
4500994,7258303,Moorestown-Lenola,
4500994,4503134,Mount Holly,
4500994,4503136,Mount Laurel,
4500994,5102378,Palmyra,
4500994,4503532,Pemberton,
4500994,4503534,Pemberton Heights,
4500994,4503698,Presidential Lakes Estates,
4500994,4503736,Ramblewood,
4500994,5103335,Riverton,
4500994,5103431,Roebling,
4500994,4504618,Vincentown,
4500994,5106453,Willingboro,
4500994,5106612,Wrightstown,
4501019,4500538,Ashland,
4501019,4500541,Atco,
4501019,4500572,Audubon,
4501019,4500574,Audubon Park,
4501019,4500653,Barrington,
4501019,4500750,Bellmawr,
4501019,4500771,Berlin,
4501019,4500845,Blackwood,
4501019,4500957,Brookfield,
4501019,4500950,Brooklawn,
4501019,4501018,Camden,
4501019,4501198,Cherry Hill,
4501019,4501204,Cherry Hill Mall,
4501019,4501210,Chesilhurst,
4501019,4501269,Clementon,
4501019,4501306,Collingswood,
4501019,4501632,Echelon,
4501019,4501677,Ellisburg,
4501019,4828864,Florence,
4501019,4501919,Gibbsboro,
4501019,4501940,Glendora,
4501019,4501943,Gloucester City,
4501019,4501956,Golden Triangle,
4501019,4502049,Greentree,
4501019,4502093,Haddon Heights,
4501019,4502103,Haddonfield,
4501019,4502224,Hi-Nella,
4501019,4502434,Jackson,
4501019,4502543,Kingston Estates,
4501019,4502649,Laurel Springs,
4501019,4502641,Lawnside,
4501019,4502687,Lindenwold,
4501019,4502833,Magnolia,
4501019,4828862,Merchantville,
4501019,4503132,Mount Ephraim,
4501019,4503339,Oaklyn,
4501019,4503548,Pennsauken,
4501019,4503606,Pine Hill,
4501019,4503953,Runnemede,
4501019,4504118,Sicklerville,
4501019,4504180,Somerdale,
4501019,4504250,Springdale,
4501019,4504336,Stratford,
4501019,4504910,Wood-Lynne,
4501053,4500579,Avalon,
4501053,4500748,Belleplain,
4501053,4500991,Burleigh,
4501053,4501066,Cape May,
4501053,4501057,Cape May Court House,
4501053,4501706,Erma,
4501053,4503299,North Cape May,
4501053,4503313,North Wildwood,
4501053,4503351,Ocean City,
4501053,4503788,Rio Grande,
4501053,4504003,Sea Isle City,
4501053,4504308,Stone Harbor,
4501053,4504616,Villas,
4501053,4504783,West Cape May,
4501053,4504802,West Wildwood,
4501053,4504839,Whitesboro,
4501053,7259197,Whitesboro-Burleigh,
4501053,4504856,Wildwood,
4501053,4504857,Wildwood Crest,
4501053,4504911,Woodbine,
4501427,4500942,Bridgeton,
4501427,4501173,Cedarville,
4501427,4501732,Fairton,
4501427,4502621,Laurel Lake,
4501427,4503078,Millville,
4501427,4503681,Port Norris,
4501427,4503816,Rosenhayn,
4501427,4504007,Seabrook Farms,
4501427,4504091,Shiloh,
4501427,4504225,South Vineland,
4501427,4504621,Vineland,
4501944,4500739,Beckett,
4501944,4501265,Clayton,
4501944,4501921,Gibbstown,
4501944,4501931,Glassboro,
4501944,4503195,Mullica Hill,
4501944,4503217,National Park,
4501944,4503264,Newfield,
4501944,4828875,Oak Valley,
4501944,4503516,Paulsboro,
4501944,4503635,Pitman,
4501944,4503781,Richwood,
4501944,4504048,Sewell,
4501944,4504391,Swedesboro,
4501944,4504536,Turnersville,
4501944,4504608,Victory Lakes,
4501944,4504761,Wenonah,
4501944,4504811,Westville,
4501944,4504871,Williamstown,
4501944,4504915,Woodbury,
4501944,4504919,Woodbury Heights,
4503355,4500630,Barnegat,
4503355,4500637,Barnegat Light,
4503355,5095432,Bay Head,
4503355,4500688,Bayville,
4503355,4500696,Beach Haven,
4503355,4500704,Beach Haven West,
4503355,4500709,Beachwood,
4503355,5095947,Brick,
4503355,4501111,Cedar Glen Lakes,
4503355,5096370,Cedar Glen West,
4503355,4501393,Crestwood Village,
4503355,4501550,Dover Beaches North,
4503355,4501551,Dover Beaches South,
4503355,4501818,Forked River,
4503355,7258740,Holiday City South,
4503355,7258741,Holiday City-Berkeley,
4503355,4502271,Holiday Heights,
4503355,4502420,Island Heights,
4503355,5100269,Lakehurst,
4503355,5100280,Lakewood,
4503355,4502635,Lavallette,
4503355,5100381,Leisure Knoll,
4503355,5100382,Leisure Village,
4503355,5100383,Leisure Village East,
4503355,7258852,Leisure Village West-Pine Lake Park,
4503355,4502866,Manahawkin,
4503355,4503204,Mystic Island,
4503355,5101737,New Egypt,
4503355,4503289,North Beach Haven,
4503355,4503346,Ocean Acres,
4503355,4503360,Ocean Gate,
4503355,4503596,Pine Beach,
4503355,5102691,Pine Lake Park,
4503355,4503617,Pine Ridge at Crestwood,
4503355,5102796,Point Pleasant,
4503355,5102798,Point Pleasant Beach,
4503355,4504010,Seaside Heights,
4503355,4504014,Seaside Park,
4503355,4504096,Ship Bottom,
4503355,4504131,Silver Ridge,
4503355,4504221,South Toms River,
4503355,4504375,Surf City,
4503355,4504476,Toms River,
4503355,4504525,Tuckerton,
4503355,5105855,Vista Center,
4503355,4504713,Waretown,
4503949,4500491,Alloway,
4503949,4501073,Carneys Point,
4503949,4501678,Elmer,
4503949,4503401,Olivet,
4503949,4503529,Pedricktown,
4503949,4503544,Penns Grove,
4503949,4503555,Pennsville,
4503949,4503716,Quinton,
4503949,4503944,Salem,
4503949,4504946,Woodstown,
4505006,4517471,Manchester,
4505006,4521011,Peebles,
4505006,4524299,Seaman,
4505006,4528071,West Union,
4505006,4528527,Winchester,
4505546,4505068,Albany,
4505546,4505542,Athens,
4505546,4507327,Buchtel,
4505546,4508373,Chauncey,
4505546,4512821,Glouster,
4505546,4519445,Nelsonville,
4505546,4526215,The Plains,
4507215,4504988,Aberdeen,
4507215,4512584,Georgetown,
4507215,4513572,Hamersville,
4507215,4519005,Mount Orab,
4507215,4522540,Ripley,
4507215,4523072,Russellville,
4507215,4523924,Sardinia,
4507568,4506031,Beckett Ridge,
4507568,4509834,Darrtown,
4507568,4511283,Fairfield,
4507568,4513575,Hamilton,
4507568,4517759,Mayfield,
4507568,4518264,Middletown,
4507568,4518464,Millville,
4507568,4518550,Monroe,
4507568,4519627,New Miami,
4507568,4520760,Oxford,
4507568,4522884,Ross,
4507568,4524401,Seven Mile,
4507568,4526469,Trenton,
4507568,4528187,Wetherington,
4507568,4528424,Williamsdale,
4508810,4509699,Crystal Lakes,
4508810,4511086,Enon,
4508810,4513216,Green Meadows,
4508810,4514429,Holiday Valley,
4508810,4516749,Lisbon,
4508810,4519497,New Carlisle,
4508810,4519950,Northridge,
4508810,4520864,Park Layne,
4508810,4525041,South Charleston,
4508810,4525353,Springfield,
4508924,4505219,Amelia,
4508924,4505868,Batavia,
4508924,4506308,Bethel,
4508924,4509882,Day Heights,
4508924,4511551,Felicity,
4508924,4512940,Goshen,
4508924,4518307,Milford,
4508924,4518834,Mount Carmel,
4508924,4519047,Mount Repose,
4508924,4519246,Mulberry,
4508924,4519657,New Richmond,
4508924,4520741,Owensville,
4508924,4525829,Summerside,
4508924,4528414,Williamsburg,
4508924,4528596,Withamsville,
4508988,4506684,Blanchester,
4508988,4508872,Clarksville,
4508988,4519701,New Vienna,
4508988,4523097,Sabina,
4508988,4528463,Wilmington,
4511295,4505202,Amanda,
4511295,4505716,Baltimore,
4511295,4828883,Bremen,
4511295,4507987,Carroll,
4511295,4511285,Fairfield Beach,
4511295,4512557,Geneva,
4511295,4516233,Lancaster,
4511295,4516752,Lithopolis,
4511295,4518397,Millersport,
4511295,4521209,Pickerington,
4511295,4521632,Pleasantville,
4511295,4525628,Stoutsville,
4511295,4526317,Thurston,
4511521,4506736,Bloomingburg,
4511521,4515485,Jeffersonville,
4511521,4527660,Washington Court House,
4512214,4506487,Bexley,
4512214,4506666,Blacklick Estates,
4512214,4507883,Canal Winchester,
4512214,4509177,Columbus,
4512214,4509813,Darbydale,
4512214,5152333,Dublin,
4512214,5155393,Gahanna,
4512214,4513057,Grandview Heights,
4512214,4513409,Grove City,
4512214,4513425,Groveport,
4512214,5157588,Hilliard,
4512214,5158156,Huber Ridge,
4512214,4516127,Lake Darby,
4512214,4516701,Lincoln Village,
4512214,4517557,Marble Cliff,
4512214,5163149,Minerva Park,
4512214,5164202,New Albany,
4512214,4520177,Obetz,
4512214,4522411,Reynoldsburg,
4512214,5168266,Riverlea,
4512214,4526993,Upper Arlington,
4512214,4527030,Urbancrest,
4512214,4527086,Valley View,
4512214,5176472,Westerville,
4512214,4528291,Whitehall,
4512214,5177396,Worthington,
4512438,4512449,Gallipolis,
4512438,4522533,Rio Grande,
4513280,4506008,Beavercreek,
4513280,4506166,Bellbrook,
4513280,4508132,Cedarville,
4513280,4511263,Fairborn,
4513280,4515427,Jamestown,
4513280,4524538,Shawnee Hills,
4513280,4528348,Wilberforce,
4513280,7259649,Wright-Patterson AFB,
4513280,4528810,Xenia,
4513280,4528866,Yellow Springs,
4513583,4505028,Addyston,
4513583,4505215,Amberley,
4513583,4505419,Arlington Heights,
4513583,4506754,Blue Ash,
4513583,4506785,Blue Jay,
4513583,4507067,Bridgetown,
4513583,4508395,Cherry Grove,
4513583,4508465,Cheviot,
4513583,4508722,Cincinnati,
4513583,4508944,Cleves,
4513583,7315572,Concorde Hills,
4513583,4509506,Covedale,
4513583,4509986,Deer Park,
4513583,4050006,Delhi Hills,
4513583,4510062,Dent,
4513583,4510143,Dillonvale,
4513583,4510329,Dry Ridge,
4513583,4510342,Dry Run,
4513583,4510456,Dunlap,
4513583,4510996,Elmwood Place,
4513583,4511196,Evendale,
4513583,4511274,Fairfax,
4513583,4511642,Finneytown,
4513583,4512060,Forest Park,
4513583,4512083,Forestville,
4513583,4512378,Fruit Hill,
4513583,4512773,Glendale,
4513583,4512862,Golf Manor,
4513583,4513047,Grandview,
4513583,4513309,Greenhills,
4513583,4513394,Groesbeck,
4513583,4513805,Harrison,
4513583,4514228,Highpoint,
4513583,4514587,Hooven,
4513583,4515813,Kenwood,
4513583,4516677,Lincoln Heights,
4513583,4516931,Lockland,
4513583,4517140,Loveland,
4513583,4517323,Mack,
4513583,4517353,Madeira,
4513583,4517580,Mariemont,
4513583,4518151,Miami Heights,
4513583,4518202,Miamitown,
4513583,4518596,Monfort Heights,
4513583,4518597,Montgomery,
4513583,4518890,Mount Healthy,
4513583,4518892,Mount Healthy Heights,
4513583,4519470,New Baltimore,
4513583,4519486,New Burlington,
4513583,4519540,New Haven,
4513583,4519761,Newtown,
4513583,4519835,North Bend,
4513583,4519853,North College Hill,
4513583,4519924,Northbrook,
4513583,4519938,Northgate,
4513583,4519995,Norwood,
4513583,4521534,Pleasant Hills,
4513583,4521565,Pleasant Run,
4513583,4521571,Pleasant Run Farm,
4513583,4522228,Reading,
4513583,4522916,Rossmoyne,
4513583,4523190,Saint Bernard,
4513583,4523769,Salem Heights,
4513583,4524499,Sharonville,
4513583,4524626,Sherwood,
4513583,4524753,Silverton,
4513583,4524804,Sixteen Mile Stand,
4513583,4524817,Skyline Acres,
4513583,4525310,Springdale,
4513583,4526172,Terrace Park,
4513583,4526225,The Village of Indian Hill,
4513583,4050118,Turpin Hills,
4513583,4527546,Walnut Hills,
4513583,4528259,White Oak,
4513583,4528695,Woodlawn,
4513583,4528793,Wyoming,
4514204,4513294,Greenfield,
4514204,8085630,Highland Holiday,
4514204,4514282,Hillsboro,
4514204,4516446,Leesburg,
4514204,4517264,Lynchburg,
4514204,8085629,Rocky Fork Point,
4514358,4514155,Hide-A-Way Hills,
4514358,4516336,Laurelville,
4514358,4516989,Logan,
4515328,4515318,Jackson,
4515328,4520081,Oak Hill,
4515328,4527879,Wellston,
4516351,4507497,Burlington,
4516351,4508412,Chesapeake,
4516351,4509035,Coal Grove,
4516351,4515247,Ironton,
4516351,4521969,Proctorville,
4516351,4525103,South Point,
4517365,4506309,Bethel,
4517365,4508506,Choctaw Lake,
4517365,4517009,London,
4517365,4519065,Mount Sterling,
4517365,5166865,Plain City,
4517365,4528015,West Jefferson,
4518038,4518257,Middleport,
4518038,4521708,Pomeroy,
4518038,4050068,Racine,
4518038,4526027,Syracuse,
4518563,4523929,Sardis,
4518563,4528724,Woodsfield,
4518598,4506170,Belmont,
4518598,4507188,Brookville,
4518598,4508204,Centerville,
4518598,4508885,Clayton,
4518598,4509884,Dayton,
4518598,4510303,Drexel,
4518598,4511064,Englewood,
4518598,4511500,Farmersville,
4518598,4512145,Fort McKinley,
4518598,4512620,Germantown,
4518598,4514746,Huber Heights,
4518598,4515843,Kettering,
4518598,4518188,Miamisburg,
4518598,4518661,Moraine,
4518598,4519583,New Lebanon,
4518598,4519951,Northridge,
4518598,4520163,Oakwood,
4518598,4521179,Phillipsburg,
4518598,4522586,Riverside,
4518598,4524642,Shiloh,
4518598,4526576,Trotwood,
4518598,4526790,Union,
4518598,4527124,Vandalia,
4518598,4527963,West Carrollton City,
4518677,4517461,Malta,
4518677,4517816,McConnelsville,
4519300,5152291,Dresden,
4519300,4510418,Duncan Falls,
4519300,5155125,Frazeysburg,
4519300,4519510,New Concord,
4519300,4519923,North Zanesville,
4519300,4521187,Philo,
4519300,4521465,Pleasant Grove,
4519300,4522898,Roseville,
4519300,4525137,South Zanesville,
4519300,4528923,Zanesville,
4519808,4507661,Caldwell,
4521093,4509436,Corning,
4521093,4509634,Crooksville,
4521093,4515688,Junction City,
4521093,4519591,New Lexington,
4521093,4519685,New Straitsville,
4521093,4524528,Shawnee,
4521093,4524993,Somerset,
4521093,4526284,Thornport,
4521093,4526291,Thornville,
4521196,4505522,Ashville,
4521196,4508778,Circleville,
4521196,4509221,Commercial Point,
4521196,4516993,Logan Elm Village,
4521196,4519545,New Holland,
4521196,4525028,South Bloomfield,
4521196,4528434,Williamsport,
4521245,4521268,Piketon,
4521245,4527760,Waverly,
4521907,4507755,Camden,
4521907,4510719,Eaton,
4521907,4513117,Gratis,
4521907,8480058,Lake Lakengren,
4521907,4516523,Lewisburg,
4521907,4519642,New Paris,
4521907,4527941,West Alexandria,
4522889,4505273,Andersonville,
4522889,4505667,Bainbridge,
4522889,4828890,Chillicothe,
4522889,4512200,Frankfort,
4522889,4515947,Kingston,
4522889,4519883,North Fork Village,
4524221,4508853,Clarktown,
4524221,4512229,Franklin Furnace,
4524221,4517204,Lucasville,
4524221,4518469,Minford,
4524221,4519478,New Boston,
4524221,4521816,Portsmouth,
4524221,4522873,Rosemount,
4524221,4524253,Sciotodale,
4524221,4525131,South Webster,
4524221,4528051,West Portsmouth,
4524221,4528203,Wheelersburg,
4527250,4513566,Hamden,
4527250,4517774,McArthur,
4527624,4507937,Carlisle,
4527624,4511939,Five Points,
4527624,4512203,Franklin,
4527624,4513891,Harveysburg,
4527624,4514822,Hunter,
4527624,4515935,Kings Mills,
4527624,4516248,Landen,
4527624,4516412,Lebanon,
4527624,4517142,Loveland Park,
4527624,4517441,Maineville,
4527624,4517698,Mason,
4527624,4518737,Morrow,
4527624,4525084,South Lebanon,
4527624,4525304,Springboro,
4527624,4527805,Waynesville,
4527654,4506187,Belpre,
4527654,4506474,Beverly,
4527654,4510098,Devola,
4527654,4517157,Lowell,
4527654,4517586,Marietta,
4527654,4519625,New Matamoras,
4527654,4519745,Newport,
4527654,4522359,Reno,
4529106,4530278,Bell,
4529106,4532995,Cherry Tree,
4529106,4536106,Fairfield,
4529106,4552280,Stilwell,
4529106,4555189,Westville,
4529227,4532929,Cherokee,
4529227,4538544,Helena,
4529605,4529604,Atoka,
4530237,4535823,Elk City,
4530237,4535992,Erick,
4530237,4550928,Sayre,
4530876,4532268,Canton,
4530876,4537530,Geary,
4530876,4539217,Hydro,
4530876,4544263,Okeene,
4530876,4554800,Watonga,
4531565,4529091,Achille,
4531565,4531136,Bokchito,
4531565,4531896,Caddo,
4531565,4531980,Calera,
4531565,4532415,Cartwright,
4531565,4533854,Colbert,
4531565,4535414,Durant,
4531901,4529353,Anadarko,
4531901,4529424,Apache,
4531901,4530700,Binger,
4531901,4532357,Carnegie,
4531901,4534687,Cyril,
4531901,4537096,Fort Cobb,
4531901,4538801,Hinton,
4532136,4531994,Calumet,
4532136,4535783,El Reno,
4532136,4543352,Mustang,
4532136,4544257,Okarche,
4532136,4547969,Piedmont,
4532136,4553709,Union City,
4532136,4556165,Yukon,
4532398,4529469,Ardmore,
4532398,4535089,Dickson,
4532398,4538506,Healdton,
4532398,4541625,Lone Grove,
4532398,4552061,Springer,
4532398,4555790,Wilson,
4532932,4539163,Hulbert,
4532932,4540182,Keys,
4532932,4541773,Lost City,
4532932,4547567,Park Hill,
4532932,4547782,Peggs,
4532932,4547915,Pettit,
4532932,4551124,Shady Grove,
4532932,4552707,Tahlequah,
4532932,4554915,Welling,
4532932,4555997,Woodall,
4533135,4531202,Boswell,
4533135,4539145,Hugo,
4533690,4538234,Hall Park,
4533690,4540932,Lexington,
4533690,4542975,Moore,
4533690,4543733,Noble,
4533690,4543762,Norman,
4533690,4551448,Slaughterville,
4533759,4828923,Coalgate,
4533932,4531875,Cache,
4533932,4535806,Elgin,
4533932,4536996,Fletcher,
4533932,4537560,Geronimo,
4533932,4540737,Lawton,
4533932,4552189,Sterling,
4534159,4552840,Temple,
4534159,4554634,Walters,
4534416,4554496,Vinita,
4534416,4554897,Welch,
4534444,4531370,Bristow,
4534444,4535287,Drumright,
4534444,4540109,Kellyville,
4534444,4540261,Kiefer,
4534444,4542113,Mannford,
4534444,4543082,Mounds,
4534444,4544252,Oilton,
4534444,4550881,Sapulpa,
4534674,4529448,Arapaho,
4534674,4533738,Clinton,
4534674,4552981,Thomas,
4534674,4554858,Weatherford,
4534948,4530353,Bernice,
4534948,4533683,Cleora,
4534948,4533878,Colcord,
4534948,4534096,Copeland,
4534948,4537003,Flint Creek,
4534948,4538126,Grove,
4534948,4539557,Jay,
4534948,4540051,Kansas,
4534948,4540155,Kenwood,
4534948,4555100,West Siloam Springs,
4535054,4551021,Seiling,
4535054,4552740,Taloga,
4535054,4554425,Vici,
4535845,4529499,Arnett,
4535845,4551173,Shattuck,
4537472,4534305,Covington,
4537472,4535961,Enid,
4537472,4537470,Garber,
4537472,4540495,Lahoma,
4537472,4543821,North Enid,
4537472,4554823,Waukomis,
4537513,4535904,Elmore City,
4537513,4541116,Lindsay,
4537513,4542312,Maysville,
4537513,4547544,Paoli,
4537513,4547690,Pauls Valley,
4537513,4552339,Stratford,
4537513,4556096,Wynnewood,
4537854,4529220,Alex,
4537854,4533029,Chickasha,
4537854,4542876,Minco,
4537854,4543724,Ninnekah,
4537854,4549984,Rush Springs,
4537854,4553574,Tuttle,
4537854,4554400,Verden,
4537914,4542557,Medford,
4537914,4548280,Pond Creek,
4538074,4537904,Granite,
4538074,4542100,Mangum,
4538322,4538890,Hollis,
4538342,4531627,Buffalo,
4538342,4540713,Laverne,
4538431,4540158,Keota,
4538431,4542424,McCurtain,
4538431,4552206,Stigler,
4539140,4538869,Holdenville,
4539140,4555204,Wetumka,
4539499,4529292,Altus,
4539499,4530879,Blair,
4539499,4547214,Olustee,
4539571,4549253,Ringling,
4539571,4550007,Ryan,
4539571,4554829,Waurika,
4539716,4542121,Mannsville,
4539716,4548955,Ravia,
4539716,4553126,Tishomingo,
4540074,4530866,Blackwell,
4540074,4543627,Newkirk,
4540074,4548267,Ponca City,
4540074,4553160,Tonkawa,
4540316,4532432,Cashion,
4540316,4538562,Hennessey,
4540316,4540313,Kingfisher,
4540342,4538821,Hobart,
4540342,4543228,Mountain View,
4540342,4551532,Snyder,
4540696,4549026,Red Oak,
4540696,4555423,Wilburton,
4540759,4529480,Arkoma,
4540759,4538519,Heavener,
4540759,4539113,Howe,
4540759,4547504,Panama,
4540759,4548233,Pocola,
4540759,4548363,Poteau,
4540759,4549574,Rock Island,
4540759,4551141,Shady Point,
4540759,4551934,Spiro,
4540759,4552725,Talihina,
4540759,4555925,Wister,
4541067,4532366,Carney,
4541067,4532846,Chandler,
4541067,4534763,Davenport,
4541067,4542564,Meeker,
4541067,4548393,Prague,
4541067,4552361,Stroud,
4541067,4553407,Tryon,
4541067,4554920,Wellston,
4541599,4534452,Crescent,
4541599,4538142,Guthrie,
4541599,4540677,Langston,
4541812,4542164,Marietta,
4542080,4536124,Fairview,
4542080,4549257,Ringwood,
4542194,4540329,Kingston,
4542194,4542052,Madill,
4542194,4544175,Oakland,
4542291,4529104,Adair,
4542291,4533166,Chouteau,
4542291,4540676,Langley,
4542291,4541597,Locust Grove,
4542291,4548516,Pryor,
4542291,10103966,Pryor Creek,
4542291,4550364,Salina,
4542393,4530883,Blanchard,
4542393,4050178,Cole,
4542393,4535076,Dibble,
4542393,4537728,Goldsby,
4542393,4543622,Newcastle,
4542393,4548560,Purcell,
4542393,4554703,Washington,
4542393,4554839,Wayne,
4542417,4531414,Broken Bow,
4542417,4535474,Eagletown,
4542417,4539224,Idabel,
4542417,4554351,Valliant,
4542417,4556085,Wright City,
4542456,4532917,Checotah,
4542456,4536031,Eufaula,
4542456,4552897,Texanna,
4543314,4534774,Davis,
4543314,4552519,Sulphur,
4543342,4537123,Fort Gibson,
4543342,4538428,Haskell,
4543342,4543338,Muskogee,
4543342,4548320,Porum,
4543342,4554693,Warner,
4543342,4554891,Webbers Falls,
4543736,4530685,Billings,
4543736,4543040,Morrison,
4543736,4547861,Perry,
4544026,4544025,Nowata,
4544026,4551673,South Coffeyville,
4544284,4531160,Boley,
4544284,4544272,Okemah,
4544284,4554906,Weleetka,
4544356,4530372,Bethany,
4544356,4533130,Choctaw,
4544356,4534934,Del City,
4544356,4535740,Edmond,
4544356,4537079,Forest Park,
4544356,4538346,Harrah,
4544356,4539726,Jones,
4544356,4541984,Luther,
4544356,4542765,Midwest City,
4544356,4543652,Nichols Hills,
4544356,4543671,Nicoma Park,
4544356,4544349,Oklahoma City,
4544356,4551915,Spencer,
4544356,4552969,The Village,
4544356,4554325,Valley Brook,
4544356,4554687,Warr Acres,
4544386,4530265,Beggs,
4544386,4535044,Dewar,
4544386,4538577,Henryetta,
4544386,4543027,Morris,
4544386,4544383,Okmulgee,
4544386,4550962,Schulter,
4544386,4555791,Wilson,
4544386,4555841,Winchester,
4547304,4529973,Barnsdall,
4547304,4536099,Fairfax,
4547304,4538955,Hominy,
4547304,4542404,McCord,
4547304,4547675,Pawhuska,
4547304,4551408,Skiatook,
4547357,4529143,Afton,
4547357,4533952,Commerce,
4547357,4536109,Fairland,
4547357,4542692,Miami,
4547357,4548606,Quapaw,
4547688,4533688,Cleveland,
4547688,4547684,Pawnee,
4547701,4534659,Cushing,
4547701,4537629,Glencoe,
4547701,4547849,Perkins,
4547701,4552215,Stillwater,
4547701,4556110,Yale,
4548102,4538217,Haileyville,
4548102,4538400,Hartshorne,
4548102,4540339,Kiowa,
4548102,4540422,Krebs,
4548102,4541748,Longtown,
4548102,4542367,McAlester,
4548102,4548780,Quinton,
4548102,4550923,Savanna,
4548292,4529096,Ada,
4548292,4529244,Allen,
4548292,4531846,Byng,
4548292,4549633,Roff,
4548371,4530396,Bethel Acres,
4548371,4535488,Earlsboro,
4548371,4542500,McLoud,
4548371,4548088,Pink,
4548371,4551177,Shawnee,
4548371,4552820,Tecumseh,
4548586,4529418,Antlers,
4548586,4533617,Clayton,
4549635,4533006,Cheyenne,
4549635,4538254,Hammon,
4549638,4531785,Bushyhead,
4549638,4532493,Catoosa,
4549638,4532918,Chelsea,
4549638,4533580,Claremore,
4549638,4539351,Inola,
4549638,4539775,Justice,
4549638,4541049,Limestone,
4549638,4547242,Oologah,
4549638,4551063,Sequoyah,
4549638,4554401,Verdigris,
4551046,4540403,Konawa,
4551046,4542267,Maud,
4551046,4551042,Seminole,
4551046,4555211,Wewoka,
4551067,4531310,Brent,
4551067,4531516,Brushy,
4551067,4532335,Carlisle,
4551067,4537760,Gore,
4551067,4543280,Muldrow,
4551067,4549125,Remy,
4551067,4549656,Roland,
4551067,4550374,Sallisaw,
4551067,4554418,Vian,
4552182,4531300,Bray,
4552182,4532776,Central High,
4552182,4533928,Comanche,
4552182,4535389,Duncan,
4552182,4535949,Empire City,
4552182,4542179,Marlow,
4552182,4542643,Meridian,
4552182,4554395,Velma,
4553073,4537289,Frederick,
4553073,4537884,Grandfield,
4553073,4553121,Tipton,
4553440,4530801,Bixby,
4553440,4531405,Broken Arrow,
4553440,4533909,Collinsville,
4553440,4537641,Glenpool,
4553440,4539615,Jenks,
4553440,4544174,Oakhurst,
4553440,4547407,Owasso,
4553440,4550659,Sand Springs,
4553440,4551928,Sperry,
4553440,4553433,Tulsa,
4553440,4553549,Turley,
4554551,4534386,Coweta,
4554551,4544261,Okay,
4554551,4548312,Porter,
4554551,4554548,Wagoner,
4554708,4529987,Bartlesville,
4554708,4534098,Copan,
4554708,4535051,Dewey,
4554708,4548897,Ramona,
4554753,4531760,Burns Flat,
4554753,4532279,Canute,
4554753,4534117,Cordell,
4554753,4534122,Corn,
4554753,4535097,Dill City,
4554753,4551060,Sentinel,
4556038,4529308,Alva,
4556038,4554849,Waynoka,
4556051,4542994,Mooreland,
4556051,4556050,Woodward,
4556228,4556216,Abbottstown,
4556228,4556310,Arendtsville,
4556228,4556502,Bendersville,
4556228,4556595,Biglerville,
4556228,4556694,Bonneauville,
4556228,4557014,Carroll Valley,
4556228,4557666,East Berlin,
4556228,4557858,Fairfield,
4556228,4558183,Gettysburg,
4556228,4558466,Hampton,
4556228,4558543,Heidlersburg,
4556228,4558770,Hunterstown,
4556228,4559042,Lake Heritage,
4556228,4559053,Lake Meade,
4556228,4559273,Littlestown,
4556228,4559553,McSherrystown,
4556228,4559639,Midway,
4556228,4559831,Mount Pleasant,
4556228,4559983,New Oxford,
4556228,5220369,York Springs,
4568959,4568985,Abbeville,
4568959,4573077,Calhoun Falls,
4568959,4577039,Due West,
4568959,4584434,Lake Secession,
4569073,4569067,Aiken,
4569073,4570590,Belvedere,
4569073,4572857,Burnettown,
4569073,4574947,Clearwater,
4569073,4579923,Gloverville,
4569073,4580265,Graniteville,
4569073,4583213,Jackson,
4569073,4584633,Langley,
4569073,4588936,New Ellenton,
4569073,4589368,North Augusta,
4569073,4599961,Wagener,
4569073,4600173,Warrenville,
4569210,4569207,Allendale,
4569210,4578047,Fairfax,
4569313,4569298,Anderson,
4569313,4570579,Belton,
4569313,4574140,Centerville,
4569313,4582142,Homeland Park,
4569313,4582133,Honea Path,
4569313,4583127,Iva,
4569313,4589508,Northlake,
4569313,4590762,Pendleton,
4569313,4590980,Piedmont,
4569313,4591977,Powdersville,
4569313,4600598,West Pelzer,
4569313,4601167,Williamston,
4569930,4569929,Bamberg,
4569930,4576544,Denmark,
4569930,4577622,Ehrhardt,
4570020,4570015,Barnwell,
4570020,4571582,Blackville,
4570020,4571804,Boiling Springs,
4570020,4601196,Williston,
4570292,4570284,Beaufort,
4570292,4571722,Bluffton,
4570292,4572881,Burton,
4570292,4581833,Hilton Head,
4570292,4581832,Hilton Head Island,
4570292,4584683,Laurel Bay,
4570292,4591896,Port Royal,
4570292,4595568,Shell Point,
4570707,4571856,Bonneau,
4570707,4571857,Bonneau Beach,
4570707,4580098,Goose Creek,
4570707,4581023,Hanahan,
4570707,4584277,Ladson,
4570707,4587511,Moncks Corner,
4570707,4591411,Pinopolis,
4570707,4594546,Saint Stephen,
4570707,4594971,Sangaree,
4573075,4589590,Oak Grove,
4573075,4594258,Saint Matthews,
4574328,4569793,Awendaw,
4574328,4574324,Charleston,
4574328,4578801,Folly Beach,
4574328,4582042,Hollywood,
4574328,4583114,Isle of Palms,
4574328,12022259,James Island,
4574328,4584020,Kiawah Island,
4574328,4585198,Lincolnville,
4574328,4586615,McClellanville,
4574328,4586944,Meggett,
4574328,4588165,Mount Pleasant,
4574328,4589387,North Charleston,
4574328,4592411,Ravenel,
4574328,4595249,Seabrook Island,
4574328,4595569,Shell Point,
4574328,4597882,Sullivans Island,
4574428,4571593,Blacksburg,
4574428,4577314,East Gaffney,
4574428,4579418,Gaffney,
4574531,4574565,Chester,
4574531,4577930,Eureka Mill,
4574531,4578973,Fort Lawn,
4574531,4579635,Gayle Mill,
4574531,4580354,Great Falls,
4574554,4574434,Cheraw,
4574554,4574550,Chesterfield,
4574554,4583337,Jefferson,
4574554,4586586,McBee,
4574554,4590338,Pageland,
4574857,4586196,Manning,
4574857,4597911,Summerton,
4574857,4599063,Turbeville,
4575230,4575687,Cottageville,
4575230,4600065,Walterboro,
4576323,4576319,Darlington,
4576323,4581261,Hartsville,
4576323,4584541,Lamar,
4576323,4585971,Lydia,
4576323,4589426,North Hartsville,
4576323,4596238,Society Hill,
4576657,4576653,Dillon,
4576657,4584453,Lake View,
4576657,4584668,Latta,
4576822,4574143,Centerville,
4576822,4581116,Harleyville,
4576822,4592922,Ridgeville,
4576822,4593797,Saint George,
4576822,4597919,Summerville,
4577533,4577532,Edgefield,
4577533,4583636,Johnston,
4577533,4588654,Murphys Estates,
4578064,4601335,Winnsboro,
4578064,4601336,Winnsboro Mills,
4578745,4575793,Coward,
4578745,4578737,Florence,
4578745,4583632,Johnsonville,
4578745,4584322,Lake City,
4578745,4589932,Olanta,
4578745,4590413,Pamplico,
4578745,4592273,Quinby,
4578745,4595216,Scranton,
4578745,4598692,Timmonsville,
4579666,4579662,Georgetown,
4579666,4588682,Murrells Inlet,
4580549,4570664,Berea,
4580549,4574835,City View,
4580549,4577121,Dunean,
4580549,4578602,Five Forks,
4580549,4579043,Fountain Inn,
4580549,4579484,Gantt,
4580549,4579979,Golden Grove,
4580549,4580543,Greenville,
4580549,4580599,Greer,
4580549,4583795,Judson,
4580549,4586523,Mauldin,
4580549,4590476,Parker,
4580549,4594975,Sans Souci,
4580549,4595864,Simpsonville,
4580549,7260133,Slater-Marietta,
4580549,4598353,Taylors,
4580549,4598650,Tigerville,
4580549,4598865,Travelers Rest,
4580549,4599937,Wade Hampton,
4580549,4600413,Welcome,
4580575,4580569,Greenwood,
4580575,4589300,Ninety Six,
4580575,4592087,Promised Land,
4580575,4600141,Ware Shoals,
4580988,4572537,Brunson,
4580988,4577897,Estill,
4580988,4580983,Hampton,
4580988,4599493,Varnville,
4580988,4601693,Yemassee,
4582287,4569801,Aynor,
4582287,4572177,Briarcliffe Acres,
4582287,4572665,Bucksport,
4582287,4575461,Conway,
4582287,4578904,Forestbrook,
4582287,4579503,Garden City,
4582287,4585421,Little River,
4582287,4585835,Loris,
4582287,4588718,Myrtle Beach,
4582287,4589446,North Myrtle Beach,
4582287,4592485,Red Hill,
4582287,4596208,Socastee,
4582287,4598052,Surfside Beach,
4583318,4581095,Hardeeville,
4583318,4592912,Ridgeland,
4583989,4573209,Camden,
4583989,4577653,Elgin,
4583989,4050356,Lugoff,
4584561,4577654,Elgin,
4584561,4581361,Heath Springs,
4584561,4583071,Irwin,
4584561,4584007,Kershaw,
4584561,4584556,Lancaster,
4584561,4584571,Lancaster Mill,
4584561,4597397,Springdale,
4584742,4575028,Clinton,
4584742,4580329,Gray Court,
4584742,4583491,Joanna,
4584742,4584738,Laurens,
4584742,7260256,Watts Mills,
4584845,4571470,Bishopville,
4585002,4570111,Batesburg,
4585002,4570117,Batesburg-Leesville,
4585002,4573888,Cayce,
4585002,4574280,Chapin,
4585002,4579571,Gaston,
4585002,4579757,Gilbert,
4585002,4583057,Irmo,
4585002,4584885,Leesville,
4585002,4585000,Lexington,
4585002,7260518,Oak Grove,
4585002,4590739,Pelion,
4585002,4591304,Pineridge,
4585002,4592453,Red Bank,
4585002,4595374,Seven Oaks,
4585002,4597044,South Congaree,
4585002,4597398,Springdale,
4585002,4598098,Swansea,
4585002,4600541,West Columbia,
4586272,4586266,Marion,
4586272,4588634,Mullins,
4586301,4570634,Bennettsville,
4586301,4575048,Clio,
4586301,4586628,McColl,
4586301,4600013,Wallace,
4586645,4586642,McCormick,
4589213,4589207,Newberry,
4589213,4592114,Prosperity,
4589213,4600990,Whitmire,
4589892,4578039,Fair Play,
4589892,4595346,Seneca,
4589892,4599440,Utica,
4589892,4599981,Walhalla,
4589892,4600661,Westminster,
4590186,4571994,Bowman,
4590186,4572098,Branchville,
4590186,4572352,Brookdale,
4590186,4577557,Edisto,
4590186,4577727,Elloree,
4590186,4582000,Holly Hill,
4590186,4589360,North,
4590186,4590184,Orangeburg,
4590186,4594983,Santee,
4590186,4597418,Springfield,
4590186,4601093,Wilkinson Heights,
4590954,4569565,Arial,
4590954,4574153,Central,
4590954,4574989,Clemson,
4590954,4577263,Easley,
4590954,4585025,Liberty,
4590954,4589349,Norris,
4590954,4590946,Pickens,
4590954,4595921,Six Mile,
4592843,4569544,Arcadia Lakes,
4592843,4571725,Blythewood,
4592843,4575352,Columbia,
4592843,4576573,Dentsville,
4592843,4577375,Eastover,
4592843,4578841,Forest Acres,
4592843,4579411,Gadsden,
4592843,4582263,Hopkins,
4592843,7260357,Lake Murray of Richland,
4592843,4593724,Saint Andrews,
4592843,4601475,Woodfield,
4594698,4592904,Ridge Spring,
4594698,4594694,Saluda,
4597204,4569541,Arcadia,
4597204,4571805,Boiling Springs,
4597204,4573390,Campobello,
4597204,4574517,Chesnee,
4597204,4575008,Clifton,
4597204,4575455,Converse,
4597204,4575815,Cowpens,
4597204,4577083,Duncan,
4597204,4577825,Enoree,
4597204,4578079,Fairforest,
4597204,4582788,Inman,
4597204,4582790,Inman Mills,
4597204,4584590,Landrum,
4597204,4585988,Lyman,
4597204,4586546,Mayo,
4597204,4590312,Pacolet,
4597204,4590315,Pacolet Mills,
4597204,4592694,Reidville,
4597204,4593372,Roebuck,
4597204,4595129,Saxon,
4597204,4597140,Southern Shops,
4597204,4597200,Spartanburg,
4597204,4597554,Startex,
4597204,4599455,Valley Falls,
4597204,4600434,Wellford,
4597204,4601547,Woodruff,
4597954,4573502,Cane Savannah,
4597954,4574514,Cherryvale,
4597954,4576268,Dalzell,
4597954,4577347,East Sumter,
4597954,4584524,Lakewood,
4597954,4586530,Mayesville,
4597954,4587361,Millwood,
4597954,4588594,Mulberry,
4597954,4589786,Oakland,
4597954,4591328,Pinewood,
4597954,4592073,Privateer,
4597954,4597113,South Sumter,
4597954,4597573,Stateburg,
4597954,4597948,Sumter,
4597954,4600375,Wedgefield,
4597954,4600381,Wedgewood,
4599283,4572677,Buffalo,
4599283,4583722,Jonesville,
4599283,7260457,Monarch Mill,
4599283,4599214,Union,
4601150,4569362,Andrews,
4601150,4584125,Kingstree,
4601709,4573805,Catawba,
4601709,4575061,Clover,
4601709,4578977,Fort Mill,
4601709,4582701,India Hook,
4601709,4584474,Lake Wylie,
4601709,4584947,Lesslie,
4601709,4589262,Newport,
4601709,4593031,Riverview,
4601709,4593142,Rock Hill,
4601709,4595491,Sharon,
4601709,4598379,Tega Cay,
4601709,4601703,York,
4602643,4614214,Clinton,
4602643,4645799,Norris,
4602643,4646571,Oak Ridge,
4602643,4635130,Rocky Top,
4605583,4606483,Big Sandy,
4605583,4610643,Camden,
4605583,4650062,Pleasant Hill,
4607097,4649295,Pikeville,
4607192,4602181,Alcoa,
4607192,4619893,Eagleton Village,
4607192,4623879,Friendsville,
4607192,4638308,Louisville,
4607192,4639848,Maryville,
4607192,4653928,Rockford,
4607192,4667766,Wildwood,
4608185,4612805,Charleston,
4608185,4614088,Cleveland,
4608185,4619955,East Cleveland,
4608185,4630564,Hopewell,
4608185,4658861,South Cleveland,
4608185,4667757,Wildwood Lake,
4611179,4668717,Woodbury,
4611490,4603330,Atwood,
4611490,4609163,Bruceton,
4611490,4630114,Hollow Rock,
4611490,4631422,Huntingdon,
4611490,4640736,McKenzie,
4611490,4663226,Trezevant,
4611599,4612474,Central,
4611599,4620634,Elizabethton,
4611599,4631358,Hunter,
4611599,4649401,Pine Crest,
4611599,4653451,Roan Mountain,
4612891,4603225,Ashland City,
4612891,4634683,Kingston Springs,
4612891,4648637,Pegram,
4612891,4650295,Pleasant View,
4613057,4628695,Henderson,
4613750,4628044,Harrogate,
4613750,4645422,New Tazewell,
4613750,4659207,Speedwell,
4613750,4661964,Tazewell,
4613912,4612315,Celina,
4614441,4645532,Newport,
4614466,7315350,Lakewood Park,
4614466,4639224,Manchester,
4614466,4645435,New Union,
4614466,4663494,Tullahoma,
4616263,4602167,Alamo,
4616263,4605372,Bells,
4616263,4623805,Friendship,
4616263,4640037,Maury City,
4616678,4615975,Crab Orchard,
4616678,4616470,Crossville,
4616678,4621447,Fairfield Glade,
4616678,4635233,Lake Tansi,
4616678,4650064,Pleasant Hill,
4617305,4605324,Belle Meade,
4617305,4605665,Berry Hill,
4617305,4623039,Forest Hills,
4617305,4625282,Goodlettsville,
4617305,4628929,Hermitage,
4617305,4635340,Lakewood,
4617305,4644585,Nashville,
4617305,4646498,Oak Hill,
4617573,4602270,Alexandria,
4617573,4658541,Smithville,
4617654,4617664,Decaturville,
4617654,4643150,Mount Carmel,
4617654,4648217,Parsons,
4617654,4656259,Scotts Hill,
4618068,4610022,Burns,
4618068,4612828,Charlotte,
4618068,4618057,Dickson,
4618068,4667165,White Bluff,
4619773,4619800,Dyersburg,
4619773,4645498,Newbern,
4619773,4663258,Trimble,
4621908,4624172,Gallaway,
4621908,4629217,Hickory Withe,
4621908,4642988,Moscow,
4621908,4646637,Oakland,
4621908,4649783,Piperton,
4621908,4654530,Rossville,
4621908,4658802,Somerville,
4621984,4602305,Allardt,
4621984,4613838,Clarkrange,
4621984,4626617,Grimsley,
4621984,4632852,Jamestown,
4623574,4615851,Cowan,
4623574,4617668,Decherd,
4623574,4621192,Estill Springs,
4623574,4631435,Huntland,
4623574,4656589,Sewanee,
4623574,4668336,Winchester,
4624666,4608147,Bradford,
4624666,4619758,Dyer,
4624666,4631291,Humboldt,
4624666,4641110,Medina,
4624666,4641630,Milan,
4624666,4654953,Rutherford,
4624666,4663205,Trenton,
4624737,4602982,Ardmore,
4624737,4620702,Elkton,
4624737,4642141,Minor Hill,
4624737,4651648,Pulaski,
4625620,4604504,Bean Station,
4625620,4607005,Blaine,
4625620,4654984,Rutledge,
4626324,4613533,Chuckey,
4626324,4626334,Greeneville,
4626324,4643005,Mosheim,
4626324,4663737,Tusculum,
4626743,4602483,Altamont,
4626743,4614370,Coalmont,
4626743,4626739,Gruetli-Laager,
4626743,4647809,Palmer,
4626743,4663110,Tracy City,
4627251,4642938,Morristown,
4627306,4602916,Apison,
4627306,4612862,Chattanooga,
4627306,4614720,Collegedale,
4627306,4619943,East Brainerd,
4627306,4619947,East Chattanooga,
4627306,4620131,East Ridge,
4627306,4621469,Fairmount,
4627306,4621745,Falling Water,
4627306,4627983,Harrison,
4627306,4635304,Lakesite,
4627306,4638144,Lookout Mountain,
4627306,4641495,Middle Valley,
4627306,7315351,Mowbray Mountain,
4627306,4647313,Ooltewah,
4627306,4652341,Red Bank,
4627306,4655515,Sale Creek,
4627306,4657633,Signal Mountain,
4627306,4658766,Soddy-Daisy,
4627306,4665312,Walden,
4627427,4658683,Sneedville,
4627590,4607598,Bolivar,
4627590,4641517,Middleton,
4627590,4667530,Whiteville,
4627625,4616556,Crump,
4627625,4647268,Olivet,
4627625,4655649,Saltillo,
4627625,4656006,Savannah,
4628325,4609789,Bulls Gap,
4628325,4613560,Church Hill,
4628325,4642680,Mooresburg,
4628325,4643153,Mount Carmel,
4628325,4654293,Rogersville,
4628325,4661150,Surgoinsville,
4628456,4609116,Brownsville,
4628715,4636463,Lexington,
4628829,4647963,Paris,
4628829,4651727,Puryear,
4629047,4607647,Bon Aqua Junction,
4629047,4612465,Centerville,
4629047,4638759,Lyles,
4630950,4621108,Erin,
4630950,4662170,Tennessee Ridge,
4631309,4633573,Johnsonville,
4631309,4640569,McEwen,
4631309,4645255,New Johnsonville,
4631309,4666202,Waverly,
4632660,4618507,Dodson Branch,
4632660,4624116,Gainesboro,
4632934,4617112,Dandridge,
4632934,4632959,Jefferson City,
4632934,4645293,New Market,
4632934,4667339,White Pine,
4633430,4643953,Mountain City,
4634931,4621846,Farragut,
4634931,4634946,Knoxville,
4634931,4639859,Mascot,
4635138,4653091,Ridgely,
4635138,4662809,Tiptonville,
4635615,4612476,Central,
4635615,4624417,Gates,
4635615,4627194,Halls,
4635615,4628800,Henning,
4635615,4653228,Ripley,
4635830,4635849,Lawrenceburg,
4635830,4638201,Loretto,
4635830,4655262,Saint Joseph,
4635830,4660988,Summertown,
4636403,4629986,Hohenwald,
4636884,4608615,Brighton,
4636884,4621915,Fayetteville,
4636884,4622833,Flintville,
4636884,4647992,Park City,
4636884,4648917,Petersburg,
4638283,4626275,Greenback,
4638283,4631445,Huntsville,
4638283,4636285,Lenoir City,
4638283,4638278,Loudon,
4638283,4649014,Philadelphia,
4638283,7315352,Tellico Village,
4638991,4635093,Lafayette,
4638991,4652359,Red Boiling Springs,
4639045,4632595,Jackson,
4639045,4662587,Three Way,
4639514,4632892,Jasper,
4639514,4634474,Kimball,
4639514,4642403,Monteagle,
4639514,4645099,New Hope,
4639514,4651214,Powells Crossroads,
4639514,4659005,South Pittsburg,
4639514,4667608,Whitwell,
4639630,4612725,Chapel Hill,
4639630,4615514,Cornersville,
4639630,4636442,Lewisburg,
4640041,4614867,Columbia,
4640041,4643578,Mount Pleasant,
4640041,4659446,Spring Hill,
4640873,4603284,Athens,
4640873,4621002,Englewood,
4640873,4621196,Etowah,
4640873,4645658,Niota,
4640873,4652877,Riceville,
4640921,4602039,Adamsville,
4640921,4605907,Bethel Springs,
4640921,4620252,Eastview,
4640921,4641380,Michie,
4640921,4656442,Selmer,
4641148,4617650,Decatur,
4642365,4639072,Madisonville,
4642365,4661331,Sweetwater,
4642365,4662017,Tellico Plains,
4642365,4664815,Vonore,
4642445,4613868,Clarksville,
4642600,4638782,Lynchburg,
4642752,4614366,Coalfield,
4642752,4648935,Petros,
4642752,4661041,Sunbright,
4642752,4665933,Wartburg,
4646779,4621003,Englewood,
4646779,4634352,Kenton,
4646779,4646772,Obion,
4646779,4658948,South Fulton,
4646779,4663367,Troy,
4646779,4664170,Union City,
4647552,4637626,Livingston,
4648830,4636915,Linden,
4648830,4637659,Lobelville,
4649175,4610363,Byrdstown,
4650495,4605577,Benton,
4651744,4602283,Algood,
4651744,4604411,Baxter,
4651744,4615145,Cookeville,
4651744,4635094,Lafayette,
4651744,4642410,Monterey,
4652809,4617536,Dayton,
4652809,4626029,Graysville,
4652809,4659350,Spring City,
4653455,4627863,Harriman,
4653455,4634671,Kingston,
4653455,4641586,Midtown,
4653455,4647282,Oliver Springs,
4653455,4653999,Rockwood,
4653638,4601991,Adams,
4653638,4615331,Coopertown,
4653638,4616393,Cross Plains,
4653638,4626286,Greenbrier,
4653638,4647405,Orlinda,
4653638,4653098,Ridgetop,
4653638,4659557,Springfield,
4654962,4613501,Christiana,
4654962,4619895,Eagleville,
4654962,4635031,La Vergne,
4654962,4644312,Murfreesboro,
4654962,4658590,Smyrna,
4656214,4628617,Helenwood,
4656214,4631443,Huntsville,
4656214,4647287,Oneida,
4656214,4668397,Winfield,
4656461,4619629,Dunlap,
4656461,4637831,Lone Oak,
4656568,4621418,Fair Garden,
4656568,4624443,Gatlinburg,
4656568,4649251,Pigeon Forge,
4656568,4649867,Pittman Center,
4656568,4656585,Sevierville,
4656568,4656630,Seymour,
4657046,4603001,Arlington,
4657046,4604183,Bartlett,
4657046,4614748,Collierville,
4657046,4050552,Cordova,
4657046,4620732,Ellendale,
4657046,4624601,Germantown,
4657046,4635268,Lakeland,
4657046,4641239,Memphis,
4657046,4641998,Millington,
4658423,4611656,Carthage,
4658423,4625418,Gordonsville,
4658423,4658841,South Carthage,
4660056,4618921,Dover,
4660813,4607177,Bloomingdale,
4660813,4607201,Blountville,
4660813,4607414,Bluff City,
4660813,4608657,Bristol,
4660813,4614843,Colonial Heights,
4660813,4621470,Fairmount,
4660813,4634662,Kingsport,
4660813,4665680,Walnut Hill,
4661017,4611742,Castalian Springs,
4661017,4624180,Gallatin,
4661017,4628735,Hendersonville,
4661017,4641974,Millersville,
4661017,4650946,Portland,
4661017,4656650,Shackle Island,
4661017,4665608,Walnut Grove,
4661017,4666960,Westmoreland,
4661017,4667282,White House,
4662784,4603347,Atoka,
4662784,4608616,Brighton,
4662784,4615804,Covington,
4662784,4639871,Mason,
4662784,4644282,Munford,
4663355,4628109,Hartsville,
4663934,4603908,Banner Hill,
4663934,4621130,Erwin,
4663934,4663928,Unicoi,
4664043,4615051,Condon,
4664043,4638738,Luttrell,
4664043,4640160,Maynardville,
4664043,11468564,Plainview,
4664489,4659233,Spencer,
4665884,4640882,McMinnville,
4665884,4642914,Morrison,
4665975,4621694,Fall Branch,
4665975,4625945,Gray,
4665975,4633419,Johnson City,
4665975,4633848,Jonesborough,
4665975,4641562,Midway,
4665975,4646335,Oak Grove,
4665975,4659625,Spurgeon,
4665975,4661995,Telford,
4666233,4614136,Clifton,
4666233,4614818,Collinwood,
4666233,4666247,Waynesboro,
4666265,4619013,Dresden,
4666265,4624940,Gleason,
4666265,4626344,Greenfield,
4666265,4639684,Martin,
4666265,4656859,Sharon,
4667226,4618964,Doyle,
4667226,4659177,Sparta,
4668054,4608408,Brentwood,
4668054,4621503,Fairview,
4668054,4623560,Franklin,
4668054,4645738,Nolensville,
4668054,4662519,Thompson's Station,
4668271,4626181,Green Hill,
4668271,4636045,Lebanon,
4668271,4643336,Mount Juliet,
4668271,4654793,Rural Hill,
4668271,4666102,Watertown,
4670756,4688795,Elkhart,
4670756,4692252,Frankston,
4670756,4717232,Palestine,
4670841,4677524,Burke,
4670841,4686131,Diboll,
4670841,4699302,Hudson,
4670841,4699533,Huntington,
4670841,4708308,Lufkin,
4670841,4722038,Redland,
4670841,4743605,Zavalla,
4671133,4692661,Fulton,
4671133,4698233,Holiday Beach,
4671133,4705074,Lamar,
4671133,4723422,Rockport,
4671180,4671174,Archer City,
4671180,4698296,Holliday,
4671180,4704979,Lakeside City,
4671531,4680560,Charlotte,
4671531,4701686,Jourdanton,
4671531,4705856,Leming,
4671531,4708477,Lytle,
4671531,4719720,Pleasanton,
4671531,4720270,Poteet,
4671673,4673398,Bellville,
4671673,4726319,San Felipe,
4671673,4727629,Sealy,
4671673,4829243,Wallis,
4672172,4672171,Bandera,
4672172,4704940,Lakehills,
4672172,4710484,Medina,
4672581,4672576,Bastrop,
4672581,4678565,Camp Swift,
4672581,7316034,Circle D-KC Estates,
4672581,4688756,Elgin,
4672581,4709988,McDade,
4672581,4729284,Smithville,
4672581,4743274,Wyldwood,
4672691,4727948,Seymour,
4673147,4673258,Beeville,
4673147,4675080,Blue Berry Hill,
4673147,4718675,Pettus,
4673147,4728911,Skidmore,
4673310,4673425,Belton,
4673310,7261291,Fort Cavazos,
4673310,4696202,Harker Heights,
4673310,4698254,Holland,
4673310,4703223,Killeen,
4673310,4706919,Little River-Academy,
4673310,4712319,Morgans Point Resort,
4673310,4714895,Nolanville,
4673310,4723670,Rogers,
4673310,4725807,Salado,
4673310,4733485,Sparks,
4673310,4735966,Temple,
4673310,4737704,Troy,
4674023,4680782,China Grove,
4674023,4683021,Converse,
4674023,4684330,Cross Mountain,
4674023,4689077,Elmendorf,
4674023,4689803,Fair Oaks Ranch,
4674023,4695179,Grey Forest,
4674023,4697038,Helotes,
4674023,4707055,Live Oak,
4674023,4708569,Macdona,
4674023,4724892,Saint Hedwig,
4674023,4726206,San Antonio,
4674023,4727290,Scenic Oaks,
4674023,4727785,Selma,
4674023,4732801,Somerset,
4674023,4736922,Timberwood Park,
4674023,4738574,Universal City,
4674023,4739414,Von Ormy,
4674023,4742537,Windcrest,
4674915,4674911,Blanco,
4674915,4701346,Johnson City,
4675728,4682066,Clifton,
4675728,4704303,Laguna Park,
4675728,4710782,Meridian,
4675728,4738825,Valley Mills,
4675728,4739935,Walnut Springs,
4675805,4685467,De Kalb,
4675805,4698646,Hooks,
4675805,4709652,Maud,
4675805,4713800,Nash,
4675805,4714126,New Boston,
4675805,4721912,Red Lick,
4675805,4722062,Redwater,
4675805,4736096,Texarkana,
4675805,4739641,Wake Village,
4676137,4670592,Alvin,
4676137,4670866,Angleton,
4676137,4671977,Bailey Prairie,
4676137,4676131,Brazoria,
4676137,4676580,Brookside Village,
4676137,4682163,Clute,
4676137,4685144,Damon,
4676137,4685160,Danbury,
4676137,4692355,Freeport,
4676137,4697791,Hillcrest,
4676137,4698241,Holiday Lakes,
4676137,4700120,Iowa Colony,
4676137,4701510,Jones Creek,
4676137,4704628,Lake Jackson,
4676137,4707158,Liverpool,
4676137,4709027,Manvel,
4676137,4717084,Oyster Creek,
4676137,4718097,Pearland,
4676137,4722697,Richwood,
4676137,4723944,Rosharon,
4676137,4735111,Surfside Beach,
4676137,4735190,Sweeny,
4676137,4740759,West Columbia,
4676137,4741838,Wild Peach Village,
4676153,4677008,Bryan,
4676153,4682464,College Station,
4676547,4690070,Falfurrias,
4676632,4672192,Bangs,
4676632,4676798,Brownwood,
4676632,4687635,Early,
4676632,4704395,Lake Brownwood,
4677558,4678111,Caldwell,
4677558,4729386,Snook,
4677558,4732809,Somerville,
4677612,4673677,Bertram,
4677612,4677592,Burnet,
4677612,4683689,Cottonwood Shores,
4677612,4694535,Granite Shoals,
4677612,4709090,Marble Falls,
4677612,4710414,Meadowlakes,
4678113,4707295,Lockhart,
4678113,4708320,Luling,
4678113,4709410,Martindale,
4678113,4714788,Niederwald,
4678113,4738279,Uhland,
4678165,4719846,Point Comfort,
4678165,4720067,Port Lavaca,
4678165,4720080,Port O'Connor,
4678165,4727602,Seadrift,
4678206,4671988,Baird,
4678206,4682169,Clyde,
4678206,4684332,Cross Plains,
4678364,4671362,Arroyo Colorado Estates Colonia,
4678364,4674634,Bixby,
4678364,4676740,Brownsville,
4678364,4678379,Cameron Park,
4678364,4678381,Cameron Park Colonia,
4678364,4682742,Combes,
4678364,4689240,Encantada-Ranchito-El Calaboz,
4678364,4694990,Green Valley Farms,
4678364,4696233,Harlingen,
4678364,4699957,Indian Lake,
4678364,4703938,La Feria,
4678364,4704067,La Paloma,
4678364,4704167,La Tina Ranch,
4678364,4704298,Laguna Heights,
4678364,4704307,Laguna Vista,
4678364,7315368,Las Palmas II,
4678364,4705564,Laureles,
4678364,4707932,Los Fresnos,
4678364,4707945,Los Indios,
4678364,4716655,Olmito,
4678364,4717275,Palm Valley,
4678364,4720060,Port Isabel,
4678364,4720672,Primera,
4678364,4721444,Rancho Viejo,
4678364,4722187,Reid Hope King,
4678364,4722188,Reid Hope King Colonia,
4678364,4722843,Rio Hondo,
4678364,4726290,San Benito,
4678364,4726526,San Pedro,
4678364,4727054,Santa Maria,
4678364,4727076,Santa Rosa,
4678364,4732780,Solis,
4678364,4733103,South Padre Island,
4678364,4733129,South Point,
4678364,13353810,Starbase,
4678364,4739271,Villa Pancho,
4678446,4719416,Pittsburg,
4679435,4671576,Atlanta,
4679435,4699392,Hughes Springs,
4679435,4706404,Linden,
4679435,4721041,Queen City,
4680335,4670707,Anahuac,
4680335,4672757,Beach City,
4680335,4683823,Cove,
4680335,4711967,Mont Belvieu,
4680335,4716479,Old River-Winfree,
4680335,4734646,Stowell,
4680335,4742616,Winnie,
4680611,4670527,Alto,
4680611,4700550,Jacksonville,
4680611,4714570,New Summerfield,
4680611,4724359,Rusk,
4680611,4740579,Wells,
4681782,4697128,Henrietta,
4681782,4718651,Petrolia,
4682392,4682380,Coleman,
4682392,4726982,Santa Anna,
4682500,4670300,Allen,
4682500,4670871,Anna,
4682500,4675153,Blue Ridge,
4682500,4679944,Celina,
4682500,4689871,Fairview,
4682500,4690218,Farmersville,
4682500,4692559,Frisco,
4682500,4701650,Josephine,
4682500,4705584,Lavon,
4682500,4708236,Lowry Crossing,
4682500,4708255,Lucas,
4682500,4710178,McKinney,
4682500,4710574,Melissa,
4682500,4713507,Murphy,
4682500,4714062,Nevada,
4682500,4714257,New Hope,
4682500,4717624,Parker,
4682500,4719457,Plano,
4682500,4720743,Princeton,
4682500,4720833,Prosper,
4682500,4725484,Saint Paul,
4682500,13561794,The Trails of Frisco,
4682500,4741209,Westminster,
4682500,4743275,Wylie,
4682626,4682665,Columbus,
4682626,4687579,Eagle Lake,
4682626,4693749,Glidden,
4682626,4740482,Weimar,
4682688,4677392,Bulverde,
4682688,4678901,Canyon Lake,
4682688,4692962,Garden Ridge,
4682688,4714131,New Braunfels,
4682707,4682698,Comanche,
4682707,4685478,De Leon,
4682862,4688222,Eden,
4682862,4717199,Paint Rock,
4683066,4692746,Gainesville,
4683066,4704655,Lake Kiowa,
4683066,4706431,Lindsay,
4683066,4713351,Muenster,
4683066,4738850,Valley View,
4683477,4670666,Ames,
4683477,4683244,Copperas Cove,
4683477,4691873,Fort Gates,
4683477,4693150,Gatesville,
4684904,4669828,Addison,
4684904,4672059,Balch Springs,
4684904,4679195,Carrollton,
4684904,4679803,Cedar Hill,
4684904,4683217,Coppell,
4684904,4684888,Dallas,
4684904,4685524,DeSoto,
4684904,4687331,Duncanville,
4684904,4690198,Farmers Branch,
4684904,4693003,Garland,
4684904,4693726,Glenn Heights,
4684904,4694482,Grand Prairie,
4684904,4699608,Hutchins,
4684904,4700168,Irving,
4684904,4705191,Lancaster,
4684904,4710826,Mesquite,
4684904,4722625,Richardson,
4684904,4724194,Rowlett,
4684904,4724564,Sachse,
4684904,4727605,Seagoville,
4684904,4728083,Shamrock,
4684904,4735013,Sunnyvale,
4684904,4742385,Wilmer,
4685527,4684547,Cuero,
4685527,4743432,Yoakum,
4685527,4743453,Yorktown,
4685841,4683141,Cooper,
4685912,4671212,Argyle,
4685912,4671620,Aubrey,
4685912,4672514,Bartonville,
4685912,4683230,Copper Canyon,
4685912,4683317,Corinth,
4685912,7234896,Cross Roads,
4685912,4685907,Denton,
4685912,4686709,Double Oak,
4685912,4691585,Flower Mound,
4685912,4695672,Hackberry,
4685912,4829219,Hickory Creek,
4685912,4697645,Highland Village,
4685912,4701814,Justin,
4685912,4703759,Krugerville,
4685912,4703760,Krum,
4685912,4704482,Lake Dallas,
4685912,4705067,Lakewood Village,
4685912,7315364,Lantana,
4685912,4706057,Lewisville,
4685912,4706736,Little Elm,
4685912,4709278,Marshall Creek,
4685912,4715447,Northlake,
4685912,4715931,Oak Point,
4685912,7315377,Paloma Creek,
4685912,7315378,Paloma Creek South,
4685912,4719021,Pilot Point,
4685912,4719966,Ponder,
4685912,7315379,Providence Village,
4685912,4723024,Roanoke,
4685912,4726957,Sanger,
4685912,7315385,Savannah,
4685912,4728064,Shady Shores,
4685912,4736388,The Colony,
4685912,4737676,Trophy Club,
4686231,4669581,Asherton,
4686231,4674436,Big Wells,
4686231,4679147,Carrizo Hill,
4686231,4679148,Carrizo Springs,
4687437,4673475,Benavides,
4687437,4692359,Freer,
4687437,4726311,San Diego,
4688072,4681521,Cisco,
4688072,4688071,Eastland,
4688072,4694156,Gorman,
4688072,4721504,Ranger,
4688072,4722867,Rising Star,
4688864,4672296,Bardwell,
4688864,4676417,Bristol,
4688864,4689311,Ennis,
4688864,4690428,Ferris,
4688864,4693047,Garrett,
4688864,4700234,Italy,
4688864,4709770,Maypearl,
4688864,4711156,Midlothian,
4688864,4711315,Milford,
4688864,4713805,Nash,
4688864,4715915,Oak Leaf,
4688864,4717006,Ovilla,
4688864,4717283,Palmer,
4688864,4718223,Pecan Hill,
4688864,4719781,Plum Grove,
4688864,4046474,Rankin,
4688864,4721921,Red Oak,
4688864,4740328,Waxahachie,
4689391,4687151,Dublin,
4689391,4734350,Stephenville,
4690103,4675154,Blue Ridge,
4690103,4680756,Chilton,
4690103,4693929,Golinda,
4690103,4708066,Lott,
4690103,4709215,Marlin,
4690103,4723869,Rosebud,
4690140,4675577,Bonham,
4690140,4688203,Ector,
4690140,4698610,Honey Grove,
4690140,4704264,Ladonia,
4690140,4705943,Leonard,
4690140,4727227,Savoy,
4690140,4737418,Trenton,
4690287,4691441,Flatonia,
4690287,4703958,La Grange,
4690287,4727417,Schulenburg,
4691668,4684431,Crowell,
4691851,4671193,Arcola,
4691851,4050916,Beasley,
4691851,4681485,Cinco Ranch,
4691851,4684612,Cumings,
4691851,4689831,Fairchilds,
4691851,4690506,Fifth Street,
4691851,4692051,Four Corners,
4691851,4692400,Fresno,
4691851,4692658,Fulshear,
4691851,4694896,Greatwood,
4691851,4710433,Meadows Place,
4691851,4711729,Mission Bend,
4691851,4711801,Missouri City,
4691851,4713946,Needville,
4691851,4714582,New Territory,
4691851,4718209,Pecan Grove,
4691851,4719481,Pleak,
4691851,4722684,Richmond,
4691851,4723914,Rosenberg,
4691851,4728608,Sienna Plantation,
4691851,4728743,Simonton,
4691851,4734005,Stafford,
4691851,4734825,Sugar Land,
4691851,7238057,Weston Lakes,
4692203,4713032,Mount Vernon,
4692377,4689837,Fairfield,
4692377,4735813,Teague,
4692377,4743176,Wortham,
4692545,4829206,Dilley,
4692545,4715267,North Pearsall,
4692545,4718107,Pearsall,
4692856,4671895,Bacliff,
4692856,4672760,Bayou Vista,
4692856,4675536,Bolivar Peninsula,
4692856,4681951,Clear Lake Shores,
4692856,4686163,Dickinson,
4692856,4692521,Friendswood,
4692856,4692883,Galveston,
4692856,4697988,Hitchcock,
4692856,4700598,Jamaica Beach,
4692856,4702913,Kemah,
4692856,4704027,La Marque,
4692856,4705692,League City,
4692856,4726477,San Leon,
4692856,4727022,Santa Fe,
4692856,4736134,Texas City,
4692856,8479431,Tiki Island,
4693544,4692279,Fredericksburg,
4693544,4696310,Harper,
4693544,4734587,Stonewall,
4693922,4693921,Goliad,
4693951,4693940,Gonzales,
4693951,4714829,Nixon,
4693951,4729065,Smiley,
4693951,4739574,Waelder,
4694710,4673390,Bells,
4694710,4682536,Collinsville,
4694710,4685892,Denison,
4694710,4695553,Gunter,
4694710,4699204,Howe,
4694710,4708305,Luella,
4694710,4720314,Pottsboro,
4694710,4720583,Preston,
4694710,4728328,Sherman,
4694710,4728357,Sherwood Shores,
4694710,4733321,Southmayd,
4694710,4736963,Tioga,
4694710,4737052,Tom Bean,
4694710,4738884,Van Alstyne,
4694710,4741677,Whitesboro,
4694710,4741691,Whitewright,
4695143,4681760,Clarksville City,
4695143,4693621,Gladewater,
4695143,4703199,Kilgore,
4695143,4704958,Lakeport,
4695143,4706141,Liberty City,
4695143,4707814,Longview,
4695143,4741501,White Oak,
4695236,4670732,Anderson,
4695236,4713866,Navasota,
4695361,4681462,Cibolo,
4695361,4693389,Geronimo,
4695361,4703368,Kingsbury,
4695361,4704829,Lake Dunlap,
4695361,4709161,Marion,
4695361,4710317,McQueeney,
4695361,4714087,New Berlin,
4695361,4722065,Redwood,
4695361,4726994,Santa Clara,
4695361,4727326,Schertz,
4695361,4727756,Seguin,
4695945,4695938,Hamilton,
4695945,4697440,Hico,
4696131,4680740,Chillicothe,
4696131,4721023,Quanah,
4696143,4703726,Kountze,
4696143,4708328,Lumberton,
4696143,4719261,Pinewood Estates,
4696143,4728653,Silsbee,
4696143,4732862,Sour Lake,
4696143,4741898,Wildwood,
4696376,4672422,Barrett,
4696376,4672731,Baytown,
4696376,4680388,Channelview,
4696376,4684301,Crosby,
4696376,4684724,Cypress,
4696376,4685737,Deer Park,
4696376,4688582,El Lago,
4696376,4697652,Highlands,
4696376,4699066,Houston,
4696376,4699303,Hudson,
4696376,4699442,Humble,
4696376,4700967,Jersey Village,
4696376,4702732,Katy,
4696376,4704108,La Porte,
4696376,4713813,Nassau Bay,
4696376,7900963,Oak Cliff Place,
4696376,4717782,Pasadena,
4696376,4727596,Seabrook,
4696376,4728238,Sheldon,
4696376,4728557,Shoreacres,
4696376,4733042,South Houston,
4696376,4733624,Spring,
4696376,4735771,Taylor Lake Village,
4696376,4737094,Tomball,
4696376,4740423,Webster,
4696450,4695894,Hallsville,
4696450,4709272,Marshall,
4696450,4740200,Waskom,
4696596,4696593,Haskell,
4696596,4724287,Rule,
4696788,4050880,Buda,
4696788,4686903,Dripping Springs,
4696788,4703811,Kyle,
4696788,4713184,Mountain City,
4696788,4726491,San Marcos,
4696788,4742503,Wimberley,
4696788,4742902,Woodcreek,
4697070,4671545,Athens,
4697070,4673671,Berryville,
4697070,4676737,Brownsboro,
4697070,4680369,Chandler,
4697070,4689566,Eustace,
4697070,4695535,Gun Barrel City,
4697070,4707335,Log Cabin,
4697070,4708877,Malakoff,
4697070,4713492,Murchison,
4697070,4717990,Payne Springs,
4697070,4727873,Seven Points,
4697070,4737151,Tool,
4697070,4737501,Trinidad,
4697444,4669672,Abram,
4697444,4670074,Alamo,
4697444,4670555,Alton,
4697444,4670562,Alton North (historical),
4697444,4680258,César Chávez,
4697444,4681542,Citrus City,
4697444,4686472,Doffing,
4697444,4686593,Donna,
4697444,4686621,Doolittle,
4697444,4688216,Edcouch,
4697444,4688275,Edinburg,
4697444,4689120,Elsa,
4697444,4696189,Hargill,
4697444,4696953,Heidelberg,
4697444,4697442,Hidalgo,
4697444,4699938,Indian Hills,
4697444,4703882,La Blanca,
4697444,4703972,La Homa,
4697444,4703997,La Joya,
4697444,4704188,La Villa,
4697444,4706457,Linn,
4697444,4707203,Llano Grande,
4697444,4707859,Lopezville,
4697444,4709796,McAllen,
4697444,4710749,Mercedes,
4697444,4711212,Midway North,
4697444,4711221,Midway South,
4697444,4711253,Mila Doce,
4697444,4711725,Mission,
4697444,4711991,Monte Alto,
4697444,4713474,Muniz,
4697444,4713506,Murillo Colonia,
4697444,4714990,North Alamo,
4697444,4715696,Nurillo,
4697444,4716599,Olivarez,
4697444,4717326,Palmhurst,
4697444,4717339,Palmview,
4697444,4717341,Palmview South,
4697444,4718381,Penitas,
4697444,4718491,Perezville,
4697444,4718721,Pharr,
4697444,4720789,Progreso,
4697444,4726293,San Carlos,
4697444,4726440,San Juan,
4697444,4727466,Scissors,
4697444,4732870,South Alamo,
4697444,4734864,Sullivan City,
4697444,4739277,Villa Verde,
4697444,4740629,Weslaco,
4697444,4741057,West Sharyland,
4697746,4697867,Hillsboro,
4697746,4699235,Hubbard,
4697746,4700235,Itasca,
4697746,4741714,Whitney,
4698632,4829305,Cresson,
4698632,4685515,DeCordova,
4698632,4694459,Granbury,
4698632,4715957,Oak Trail Shores,
4698632,4718236,Pecan Plantation,
4698632,4737033,Tolar,
4698747,4682829,Como,
4698747,4684611,Cumby,
4698747,4719103,Pine Forest,
4698747,4734909,Sulphur Springs,
4699084,4683142,Cooper,
4699084,4684218,Crockett,
4699084,4694562,Grapeland,
4699084,4697379,Hickory Creek,
4699084,4708138,Lovelady,
4699084,4726527,San Pedro,
4699487,4678005,Caddo Mills,
4699487,4678599,Campbell,
4699487,4679936,Celeste,
4699487,4682762,Commerce,
4699487,4695066,Greenville,
4699487,4707445,Lone Oak,
4699487,4721089,Quinlan,
4699487,4741087,West Tawakoni,
4699487,4742800,Wolfe City,
4700414,4677030,Bryson,
4700414,4700455,Jacksboro,
4700488,4046274,Edna,
4700488,4692898,Ganado,
4700488,4707362,Lolita,
4700729,4677412,Buna,
4700729,4689569,Evadale,
4700729,4700731,Jasper,
4700729,4703438,Kirbyville,
4700729,4726133,Sam Rayburn,
4700821,4672989,Beaumont,
4700821,4674015,Bevil Oaks,
4700821,4680165,Central Gardens,
4700821,4680774,China,
4700821,4690136,Fannett,
4700821,4695317,Groves,
4700821,4713932,Nederland,
4700821,4714919,Nome,
4700821,4720039,Port Arthur,
4700821,4720072,Port Neches,
4701059,4696922,Hebbronville,
4701084,4670234,Alice,
4701084,4683993,Coyote Acres,
4701084,4716812,Orange Grove,
4701084,4720529,Premont,
4701084,4721416,Rancho Alegre,
4701348,4670582,Alvarado,
4701348,4677551,Burleson,
4701348,4681976,Cleburne,
4701348,4693832,Godley,
4701348,4694503,Grandview,
4701348,4701659,Joshua,
4701348,4702785,Keene,
4701348,4722847,Rio Vista,
4701348,4739052,Venus,
4701505,4670901,Anson,
4701505,4696723,Hawley,
4701505,4734041,Stamford,
4702669,4690097,Falls City,
4702669,4702664,Karnes City,
4702669,4702965,Kenedy,
4702669,4724309,Runge,
4702735,4682745,Combine,
4702735,4684056,Crandall,
4702735,4689115,Elmo,
4702735,4691833,Forney,
4702735,4702728,Kaufman,
4702735,4702914,Kemp,
4702735,4708535,Mabank,
4702735,4715808,Oak Grove,
4702735,4715935,Oak Ridge,
4702735,4720183,Post Oak Bend City,
4702735,4727571,Scurry,
4702735,4735524,Talty,
4702735,4736028,Terrell,
4702735,7315389,Travis Ranch,
4702947,4675373,Boerne,
4702947,4682748,Comfort,
4702968,4727159,Sarita,
4703071,4700044,Ingram,
4703071,4703078,Kerrville,
4703256,4701791,Junction,
4703486,4703384,Kingsville,
4703486,4722542,Ricardo,
4703486,4723008,Riviera,
4703582,4673510,Benjamin,
4703582,4703578,Knox City,
4703582,4713452,Munday,
4704157,4683696,Cotulla,
4704157,4689248,Encinal,
4704157,4692983,Gardendale,
4705086,4675059,Blossom,
4705086,4685952,Deport,
4705086,4707478,Lone Star,
4705086,4717560,Paris,
4705086,4720327,Powderly,
4705086,4722241,Reno,
4705086,4724202,Roxton,
4705179,4702998,Kempner,
4705179,4705176,Lampasas,
4705179,4707403,Lometa,
4705575,4695673,Hackberry,
4705575,4695866,Hallettsville,
4705575,4712587,Moulton,
4705575,4728482,Shiner,
4705758,4693472,Giddings,
4705758,4706068,Lexington,
4705899,4677230,Buffalo,
4705899,4680082,Centerville,
4705899,4697909,Hilltop Lakes,
4705899,4701046,Jewett,
4705899,4714963,Normangee,
4705899,4716050,Oakwood,
4706143,4670667,Ames,
4706143,4682032,Cleveland,
4706143,4684867,Daisetta,
4706143,4685449,Dayton,
4706143,4696134,Hardin,
4706143,4699431,Hull,
4706143,4702975,Kenefick,
4706143,4706088,Liberty,
4706143,4719782,Plum Grove,
4706335,4679987,Center,
4706335,4683089,Coolidge,
4706335,4695270,Groesbeck,
4706335,4710963,Mexia,
4706335,4736679,Thornton,
4707076,4693325,George West,
4707076,4736721,Three Rivers,
4707196,4677042,Buchanan Dam,
4707196,4677046,Buchanan Lake Village,
4707196,4698864,Horseshoe Bay,
4707196,4703372,Kingsland,
4707196,4707191,Llano,
4707196,4735027,Sunrise Beach Village,
4708691,4708703,Madisonville,
4709165,4700817,Jefferson,
4709509,4709501,Mason,
4709580,4829307,Bay City,
4709580,4675014,Blessing,
4709580,4709193,Markham,
4709580,4709576,Matagorda,
4709580,4717218,Palacios,
4709580,4738908,Van Vleck,
4709977,4676032,Brady,
4710229,4673389,Bellmead,
4710229,4674001,Beverly,
4710229,4674006,Beverly Hills,
4710229,4676794,Bruceville-Eddy,
4710229,4684084,Crawford,
4710229,4693426,Gholson,
4710229,4695893,Hallsburg,
4710229,4697330,Hewitt,
4710229,4704238,Lacy-Lakeview,
4710229,4707868,Lorena,
4710229,4709320,Mart,
4710229,4710129,McGregor,
4710229,4712097,Moody,
4710229,4715411,Northcrest,
4710229,4722757,Riesel,
4710229,4723165,Robinson,
4710229,4739526,Waco,
4710229,4740686,West,
4710229,4743105,Woodway,
4710259,4736889,Tilden,
4710490,4679459,Castroville,
4710490,4684819,D'Hanis,
4710490,4829208,Devine,
4710490,4698562,Hondo,
4710490,4703925,La Coste,
4710490,4046430,Natalia,
4710698,4710697,Menard,
4711286,4677124,Buckholts,
4711286,4678357,Cameron,
4711286,4723369,Rockdale,
4711286,4736681,Thorndale,
4711560,4693906,Goldthwaite,
4711974,4675803,Bowie,
4711974,4711972,Montague,
4711974,4714865,Nocona,
4711974,8481847,Nocona Hills,
4711974,4724966,Saint Jo,
4712041,4682991,Conroe,
4712041,4684698,Cut and Shoot,
4712041,4708747,Magnolia,
4712041,4712033,Montgomery,
4712041,4714149,New Caney,
4712041,4715944,Oak Ridge North,
4712041,4717446,Panorama Village,
4712041,4717929,Patton Village,
4712041,4719246,Pinehurst,
4712041,4720105,Porter Heights,
4712041,4723755,Roman Forest,
4712041,4728287,Shenandoah,
4712041,4733593,Splendora,
4712041,4734027,Stagecoach,
4712041,4736476,The Woodlands,
4712041,4742170,Willis,
4712041,4742897,Woodbranch,
4712390,4684858,Daingerfield,
4712390,4707479,Lone Star,
4712390,4713782,Naples,
4712390,4716696,Omaha,
4713738,4684678,Cushing,
4713738,4693065,Garrison,
4713738,4713735,Nacogdoches,
4713849,4675056,Blooming Grove,
4713849,4683462,Corsicana,
4713849,4685428,Dawson,
4713849,4692600,Frost,
4713849,4703063,Kerens,
4713849,4722543,Rice,
4714720,4686085,Deweyville,
4714720,4714713,Newton,
4714720,4046538,South Toledo Bend,
4715635,4669905,Agua Dulce,
4715635,4672212,Banquete,
4715635,4674593,Bishop,
4715635,4683416,Corpus Christi,
4715635,4686916,Driscoll,
4715635,4715308,North San Pedro,
4715635,4720036,Port Aransas,
4715635,4723212,Robstown,
4715635,8097251,Spring Gardens,
4716826,4676316,Bridge City,
4716826,4709663,Mauriceville,
4716826,4716805,Orange,
4716826,4719104,Pine Forest,
4716826,4719247,Pinehurst,
4716826,4723853,Rose City,
4716826,4739226,Vidor,
4716826,4740987,West Orange,
4717377,4694418,Graford,
4717377,4711647,Mineral Wells,
4717377,4717376,Palo Pinto,
4717377,4734683,Strawn,
4717434,4673096,Beckville,
4717434,4679272,Carthage,
4717644,4670165,Aledo,
4717644,4670886,Annetta,
4717644,4670887,Annetta North,
4717644,4670888,Annetta South,
4717644,4699323,Hudson Oaks,
4717644,4722242,Reno,
4717644,4733940,Springtown,
4717644,4740364,Weatherford,
4717644,8478942,Western Lake,
4717644,4742296,Willow Park,
4719903,4683453,Corrigan,
4719903,7701640,Indian Springs,
4719903,4707173,Livingston,
4719903,4716701,Onalaska,
4719903,4719579,Pleasant Hill,
4719903,4740941,West Livingston,
4721307,4687979,East Tawakoni,
4721307,4689236,Emory,
4721307,4719860,Point,
4721747,5518199,Camp Wood,
4721747,4705702,Leakey,
4721949,4675398,Bogata,
4721949,4681758,Clarksville,
4721949,4685987,Detroit,
4722147,4722145,Refugio,
4722147,4743057,Woodsboro,
4723147,4676198,Bremond,
4723147,4678322,Calvert,
4723147,4692193,Franklin,
4723147,4696862,Hearne,
4723410,4690257,Fate,
4723410,4696876,Heath,
4723410,4710227,McLendon-Chisholm,
4723410,4723406,Rockwall,
4723410,4724241,Royse City,
4724312,4672145,Ballinger,
4724312,5526399,Miles,
4724312,4742656,Winters,
4724363,4688084,Easton,
4724363,4046332,Henderson,
4724363,4714475,New London,
4724363,4716998,Overton,
4724363,4735674,Tatum,
4724540,4697054,Hemphill,
4724540,4711255,Milam,
4724540,4719252,Pineland,
4726259,4726256,San Augustine,
4726377,4682352,Coldspring,
4726377,4719853,Pointblank,
4726377,4728298,Shepherd,
4726521,4671141,Aransas Pass,
4726521,4695155,Gregory,
4726521,4700033,Ingleside,
4726521,4700039,Ingleside On-the-Bay,
4726521,4704425,Lake City,
4726521,7261611,Lakeshore Gardens-Hidden Acres,
4726521,4709615,Mathis,
4726521,4716128,Odem,
4726521,4720131,Portland,
4726521,4725486,Saint Paul,
4726521,4728826,Sinton,
4726521,4735458,Taft,
4726521,4735467,Taft Southwest (historical),
4726585,4726582,San Saba,
4727962,4670094,Albany,
4728231,4679988,Center,
4728231,4701106,Joaquin,
4728231,4735964,Tenaha,
4728231,4736933,Timpson,
4729130,4671334,Arp,
4729130,4677344,Bullard,
4729130,4697485,Hideaway,
4729130,4706386,Lindale,
4729130,4714155,New Chapel Hill,
4729130,4714912,Noonday,
4729130,4737691,Troup,
4729130,4738214,Tyler,
4729130,4741641,Whitehouse,
4729130,4742625,Winona,
4732807,4693696,Glen Rose,
4734150,4670529,Alto Bonito,
4734150,4670530,Alto Bonito Colonia,
4734150,4671840,B and E Colonia,
4734150,4689429,Escobares,
4734150,7315360,Garza-Salinas II,
4734150,4703965,La Grulla,
4734150,4704133,La Puerta,
4734150,4705417,Las Lomas,
4734150,4722837,Rio Grande City,
4734150,8479429,Roma,
4734150,4723763,Roma-Los Saenz,
4734150,4740692,West Alto Bonito Colonia,
4734326,4676181,Breckenridge,
4735638,4671240,Arlington,
4735638,4671800,Azle,
4735638,4673094,Bedford,
4735638,4673482,Benbrook,
4735638,4675146,Blue Mound,
4735638,4682478,Colleyville,
4735638,4684434,Crowley,
4735638,4684955,Dalworthington Gardens,
4735638,4687588,Eagle Mountain,
4735638,4688248,Edgecliff Village,
4735638,4689550,Euless,
4735638,4689708,Everman,
4735638,4691766,Forest Hill,
4735638,4691930,Fort Worth,
4735638,4694568,Grapevine,
4735638,4695912,Haltom City,
4735638,4696605,Haslet,
4735638,4699575,Hurst,
4735638,4702828,Keller,
4735638,4702986,Kennedale,
4735638,4704931,Lake Worth,
4735638,4704970,Lakeside,
4735638,4709013,Mansfield,
4735638,4715292,North Richland Hills,
4735638,4717448,Pantego,
4735638,4718153,Pecan Acres,
4735638,4718330,Pelican Bay,
4735638,4722231,Rendon,
4735638,4722668,Richland Hills,
4735638,4722925,River Oaks,
4735638,4724642,Saginaw,
4735638,4726971,Sansom Park,
4735638,4733313,Southlake,
4735638,4740214,Watauga,
4735638,4741196,Westlake,
4735638,4741231,Westover Hills,
4735638,4741304,Westworth,
4735638,4741616,White Settlement,
4735729,4669635,Abilene,
4735729,5526164,Merkel,
4735729,4720275,Potosi,
4735729,4738084,Tuscola,
4735729,4738207,Tye,
4736742,4736741,Throckmorton,
4736982,4712933,Mount Pleasant,
4736982,4735486,Talco,
4736982,4742590,Winfield,
4737316,4671654,Austin,
4737316,4672494,Barton Creek,
4737316,4673132,Bee Cave,
4737316,4676287,Briarcliff,
4737316,4692997,Garfield,
4737316,4698809,Hornsby Bend,
4737316,4699304,Hudson Bend,
4737316,4701592,Jonestown,
4737316,4704276,Lago Vista,
4737316,4705041,Lakeway,
4737316,4708016,Lost Creek,
4737316,4708936,Manchaca,
4737316,4708989,Manor,
4737316,4713653,Mustang Ridge,
4737316,4718711,Pflugerville,
4737316,4719851,Point Venture,
4737316,4723734,Rollingwood,
4737316,4726500,San Leanna,
4737316,4728052,Shady Hollow,
4737316,4736420,The Hills,
4737316,4739408,Volente,
4737316,4740584,Wells Branch,
4737316,4740928,West Lake Hills,
4737316,4742527,Windemere,
4737562,4695325,Groveton,
4737562,4737506,Trinity,
4738216,4682548,Colmesneil,
4738216,4740096,Warren,
4738216,4743079,Woodville,
4738689,4674337,Big Sandy,
4738689,4687891,East Mountain,
4738689,4693569,Gilmer,
4738689,4716833,Ore City,
4738723,4703553,Knippa,
4738723,4724530,Sabinal,
4738723,4738721,Uvalde,
4738723,4738725,Uvalde Estates,
4738915,4678858,Canton,
4738915,4688254,Edgewood,
4738915,4694488,Grand Saline,
4738915,4713699,Myrtle Springs,
4738915,4738883,Van,
4738915,4742380,Wills Point,
4739167,4675057,Bloomington,
4739167,4700024,Inez,
4739167,4719431,Placedo,
4739167,8480061,Quail Creek,
4739167,4739157,Victoria,
4739690,4699540,Huntsville,
4739690,4714603,New Waverly,
4739690,4722966,Riverside,
4739804,4676571,Brookshire,
4739804,4697060,Hempstead,
4739804,4717921,Pattison,
4739804,4719165,Pine Island,
4739804,4720493,Prairie View,
4739804,4739799,Waller,
4740157,4676206,Brenham,
4740399,4677979,Cactus,
4740399,4688520,El Cenizo,
4740399,4705349,Laredo,
4740399,4705343,Larga Vista,
4740399,8478943,Pueblo Nuevo,
4740399,4720918,Pueblo Nuevo Colonia,
4740399,4721462,Ranchos Penitas West,
4740399,4721463,Ranchos Penitas West Colonia,
4740399,4722831,Rio Bravo,
4741328,4675525,Boling,
4741328,4687678,East Bernard,
4741328,4688506,El Campo,
4741328,4708089,Louise,
4741328,4741325,Wharton,
4741751,4677526,Burkburnett,
4741751,4688739,Electra,
4741751,4700122,Iowa Park,
4741751,4741752,Wichita Falls,
4741797,4739078,Vernon,
4741939,4705494,Lasara,
4741939,4708403,Lyford,
4741939,4721703,Raymondville,
4741939,4726569,San Perlita,
4741939,4727651,Sebastian,
4742143,4672479,Bartlett,
4742143,4676920,Brushy Creek,
4742143,4679867,Cedar Park,
4742143,4691524,Florence,
4742143,4693342,Georgetown,
4742143,4694521,Granger,
4742143,4699626,Hutto,
4742143,4700718,Jarrell,
4742143,4705708,Leander,
4742143,4706161,Liberty Hill,
4742143,4724129,Round Rock,
4742143,4727831,Serenada,
4742143,4735702,Taylor,
4742143,4736700,Thrall,
4742425,4691553,Floresville,
4742425,4704180,La Vernia,
4742425,4720272,Poth,
4742425,4734523,Stockdale,
4742676,4670605,Alvord,
4742676,4671650,Aurora,
4742676,4675929,Boyd,
4742676,4676266,Briar,
4742676,4676327,Bridgeport,
4742676,4680702,Chico,
4742676,4685617,Decatur,
4742676,4689877,Fairview,
4742676,6332680,New Fairview,
4742676,4714660,Newark,
4742676,4722533,Rhome,
4742676,4724298,Runaway Bay,
4742850,4670091,Alba,
4742850,4695554,Gunter,
4742850,4696686,Hawkins,
4742850,6692230,Holly Lake Ranch,
4742850,4711628,Mineola,
4742850,4721115,Quitman,
4742850,4742620,Winnsboro,
4743474,4694420,Graham,
4743474,4714671,Newcastle,
4743474,4716683,Olney,
4743577,4690057,Falcon Lake Estates,
4743577,4710485,Medina,
4743577,4726603,San Ygnacio,
4743577,4728616,Siesta Shores,
4743577,4743575,Zapata,
4743595,4672600,Batesville,
4743595,4684480,Crystal City,
4743595,4704131,La Pryor,
4743865,4743873,Accomac,
4743865,4744983,Atlantic,
4743865,4746456,Belle Haven,
4743865,4748439,Boston,
4743865,7231955,Captains Cove,
4743865,4752495,Chincoteague,
4743865,4764910,Horntown,
4743865,4772778,Metompkin,
4743865,4046820,Nelsonia,
4743865,4777405,Onancock,
4743865,4777417,Onley,
4743865,4777994,Parksley,
4743865,4829311,Pastoria,
4743865,4788763,Tangier,
4743865,4792484,Wattsville,
4744031,4754901,Crozet,
4744031,4757826,Esmont,
4744031,4764607,Hollymead,
4744031,4766232,Ivy,
4744031,9683026,Pantops,
4744031,4784711,Scottsville,
4744106,4744091,Alexandria,
4744139,4753158,Clifton Forge,
4744139,4784856,Selma,
4744308,4744309,Amelia Court House,
4744328,4744326,Amherst,
4744328,4771247,Madison Heights,
4744616,4744609,Appomattox,
4744725,4744709,Arlington,
4744725,4782988,Rosslyn,
4745015,4754568,Craigsville,
4745015,4754712,Crimora,
4745015,4756211,Dooms,
4745015,4759120,Fishersville,
4745015,4762275,Greenville,
4745015,4763242,Harriston,
4745015,4767082,Jolivue,
4745015,4771100,Lyndhurst,
4745015,4774686,Mount Sidney,
4745015,4775759,New Hope,
4745015,4785315,Sherando,
4745015,4788070,Stuarts Draft,
4745015,4791102,Verona,
4745015,4793125,Weyers Cave,
4745776,4765054,Hot Springs,
4745776,4792225,Warm Springs,
4746270,4746265,Bedford,
4746270,4759556,Forest,
4746270,4773757,Montvale,
4747931,4747930,Bland,
4748452,4748050,Blue Ridge,
4748452,4749523,Buchanan,
4748452,4753268,Cloverdale,
4748452,4755173,Daleville,
4748452,4758750,Fincastle,
4748452,4768916,Laymantown,
4749005,4748993,Bristol,
4749396,4768900,Lawrenceville,
4749535,4762512,Grundy,
4749657,4749652,Buckingham,
4749725,4749715,Buena Vista,
4750738,4744247,Altavista,
4750738,4749193,Brookneal,
4750738,4753820,Concord,
4750738,4783303,Rustburg,
4750738,4789648,Timberlake,
4751013,4748550,Bowling Green,
4751058,4750786,Cana,
4751058,4764251,Hillsville,
4751058,4794529,Woodlawn,
4752002,4752001,Charles City,
4752025,4752027,Charlotte Court House,
4752025,4756345,Drakes Branch,
4752025,4767677,Keysville,
4752046,4752031,Charlottesville,
4752215,4752186,Chesapeake,
4752255,4746526,Bellwood,
4752255,4746664,Bensley,
4752255,4748305,Bon Air,
4752255,4748726,Brandermill,
4752255,4752229,Chester,
4752255,4752250,Chesterfield,
4752255,4752261,Chesterfield Court House,
4752255,4757734,Enon,
4752255,4757863,Ettrick,
4752255,4772009,Matoaca,
4752255,8480062,Meadowbrook,
4752255,4772943,Midlothian,
4752255,7728582,Woodlake,
4752978,4746795,Berryville,
4752978,4748607,Boyce,
4752978,4785280,Shenandoah Retreat,
4753684,4753671,Colonial Heights,
4754373,4754358,Covington,
4754373,4758143,Fairlawn,
4754544,4775705,New Castle,
4754972,4754966,Culpeper,
4754972,4772739,Merrimac,
4754992,4754989,Cumberland,
4755298,4755280,Danville,
4755865,4753218,Clintwood,
4755976,4755972,Dinwiddie,
4757688,4757673,Emporia,
4757844,4788822,Tappahannock,
4758041,4744468,Annandale,
4758041,4745272,Baileys Crossroads,
4758041,4746457,Belle Haven,
4758041,4749950,Burke,
4758041,4751839,Centreville,
4758041,4751935,Chantilly,
4758041,4756348,Dranesville,
4758041,4756736,Dunn Loring,
4758041,4758102,Fairfax Station,
4758041,4759430,Floris,
4758041,7257902,Fort Belvoir,
4758041,4046704,Fort Hunt,
4758041,4759968,Franconia,
4758041,4761951,Great Falls,
4758041,4762155,Greenbriar,
4758041,4762493,Groveton,
4758041,4763436,Hayfield,
4758041,4763793,Herndon,
4758041,4765392,Huntington,
4758041,4765520,Hybla Valley,
4758041,4765553,Idylwood,
4758041,4767864,Kings Park,
4758041,7315398,Kings Park West,
4758041,4768185,Lake Barcroft,
4758041,9670593,Laurel Hill,
4758041,4769608,Lincolnia,
4758041,4770714,Lorton,
4758041,4771494,Mantua,
4758041,4772354,McLean,
4758041,4772735,Merrifield,
4758041,7258318,Mount Vernon,
4758041,4775981,Newington,
4758041,4776472,North Springfield,
4758041,8097131,Oak Hill,
4758041,4776970,Oakton,
4758041,4778945,Pimmit Hills,
4758041,4781129,Ravensworth,
4758041,4781530,Reston,
4758041,4782864,Rose Hill,
4758041,4784902,Seven Corners,
4758041,4787117,Springfield,
4758041,4790534,Tysons,
4758041,4791160,Vienna,
4758041,7258780,West Falls Church,
4758041,4792901,West Springfield,
4758041,4794350,Wolf Trap,
4758041,8480064,Woodburn,
4758041,4794531,Woodlawn,
4758109,4758023,Fairfax,
4758398,4758390,Falls Church,
4758541,4745934,Bealeton,
4758541,4771701,Marshall,
4758541,4775660,New Baltimore,
4758541,4777424,Opal,
4758541,4781484,Remington,
4758541,4792255,Warrenton,
4759449,4759446,Floyd,
4759468,4768313,Lake Monticello,
4759468,4777824,Palmyra,
4759468,4792598,Weber City,
4759996,4758671,Ferrum,
4759996,4763716,Henry Fork,
4759996,4776469,North Shore,
4759996,4778415,Penhook,
4759996,4782691,Rocky Mount,
4759996,4790661,Union Hall,
4759996,4793010,Westlake Corner,
4760031,4759986,Franklin,
4760052,4772927,Middletown,
4760052,4785161,Shawnee Land,
4760052,4787519,Stephens City,
4760084,4760059,Fredericksburg,
4760382,4760376,Galax,
4760832,4775438,Narrows,
4760832,4778312,Pearisburg,
4760832,4778381,Pembroke,
4760832,4781627,Rich Creek,
4761164,4761166,Gloucester Courthouse,
4761164,4761171,Gloucester Point,
4761280,4761277,Goochland,
4761913,4829280,Independence,
4762187,4783160,Ruckersville,
4762187,4787296,Stanardsville,
4762187,8480039,Twin Lakes,
4762246,4766554,Jarratt,
4762757,4753292,Cluster Springs,
4762757,4762755,Halifax,
4762757,4774976,Mountain Road,
4762757,4782017,Riverdale,
4762757,4786522,South Boston,
4762929,4756955,East Hampton,
4762929,4762894,Hampton,
4762988,4744905,Ashland,
4762988,4762979,Hanover,
4762988,4772566,Mechanicsville,
4763237,4763231,Harrisonburg,
4763688,4751886,Chamberlayne,
4763688,4756653,Dumbarton,
4763688,4756972,East Highland Park,
4763688,4759735,Fort Lee,
4763688,4761054,Glen Allen,
4763688,4764127,Highland Springs,
4763688,4768423,Lakeside,
4763688,4768678,Laurel,
4763688,4768803,Laurel Park,
4763688,4773747,Montrose,
4763688,4784352,Sandston,
4763688,4785576,Short Pump,
4763688,4790207,Tuckahoe,
4763688,4794814,Wyndham,
4763710,4745753,Bassett,
4763710,4752081,Chatmoss,
4763710,4753635,Collinsville,
4763710,4758727,Fieldale,
4763710,4764936,Horse Pasture,
4763710,4768804,Laurel Park,
4763710,4776843,Oak Level,
4763710,4777858,Pannill Fork,
4763710,4781807,Ridgeway,
4763710,4787327,Stanleytown,
4763710,4791187,Villa Heights,
4764100,4773690,Monterey,
4764849,4764826,Hopewell,
4766205,4746658,Benns Church,
4766205,4751066,Carrollton,
4766205,4766204,Isle of Wight,
4766205,4783255,Rushmere,
4766205,4786274,Smithfield,
4766205,4794164,Windsor,
4766447,9036748,Williamsburg,
4767772,4755143,Dahlgren,
4767772,4767771,King George,
4767772,4778077,Passapatanzy,
4767790,4751778,Central Garage,
4767790,4767789,King William,
4767790,4792878,West Point,
4767793,4767794,King and Queen Court House,
4768515,4767723,Kilmarnock,
4768515,4768513,Lancaster,
4769028,4756549,Dryden,
4769028,4767229,Jonesville,
4769028,4778452,Pennington Gap,
4769028,4782866,Rose Hill,
4769352,4769339,Lexington,
4770746,4744870,Ashburn,
4770746,4746535,Belmont,
4770746,4748703,Brambleton,
4770746,4749103,Broadlands,
4770746,4754219,Countryside,
4770746,4756636,Dulles Town Center,
4770746,4762836,Hamilton,
4770746,4769125,Leesburg,
4770746,7315399,Loudoun Valley Estates,
4770746,4770817,Lovettsville,
4770746,4770931,Lowes Island,
4770746,4772904,Middleburg,
4770746,4776694,Oak Grove,
4770746,4780641,Purcellville,
4770746,4783020,Round Hill,
4770746,4786667,South Riding,
4770746,4787534,Sterling,
4770746,4788216,Sugarland Run,
4770746,4790763,University Center,
4770767,4748093,Blue Ridge Shores,
4770767,4770766,Louisa,
4771000,4767509,Kenbridge,
4771000,4770995,Lunenburg,
4771000,4791136,Victoria,
4771099,4771075,Lynchburg,
4771099,4792867,West Lynchburg,
4771240,4748980,Brightwood,
4771240,4771235,Madison,
4771421,4771414,Manassas Park,
4771426,4771401,Manassas,
4771819,4771808,Martinsville,
4771977,4762637,Gwynn,
4771977,4771980,Mathews,
4772586,4748634,Boydton,
4772586,4748646,Bracey,
4772586,4752052,Chase City,
4772586,4752994,Clarksville,
4772586,4768101,La Crosse,
4772586,4786619,South Hill,
4772915,4755710,Deltaville,
4772915,4784259,Saluda,
4773711,4747845,Blacksburg,
4773711,4752665,Christiansburg,
4773711,4757519,Elliston,
4773711,4772740,Merrimac,
4773711,8480063,Plum Creek,
4773711,4780337,Prices Fork,
4773711,4781876,Riner,
4773711,4785167,Shawsville,
4775610,4744791,Arrington,
4775610,4770827,Lovingston,
4775610,4775601,Nellysford,
4775610,4785473,Shipman,
4775834,4829274,New Kent,
4776037,4776024,Newport News,
4776242,4776222,Norfolk,
4776500,4750892,Cape Charles,
4776500,4757073,Eastville,
4776500,4757978,Exmore,
4776564,4763558,Heathsville,
4776591,4776585,Norton,
4776629,4747839,Blackstone,
4776629,4754686,Crewe,
4777457,4761471,Gordonsville,
4777457,13236510,Lake of the Woods,
4777457,4777454,Orange,
4777756,4771014,Luray,
4777756,4785243,Shenandoah,
4777756,4787307,Stanley,
4778096,4778128,Patrick Springs,
4778096,4788051,Stuart,
4778642,4778626,Petersburg,
4779336,4747911,Blairs,
4779336,4752060,Chatham,
4779336,4762356,Gretna,
4779336,4765475,Hurt,
4779336,4774075,Motley,
4779336,4774282,Mount Hermon,
4779336,4781808,Ridgeway,
4779934,4779923,Poquoson,
4780019,4779999,Portsmouth,
4780019,4780011,Portsmouth Heights,
4780225,4780220,Powhatan,
4780362,4758495,Farmville,
4780362,4762888,Hampden Sydney,
4780374,7257908,Fort Lee,
4780374,4780370,Prince George,
4780384,4749007,Bristow,
4780384,4749627,Buckhall,
4780384,4749854,Bull Run,
4780384,4749866,Bull Run Mountain Estates,
4780384,4752136,Cherry Hill,
4780384,4755158,Dale City,
4780384,4756643,Dumfries,
4780384,4760363,Gainesville,
4780384,4763452,Haymarket,
4780384,4765594,Independent Hill,
4780384,4768351,Lake Ridge,
4780384,4769667,Linton Hall,
4780384,4770288,Loch Lomond,
4780384,4773677,Montclair,
4780384,4776181,Nokesville,
4780384,4777024,Occoquan,
4780384,4780087,Potomac Mills,
4780384,4788145,Sudley,
4780384,4790025,Triangle,
4780384,4792829,West Gate,
4780384,4794457,Woodbridge,
4780384,4794966,Yorkshire,
4780581,4756557,Dublin,
4780581,4758144,Fairlawn,
4780581,4780577,Pulaski,
4780851,4780837,Radford,
4781039,4752234,Chester Gap,
4781039,4783021,Round Hill,
4781039,4792307,Washington,
4781725,4792273,Warsaw,
4781756,4781708,Richmond,
4782181,4751421,Cave Spring,
4782181,4761127,Glenvar,
4782181,4764534,Hollins,
4782181,4775439,Narrows,
4782181,4791237,Vinton,
4782241,4751445,Cedar Bluff,
4782241,4782167,Roanoke,
4782241,4791188,Villa Heights,
4782531,4756970,East Lexington,
4782531,4761008,Glasgow,
4782579,8097233,Belmont Estates,
4782579,4748925,Bridgewater,
4782579,4749117,Broadway,
4782579,4755491,Dayton,
4782579,4757467,Elkton,
4782579,4762454,Grottoes,
4782579,4771924,Massanetta Springs,
4782579,4771928,Massanutten,
4782579,4789655,Timberville,
4783267,4751296,Castlewood,
4783267,4755272,Dante,
4783267,4764743,Honaker,
4783267,4768972,Lebanon,
4784205,4784112,Salem,
4784660,4760593,Gate City,
4784660,4792599,Weber City,
4785252,4745764,Basye,
4785252,4757240,Edinburg,
4785252,4772042,Maurertown,
4785252,4774352,Mount Jackson,
4785252,4775859,New Market,
4785252,4787974,Strasburg,
4785252,4794641,Woodstock,
4786352,4743963,Adwolf,
4786352,4744971,Atkins,
4786352,4752449,Chilhowie,
4786352,4771643,Marion,
4786352,4784275,Saltville,
4786352,4784913,Seven Mile Ford,
4786352,4788171,Sugar Grove,
4786735,4748639,Boykins,
4786735,4754296,Courtland,
4786949,4786946,Spotsylvania,
4786949,4786952,Spotsylvania Courthouse,
4787248,4744645,Aquia Harbour,
4787248,7315397,Boswell's Corner,
4787248,4758426,Falmouth,
4787248,7315404,Southern Gateway,
4787248,4787247,Stafford,
4787467,4787440,Staunton,
4788160,4786714,South Suffolk,
4788160,4788158,Suffolk,
4788433,4788431,Surry,
4788448,4788444,Sussex,
4788448,4791861,Wakefield,
4788448,4792494,Waverly,
4788970,4748125,Bluefield,
4788970,4751446,Cedar Bluff,
4788970,4753043,Claypool Hill,
4788970,4761813,Gratton,
4788970,4781113,Raven,
4788970,4781711,Richlands,
4788970,4787171,Springville,
4788970,4788966,Tazewell,
4791271,4791259,Virginia Beach,
4792238,4744589,Apple Mountain Lake,
4792238,4760232,Front Royal,
4792238,4785261,Shenandoah Farms,
4792238,4785284,Shenandoah Shores,
4792238,4785940,Skyland Estates,
4792315,4743815,Abingdon,
4792315,4755199,Damascus,
4792315,4757667,Emory,
4792315,4760971,Glade Spring,
4792315,4772547,Meadowview,
4792534,4792522,Waynesboro,
4793032,4753654,Colonial Beach,
4793032,4773752,Montross,
4793872,4793846,Williamsburg,
4794134,4794120,Winchester,
4794277,4744575,Appalachia,
4794277,4747554,Big Stone Gap,
4794277,4753409,Coeburn,
4794277,4780126,Pound,
4794277,4782104,Riverview,
4794277,4783906,Saint Paul,
4794277,4829341,Wise,
4794827,4759700,Fort Chiswell,
4794827,4766221,Ivanhoe,
4794827,4772066,Max Meadows,
4794827,4783233,Rural Retreat,
4794827,4794837,Wytheville,
4794943,4046946,Yorktown,
4797875,4798532,Belington,
4797875,4810593,Junior,
4797875,4818074,Philippi,
4798686,4805596,Falling Waters,
4798686,4809881,Inwood,
4798686,4813878,Martinsburg,
4799815,4803635,Danville,
4799815,4813565,Madison,
4800020,4806781,Gassaway,
4800020,4824118,Sutton,
4800996,4797880,Barboursville,
4800996,4803451,Culloden,
4800996,4809537,Huntington,
4800996,4811968,Lesage,
4800996,4815044,Milton,
4800996,4817825,Pea Ridge,
4801086,4807389,Grantsville,
4802346,4802333,Clay,
4804155,4826808,West Union,
4805678,4797301,Ansted,
4805678,4799808,Boomer,
4805678,4805686,Fayetteville,
4805678,4806809,Gauley Bridge,
4805678,4808905,Hilltop,
4805678,4815582,Mount Hope,
4805678,4816993,Oak Hill,
4805678,4818978,Powellton,
4805678,4822612,Smithers,
4806966,4807116,Glenville,
4807365,4818030,Petersburg,
4807600,4797041,Alderson,
4807600,4805403,Fairlea,
4807600,4812015,Lewisburg,
4807600,4819307,Rainelle,
4807600,4820608,Ronceverte,
4807600,4820828,Rupert,
4807600,4827104,White Sulphur Springs,
4807996,4797575,Augusta,
4807996,4820597,Romney,
4808124,4815286,Moorefield,
4808274,4797284,Anmoore,
4808274,4798838,Bethlehem,
4808274,4800081,Bridgeport,
4808274,4802316,Clarksburg,
4808274,4803960,Despard,
4808274,4805226,Enterprise,
4808274,4808624,Hepzibah,
4808274,4813416,Lumberport,
4808274,4816898,Nutter Fort,
4808274,4821203,Salem,
4808274,4822050,Shinnston,
4808274,4823571,Stonewood,
4808274,4829421,West Milford,
4810022,4819418,Ravenswood,
4810022,4820037,Ripley,
4810162,4799766,Bolivar,
4810162,4801850,Charles Town,
4810162,4819389,Ranson,
4810162,4821860,Shannondale,
4810162,4821961,Shenandoah Junction,
4810162,4821983,Shepherdstown,
4810630,4797174,Alum Creek,
4810630,4798559,Belle,
4810630,4798993,Big Chimney,
4810630,4801641,Cedar Grove,
4810630,4801859,Charleston,
4810630,4801904,Chelyan,
4810630,4801966,Chesapeake,
4810630,4802417,Clendenin,
4810630,4802527,Coal Fork,
4810630,4803372,Cross Lanes,
4810630,4804563,Dunbar,
4810630,4804700,East Bank,
4810630,4805077,Elkview,
4810630,4807054,Glasgow,
4810630,4810160,Jefferson,
4810630,4813783,Marmet,
4810630,4815241,Montgomery,
4810630,4816665,Nitro,
4810630,4818227,Pinch,
4810630,4819000,Pratt,
4810630,4819360,Rand,
4810630,4820938,Saint Albans,
4810630,4822136,Shrewsbury,
4810630,4822310,Sissonville,
4810630,4822764,South Charleston,
4810630,4825617,Tornado,
4811999,4826882,Weston,
4812303,4807976,Hamlin,
4812303,4808315,Harts,
4812303,4826777,West Hamlin,
4812863,4796917,Accoville,
4812863,4829271,Bruno,
4812863,4801828,Chapmanville,
4812863,4809052,Holden,
4812863,4811044,Kistler,
4812863,4812867,Logan,
4812863,4813648,Mallory,
4812863,4813635,Man,
4812863,4814118,McConnell,
4812863,7258310,Mount Gay-Shamrock,
4812863,4817246,Omar,
4812863,4820253,Robinette,
4812863,4824205,Switzer,
4812863,4825918,Verdunville,
4813754,4797975,Barrackville,
4813754,4805404,Fairmont,
4813754,4807374,Grant Town,
4813754,4809644,Idamay,
4813754,4813666,Mannington,
4813754,4815200,Monongah,
4813754,4817780,Paw Paw,
4813754,4818573,Pleasant Valley,
4813754,4820129,Rivesville,
4813754,4827113,White Hall,
4813820,5280076,Benwood,
4813820,4801156,Cameron,
4813820,4807136,Glendale,
4813820,4814268,McMechen,
4813820,4815462,Moundsville,
4813934,4806688,Gallipolis Ferry,
4813934,4808301,Hartford City,
4813934,4813931,Mason,
4813934,4816522,New Haven,
4813934,4818750,Point Pleasant,
4814188,4806779,Gary,
4814188,4826431,War,
4814188,4826660,Welch,
4814465,4797549,Athens,
4814465,4799622,Bluefield,
4814465,4799692,Bluewell,
4814465,4800356,Brush Fork,
4814465,4815230,Montcalm,
4814465,4818122,Piedmont,
4814465,4819079,Princeton,
4815060,7161967,Carpendale,
4815060,4806346,Fort Ashby,
4815060,4810884,Keyser,
4815060,4813919,Maryland Junction,
4815060,4818123,Piedmont,
4815060,4819809,Ridgeley,
4815060,4827255,Wiley Ford,
4815072,4801886,Chattaroy,
4815072,4803885,Delbarton,
4815072,4806941,Gilbert Creek,
4815072,4819494,Red Jacket,
4815072,4827333,Williamson,
4815207,4800195,Brookhaven,
4815207,4801560,Cassville,
4815207,4801895,Cheat Lake,
4815207,4807379,Granville,
4815207,4815352,Morgantown,
4815207,4823309,Star City,
4815207,4826895,Westover,
4815213,4818024,Peterstown,
4815213,4825447,Union,
4815321,4798697,Berkeley Springs,
4816620,4803183,Craigsville,
4816620,4816433,Nettie,
4816620,4819768,Richwood,
4816620,4824027,Summersville,
4817892,4806504,Franklin,
4818649,4798588,Belmont,
4818649,4821087,Saint Marys,
4818700,4813774,Marlinton,
4819019,4811007,Kingwood,
4819019,4813942,Masontown,
4819019,4819599,Reedsville,
4819019,4820758,Rowlesburg,
4819019,4824515,Terra Alta,
4819197,4797838,Bancroft,
4819197,4800639,Buffalo,
4819197,4804927,Eleanor,
4819197,4809139,Hometown,
4819197,4809558,Hurricane,
4819197,4818689,Poca,
4819197,4824469,Teays Valley,
4819197,4827506,Winfield,
4819310,4798258,Beaver,
4819310,4798308,Beckley,
4819310,4799770,Bolt,
4819310,4799944,Bradley,
4819310,4802525,Coal City,
4819310,4803150,Crab Orchard,
4819310,4803616,Daniels,
4819310,4813512,Mabscott,
4819310,4813519,MacArthur,
4819310,4818383,Piney View,
4819310,4819121,Prosperity,
4819310,4821800,Shady Spring,
4819310,4822741,Sophia,
4819310,4823285,Stanaford,
4819366,4798883,Beverly,
4819366,4804708,East Dailey,
4819366,4805033,Elkins,
4819366,4814823,Mill Creek,
4820055,4808281,Harrisville,
4820055,4817911,Pennsboro,
4820200,4822933,Spencer,
4823985,4808945,Hinton,
4824403,4807310,Grafton,
4825147,4803685,Davis,
4825147,4817695,Parsons,
4825147,4824597,Thomas,
4825407,4814674,Middlebourne,
4825407,4817486,Paden City,
4825407,4822313,Sistersville,
4825733,4800587,Buckhannon,
4826596,4801769,Ceredo,
4826596,4806359,Fort Gay,
4826596,4810818,Kenova,
4826596,4811622,Lavalette,
4826596,4819067,Prichard,
4826596,4826592,Wayne,
4826636,4803126,Cowen,
4826636,4826648,Webster Springs,
4826911,4816520,New Martinsville,
4826911,4818249,Pine Grove,
4827540,4804951,Elizabeth,
4827706,4799532,Blennerhassett,
4827706,4799715,Boaz,
4827706,4813389,Lubeck,
4827706,4815066,Mineral Wells,
4827706,4816775,North Hills,
4827706,4817641,Parkersburg,
4827706,4825976,Vienna,
4827706,4826522,Washington,
4827706,4827351,Williamstown,
4827881,4811134,Kopperston,
4827881,4813965,Matheny,
4827881,4816186,Mullens,
4827881,4817070,Oceana,
4827881,4818347,Pineville,
4829092,4605229,Bell Buckle,
4829092,4657077,Shelbyville,
4829092,4664218,Unionville,
4829092,4665927,Wartrace,
4830868,4830889,Autaugaville,
4830868,4074568,Marbury,
4830868,4083414,Pine Level,
4830868,4084796,Prattville,
4831207,4046255,Bay Minette,
4831207,4058219,Daphne,
4831207,4060381,Elberta,
4831207,4061234,Fairhope,
4831207,4062644,Foley,
4831207,4065552,Gulf Shores,
4831207,4072630,Lillian,
4831207,4073897,Loxley,
4831207,4074363,Magnolia Springs,
4831207,4081696,Orange Beach,
4831207,4082688,Perdido Beach,
4831207,4084324,Point Clear,
4831207,4086363,Robertsdale,
4831207,4090139,Silverhill,
4831207,4091136,Spanish Fort,
4831207,4092347,Summerdale,
4831351,4055696,Clayton,
4831351,4055879,Clio,
4831351,4060954,Eufaula,
4831820,4866236,Marengo,
4831820,4867236,Middle Amana,
4831820,4869136,North English,
4831820,4831950,Victor,
4831820,4882007,Williamsburg,
4846344,4846339,Adair,
4846344,4857376,Fontanelle,
4846344,4859234,Greenfield,
4846344,4877761,Stuart,
4846362,4852711,Corning,
4846643,4864165,Lansing,
4846643,4871875,Postville,
4846643,4880997,Waukon,
4847063,4850961,Centerville,
4847063,4867899,Moravia,
4847063,4868070,Moulton,
4847428,4847421,Audubon,
4847428,4855891,Exira,
4848237,4847375,Atkins,
4848237,4848106,Belle Plaine,
4848237,4848774,Blairstown,
4848237,4863425,Keystone,
4848237,4868882,Newhall,
4848237,4869401,Norway,
4848237,4876179,Shellsburg,
4848237,4879881,Urbana,
4848237,4880024,Van Horne,
4848237,4880268,Vinton,
4848237,4880442,Walford,
4848699,4850699,Cedar Falls,
4848699,4854634,Dunkerton,
4848699,4855333,Elk Run Heights,
4848699,4855806,Evansdale,
4848699,4858358,Gilbertville,
4848699,4861298,Hudson,
4848699,4863820,La Porte City,
4848699,4872540,Raymond,
4848699,4880724,Washburn,
4848699,4880889,Waterloo,
4849058,4849051,Boone,
4849058,4850962,Centerville,
4849058,4865871,Madrid,
4849058,4869780,Ogden,
4849288,4853799,Denver,
4849288,4862447,Janesville,
4849288,4872555,Readlyn,
4849288,4877907,Sumner,
4849288,4879018,Tripoli,
4849288,4881024,Waverly,
4849598,4855951,Fairbank,
4849598,4860206,Hazleton,
4849598,4861620,Independence,
4849598,4862645,Jesup,
4849598,4872337,Quasqueton,
4849598,4882278,Winthrop,
4849689,4846519,Albert City,
4849689,4846729,Alta,
4849689,4864050,Lakeside,
4849689,4868867,Newell,
4849689,4876556,Sioux Rapids,
4849689,4877655,Storm Lake,
4849935,4846691,Allison,
4849935,4847027,Aplington,
4849935,4851846,Clarksville,
4849935,4854596,Dumont,
4849935,4859211,Greene,
4849935,4868704,New Hartford,
4849935,4870730,Parkersburg,
4849935,4876161,Shell Rock,
4850031,4863906,Lake City,
4850031,4866066,Manson,
4850031,4871799,Pomeroy,
4850031,4873426,Rockwell City,
4850488,4850478,Carroll,
4850488,4852589,Coon Rapids,
4850488,4858498,Glidden,
4850488,4866048,Manning,
4850583,4846948,Anita,
4850583,4847385,Atlantic,
4850583,4859365,Griswold,
4850676,4851752,Clarence,
4850676,4854674,Durant,
4850676,4865545,Lowden,
4850676,4866830,Mechanicsville,
4850676,4877440,Stanwood,
4850676,4878643,Tipton,
4850676,4881274,West Branch,
4851093,4851935,Clear Lake,
4851093,4866445,Mason City,
4851093,4873424,Rockwell,
4851093,4880092,Ventura,
4851249,4847460,Aurelia,
4851249,4851247,Cherokee,
4851249,4866215,Marcus,
4851303,4857727,Fredericksburg,
4851303,4868498,Nashua,
4851303,4868686,New Hampton,
4851832,4868385,Murray,
4851832,4870211,Osceola,
4851866,4855862,Everly,
4851866,4877138,Spencer,
4851902,4855341,Elkader,
4851902,4858103,Garnavillo,
4851902,4859514,Guttenberg,
4851902,4866709,McGregor,
4851902,4867700,Monona,
4851902,4877729,Strawberry Point,
4852032,4850204,Camanche,
4852032,4852022,Clinton,
4852032,4853551,De Witt,
4852032,4853733,Delmar,
4852032,4858888,Grand Mound,
4852032,4881728,Wheatland,
4853012,4853757,Denison,
4853012,4866022,Manilla,
4853012,4875682,Schleswig,
4853335,4846398,Adel,
4853335,4853325,Dallas Center,
4853335,4853537,De Soto,
4853335,4853908,Dexter,
4853335,4858952,Granger,
4853335,4871019,Perry,
4853335,4872657,Redfield,
4853335,4880034,Van Meter,
4853335,4880981,Waukee,
4853335,4882453,Woodward,
4853465,4848854,Bloomfield,
4853590,4864105,Lamoni,
4853590,4864492,Leon,
4853709,4854807,Earlville,
4853709,4855106,Edgewood,
4853709,4861131,Hopkinton,
4853709,4865996,Manchester,
4853838,4848005,Beaverdale,
4853838,4849826,Burlington,
4853838,4853392,Danville,
4853838,4866845,Mediapolis,
4853838,4881322,West Burlington,
4853961,4847187,Arnolds Park,
4853961,4863989,Lake Park,
4853961,4867373,Milford,
4853961,4869801,Okoboji,
4853961,4870142,Orleans,
4853961,4877184,Spirit Lake,
4854534,4847226,Asbury,
4854534,4850549,Cascade,
4854534,4854529,Dubuque,
4854534,4854711,Dyersville,
4854534,4855679,Epworth,
4854534,4856296,Farley,
4854534,4870988,Peosta,
4855587,4847161,Armstrong,
4855587,4855709,Estherville,
4856473,4851982,Clermont,
4856473,4855264,Elgin,
4856473,4856468,Fayette,
4856473,4869760,Oelwein,
4856473,4881551,West Union,
4857314,4851163,Charles City,
4857314,4869045,Nora Springs,
4857314,4873401,Rockford,
4857648,4859658,Hampton,
4857648,4869613,Oakland,
4857648,4876097,Sheffield,
4857806,4859603,Hamburg,
4857806,4876353,Sidney,
4857806,4878195,Tabor,
4859214,4858876,Grand Junction,
4859214,4862482,Jefferson,
4859214,4875821,Scranton,
4859441,4852519,Conrad,
4859441,4854158,Dike,
4859441,4859430,Grundy Center,
4859441,4872729,Reinbeck,
4859441,4881170,Wellsburg,
4859502,4859491,Guthrie Center,
4859502,8480053,Lake Panorama,
4859502,4870654,Panora,
4859624,4855423,Ellsworth,
4859624,4862659,Jewell,
4859624,4877714,Stratford,
4859624,4881096,Webster City,
4859678,4849380,Britt,
4859678,4858117,Garner,
4859678,4863204,Kanawha,
4859771,4846317,Ackley,
4859771,4846565,Alden,
4859771,4855218,Eldora,
4859771,4861279,Hubbard,
4859771,4862069,Iowa Falls,
4859771,4872397,Radcliffe,
4859901,4854644,Dunlap,
4859901,4865287,Logan,
4859901,4867597,Missouri Valley,
4859901,4882378,Woodbine,
4860353,4868205,Mount Pleasant,
4860353,4868768,New London,
4860353,4881048,Wayland,
4860353,4882211,Winfield,
4861232,4853059,Cresco,
4861232,4855472,Elma,
4861232,4872882,Riceville,
4861343,4853296,Dakota City,
4861343,4861335,Humboldt,
4861459,4847824,Battle Creek,
4861459,4860886,Holstein,
4861459,4861464,Ida Grove,
4862320,4848124,Bellevue,
4862320,4866164,Maquoketa,
4862320,4872164,Preston,
4862320,4873875,Sabula,
4862456,4847849,Baxter,
4862456,4852212,Colfax,
4862456,4863273,Kellogg,
4862456,4867721,Monroe,
4862456,4868907,Newton,
4862456,4871942,Prairie City,
4862456,4877851,Sully,
4862494,4847819,Batavia,
4862494,4855967,Fairfield,
4862494,4865892,Maharishi Vedic City,
4862732,4852640,Coralville,
4862732,4860677,Hills,
4862732,4862034,Iowa City,
4862732,4865338,Lone Tree,
4862732,4869195,North Liberty,
4862732,4870511,Oxford,
4862732,4876323,Shueyville,
4862732,4876867,Solon,
4862732,4878159,Swisher,
4862732,4878585,Tiffin,
4862732,4879817,University Heights,
4862800,4846880,Anamosa,
4862800,4867801,Monticello,
4862800,4869938,Olin,
4862800,4882552,Wyoming,
4863357,4860279,Hedrick,
4863357,4863391,Keota,
4863357,4872914,Richland,
4863357,4876384,Sigourney,
4863357,4881748,What Cheer,
4863753,4846602,Algona,
4863753,4847672,Bancroft,
4863753,4849892,Burt,
4863753,4878106,Swea City,
4863753,4881277,West Bend,
4864395,4854201,Donnellson,
4864395,4857507,Fort Madison,
4864395,4863349,Keokuk,
4864395,4867830,Montrose,
4864395,4881492,West Point,
4864924,4846557,Alburnett,
4864924,4850751,Cedar Rapids,
4864924,4850898,Center Point,
4864924,4850998,Central City,
4864924,4852165,Coggon,
4864924,4855521,Ely,
4864924,4855958,Fairfax,
4864924,4860452,Hiawatha,
4864924,4864990,Lisbon,
4864924,4866263,Marion,
4864924,4868251,Mount Vernon,
4864924,4870626,Palo,
4864924,4873263,Robins,
4864924,4877352,Springville,
4864924,4880446,Walker,
4865506,4852321,Columbus Junction,
4865506,4858917,Grandview,
4865506,4867973,Morning Sun,
4865506,4880620,Wapello,
4865617,4851140,Chariton,
4865617,4873807,Russell,
4865744,4854215,Doon,
4865744,4858239,George,
4865744,4862001,Inwood,
4865744,4864192,Larchwood,
4865744,4873354,Rock Rapids,
4865839,4854792,Earlham,
4865839,4874155,Saint Charles,
4865839,4882259,Winterset,
4865894,4857795,Fremont,
4865894,4868809,New Sharon,
4865894,4870239,Oskaloosa,
4866274,4863705,Knoxville,
4866274,4866897,Melcher-Dallas,
4866274,4870915,Pella,
4866274,4871647,Pleasantville,
4866360,4858381,Gilman,
4866360,4864326,Le Grand,
4866360,4866371,Marshalltown,
4866360,4866887,Melbourne,
4866360,4877466,State Center,
4867477,4858479,Glenwood,
4867477,4865974,Malvern,
4867612,4870184,Osage,
4867612,4874045,Saint Ansgar,
4867704,4866151,Mapleton,
4867704,4870003,Onawa,
4867704,4881869,Whiting,
4867729,4846529,Albia,
4867729,4865535,Lovilia,
4867788,4872593,Red Oak,
4867788,4877431,Stanton,
4867788,4880228,Villisca,
4868410,4857911,Fruitland,
4868410,4868404,Muscatine,
4868410,4881433,West Liberty,
4868410,4882164,Wilton,
4869475,4859950,Hartley,
4869475,4870823,Paullina,
4869475,4872189,Primghar,
4869475,4875489,Sanborn,
4869475,4876141,Sheldon,
4869475,4878051,Sutherland,
4870217,4876378,Sibley,
4870567,4851762,Clarinda,
4870567,4855730,Essex,
4870567,4876190,Shenandoah,
4870630,4855595,Emmetsburg,
4870630,4858832,Graettinger,
4870630,4873836,Ruthven,
4871708,4846499,Akron,
4871708,4860738,Hinton,
4871708,4863535,Kingsley,
4871708,4864337,Le Mars,
4871708,4867097,Merrill,
4871708,4872752,Remsen,
4871736,4857364,Fonda,
4871736,4864265,Laurens,
4871736,4871727,Pocahontas,
4871736,4873508,Rolfe,
4871782,4846757,Altoona,
4871782,4846960,Ankeny,
4871782,4849026,Bondurant,
4871782,4852065,Clive,
4871782,4853828,Des Moines,
4871782,4855358,Elkhart,
4871782,4859329,Grimes,
4871782,4862760,Johnston,
4871782,4867632,Mitchellville,
4871782,4871472,Pleasant Hill,
4871782,4871773,Polk City,
4871782,4873774,Runnells,
4871782,4875626,Saylorville,
4871782,4879890,Urbandale,
4871782,4881346,West Des Moines,
4871782,4882198,Windsor Heights,
4871894,4847498,Avoca,
4871894,4850514,Carson,
4871894,4850531,Carter Lake,
4871894,4852832,Council Bluffs,
4871894,4853048,Crescent,
4871894,4867520,Minden,
4871894,4868595,Neola,
4871894,4869614,Oakland,
4871894,4878827,Treynor,
4871894,4879266,Underwood,
4871894,4880516,Walnut,
4871919,4849448,Brooklyn,
4871919,4859343,Grinnell,
4871919,4867775,Montezuma,
4873016,4868092,Mount Ayr,
4873899,4854812,Early,
4873899,4864012,Lake View,
4873899,4869743,Odebolt,
4873899,4873884,Sac City,
4873899,4875666,Schaller,
4873899,4880468,Wall Lake,
4875785,4848489,Bettendorf,
4875785,4848891,Blue Grass,
4875785,4849709,Buffalo,
4875785,4853423,Davenport,
4875785,4855248,Eldridge,
4875785,4864315,Le Claire,
4875785,4865408,Long Grove,
4875785,4870716,Park View,
4875785,4872217,Princeton,
4875785,4880422,Walcott,
4876117,4855309,Elk Horn,
4876117,4859802,Harlan,
4876117,4876114,Shelby,
4876545,4846745,Alton,
4876545,4849161,Boyden,
4876545,4860066,Hawarden,
4876545,4861198,Hospers,
4876545,4861319,Hull,
4876545,4862204,Ireton,
4876545,4870083,Orange City,
4876545,4873371,Rock Valley,
4876545,4876510,Sioux Center,
4877685,4846834,Ames,
4877685,4850220,Cambridge,
4877685,4852282,Colo,
4877685,4858343,Gilbert,
4877685,4861422,Huxley,
4877685,4866535,Maxwell,
4877685,4868620,Nevada,
4877685,4873496,Roland,
4877685,4876661,Slater,
4877685,4877676,Story City,
4877685,4882660,Zearing,
4878233,4854718,Dysart,
4878233,4858152,Garwin,
4878233,4831842,Gladbrook,
4878233,4878229,Tama,
4878233,4878703,Toledo,
4878233,4878795,Traer,
4878273,4848022,Bedford,
4878273,4864471,Lenox,
4879340,4846449,Afton,
4879340,4853078,Creston,
4879999,4856426,Farmington,
4879999,4863380,Keosauqua,
4880625,4846461,Agency,
4880625,4855167,Eddyville,
4880625,4855208,Eldon,
4880625,4870380,Ottumwa,
4880695,4850411,Carlisle,
4880695,4859943,Hartford,
4880695,4861719,Indianola,
4880695,4867489,Milo,
4880695,4869386,Norwalk,
4880748,4846481,Ainsworth,
4880748,4849349,Brighton,
4880748,4863181,Kalona,
4880748,4873130,Riverside,
4880748,4880731,Washington,
4880748,4881149,Wellman,
4881059,4852755,Corydon,
4881059,4875990,Seymour,
4881109,4847555,Badger,
4881109,4852130,Coalville,
4881109,4853511,Dayton,
4881109,4857486,Fort Dodge,
4881109,4858687,Gowrie,
4881109,4870282,Otho,
4882231,4849715,Buffalo Center,
4882231,4857406,Forest City,
4882231,4863966,Lake Mills,
4882242,4850061,Calmar,
4882242,4853608,Decorah,
4882242,4870263,Ossian,
4882396,4846996,Anthon,
4882396,4852729,Correctionville,
4882396,4864305,Lawton,
4882396,4868306,Moville,
4882396,4875904,Sergeant Bluff,
4882396,4876523,Sioux City,
4882396,4876686,Sloan,
4882529,4848144,Belmond,
4882529,4851785,Clarion,
4882529,4854329,Dows,
4882529,4854745,Eagle Grove,
4882529,4858555,Goldfield,
4882561,4866032,Manly,
4882561,4869369,Northwood,
4885392,4884453,Belvidere,
4885392,4886584,Capron,
4885392,4890710,Edgewood,
4885392,4906482,Poplar Grove,
4885392,4913700,Timberlane,
4885994,4885907,Buda,
4885994,4889370,Dalzell,
4885994,4889761,Depue,
4885994,4898864,La Moille,
4885994,4898927,Ladd,
4885994,4906818,Princeton,
4885994,4911245,Sheffield,
4885994,4912303,Spring Valley,
4885994,4913742,Tiskilwa,
4885994,4915397,Walnut,
4885994,4917208,Wyanet,
4886694,4887137,Chadwick,
4886694,4893637,Georgetown,
4886694,4899287,Lanark,
4886694,4902279,Milledgeville,
4886694,4902883,Mount Carroll,
4886694,4910652,Savanna,
4886694,4911201,Shannon,
4886694,4913581,Thomson,
4887163,4887158,Champaign,
4887163,4892570,Fisher,
4887163,4893720,Gifford,
4887163,4896333,Homer,
4887163,4899197,Lake of the Woods,
4887163,4900885,Mahomet,
4887163,4904585,Ogden,
4887163,4246860,Pesotum,
4887163,4905866,Philo,
4887163,4907131,Rantoul,
4887163,4909268,Saint Joseph,
4887163,4910663,Savoy,
4887163,4911455,Sidney,
4887163,4913555,Thomasboro,
4887163,4251341,Tolono,
4887163,4914570,Urbana,
4888671,4883207,Alsip,
4888671,4883555,Arlington Heights,
4888671,4884116,Barrington,
4888671,4884121,Barrington Hills,
4888671,4884141,Bartlett,
4888671,4884344,Bedford Park,
4888671,4884434,Bellwood,
4888671,4884562,Berkeley,
4888671,4884597,Berwyn,
4888671,4885186,Blue Island,
4888671,4885573,Bridgeview,
4888671,4885637,Broadview,
4888671,4885689,Brookfield,
4888671,4885955,Buffalo Grove,
4888671,4885983,Burbank,
4888671,4886038,Burnham,
4888671,4886255,Calumet City,
4888671,4886269,Calumet Park,
4888671,4887398,Chicago,
4888671,4887442,Chicago Heights,
4888671,4887492,Chicago Ridge,
4888671,4888015,Cicero,
4888671,4888892,Country Club Hills,
4888671,4888906,Countryside,
4888671,4889113,Crestwood,
4888671,4889772,Des Plaines,
4888671,4889957,Dixmoor,
4888671,4890009,Dolton,
4888671,4890513,East Hazel Crest,
4888671,4890925,Elk Grove Village,
4888671,4891051,Elmwood Park,
4888671,4891382,Evanston,
4888671,4891431,Evergreen Park,
4888671,4892684,Flossmoor,
4888671,4892731,Ford Heights,
4888671,4892775,Forest Park,
4888671,4892797,Forest View,
4888671,4893070,Franklin Park,
4888671,4894078,Glencoe,
4888671,4893886,Glenview,
4888671,4893896,Glenwood,
4888671,4893983,Golf,
4888671,4895066,Hanover Park,
4888671,4895298,Harvey,
4888671,4895308,Harwood Heights,
4888671,4895416,Hazel Crest,
4888671,4895767,Hickory Hills,
4888671,4895971,Hillside,
4888671,4896069,Hodgkins,
4888671,4896075,Hoffman Estates,
4888671,4896348,Hometown,
4888671,4896353,Homewood,
4888671,4897039,Indian Head Park,
4888671,4897482,Inverness,
4888671,4898152,Justice,
4888671,4898349,Kenilworth,
4888671,4898846,La Grange,
4888671,4898850,La Grange Park,
4888671,4899340,Lansing,
4888671,4899581,Lemont,
4888671,4899988,Lincolnwood,
4888671,4900739,Lynwood,
4888671,4900749,Lyons,
4888671,4901229,Markham,
4888671,4901445,Matteson,
4888671,4901514,Maywood,
4888671,4901868,Melrose Park,
4888671,4902033,Merrionette Park,
4888671,4902181,Midlothian,
4888671,4902763,Morton Grove,
4888671,4903024,Mount Prospect,
4888671,4903730,Niles,
4888671,4903803,Norridge,
4888671,4904002,North Riverside,
4888671,4904056,Northbrook,
4888671,4904094,Northfield,
4888671,4904102,Northlake,
4888671,4904286,Oak Forest,
4888671,4904365,Oak Lawn,
4888671,4904381,Oak Park,
4888671,4904793,Olympia Fields,
4888671,4904934,Orland Hills,
4888671,4904937,Orland Park,
4888671,4905211,Palatine,
4888671,4905259,Palos Heights,
4888671,4905263,Palos Hills,
4888671,4905265,Palos Park,
4888671,4905337,Park Forest,
4888671,4905367,Park Ridge,
4888671,4905873,Phoenix,
4888671,4906527,Posen,
4888671,4906882,Prospect Heights,
4888671,4907514,Richton Park,
4888671,4907637,River Forest,
4888671,4907649,River Grove,
4888671,4907683,Riverdale,
4888671,4907706,Riverside,
4888671,4907786,Robbins,
4888671,4908052,Rolling Meadows,
4888671,4908179,Rosemont,
4888671,4910634,Sauk Village,
4888671,4910713,Schaumburg,
4888671,4910743,Schiller Park,
4888671,4911600,Skokie,
4888671,4911825,South Barrington,
4888671,4911868,South Chicago Heights,
4888671,4911934,South Holland,
4888671,4912474,Steger,
4888671,4912555,Stickney,
4888671,4912602,Stone Park,
4888671,4912691,Streamwood,
4888671,4912845,Summit,
4888671,4913605,Thornton,
4888671,4913723,Tinley Park,
4888671,4916140,Westchester,
4888671,4916161,Western Springs,
4888671,4916311,Wheeling,
4888671,4916698,Willow Springs,
4888671,4916732,Wilmette,
4888671,4916891,Winnetka,
4888671,4917171,Worth,
4889548,4888217,Clinton,
4889548,4891772,Farmer City,
4889548,4915469,Wapella,
4889554,4888810,Cortland,
4889554,4889553,DeKalb,
4889554,4893601,Genoa,
4889554,4895999,Hinckley,
4889554,4898589,Kingston,
4889554,4898630,Kirkland,
4889554,4900942,Malta,
4889554,4910543,Sandwich,
4889554,4911157,Shabbona,
4889554,4911802,Somonauk,
4889554,4913110,Sycamore,
4889554,4915683,Waterman,
4890213,4882920,Addison,
4890213,4884509,Bensenville,
4890213,4885156,Bloomingdale,
4890213,4886090,Burr Ridge,
4890213,4886662,Carol Stream,
4890213,4888080,Clarendon Hills,
4890213,4889447,Darien,
4890213,4890119,Downers Grove,
4890213,4891010,Elmhurst,
4890213,4893811,Glen Ellyn,
4890213,4832038,Glendale Heights,
4890213,4896012,Hinsdale,
4890213,4897654,Itasca,
4890213,4900080,Lisle,
4890213,4900373,Lombard,
4890213,4901839,Medinah,
4890213,4903279,Naperville,
4890213,4904277,Oak Brook,
4890213,4904447,Oakbrook Terrace,
4890213,4908173,Roselle,
4890213,4914830,Villa Park,
4890213,4915525,Warrenville,
4890213,4915764,Wayne,
4890213,4915963,West Chicago,
4890213,4916207,Westmont,
4890213,4916288,Wheaton,
4890213,4916709,Willowbrook,
4890213,4916826,Winfield,
4890213,4916975,Wood Dale,
4890213,4917089,Woodridge,
4892729,4893700,Gibson City,
4892729,4905509,Paxton,
4892729,4906073,Piper City,
4893313,4883749,Astoria,
4893313,4883893,Avon,
4893313,4831990,Canton,
4893313,4889255,Cuba,
4893313,4891784,Farmington,
4893313,4899665,Lewistown,
4893313,4908819,Saint David,
4893313,4914725,Vermont,
4894828,4885403,Braceville,
4894828,4887024,Central City,
4894828,4888270,Coal City,
4894828,4889835,Diamond,
4894828,4893472,Gardner,
4894828,4901525,Mazon,
4894828,4902386,Minooka,
4894828,4902706,Morris,
4894828,4912054,South Wilmington,
4895035,4883806,Augusta,
4895035,4886716,Carthage,
4895035,4889365,Dallas City,
4895035,4894981,Hamilton,
4895035,4898856,La Harpe,
4895035,4903330,Nauvoo,
4895035,4915533,Warsaw,
4895552,4904872,Oquawka,
4895552,4912725,Stronghurst,
4895598,4883187,Alpha,
4895598,4831976,Andover,
4895598,4883366,Annawan,
4895598,4883766,Atkinson,
4895598,4886374,Cambridge,
4895598,4888432,Colona,
4895598,4893424,Galva,
4895598,4893581,Geneseo,
4895598,4894625,Green Rock,
4895598,4898433,Kewanee,
4895598,4904922,Orion,
4895598,4917020,Woodhull,
4897521,4883687,Ashkum,
4897521,4885899,Buckley,
4897521,4888034,Cissna Park,
4897521,4888208,Clifton,
4897521,4889089,Crescent City,
4897521,4889402,Danforth,
4897521,4893755,Gilman,
4897521,4902229,Milford,
4897521,4904809,Onarga,
4897521,4911259,Sheldon,
4897521,4915703,Watseka,
4897897,8480033,Apple Canyon Lake,
4897897,4890497,East Dubuque,
4897897,4890905,Elizabeth,
4897897,4893384,Galena,
4897897,4895059,Hanover,
4897897,4912583,Stockton,
4897897,7315248,The Galena Territory,
4897897,4915497,Warren,
4898166,4883817,Aurora,
4898166,4884192,Batavia,
4898166,4884902,Big Rock,
4898166,4886026,Burlington,
4898166,4886676,Carpentersville,
4898166,4890486,East Dundee,
4898166,4890835,Elburn,
4898166,4890864,Elgin,
4898166,4891785,Farmington,
4898166,4893591,Geneva,
4898166,4893731,Gilberts,
4898166,4895016,Hampshire,
4898166,4899787,Lily Lake,
4898166,4901102,Maple Park,
4898166,4902559,Montgomery,
4898166,4903818,North Aurora,
4898166,4906035,Pingree Grove,
4898166,8480035,Prestbury,
4898166,4911640,Sleepy Hollow,
4898166,4911893,South Elgin,
4898166,4908737,St. Charles,
4898166,4912783,Sugar Grove,
4898166,6930979,Village of Campton Hills,
4898166,4915539,Wasco,
4898166,4915977,West Dundee,
4898188,4883614,Aroma Park,
4898188,4885342,Bourbonnais,
4898188,4885418,Bradley,
4898188,4887309,Chebanse,
4898188,4891274,Essex,
4898188,4894387,Grant Park,
4898188,4895688,Herscher,
4898188,4896455,Hopkins Park,
4898188,4898182,Kankakee,
4898188,8299582,Limestone,
4898188,4901015,Manteno,
4898188,4902486,Momence,
4898188,4908543,Saint Anne,
4898188,4912879,Sun River Terrace,
4898342,4885336,Boulder Hill,
4898342,4900740,Lynwood,
4898342,4902327,Millington,
4898342,4903644,Newark,
4898342,4904996,Oswego,
4898342,4906143,Plano,
4898342,4917298,Yorkville,
4898722,4882839,Abingdon,
4898722,4883230,Altona,
4898722,4890506,East Galesburg,
4898722,4893392,Galesburg,
4898722,4898734,Knoxville,
4898722,4904429,Oak Run,
4898722,4904831,Oneida,
4898722,4915669,Wataga,
4898722,4916626,Williamsfield,
4898722,4917250,Yates City,
4898878,4889530,Dayton,
4898878,4832014,Deer Park,
4898878,4890441,Earlville,
4898878,4894342,Grand Ridge,
4898878,4898875,La Salle,
4898878,8480034,Lake Holiday,
4898878,4899578,Leland,
4898878,4901279,Marseilles,
4898878,4901944,Mendota,
4898878,4904605,Oglesby,
4898878,4905006,Ottawa,
4898878,4905770,Peru,
4898878,4911059,Seneca,
4898878,4911289,Sheridan,
4898878,4912698,Streator,
4898878,4913780,Tonica,
4898878,4914586,Utica,
4898998,4883393,Antioch,
4898998,4884038,Bannockburn,
4898998,4884249,Beach Park,
4898998,4887205,Channel Lake,
4898998,4889256,Cuba,
4898998,4889652,Deer Park,
4898998,4889668,Deerfield,
4898998,4891534,Fairfield,
4898998,4892770,Forest Lake,
4898998,4892950,Fox Lake,
4898998,4892953,Fox Lake Hills,
4898998,4893371,Gages Lake,
4898998,4894360,Grandwood Park,
4898998,4894465,Grayslake,
4898998,4894614,Green Oaks,
4898998,4894861,Gurnee,
4898998,4894921,Hainesville,
4898998,4895376,Hawthorn Woods,
4898998,4895876,Highland Park,
4898998,4895918,Highwood,
4898998,4897016,Indian Creek,
4898998,4897579,Island Lake,
4898998,4898480,Kildeer,
4898998,4898711,Knollwood,
4898998,4898969,Lake Barrington,
4898998,4898974,Lake Bluff,
4898998,4898990,Lake Catherine,
4898998,4899012,Lake Forest,
4898998,4899154,Lake Villa,
4898998,4899170,Lake Zurich,
4898998,4899739,Libertyville,
4898998,4899983,Lincolnshire,
4898998,4900013,Lindenhurst,
4898998,4900416,Long Grove,
4898998,4900430,Long Lake,
4898998,4902117,Mettawa,
4898998,4903184,Mundelein,
4898998,4903830,North Barrington,
4898998,4903862,North Chicago,
4898998,4905334,Park City,
4898998,4907762,Riverwoods,
4898998,4908236,Round Lake,
4898998,4908237,Round Lake Beach,
4898998,4908242,Round Lake Heights,
4898998,4908243,Round Lake Park,
4898998,4913515,Third Lake,
4898998,4913816,Tower Lake,
4898998,4914704,Venetian Village,
4898998,4914738,Vernon Hills,
4898998,4914934,Volo,
4898998,4915294,Wadsworth,
4898998,4915725,Wauconda,
4898998,4915734,Waukegan,
4898998,4916894,Winthrop Harbor,
4898998,4917358,Zion,
4899519,4883249,Amboy,
4899519,4883701,Ashton,
4899519,4889959,Dixon,
4899519,4893061,Franklin Grove,
4899519,4905245,Palmyra,
4899519,4905498,Paw Paw,
4900233,4887290,Chatsworth,
4900233,4889270,Cullom,
4900233,4890359,Dwight,
4900233,4891520,Fairbury,
4900233,4892637,Flanagan,
4900233,4892812,Forrest,
4900233,4904574,Odell,
4900233,4906438,Pontiac,
4900338,4883772,Atlanta,
4900338,4899822,Lincoln,
4900338,4903032,Mount Pulaski,
4901299,4895593,Henry,
4901299,4898920,Lacon,
4901299,4913760,Toluca,
4901299,4915884,Wenona,
4901395,4895336,Havana,
4901395,4900970,Manito,
4901395,4901390,Mason City,
4901395,4910485,San Jose,
4901622,4885110,Blandinsville,
4901622,4886117,Bushnell,
4901622,4888331,Colchester,
4901622,4900817,Macomb,
4901666,4883078,Algonquin,
4901666,4885961,Bull Valley,
4901666,4886738,Cary,
4901666,4889229,Crystal Lake,
4901666,4892971,Fox River Grove,
4901666,4895282,Harvard,
4901666,4895484,Hebron,
4901666,4896119,Holiday Hills,
4901666,4896691,Huntley,
4901666,4897967,Johnsburg,
4901666,4899184,Lake in the Hills,
4901666,4899213,Lakemoor,
4901666,4899249,Lakewood,
4901666,4901164,Marengo,
4901666,4901609,McCullom Lake,
4901666,4901663,McHenry,
4901666,4904543,Oakwood Hills,
4901666,4906087,Pistakee Highlands,
4901666,4906490,Port Barrington,
4901666,4906641,Prairie Grove,
4901666,4907504,Richmond,
4901666,4907607,Ringwood,
4901666,4912248,Spring Grove,
4901666,4914081,Trout Valley,
4901666,4914267,Union,
4901666,4916973,Wonder Lake,
4901666,4917123,Woodstock,
4901730,4885164,Bloomington,
4901730,4886630,Carlock,
4901730,4887330,Chenoa,
4901730,4888366,Colfax,
4901730,4889423,Danvers,
4901730,4890138,Downs,
4901730,4894753,Gridley,
4901730,4895708,Heyworth,
4901730,4896608,Hudson,
4901730,4899471,Le Roy,
4901730,4899670,Lexington,
4901730,4901729,McLean,
4901730,4903780,Normal,
4901730,4906215,Pleasant Hill,
4901730,4910679,Saybrook,
4901730,4912372,Stanford,
4901730,4914209,Twin Grove,
4901936,4232997,Athens,
4901936,4894698,Greenview,
4901936,9670388,Lake Petersburg,
4901936,4905791,Petersburg,
4901976,4883053,Aledo,
4901976,4898270,Keithsburg,
4901976,4901436,Matherville,
4901976,4903454,New Boston,
4901976,4903635,New Windsor,
4901976,4911324,Sherrard,
4901976,4914885,Viola,
4904601,4886188,Byron,
4904601,4886717,Carthage,
4904601,4889109,Creston,
4904601,4889496,Davis Junction,
4904601,4892818,Forreston,
4904601,4895936,Hillcrest,
4904601,4900534,Lost Nation,
4904601,4902955,Mount Morris,
4904601,4904898,Oregon,
4904601,4906421,Polo,
4904601,4907863,Rochelle,
4904601,4912566,Stillman Valley,
4905697,4884161,Bartonville,
4905697,4884416,Bellevue,
4905697,4885603,Brimfield,
4905697,4887574,Chillicothe,
4905697,4890304,Dunlap,
4905697,4891030,Elmwood,
4905697,4893801,Glasford,
4905697,4895050,Hanna City,
4905697,8480036,Lake Camelot,
4905697,4903976,North Peoria,
4905697,4905687,Peoria,
4905697,4905704,Peoria Heights,
4905697,4906824,Princeville,
4905697,4908066,Rome,
4905697,4916055,West Peoria,
4905877,4233552,Bement,
4905877,4235607,Cerro Gordo,
4905877,4901006,Mansfield,
4905877,4902567,Monticello,
4906962,4894410,Granville,
4906962,4895580,Hennepin,
4906962,4901208,Mark,
4907910,4883311,Andalusia,
4907910,4886590,Carbon Cliff,
4907910,4888296,Coal Valley,
4907910,4888760,Cordova,
4907910,4889008,Coyne Center,
4907910,4890536,East Moline,
4907910,4895027,Hampton,
4907910,4896009,Hillsdale,
4907910,4902218,Milan,
4907910,4902476,Moline,
4907910,4904298,Oak Grove,
4907910,4906491,Port Byron,
4907910,4907143,Rapids City,
4907910,4907422,Reynolds,
4907910,4907907,Rock Island,
4907910,4911516,Silvis,
4910877,4908321,Rushville,
4912398,4885411,Bradford,
4912398,4913799,Toulon,
4912398,4917218,Wyoming,
4912492,4886857,Cedarville,
4912492,4889481,Davis,
4912492,4893171,Freeport,
4912492,4832074,Lena,
4912492,4904882,Orangeville,
4912492,4905559,Pearl City,
4913271,4889130,Creve Coeur,
4913271,4889630,Deer Creek,
4913271,4889700,Delavan,
4913271,4890549,East Peoria,
4913271,4894635,Green Valley,
4913271,8480037,Heritage Lake,
4913271,4896432,Hopedale,
4913271,4900808,Mackinaw,
4913271,4901260,Marquette Heights,
4913271,4902370,Minier,
4913271,4902754,Morton,
4913271,4903975,North Pekin,
4913271,4905599,Pekin,
4913271,4907505,Richmond,
4913271,4911982,South Pekin,
4913271,4913892,Tremont,
4913271,4915545,Washington,
4914710,4884985,Bismarck,
4914710,4886790,Catlin,
4914710,4889426,Danville,
4914710,4891559,Fairmount,
4914710,4239337,Georgetown,
4914710,4896390,Hoopeston,
4914710,4904520,Oakwood,
4914710,4906544,Potomac,
4914710,4907121,Rankin,
4914710,4248106,Ridge Farm,
4914710,4908209,Rossville,
4914710,4250033,Sidell,
4914710,4913666,Tilton,
4914710,4916252,Westville,
4915502,4883072,Alexis,
4915502,4898632,Kirkwood,
4915502,4902512,Monmouth,
4915502,4908189,Roseville,
4916434,4883010,Albany,
4916434,4888560,Como,
4916434,4891240,Erie,
4916434,4893309,Fulton,
4916434,4900717,Lyndon,
4916434,4902724,Morrison,
4916434,4906868,Prophetstown,
4916434,4907898,Rock Falls,
4916434,4912499,Sterling,
4916434,4913209,Tampico,
4916565,4884352,Beecher,
4916565,4885265,Bolingbrook,
4916565,4885444,Braidwood,
4916565,4887198,Channahon,
4916565,4889107,Crest Hill,
4916565,4889120,Crete,
4916565,4889248,Crystal Lawns,
4916565,4891077,Elwood,
4916565,4891555,Fairmont,
4916565,4893037,Frankfort,
4916565,4893043,Frankfort Square,
4916565,4893944,Godley,
4916565,4894061,Goodings Grove,
4916565,4896336,Homer Glen,
4916565,4897105,Ingalls Park,
4916565,4898015,Joliet,
4916565,4899258,Lakewood Shores,
4916565,4900292,Lockport,
4916565,4900961,Manhattan,
4916565,4902475,Mokena,
4916565,4902498,Monee,
4916565,4903535,New Lenox,
4916565,4905724,Peotone,
4916565,4906125,Plainfield,
4916565,4906802,Preston Heights,
4916565,4907953,Rockdale,
4916565,4908068,Romeoville,
4916565,4911418,Shorewood,
4916565,4916710,Willowbrook,
4916565,4916740,Wilmington,
4916845,4887364,Cherry Valley,
4916845,4890327,Durand,
4916845,4895224,Harrison,
4916845,4899135,Lake Summerset,
4916845,4900579,Loves Park,
4916845,4900801,Machesney Park,
4916845,4903568,New Milford,
4916845,4905572,Pecatonica,
4916845,4907959,Rockford,
4916845,4907985,Rockton,
4916845,4908126,Roscoe,
4916845,4911382,Shirland,
4916845,4911830,South Beloit,
4916845,4916843,Winnebago,
4917010,4890813,El Paso,
4917010,4891310,Eureka,
4917010,4893670,Germantown Hills,
4917010,4894056,Goodfield,
4917010,4902065,Metamora,
4917010,4902382,Minonk,
4917010,4907773,Roanoke,
4917010,4915543,Washburn,
4917487,4918006,Berne,
4917487,4919564,Decatur,
4917487,4920664,Geneva,
4917487,4923718,Monroe,
4917555,4920423,Fort Wayne,
4917555,4920825,Grabill,
4917555,4921161,Harlan,
4917555,4921471,Hoagland,
4917555,4921722,Huntertown,
4917555,4922721,Leo-Cedarville,
4917555,4923735,Monroeville,
4917555,4924104,New Haven,
4917555,4928386,Woodburn,
4917555,4928503,Zanesville,
4917993,4918302,Boswell,
4917993,4920452,Fowler,
4917993,4924578,Otterbein,
4917993,4924593,Oxford,
4918181,4921229,Hartford City,
4918181,4923747,Montpelier,
4918273,4253754,Advance,
4918273,4919487,Dale,
4918273,4259636,Jamestown,
4918273,4922673,Lebanon,
4918273,4927194,Thorntown,
4918273,4266965,Whitestown,
4918273,4267336,Zionsville,
4918765,4918548,Burlington,
4918765,4918667,Camden,
4918765,4919624,Delphi,
4918765,4920380,Flora,
4918771,4919797,Dunkirk,
4918771,4920577,Galveston,
4918771,4920681,Georgetown,
4918771,4922968,Logansport,
4918771,4925646,Royal Center,
4918771,4927827,Walton,
4919127,4919175,Colfax,
4919127,4920473,Frankfort,
4919127,4922345,Kirklin,
4919127,4923997,Mulberry,
4919127,4925610,Rossville,
4919554,4917740,Ashley,
4919554,4917712,Auburn,
4919554,4918595,Butler,
4919554,4920600,Garrett,
4919554,4927928,Waterloo,
4919615,4917520,Albany,
4919615,4919490,Daleville,
4919615,4919907,Eaton,
4919615,4920641,Gaston,
4919615,4924006,Muncie,
4919615,4926260,Selma,
4919615,4928492,Yorktown,
4919988,4918393,Bristol,
4919988,4919826,Dunlap,
4919988,4919987,Elkhart,
4919988,4920808,Goshen,
4919988,4923554,Middlebury,
4919988,4923638,Millersburg,
4919988,4924077,Nappanee,
4919988,4924135,New Paris,
4919988,4926449,Simonton Lake,
4919988,4927773,Wakarusa,
4920444,4917707,Attica,
4920444,4919349,Covington,
4920444,4921450,Hillsboro,
4920444,4927580,Veedersburg,
4920550,4917517,Akron,
4920550,4922284,Kewanna,
4920550,4925519,Rochester,
4920875,4920153,Fairmount,
4920875,4920637,Gas City,
4920875,4922150,Jonesboro,
4920875,4923210,Marion,
4920875,4923312,Matthews,
4920875,4927007,Swayzee,
4920875,4927017,Sweetser,
4920875,4927510,Upland,
4920875,4927554,Van Buren,
4921085,4917653,Arcadia,
4921085,4917706,Atlanta,
4921085,4255466,Carmel,
4921085,4919026,Cicero,
4921085,4257494,Fishers,
4921085,4924198,Noblesville,
4921085,4926367,Sheridan,
4921085,4928118,Westfield,
4921670,4920961,Greentown,
4921670,4921815,Indian Heights,
4921670,4922388,Kokomo,
4921670,4925674,Russiaville,
4921729,4917606,Andrews,
4921729,4921725,Huntington,
4921729,4923226,Markle,
4921729,4925483,Roanoke,
4921729,4927844,Warren,
4922007,4919555,DeMotte,
4922007,4925304,Remington,
4922007,4925311,Rensselaer,
4922007,4928156,Wheatfield,
4922013,4919798,Dunkirk,
4922013,4924700,Pennville,
4922013,4925037,Portland,
4922013,4925265,Redkey,
4922408,4920111,Etna Green,
4922408,4922691,Leesburg,
4922408,4923468,Mentone,
4922408,4923570,Milford,
4922408,4924273,North Webster,
4922408,4924780,Pierceton,
4922408,4926434,Silver Lake,
4922408,4927042,Syracuse,
4922408,4927854,Warsaw,
4922408,4928337,Winona Lake,
4922458,4921678,Howe,
4922458,4922472,Lagrange,
4922458,4926387,Shipshewana,
4922458,4927264,Topeka,
4922460,4920327,Fish Lake,
4922460,4921095,Hamlet,
4922460,4921690,Hudson Lake,
4922460,4922329,Kingsford Heights,
4922460,4922450,La Crosse,
4922460,8449910,La Porte,
4922460,4922979,Long Beach,
4922460,4923531,Michigan City,
4922460,4924547,Otis,
4922460,4925559,Rolling Prairie,
4922460,4927291,Trail Creek,
4922460,4927832,Wanatah,
4922460,4928145,Westville,
4922493,4918805,Cedar Lake,
4922493,4919451,Crown Point,
4922493,4919820,Dyer,
4922493,4919857,East Chicago,
4922493,4920607,Gary,
4922493,4920986,Griffith,
4922493,4921100,Hammond,
4922493,4921402,Highland,
4922493,4921476,Hobart,
4922493,4922501,Lake Dalecarlia,
4922493,4922541,Lake Station,
4922493,4923041,Lowell,
4922493,4923482,Merrillville,
4922493,4924014,Munster,
4922493,4924095,New Chicago,
4922493,4925793,Saint John,
4922493,4926170,Schererville,
4922493,4926353,Shelby,
4922493,4928208,Whiting,
4922493,4928354,Winfield,
4923124,4917537,Alexandria,
4923124,4917592,Anderson,
4923124,4918949,Chesterfield,
4923124,4919937,Edgewood,
4923124,4920041,Elwood,
4923124,4920523,Frankton,
4923124,4259436,Ingalls,
4923124,4922624,Lapel,
4923124,4260996,Markleville,
4923124,4262901,Pendleton,
4923124,4926964,Summitville,
4923252,4917661,Argos,
4923252,4918309,Bourbon,
4923252,4918363,Bremen,
4923252,4919466,Culver,
4923252,4922453,La Paz,
4923252,4924970,Plymouth,
4923517,4918529,Bunker Hill,
4923517,4919272,Converse,
4923517,7259295,Grissom Air Force Base,
4923517,4923509,Mexico,
4923517,4924733,Peru,
4923741,4919381,Crawfordsville,
4923741,4919510,Darlington,
4923741,4260038,Ladoga,
4923741,8480038,Lake Holiday,
4923741,4922830,Linden,
4923741,4262124,New Market,
4923741,4927966,Waynetown,
4924165,4918406,Brook,
4924165,4920783,Goodland,
4924165,4922267,Kentland,
4924165,4922548,Lake Village,
4924165,4923796,Morocco,
4924165,4925591,Roselawn,
4924192,4917523,Albion,
4924192,4917727,Avilla,
4924192,4919419,Cromwell,
4924192,4922252,Kendallville,
4924192,4922776,Ligonier,
4924192,4925561,Rome City,
4924192,4928364,Wolcottville,
4925020,4917466,Aberdeen,
4925020,4918099,Beverly Shores,
4925020,4918559,Burns Harbor,
4925020,4918962,Chesterton,
4925020,4921298,Hebron,
4925020,4922412,Kouts,
4925020,4922562,Lakes of the Four Seasons,
4925020,4924412,Ogden Dunes,
4925020,4925006,Portage,
4925020,4925015,Porter,
4925020,7728581,Shorewood Forest,
4925020,4926613,South Haven,
4925020,4927276,Town of Pines,
4925020,4927537,Valparaiso,
4925155,4920466,Francesville,
4925155,4923433,Medaryville,
4925155,4928313,Winamac,
4925224,4920199,Farmland,
4925224,4923096,Lynn,
4925224,4924636,Parker City,
4925224,4925398,Ridgeville,
4925224,4927449,Union City,
4925224,4928318,Winchester,
4925848,4920683,Georgetown,
4925848,4920869,Granger,
4925848,4921034,Gulivoire Park,
4925848,4922585,Lakeville,
4925848,4923670,Mishawaka,
4925848,4924093,New Carlisle,
4925848,4924243,North Liberty,
4925848,8469294,Notre Dame,
4925848,4924538,Osceola,
4925848,4925589,Roseland,
4925848,4926563,South Bend,
4925848,4927788,Walkerton,
4926760,4917848,Bass Lake,
4926760,4922418,Knox,
4926760,4922402,Koontz Lake,
4926760,4924242,North Judson,
4926796,4917614,Angola,
4926796,4920512,Fremont,
4926796,4921083,Hamilton,
4926796,4921686,Hudson,
4927230,4917857,Battle Ground,
4927230,4919059,Clarks Hill,
4927230,4919553,Dayton,
4927230,4922462,Lafayette,
4927230,4923719,Monroe,
4927230,4926280,Shadeland,
4927230,4926828,Stockwell,
4927230,4928096,West Lafayette,
4927230,4928137,Westpoint,
4927243,4926334,Sharpsville,
4927243,4927242,Tipton,
4927243,4928322,Windfall,
4927751,4922452,La Fontaine,
4927751,4922575,Laketon,
4927751,4923914,Mount Vernon,
4927751,4924246,North Manchester,
4927751,4927746,Wabash,
4927846,4928076,West Lebanon,
4927846,4928274,Williamsport,
4928008,4918234,Bluffton,
4928008,4924543,Ossian,
4928184,4918417,Brookston,
4928184,4918508,Buffalo,
4928184,4918899,Chalmers,
4928184,4923711,Monon,
4928184,4923745,Monticello,
4928184,4925340,Reynolds,
4928184,4928360,Wolcott,
4928215,4919021,Churubusco,
4928215,4919203,Columbia City,
4928215,4926629,South Whitley,
4928215,4927309,Tri-Lakes,
4929772,4929771,Barnstable,
4929772,4931050,Bourne,
4929772,4931273,Brewster,
4929772,4931875,Buzzards Bay,
4929772,4932587,Centerville,
4929772,4932844,Chatham,
4929772,4933989,Cotuit,
4929772,4934753,Dennis Port,
4929772,4935370,East Dennis,
4929772,4832176,East Falmouth,
4929772,4935398,East Harwich,
4929772,4935495,East Sandwich,
4929772,4935578,Eastham,
4929772,4936174,Falmouth,
4929772,4937033,Forestdale,
4929772,4939004,Harwich,
4929772,7257575,Harwich Center,
4929772,4939008,Harwich Port,
4929772,4940190,Hyannis,
4929772,4943227,Marstons Mills,
4929772,4943297,Mashpee,
4929772,4943298,Mashpee Neck,
4929772,4944405,Monument Beach,
4929772,4945234,New Seabury,
4929772,4945608,North Eastham,
4929772,4945622,North Falmouth,
4929772,7257737,Northwest Harwich,
4929772,4946410,Orleans,
4929772,4946441,Osterville,
4929772,4947655,Pocasset,
4929772,4948087,Provincetown,
4929772,4949344,Sagamore,
4929772,4950191,Sandwich,
4929772,4951359,South Dennis,
4929772,4951579,South Yarmouth,
4929772,4952663,Teaticket,
4929772,4953382,Truro,
4929772,4954763,Wellfleet,
4929772,4832322,West Barnstable,
4929772,4954912,West Chatham,
4929772,4954931,West Dennis,
4929772,4954944,West Falmouth,
4929772,4955143,West Yarmouth,
4929772,4956335,Yarmouth,
4929772,4956338,Yarmouth Port,
4930396,4928733,Adams,
4930396,4930173,Becket,
4930396,4930408,Berkshire Heights,
4930396,4932915,Cheshire,
4930396,4934429,Dalton,
4930396,4936937,Florida,
4930396,4938157,Great Barrington,
4930396,4938777,Hancock,
4930396,4939561,Hinsdale,
4930396,4939991,Housatonic,
4930396,4941659,Lanesborough,
4930396,4941797,Lee,
4930396,4941853,Lenox,
4930396,4944383,Monterey,
4930396,4945217,New Marlborough,
4930396,4945486,North Adams,
4930396,4946445,Otis,
4930396,4947043,Peru,
4930396,4947459,Pittsfield,
4930396,4948667,Richmond,
4930396,4950205,Sandisfield,
4930396,4950301,Savoy,
4930396,5281031,Sheffield,
4930396,4952078,Stockbridge,
4930396,4954553,Washington,
4930396,4955098,West Stockbridge,
4930396,4955786,Williamstown,
4930396,4955914,Windsor,
4931378,4928720,Acushnet,
4931378,7257523,Acushnet Center,
4931378,4929356,Assonet,
4931378,4929399,Attleboro,
4931378,4930385,Berkley,
4931378,4930804,Bliss Corner,
4931378,4934827,Dighton,
4931378,4935623,Easton,
4931378,4936087,Fairhaven,
4931378,4936159,Fall River,
4931378,4937355,Freetown,
4931378,4939191,Head of Westport,
4931378,4943021,Mansfield,
4931378,7257704,Mansfield Center,
4931378,4945121,New Bedford,
4931378,7257726,North Attleborough Center,
4931378,4945769,North Seekonk,
4931378,4945808,North Westport,
4931378,4945911,Norton,
4931378,7257739,Norton Center,
4931378,4946160,Ocean Grove,
4931378,4948449,Raynham,
4931378,4948451,Raynham Center,
4931378,4948545,Rehoboth,
4931378,4950541,Seekonk,
4931378,4951133,Smith Mills,
4931378,4951248,Somerset,
4931378,4952487,Swansea,
4931378,4952629,Taunton,
4935156,4933082,Chilmark,
4935156,4935645,Edgartown,
4935156,4946056,Oak Bluffs,
4935156,4953938,Vineyard Haven,
4935156,4955117,West Tisbury,
4935951,4929004,Amesbury,
4935951,4929055,Andover,
4935951,4930505,Beverly,
4935951,4930511,Beverly Cove,
4935951,4931108,Boxford,
4935951,4934500,Danvers,
4935951,4935946,Essex,
4935951,4937829,Gloucester,
4935951,4938501,Groveland,
4935951,4939085,Haverhill,
4935951,4940625,Ipswich,
4935951,4941720,Lawrence,
4935951,4942807,Lynn,
4935951,4942821,Lynnfield,
4935951,4942975,Manchester-by-the-Sea,
4935951,4943097,Marblehead,
4935951,4943784,Merrimac,
4935951,4943828,Methuen,
4935951,4943926,Middleton,
4935951,4944875,Nahant,
4935951,4945256,Newburyport,
4935951,4832272,North Andover,
4935951,4946863,Peabody,
4935951,4948936,Rockport,
4935951,4949144,Rowley,
4935951,4950065,Salem,
4935951,4950092,Salisbury,
4935951,4950267,Saugus,
4935951,4951473,South Peabody,
4935951,4952468,Swampscott,
4935951,4953127,Topsfield,
4935951,4954801,Wenham,
4935951,4955030,West Newbury,
4937280,4929276,Ashfield,
4937280,4930437,Bernardston,
4937280,4931627,Buckland,
4937280,4932757,Charlemont,
4937280,4933660,Colrain,
4937280,4933841,Conway,
4937280,4934711,Deerfield,
4937280,4935939,Erving,
4937280,4937751,Gill,
4937280,4938378,Greenfield,
4937280,4939211,Heath,
4937280,4941899,Leverett,
4937280,4941949,Leyden,
4937280,4944154,Millers Falls,
4937280,4944413,Montague,
4937280,4945228,New Salem,
4937280,4945878,Northfield,
4937280,4946383,Orange,
4937280,4950747,Shelburne,
4937280,4950749,Shelburne Falls,
4937280,4950922,Shutesbury,
4937280,4951357,South Deerfield,
4937280,4953473,Turners Falls,
4937280,4954537,Warwick,
4937280,4954794,Wendell,
4937280,4955376,Whately,
4938741,4928788,Agawam,
4938741,4930921,Bondsville,
4938741,4931363,Brimfield,
4938741,4932929,Chester,
4938741,4933002,Chicopee,
4938741,4935434,East Longmeadow,
4938741,4938092,Granville,
4938741,4938738,Hampden,
4938741,4939671,Holland,
4938741,4939783,Holyoke,
4938741,4942508,Longmeadow,
4938741,4942744,Ludlow,
4938741,4944350,Monson,
4938741,7257719,Monson Center,
4938741,4944392,Montgomery,
4938741,4945588,North Chicopee,
4938741,4946620,Palmer,
4938741,4949204,Russell,
4938741,4951640,Southwick,
4938741,4951788,Springfield,
4938741,5280975,Three Rivers,
4938741,4954292,Wales,
4938741,4955089,West Springfield,
4938741,4955190,Westfield,
4938741,4955635,Wilbraham,
4938757,4929022,Amherst,
4938757,4929023,Amherst Center,
4938757,4930231,Belchertown,
4938757,4932943,Chesterfield,
4938757,4934321,Cummington,
4938757,4935582,Easthampton,
4938757,4937982,Goshen,
4938757,4938064,Granby,
4938757,4938574,Hadley,
4938757,4939048,Hatfield,
4938757,4940157,Huntington,
4938757,4943900,Middlefield,
4938757,4945497,North Amherst,
4938757,4945819,Northampton,
4938757,4946938,Pelham,
4938757,4951281,South Amherst,
4938757,4951397,South Hadley,
4938757,4951582,Southampton,
4938757,4954477,Ware,
4938757,4955236,Westhampton,
4938757,4955778,Williamsburg,
4943909,4928703,Acton,
4943909,4929180,Arlington,
4943909,4929262,Ashby,
4943909,4929283,Ashland,
4943909,4929432,Auburndale,
4943909,4929501,Ayer,
4943909,4930183,Bedford,
4943909,4930282,Belmont,
4943909,4930308,Bemis,
4943909,4930577,Billerica,
4943909,4931105,Boxborough,
4943909,4931737,Burlington,
4943909,4931972,Cambridge,
4943909,4932328,Carlisle,
4943909,4932869,Chelmsford,
4943909,4932957,Chestnut Hill,
4943909,4933493,Cochituate,
4943909,4933743,Concord,
4943909,4935038,Dracut,
4943909,4935195,Dunstable,
4943909,4935352,East Cambridge,
4943909,4935482,East Pepperell,
4943909,4935509,East Somerville,
4943909,4936008,Everett,
4943909,4937230,Framingham,
4943909,4937232,Framingham Center,
4943909,5281020,Groton,
4943909,4939693,Holliston,
4943909,4939881,Hopkinton,
4943909,4940094,Hudson,
4943909,12382288,Kendall Square,
4943909,4941935,Lexington,
4943909,4942021,Lincoln,
4943909,4942301,Littleton Common,
4943909,4942618,Lowell,
4943909,4942939,Malden,
4943909,4943170,Marlborough,
4943909,4943490,Maynard,
4943909,4943629,Medford,
4943909,4943677,Melrose,
4943909,4944994,Natick,
4943909,4945283,Newton,
4943909,4945289,Newton Center,
4943909,4945298,Newton Corner,
4943909,4945304,Newton Highlands,
4943909,4945310,Newton Lower Falls,
4943909,4945327,Newton Upper Falls,
4943909,4945333,Newtonville,
4943909,4945421,Nonantum,
4943909,4945734,North Reading,
4943909,4946102,Oak Hill Park,
4943909,4946990,Pepperell,
4943909,4947397,Pinehurst,
4943909,4948462,Reading,
4943909,4950790,Sherborn,
4943909,4950848,Shirley,
4943909,4951257,Somerville,
4943909,4952121,Stoneham,
4943909,4952217,Stow,
4943909,4952320,Sudbury,
4943909,4952743,Ten Hills,
4943909,4952762,Tewksbury,
4943909,4952956,Thompsonville,
4943909,4953221,Townsend,
4943909,13286809,Tufts University,
4943909,4953542,Tyngsboro,
4943909,4954265,Wakefield,
4943909,4954380,Waltham,
4943909,4954611,Watertown,
4943909,13308080,Watertown Square,
4943909,4954654,Wayland,
4943909,13286806,West Cambridge/Harvard Square,
4943909,4954923,West Concord,
4943909,4955033,West Newton,
4943909,4955085,West Somerville/Davis Square,
4943909,4955219,Westford,
4943909,4955259,Weston,
4943909,4955840,Wilmington,
4943909,4955884,Winchester,
4943909,4955986,Winter Hill,
4943909,4956032,Woburn,
4944911,4944903,Nantucket,
4945455,4929476,Avon,
4945455,4930019,Beaconsfield,
4945455,4930266,Bellingham,
4945455,7257540,Braintree,
4945455,4931482,Brookline,
4945455,4932214,Canton,
4945455,4933533,Cohasset,
4945455,4933885,Coolidge Corner,
4945455,4934664,Dedham,
4945455,4935010,Dover,
4945455,4937222,Foxborough,
4945455,4937276,Franklin,
4945455,4939637,Holbrook,
4945455,4943616,Medfield,
4945455,4943648,Medway,
4945455,4944173,Millis,
4945455,7257716,Millis-Clicquot,
4945455,4944193,Milton,
4945455,4944195,Milton Center,
4945455,4944203,Milton Upper Mills,
4945455,4944204,Milton Village,
4945455,4945055,Needham,
4945455,4945453,Norfolk,
4945455,4945952,Norwood,
4945455,4947490,Plainville,
4945455,4948247,Quincy,
4945455,4948403,Randolph,
4945455,4948567,Reservoir,
4945455,4950654,Sharon,
4945455,4952206,Stoughton,
4945455,4954364,Walpole,
4945455,4954738,Wellesley,
4945455,4955317,Westwood,
4945455,4955336,Weymouth,
4945455,4956266,Wrentham,
4947607,4928662,Abington,
4947607,4931303,Bridgewater,
4947607,4931429,Brockton,
4947607,4932388,Carver,
4947607,4935211,Duxbury,
4947607,4935330,East Bridgewater,
4947607,7257572,Green Harbor-Cedar Crest,
4947607,4938652,Halifax,
4947607,4938836,Hanover,
4947607,4938829,Hanson,
4947607,4939549,Hingham,
4947607,4940134,Hull,
4947607,4941383,Kingston,
4947607,4943144,Marion,
4947607,7257706,Marion Center,
4947607,4943204,Marshfield,
4947607,4943213,Marshfield Hills,
4947607,4943432,Mattapoisett,
4947607,7257710,Mattapoisett Center,
4947607,4943888,Middleborough,
4947607,7257713,Middleborough Center,
4947607,4945659,North Lakeville,
4947607,4945700,North Pembroke,
4947607,4945707,North Plymouth,
4947607,4945764,North Scituate,
4947607,4945936,Norwell,
4947607,7257741,Ocean Bluff-Brant Rock,
4947607,4946372,Onset,
4947607,4947597,Plymouth,
4947607,4947641,Plympton,
4947607,4948875,Rochester,
4947607,4948924,Rockland,
4947607,4950395,Scituate,
4947607,5281007,South Duxbury,
4947607,7315266,The Pinehills,
4947607,4954486,Wareham Center,
4947607,4954886,West Bridgewater,
4947607,4955132,West Wareham,
4947607,4955332,Weweantic,
4947607,4955472,White Island Shores,
4947607,4955544,Whitman,
4952349,4928654,Aberdeen,
4952349,4928934,Allston,
4952349,8532035,Allston/Brighton,
4952349,4929314,Ashmont,
4952349,4929532,Back Bay,
4952349,13286803,Back of the Hill,
4952349,4930010,Beacon Hill,
4952349,4930258,Bellevue,
4952349,4930956,Boston,
4952349,4931353,Brighton,
4952349,13286804,Brook Farm,
4952349,4932819,Charlestown,
4952349,4932879,Chelsea,
4952349,4933314,Clarendon Hills,
4952349,4934964,Dorchester,
4952349,4935304,East Boston,
4952349,4936100,Fairmount,
4952349,4936196,Faneuil,
4952349,4938495,Grove Hall,
4952349,4939417,Highland,
4952349,4940202,Hyde Park,
4952349,4940828,Jeffries Point,
4952349,13286805,Lower Allston,
4952349,4943426,Mattapan,
4952349,8532041,Mission Hill,
4952349,4945542,North Brighton,
4952349,4946402,Orient Heights,
4952349,4948470,Readville,
4952349,4832294,Revere,
4952349,4949068,Roslindale,
4952349,4949152,Roxbury Crossing,
4952349,4950295,Savin Hill,
4952349,4952355,Suffolk Downs Station,
4952349,4953724,Uphams Corner,
4952349,11280527,"VA Boston Healthcare System, Brockton Campus",
4952349,13308082,West Fens,
4952349,4955128,West Roxbury,
4952349,4955993,Winthrop,
4956199,4929256,Ashburnham,
4956199,4929376,Athol,
4956199,4929417,Auburn,
4956199,4929657,Baldwinville,
4956199,4929785,Barre,
4956199,4930431,Berlin,
4956199,4930738,Blackstone,
4956199,4930907,Bolton,
4956199,4931127,Boylston,
4956199,4931469,Brookfield,
4956199,4932823,Charlton,
4956199,4933426,Clinton,
4956199,4933937,Cordaville,
4956199,8480032,Devens,
4956199,4934999,Douglas,
4956199,4935125,Dudley,
4956199,4935347,East Brookfield,
4956199,4935372,East Douglas,
4956199,4936792,Fiskdale,
4956199,4936812,Fitchburg,
4956199,4937557,Gardner,
4956199,4938048,Grafton,
4956199,4938697,Hamilton Worcester,
4956199,4938862,Hardwick,
4956199,4938957,Harvard,
4956199,4939647,Holden,
4956199,4939862,Hopedale,
4956199,4940075,Hubbardston,
4956199,4941635,Lancaster,
4956199,4941835,Leicester,
4956199,4941873,Leominster,
4956199,4942767,Lunenburg,
4956199,4943746,Mendon,
4956199,4943958,Milford,
4956199,4944122,Millbury,
4956199,4944189,Millville,
4956199,4945145,New Braintree,
4956199,4945548,North Brookfield,
4956199,4945840,Northborough,
4956199,4945848,Northbridge,
4956199,4946136,Oakham,
4956199,4946546,Oxford,
4956199,4946853,Paxton,
4956199,4947124,Phillipston,
4956199,4947998,Princeton,
4956199,4949161,Royalston,
4956199,4949245,Rutland,
4956199,4950898,Shrewsbury,
4956199,4951282,South Ashburnham,
4956199,4951431,South Lancaster,
4956199,4951591,Southborough,
4956199,4951594,Southbridge,
4956199,4951699,Spencer,
4956199,4952005,Sterling,
4956199,4952292,Sturbridge,
4956199,4952388,Sunderland,
4956199,4952444,Sutton,
4956199,4952731,Templeton,
4956199,4953794,Upton,
4956199,4953804,Uxbridge,
4956199,4954511,Warren,
4956199,4954677,Webster,
4956199,4954850,West Boylston,
4956199,4954927,West Brookfield,
4956199,4955149,Westborough,
4956199,4955247,Westminster,
4956199,4955539,Whitinsville,
4956199,4955873,Winchendon,
4956199,4956184,Worcester,
4956755,4956976,Auburn,
4956755,4965929,Greene Village,
4956755,4969332,Leeds,
4956755,4969398,Lewiston,
4956755,4969622,Lisbon,
4956755,4969627,Lisbon Falls,
4956755,4970214,Livermore,
4956755,4970215,Livermore Falls,
4956755,4971699,Mechanic Falls,
4956755,4972286,Minot,
4956755,4975603,Poland,
4956755,4977194,Sabattus,
4956755,4981250,Turner,
4956873,4956929,Ashland,
4956873,4959274,Bridgewater,
4956873,4960140,Caribou,
4956873,4963111,Eagle Lake,
4956873,4963478,Easton,
4956873,4964605,Fort Fairfield,
4956873,4964627,Fort Kent,
4956873,4964919,Frenchville,
4956873,4965577,Grand Isle,
4956873,4967277,Hodgdon,
4956873,4967563,Houlton,
4956873,4968117,Island Falls,
4956873,4969532,Limestone,
4956873,4969612,Linneus,
4956873,4970206,Littleton,
4956873,4970938,Madawaska,
4956873,4971187,Mapleton,
4956873,4971253,Mars Hill,
4956873,4972398,Monticello,
4956873,4973273,New Limerick,
4956873,4973295,New Sweden Station,
4956873,4974065,Oakfield,
4956873,4975966,Presque Isle,
4956873,4977281,Saint Agatha,
4956873,4977361,Saint Francis,
4956873,4978484,Sherman,
4956873,4981710,Van Buren,
4956873,4982086,Wallagrass,
4956873,4982160,Washburn,
4956873,4982818,Westfield,
4961900,4959279,Bridgton,
4961900,4959473,Brunswick,
4961900,7257441,Brunswick Station,
4961900,4960358,Casco,
4961900,4961898,Cumberland Center,
4961900,4963985,Falmouth,
4961900,4963987,Falmouth Foreside,
4961900,4964867,Freeport,
4961900,4965481,Gorham,
4961900,4965671,Gray,
4961900,4966554,Harpswell Center,
4961900,4966598,Harrison,
4961900,4969789,Little Falls,
4961900,4973259,New Gloucester,
4961900,4973717,North Windham,
4961900,4975802,Portland,
4961900,4976361,Raymond,
4961900,4977882,Scarborough,
4961900,4979244,South Portland,
4961900,4979245,South Portland Gardens,
4961900,4979295,South Windham,
4961900,4979819,Steep Falls,
4961900,4982720,West Scarborough,
4961900,4982753,Westbrook,
4961900,4983572,Yarmouth,
4964821,4957031,Avon,
4964821,4960332,Carthage,
4964821,4960771,Chesterville,
4964821,4960829,Chisholm,
4964821,4963858,Eustis,
4964821,4964024,Farmington,
4964821,4968234,Jay,
4964821,4968894,Kingfield,
4964821,4973288,New Sharon,
4964821,4973297,New Vineyard,
4964821,5281077,Phillips,
4964821,4980051,Strong,
4964821,4980455,Temple,
4964821,4983257,Wilton,
4966407,4957320,Bar Harbor,
4966407,4958721,Blue Hill,
4966407,4959356,Brooklin,
4966407,4959371,Brooksville,
4966407,4959551,Bucksport,
4966407,4960381,Castine,
4966407,4962317,Dedham,
4966407,4962384,Deer Isle,
4966407,4963692,Ellsworth,
4966407,4964817,Franklin,
4966407,4965529,Gouldsboro,
4966407,4966383,Hancock,
4966407,4974306,Orland,
4966407,4974352,Otis,
4966407,4974967,Penobscot,
4966407,4978242,Sedgwick,
4966407,4979352,Southwest Harbor,
4966407,4979975,Stonington,
4966407,4980155,Sullivan,
4966407,4980248,Surry,
4966407,4981071,Tremont,
4966407,4981078,Trenton,
4966407,4981759,Verona,
4968714,4956545,Albion,
4968714,4957003,Augusta,
4968714,4957962,Belgrade,
4968714,4958037,Benton,
4968714,4960753,Chelsea,
4968714,4960817,China,
4968714,4961093,Clinton,
4968714,4964021,Farmingdale,
4968714,4964068,Fayette,
4968714,4965079,Gardiner,
4968714,4966320,Hallowell,
4968714,4971094,Manchester,
4968714,4972368,Monmouth,
4968714,4972784,Mount Vernon,
4968714,4974071,Oakland,
4968714,4974578,Palermo,
4968714,4975451,Pittston,
4968714,4976315,Randolph,
4968714,4976383,Readfield,
4968714,4976934,Rome,
4968714,4978585,Sidney,
4968714,4981745,Vassalboro,
4968714,4981774,Vienna,
4968714,4982236,Waterville,
4968714,4982265,Wayne,
4968714,4983283,Windsor,
4968714,4983322,Winslow,
4968714,4983355,Winthrop,
4968996,4956815,Appleton,
4968996,4959908,Camden,
4968996,4961976,Cushing,
4968996,4964943,Friendship,
4968996,4832408,Hope,
4968996,4974489,Owls Head,
4968996,4832458,Rockland,
4968996,4976817,Rockport,
4968996,4977372,Saint George,
4968996,4979277,South Thomaston,
4968996,4980629,Thomaston,
4968996,4832484,Union,
4968996,4981804,Vinalhaven,
4968996,4982137,Warren,
4968996,4982172,Washington,
4969555,4956671,Alna,
4969555,4958954,Boothbay,
4969555,4958958,Boothbay Harbor,
4969555,4959223,Bremen,
4969555,4959312,Bristol,
4969555,4962066,Damariscotta,
4969555,4963559,Edgecomb,
4969555,4968246,Jefferson,
4969555,4973311,Newcastle,
4969555,4973402,Nobleboro,
4969555,4978976,Somerville,
4969555,4979123,South Bristol,
4969555,4979328,Southport,
4969555,4982044,Waldoboro,
4969555,4982835,Westport,
4969555,4982975,Whitefield,
4969555,4983359,Wiscasset,
4974522,4956740,Andover,
4974522,4958084,Bethel,
4974522,4959433,Brownfield,
4974522,4959521,Buckfield,
4974522,4960064,Canton,
4974522,4962442,Denmark,
4974522,4962589,Dixfield,
4974522,4964996,Fryeburg,
4974522,4965991,Greenwood,
4974522,4966616,Hartford,
4974522,4966883,Hebron,
4974522,4967237,Hiram,
4974522,4970644,Lovell,
4974522,4971871,Mexico,
4974522,4973840,Norway,
4974522,4974537,Oxford,
4974522,4974617,Paris,
4974522,4975080,Peru,
4974522,4975783,Porter,
4974522,4977125,Rumford,
4974522,4979220,South Paris,
4974522,4980182,Sumner,
4974522,4982671,West Paris,
4974977,4956677,Alton,
4974977,4957280,Bangor,
4974977,4959106,Bradford,
4974977,4959119,Bradley,
4974977,4959233,Brewer,
4974977,5281055,Carmel,
4974977,4960682,Charleston,
4974977,4960785,Chester,
4974977,4961089,Clifton,
4974977,4961493,Corinna,
4974977,4962502,Dexter,
4974977,4962596,Dixmont,
4974977,4963318,East Millinocket,
4974977,4963547,Eddington,
4974977,4963801,Enfield,
4974977,4963848,Etna,
4974977,4965101,Garland,
4974977,4965923,Greenbush,
4974977,4966371,Hampden,
4974977,4966992,Hermon,
4974977,4967344,Holden,
4974977,4967652,Howland,
4974977,4967690,Hudson,
4974977,4968688,Kenduskeag,
4974977,4969061,Lagrange,
4974977,4969317,Lee,
4974977,4969375,Levant,
4974977,4969547,Lincoln,
4974977,4971448,Mattawamkeag,
4974977,4971734,Medway,
4974977,4972028,Milford,
4974977,4972220,Millinocket,
4974977,4973333,Newport,
4974977,4974231,Old Town,
4974977,4974313,Orono,
4974977,4974328,Orrington,
4974977,4974775,Patten,
4974977,4975573,Plymouth,
4974977,4979840,Stetson,
4974977,4981750,Veazie,
4975418,4959464,Brownville,
4975418,4962775,Dover-Foxcroft,
4975418,4965978,Greenville,
4975418,4832366,Guilford,
4975418,4972235,Milo,
4975418,4972380,Monson,
4975418,4974664,Parkman,
4975418,4977779,Sangerville,
4975418,4978153,Sebec,
4977278,4957570,Bath,
4977278,4959024,Bowdoinham,
4977278,4973457,North Bath,
4977278,4975157,Phippsburg,
4977278,4976528,Richmond,
4977278,4980927,Topsham,
4977278,4983504,Woolwich,
4978972,4956792,Anson,
4978972,4956946,Athens,
4978972,4958327,Bingham,
4978972,4959902,Cambridge,
4978972,4960036,Canaan,
4978972,4961518,Cornville,
4978972,4962481,Detroit,
4978972,4963749,Embden,
4978972,4963932,Fairfield,
4978972,4966539,Harmony,
4978972,4966624,Hartland,
4978972,4968168,Jackman,
4978972,4970954,Madison,
4978972,4971771,Mercer,
4978972,4972660,Moscow,
4978972,4973282,New Portland,
4978972,4973430,Norridgewock,
4978972,4974597,Palmyra,
4978972,4975446,Pittsfield,
4978972,4977288,Saint Albans,
4978972,4978701,Skowhegan,
4978972,4978861,Smithfield,
4978972,4978963,Solon,
4978972,4979778,Starks,
4982040,4957956,Belfast,
4982040,4959359,Brooks,
4982040,4959658,Burnham,
4982040,4964813,Frankfort,
4982040,4964856,Freedom,
4982040,4968141,Islesboro,
4982040,4968177,Jackson,
4982040,4969470,Liberty,
4982040,4969592,Lincolnville,
4982040,4972373,Monroe,
4982040,4972606,Morrill,
4982040,4973781,Northport,
4982040,4976052,Prospect,
4982040,4978095,Searsmont,
4982040,4978097,Searsport,
4982040,4979945,Stockton Springs,
4982040,4980287,Swanville,
4982040,4980683,Thorndike,
4982040,4981180,Troy,
4982040,4982039,Waldo,
4982040,4983348,Winterport,
4982182,4956485,Addison,
4982182,4956593,Alexander,
4982182,4957659,Beals,
4982182,4959834,Calais,
4982182,4960760,Cherryfield,
4982182,4961318,Columbia Falls,
4982182,4962015,Cutler,
4982182,4962090,Danforth,
4982182,4963306,East Machias,
4982182,4963486,Eastport,
4982182,4966576,Harrington,
4982182,4968496,Jonesboro,
4982182,4968499,Jonesport,
4982182,4970888,Machias,
4982182,4970903,Machiasport,
4982182,4971302,Marshfield,
4982182,4972002,Milbridge,
4982182,4974925,Pembroke,
4982182,4975062,Perry,
4982182,4976035,Princeton,
4982182,4976705,Robbinston,
4982182,4979854,Steuben,
4982182,4983446,Woodland,
4983621,4956462,Acton,
4983621,4832342,Alfred,
4983621,4956893,Arundel,
4983621,4832356,Berwick,
4983621,4958141,Biddeford,
4983621,4959799,Buxton,
4983621,4960091,Cape Neddick,
4983621,4961511,Cornish,
4983621,6545140,Dayton,
4983621,4963642,Eliot,
4983621,4967361,Hollis Center,
4983621,4968729,Kennebunk,
4983621,4968747,Kennebunkport,
4983621,4968937,Kittery,
4983621,4968933,Kittery Point,
4983621,4969066,Lake Arrowhead,
4983621,4969280,Lebanon,
4983621,4969529,Limerick,
4983621,4969542,Limington,
4983621,4973346,Newfield,
4983621,4973463,North Berwick,
4983621,4974108,Ogunquit,
4983621,4974194,Old Orchard Beach,
4983621,4974703,Parsonsfield,
4983621,4977222,Saco,
4983621,4977762,Sanford,
4983621,4978367,Shapleigh,
4983621,4979050,South Berwick,
4983621,4979158,South Eliot,
4983621,4979261,South Sanford,
4983621,4979580,Springvale,
4983621,4982218,Waterboro,
4983621,4982394,Wells Beach Station,
4983621,5281094,West Kennebunk,
4983621,4983611,York Beach,
4983621,4983625,York Harbor,
4983917,4995424,Harrisville,
4983917,4996690,Hubbard Lake,
4983956,5003065,Munising,
4983990,4983989,Allegan,
4983990,4991076,Douglas,
4983990,4992609,Fennville,
4983990,4996248,Holland,
4983990,4996456,Hopkins,
4983990,5004658,Otsego,
4983990,5005954,Plainwell,
4983990,5008991,Saugatuck,
4983990,5014219,Wayland,
4984076,4984075,Alpena,
4984076,5004644,Ossineke,
4984284,4985583,Bellaire,
4984284,4988430,Central Lake,
4984284,4991969,Elk Rapids,
4984284,5000615,Mancelona,
4984356,4984524,Au Gres,
4984356,5011020,Standish,
4984356,5011145,Sterling,
4984903,4984902,Baraga,
4984903,4998431,L'Anse,
4985016,4990668,Delton,
4985016,4995520,Hastings,
4985016,5001924,Middleville,
4985016,5003243,Nashville,
4985016,5011316,Stony Point,
4985190,4984562,Auburn,
4985190,4985180,Bay City,
4985190,4992251,Essexville,
4985190,5005706,Pinconning,
4985733,4985887,Beulah,
4985733,4993326,Frankfort,
4985760,4984990,Baroda,
4985760,4985711,Benton Harbor,
4985760,4985713,Benton Heights,
4985760,4985761,Berrien Springs,
4985760,4986977,Bridgman,
4985760,4987238,Buchanan,
4985760,4989343,Coloma,
4985760,4991757,Eau Claire,
4985760,4992394,Fair Plain,
4985760,4993612,Galien,
4985760,4998574,Lake Michigan Beach,
4985760,5003374,New Buffalo,
4985760,5003514,Niles,
4985760,5005128,Paw Paw Lake,
4985760,5008327,Saint Joseph,
4985760,5009769,Shoreham,
4985760,7259498,Shorewood-Tower Hills-Harbert,
4985760,5011183,Stevensville,
4985760,5012197,Three Oaks,
4985760,5014165,Watervliet,
4986828,4987045,Bronson,
4986828,4989266,Coldwater,
4986828,5006647,Quincy,
4986828,5012928,Union City,
4987673,4983905,Albion,
4987673,4984489,Athens,
4987673,4985153,Battle Creek,
4987673,4987154,Brownlee Park,
4987673,4996369,Homer,
4987673,4998703,Lakeview,
4987673,7259362,Level Park-Oak Park,
4987673,5000996,Marshall,
4987673,5010917,Springfield,
4987673,5011985,Tekonsha,
4988216,4988232,Cassopolis,
4988216,4991111,Dowagiac,
4988216,4991879,Edwardsburg,
4988216,5000843,Marcellus,
4988577,4985210,Bay Shore,
4988577,4986759,Boyne City,
4988577,4988575,Charlevoix,
4988577,4991613,East Jordan,
4988577,4996545,Horton Bay,
4988619,4988617,Cheboygan,
4988619,4997086,Indian River,
4988619,5000460,Mackinaw City,
4988755,5009004,Sault Ste. Marie,
4988934,4988933,Clare,
4988934,4992541,Farwell,
4988934,4995403,Harrison,
4989135,4985139,Bath,
4989135,4990469,DeWitt,
4989135,4992084,Elsie,
4989135,4993267,Fowler,
4989135,5000774,Maple Rapids,
4989135,5004776,Ovid,
4989135,5008278,Saint Johns,
4989135,5013849,Wacousta,
4989135,5014696,Westphalia,
4989916,4994578,Grayling,
4990662,4992232,Escanaba,
4990662,4993981,Gladstone,
4990845,4997232,Iron Mountain,
4990845,4998189,Kingsford,
4990845,5004016,Norway,
4990845,5006658,Quinnesec,
4991746,4985607,Bellevue,
4991746,4988584,Charlotte,
4991746,4990875,Dimondale,
4991746,4991753,Eaton Rapids,
4991746,4994344,Grand Ledge,
4991746,5003052,Mulliken,
4991746,5004454,Olivet,
4991746,5006376,Potterville,
4991746,5011569,Sunfield,
4991746,5013210,Vermontville,
4991746,5014208,Waverly,
4992137,4983886,Alanson,
4992137,11669119,Bay Harbor,
4992137,4995285,Harbor Springs,
4992137,5005247,Pellston,
4992137,5005484,Petoskey,
4993785,4984361,Argentine,
4993785,4985521,Beecher,
4993785,4987482,Burton,
4993785,4989153,Clio,
4993785,4990400,Davison,
4993785,4992612,Fenton,
4993785,4992982,Flint,
4993785,4993022,Flushing,
4993785,4994154,Goodrich,
4993785,4994320,Grand Blanc,
4993785,4998543,Lake Fenton,
4993785,4999360,Linden,
4993785,5002411,Montrose,
4993785,5002699,Mount Morris,
4993785,5004656,Otisville,
4993785,5011701,Swartz Creek,
4993986,4985465,Beaverton,
4993986,4993985,Gladwin,
4994090,4985785,Bessemer,
4994090,4997249,Ironwood,
4994090,5013894,Wakefield,
4994374,4988847,Chums Corner,
4994374,4994567,Grawn,
4994374,4997180,Interlochen,
4994374,4998195,Kingsley,
4994374,5012495,Traverse City,
4994537,4984049,Alma,
4994537,4984460,Ashley,
4994537,4986888,Breckenridge,
4994537,4997346,Ithaca,
4994537,5008414,Saint Louis,
4996110,4987731,Camden,
4996110,4996107,Hillsdale,
4996110,4997698,Jonesville,
4996110,4999410,Litchfield,
4996110,5006848,Reading,
4996110,5013911,Waldron,
4996573,4984503,Atlantic Mine,
4996573,4987684,Calumet,
4996573,4990964,Dollar Bay,
4996573,4995201,Hancock,
4996573,4996572,Houghton,
4996573,4996696,Hubbell,
4996573,4998569,Lake Linden,
4996573,4998924,Laurium,
4996573,5010587,South Range,
4996859,4984692,Bad Axe,
4996859,4988197,Caseville,
4996859,4991980,Elkton,
4996859,4995269,Harbor Beach,
4996859,4998106,Kilmanagh,
4996859,5005642,Pigeon,
4996859,5006221,Port Austin,
4996859,5009317,Sebewaing,
4996859,5012895,Ubly,
4997130,4990327,Dansville,
4997130,4991640,East Lansing,
4997130,4991823,Edgemont Park,
4997130,4995514,Haslett,
4997130,4996306,Holt,
4997130,4998830,Lansing,
4997130,4999122,Leslie,
4997130,5001093,Mason,
4997130,5004359,Okemos,
4997130,5011227,Stockbridge,
4997130,5014278,Webberville,
4997130,5015133,Williamston,
4997193,4985552,Belding,
4997193,4997191,Ionia,
4997193,4998583,Lake Odessa,
4997193,5000388,Lyons,
4997193,5003038,Muir,
4997193,5006314,Portland,
4997193,5008971,Saranac,
4997201,4984533,Au Sable,
4997201,4991692,East Tawas,
4997201,5004615,Oscoda,
4997201,5008861,Sand Lake,
4997201,5011900,Tawas City,
4997220,4988212,Caspian,
4997220,4990121,Crystal Falls,
4997220,4997238,Iron River,
4997272,5013285,Lake Isabella,
4997272,5002714,Mount Pleasant,
4997272,5009625,Shepherd,
4997272,5014319,Weidman,
4997389,4987064,Brooklyn,
4997389,4989442,Concord,
4997389,4994483,Grass Lake,
4997389,4997384,Jackson,
4997389,5001813,Michigan Center,
4997389,5003224,Napoleon,
4997389,5005034,Parma,
4997389,5010780,Spring Arbor,
4997389,5010899,Springport,
4997389,5013156,Vandercook Lake,
4997791,4984575,Augusta,
4997791,4989127,Climax,
4997791,7259593,Comstock Northwest,
4997791,4991740,Eastwood,
4997791,4993609,Galesburg,
4997791,4997787,Kalamazoo,
4997791,5004961,Parchment,
4997791,5006250,Portage,
4997791,5007115,Richland,
4997791,5009185,Schoolcraft,
4997791,5010512,South Gull Lake,
4997791,5013252,Vicksburg,
4997791,5014706,Westwood,
4997807,4997805,Kalkaska,
4997807,5006776,Rapid City,
4997807,5010377,South Boardman,
4998005,4985620,Belmont,
4998005,4987587,Byron Center,
4998005,4987661,Caledonia,
4998005,4988362,Cedar Springs,
4998005,4989432,Comstock Park,
4998005,4990242,Cutlerville,
4998005,4991600,East Grand Rapids,
4998005,4993125,Forest Hills,
4998005,4994358,Grand Rapids,
4998005,4994391,Grandville,
4998005,4998002,Kent City,
4998005,4998018,Kentwood,
4998005,5000239,Lowell,
4998005,5003952,Northview,
4998005,5007436,Rockford,
4998005,5008863,Sand Lake,
4998005,5010690,Sparta,
4998005,5013924,Walker,
4998005,5015618,Wyoming,
4998067,4991470,Eagle River,
4998535,4984802,Baldwin,
4998845,4984067,Almont,
4998845,4984510,Attica,
4998845,7259538,Barnes Lake-Millers Lake,
4998845,4989376,Columbiaville,
4998845,4991218,Dryden,
4998845,4996956,Imlay City,
4998845,4998842,Lapeer,
4998845,5001755,Metamora,
4998845,5003617,North Branch,
4999022,4994793,Greilickville,
4999022,4999064,Leland,
4999022,5003940,Northport,
4999022,5011654,Suttons Bay,
4999081,4983802,Addison,
4999081,4983811,Adrian,
4999081,4986398,Blissfield,
4999081,4987028,Britton,
4999081,4989132,Clinton,
4999081,4990598,Deerfield,
4999081,4996718,Hudson,
4999081,7259381,Manitou Beach-Devils Lake,
4999081,5002495,Morenci,
4999081,5004518,Onsted,
4999081,5011973,Tecumseh,
4999829,4986994,Brighton,
4999829,4993272,Fowlerville,
4999829,4996655,Howell,
4999829,5005703,Pinckney,
4999829,5014946,Whitmore Lake,
5000297,5003435,Newberry,
5000447,5008224,Saint Ignace,
5000477,4984379,Armada,
5000477,4988400,Center Line,
5000477,4989133,Clinton Township,
5000477,4991735,Eastpointe,
5000477,4993369,Fraser,
5000477,5001644,Memphis,
5000477,5002656,Mount Clemens,
5000477,5003369,New Baltimore,
5000477,5003383,New Haven,
5000477,5007141,Richmond,
5000477,5007525,Romeo,
5000477,5007655,Roseville,
5000477,5010978,Saint Clair Shores,
5000477,5009586,Shelby,
5000477,5011148,Sterling Heights,
5000477,5013061,Utica,
5000477,5014051,Warren,
5000612,5000611,Manistee,
5000612,5004169,Oak Hill,
5000612,5004985,Parkdale,
5000950,4994999,Gwinn,
5000950,4995489,Harvey,
5000950,4997281,Ishpeming,
5000950,7259330,K. I. Sawyer Air Force Base,
5000950,5000947,Marquette,
5000950,5003294,Negaunee,
5000950,5007015,Republic,
5000950,5012635,Trowbridge Park,
5000950,5014567,West Ishpeming,
5001099,5000306,Ludington,
5001099,5009277,Scottville,
5001594,4986020,Big Rapids,
5001594,4987963,Canadian Lakes,
5001670,5001669,Menominee,
5001670,5011137,Stephenson,
5001932,4989304,Coleman,
5001932,5001929,Midland,
5001932,5008936,Sanford,
5002231,4998533,Lake City,
5002231,5001236,McBain,
5002348,4988024,Carleton,
5002348,4990730,Detroit Beach,
5002348,4991330,Dundee,
5002348,4998769,Lambertville,
5002348,5000334,Luna Pier,
5002348,5001199,Maybee,
5002348,5001962,Milan,
5002348,5002344,Monroe,
5002348,5005450,Petersburg,
5002348,5010569,South Monroe,
5002348,5010595,South Rockwood,
5002348,5011323,Stony Point,
5002348,5011989,Temperance,
5002348,5014645,West Monroe,
5002348,5015464,Woodland Beach,
5002390,4988138,Carson City,
5002390,4991857,Edmore,
5002390,4994763,Greenville,
5002390,4996618,Howard City,
5002390,4998705,Lakeview,
5002390,5009635,Sheridan,
5002390,5011042,Stanton,
5002394,4984500,Atlanta,
5002394,4996098,Hillman,
5002394,4999167,Lewiston,
5003136,4993519,Fruitport,
5003136,4998745,Lakewood Club,
5003136,5002367,Montague,
5003136,5003132,Muskegon,
5003136,5003140,Muskegon Heights,
5003136,5003811,North Muskegon,
5003136,5004005,Norton Shores,
5003136,5006818,Ravenna,
5003136,5007548,Roosevelt Park,
5003136,5012800,Twin Lake,
5003136,5014913,Whitehall,
5003136,5015397,Wolf Lake,
5003426,4993417,Fremont,
5003426,4994415,Grant,
5003426,4995865,Hesperia,
5003426,5003424,Newaygo,
5003426,5014811,White Cloud,
5004223,4984565,Auburn Hills,
5004223,4985744,Berkley,
5004223,4985891,Beverly Hills,
5004223,4986099,Bingham Farms,
5004223,4986172,Birmingham,
5004223,4986429,Bloomfield Hills,
5004223,4988997,Clarkston,
5004223,4989005,Clawson,
5004223,4992519,Farmington,
5004223,4992523,Farmington Hills,
5004223,4992635,Ferndale,
5004223,4993335,Franklin,
5004223,4995664,Hazel Park,
5004223,4996274,Holly,
5004223,4996832,Huntington Woods,
5004223,4997868,Keego Harbor,
5004223,4998587,Lake Orion,
5004223,4998900,Lathrup Village,
5004223,5000500,Madison Heights,
5004223,5001972,Milford,
5004223,5004062,Novi,
5004223,5004188,Oak Park,
5004223,5004551,Orchard Lake,
5004223,5004593,Ortonville,
5004223,5004817,Oxford,
5004223,5006011,Pleasant Ridge,
5004223,5006166,Pontiac,
5004223,5007400,Rochester,
5004223,5007402,Rochester Hills,
5004223,5007804,Royal Oak,
5004223,5010548,South Lyon,
5004223,5010636,Southfield,
5004223,5011761,Sylvan Lake,
5004223,5012639,Troy,
5004223,5013961,Walled Lake,
5004223,5014130,Waterford,
5004223,7259621,West Bloomfield Township,
5004223,5015351,Wixom,
5004223,5015416,Wolverine Lake,
5004294,4995436,Hart,
5004294,5005318,Pentwater,
5004294,5009587,Shelby,
5004326,5007595,Rose City,
5004326,5010077,Skidway Lake,
5004326,5014413,West Branch,
5004521,5004520,Ontonagon,
5004611,4992304,Evart,
5004611,5000879,Marion,
5004611,5006946,Reed City,
5004616,5002197,Mio,
5004659,4993756,Gaylord,
5004659,5013151,Vanderbilt,
5004681,4984029,Allendale,
5004681,4985530,Beechwood,
5004681,4989596,Coopersville,
5004681,4992659,Ferrysburg,
5004681,4994325,Grand Haven,
5004681,4996736,Hudsonville,
5004681,4997500,Jenison,
5004681,5010856,Spring Lake,
5004681,5015701,Zeeland,
5006470,5004490,Onaway,
5006470,5007477,Rogers City,
5007587,4996580,Houghton Lake,
5007587,5006566,Prudenville,
5007587,5007585,Roscommon,
5007587,5008207,Saint Helen,
5007996,4986141,Birch Run,
5007996,4986963,Bridgeport,
5007996,4987304,Buena Vista,
5007996,4987467,Burt,
5007996,4988132,Carrollton,
5007996,4988671,Chesaning,
5007996,4993321,Frankenmuth,
5007996,4993402,Freeland,
5007996,4995760,Hemlock,
5007996,5001708,Merrill,
5007996,7259471,Robin Glen-Indiantown,
5007996,5007989,Saginaw,
5007996,7259480,Saginaw Township North,
5007996,5008102,Saint Charles,
5007996,5009717,Shields,
5007996,5015723,Zilwaukee,
5008112,4983970,Algonac,
5008112,4984640,Avoca,
5008112,4987996,Capac,
5008112,5000873,Marine City,
5008112,5001084,Marysville,
5008112,5005178,Pearl Beach,
5008112,5006233,Port Huron,
5008112,5010977,Saint Clair,
5008112,5015627,Yale,
5008347,4987462,Burr Oak,
5008347,4988455,Centreville,
5008347,4989347,Colon,
5008347,4989486,Constantine,
5008347,5001661,Mendon,
5008347,5011428,Sturgis,
5008347,5012194,Three Rivers,
5008347,5014852,White Pigeon,
5008950,4987112,Brown City,
5008950,4988142,Carsonville,
5008950,4990039,Croswell,
5008950,4990528,Deckerville,
5008950,4999171,Lexington,
5008950,5000938,Marlette,
5008950,5005232,Peck,
5008950,5006244,Port Sanilac,
5008950,5008920,Sandusky,
5009187,5000625,Manistique,
5009706,4984855,Bancroft,
5009706,4987586,Byron,
5009706,4989686,Corunna,
5009706,4991364,Durand,
5009706,4998506,Laingsburg,
5009706,4999090,Lennon,
5009706,5001923,Middletown,
5009706,5002537,Morrice,
5009706,5003384,New Haven,
5009706,5003401,New Lothrop,
5009706,5004792,Owosso,
5009706,5005401,Perry,
5009706,5013212,Vernon,
5012748,4988059,Caro,
5012748,4988215,Cass City,
5012748,4992410,Fairgrove,
5012748,4993213,Fostoria,
5012748,5001222,Mayville,
5012748,5002100,Millington,
5012748,5006969,Reese,
5012748,5013174,Vassar,
5013104,4984863,Bangor,
5013104,4990524,Decatur,
5013104,4994073,Gobles,
5013104,4995468,Hartford,
5013104,4998937,Lawrence,
5013104,4998956,Lawton,
5013104,5001159,Mattawan,
5013104,5005126,Paw Paw,
5013104,5010517,South Haven,
5014120,4984247,Ann Arbor,
5014120,4988628,Chelsea,
5014120,4990797,Dexter,
5014120,5000598,Manchester,
5014120,5008768,Saline,
5014120,5015688,Ypsilanti,
5014227,4984016,Allen Park,
5014227,4985601,Belleville,
5014227,4987990,Canton,
5014227,4990510,Dearborn,
5014227,4990512,Dearborn Heights,
5014227,4990729,Detroit,
5014227,4991791,Ecorse,
5014227,4992940,Flat Rock,
5014227,4993659,Garden City,
5014227,4993873,Gibraltar,
5014227,4994851,Grosse Ile,
5014227,4994862,Grosse Pointe,
5014227,4994864,Grosse Pointe Farms,
5014227,4994868,Grosse Pointe Park,
5014227,4994870,Grosse Pointe Shores,
5014227,4994871,Grosse Pointe Woods,
5014227,4995197,Hamtramck,
5014227,4995368,Harper Woods,
5014227,4996017,Highland Park,
5014227,4832554,Inkster,
5014227,4999311,Lincoln Park,
5014227,4999837,Livonia,
5014227,5001634,Melvindale,
5014227,5003956,Northville,
5014227,5006059,Plymouth,
5014227,5006917,Redford,
5014227,5007247,River Rouge,
5014227,5007323,Riverview,
5014227,5007451,Rockwood,
5014227,5007531,Romulus,
5014227,5010646,Southgate,
5014227,5011908,Taylor,
5014227,5012521,Trenton,
5014227,5014224,Wayne,
5014227,5014681,Westland,
5014227,5015456,Woodhaven,
5014227,5015599,Wyandotte,
5014729,4987287,Buckley,
5014729,4987617,Cadillac,
5014729,5000678,Manton,
5015979,5015978,Aitkin,
5015979,5030122,Hill City,
5016452,5016374,Andover,
5016452,5016450,Anoka,
5016452,5018651,Blaine,
5016452,5020751,Centerville,
5016452,5021323,Circle Pines,
5016452,5021828,Columbia Heights,
5016452,6332120,Columbus,
5016452,5022025,Coon Rapids,
5016452,5024937,East Bethel,
5016452,5027482,Fridley,
5016452,5029181,Ham Lake,
5016452,5030216,Hilltop,
5016452,5034562,Lexington,
5016452,5034767,Lino Lakes,
5016452,5036778,Martin Lake,
5016452,5281144,Nowthen,
5016452,5039857,Oak Grove,
5016452,5042561,Ramsey,
5016452,5044485,Saint Francis,
5016452,5048361,Spring Lake Park,
5017670,5016826,Audubon,
5017670,5024237,Detroit Lakes,
5017670,5027366,Frazee,
5017670,5033883,Lake Park,
5017670,5052666,White Earth,
5017805,5017822,Bemidji,
5017805,5018620,Blackduck,
5017805,5035199,Little Rock,
5017805,5042006,Ponemah,
5017805,5042726,Red Lake,
5017805,5042790,Redby,
5017916,5027025,Foley,
5017916,5042998,Rice,
5017916,5046038,Sauk Rapids,
5018364,5028454,Graceville,
5018364,5040365,Ortonville,
5018756,5016250,Amboy,
5018756,5024846,Eagle Lake,
5018756,5028224,Good Thunder,
5018756,5033740,Lake Crystal,
5018756,5036223,Madison Lake,
5018756,5036420,Mankato,
5018756,5036571,Mapleton,
5018756,5044392,Saint Clair,
5019385,5039173,New Ulm,
5019385,5047603,Sleepy Eye,
5019385,5048394,Springfield,
5020429,5017195,Barnum,
5020429,5020428,Carlton,
5020429,5021632,Cloquet,
5020429,5025861,Esko,
5020429,5038132,Moose Lake,
5020429,5046120,Scanlon,
5020499,5020496,Carver,
5020499,5020881,Chanhassen,
5020499,5020938,Chaska,
5020499,5021807,Cologne,
5020499,5029189,Hamburg,
5020499,5036896,Mayer,
5020499,5039798,Norwood Young America,
5020499,5051387,Victoria,
5020499,5051640,Waconia,
5020499,5052016,Watertown,
5020546,5020548,Cass Lake,
5020546,5025001,East Gull Lake,
5020546,5033918,Lake Shore,
5020546,5041664,Pine River,
5020546,5051735,Walker,
5021038,5021351,Clara City,
5021038,5038018,Montevideo,
5021070,5020733,Center City,
5021070,5021063,Chisago City,
5021070,5029405,Harris,
5021070,5034746,Lindstrom,
5021070,5039421,North Branch,
5021070,5044005,Rush City,
5021070,5046984,Shafer,
5021070,5048496,Stacy,
5021070,5049767,Taylors Falls,
5021070,5053526,Wyoming,
5021444,5017185,Barnesville,
5021444,5024324,Dilworth,
5021444,5028126,Glyndon,
5021444,5029570,Hawley,
5021444,5038108,Moorhead,
5021444,5040007,Oakport,
5021444,5044136,Sabin,
5021444,5050875,Ulen,
5021535,5016990,Bagley,
5021535,5021522,Clearbrook,
5021977,5028500,Grand Marais,
5022154,5038438,Mountain Lake,
5022154,5052524,Westbrook,
5022154,5053084,Windom,
5023545,5017396,Baxter,
5023545,5019116,Brainerd,
5023545,5019188,Breezy Point,
5023545,5023472,Crosby,
5023545,5023482,Crosslake,
5023545,5024193,Deerwood,
5023545,5025681,Emily,
5023545,5031459,Ironton,
5023545,5039332,Nisswa,
5023545,5041146,Pequot Lakes,
5023752,5016494,Apple Valley,
5023752,5019767,Burnsville,
5023752,5024825,Eagan,
5023752,5026321,Farmington,
5023752,5029224,Hampton,
5023752,5029500,Hastings,
5023752,5031412,Inver Grove Heights,
5023752,5034059,Lakeville,
5023752,5034617,Lilydale,
5023752,5037280,Mendota Heights,
5023752,5043779,Rosemount,
5023752,5048033,South Saint Paul,
5023752,5049221,Sunfish Lake,
5023752,5052467,West Saint Paul,
5024432,5021372,Claremont,
5024432,5024423,Dodge Center,
5024432,5029658,Hayfield,
5024432,5032920,Kasson,
5024432,5036461,Mantorville,
5024432,5052352,West Concord,
5024544,5016108,Alexandria,
5024544,5025965,Evansville,
5024544,5040389,Osakis,
5026292,5018751,Blue Earth,
5026292,5025599,Elmore,
5026292,5037717,Minnesota Lake,
5026292,5052239,Wells,
5026292,5053135,Winnebago,
5026478,5020946,Chatfield,
5026478,5029374,Harmony,
5026478,5034153,Lanesboro,
5026478,5036148,Mabel,
5026478,5042330,Preston,
5026478,5044055,Rushford,
5026478,5044066,Rushford Village,
5026478,5048378,Spring Valley,
5027399,5016024,Albert Lea,
5027399,5016078,Alden,
5027399,5021427,Clarks Grove,
5027399,5027779,Geneva,
5027399,5028076,Glenville,
5028232,5020281,Cannon Falls,
5028232,5028230,Goodhue,
5028232,5033090,Kenyon,
5028232,5041581,Pine Island,
5028232,5042773,Red Wing,
5028232,5051806,Wanamingo,
5028232,5053812,Zumbrota,
5028615,5025381,Elbow Lake,
5028615,5030319,Hoffman,
5029877,5018739,Bloomington,
5029877,5019330,Brooklyn Center,
5029877,5019335,Brooklyn Park,
5029877,5020859,Champlin,
5029877,5022050,Corcoran,
5029877,5023571,Crystal,
5029877,5023970,Dayton,
5029877,5024044,Deephaven,
5029877,5025219,Eden Prairie,
5029877,5025264,Edina,
5029877,5026042,Excelsior,
5029877,5028163,Golden Valley,
5029877,5028795,Greenfield,
5029877,5028838,Greenwood,
5029877,5030670,Hopkins,
5029877,5031190,Independence,
5029877,5035522,Long Lake,
5029877,13562032,Longfellow Community,
5029877,5035747,Loretto,
5029877,13192128,Luella Anderson Subdivision,
5029877,5036493,Maple Grove,
5029877,5036557,Maple Plain,
5029877,5037186,Medina,
5029877,5037649,Minneapolis,
5029877,5037784,Minnetonka,
5029877,5037785,Minnetonka Beach,
5029877,5037790,Minnetonka Mills,
5029877,5037793,Minnetrista,
5029877,5038348,Mound,
5029877,5039094,New Hope,
5029877,5040332,Orono,
5029877,5040439,Osseo,
5029877,5041926,Plymouth,
5029877,5043193,Richfield,
5029877,5043439,Robbinsdale,
5029877,5043608,Rogers,
5029877,5044290,Saint Anthony,
5029877,5044347,Saint Bonifacius,
5029877,5045021,Saint Louis Park,
5029877,5047236,Shorewood,
5029877,5048371,Spring Park,
5029877,5050214,Tonka Bay,
5029877,5052132,Wayzata,
5029877,5052361,West Coon Rapids,
5030806,5019936,Caledonia,
5030806,5030360,Hokah,
5030806,5030802,Houston,
5030806,5033580,La Crescent,
5030806,5048296,Spring Grove,
5030862,5040822,Park Rapids,
5031493,5019105,Braham,
5031493,5020068,Cambridge,
5031493,5031489,Isanti,
5031616,5019035,Bovey,
5031616,5021723,Cohasset,
5031616,5021769,Coleraine,
5031616,5024099,Deer River,
5031616,5028537,Grand Rapids,
5031616,5032963,Keewatin,
5031616,5033600,La Prairie,
5031616,5036605,Marble,
5031616,5038917,Nashwauk,
5031616,5049605,Taconite,
5031682,5029962,Heron Lake,
5031682,5031678,Jackson,
5031682,5033962,Lakefield,
5032855,5038195,Mora,
5032867,5016813,Atwater,
5032867,5039111,New London,
5032867,5041124,Pennock,
5032867,5042696,Raymond,
5032867,5048161,Spicer,
5032867,5052916,Willmar,
5033353,5029154,Hallock,
5033353,5032900,Karlstad,
5033463,5031404,International Falls,
5033463,5035348,Littlefork,
5033463,5042608,Ranier,
5033637,5023932,Dawson,
5033637,5036210,Madison,
5033738,5047308,Silver Bay,
5033738,5050817,Two Harbors,
5033955,5017385,Baudette,
5034327,5021577,Cleveland,
5034327,5025639,Elysian,
5034327,5032909,Kasota,
5034327,5034299,Le Center,
5034327,5034325,Le Sueur,
5034327,5038035,Montgomery,
5034327,5039133,New Prague,
5034327,5052019,Waterville,
5034652,5029851,Hendricks,
5034652,5031626,Ivanhoe,
5034652,5033707,Lake Benton,
5034652,5050847,Tyler,
5036131,5017036,Balaton,
5036131,5022148,Cottonwood,
5036131,5036727,Marshall,
5036131,5037680,Minneota,
5036131,5050290,Tracy,
5036279,5036278,Mahnomen,
5036279,5038938,Naytahwaush,
5036734,5016573,Argyle,
5036734,5048735,Stephen,
5036734,5051875,Warren,
5036797,5026114,Fairmont,
5036797,5047109,Sherburn,
5036797,5050544,Trimont,
5036797,5050603,Truman,
5036797,5052220,Welcome,
5037083,5019460,Brownton,
5037083,5028042,Glencoe,
5037083,5030977,Hutchinson,
5037083,5034516,Lester Prairie,
5037083,5047352,Silver Lake,
5037083,5048783,Stewart,
5037083,5053185,Winsted,
5037200,5023890,Dassel,
5037200,5025225,Eden Valley,
5037200,5028935,Grove City,
5037200,5034813,Litchfield,
5037200,5052032,Watkins,
5037515,5027135,Foreston,
5037515,5031601,Isle,
5037515,5037456,Milaca,
5037515,5040253,Onamia,
5037515,5042360,Princeton,
5037515,5051443,Vineland,
5038318,5034970,Little Falls,
5038318,5038330,Motley,
5038318,5041405,Pierz,
5038318,5042586,Randall,
5038318,5043955,Royalton,
5038458,5015850,Adams,
5038458,5016884,Austin,
5038458,5019445,Brownsdale,
5038458,5028509,Grand Meadow,
5038458,5034312,Le Roy,
5038458,5036088,Lyle,
5038458,5042505,Racine,
5038801,5027555,Fulda,
5038801,5047587,Slayton,
5038801,5049902,The Lakes,
5039249,5023264,Courtland,
5039249,5039244,Nicollet,
5039249,5039537,North Mankato,
5039249,5045517,Saint Peter,
5039323,5015882,Adrian,
5039323,5053460,Worthington,
5039381,5015844,Ada,
5039381,5029167,Halstad,
5039381,5050808,Twin Valley,
5040211,5019890,Byron,
5040211,5024566,Dover,
5040211,5026059,Eyota,
5040211,5040339,Oronoco,
5040211,5043473,Rochester,
5040211,5048796,Stewartville,
5040515,5017366,Battle Lake,
5040515,5026416,Fergus Falls,
5040515,5029884,Henning,
5040515,5039192,New York Mills,
5040515,5040527,Ottertail,
5040515,5040846,Parkers Prairie,
5040515,5041072,Pelican Rapids,
5040515,5041188,Perham,
5041121,5049970,Thief River Falls,
5041542,5030242,Hinckley,
5041542,5041525,Pine City,
5041542,5043510,Rock Creek,
5041542,5045908,Sandstone,
5041756,5025249,Edgerton,
5041756,5031774,Jasper,
5041756,5041752,Pipestone,
5041970,5023465,Crookston,
5041970,5024996,East Grand Forks,
5041970,5026445,Fertile,
5041970,5027191,Fosston,
5041970,5037044,McIntosh,
5042066,5028087,Glenwood,
5042066,5048587,Starbuck,
5042563,5016553,Arden Hills,
5042563,5026251,Falcon Heights,
5042563,5034239,Lauderdale,
5042563,5034905,Little Canada,
5042563,5036588,Maplewood,
5042563,5038373,Mounds View,
5042563,5039080,New Brighton,
5042563,5039554,North Oaks,
5042563,5039587,North Saint Paul,
5042563,5043799,Roseville,
5042563,5045360,Saint Paul,
5042563,5047234,Shoreview,
5042563,5051197,Vadnais Heights,
5042563,5052658,White Bear Lake,
5042730,5042731,Red Lake Falls,
5042847,5034084,Lamberton,
5042847,5038221,Morgan,
5042847,5042832,Redwood Falls,
5042847,5051612,Wabasso,
5042847,5051760,Walnut Grove,
5042928,5018516,Bird Island,
5042928,5019611,Buffalo Lake,
5042928,5026094,Fairfax,
5042928,5029756,Hector,
5042928,5040195,Olivia,
5042928,5042924,Renville,
5042928,5044144,Sacred Heart,
5043007,5024756,Dundas,
5043007,5026291,Faribault,
5043007,5035679,Lonsdale,
5043007,5038282,Morristown,
5043007,5039675,Northfield,
5043007,5051897,Warsaw,
5043502,5030180,Hills,
5043502,5036062,Luverne,
5043753,5028787,Greenbush,
5043753,5043752,Roseau,
5043753,5051893,Warroad,
5045020,5016617,Arnold,
5045020,5016877,Aurora,
5045020,5016937,Babbitt,
5045020,5018540,Biwabik,
5045020,5019665,Buhl,
5045020,5021088,Chisholm,
5045020,5021974,Cook,
5045020,5024719,Duluth,
5045020,5025627,Ely,
5045020,5025971,Eveleth,
5045020,5026959,Floodwood,
5045020,5027943,Gilbert,
5045020,5029952,Hermantown,
5045020,5030005,Hibbing,
5045020,5030856,Hoyt Lakes,
5045020,5038433,Mountain Iron,
5045020,5040863,Parkville,
5045020,5042412,Proctor,
5045020,5051468,Virginia,
5046749,5017761,Belle Plaine,
5046749,5025493,Elko,
5046749,7121608,Elko New Market,
5046749,5032106,Jordan,
5046749,5039122,New Market,
5046749,5042373,Prior Lake,
5046749,5046063,Savage,
5046749,5046997,Shakopee,
5047121,5017660,Becker,
5047121,5018285,Big Lake,
5047121,5021492,Clear Lake,
5047121,5025471,Elk River,
5047121,5033783,Zimmerman,
5047260,5016580,Arlington,
5047260,5027765,Gaylord,
5047260,5027923,Gibbon,
5047260,5028730,Green Isle,
5047260,5029840,Henderson,
5047260,5053204,Winthrop,
5048685,5016002,Albany,
5048685,5016917,Avon,
5048685,5017727,Belgrade,
5048685,5019360,Brooten,
5048685,5021788,Cold Spring,
5048685,5021784,Collegeville,
5048685,5027432,Freeport,
5048685,5030382,Holdingford,
5048685,5033212,Kimball,
5048685,5037241,Melrose,
5048685,5040936,Paynesville,
5048685,5041849,Pleasant Lake,
5048685,5043204,Richmond,
5048685,5043571,Rockville,
5048685,5044315,Saint Augusta,
5048685,5044407,Saint Cloud,
5048685,5044896,Saint Joseph,
5048685,5045651,Saint Stephen,
5048685,5046001,Sartell,
5048685,5046026,Sauk Centre,
5048685,5051694,Waite Park,
5048696,5018727,Blooming Prairie,
5048696,5025513,Ellendale,
5048696,5037164,Medford,
5048696,5040647,Owatonna,
5048759,5029234,Hancock,
5048759,5038252,Morris,
5049534,5016496,Appleton,
5049534,5017882,Benson,
5049534,5033113,Kerkhoven,
5050162,5019374,Browerville,
5050162,5021381,Clarissa,
5050162,5024828,Eagle Bend,
5050162,5035635,Long Prairie,
5050162,5048555,Staples,
5050331,5019431,Browns Valley,
5050331,5052600,Wheaton,
5051601,5025420,Elgin,
5051601,5033727,Lake City,
5051601,5036952,Mazeppa,
5051601,5041791,Plainview,
5051601,5051594,Wabasha,
5051662,5037275,Menahga,
5051662,5046800,Sebeka,
5051662,5051354,Verndale,
5051662,5051659,Wadena,
5051907,5031749,Janesville,
5051907,5039144,New Richland,
5051907,5051902,Waseca,
5051936,5015924,Afton,
5051936,5017416,Bayport,
5051936,5018508,Birchwood,
5051936,5022134,Cottage Grove,
5051936,5024181,Dellwood,
5051936,5027117,Forest Lake,
5051936,5028612,Grant,
5051936,5030884,Hugo,
5051936,5033762,Lake Elmo,
5051936,5033910,Lake Saint Croix Beach,
5051936,5033970,Lakeland,
5051936,5034117,Landfall,
5051936,5036295,Mahtomedi,
5051936,5036663,Marine on Saint Croix,
5051936,5039211,Newport,
5051936,5039949,Oak Park Heights,
5051936,5039978,Oakdale,
5051936,5045403,Saint Paul Park,
5051936,5046098,Scandia,
5051936,5048814,Stillwater,
5051936,5053358,Woodbury,
5052059,5019847,Butterfield,
5052059,5036191,Madelia,
5052059,5044563,Saint James,
5052862,5019168,Breckenridge,
5053164,5028259,Goodview,
5053164,5034545,Lewiston,
5053164,5043638,Rollingstone,
5053164,5044374,Saint Charles,
5053164,5048841,Stockton,
5053164,5053156,Winona,
5053485,5016051,Albertville,
5053485,5016490,Annandale,
5053485,5019588,Buffalo,
5053485,5021527,Clearwater,
5053485,5021726,Cokato,
5053485,5024138,Delano,
5053485,5029276,Hanover,
5053485,5030832,Howard Lake,
5053485,5036534,Maple Lake,
5053485,5038045,Monticello,
5053485,5038062,Montrose,
5053485,5040477,Otsego,
5053485,5043556,Rockford,
5053485,5045258,Saint Michael,
5053485,5052104,Waverly,
5053562,5020238,Canby,
5053562,5021405,Clarkfield,
5053562,5028572,Granite Falls,
5053853,5055787,Kirksville,
5053940,5054955,Fairfax,
5053940,5057058,Rock Port,
5053940,5057486,Tarkio,
5054481,5055742,Kahoka,
5054481,5057756,Wayland,
5055119,5053875,Albany,
5055119,5055773,King City,
5055119,5057401,Stanberry,
5055285,5057562,Trenton,
5055359,5054079,Bethany,
5055521,5056381,Mound City,
5055521,4402011,Oregon,
5055806,4832684,Edina,
5055902,5054390,Canton,
5055902,5055812,La Belle,
5055902,5055815,La Grange,
5055902,5055908,Lewistown,
5055902,5056350,Monticello,
5056253,5056943,Princeton,
5056549,5054326,Burlington Junction,
5056549,5056172,Maryville,
5056963,5057511,Terre Haute,
5056963,5057655,Unionville,
5057186,5055851,Lancaster,
5057186,5056965,Queen City,
5057190,5056241,Memphis,
5057455,5055226,Green City,
5057455,5056280,Milan,
5057952,5055199,Grant City,
5058187,5062292,Valley City,
5058251,5059248,Fort Totten,
5058251,5060591,Minnewaukan,
5058559,5058560,Casselton,
5058559,5059163,Fargo,
5058559,5059583,Harwood,
5058559,5059734,Horace,
5058559,5059962,Kindred,
5058559,5060304,Mapleton,
5058559,5061096,Reiles Acres,
5058559,5062458,West Fargo,
5058571,5060071,Langdon,
5058882,5059052,Ellendale,
5058882,5060756,Oakes,
5058990,5060614,New Rockford,
5059254,5058552,Carrington,
5059430,5059429,Grand Forks,
5059430,7259283,Grand Forks Air Force Base,
5059430,5060080,Larimore,
5059430,5060723,Northwood,
5059430,5062174,Thompson,
5059489,5058701,Cooperstown,
5059961,5062036,Steele,
5060009,5059001,Edgeley,
5060009,5060008,LaMoure,
5060192,5060572,Napoleon,
5060360,5058135,Ashley,
5060360,5062552,Wishek,
5060593,5060055,Lakota,
5060890,5058568,Cavalier,
5060890,5058918,Drayton,
5060890,5060887,Pembina,
5060890,5062370,Walhalla,
5061063,5058868,Devils Lake,
5061068,5059103,Enderlin,
5061068,5060162,Lisbon,
5061068,5061854,Sheldon,
5061114,5059541,Hankinson,
5061114,5060141,Lidgerwood,
5061114,5062355,Wahpeton,
5061157,5058233,Belcourt,
5061157,5688861,Dunseith,
5061157,5688893,East Dunseith,
5061157,7315336,Green Acres,
5061157,5061154,Rolette,
5061157,5061159,Rolla,
5061157,5061876,Shell Valley,
5061439,5059237,Forman,
5061439,5059506,Gwinner,
5061439,5060458,Milnor,
5062037,5059192,Finley,
5062096,5059836,Jamestown,
5062209,5058534,Cando,
5062211,5059589,Hatton,
5062211,5059660,Hillsboro,
5062211,5060332,Mayville,
5062211,5061011,Portland,
5062384,5059419,Grafton,
5062384,5060481,Minto,
5062384,5060860,Park River,
5062441,5059181,Fessenden,
5062441,5059576,Harvey,
5062699,5069802,Hastings,
5062699,5071165,Juniata,
5062699,5071421,Kenesaw,
5063023,5067505,Elgin,
5063023,5073735,Neligh,
5064222,5064587,Brewster,
5064432,5062806,Albion,
5064432,4832810,Saint Edward,
5064500,5064972,Butte,
5064663,5062769,Ainsworth,
5064837,5067588,Elm Creek,
5064837,5069015,Gibbon,
5064837,5071348,Kearney,
5064837,5076020,Ravenna,
5064837,5078878,Shelton,
5064925,5072499,Lyons,
5064925,5074329,Oakland,
5064925,5080113,Tekamah,
5064961,5066700,David City,
5065267,5067285,Eagle,
5065267,5067620,Elmwood,
5065267,5069429,Greenwood,
5065267,5072362,Louisville,
5065267,5075348,Plattsmouth,
5065267,5081518,Weeping Water,
5065306,5069753,Hartington,
5065306,5071797,Laurel,
5065306,5075991,Randolph,
5065828,5065817,Clay Center,
5065828,5069773,Harvard,
5065828,5079910,Sutton,
5065953,5065769,Clarkson,
5065953,5070461,Howells,
5065953,5078641,Schuyler,
5066574,5063788,Beemer,
5066574,5081666,West Point,
5066574,5082140,Wisner,
5066605,5693267,Arnold,
5066605,5064638,Broken Bow,
5066605,5065051,Callaway,
5066605,5077686,Sargent,
5066642,5066637,Dakota City,
5066642,5070327,Homer,
5066642,5079250,South Sioux City,
5066750,5066355,Cozad,
5066750,5695743,Gothenburg,
5066750,5071934,Lexington,
5066750,5074704,Overton,
5067019,5067677,Emerson,
5067019,5075615,Ponca,
5067019,5081262,Wakefield,
5067039,5067037,Dodge,
5067039,5068725,Fremont,
5067039,5070352,Hooper,
5067039,5074013,North Bend,
5067039,5078705,Scribner,
5067114,5063890,Bennington,
5067114,5067545,Elkhorn,
5067114,12750326,Hillsborough,
5067114,5074472,Omaha,
5067114,5075972,Ralston,
5067114,5080995,Valley,
5067114,5081416,Waterloo,
5068222,5067861,Exeter,
5068222,5067932,Fairmont,
5068222,5068953,Geneva,
5068649,5068640,Franklin,
5068841,5063097,Arapahoe,
5068841,5063678,Beaver City,
5068841,5694019,Cambridge,
5068841,5074722,Oxford,
5068853,5062694,Adams,
5068853,5063646,Beatrice,
5068853,5082292,Wymore,
5068888,5064937,Burwell,
5069211,5067646,Elwood,
5069397,5069395,Greeley,
5069587,5281161,Alda,
5069587,5065036,Cairo,
5069587,5067077,Doniphan,
5069587,5069297,Grand Island,
5069587,5082201,Wood River,
5069604,5063342,Aurora,
5069693,5062898,Alma,
5070270,5063286,Atkinson,
5070270,5074259,O'Neill,
5070270,5079747,Stuart,
5070443,5077237,Saint Paul,
5070975,5067896,Fairbury,
5071072,5080098,Tecumseh,
5071364,5063384,Axtell,
5071364,5073225,Minden,
5071580,5064284,Bloomfield,
5071580,5065392,Center,
5071580,5066394,Creighton,
5071580,5066462,Crofton,
5071580,5081085,Verdigre,
5071580,5081430,Wausa,
5071741,5063884,Bennet,
5071741,5068442,Firth,
5071741,5070048,Hickman,
5071741,5072006,Lincoln,
5071741,5081438,Waverly,
5072388,5080066,Taylor,
5072535,5063564,Battle Creek,
5072535,5072532,Madison,
5072535,5073877,Newman Grove,
5072535,5073965,Norfolk,
5072535,5080288,Tilden,
5072973,5065429,Central City,
5073611,5068818,Fullerton,
5073611,5068966,Genoa,
5073780,5063318,Auburn,
5073780,5075014,Peru,
5074208,5073754,Nelson,
5074208,5079887,Superior,
5074642,5073661,Nebraska City,
5074642,5074776,Palmyra,
5074642,5079991,Syracuse,
5074895,5074889,Pawnee City,
5075078,5063957,Bertrand,
5075078,5070216,Holdrege,
5075153,5074624,Osmond,
5075153,5075148,Pierce,
5075153,5075277,Plainview,
5075315,5066001,Columbus,
5075315,5070540,Humphrey,
5075605,5074610,Osceola,
5075605,4832954,Shelby,
5075605,5079732,Stromsburg,
5076190,5068052,Falls City,
5076190,5070522,Humboldt,
5076351,5063540,Bassett,
5077506,5066435,Crete,
5077506,5066773,De Witt,
5077506,5067086,Dorchester,
5077506,5068780,Friend,
5077506,5081848,Wilber,
5077695,5063805,Bellevue,
5077695,5065495,Chalco,
5077695,5069480,Gretna,
5077695,5071665,La Vista,
5077695,7259430,Offutt Air Force Base,
5077695,5074792,Papillion,
5077695,5079488,Springfield,
5077708,5063229,Ashland,
5077708,5065296,Cedar Bluffs,
5077708,5065484,Ceresco,
5077708,5072838,Mead,
5077708,5081041,Valparaiso,
5077708,5081245,Wahoo,
5077708,5082363,Yutan,
5078798,5073125,Milford,
5078798,5078792,Seward,
5078798,5080985,Utica,
5078904,5072374,Loup City,
5079543,5079541,Stanton,
5080164,5066951,Deshler,
5080164,5069928,Hebron,
5080274,5072528,Macy,
5080274,5074969,Pender,
5080274,5081329,Walthill,
5080274,5082084,Winnebago,
5081000,5074567,Ord,
5081383,5063172,Arlington,
5081383,5064236,Blair,
5081383,5068570,Fort Calhoun,
5081458,5081454,Wayne,
5081496,5064311,Blue Hill,
5081496,5076060,Red Cloud,
5081776,5063518,Bartlett,
5082335,5069971,Henderson,
5082335,5082331,York,
5083273,5082602,Alton,
5083273,5083007,Barnstead,
5083273,5083288,Belmont,
5083273,5086544,Gilford,
5083273,5086564,Gilmanton,
5083273,5088438,Laconia,
5083273,5089449,Meredith,
5083273,5092338,Sanbornton,
5083273,5093669,Tilton,
5083273,7257640,Tilton-Northfield,
5084247,5082554,Albany,
5084247,5083833,Brookfield,
5084247,5084376,Center Harbor,
5084247,5084387,Center Ossipee,
5084247,5084939,Conway,
5084247,5085825,Effingham,
5084247,5086373,Freedom,
5084247,5088043,Jackson,
5084247,5089144,Madison,
5084247,5089850,Moultonborough,
5084247,5090347,North Conway,
5084247,5090683,Ossipee,
5084247,5092346,Sanbornville,
5084247,5092370,Sandwich,
5084247,5093469,Tamworth,
5084247,5093845,Tuftonboro,
5084247,5094191,Wakefield,
5084247,5094877,Wolfeboro,
5084505,5082595,Alstead,
5084505,5084524,Chesterfield,
5084505,5085564,Dublin,
5084505,5086182,Fitzwilliam,
5084505,5086574,Gilsum,
5084505,5087227,Harrisville,
5084505,5087494,Hinsdale,
5084505,5088061,Jaffrey,
5084505,5088262,Keene,
5084505,5089236,Marlborough,
5084505,5089240,Marlow,
5084505,5090084,Nelson,
5084505,5090441,North Walpole,
5084505,5091729,Richmond,
5084505,5091744,Rindge,
5084505,5093183,Stoddard,
5084505,5093333,Sullivan,
5084505,5093401,Surry,
5084505,5093422,Swanzey,
5084505,5093821,Troy,
5084505,5094235,Walpole,
5084505,5094538,West Swanzey,
5084505,5094550,Westmoreland,
5084505,5094812,Winchester,
5084973,5083330,Berlin,
5084973,5084246,Carroll,
5084973,5084820,Colebrook,
5084973,5084845,Columbia,
5084973,4832988,Dalton,
5084973,5086700,Gorham,
5084973,5086978,Groveton,
5084973,5088090,Jefferson,
5084973,5088529,Lancaster,
5084973,5089546,Milan,
5084973,5090464,Northumberland,
5084973,5091247,Pittsburg,
5084973,4833026,Stark,
5084973,5093157,Stewartstown,
5084973,5093242,Stratford,
5084973,5094647,Whitefield,
5086767,5082573,Alexandria,
5086767,5082756,Ashland,
5086767,5083075,Bath,
5086767,5083374,Bethlehem,
5086767,5083803,Bridgewater,
5086767,5083812,Bristol,
5086767,5084151,Canaan,
5086767,5085369,Deerfield,
5086767,5085900,Enfield,
5086767,5086325,Franconia,
5086767,5086765,Grafton,
5086767,5087168,Hanover,
5086767,5087270,Haverhill,
5086767,5087552,Holderness,
5086767,5088597,Lebanon,
5086767,5088693,Lincoln,
5086767,5088728,Lisbon,
5086767,5088856,Littleton,
5086767,5089108,Lyme,
5086767,7648916,Lyme Town Offices,
5086767,5089738,Monroe,
5086767,5090375,North Haverhill,
5086767,5090448,North Woodstock,
5086767,5090662,Orford,
5086767,5091082,Piermont,
5086767,5091310,Plymouth,
5086767,5091981,Rumney,
5086767,5093309,Sugar Hill,
5086767,5093630,Thornton,
5086767,5094264,Warren,
5086767,5094304,Waterville Valley,
5086767,5094412,Wentworth,
5086767,5094939,Woodstock,
5086767,5094941,Woodsville,
5087463,5082636,Amherst,
5087463,5082698,Antrim,
5087463,5083221,Bedford,
5087463,5083836,Brookline,
5087463,5085351,Deering,
5087463,5085735,East Merrimack,
5087463,5086321,Francestown,
5087463,5086628,Goffstown,
5087463,5086911,Greenfield,
5087463,5086935,Greenville,
5087463,7257618,Hillsborough,
5087463,5087559,Hollis,
5087463,5087752,Hudson,
5087463,5088753,Litchfield,
5087463,5089118,Lyndeborough,
5087463,5089178,Manchester,
5087463,5089293,Mason,
5087463,5089478,Merrimack,
5087463,5089578,Milford,
5087463,5089746,Mont Vernon,
5087463,5090046,Nashua,
5087463,5090096,New Boston,
5087463,5090183,New Ipswich,
5087463,5090910,Pelham,
5087463,5091002,Peterborough,
5087463,5091110,Pinardville,
5087463,5093508,Temple,
5087463,5094329,Weare,
5087463,5094802,Wilton,
5089480,11550224,Allenstown,
5089480,5082671,Andover,
5089480,5083654,Boscawen,
5089480,5083673,Bow Bog,
5089480,5084190,Canterbury,
5089480,5084536,Chichester,
5089480,5084868,Concord,
5089480,5084917,Contoocook,
5089480,5085222,Danbury,
5089480,5085688,East Concord,
5089480,5085918,Epsom,
5089480,5086344,Franklin,
5089480,5087365,Henniker,
5089480,5087435,Hill,
5089480,5087616,Hooksett,
5089480,5087639,Hopkinton,
5089480,5089020,Loudon,
5089480,5090189,New London,
5089480,5090214,Newbury,
5089480,5090459,Northfield,
5089480,5090918,Pembroke,
5089480,5091251,Pittsfield,
5089480,5092276,Salisbury,
5089480,5092902,South Hooksett,
5089480,5093360,Suncook,
5089480,5093410,Sutton,
5089480,5094342,Webster,
5089480,5094791,Wilmot,
5091860,5082790,Atkinson,
5091860,5082811,Auburn,
5091860,5083780,Brentwood,
5091860,5084165,Candia,
5091860,5084518,Chester,
5091860,5085244,Danville,
5091860,5085374,Derry,
5091860,5085382,Derry Village,
5091860,5085719,East Kingston,
5091860,5085913,Epping,
5091860,5085966,Exeter,
5091860,5086383,Fremont,
5091860,5086915,Greenland,
5091860,5087105,Hampstead,
5091860,5087110,Hampton,
5091860,5087114,Hampton Beach,
5091860,5087122,Hampton Falls,
5091860,5088311,Kensington,
5091860,5088377,Kingston,
5091860,5088905,Londonderry,
5091860,5090100,New Castle,
5091860,5090231,Newington,
5091860,5090246,Newmarket,
5091860,5090268,Newton,
5091860,5090383,North Hampton,
5091860,5090470,Northwood,
5091860,5090496,Nottingham,
5091860,5091273,Plaistow,
5091860,5091383,Portsmouth,
5091860,5091636,Raymond,
5091860,5092018,Rye,
5091860,5092268,Salem,
5091860,5092364,Sandown,
5091860,5092485,Seabrook,
5091860,5092486,Seabrook Beach,
5091860,5092892,South Hampton,
5091860,5093259,Stratham Station,
5091860,5094817,Windham,
5093237,5083023,Barrington,
5093237,5085520,Dover,
5093237,5085618,Durham,
5093237,5086024,Farmington,
5093237,5088619,Lee,
5093237,5089140,Madbury,
5093237,5089648,Milton,
5093237,5090111,New Durham,
5093237,5091872,Rochester,
5093237,5091916,Rollinsford,
5093237,5092813,Somersworth,
5093237,5093235,Strafford,
5093334,5082515,Acworth,
5093334,5084457,Charlestown,
5093334,5084633,Claremont,
5093334,5085124,Croydon,
5093334,5086717,Goshen,
5093334,5086792,Grantham,
5093334,5088542,Langdon,
5093334,5088638,Lempster,
5093334,5090256,Newport,
5093334,5093030,Springfield,
5093334,5093347,Sunapee,
5093334,5093977,Unity,
5093334,5094275,Washington,
5095598,5095124,Allendale,
5095598,5095153,Alpine,
5095598,5095611,Bergenfield,
5095598,5095808,Bogota,
5095598,5096289,Carlstadt,
5095598,5096686,Cliffside Park,
5095598,5096742,Closter,
5095598,5097035,Cresskill,
5095598,5097224,Demarest,
5095598,5097357,Dumont,
5095598,5097459,East Rutherford,
5095598,5097575,Edgewater,
5095598,5097627,Elmwood Park,
5095598,5097649,Emerson,
5095598,5097672,Englewood,
5095598,5097677,Englewood Cliffs,
5095598,5097773,Fair Lawn,
5095598,5097801,Fairview,
5095598,5098135,Fort Lee,
5095598,5098242,Franklin Lakes,
5095598,5098343,Garfield,
5095598,5098436,Glen Rock,
5095598,5098706,Hackensack,
5095598,5098842,Harrington Park,
5095598,5098878,Hasbrouck Heights,
5095598,5098904,Haworth,
5095598,5099087,Hillsdale,
5095598,5099129,Ho-Ho-Kus,
5095598,5100399,Leonia,
5095598,5100542,Little Ferry,
5095598,5100604,Lodi,
5095598,5100706,Lyndhurst,
5095598,5100776,Mahwah,
5095598,5100972,Maywood,
5095598,5101178,Midland Park,
5095598,5101361,Montvale,
5095598,5101376,Moonachie,
5095598,5101766,New Milford,
5095598,5101873,North Arlington,
5095598,5101967,Northvale,
5095598,5101978,Norwood,
5095598,5102118,Oakland,
5095598,5102190,Old Tappan,
5095598,5102208,Oradell,
5095598,5102369,Palisades Park,
5095598,5102387,Paramus,
5095598,5102400,Park Ridge,
5095598,5103086,Ramsey,
5095598,5103254,Ridgefield,
5095598,5103256,Ridgefield Park,
5095598,5103269,Ridgewood,
5095598,5103301,River Edge,
5095598,5103310,River Vale,
5095598,5103384,Rochelle Park,
5095598,5103414,Rockleigh,
5095598,5103580,Rutherford,
5095598,5103637,Saddle Brook,
5095598,5103635,Saddle River,
5095598,5104855,South Hackensack,
5095598,5105262,Teaneck,
5095598,5105300,Tenafly,
5095598,5105733,Upper Saddle River,
5095598,5105957,Waldwick,
5095598,5105974,Wallington,
5095598,5106351,Westwood,
5095598,5106520,Wood-Ridge,
5095598,5106548,Woodcliff Lake,
5095598,5106615,Wyckoff,
5097707,5095549,Belleville,
5097707,5095779,Bloomfield,
5097707,5096049,Brookdale,
5097707,5096133,Caldwell,
5097707,5096371,Cedar Grove,
5097707,5097441,East Orange,
5097707,5097718,Essex Fells,
5097707,5097778,Fairfield,
5097707,5098430,Glen Ridge,
5097707,5099724,Irvington,
5097707,5100572,Livingston,
5097707,5100854,Maplewood,
5097707,6332745,Millburn,
5097707,5101334,Montclair,
5097707,5101798,Newark,
5097707,5101901,North Caldwell,
5097707,5101962,Northfield,
5097707,5102076,Nutley,
5097707,5102213,Orange,
5097707,5103497,Roseland,
5097707,5104630,Short Hills,
5097707,5104836,South Orange,
5097707,5105722,Upper Montclair,
5097707,5105809,Verona,
5097707,7259155,West Caldwell,
5097707,5106298,West Orange,
5097707,5106350,Westville,
5099357,5095445,Bayonne,
5099357,5097438,East Newark,
5099357,5098698,Guttenberg,
5099357,5098863,Harrison,
5099357,5099133,Hoboken,
5099357,5099836,Jersey City,
5099357,5099967,Kearny,
5099357,5101879,North Bergen,
5099357,5104504,Secaucus,
5099357,5105634,Union City,
5099357,5106184,Weehawken,
5099357,5106292,West New York,
5099381,5095211,Annandale,
5099381,5095791,Bloomsbury,
5099381,5096141,Califon,
5099381,5096709,Clinton,
5099381,5098124,Flemington,
5099381,5098303,Frenchtown,
5099381,5098425,Glen Gardner,
5099381,5098787,Hampton,
5099381,5099025,High Bridge,
5099381,5100297,Lambertville,
5099381,5100362,Lebanon,
5099381,5101197,Milford,
5099381,5105047,Stockton,
5099381,5106399,Whitehouse Station,
5101090,5097751,Ewing,
5101090,5098691,Groveville,
5101090,5098781,Hamilton Square,
5101090,5099067,Hightstown,
5101090,5099312,Hopewell,
5101090,5100356,Lawrenceville,
5101090,5101103,Mercerville,
5101090,7258271,Mercerville-Hamilton Square,
5101090,5102535,Pennington,
5101090,5102922,Princeton,
5101090,5102940,Princeton Junction,
5101090,5102970,Prospect Park,
5101090,5103354,Robbinsville,
5101090,5105496,Trenton,
5101090,5105594,Twin Rivers,
5101090,5106378,White Horse,
5101090,4833084,Yardville,
5101160,5095325,Avenel,
5101160,5096031,Brownville,
5101160,5096316,Carteret,
5101160,5096671,Clearbrook Park,
5101160,5096798,Colonia,
5101160,5096867,Concordia,
5101160,5097006,Cranbury,
5101160,5097152,Dayton,
5101160,5097349,Dunellen,
5101160,5097402,East Brunswick,
5101160,5097529,Edison,
5101160,5098109,Fords,
5101160,5098247,Franklin Park,
5101160,5098945,Heathcote,
5101160,5098958,Helmetta,
5101160,5099057,Highland Park,
5101160,5099738,Iselin,
5101160,5099795,Jamesburg,
5101160,5099988,Kendall Park,
5101160,5100050,Kingston,
5101160,5100340,Laurence Harbor,
5101160,5100764,Madison Park,
5101160,5101125,Metuchen,
5101160,5101159,Middlesex,
5101160,5101244,Milltown,
5101160,5101312,Monmouth Junction,
5101160,5101717,New Brunswick,
5101160,6946944,North Brunswick,
5101160,5102162,Old Bridge,
5101160,5102578,Perth Amboy,
5101160,5102713,Piscataway,
5101160,5102729,Plainsboro Center,
5101160,5102863,Port Reading,
5101160,5102941,Princeton Meadows,
5101160,5103523,Rossmoor,
5101160,5104404,Sayreville,
5101160,5104405,Sayreville Junction,
5101160,5104552,Sewaren,
5101160,5104746,Society Hill,
5101160,5104784,South Amboy,
5101160,5104835,South Old Bridge,
5101160,5104844,South Plainfield,
5101160,5104853,South River,
5101160,5104907,Spotswood,
5101160,7259199,Whittingham,
5101160,5106529,Woodbridge,
5101305,5095133,Allentown,
5101305,5095136,Allenwood,
5101305,5095281,Asbury Park,
5101305,5095312,Atlantic Highlands,
5101305,5095335,Avon-by-the-Sea,
5101305,5095558,Belford,
5101305,5095561,Belmar,
5101305,5095881,Bradley Beach,
5101305,5095960,Brielle,
5101305,5096693,Cliffwood Beach,
5101305,5096813,Colts Neck,
5101305,5097167,Deal,
5101305,5097419,East Freehold,
5101305,5097482,Eatontown,
5101305,5097686,Englishtown,
5101305,5097769,Fair Haven,
5101305,5097803,Fairview,
5101305,5097844,Farmingdale,
5101305,5098278,Freehold,
5101305,5099060,Highlands,
5101305,5099702,Interlaken,
5101305,5099961,Keansburg,
5101305,5100008,Keyport,
5101305,5100144,Lake Como,
5101305,5100394,Leonardo,
5101305,5100498,Lincroft,
5101305,5100559,Little Silver,
5101305,5100619,Long Branch,
5101305,5100809,Manasquan,
5101305,5100886,Marlboro,
5101305,5100940,Matawan,
5101305,5101170,Middletown,
5101305,5101300,Monmouth Beach,
5101305,5101393,Morganville,
5101305,5101669,Navesink,
5101305,5101687,Neptune City,
5101305,5101935,North Middletown,
5101305,5102115,Oakhurst,
5101305,5102136,Ocean Grove,
5101305,5102147,Oceanport,
5101305,5102853,Port Monmouth,
5101305,5103095,Ramtown,
5101305,5103159,Red Bank,
5101305,5103374,Robertsville,
5101305,5103447,Roosevelt,
5101305,5103564,Rumson,
5101305,5104493,Sea Bright,
5101305,5104495,Sea Girt,
5101305,5104576,Shark River Hills,
5101305,5104638,Shrewsbury,
5101305,5104795,South Belmar,
5101305,5104923,Spring Lake,
5101305,5104930,Spring Lake Heights,
5101305,5105095,Strathmore,
5101305,5105433,Tinton Falls,
5101305,5105615,Union Beach,
5101305,5106021,Wanamassa,
5101305,5106226,West Belmar,
5101305,5106262,West Freehold,
5101305,5106275,West Long Branch,
5101305,5106645,Yorketown,
5101405,5095826,Boonton,
5101405,5096057,Budd Lake,
5101405,5096100,Butler,
5101405,5096387,Cedar Knolls,
5101405,5096495,Chatham,
5101405,5096523,Chester,
5101405,5097239,Denville,
5101405,5097315,Dover,
5101405,5097421,East Hanover,
5101405,5098095,Florham Park,
5101405,5098805,Hanover,
5101405,5100001,Kenvil,
5101405,5100062,Kinnelon,
5101405,5100155,Lake Hiawatha,
5101405,5100158,Lake Hopatcong,
5101405,5100246,Lake Telemark,
5101405,5100308,Landing,
5101405,5100477,Lincoln Park,
5101405,5100640,Long Valley,
5101405,5100748,Madison,
5101405,5101073,Mendham,
5101405,5101417,Morris Plains,
5101405,5101427,Morristown,
5101405,5101459,Mount Arlington,
5101405,5101585,Mountain Lakes,
5101405,5101701,Netcong,
5101405,5102427,Parsippany,
5101405,8469295,Randolph,
5101405,5103313,Riverdale,
5101405,5103396,Rockaway,
5101405,5105113,Succasunna,
5101405,5105831,Victory Gardens,
5101405,5106361,Wharton,
5101405,5106365,Whippany,
5101405,5106379,White Meadow Lake,
5102445,5095786,Bloomingdale,
5102445,5096699,Clifton,
5102445,5098794,Haledon,
5102445,5098885,Haskell,
5102445,5098909,Hawthorne,
5102445,5100540,Little Falls,
5102445,5101922,North Haledon,
5102445,5102443,Passaic,
5102445,5102466,Paterson,
5102445,5102825,Pompton Lakes,
5102445,5102973,Prospect Park,
5102445,5103286,Ringwood,
5102445,5104679,Singac,
5102445,5105455,Totowa,
5102445,5106014,Wanaque,
5102445,5106160,Wayne,
5102445,5106279,West Milford,
5102445,5106303,Woodland Park,
5104759,5095409,Basking Ridge,
5104759,5095528,Bedminster,
5104759,5095626,Bernardsville,
5104759,5095742,Blackwells Mills,
5104759,5095787,Bloomingdale,
5104759,5097839,Borough of Far Hills,
5104759,5095860,Bound Brook,
5104759,5095887,Bradley Gardens,
5104759,8299576,Bridgewater,
5104759,7315293,East Franklin,
5104759,5097435,East Millstone,
5104759,5097836,Far Hills,
5104759,5097900,Finderne,
5104759,7315295,Franklin Center,
5104759,5098418,Gladstone,
5104759,5098617,Green Knoll,
5104759,5098669,Griggstown,
5104759,5099079,Hillsborough,
5104759,5100830,Manville,
5104759,5100924,Martinsville,
5104759,5101156,Middlebush,
5104759,5101938,North Plainfield,
5104759,5102515,Peapack,
5104759,5102750,Pleasant Plains,
5104759,5103116,Raritan,
5104759,5103424,Rocky Hill,
5104759,5104696,Sixmile Run,
5104759,5104755,Somerset,
5104759,5104774,Somerville,
5104759,5104798,South Bound Brook,
5104759,5105296,Ten Mile Run,
5104759,5105860,Voorhees,
5104759,8299577,Warren Township,
5104759,5106129,Watchung,
5104759,5106341,Weston,
5105168,5095195,Andover,
5105168,5095912,Branchville,
5105168,5097014,Crandon Lakes,
5105168,5098214,Franklin,
5105168,5098760,Hamburg,
5105168,5099052,Highland Lake,
5105168,5099289,Hopatcong,
5105168,5099292,Hopatcong Hills,
5105168,5100190,Lake Mohawk,
5105168,5101848,Newton,
5105168,5102153,Ogdensburg,
5105168,5104882,Sparta,
5105168,5104986,Stanhope,
5105168,5105164,Sussex,
5105168,7315300,Vernon Center,
5105168,5105867,Vernon Valley,
5105640,5095617,Berkeley Heights,
5105640,5096655,Clark,
5105640,5097017,Cranford,
5105640,5097598,Elizabeth,
5105640,5097830,Fanwood,
5105640,5098358,Garwood,
5105640,5099093,Hillside,
5105640,5100007,Kenilworth,
5105640,5100506,Linden,
5105640,5101601,Mountainside,
5105640,5101775,New Providence,
5105640,5102720,Plainfield,
5105640,5103055,Rahway,
5105640,5103500,Roselle,
5105640,5103503,Roselle Park,
5105640,5104473,Scotch Plains,
5105640,5104952,Springfield,
5105640,5105127,Summit,
5105640,5105608,Union,
5105640,5106331,Westfield,
5105640,5106496,Winfield,
5106044,5095171,Alpha,
5106044,5095500,Beattystown,
5106044,5095571,Belvidere,
5106044,5095747,Blairstown,
5106044,5095920,Brass Castle,
5106044,7315291,Brookfield,
5106044,5098745,Hackettstown,
5106044,5098817,Hardwick,
5106044,7315297,Lopatcong Overlook,
5106044,5102339,Oxford,
5106044,5102615,Phillipsburg,
5106044,5104602,Shiloh,
5106044,7315298,Upper Pohatcong,
5106044,5105835,Vienna,
5106044,5106057,Washington,
5106841,5106834,Albany,
5106841,5107075,Altamont,
5106841,5108881,Berne,
5106841,5113119,Coeymans,
5106841,5113142,Cohoes,
5106841,5113348,Colonie,
5106841,5114831,Delmar,
5106841,5119290,Green Island,
5106841,5124045,Latham,
5106841,5126419,McKownville,
5106841,5126588,Menands,
5106841,5133471,Ravena,
5106841,5134257,Roessleville,
5106841,5142415,Voorheesville,
5106841,4833276,Watervliet,
5106841,5143620,West Albany,
5106841,5144097,Westmere,
5106997,5106955,Alfred,
5106997,5107059,Alma,
5106997,5107176,Andover,
5106997,5107200,Angelica,
5106997,5108647,Belfast,
5106997,5108728,Belmont,
5106997,5109702,Bolivar,
5106997,5111425,Canaseraga,
5106997,5114325,Cuba,
5106997,5117100,Fillmore,
5106997,5118036,Friendship,
5106997,5121382,Houghton,
5106997,5137392,Scio,
5106997,5139450,Stannards,
5106997,5143586,Wellsville,
5110253,5110266,The Bronx,
5110365,5109177,Binghamton,
5110365,5112395,Chenango Bridge,
5110365,5113516,Conklin,
5110365,5114903,Deposit,
5110365,5116602,Endicott,
5110365,5116603,Endwell,
5110365,5122794,Johnson City,
5110365,5132005,Port Dickinson,
5110365,5142296,Vestal,
5110365,5144429,Whitney Point,
5110365,5144781,Windsor,
5111846,5106994,Allegany,
5111846,5111849,Cattaraugus,
5111846,5114821,Delevan,
5111846,5116036,East Randolph,
5111846,5117902,Franklinville,
5111846,5118990,Gowanda,
5111846,5124418,Lime Lake,
5111846,5124889,Little Valley,
5111846,5116365,Lyndon,
5111846,5129780,Olean,
5111846,5132065,Portville,
5111846,5133416,Randolph,
5111846,5139399,Saint Bonaventure,
5111846,5136088,Salamanca,
5111846,5138822,South Dayton,
5111846,5144027,West Valley,
5111846,5144110,Weston Mills,
5111846,5144114,Westons Mills,
5111846,5145250,Yorkshire,
5111868,5107505,Auburn,
5111868,5107528,Aurora,
5111868,5111824,Cato,
5111868,5111871,Cayuga,
5111868,5112037,Centerport,
5111868,5116789,Fair Haven,
5111868,5122292,Ira,
5111868,5126554,Melrose Park,
5111868,5127474,Moravia,
5111868,5132001,Port Byron,
5111868,5141912,Union Springs,
5111868,5281243,Victory,
5111868,5143527,Weedsport,
5112358,5110239,Brocton,
5112358,5111713,Cassadaga,
5112358,5111990,Celoron,
5112358,5113059,Clymer,
5112358,5115495,Dunkirk,
5112358,5116864,Falconer,
5112358,5117619,Forestville,
5112358,5117926,Fredonia,
5112358,5118018,Frewsburg,
5112358,5122534,Jamestown,
5112358,7258777,Jamestown West,
5112358,5123356,Kiantone,
5112358,5123929,Lakewood,
5112358,5126287,Mayville,
5112358,5132058,Portland,
5112358,5133892,Ripley,
5112358,5137938,Sherman,
5112358,5138151,Silver Creek,
5112358,5138234,Sinclairville,
5112358,5140241,Sunset Bay,
5112358,5144083,Westfield,
5112392,5109053,Big Flats,
5112392,7258009,Big Flats Airport,
5112392,5110067,Breesport,
5112392,5116497,Elmira,
5112392,5116500,Elmira Heights,
5112392,5121309,Horseheads,
5112392,7258752,Horseheads North,
5112392,5131493,Pine Valley,
5112392,5139058,Southport,
5112392,5142164,Van Etten,
5112392,5143585,Wellsburg,
5112392,5143786,West Elmira,
5112398,5106788,Afton,
5112398,5107659,Bainbridge,
5112398,5113380,Columbus,
5112398,5119353,Greene,
5112398,5120113,Harrisville,
5112398,5123907,Lakeview,
5112398,5128465,New Berlin,
5112398,5129359,Norwich,
5112398,5130319,Oxford,
5112398,5137925,Sherburne,
5112977,5107082,Altona,
5112977,5107502,Au Sable Forks,
5112977,5112215,Champlain,
5112977,5112368,Chazy,
5112977,5114357,Cumberland Head,
5112977,5114487,Dannemora,
5112977,5127555,Morrisonville,
5112977,5131009,Peru,
5112977,5131692,Plattsburgh,
5112977,7258482,Plattsburgh West,
5112977,5134565,Rouses Point,
5112977,5143745,West Chazy,
5113366,5112335,Chatham,
5113366,7258125,Claverack-Red Mills,
5113366,5113676,Copake Lake,
5113366,5118454,Germantown,
5113366,5118481,Ghent,
5113366,5121509,Hudson,
5113366,5123400,Kinderhook,
5113366,5125295,Lorenz Park,
5113366,5128833,Niverville,
5113366,5129540,Oakdale,
5113366,5131121,Philmont,
5113366,5139953,Stottville,
5113366,5142075,Valatie,
5113792,5112729,Cincinnatus,
5113792,5113790,Cortland,
5113792,7258161,Cortland West,
5113792,5116790,Fair Haven,
5113792,5121169,Homer,
5113792,5125954,Marathon,
5113792,5126360,McGraw,
5113792,5128163,Munsons Corners,
5114810,5114824,Delhi,
5114810,5115275,Downsville,
5114810,5119916,Hancock,
5114810,5125985,Margaretville,
5114810,5138113,Sidney,
5114810,5139428,Stamford,
5114810,5143156,Walton,
5115580,5107115,Amenia,
5115580,5107337,Arlington,
5115580,5108219,Beacon,
5115580,5110176,Brinckerhoff,
5115580,5112976,Clinton Corners,
5115580,5114252,Crown Heights,
5115580,5115261,Dover Plains,
5115580,5116819,Fairview,
5115580,5117274,Fishkill,
5115580,5120241,Haviland,
5115580,5120851,Hillside Lake,
5115580,5121727,Hyde Park,
5115580,7315331,Merritt Park,
5115580,5127007,Millbrook,
5115580,5127066,Millerton,
5115580,5128238,Myers Corner,
5115580,5130719,Pawling,
5115580,5131457,Pine Plains,
5115580,5131725,Pleasant Valley,
5115580,5132143,Poughkeepsie,
5115580,5133545,Red Hook,
5115580,5133576,Red Oaks Mill,
5115580,5133742,Rhinebeck,
5115580,5139084,Spackenkill,
5115580,5141071,Titusville,
5115580,5141073,Tivoli,
5115580,5143211,Wappingers Falls,
5116642,5106825,Akron,
5116642,5106877,Alden,
5116642,5107129,Amherst,
5116642,5107227,Angola,
5116642,5107212,Angola on the Lake,
5116642,5109168,Billington Heights,
5116642,5109477,Blasdell,
5116642,5109797,Boston,
5116642,5109888,Bowmansville,
5116642,5110629,Buffalo,
5116642,5112375,Cheektowaga,
5116642,5112769,Clarence,
5116642,5112771,Clarence Center,
5116642,5114900,Depew,
5116642,5115699,East Amherst,
5116642,5115704,East Aurora,
5116642,5116215,Eden,
5116642,5116303,Eggertsville,
5116642,5116480,Elma Center,
5116642,5119019,Grand Island,
5116642,5119034,Grandyle Village,
5116642,5119833,Hamburg,
5116642,5120074,Harris Hill,
5116642,5121004,Holland,
5116642,5123247,Kenmore,
5116642,5123718,Lackawanna,
5116642,5123788,Lake Erie Beach,
5116642,5123954,Lancaster,
5116642,5128914,North Boston,
5116642,5128996,North Collins,
5116642,5129951,Orchard Park,
5116642,5138409,Sloan,
5116642,5139298,Springville,
5116642,5141175,Tonawanda,
5116642,5141246,Town Line,
5116642,5143208,Wanakah,
5116642,5143992,West Seneca,
5116642,5144588,Williamsville,
5116680,5114246,Crown Point,
5116680,5116380,Elizabethtown,
5116680,5123173,Keeseville,
5116680,5123831,Lake Placid,
5116680,5127150,Mineville,
5116680,5129029,North Elba,
5116680,5132011,Port Henry,
5116680,5137353,Schroon Lake,
5116680,5141002,Ticonderoga,
5116680,5144140,Westport,
5116680,5144668,Willsboro,
5116680,5144682,Wilmington,
5117867,5112327,Chateaugay,
5117867,7315329,Fort Covington Hamlet,
5117867,5125717,Malone,
5117867,5130708,Paul Smiths,
5117867,5136322,Saranac Lake,
5117867,5141580,Tupper Lake,
5118116,5110211,Broadalbin,
5118116,5281184,Caroga Lake,
5118116,5118743,Gloversville,
5118116,5122833,Johnstown,
5118116,5126273,Mayfield,
5118116,5129313,Northville,
5118116,5131007,Perth,
5118380,5106870,Alabama,
5118380,5108093,Batavia,
5118380,5108842,Bergen,
5118380,5111015,Byron,
5118380,5113721,Corfu,
5118380,5116329,Elba,
5118380,5124128,Le Roy,
5118380,5129545,Oakfield,
5118380,5130716,Pavilion,
5119355,5107467,Athens,
5119355,5111056,Cairo,
5119355,5111833,Catskill,
5119355,5113933,Coxsackie,
5119355,5115534,Durham,
5119355,5119401,Greenville,
5119355,5122584,Jefferson Heights,
5119355,5130402,Palenville,
5119355,5140511,Tannersville,
5119847,5123834,Lake Pleasant,
5119847,5125139,Long Lake,
5120548,5115177,Dolgeville,
5120548,5117856,Frankfort,
5120548,5120545,Herkimer,
5120548,5121765,Ilion,
5120548,5124642,Little Falls,
5120548,5126848,Middleville,
5120548,5127233,Mohawk,
5120548,5128683,Newport,
5120548,5129698,Old Forge,
5120548,5131860,Poland,
5120548,5144034,West Winfield,
5122581,5106734,Adams,
5122581,5106738,Adams Center,
5122581,5106950,Alexandria Bay,
5122581,5107253,Antwerp,
5122581,5109410,Black River,
5122581,5110449,Brownville,
5122581,5111065,Calcium,
5122581,5111490,Cape Vincent,
5122581,5111656,Carthage,
5122581,5112354,Chaumont,
5122581,5112870,Clayton,
5122581,5114899,Depauville,
5122581,5114982,Dexter,
5122581,5116714,Evans Mills,
5122581,7257905,Fort Drum,
5122581,5118653,Glen Park,
5122581,5119194,Great Bend,
5122581,5123715,La Fargeville,
5122581,5131095,Philadelphia,
5122581,5133609,Redwood,
5122581,5134736,Sackets Harbor,
5122581,5140784,Theresa,
5122581,5143396,Watertown,
5122581,5143737,West Carthage,
5124290,5108413,Beaver Falls,
5124290,5113681,Copenhagen,
5124290,5114122,Croghan,
5124290,5120114,Harrisville,
5124290,5125461,Lowville,
5124290,5125559,Lyons Falls,
5124290,5132022,Port Leyden,
5124928,5107571,Avon,
5124928,5111073,Caledonia,
5124928,5114492,Dansville,
5124928,5115706,East Avon,
5124928,5118394,Geneseo,
5124928,5120451,Hemlock,
5124928,5123926,Lakeville,
5124928,5124411,Lima,
5124928,5124936,Livonia,
5124928,5127766,Mount Morris,
5124928,5129425,Nunda,
5124928,7315332,Springwater Hamlet,
5124928,7315333,York Hamlet,
5125630,5109703,Bolivar,
5125630,5110132,Bridgeport,
5125630,5111427,Canastota,
5125630,5111886,Cazenovia,
5125630,5112559,Chittenango,
5125630,5114611,DeRuyter,
5125630,5115687,Earlville,
5125630,5118429,Georgetown,
5125630,5119842,Hamilton,
5125630,5126836,Middleport,
5125630,5127561,Morrisville,
5125630,5129837,Oneida,
5125630,5143186,Wampsville,
5127305,5110159,Brighton,
5127305,5110227,Brockport,
5127305,5112703,Churchville,
5127305,5112837,Clarkson,
5127305,5116047,East Rochester,
5127305,5116815,Fairport,
5127305,7258633,Gates-North Gates,
5127305,5119251,Greece,
5127305,5119868,Hamlin,
5127305,5120521,Henrietta,
5127305,5120871,Hilton,
5127305,5121182,Honeoye Falls,
5127305,5122331,Irondequoit,
5127305,5129050,North Gates,
5127305,5131614,Pittsford,
5127305,5134086,Rochester,
5127305,4833222,Rush,
5127305,5137454,Scottsville,
5127305,5139152,Spencerport,
5127305,5143495,Webster,
5127305,5143834,West Henrietta,
5127354,5107152,Amsterdam,
5127354,5111398,Canajoharie,
5127354,5117529,Fonda,
5127354,5117694,Fort Plain,
5127354,5118131,Fultonville,
5127354,5119709,Hagaman,
5127354,5128414,Nelliston,
5127354,5130395,Palatine Bridge,
5127354,5135356,Saint Johnsville,
5127354,5141366,Tribes Hill,
5127354,5143587,Wellsville,
5128316,5106857,Albertson,
5128316,5107481,Atlantic Beach,
5128316,5107760,Baldwin,
5128316,5107771,Baldwin Harbor,
5128316,5108000,Barnum Island,
5128316,5108174,Baxter Estates,
5128316,5108155,Bay Park,
5128316,5108202,Bayville,
5128316,5108692,Bellerose,
5128316,5108693,Bellerose Terrace,
5128316,5108707,Bellmore,
5128316,5108955,Bethpage,
5128316,5110358,Brookville,
5128316,5111533,Carle Place,
5128316,5111974,Cedarhurst,
5128316,5115703,East Atlantic Beach,
5128316,5115854,East Garden City,
5128316,5115904,East Hills,
5128316,5115962,East Massapequa,
5128316,5115960,East Meadow,
5128316,5115990,East Norwich,
5128316,5116049,East Rockaway,
5128316,5116107,East Williston,
5128316,5116508,Elmont,
5128316,5116931,Farmingdale,
5128316,5117438,Floral Park,
5128316,5117458,Flower Hill,
5128316,5117891,Franklin Square,
5128316,5117949,Freeport,
5128316,5118226,Garden City,
5128316,5118228,Garden City Park,
5128316,5118229,Garden City South,
5128316,5118626,Glen Cove,
5128316,5118642,Glen Head,
5128316,5118729,Glenwood Landing,
5128316,5119218,Great Neck,
5128316,5119235,Great Neck Estates,
5128316,5119223,Great Neck Gardens,
5128316,5119226,Great Neck Plaza,
5128316,5119398,Greenvale,
5128316,5119974,Harbor Hills,
5128316,5119981,Harbor Isle,
5128316,5120478,Hempstead,
5128316,5120595,Herricks,
5128316,5120598,Hewlett,
5128316,5120601,Hewlett Harbor,
5128316,5120656,Hicksville,
5128316,5122279,Inwood,
5128316,5122397,Island Park,
5128316,5122638,Jericho,
5128316,5123281,Kensington,
5128316,5123459,Kings Point,
5128316,5123853,Lake Success,
5128316,5123908,Lakeview,
5128316,5124049,Lattingtown,
5128316,5124069,Laurel Hollow,
5128316,5124087,Lawrence,
5128316,5124276,Levittown,
5128316,5124352,Lido Beach,
5128316,5125041,Locust Valley,
5128316,5125086,Long Beach,
5128316,5125523,Lynbrook,
5128316,5125734,Malverne,
5128316,5125748,Malverne Park Oaks,
5128316,5125766,Manhasset,
5128316,5125768,Manhasset Hills,
5128316,5125813,Manorhaven,
5128316,5126183,Massapequa,
5128316,5126187,Massapequa Park,
5128316,5126226,Matinecock,
5128316,5126630,Merrick,
5128316,5126968,Mill Neck,
5128316,5127134,Mineola,
5128316,5128156,Munsey Park,
5128316,5128241,Muttontown,
5128316,5128478,New Cassel,
5128316,5128514,New Hyde Park,
5128316,5128904,North Bellmore,
5128316,5129093,North Hills,
5128316,5129128,North Lynbrook,
5128316,5129134,North Massapequa,
5128316,5129141,North Merrick,
5128316,5129147,North New Hyde Park,
5128316,5129248,North Valley Stream,
5128316,5129254,North Wantagh,
5128316,5129603,Oceanside,
5128316,5129662,Old Bethpage,
5128316,5129665,Old Brookville,
5128316,5129770,Old Westbury,
5128316,5130327,Oyster Bay,
5128316,5130328,Oyster Bay Cove,
5128316,5131628,Plainedge,
5128316,5131638,Plainview,
5128316,5131642,Plandome,
5128316,5131643,Plandome Heights,
5128316,5131644,Plandome Manor,
5128316,5131837,Point Lookout,
5128316,5132029,Port Washington,
5128316,5132030,Port Washington North,
5128316,5134203,Rockville Centre,
5128316,5134323,Roosevelt,
5128316,5134415,Roslyn,
5128316,5134417,Roslyn Estates,
5128316,5134419,Roslyn Harbor,
5128316,5134420,Roslyn Heights,
5128316,5134653,Russell Gardens,
5128316,5134816,Saddle Rock,
5128316,5136107,Salisbury,
5128316,5136245,Sands Point,
5128316,5137484,Sea Cliff,
5128316,5137507,Seaford,
5128316,5137517,Searingtown,
5128316,5138837,South Farmingdale,
5128316,5138840,South Floral Park,
5128316,5138869,South Hempstead,
5128316,5139015,South Valley Stream,
5128316,5139698,Stewart Manor,
5128316,5140402,Syosset,
5128316,5140849,Thomaston,
5128316,5141927,Uniondale,
5128316,5141962,University Gardens,
5128316,5141980,Upper Brookville,
5128316,5142109,Valley Stream,
5128316,5143198,Wantagh,
5128316,5143832,West Hempstead,
5128316,5144040,Westbury,
5128316,5144606,Williston Park,
5128316,5144947,Woodbury,
5128316,5145028,Woodmere,
5128316,5145064,Woodsburgh,
5128594,5125771,Manhattan,
5128734,5107908,Barker,
5128734,5118304,Gasport,
5128734,5124307,Lewiston,
5128734,5125011,Lockport,
5128734,5126837,Middleport,
5128734,5128670,Newfane,
5128734,5128723,Niagara Falls,
5128734,5129245,North Tonawanda,
5128734,5129654,Olcott,
5128734,5133419,Ransomville,
5128734,5133423,Rapids,
5128734,5136177,Sanborn,
5128734,5138918,South Lockport,
5128734,5144698,Wilson,
5128734,5145282,Youngstown,
5129832,5107518,Augusta,
5129832,5109571,Blossvale,
5129832,5109757,Boonville,
5129832,5111148,Camden,
5129832,5111719,Cassville,
5129832,5112181,Chadwicks,
5129832,5112812,Clark Mills,
5129832,5112972,Clinton,
5129832,5114666,Deansboro,
5129832,5115536,Durhamville,
5129832,5128503,New Hartford,
5129832,5128616,New York Mills,
5129832,5129827,Oneida Castle,
5129832,5129988,Oriskany,
5129832,5130002,Oriskany Falls,
5129832,5134295,Rome,
5129832,5137957,Sherrill,
5129832,5140389,Sylvan Beach,
5129832,5142056,Utica,
5129832,5142269,Vernon,
5129832,5142333,Verona,
5129832,5143323,Washington Mills,
5129832,5143405,Waterville,
5129832,5144396,Whitesboro,
5129832,5145257,Yorkville,
5129867,5107785,Baldwinsville,
5129867,5110090,Brewerton,
5129867,4833098,Camillus,
5129867,5112710,Cicero,
5129867,5112861,Clay,
5129867,5116079,East Syracuse,
5129867,5116342,Elbridge,
5129867,5116811,Fairmount,
5129867,5116968,Fayetteville,
5129867,5118185,Galeville,
5129867,5122893,Jordan,
5129867,5123524,Kirkville,
5129867,5123872,Lakeland,
5129867,5124925,Liverpool,
5129867,5125529,Lyncourt,
5129867,5125790,Manlius,
5129867,5125966,Marcellus,
5129867,5126246,Mattydale,
5129867,5127179,Minoa,
5129867,5128368,Nedrow,
5129867,5129242,North Syracuse,
5129867,5131010,Peru,
5129867,5137631,Seneca Knolls,
5129867,5138286,Skaneateles,
5129867,5138674,Solvay,
5129867,5140405,Syracuse,
5129867,5141549,Tully,
5129867,5142343,Village Green,
5129867,5144123,Westvale,
5129891,5111405,Canandaigua,
5129891,5112965,Clifton Springs,
5129891,5114289,Crystal Beach,
5129891,5118398,Geneva,
5129891,5118899,Gorham,
5129891,5120990,Holcomb,
5129891,5281200,Honeoye,
5129891,5125757,Manchester,
5129891,5128276,Naples,
5129891,5131073,Phelps,
5129891,5138071,Shortsville,
5129891,5142315,Victor,
5129915,5107821,Balmville,
5129915,8097231,Beaver Dam Lake,
5129915,7257988,Beaverdam Lake-Salisbury Mills,
5129915,5112162,Central Valley,
5129915,5112470,Chester,
5129915,5113775,Cornwall,
5129915,5116216,Eden,
5129915,5117208,Firthcliffe,
5129915,5117451,Florida,
5129915,5117685,Fort Montgomery,
5129915,5118261,Gardnertown,
5129915,5118920,Goshen,
5129915,5119432,Greenwood Lake,
5129915,5120062,Harriman,
5129915,5120752,Highland Falls,
5129915,5120759,Highland Mills,
5129915,5123533,Kiryas Joel,
5129915,5126268,Maybrook,
5129915,5126509,Mechanicstown,
5129915,5126842,Middletown,
5129915,5127302,Monroe,
5129915,5127353,Montgomery,
5129915,5127890,Mountain Lodge Park,
5129915,5128577,New Windsor,
5129915,5128654,Newburgh,
5129915,5129919,Orange Lake,
5129915,5130102,Otisville,
5129915,5131321,Pine Bush,
5129915,5132016,Port Jervis,
5129915,5136111,Salisbury Mills,
5129915,5137421,Scotchtown,
5129915,7123765,South Blooming Grove,
5129915,5139102,Sparrow Bush,
5129915,5141653,Tuxedo Park,
5129915,5141934,Unionville,
5129915,5142073,Vails Gate,
5129915,5143066,Walden,
5129915,5143168,Walton Park,
5129915,5143285,Warwick,
5129915,5143308,Washington Heights,
5129915,5143344,Washingtonville,
5129915,5143966,West Point,
5129915,5144948,Woodbury,
5129995,5106862,Albion,
5129995,5121016,Holley,
5129995,5125534,Lyndonville,
5129995,5126521,Medina,
5130076,5108875,Bernhards Bay,
5130076,5112160,Central Square,
5130076,5112925,Cleveland,
5130076,5113565,Constantia,
5130076,5118136,Fulton,
5130076,5119947,Hannibal,
5130076,5123723,Lacona,
5130076,5126705,Mexico,
5130076,5127147,Minetto,
5130076,5130081,Oswego,
5130076,5131135,Phoenix,
5130076,5133084,Pulaski,
5130076,5133595,Redfield,
5130076,5133799,Richland,
5130076,5136237,Sand Ridge,
5130076,5136263,Sandy Creek,
5130076,5142408,Volney,
5130111,5112460,Cherry Valley,
5130111,5113664,Cooperstown,
5130111,5116261,Edmeston,
5130111,5120154,Hartwick,
5130111,5127533,Morris,
5130111,5129852,Oneonta,
5130111,5130084,Otego,
5130111,5133795,Richfield Springs,
5130111,5136465,Schenevus,
5130111,5139283,Springfield,
5130111,5141796,Unadilla,
5130111,5143789,West End,
5130111,5145094,Worcester,
5133166,5110092,Brewster,
5133166,5110096,Brewster Hill,
5133166,5111576,Carmel,
5133166,7258078,Carmel Hamlet,
5133166,5113196,Cold Spring,
5133166,5123777,Lake Carmel,
5133166,5125657,Mahopac,
5133166,5128425,Nelsonville,
5133166,5130748,Peach Lake,
5133166,5133171,Putnam Lake,
5133268,5133273,Queens,
5133668,5107561,Averill Park,
5133668,5111745,Castleton-on-Hudson,
5133668,5114160,Cropseyville,
5133668,5115860,East Greenbush,
5133668,5115983,East Nassau,
5133668,5119907,Hampton Manor,
5133668,5121230,Hoosick Falls,
5133668,5128313,Nassau,
5133668,5131826,Poestenkill,
5133668,5133667,Rensselaer,
5133668,5136449,Schaghticoke,
5133668,5141502,Troy,
5133668,5143986,West Sand Lake,
5133668,5145157,Wynantskill,
5134189,5106817,Airmont,
5134189,5107893,Bardonia,
5134189,5109479,Blauvelt,
5134189,5112493,Chestnut Ridge,
5134189,5113500,Congers,
5134189,5120238,Haverstraw,
5134189,5120794,Hillburn,
5134189,5120797,Hillcrest,
5134189,5123109,Kaser,
5134189,5127315,Monsey,
5134189,5127335,Montebello,
5134189,5127741,Mount Ivy,
5134189,5128266,Nanuet,
5134189,5128481,New City,
5134189,5120479,New Hempstead,
5134189,5128568,New Square,
5134189,5129433,Nyack,
5134189,5129923,Orangeburg,
5134189,5130780,Pearl River,
5134189,5131248,Piermont,
5134189,5131894,Pomona,
5134189,5138414,Sloatsburg,
5134189,5138940,South Nyack,
5134189,5139097,Sparkill,
5134189,5139301,Spring Valley,
5134189,5139927,Stony Point,
5134189,5140072,Suffern,
5134189,5140532,Tappan,
5134189,5140789,Thiells,
5134189,5142011,Upper Nyack,
5134189,5142101,Valley Cottage,
5134189,5142362,Viola,
5134189,5143610,Wesley Hills,
5134189,5143830,West Haverstraw,
5134189,5143946,West Nyack,
5135484,5110029,Brasher Falls,
5135484,5111484,Canton,
5135484,5114593,De Kalb Junction,
5135484,5118939,Gouverneur,
5135484,5119719,Hailesboro,
5135484,5119946,Hannawa Falls,
5135484,5120588,Heuvelton,
5135484,5125646,Madrid,
5135484,5126194,Massena,
5135484,5128862,Norfolk,
5135484,5129364,Norwood,
5135484,5129626,Ogdensburg,
5135484,5130532,Parishville,
5135484,5132103,Potsdam,
5135484,5139473,Star Lake,
5135484,5143016,Waddington,
5135484,5144830,Winthrop,
5136325,5107811,Ballston Lake,
5136325,5107812,Ballston Spa,
5136325,5112961,Clifton Park,
5136325,5113723,Corinth,
5136325,5113850,Country Knolls,
5136325,5116248,Edinburg,
5136325,5119689,Hadley,
5136325,5126510,Mechanicville,
5136325,5127098,Milton,
5136325,7258360,North Ballston Spa,
5136325,5129310,Northumberland,
5136325,5134479,Round Lake,
5136325,5136334,Saratoga Springs,
5136325,5137380,Schuylerville,
5136325,5138847,South Glens Falls,
5136325,5139732,Stillwater,
5136325,5142326,Victory Mills,
5136325,5143370,Waterford,
5136325,5144736,Wilton,
5136456,5109973,Braman Corners,
5136456,5115857,East Glenville,
5136456,5118701,Glenville,
5136456,5125999,Mariaville Lake,
5136456,5128824,Niskayuna,
5136456,5134453,Rotterdam,
5136456,5136454,Schenectady,
5136456,5137423,Scotia,
5136495,5112051,Central Bridge,
5136495,5113095,Cobleskill,
5136495,5126828,Middleburgh,
5136495,5133816,Richmondville,
5136495,5136494,Schoharie,
5136495,5137788,Sharon Springs,
5137368,5127364,Montour Falls,
5137368,5129617,Odessa,
5137368,5143419,Watkins Glen,
5137620,5110133,Bridgeport,
5137620,5122269,Interlaken,
5137620,5130258,Ovid,
5137620,5137622,Seneca Falls,
5137620,5143380,Waterloo,
5139559,5139568,Staten Island,
5139656,5106756,Addison,
5139656,5107329,Arkport,
5139656,5107569,Avoca,
5139656,5108110,Bath,
5139656,5111347,Campbell,
5139656,5111449,Canisteo,
5139656,5113131,Cohocton,
5139656,5113662,Coopers Plains,
5139656,5113760,Corning,
5139656,5118251,Gang Mills,
5139656,5119893,Hammondsport,
5139656,5121283,Hornell,
5139656,5124506,Lindley,
5139656,5129098,North Hornell,
5139656,5130394,Painted Post,
5139656,5132205,Prattsburgh,
5139656,5136371,Savona,
5139656,5138811,South Corning,
5139656,5140390,Sylvan Beach,
5139656,4833272,Wayland,
5140076,5107091,Amagansett,
5140076,5107140,Amityville,
5140076,5107273,Aquebogue,
5140076,5107419,Asharoken,
5140076,5107612,Babylon,
5140076,5107670,Baiting Hollow,
5140076,5108169,Bay Shore,
5140076,5108179,Bay Wood,
5140076,5108191,Bayport,
5140076,5108688,Belle Terre,
5140076,5108714,Bellport,
5140076,5109603,Blue Point,
5140076,5109694,Bohemia,
5140076,5110077,Brentwood,
5140076,5110130,Bridgehampton,
5140076,5110168,Brightwaters,
5140076,5110292,Brookhaven,
5140076,5111137,Calverton,
5140076,5112020,Center Moriches,
5140076,5112035,Centereach,
5140076,5112038,Centerport,
5140076,5112078,Central Islip,
5140076,5113223,Cold Spring Harbor,
5140076,5113412,Commack,
5140076,5113683,Copiague,
5140076,5113694,Coram,
5140076,5114401,Cutchogue,
5140076,5114554,Davis Park,
5140076,5114731,Deer Park,
5140076,5115107,Dix Hills,
5140076,5115838,East Farmingdale,
5140076,5115871,East Hampton,
5140076,7258233,East Hampton North,
5140076,5115923,East Islip,
5140076,5115952,East Marion,
5140076,5115974,East Moriches,
5140076,5115989,East Northport,
5140076,5116004,East Patchogue,
5140076,5116035,East Quogue,
5140076,5116060,East Setauket,
5140076,5116063,East Shoreham,
5140076,5116149,Eastport,
5140076,5116169,Eatons Neck,
5140076,5116550,Elwood,
5140076,5116937,Farmingville,
5140076,5117347,Flanders,
5140076,5117703,Fort Salonga,
5140076,5118889,Gordon Heights,
5140076,5119232,Great River,
5140076,5119377,Greenlawn,
5140076,5119385,Greenport,
5140076,7258676,Greenport West,
5140076,5119742,Halesite,
5140076,5119899,Hampton Bays,
5140076,5120228,Hauppauge,
5140076,5120348,Head of the Harbor,
5140076,5120987,Holbrook,
5140076,5121163,Holtsville,
5140076,5121636,Huntington,
5140076,5121638,Huntington Bay,
5140076,5121650,Huntington Station,
5140076,5122409,Islandia,
5140076,5122413,Islip,
5140076,5122417,Islip Terrace,
5140076,5122533,Jamesport,
5140076,5123456,Kings Park,
5140076,5123796,Lake Grove,
5140076,5123840,Lake Ronkonkoma,
5140076,5124059,Laurel,
5140076,5124497,Lindenhurst,
5140076,5124946,Lloyd Harbor,
5140076,5125817,Manorville,
5140076,5126208,Mastic,
5140076,5126209,Mastic Beach,
5140076,5126239,Mattituck,
5140076,5126518,Medford,
5140076,5126555,Melville,
5140076,5126787,Middle Island,
5140076,5127043,Miller Place,
5140076,5127321,Montauk,
5140076,5127519,Moriches,
5140076,5127824,Mount Sinai,
5140076,5128433,Nesconset,
5140076,5128827,Nissequogue,
5140076,5128884,North Amityville,
5140076,5128886,North Babylon,
5140076,5128898,North Bay Shore,
5140076,5128905,North Bellport,
5140076,5129057,North Great River,
5140076,5129077,North Haven,
5140076,5129125,North Lindenhurst,
5140076,5129157,North Patchogue,
5140076,5129210,North Sea,
5140076,5129272,Northampton,
5140076,5129290,Northport,
5140076,5129314,Northville,
5140076,5129325,Northwest Harbor,
5140076,5129395,Noyack,
5140076,5129541,Oakdale,
5140076,5129690,Old Field,
5140076,5129975,Orient,
5140076,5130672,Patchogue,
5140076,5130821,Peconic,
5140076,5131988,Poquott,
5140076,5132013,Port Jefferson,
5140076,5132015,Port Jefferson Station,
5140076,5133311,Quiogue,
5140076,5133302,Quogue,
5140076,7258540,Remsenburg-Speonk,
5140076,5133832,Ridge,
5140076,5133926,Riverhead,
5140076,5133934,Riverside,
5140076,5134235,Rocky Point,
5140076,5134316,Ronkonkoma,
5140076,5134800,Sag Harbor,
5140076,5135192,Saint James,
5140076,5136421,Sayville,
5140076,5137600,Selden,
5140076,7258965,Setauket-East Setauket,
5140076,5137894,Shelter Island,
5140076,5137895,Shelter Island Heights,
5140076,5138007,Shinnecock Hills,
5140076,5138022,Shirley,
5140076,5138048,Shoreham,
5140076,5138539,Smithtown,
5140076,5138704,Sound Beach,
5140076,5138892,South Huntington,
5140076,5139030,Southampton,
5140076,5139054,Southold,
5140076,5139294,Springs,
5140076,5139865,Stony Brook,
5140076,5140694,Terryville,
5140076,5141527,Tuckahoe,
5140076,5142351,Village of the Branch,
5140076,5143022,Wading River,
5140076,5143046,Wainscott,
5140076,5143386,Water Mill,
5140076,5143630,West Babylon,
5140076,5143644,West Bay Shore,
5140076,5143857,West Hills,
5140076,5143866,West Islip,
5140076,5143988,West Sayville,
5140076,5144089,Westhampton,
5140076,5144090,Westhampton Beach,
5140076,5144182,Wheatley Heights,
5140076,5145135,Wyandanch,
5140076,5145197,Yaphank,
5140135,5108015,Barryville,
5140135,5116900,Fallsburg,
5140135,5124323,Liberty,
5140135,5124931,Livingston Manor,
5140135,5127359,Monticello,
5140135,5134115,Rock Hill,
5140135,5134366,Roscoe,
5140135,5138437,Smallwood,
5140135,5138836,South Fallsburg,
5140135,5145033,Woodridge,
5140135,5145131,Wurtsboro,
5141045,5107257,Apalachin,
5141045,5111436,Candor,
5141045,5128644,Newark Valley,
5141045,5130273,Owego,
5141045,5139142,Spencer,
5141045,5143435,Waverly,
5141153,5111874,Cayuga Heights,
5141153,5115374,Dryden,
5141153,5115926,East Ithaca,
5141153,5117581,Forest Home,
5141153,5117961,Freeville,
5141153,5119513,Groton,
5141153,5122432,Ithaca,
5141153,5123993,Lansing,
5141153,7258348,Newfield Hamlet,
5141153,7258390,Northeast Ithaca,
5141153,7258394,Northwest Ithaca,
5141153,5138884,South Hill,
5141153,5141508,Trumansburg,
5141784,5106719,Accord,
5141784,5110450,Brownville,
5141784,5112995,Clintondale,
5141784,5116408,Ellenville,
5141784,5118235,Gardiner,
5141784,5118606,Glasco,
5141784,5120691,High Falls,
5141784,5120741,Highland,
5141784,5120825,Hillside,
5141784,5121679,Hurley,
5141784,5123309,Kerhonkson,
5141784,5123477,Kingston,
5141784,5123809,Lake Katrine,
5141784,5124463,Lincoln Park,
5141784,5125973,Marbletown,
5141784,5126055,Marlboro,
5141784,5127099,Milton,
5141784,5128267,Napanoch,
5141784,5128539,New Paltz,
5141784,5131671,Plattekill,
5141784,5132008,Port Ewen,
5141784,7258576,Rosendale Village,
5141784,5136353,Saugerties,
5141784,7258945,Saugerties South,
5141784,5138029,Shokan,
5141784,5139832,Stone Ridge,
5141784,5141025,Tillson,
5141784,5143097,Walker Valley,
5141784,5143116,Wallkill,
5141784,8480045,Watchtower,
5141784,5143443,Wawarsing,
5141784,5143862,West Hurley,
5141784,5145072,Woodstock,
5141784,5145295,Zena,
5143268,5107473,Athol,
5143268,5109722,Bolton Landing,
5143268,5112479,Chestertown,
5143268,5118693,Glens Falls,
5143268,7258652,Glens Falls North,
5143268,5123791,Lake George,
5143268,5123815,Lake Luzerne,
5143268,5129014,North Creek,
5143268,5133279,Queensbury,
5143268,5143279,Warrensburg,
5143268,5143817,West Glens Falls,
5143303,5111144,Cambridge,
5143303,5117657,Fort Edward,
5143303,5119076,Granville,
5143303,5119416,Greenwich,
5143303,5119897,Hampton,
5143303,5120131,Hartford,
5143303,5121513,Hudson Falls,
5143303,5136091,Salem,
5143303,5144375,Whitehall,
5143455,4833108,Clyde,
5143455,5125554,Lyons,
5143455,5125591,Macedon,
5143455,5126015,Marion,
5143455,5128639,Newark,
5143455,5129196,North Rose,
5143455,5129887,Ontario,
5143455,5130441,Palmyra,
5143455,5133101,Pultneyville,
5143455,5133538,Red Creek,
5143455,5136368,Savannah,
5143455,5138652,Sodus,
5143455,5138660,Sodus Point,
5143455,5144583,Williamson,
5143455,5144861,Wolcott,
5144050,5107311,Ardsley,
5144050,5107346,Armonk,
5144050,5108531,Bedford,
5144050,5108541,Bedford Hills,
5144050,5110108,Briarcliff Manor,
5144050,5110269,Bronxville,
5144050,5110506,Buchanan,
5144050,5112259,Chappaqua,
5144050,11811570,Cortlandt Manor,
5144050,5114128,Crompond,
5144050,5114221,Croton-on-Hudson,
5144050,5114260,Crugers,
5144050,5115123,Dobbs Ferry,
5144050,5116512,Elmsford,
5144050,5116820,Fairview,
5144050,5118781,Goldens Bridge,
5144050,5119347,Greenburgh,
5144050,5119405,Greenville,
5144050,5120095,Harrison,
5144050,5120141,Hartsdale,
5144050,5120197,Hastings-on-Hudson,
5144050,5120284,Hawthorne,
5144050,5120550,Heritage Hills,
5144050,5122365,Irvington,
5144050,7258782,Jefferson Valley-Yorktown,
5144050,5123118,Katonah,
5144050,5123823,Lake Mohegan,
5144050,5124017,Larchmont,
5144050,5124482,Lincolndale,
5144050,5125738,Mamaroneck,
5144050,5127368,Montrose,
5144050,5127744,Mount Kisco,
5144050,5127835,Mount Vernon,
5144050,5128549,New Rochelle,
5144050,7249078,North Castle,
5144050,5130045,Ossining,
5144050,5130831,Peekskill,
5144050,5130854,Pelham,
5144050,5130862,Pelham Manor,
5144050,5131757,Pleasantville,
5144050,5132002,Port Chester,
5144050,5132152,Pound Ridge,
5144050,5133135,Purchase,
5144050,5134693,Rye,
5144050,5134696,Rye Brook,
5144050,5136433,Scarsdale,
5144050,5137451,Scotts Corners,
5144050,5137909,Shenorock,
5144050,5138077,Shrub Oak,
5144050,5138371,Sleepy Hollow,
5144050,5140538,Tarrytown,
5144050,5140895,Thornwood,
5144050,5142090,Valhalla,
5144050,5142287,Verplanck,
5144050,5144336,White Plains,
5144050,5145142,Wykagyl,
5144050,5145215,Yonkers,
5144050,5145253,Yorktown Heights,
5145163,5107290,Arcade,
5145163,5107486,Attica,
5145163,5109527,Bliss,
5145163,5111721,Castile,
5145163,5130979,Perry,
5145163,5138211,Silver Springs,
5145163,5140009,Strykersville,
5145163,5143282,Warsaw,
5145190,5109986,Branchport,
5145190,5115475,Dundee,
5145190,5123347,Keuka Park,
5145190,5130915,Penn Yan,
5145190,5134641,Rushville,
5145576,5147766,Bluffton,
5145576,5148876,Cairo,
5145576,5153068,Elida,
5145576,5154884,Fort Shawnee,
5145576,5160783,Lima,
5145576,5172710,Spencerville,
5146062,5146055,Ashland,
5146062,5159171,Jeromesville,
5146062,5161340,Loudonville,
5146062,5166528,Perrysville,
5146092,5145770,Andover,
5146092,5146089,Ashtabula,
5146092,5146248,Austinburg,
5146092,5150986,Conneaut,
5146092,5152947,Edgewood,
5146092,5155572,Geneva,
5146092,5155587,Geneva-on-the-Lake,
5146092,5159071,Jefferson,
5146092,5164812,North Kingsville,
5146092,5165763,Orwell,
5146092,5168341,Roaming Shores,
5146092,5168420,Rock Creek,
5146199,5151436,Cridersville,
5146199,5163176,Minster,
5146199,5164239,New Bremen,
5146199,5164333,New Knoxville,
5146199,5169796,Saint Marys,
5146199,5175670,Wapakoneta,
5146199,5175939,Waynesfield,
5147012,4505786,Barnesville,
5147012,5146946,Bellaire,
5147012,5147302,Bethesda,
5147012,5148192,Bridgeport,
5147012,5148413,Brookside,
5147012,5154730,Flushing,
5147012,5160392,Lansing,
5147012,5162044,Martins Ferry,
5147012,5164142,Neffs,
5147012,4521880,Powhatan Point,
5147012,5169130,Saint Clairsville,
5147012,4524446,Shadyside,
5147012,5177219,Wolfhurst,
5147012,5177557,Yorkville,
5149311,5149327,Carrollton,
5149311,5160171,Lake Mohawk,
5149311,5161624,Magnolia,
5149311,5161684,Malvern,
5149757,5150132,Christiansburg,
5149757,5162494,Mechanicsburg,
5149757,5164826,North Lewisburg,
5149757,5170013,Saint Paris,
5149757,5174897,Urbana,
5150853,5148883,Calcutta,
5150853,5150851,Columbiana,
5150853,5152709,East Liverpool,
5150853,5152794,East Palestine,
5150853,5155842,Glenmoor,
5150853,5159995,La Croft,
5150853,5160548,Leetonia,
5150853,5160951,Lisbon,
5150853,5164449,New Waterford,
5150853,5170511,Salem,
5150853,5170610,Salineville,
5150853,5175827,Washingtonville,
5150853,5176047,Wellsville,
5151190,5151186,Coshocton,
5151190,5175738,Warsaw,
5151190,5176283,West Lafayette,
5151374,5148635,Bucyrus,
5151374,5151406,Crestline,
5151374,5155414,Galion,
5151374,5164445,New Washington,
5151374,5175934,Waynesburg,
5151606,5146675,Bay Village,
5151606,5146711,Beachwood,
5151606,5146831,Bedford,
5151606,5146840,Bedford Heights,
5151606,5147083,Bentleyville,
5151606,5147097,Berea,
5151606,5148101,Bratenahl,
5151606,5148115,Brecksville,
5151606,5148273,Broadview Heights,
5151606,5148326,Brook Park,
5151606,5148346,Brooklyn,
5151606,5148352,Brooklyn Heights,
5151606,5149720,Chagrin Falls,
5151606,8062667,Clark-Fulton,
5151606,5150529,Cleveland,
5151606,4833320,Cleveland Heights,
5151606,5150792,Collinwood,
5151606,5151622,Cuyahoga Heights,
5151606,8062662,Detroit-Shoreway,
5151606,5152599,East Cleveland,
5151606,5153420,Euclid,
5151606,5153680,Fairview Park,
5151606,5155499,Garfield Heights,
5151606,5155534,Gates Mills,
5151606,5155824,Glendale,
5151606,5155858,Glenville,
5151606,5155871,Glenwillow,
5151606,5157497,Highland Heights,
5151606,5157502,Highland Hills,
5151606,5158067,Hough,
5151606,5158234,Hunting Valley,
5151606,5158404,Independence,
5151606,5160315,Lakewood,
5151606,5161493,Lyndhurst,
5151606,5161803,Maple Heights,
5151606,5162180,Mayfield,
5151606,5162188,Mayfield Heights,
5151606,5162851,Middleburg Heights,
5151606,5163448,Moreland Hills,
5151606,5164488,Newburgh Heights,
5151606,5164862,North Olmsted,
5151606,5164891,North Randall,
5151606,5164916,North Royalton,
5151606,5165311,Oakwood,
5151606,5165635,Olmsted Falls,
5151606,5165695,Orange,
5151606,5166177,Parma,
5151606,5166184,Parma Heights,
5151606,5166438,Pepper Pike,
5151606,5168063,Richmond Heights,
5151606,5168491,Rocky River,
5151606,5171657,Seven Hills,
5151606,5171728,Shaker Heights,
5151606,5172387,Solon,
5151606,5172485,South Euclid,
5151606,5173237,Strongsville,
5151606,5174830,University Heights,
5151606,5174958,Valley View,
5151606,5175655,Walton Hills,
5151606,5175726,Warrensville Heights,
5151606,5176517,Westlake,
5151606,5177304,Woodmere,
5151705,5145808,Ansonia,
5151705,4505390,Arcanum,
5151705,5155687,Gettysburg,
5151705,5156493,Greenville,
5151705,4519613,New Madison,
5151705,11820632,Union City,
5151705,5175092,Versailles,
5151705,5175914,Wayne Lakes Park,
5151865,5151861,Defiance,
5151865,5157449,Hicksville,
5151865,5171949,Sherwood,
5151896,5146080,Ashley,
5151896,5151891,Delaware,
5151896,5155405,Galena,
5151896,5160622,Lewis Center,
5151896,5165786,Ostrander,
5151896,5167350,Powell,
5151896,5171829,Shawnee Hills,
5151896,5173412,Sunbury,
5153362,5146666,Bay View,
5153362,5147140,Berlin Heights,
5153362,5149399,Castalia,
5153362,5158298,Huron,
5153362,5162920,Milan,
5153362,5170691,Sandusky,
5155347,5145938,Archbold,
5155347,5148745,Burlington,
5155347,5151948,Delta,
5155347,5153839,Fayette,
5155347,5161509,Lyons,
5155347,5162730,Metamora,
5155347,5173514,Swanton,
5155347,5175877,Wauseon,
5155556,5146368,Bainbridge,
5155556,5148773,Burton,
5155556,5149818,Chardon,
5155556,5149937,Chesterland,
5155556,5162859,Middlefield,
5155556,5172589,South Russell,
5156615,4507599,Byesville,
5156615,5149007,Cambridge,
5156615,5161741,Mantua,
5156770,5145954,Arcadia,
5156770,5145962,Arlington,
5156770,5153924,Findlay,
5156770,5162260,McComb,
5156770,5167750,Rawson,
5156844,5145374,Ada,
5156844,5145547,Alger,
5156844,5152413,Dunkirk,
5156844,5154770,Forest,
5156844,5159554,Kenton,
5156844,5163814,Mount Victory,
5156975,5148855,Cadiz,
5156975,5157984,Hopedale,
5156975,5159215,Jewett,
5156975,5171474,Scio,
5157338,5152017,Deshler,
5157338,5156743,Hamler,
5157338,5157742,Holgate,
5157338,5160667,Liberty Center,
5157338,5162249,McClure,
5157338,5164057,Napoleon,
5157783,5147132,Berlin,
5157783,5159635,Killbuck,
5157783,5163076,Millersburg,
5157783,5175595,Walnut Creek,
5158275,5146978,Bellevue,
5158275,5150783,Collins,
5158275,5156513,Greenwich,
5158275,5163346,Monroeville,
5158275,5164352,New London,
5158275,5164762,North Fairfield,
5158275,5165101,Norwalk,
5158275,5167166,Plymouth,
5158275,5175531,Wakeman,
5158275,5176830,Willard,
5159079,5145423,Adena,
5159079,5147118,Bergholz,
5159079,5148226,Brilliant,
5159079,5152098,Dillonvale,
5159079,5163160,Mingo Junction,
5159079,5172314,Smithfield,
5159079,5173048,Steubenville,
5159079,5173962,Tiltonsville,
5159079,5174095,Toronto,
5159079,5177162,Wintersville,
5159891,8480059,Apple Valley,
5159891,5149595,Centerburg,
5159891,5151688,Danville,
5159891,5155139,Fredericktown,
5159891,5155438,Gambier,
5159891,5163799,Mount Vernon,
5159891,5165223,Oak Hill,
5160090,5152833,Eastlake,
5160090,5153633,Fairport Harbor,
5160090,5159809,Kirtland,
5160090,5159814,Kirtland Hills,
5160090,5161567,Madison,
5160090,5162645,Mentor,
5160090,5162672,Mentor-on-the-Lake,
5160090,5164840,North Madison,
5160090,5164882,North Perry,
5160090,5166009,Painesville,
5160090,5166468,Perry,
5160090,5173967,Timberlake,
5160090,5176759,Wickliffe,
5160090,5176937,Willoughby,
5160090,5176942,Willoughby Hills,
5160090,5177007,Willowick,
5160740,5145537,Alexandria,
5160740,4505240,Amsterdam,
5160740,5146906,Beechwood Trails,
5160740,4507378,Buckeye Lake,
5160740,4511149,Etna,
5160740,5156270,Granville,
5160740,7259287,Granville South,
5160740,5156792,Hanover,
5160740,4513703,Harbor Hills,
5160740,5157262,Heath,
5160740,4514004,Hebron,
5160740,5159309,Johnstown,
5160740,4515976,Kirkersville,
5160740,5161984,Marne,
5160740,5164466,Newark,
5160740,4520905,Pataskala,
5160740,5174913,Utica,
5161156,5146955,Belle Center,
5161156,5146965,Bellefontaine,
5161156,8085628,Chippewa Park,
5161156,5151775,De Graff,
5161156,5160288,Lakeview,
5161156,5165067,Northwood,
5161156,5167622,Quincy,
5161156,5168813,Rushsylvania,
5161156,5168837,Russells Point,
5161156,5176304,West Liberty,
5161156,5176319,West Mansfield,
5161272,5145695,Amherst,
5161272,5146277,Avon,
5161272,5146282,Avon Center,
5161272,5146286,Avon Lake,
5161272,4833304,Camden,
5161272,5152868,Eaton Estates,
5161272,5153207,Elyria,
5161272,5156170,Grafton,
5161272,5160041,Lagrange,
5161272,5161262,Lorain,
5161272,5164903,North Ridgeville,
5161272,5165445,Oberlin,
5161272,5171854,Sheffield,
5161272,5171856,Sheffield Lake,
5161272,5172425,South Amherst,
5161272,5175072,Vermilion,
5161272,5175080,Vermilion-on-the-Lake,
5161272,5176023,Wellington,
5161413,5157759,Holland,
5161413,5162137,Maumee,
5161413,5165734,Oregon,
5161413,5165812,Ottawa Hills,
5161413,5173572,Sylvania,
5161413,5174035,Toledo,
5161413,5175847,Waterville,
5161413,5176713,Whitehouse,
5161640,5146256,Austintown,
5161640,5147037,Beloit,
5161640,5147784,Boardman,
5161640,5149149,Campbell,
5161640,5149205,Canfield,
5161640,5151317,Craig Beach,
5161640,5161382,Lowellville,
5161640,5161828,Maple Ridge,
5161640,5164371,New Middletown,
5161640,5167196,Poland,
5161640,5171555,Sebring,
5161640,5173256,Struthers,
5161640,5177568,Youngstown,
5161911,5148892,Caledonia,
5161911,5160005,La Rue,
5161911,5161902,Marion,
5161911,5167479,Prospect,
5162517,5148178,Briarwood Beach,
5162517,5148480,Brunswick,
5162517,5150016,Chippewa Lake,
5162517,5161142,Lodi,
5162517,5162512,Medina,
5162517,5171681,Seville,
5162517,5172694,Spencer,
5162517,5175496,Wadsworth,
5162517,5176490,Westfield Center,
5162679,5149493,Celina,
5162679,5150725,Coldwater,
5162679,5154873,Fort Recovery,
5162679,5162631,Mendon,
5162679,5168450,Rockford,
5162679,5169242,Saint Henry,
5162774,5148028,Bradford,
5162774,5151278,Covington,
5162774,5166819,Piqua,
5162774,5166958,Pleasant Hill,
5162774,4526365,Tipp City,
5162774,5174358,Troy,
5162774,4528036,West Milton,
5163509,5149253,Cardington,
5163509,5163631,Mount Gilead,
5165803,5151587,Curtice,
5165803,5153177,Elmore,
5165803,4833348,Genoa,
5165803,5160272,Lakeside,
5165803,5161869,Marblehead,
5165803,5165215,Oak Harbor,
5165803,5167259,Port Clinton,
5166256,5145848,Antwerp,
5166256,5165312,Oakwood,
5166256,5166253,Paulding,
5166256,5166334,Payne,
5167284,5146149,Atwater,
5167284,5146233,Aurora,
5167284,5148230,Brimfield,
5167284,5155529,Garrettsville,
5167284,5157675,Hiram,
5167284,5159537,Kent,
5167284,5161742,Mantua,
5167284,5167737,Ravenna,
5167284,5173210,Streetsboro,
5167284,5177082,Windham,
5167574,5150868,Columbus Grove,
5167574,5151057,Continental,
5167574,5155783,Glandorf,
5167574,5159421,Kalida,
5167574,5160611,Leipsic,
5167574,5165801,Ottawa,
5167574,5165859,Ottoville,
5167574,5166061,Pandora,
5168041,5147057,Bellville,
5168041,5148799,Butler,
5168041,5160635,Lexington,
5168041,5160854,Lincoln Heights,
5168041,5161411,Lucas,
5168041,5161723,Mansfield,
5168041,5165664,Ontario,
5168041,5171868,Shelby,
5168041,5171968,Shiloh,
5170698,5146438,Ballville,
5170698,5146667,Bay View,
5170698,5150651,Clyde,
5170698,5155207,Fremont,
5170698,5155710,Gibsonburg,
5170698,5156409,Green Springs,
5170698,5163613,Mount Carmel,
5170698,5173158,Stony Prairie,
5170698,5177337,Woodville,
5171643,5146141,Attica,
5171643,5147344,Bettsville,
5171643,5147713,Bloomville,
5171643,5154905,Fostoria,
5171643,5167969,Republic,
5171643,5173930,Tiffin,
5171871,5145788,Anna,
5171871,5147924,Botkins,
5171871,5154859,Fort Loramie,
5171871,5158960,Jackson Center,
5171871,5168839,Russia,
5171871,5172078,Sidney,
5172936,5145607,Alliance,
5172936,5146697,Beach City,
5172936,5148164,Brewster,
5172936,5149188,Canal Fulton,
5172936,5149222,Canton,
5172936,5152579,East Canton,
5172936,5152780,East Sparta,
5172936,5155590,Genoa,
5172936,5156485,Greentown,
5172936,5157064,Hartville,
5172936,5161347,Louisville,
5172936,5162097,Massillon,
5172936,5162769,Meyers Lake,
5172936,5163143,Minerva,
5172936,5164101,Navarre,
5172936,5164706,North Canton,
5172936,5166482,Perry Heights,
5172936,5168079,Richville,
5172936,5174747,Uniontown,
5172936,5175935,Waynesburg,
5173386,5145476,Akron,
5173386,5146491,Barberton,
5173386,5147904,Boston Heights,
5173386,5150600,Clinton,
5173386,5151117,Copley,
5173386,5151613,Cuyahoga Falls,
5173386,5153592,Fairlawn,
5173386,5156371,Green,
5173386,5156478,Greensburg,
5173386,5158164,Hudson,
5173386,5160260,Lakemore,
5173386,5161539,Macedonia,
5173386,5161693,Manchester,
5173386,5163244,Mogadore,
5173386,7259400,Montrose-Ghent,
5173386,5163968,Munroe Falls,
5173386,5164274,New Franklin,
5173386,5164998,Northfield,
5173386,5165087,Norton,
5173386,5166389,Peninsula,
5173386,5166658,Pigeon Creek,
5173386,5167293,Portage Lakes,
5173386,5167903,Reminderville,
5173386,5168025,Richfield,
5173386,5170795,Sawyerwood,
5173386,5172120,Silver Lake,
5173386,5173171,Stow,
5173386,5173623,Tallmadge,
5173386,5174550,Twinsburg,
5173386,9670409,Twinsburg Heights,
5174418,5147840,Bolindale,
5174418,5148332,Brookfield Center,
5174418,7259582,Champion Heights,
5174418,5150351,Churchill,
5174418,5151174,Cortland,
5174418,5155755,Girard,
5174418,5157627,Hilltop,
5174418,5158123,Howland Center,
5174418,5158143,Hubbard,
5174418,7315337,Kinsman Center,
5174418,5160493,Leavittsburg,
5174418,5161301,Lordstown,
5174418,5162119,Masury,
5174418,5162297,McDonald,
5174418,5162390,McKinley Heights,
5174418,5163137,Mineral Ridge,
5174418,5163469,Morgandale,
5174418,5164541,Newton Falls,
5174418,5164582,Niles,
5174418,5172460,South Canal,
5174418,7259612,Vienna Center,
5174418,5175865,Warren,
5174418,5176266,West Hill,
5174499,5146442,Baltic,
5174499,5147844,Bolivar,
5174499,5151993,Dennison,
5174499,5152243,Dover,
5174499,5155897,Gnadenhutten,
5174499,5162878,Midvale,
5174499,5163132,Mineral City,
5174499,5164390,New Philadelphia,
5174499,5164500,Newcomerstown,
5174499,5167275,Port Washington,
5174499,5168451,Rockford,
5174499,5173189,Strasburg,
5174499,5173354,Sugarcreek,
5174499,5174495,Tuscarawas,
5174499,5174585,Uhrichsville,
5174669,5162077,Marysville,
5174669,5162952,Milford Center,
5174669,5164250,New California,
5174669,5168085,Richwood,
5175012,5151070,Convoy,
5175012,5151941,Delphos,
5175012,5162831,Middle Point,
5175012,5165381,Ohio City,
5175012,5175079,Van Wert,
5175898,5145894,Apple Creek,
5175898,5151415,Creston,
5175898,5151660,Dalton,
5175898,5152278,Doylestown,
5175898,5159637,Kidron,
5175898,5162013,Marshallville,
5175898,5165755,Orrville,
5175898,5168225,Rittman,
5175898,5172048,Shreve,
5175898,5172321,Smithville,
5175898,5176378,West Salem,
5175898,5177358,Wooster,
5176872,5148533,Bryan,
5176872,5152935,Edgerton,
5176872,5152986,Edon,
5176872,5163375,Montpelier,
5176872,5166791,Pioneer,
5176872,5173264,Stryker,
5176872,5176423,West Unity,
5177229,5147682,Bloomdale,
5177229,5147968,Bowling Green,
5177229,5148046,Bradner,
5177229,5151633,Cygnet,
5177229,5156211,Grand Rapids,
5177229,5157096,Haskins,
5177229,5161429,Luckey,
5177229,5163008,Millbury,
5177229,5164653,North Baltimore,
5177229,5165069,Northwood,
5177229,5166372,Pemberville,
5177229,5166516,Perrysburg,
5177229,5168205,Risingsun,
5177229,5168673,Rossford,
5177229,5175538,Walbridge,
5177229,5175892,Wayne,
5177229,5176550,Weston,
5177434,5149257,Carey,
5177434,5164194,Nevada,
5177434,5173553,Sycamore,
5177434,5174870,Upper Sandusky,
5178040,5178165,Allison Park,
5178040,5178632,Aspinwall,
5178040,5178724,Avalon,
5178040,5178849,Bairdford,
5178040,5178883,Bakerstown,
5178040,5178940,Baldwin,
5178040,5179751,Bell Acres,
5178040,5179811,Bellevue,
5178040,5179911,Ben Avon,
5178040,5180199,Bethel Park,
5178040,5180876,Blawnox,
5178040,5180905,Bloomfield,
5178040,5181238,Boston,
5178040,5181390,Brackenridge,
5178040,5181396,Braddock,
5178040,5181400,Braddock Hills,
5178040,5181428,Bradford Woods,
5178040,5181553,Brentwood,
5178040,5181636,Bridgeville,
5178040,5182063,Bryn Mawr,
5178040,4833478,Carnegie,
5178040,7258082,Carnot-Moon,
5178040,5183428,Castle Shannon,
5178040,5183800,Chalfant,
5178040,5184178,Cheswick,
5178040,5184346,Churchill,
5178040,5184396,Clairton,
5178040,5185408,Coraopolis,
5178040,5185721,Crafton,
5178040,5186171,Curtisville,
5178040,5187150,Dormont,
5178040,5187286,Dravosburg,
5178040,5187580,Duquesne,
5178040,5187987,East McKeesport,
5178040,5188029,East Pittsburgh,
5178040,5188284,Edgewood,
5178040,5188302,Edgeworth,
5178040,5188465,Elizabeth,
5178040,5188743,Emsworth,
5178040,5188787,Enlow,
5178040,5188904,Etna,
5178040,5189981,Forest Hills,
5178040,5190213,Fox Chapel,
5178040,5190360,Franklin Park,
5178040,5191070,Gibsonia,
5178040,5191236,Glassport,
5178040,5191335,Glenshaw,
5178040,5191925,Green Tree,
5178040,5192000,Greenock,
5178040,5192841,Harwick,
5178040,5193133,Heidelberg,
5178040,5194067,Homestead,
5178040,5194741,Imperial,
5178040,5194914,Industry,
5178040,5194912,Ingram,
5178040,5195297,Jefferson Hills,
5178040,7258794,Kennedy Township,
5178040,5197455,Lawrenceville,
5178040,5197594,Leetsdale,
5178040,5197865,Liberty,
5178040,5198062,Lincoln,
5178040,5200474,McKees Rocks,
5178040,5200499,McKeesport,
5178040,5201452,Millvale,
5178040,5201734,Monroeville,
5178040,5202215,Mount Lebanon,
5178040,5202251,Mount Oliver,
5178040,5202734,Munhall,
5178040,5202903,Natrona Heights,
5178040,5203475,Noblestown,
5178040,5203537,North Braddock,
5178040,5203785,North Versailles,
5178040,5204143,Oakdale,
5178040,5204203,Oakmont,
5178040,5204615,Osborne,
5178040,5205493,Pennsbury Village,
5178040,5206361,Pitcairn,
5178040,5206379,Pittsburgh,
5178040,5206510,Pleasant Hills,
5178040,5206606,Plum,
5178040,5206958,Port Vue,
5178040,5207581,Rankin,
5178040,5208015,Rennerdale,
5178040,5209347,Russellton,
5178040,5211506,Sewickley,
5178040,5211515,Sewickley Heights,
5178040,5211518,Sewickley Hills,
5178040,5211708,Sharpsburg,
5178040,7259013,South Park Township,
5178040,5213447,Springdale,
5178040,5214576,Sturgeon,
5178040,5215064,Swissvale,
5178040,5215215,Tarentum,
5178040,5216343,Turtle Creek,
5178040,5216895,Upper Saint Clair,
5178040,5217179,Verona,
5178040,5217183,Versailles,
5178040,5217803,Wall,
5178040,5218684,West Elizabeth,
5178040,5218750,West Homestead,
5178040,5218802,West Mifflin,
5178040,5218918,West View,
5178040,5219140,Whitaker,
5178040,5219216,White Oak,
5178040,5219271,Whitehall,
5178040,5219501,Wilkinsburg,
5178040,5219653,Wilmerding,
5178040,5219667,Wilson,
5178515,5178393,Apollo,
5178515,5186474,Dayton,
5178515,5189947,Ford City,
5178515,5190486,Freeport,
5178515,5196357,Kittanning,
5178515,5197568,Leechburg,
5178515,5197732,Lenape Heights,
5178515,5203254,New Salem,
5178515,5203519,North Apollo,
5178515,5204552,Orchard Hills,
5178515,5205119,Parker,
5178515,5206569,Pleasant View,
5178515,5209304,Rural Valley,
5178515,5218745,West Hills,
5178515,5218758,West Kittanning,
5178515,5220144,Worthington,
5179454,5178027,Aliquippa,
5179454,5178228,Ambridge,
5179454,5178806,Baden,
5179454,5179446,Beaver,
5179454,5179478,Beaver Falls,
5179454,5180308,Big Beaver,
5179454,5181639,Bridgewater,
5179454,5185284,Conway,
5179454,5188036,East Rochester,
5179454,5188236,Economy,
5179454,5190462,Freedom,
5179454,5194892,Industry,
5179454,5196516,Koppel,
5179454,5201045,Midland,
5179454,5201658,Monaca,
5179454,5203116,New Brighton,
5179454,5204273,Ohioville,
5179454,5205203,Patterson Heights,
5179454,5208641,Rochester,
5179454,5218793,West Mayfield,
5179633,5179630,Bedford,
5179633,5187745,Earlston,
5179633,5188960,Everett,
5179633,4558752,Hyndman,
5179633,5211023,Saxton,
5180052,5178088,Alleghenyville,
5180052,5178254,Amity Gardens,
5180052,5178975,Bally,
5180052,5179614,Bechtelsville,
5180052,5180079,Bernville,
5180052,5180620,Birdsboro,
5180052,5180859,Blandon,
5180052,5181375,Boyertown,
5180052,8481845,Colony Park,
5180052,5186381,Dauberville,
5180052,5188255,Edenburg,
5180052,5189828,Fleetwood,
5180052,5189888,Flying Hills,
5180052,7220835,Fox Chase,
5180052,5191055,Gibraltar,
5180052,5191513,Gouglersville,
5180052,8481846,Greenfields,
5180052,5192134,Grill,
5180052,5192444,Hamburg,
5180052,5193294,Hereford,
5180052,5194658,Hyde Park,
5180052,5195186,Jacksonwald,
5180052,5195978,Kenhorst,
5180052,5196621,Kutztown,
5180052,5197398,Laureldale,
5180052,5197590,Leesport,
5180052,5198089,Lincoln Park,
5180052,5198980,Lorane,
5180052,5200849,Mertztown,
5180052,5201641,Mohnton,
5180052,5201804,Montrose,
5180052,7221697,Montrose Manor,
5180052,5201937,Morgantown,
5180052,5202264,Mount Penn,
5180052,5202691,Muhlenberg Park,
5180052,5203105,New Berlinville,
5180052,5203207,New Jerusalem,
5180052,5204432,Oley,
5180052,5205497,Pennside,
5180052,5205594,Pennwyn,
5180052,5207728,Reading,
5180052,5207794,Red Lion,
5180052,5207976,Reiffton,
5180052,5208454,River View Park,
5180052,5208600,Robesonia,
5180052,5210029,Saint Lawrence,
5180052,5211953,Shillington,
5180052,5212072,Shoemakersville,
5180052,5212342,Sinking Spring,
5180052,5213115,South Temple,
5180052,5213397,Spring Ridge,
5180052,5213488,Springmont,
5180052,5214346,Stony Creek Mills,
5180052,5214422,Stouchsburg,
5180052,5215325,Temple,
5180052,5215826,Topton,
5180052,5218485,Wernersville,
5180052,5218726,West Hamburg,
5180052,5218765,West Lawn,
5180052,5218867,West Reading,
5180052,5218940,West Wyomissing,
5180052,5219331,Whitfield,
5180052,5219972,Womelsdorf,
5180052,5220248,Wyomissing,
5180052,5220276,Wyomissing Hills,
5180809,5178195,Altoona,
5180809,5179845,Bellwood,
5180809,5184505,Claysburg,
5180809,5187508,Duncansville,
5180809,5187921,East Freedom,
5180809,5189926,Foot of Ten,
5180809,5191786,Grazierville,
5180809,5192035,Greenwood,
5180809,5193920,Hollidaysburg,
5180809,5196994,Lakemont,
5180809,5200055,Martinsburg,
5180809,5208049,Reservoir,
5180809,5208552,Roaring Spring,
5180809,5215715,Tipton,
5180809,5216514,Tyrone,
5180809,5219574,Williamsburg,
5181416,5178651,Athens,
5181416,5183169,Canton,
5181416,5185033,Columbia Cross Roads,
5181416,5201733,Monroeton,
5181416,5211037,Sayre,
5181416,5213126,South Waverly,
5181416,5215859,Towanda,
5181416,5216182,Troy,
5181416,5220186,Wyalusing,
5182201,5179641,Bedminster,
5182201,5179995,Bensalem,
5182201,5181688,Bristol,
5182201,7258044,Brittany Farms-Highlands,
5182201,5183803,Chalfont,
5182201,5184359,Churchville,
5182201,5185480,Cornwells Heights,
5182201,5186053,Croydon,
5182201,5187247,Doylestown,
5182201,5187443,Dublin,
5182201,5188243,Eddington,
5182201,5189091,Fairless Hills,
5182201,5189420,Feasterville,
5182201,5194498,Hulmeville,
5182201,5195068,Ivyland,
5182201,5197140,Langhorne,
5182201,5197145,Langhorne Manor,
5182201,5197796,Levittown,
5182201,5201126,Milford Square,
5182201,5201996,Morrisville,
5182201,5203118,New Britain,
5182201,5203197,New Hope,
5182201,5203354,Newtown,
5182201,5203369,Newtown Grant,
5182201,5205451,Penndel,
5182201,5205638,Perkasie,
5182201,5206647,Plumsteadville,
5182201,5207381,Quakertown,
5182201,5208166,Richboro,
5182201,5208198,Richlandtown,
5182201,5208300,Riegelsville,
5182201,5211420,Sellersville,
5182201,5212286,Silverdale,
5182201,5213257,Spinnerstown,
5182201,5215317,Telford,
5182201,5215664,Tinicum,
5182201,5216000,Trevose,
5182201,5216206,Trumbauersville,
5182201,5216241,Tullytown,
5182201,5217238,Village Shires,
5182201,5217970,Warminster Heights,
5182201,5219994,Woodbourne,
5182201,5220093,Woodside,
5182201,5220281,Yardley,
5182539,5181966,Bruin,
5182539,5182534,Butler,
5182539,5184197,Chicora,
5182539,5185245,Connoquenessing,
5182539,8643098,Cranberry Township,
5182539,5187858,East Butler,
5182539,5188935,Evans City,
5182539,5189493,Fernway,
5182539,5190247,Fox Run,
5182539,5192678,Harmony,
5182539,5192756,Harrisville,
5182539,7258746,Homeacre-Lyndora,
5182539,8085906,Lake Arthur Estates,
5182539,5199944,Mars,
5182539,5200639,Meadowood,
5182539,5200837,Meridian,
5182539,5203468,Nixon,
5182539,5204107,Oak Hills,
5182539,5207263,Prospect,
5182539,5211020,Saxonburg,
5182539,5211465,Seven Fields,
5182539,7258973,Shanor-Northvue,
5182539,5212532,Slippery Rock,
5182539,5216726,Unionville,
5182539,5216960,Valencia,
5182539,5220432,Zelienople,
5182829,5179102,Barnesboro,
5182829,5179577,Beaverdale,
5182829,5179856,Belmont,
5182829,5181938,Brownstown,
5182829,5183339,Carrolltown,
5182829,5185052,Colver,
5182829,5185128,Conemaugh,
5182829,5185861,Cresson,
5182829,5186244,Dale,
5182829,5187874,East Conemaugh,
5182829,5188193,Ebensburg,
5182829,5188469,Elim,
5182829,5189482,Ferndale,
5182829,5190769,Gallitzin,
5182829,5190928,Geistown,
5182829,5192858,Hastings,
5182829,5195561,Johnstown,
5182829,5198006,Lilly,
5182829,5198977,Lorain,
5182829,5198988,Loretto,
5182829,5202740,Mundys Corner,
5182829,5202860,Nanty Glo,
5182829,5203837,Northern Cambria,
5182829,5204166,Oakland,
5182829,5205215,Patton,
5182829,5206961,Portage,
5182829,5208080,Revloc,
5182829,5210699,Salix,
5182829,5210908,Sankertown,
5182829,5211048,Scalp Level,
5182829,5213001,South Fork,
5182829,5213155,Southmont,
5182829,5213188,Spangler,
5182829,5213361,Spring Hill,
5182829,5217260,Vinco,
5182829,5219003,Westmont,
5182858,5188737,Emporium,
5183193,5179505,Beaver Meadows,
5183193,5181324,Bowmanstown,
5183193,5195460,Jim Thorpe,
5183193,5197163,Lansford,
5183193,5197673,Lehighton,
5183193,5203071,Nesquehoning,
5183193,5204957,Palmerton,
5183193,5205166,Parryville,
5183193,5206708,Pocono Mountain Lake Estates,
5183193,5214775,Summit Hill,
5183193,5215856,Towamensing Trails,
5183193,5215989,Tresckow,
5183193,5218305,Weatherly,
5183193,7259151,Weissport East,
5183763,5177758,Aaronsburg,
5183763,5179799,Bellefonte,
5183763,5180854,Blanchard,
5183763,5181063,Boalsburg,
5183763,5183766,Centre Hall,
5183763,5184414,Clarence,
5183763,5194366,Houserville,
5183763,5194380,Howard,
5183763,5197723,Lemont,
5183763,5201115,Milesburg,
5183763,5201421,Millheim,
5183763,5201534,Mingoville,
5183763,5203457,Nittany,
5183763,5203733,North Philipsburg,
5183763,5205094,Park Forest Village,
5183763,5205806,Philipsburg,
5183763,5206070,Pine Grove Mills,
5183763,5206463,Pleasant Gap,
5183763,5206944,Port Matilda,
5183763,5207539,Ramblewood,
5183763,5212752,Snow Shoe,
5183763,5213681,State College,
5183763,5214416,Stormstown,
5183763,8480068,Toftrees,
5183763,5220463,Zion,
5184079,4556341,Atglen,
5184079,4556349,Avondale,
5184079,5180102,Berwyn,
5184079,4556939,Caln,
5184079,5184082,Chester Springs,
5184079,5184086,Chesterbrook,
5184079,4557247,Coatesville,
5184079,4557253,Cochranville,
5184079,5186852,Devon,
5184079,5187232,Downingtown,
5184079,7315346,Eagleview,
5184079,5188659,Elverson,
5184079,5189022,Exton,
5184079,5194100,Honey Brook,
5184079,5195980,Kenilworth,
5184079,4558942,Kennett Square,
5184079,4559070,Landenberg,
5184079,5198203,Lionville,
5184079,5199600,Malvern,
5184079,4559715,Modena,
5184079,4560185,Oxford,
5184079,5205037,Paoli,
5184079,4560229,Parkesburg,
5184079,5205849,Phoenixville,
5184079,4561345,South Coatesville,
5184079,5213096,South Pottstown,
5184079,5213317,Spring City,
5184079,4561716,Thorndale,
5184079,4561755,Toughkenamon,
5184079,4561873,Upland,
5184079,4562144,West Chester,
5184079,4562148,West Grove,
5184079,4562191,Westwood,
5184423,5184422,Clarion,
5184423,5187772,East Brady,
5184423,5196465,Knox,
5184423,5199873,Marianne,
5184423,5201457,Millville,
5184423,5203107,New Bethlehem,
5184423,5208359,Rimersburg,
5184423,5212521,Sligo,
5184423,5214489,Strattanville,
5184546,5184080,Chester Hill,
5184546,5184541,Clearfield,
5184546,5184756,Coalport,
5184546,5186172,Curwensville,
5184546,5187432,DuBois,
5184546,5191703,Grassflat,
5184546,5192914,Hawk Run,
5184546,5194377,Houtzdale,
5184546,5194656,Hyde,
5184546,5195020,Irvona,
5184546,5201978,Morrisdale,
5184546,5204366,Oklahoma,
5184546,5204622,Osceola Mills,
5184546,5206674,Plymptonville,
5184546,5210847,Sandy,
5184546,5211957,Shiloh,
5184546,5215968,Treasure Lake,
5184546,5216183,Troy,
5184546,5218668,West Decatur,
5184630,5178736,Avis,
5184630,5179660,Beech Creek,
5184630,5183416,Castanea,
5184630,5187573,Dunnstown,
5184630,5189839,Flemington,
5184630,5197032,Lamar,
5184630,5198635,Lock Haven,
5184630,5200396,McElhattan,
5184630,5201245,Mill Hall,
5184630,5207663,Rauchtown,
5184630,5208028,Renovo,
5184630,5209105,Rote,
5185032,5178166,Almedia,
5185032,5180013,Benton,
5185032,5180119,Berwick,
5185032,5180934,Bloomsburg,
5185032,5181581,Briar Creek,
5185032,5183443,Catawissa,
5185032,5188890,Espy,
5185032,5189492,Fernville,
5185032,5197978,Light Street,
5185032,5198026,Lime Ridge,
5185032,5201088,Mifflinville,
5185032,5201458,Millville,
5185032,5204539,Orangeville,
5185801,5182842,Cambridge Springs,
5185801,5183110,Canadohta Lake,
5185801,5184806,Cochranton,
5185801,5185210,Conneaut Lake,
5185801,7258153,Conneaut Lakeshore,
5185801,5185231,Conneautville,
5185801,5190437,Fredericksburg,
5185801,5194663,Hydetown,
5185801,5198166,Linesville,
5185801,5200644,Meadville,
5185801,7258514,Pymatuning Central,
5185801,5209445,Saegertown,
5185801,5215726,Titusville,
5186106,5181134,Boiling Springs,
5186106,5182928,Camp Hill,
5186106,5183234,Carlisle,
5186106,5188793,Enola,
5186106,5197725,Lemoyne,
5186106,5199075,Lower Allen,
5186106,5200657,Mechanicsburg,
5186106,5202164,Mount Holly Springs,
5186106,5203164,New Cumberland,
5186106,5203377,Newville,
5186106,5211113,Schlusser,
5186106,5212038,Shippensburg,
5186106,5212033,Shiremanstown,
5186106,5218702,West Fairview,
5186106,5220137,Wormleysburg,
5186395,5181562,Bressler,
5186395,5185006,Colonial Park,
5186395,5186394,Dauphin,
5186395,5188482,Elizabethville,
5186395,5188784,Enhaut,
5186395,5191719,Gratz,
5186395,5192408,Halifax,
5186395,5192726,Harrisburg,
5186395,5193342,Hershey,
5186395,5193622,Highspire,
5186395,5194513,Hummelstown,
5186395,5197435,Lawnton,
5186395,5197445,Lawrence Park,
5186395,5197742,Lenkerville,
5186395,5198180,Linglestown,
5186395,5199324,Lykens,
5186395,5200122,Matamoras,
5186395,5201027,Middletown,
5186395,5201405,Millersburg,
5186395,5204230,Oberlin,
5186395,5204944,Palmdale,
5186395,5205249,Paxtang,
5186395,5205267,Paxtonia,
5186395,5205343,Penbrook,
5186395,5207214,Progress,
5186395,5209232,Royalton,
5186395,5209362,Rutherford,
5186395,5212430,Skyline View,
5186395,5214040,Steelton,
5186395,5219384,Wiconisco,
5186395,5219592,Williamstown,
5186677,4556248,Aldan,
5186677,4556702,Boothwyn,
5186677,4556793,Brookhaven,
5186677,4556802,Broomall,
5186677,4557137,Chester,
5186677,4557148,Chester Heights,
5186677,4557228,Clifton Heights,
5186677,4557287,Collingdale,
5186677,4557296,Colwyn,
5186677,4557485,Darby,
5186677,4557606,Drexel Hill,
5186677,4557699,East Lansdowne,
5186677,4557760,Eddystone,
5186677,4558004,Folcroft,
5186677,4558002,Folsom,
5186677,4558247,Glenolden,
5186677,4558523,Havertown,
5186677,4559077,Lansdowne,
5186677,4559210,Lima,
5186677,4559225,Linwood,
5186677,4559431,Marcus Hook,
5186677,4559575,Media,
5186677,4559666,Millbourne,
5186677,4559762,Morton,
5186677,4560057,Norwood,
5186677,4560233,Parkside,
5186677,4560549,Prospect Park,
5186677,5207490,Radnor,
5186677,4560709,Ridley Park,
5186677,4560819,Rose Valley,
5186677,4560865,Rutledge,
5186677,4561188,Sharon Hill,
5186677,4561407,Springfield,
5186677,4561628,Swarthmore,
5186677,4561768,Trainer,
5186677,4561874,Upland,
5186677,7259124,Village Green-Green Ridge,
5186677,5218270,Wayne,
5186677,4562366,Woodlyn,
5186677,4562430,Yeadon,
5188486,5195549,Johnsonburg,
5188486,5196059,Kersey,
5188486,5208292,Ridgway,
5188486,5210117,Saint Marys,
5188486,5218361,Weedville,
5188847,5177944,Albion,
5188847,5178748,Avonia,
5188847,5185490,Corry,
5188847,5185798,Cranesville,
5188847,5188306,Edinboro,
5188847,5188843,Erie,
5188847,5189124,Fairview,
5188847,5191161,Girard,
5188847,5196767,Lake City,
5188847,5197446,Lawrence Park,
5188847,5203634,North East,
5188847,7258393,Northwest Harborcreek,
5188847,5216639,Union City,
5188847,5218198,Waterford,
5188847,5218531,Wesleyville,
5189414,4556263,Allison,
5189414,5179338,Bear Rocks,
5189414,5179794,Belle Vernon,
5189414,5181946,Brownsville,
5189414,5185237,Connellsville,
5189414,4557629,Dunbar,
5189414,4557713,East Uniontown,
5189414,5188988,Everson,
5189414,4557851,Fairchance,
5189414,5189085,Fairhope,
5189414,4557940,Farmington,
5189414,5189412,Fayette City,
5189414,5193684,Hiller,
5189414,4558703,Hopwood,
5189414,7258855,Leith-Hatfield,
5189414,4559168,Lemont Furnace,
5189414,4559367,Luzerne,
5189414,4559490,Masontown,
5189414,4559990,New Salem,
5189414,5203298,Newell,
5189414,4560152,Oliver,
5189414,5205704,Perryopolis,
5189414,4560492,Point Marion,
5189414,4560671,Republic,
5189414,5209207,Rowes Run,
5189414,4561301,Smithfield,
5189414,4561307,Smock,
5189414,4561342,South Connellsville,
5189414,4561362,South Uniontown,
5189414,5213675,Star Junction,
5189414,4561859,Uniontown,
5189967,5199876,Marienville,
5189967,5215696,Tionesta,
5190337,4556668,Blue Ridge Summit,
5190337,4557109,Chambersburg,
5190337,4557920,Fayetteville,
5190337,4558020,Fort Loudon,
5190337,4558369,Greencastle,
5190337,7258686,Guilford,
5190337,4558439,Guilford Siding,
5190337,4559439,Marion,
5190337,4559600,Mercersburg,
5190337,4559730,Mont Alto,
5190337,4560271,Pen Mar,
5190337,4560843,Rouzerville,
5190337,4561120,Scotland,
5190337,4561477,State Line,
5190337,4562065,Wayne Heights,
5190337,4562070,Waynesboro,
5190669,4559516,McConnellsburg,
5191994,4556681,Bobtown,
5191994,4557436,Crucible,
5191994,4557636,Dry Tavern,
5191994,4557857,Fairdale,
5191994,4559495,Mather,
5191994,4559761,Morrisville,
5191994,4559812,Mount Morris,
5191994,4559943,Nemacolin,
5191994,4562078,Waynesburg,
5194592,5178120,Allenport,
5194592,5194590,Huntingdon,
5194592,5200318,McConnellstown,
5194592,5202382,Mount Union,
5194872,5180709,Black Lick,
5194872,5180834,Blairsville,
5194872,5184181,Chevy Chase Heights,
5194872,5184686,Clymer,
5194872,5193119,Heilwood,
5194872,5194057,Homer City,
5194872,5194868,Indiana,
5194872,5195180,Jacksonville,
5194872,5195550,Johnsonburg,
5194872,5199242,Lucerne Mines,
5194872,5208613,Robinson,
5194872,5209085,Rossiter,
5194872,5210732,Saltsburg,
5195307,5177945,Albion,
5195307,5180449,Big Run,
5195307,5181752,Brockway,
5195307,5181828,Brookville,
5195307,5189308,Falls Creek,
5195307,5207307,Punxsutawney,
5195307,5208111,Reynoldsville,
5195307,5214759,Summerville,
5195307,5215087,Sykesville,
5195677,5200228,McAlisterville,
5195677,5201067,Mifflin,
5195677,5201085,Mifflintown,
5195677,5206950,Port Royal,
5195677,5208175,Richfield,
5195677,5215538,Thompsontown,
5196674,5178450,Archbald,
5196674,8480065,Big Bass Lake,
5196674,5180843,Blakely,
5196674,5183204,Carbondale,
5196674,5184233,Chinchilla,
5196674,5184469,Clarks Green,
5196674,5184490,Clarks Summit,
5196674,5186267,Dalton,
5196674,5186924,Dickson City,
5196674,5187542,Dunmore,
5196674,5191291,Glenburn,
5196674,5195399,Jermyn,
5196674,5195437,Jessup,
5196674,5200194,Mayfield,
5196674,5201901,Moosic,
5196674,5202009,Moscow,
5196674,5202141,Mount Cobb,
5196674,5204331,Old Forge,
5196674,5204476,Olyphant,
5196674,5211303,Scranton,
5196674,5212312,Simpson,
5196674,5215247,Taylor,
5196674,5215611,Throop,
5196674,5217114,Vandling,
5196674,5218262,Waverly,
5197085,5177874,Adamstown,
5197085,5177922,Akron,
5197085,5178839,Bainbridge,
5197085,5180958,Blue Ball,
5197085,5181326,Bowmansville,
5197085,5181605,Brickerville,
5197085,5181940,Brownstown,
5197085,4557181,Christiana,
5197085,5184494,Clay,
5197085,5185029,Columbia,
5197085,4557316,Conestoga,
5197085,5186794,Denver,
5197085,5187889,East Earl,
5197085,5188022,East Petersburg,
5197085,5188474,Elizabethtown,
5197085,5188815,Ephrata,
5197085,5189355,Farmersville,
5197085,5189796,Fivepointville,
5197085,4558131,Gap,
5197085,4558172,Georgetown,
5197085,5191476,Gordonville,
5197085,5194177,Hopeland,
5197085,5194941,Intercourse,
5197085,4559065,Lampeter,
5197085,5197079,Lancaster,
5197085,5197120,Landisville,
5197085,5197749,Leola,
5197085,5198218,Lititz,
5197085,5199648,Manheim,
5197085,5199879,Marietta,
5197085,5200208,Maytown,
5197085,4559685,Millersville,
5197085,5202202,Mount Joy,
5197085,5202566,Mountville,
5197085,5203221,New Holland,
5197085,5205052,Paradise,
5197085,5205613,Penryn,
5197085,4560577,Quarryville,
5197085,5207745,Reamstown,
5197085,5207989,Reinholds,
5197085,5208119,Rheems,
5197085,5209110,Rothsville,
5197085,5210741,Salunga,
5197085,5211129,Schoeneck,
5197085,5212895,Soudersburg,
5197085,5214110,Stevens,
5197085,4561542,Strasburg,
5197085,5214999,Swartzville,
5197085,5215373,Terre Hill,
5197085,4562005,Wakefield,
5197085,4562043,Washington Boro,
5197085,5219087,Wheatland,
5197085,4562275,Willow Street,
5197440,5180106,Bessemer,
5197440,5188607,Ellport,
5197440,5188609,Ellwood City,
5197440,5190591,Frizzleburg,
5197440,5203099,New Beaver,
5197440,5203101,New Bedford,
5197440,5203127,New Castle,
5197440,7258338,New Castle Northwest,
5197440,5203277,New Wilmington,
5197440,5204168,Oakland,
5197440,5204220,Oakwood,
5197440,5213068,South New Castle,
5197440,5217925,Wampum,
5197440,5218874,West Pittsburg,
5197522,5178351,Annville,
5197522,5178743,Avon,
5197522,5183096,Campbelltown,
5197522,5184584,Cleona,
5197522,5185465,Cornwall,
5197522,5190438,Fredericksburg,
5197522,5193056,Hebron,
5197522,5195606,Jonestown,
5197522,5197517,Lebanon,
5197522,7258847,Lebanon South,
5197522,5202820,Myerstown,
5197522,5203311,Newmanstown,
5197522,5204964,Palmyra,
5197522,5206487,Pleasant Hill,
5197522,5207440,Quentin,
5197522,5208177,Richland,
5197522,5208805,Rockwood,
5197522,5210779,Sand Hill,
5197522,5211072,Schaefferstown,
5197646,5177951,Alburtis,
5197646,5178127,Allentown,
5197646,5178280,Ancient Oaks,
5197646,5181570,Breinigsville,
5197646,5183438,Catasauqua,
5197646,5183576,Cementon,
5197646,5183670,Center Valley,
5197646,5183791,Cetronia,
5197646,5185380,Coopersburg,
5197646,5185397,Coplay,
5197646,5187157,Dorneyville,
5197646,5188351,Egypt,
5197646,5188726,Emmaus,
5197646,5190150,Fountain Hill,
5197646,5190679,Fullerton,
5197646,5193863,Hokendauqua,
5197646,5197413,Laurys Station,
5197646,5199439,Macungie,
5197646,5203269,New Tripoli,
5197646,5211128,Schnecksville,
5197646,5212477,Slatington,
5197646,5214175,Stiles,
5197646,5216013,Trexlertown,
5197646,5218505,Wescosville,
5197646,5219287,Whitehall Township,
5199309,5178612,Ashley,
5199309,5178741,Avoca,
5199309,5178800,Back Mountain,
5199309,8085753,Beech Mountain Lakes,
5199309,5181950,Browntown,
5199309,4833474,Chase,
5199309,5185289,Conyngham,
5199309,5185588,Courtdale,
5199309,5186266,Dallas,
5199309,5187577,Dupont,
5199309,5187611,Duryea,
5199309,5187767,East Berwick,
5199309,5188347,Edwardsville,
5199309,5189004,Exeter,
5199309,5190115,Forty Fort,
5199309,5190469,Freeland,
5199309,5190988,Georgetown,
5199309,5191279,Glen Lyon,
5199309,5192657,Harleigh,
5199309,5192840,Harveys Lake,
5199309,5193011,Hazleton,
5199309,5193449,Hickory Hills,
5199309,5193682,Hilldale,
5199309,5194450,Hudson,
5199309,5194479,Hughestown,
5199309,5194915,Inkerman,
5199309,5196245,Kingston,
5199309,5196713,Laflin,
5199309,5197190,Larksville,
5199309,5197237,Lattimer,
5199309,5197355,Laurel Run,
5199309,5199308,Luzerne,
5199309,5201619,Mocanaqua,
5199309,5202535,Mountain Top,
5199309,5202855,Nanticoke,
5199309,5203030,Nescopeck,
5199309,5203922,Nuangola,
5199309,5204144,Oakdale,
5199309,5205078,Pardeesville,
5199309,5206397,Pittston,
5199309,5206422,Plains,
5199309,5206659,Plymouth,
5199309,5207200,Pringle,
5199309,5211730,Shavertown,
5199309,5211786,Sheatown,
5199309,5211936,Shickshinny,
5199309,5212233,Silkworth,
5199309,5214637,Sugar Notch,
5199309,5215076,Swoyersville,
5199309,5216205,Trucksville,
5199309,5216821,Upper Exeter,
5199309,5217929,Wanamie,
5199309,5218027,Warrior Run,
5199309,5218730,West Hazleton,
5199309,5218818,West Nanticoke,
5199309,5218853,West Pittston,
5199309,5218938,West Wyoming,
5199309,5219189,White Haven,
5199309,5219488,Wilkes-Barre,
5199309,5220236,Wyoming,
5199309,5220297,Yatesville,
5199318,5187453,Duboistown,
5199318,5189408,Faxon,
5199318,5190808,Garden View,
5199318,5194481,Hughesville,
5199318,5195416,Jersey Shore,
5199318,5195982,Kenmar,
5199318,5201752,Montgomery,
5199318,5201801,Montoursville,
5199318,5202715,Muncy,
5199318,5205883,Picture Rocks,
5199318,5213130,South Williamsport,
5199318,5219585,Williamsport,
5200448,5181407,Bradford,
5200448,5188424,Eldred,
5200448,5190117,Foster Brook,
5200448,5195728,Kane,
5200448,5197827,Lewis Run,
5200448,5202198,Mount Jewett,
5200448,5206956,Port Allegany,
5200448,5212582,Smethport,
5200801,5184434,Clark,
5200801,5189377,Farrell,
5200801,5192019,Greenville,
5200801,5192184,Grove City,
5200801,5193309,Hermitage,
5200801,5195239,Jamestown,
5200801,8480069,Lake Latonka,
5200801,5200798,Mercer,
5200801,5208100,Reynolds Heights,
5200801,5210863,Sandy Lake,
5200801,5211683,Sharon,
5200801,5211712,Sharpsville,
5200801,5214311,Stoneboro,
5200801,5218796,West Middlesex,
5200801,5219081,Wheatland,
5201068,5178137,Allensville,
5201068,5179809,Belleville,
5201068,5182434,Burnham,
5201068,5184309,Church Hill,
5201068,5193599,Highland Park,
5201068,5195701,Juniata Terrace,
5201068,5197850,Lewistown,
5201068,5201468,Milroy,
5201068,5207916,Reedsville,
5201068,5214526,Strodes Mills,
5201068,5220310,Yeagertown,
5201707,5178489,Arlington Heights,
5201707,5181761,Brodheadsville,
5201707,5183109,Canadensis,
5201707,5185853,Cresco,
5201707,5186696,Delaware Water Gap,
5201707,5188075,East Stroudsburg,
5201707,5188339,Effort,
5201707,5188682,Emerald Lakes,
5201707,5194821,Indian Mountain Lake,
5201707,5202340,Mount Pocono,
5201707,5202551,Mountainhome,
5201707,5205152,Parkside,
5201707,8086030,Penn Estates,
5201707,5206718,Pocono Pines,
5201707,5211033,Saylorsburg,
5201707,8086031,Sierra View,
5201707,5214543,Stroudsburg,
5201707,5214809,Sun Valley,
5201707,5215193,Tannersville,
5201756,5177773,Abington,
5201756,5178225,Ambler,
5201756,5178481,Ardmore,
5201756,5178686,Audubon,
5201756,5178892,Bala Cynwyd,
5201756,5180961,Blue Bell,
5201756,5181624,Bridgeport,
5201756,5182059,Bryn Athyn,
5201756,5182064,Bryn Mawr,
5201756,5183942,Cheltenham,
5201756,5184966,Collegeville,
5201756,5185267,Conshohocken,
5201756,5187297,Dresher,
5201756,5187727,Eagleville,
5201756,5187925,East Greenville,
5201756,7258242,East Norriton,
5201756,5188546,Elkins Park,
5201756,5188948,Evansburg,
5201756,5189872,Flourtown,
5201756,5190089,Fort Washington,
5201756,5191093,Gilbertsville,
5201756,5191327,Glenside,
5201756,5191871,Green Lane,
5201756,5192391,Halfway House,
5201756,5192662,Harleysville,
5201756,5192863,Hatboro,
5201756,5192878,Hatfield,
5201756,5194302,Horsham,
5201756,5195363,Jenkintown,
5201756,5196220,King of Prussia,
5201756,5196605,Kulpsville,
5201756,5196702,Lafayette Hill,
5201756,5197159,Lansdale,
5201756,5198034,Limerick,
5201756,5199781,Maple Glen,
5201756,5201776,Montgomeryville,
5201756,5202869,Narberth,
5201756,5203506,Norristown,
5201756,5203788,North Wales,
5201756,5204575,Oreland,
5201756,4560291,Penn Wynne,
5201756,5205484,Pennsburg,
5201756,5206666,Plymouth Meeting,
5201756,5207065,Pottsgrove,
5201756,5207069,Pottstown,
5201756,5207780,Red Hill,
5201756,5208767,Rockledge,
5201756,5209240,Royersford,
5201756,5210764,Sanatoga,
5201756,5211230,Schwenksville,
5201756,5212412,Skippack,
5201756,5212897,Souderton,
5201756,5213370,Spring House,
5201756,5213393,Spring Mount,
5201756,5214449,Stowe,
5201756,5215947,Trappe,
5201756,5216092,Trooper,
5201756,5218652,West Conshohocken,
5201756,5218827,West Norriton,
5201756,5219619,Willow Grove,
5201756,5220150,Woxall,
5201756,5220217,Wyncote,
5201756,5220221,Wyndmoor,
5201786,5186327,Danville,
5201786,5200669,Mechanicsville,
5203809,5177820,Ackermanville,
5203809,5178996,Bangor,
5203809,5179193,Bath,
5203809,5179756,Belfast,
5203809,5180225,Bethlehem,
5203809,5184071,Cherryville,
5203809,5187760,East Bangor,
5203809,5188133,Eastlawn Gardens,
5203809,5188140,Easton,
5203809,5189041,Factoryville,
5203809,5190503,Freemansburg,
5203809,5193149,Hellertown,
5203809,5200043,Martins Creek,
5203809,5201031,Middletown,
5203809,5202938,Nazareth,
5203809,5203618,North Catasauqua,
5203809,5203804,Northampton,
5203809,5204368,Old Orchard,
5203809,5204947,Palmer Heights,
5203809,5205339,Pen Argyl,
5203809,5281274,Portland,
5203809,5207660,Raubsville,
5203809,5209036,Roseto,
5203809,5214218,Stockertown,
5203809,5215235,Tatamy,
5203809,5217887,Walnutport,
5203809,5218678,West Easton,
5203809,5219668,Wilson,
5203809,5219720,Wind Gap,
5203809,5220400,Youngsville,
5203860,5178662,Atlas,
5203860,5186862,Dewart,
5203860,5188287,Edgewood,
5203860,5188667,Elysburg,
5203860,7257872,Fairview-Ferndale,
5203860,5195752,Kapp Heights,
5203860,5196601,Kulpmont,
5203860,5199892,Marion Heights,
5203860,5199994,Marshallton,
5203860,5201470,Milton,
5203860,5201740,Montandon,
5203860,5202114,Mount Carmel,
5203860,5203859,Northumberland,
5203860,5207593,Ranshaw,
5203860,5208462,Riverside,
5203860,5211622,Shamokin,
5203860,5214814,Sunbury,
5203860,5215995,Trevorton,
5203860,5216284,Turbotville,
5203860,5218038,Warrior Run,
5203860,5218246,Watsontown,
5205669,5187506,Duncannon,
5205669,5198596,Liverpool,
5205669,5200081,Marysville,
5205669,5201412,Millerstown,
5205669,5203112,New Bloomfield,
5205669,5203317,Newport,
5205788,4560349,Philadelphia,
5205930,5180607,Birchwood Lakes,
5205930,5185135,Conashaugh Lakes,
5205930,5189403,Fawn Lake Forest,
5205930,5191389,Gold Key Lake,
5205930,5193169,Hemlock Farms,
5205930,5200118,Masthope,
5205930,5200123,Matamoras,
5205930,5201117,Milford,
5205930,8086032,Pine Ridge,
5205930,5206709,Pocono Mountain Lake Estates,
5205930,5207563,Pocono Ranch Lands,
5205930,5210973,Saw Creek,
5205930,5214867,Sunrise Lake,
5207042,5178713,Austin,
5207042,5185531,Coudersport,
5207042,5190743,Galeton,
5207042,5209132,Roulette,
5207042,5212002,Shinglehouse,
5207042,5216555,Ulysses,
5211208,5178183,Altamont,
5211208,5178597,Ashland,
5211208,5178673,Auburn,
5211208,5184748,Coaldale,
5211208,5185866,Cressona,
5211208,5186609,Deer Lake,
5211208,5188772,Englewood,
5211208,5190282,Frackville,
5211208,5190554,Friedensburg,
5211208,5191101,Gilberton,
5211208,5191169,Girardville,
5211208,5191469,Gordon,
5211208,5193095,Hegins,
5211208,5194076,Hometown,
5211208,5195889,Kelayres,
5211208,5196977,Lake Wynonah,
5211208,5197419,Lavelle,
5211208,5199494,Mahanoy City,
5211208,5199927,Marlin,
5211208,5200220,McAdoo,
5211208,5201518,Minersville,
5211208,5203246,New Philadelphia,
5211208,5204608,Orwigsburg,
5211208,5204971,Palo Alto,
5211208,5205088,Park Crest,
5211208,5206038,Pine Grove,
5211208,5206933,Port Carbon,
5211208,5207080,Pottsville,
5211208,5207698,Ravine,
5211208,5208018,Renningers,
5211208,5208381,Ringtown,
5211208,5209621,Saint Clair,
5211208,5211212,Schuylkill Haven,
5211208,5211846,Shenandoah,
5211208,5211850,Shenandoah Heights,
5211208,5215142,Tamaqua,
5211208,5215886,Tower City,
5211208,5215983,Tremont,
5211208,5216354,Tuscarora,
5211208,5217039,Valley View,
5211208,5220298,Yatesville,
5212772,5179558,Beaver Springs,
5212772,5179605,Beavertown,
5212772,5190458,Freeburg,
5212772,5194512,Hummels Wharf,
5212772,5196548,Kreamer,
5212772,5200291,McClure,
5212772,5201006,Middleburg,
5212772,5205482,Penns Creek,
5212772,5206971,Port Trevorton,
5212772,5211411,Selinsgrove,
5212772,5211637,Shamokin Dam,
5212857,4556518,Berlin,
5212857,5181248,Boswell,
5212857,5182704,Cairnbrook,
5212857,5183709,Central City,
5212857,4557319,Confluence,
5212857,5186420,Davidsville,
5212857,5190547,Friedens,
5212857,5194159,Hooversville,
5212857,5195377,Jennerstown,
5212857,5195405,Jerome,
5212857,4559619,Meyersdale,
5212857,4559647,Milford,
5212857,5204895,Paint,
5212857,4560776,Rockwood,
5212857,4561064,Salisbury,
5212857,5212853,Somerset,
5212857,5219722,Windber,
5214721,5187613,Dushore,
5214721,5197171,Laporte,
5214915,5189963,Forest City,
5214915,5191789,Great Bend,
5214915,5192431,Hallstead,
5214915,5201805,Montrose,
5214915,5203233,New Milford,
5214915,5204170,Oakland,
5214915,5214936,Susquehanna,
5215684,5180948,Blossburg,
5215684,5188549,Elkland,
5215684,5196473,Knoxville,
5215684,5197457,Lawrenceville,
5215684,5199710,Mansfield,
5215684,5215698,Tioga,
5215684,5218450,Wellsboro,
5215684,5218969,Westfield,
5216649,5197842,Lewisburg,
5216649,5198192,Linntown,
5216649,5201080,Mifflinburg,
5216649,5203103,New Berlin,
5216649,5203143,New Columbia,
5216649,5218809,West Milton,
5216649,5219775,Winfield,
5217142,5188702,Emlenton,
5217142,5190323,Franklin,
5217142,5192861,Hasson Heights,
5217142,5204278,Oil City,
5217142,5206595,Pleasantville,
5217142,5206800,Polk,
5217142,5211432,Seneca,
5217142,5214696,Sugarcreek,
5217142,5220040,Woodland Heights,
5217991,5185044,Columbus,
5217991,5203791,North Warren,
5217991,5209332,Russell,
5217991,5211804,Sheffield,
5217991,5213656,Starbrick,
5217991,5214613,Sugar Grove,
5217991,5215629,Tidioute,
5217991,5218023,Warren,
5217991,5220401,Youngsville,
5218076,5178118,Allenport,
5218076,5178728,Avella,
5218076,5178824,Baidland,
5218076,5180021,Bentleyville,
5218076,5182414,Burgettstown,
5218076,5182733,California,
5218076,5183161,Canonsburg,
5218076,7258090,Cecil-Bishop,
5218076,5183683,Centerville,
5218076,5183891,Charleroi,
5218076,5184507,Claysville,
5218076,5184853,Cokeburg,
5218076,5186558,Deemston,
5218076,5187134,Donora,
5218076,5188105,East Washington,
5218076,5188377,Eighty Four,
5218076,5188602,Ellsworth,
5218076,5189074,Fairfield,
5218076,5190870,Gastonville,
5218076,5193428,Hickory,
5218076,5194369,Houston,
5218076,5195499,Joffre,
5218076,5197138,Langeloth,
5218076,5197437,Lawrence,
5218076,5199740,Maple Glen,
5218076,5200371,McDonald,
5218076,5200422,McGovern,
5218076,5200544,McMurray,
5218076,5200617,Meadow Lands,
5218076,5201046,Midland,
5218076,5201056,Midway,
5218076,4559692,Millsboro,
5218076,5201688,Monongahela,
5218076,5202776,Muse,
5218076,5203155,New Eagle,
5218076,5203609,North Charleroi,
5218076,5205082,Paris,
5218076,5208969,Roscoe,
5218076,5212566,Slovan,
5218076,5213220,Speers,
5218076,5214214,Stockdale,
5218076,5215541,Thompsonville,
5218076,5218069,Washington,
5218076,5218535,West Alexander,
5218076,5218633,West Brownsville,
5218076,7259200,Wickerham Manor-Fisher,
5218076,5219949,Wolfdale,
5218273,5191523,Gouldsboro,
5218273,5192925,Hawley,
5218273,5194099,Honesdale,
5218273,5206725,Pocono Springs,
5218273,8085759,The Hideout,
5218273,8085760,Wallenpaupack Lake Estates,
5218273,5218268,Waymart,
5218273,5219209,White Mills,
5219013,5177826,Acme,
5219013,5178527,Arnold,
5219013,5178749,Avonmore,
5219013,5181405,Bradenville,
5219013,5182768,Calumet,
5219013,5184984,Collinsburg,
5219013,5186717,Delmont,
5219013,5186775,Derry,
5219013,5188097,East Vandergrift,
5219013,5189019,Export,
5219013,5189445,Fellsburg,
5219013,5191693,Grapeville,
5219013,5192029,Greensburg,
5219013,5193305,Herminie,
5219013,5194343,Hostetter,
5219013,5195024,Irwin,
5219013,5195283,Jeannette,
5219013,5197227,Latrobe,
5219013,5197463,Lawson Heights,
5219013,5197791,Level Green,
5219013,5197989,Ligonier,
5219013,5199087,Lower Burrell,
5219013,5199209,Loyalhanna,
5219013,7258901,Lynnwood-Pricedale,
5219013,5199604,Mammoth,
5219013,5199677,Manor,
5219013,5200195,Mayfield,
5219013,5201464,Millwood,
5219013,5201665,Monessen,
5219013,5202286,Mount Pleasant,
5219013,5202765,Murrysville,
5219013,5203094,New Alexandria,
5219013,5203168,New Florence,
5219013,5203211,New Kensington,
5219013,5203263,New Stanton,
5219013,5203529,North Belle Vernon,
5219013,5203694,North Irwin,
5219013,5203886,Norvelt,
5219013,5204294,Oklahoma,
5219013,5211279,Scottdale,
5219013,5213024,South Greensburg,
5219013,5213167,Southwest Greensburg,
5219013,5214937,Sutersville,
5219013,5215921,Trafford,
5219013,5217103,Vandergrift,
5219013,5218199,Waterford,
5219013,5218773,West Leechburg,
5219013,5218822,West Newton,
5219013,5220405,Youngwood,
5219013,5220412,Yukon,
5220239,5189042,Factoryville,
5220239,5196974,Lake Winola,
5220239,5200852,Meshoppen,
5220239,5203404,Nicholson,
5220239,5203917,Noxen,
5220239,5216260,Tunkhannock,
5220355,4556241,Airville,
5220355,4557420,Cross Roads,
5220355,4557477,Dallastown,
5220355,4557544,Delta,
5220355,5186962,Dillsburg,
5220355,5187215,Dover,
5220355,4557707,East Prospect,
5220355,4557717,East York,
5220355,5188708,Emigsville,
5220355,4557931,Felton,
5220355,4558236,Glen Rock,
5220355,4833542,Goldsboro,
5220355,4558315,Grantley,
5220355,5192413,Hallam,
5220355,4558475,Hanover,
5220355,4558838,Jacobus,
5220355,4558844,Jefferson,
5220355,4559302,Loganville,
5220355,5199634,Manchester,
5220355,5202421,Mount Wolf,
5220355,4559967,New Freedom,
5220355,5203231,New Market,
5220355,4559991,New Salem,
5220355,4560048,North York,
5220355,4560237,Parkville,
5220355,4560318,Pennville,
5220355,4560639,Red Lion,
5220355,4561160,Seven Valleys,
5220355,4561215,Shiloh,
5220355,4561233,Shrewsbury,
5220355,4561391,Spring Grove,
5220355,4561435,Spry,
5220355,4561501,Stewartstown,
5220355,4561530,Stonybrook,
5220355,4561620,Susquehanna Trails,
5220355,5217005,Valley Green,
5220355,4561909,Valley View,
5220355,4562088,Weigelstown,
5220355,4562174,West York,
5220355,4562311,Windsor,
5220355,4562326,Winterstown,
5220355,5220180,Wrightsville,
5220355,4562405,Yoe,
5220355,4562407,York,
5220355,5220359,York Haven,
5220355,4562441,Yorklyn,
5221078,5220798,Barrington,
5221078,5221077,Bristol,
5221078,5225502,Warren,
5222961,5221637,Coventry,
5222961,5221875,East Greenwich,
5222961,5222468,Greene,
5222961,5225507,Warwick,
5222961,8260172,West Greenwich,
5222961,5225627,West Warwick,
5223601,5222866,Jamestown,
5223601,5223324,Melville,
5223601,5223358,Middletown,
5223601,5223593,Newport,
5223601,7257658,Newport East,
5223601,5224082,Portsmouth,
5223601,5225245,Tiverton,
5224162,5221341,Central Falls,
5224162,5221401,Chepachet,
5224162,5221659,Cranston,
5224162,5221703,Cumberland,
5224162,5221705,Cumberland Hill,
5224162,5221931,East Providence,
5224162,5222169,Foster,
5224162,5222476,Greenville,
5224162,5222554,Harmony,
5224162,5222569,Harrisville,
5224162,8604682,Johnston,
5224162,8531960,Lincoln,
5224162,5223681,North Providence,
5224162,5223685,North Scituate,
5224162,5223687,North Smithfield,
5224162,5223854,Pascoag,
5224162,5223869,Pawtucket,
5224162,5224151,Providence,
5224162,5224949,Smithfield,
5224162,5225388,Valley Falls,
5224162,5225809,Woonsocket,
5225535,5220705,Ashaway,
5225535,5221030,Bradford,
5225535,5221261,Carolina,
5225535,5221384,Charlestown,
5225535,5222019,Exeter,
5225535,5222665,Hope Valley,
5225535,5222680,Hopkinton,
5225535,5223006,Kingston,
5225535,5223505,Narragansett,
5225535,5223525,Narragansett Pier,
5225535,5223587,New Shoreham,
5225535,5223672,North Kingstown,
5225535,8436572,South Kingstown,
5225535,7257663,Wakefield-Peacedale,
5225535,5225631,Westerly,
5226093,5230463,Plankinton,
5226183,5228673,Huron,
5226441,5226101,Avon,
5226441,5231735,Scotland,
5226441,5232077,Springfield,
5226441,5232489,Tyndall,
5226536,5226090,Aurora,
5226536,5226534,Brookings,
5226536,5227572,Elkton,
5226536,5232637,Volga,
5226553,5225857,Aberdeen,
5226553,5228242,Groton,
5226565,5226824,Chamberlain,
5226565,5228984,Kimball,
5226588,5227856,Fort Thompson,
5226849,5229103,Lake Andes,
5226849,5230472,Platte,
5226849,5232661,Wagner,
5226904,5226901,Clark,
5226970,5232741,Watertown,
5226973,5232592,Vermillion,
5227222,5229794,Mitchell,
5227240,5232748,Waubay,
5227240,5232764,Webster,
5227295,5226932,Clear Lake,
5227372,5226045,Armour,
5227372,5227048,Corsica,
5227535,5226467,Bowdle,
5227535,5228742,Ipswich,
5227752,5227753,Faulkton,
5228179,5229737,Milbank,
5228223,5226625,Burke,
5228223,5228222,Gregory,
5228291,5226762,Castlewood,
5228291,5227651,Estelline,
5228291,4833760,Hayti,
5228302,5229751,Miller,
5228308,5225919,Alexandria,
5228654,5767918,Pierre,
5228688,5227913,Freeman,
5228688,5229694,Menno,
5228688,5230213,Olivet,
5228688,5230313,Parkston,
5228688,5232415,Tripp,
5228693,5228476,Highmore,
5228817,5232802,Wessington Springs,
5228997,5226035,Arlington,
5228997,5227237,De Smet,
5228997,5229173,Lake Preston,
5229128,5229526,Madison,
5229313,5226716,Canton,
5229313,5228340,Harrisburg,
5229313,5229271,Lennox,
5229313,5231799,Shindler,
5229313,5232316,Tea,
5229313,5233042,Worthing,
5229494,5228958,Kennebec,
5229494,5229455,Lower Brule,
5229494,5768099,Presho,
5229574,5226523,Britton,
5229574,5232582,Veblen,
5229622,5226708,Canistota,
5229622,5231228,Salem,
5229653,5227665,Eureka,
5229653,5229276,Leola,
5229775,5228623,Howard,
5229782,5226143,Baltic,
5229782,5226489,Brandon,
5229782,5226993,Colton,
5229782,5227129,Crooks,
5229782,5227270,Dell Rapids,
5229782,5227996,Garretson,
5229782,5228353,Hartford,
5229782,5228657,Humboldt,
5229782,5229658,Meadow View Addition,
5229782,5231851,Sioux Falls,
5229782,5232557,Valley Springs,
5229837,5226984,Colman,
5229837,5227802,Flandreau,
5230591,5228053,Gettysburg,
5230872,5228107,Goodwill,
5230872,5231863,Sisseton,
5230872,5232973,Wilmot,
5231251,5233037,Woonsocket,
5231992,5230743,Redfield,
5232417,5232994,Winner,
5232458,5226805,Centerville,
5232458,5229560,Marion,
5232458,5230309,Parker,
5232458,5232604,Viborg,
5232511,5225910,Alcester,
5232511,5226250,Beresford,
5232511,5227180,Dakota Dunes,
5232511,5227567,Elk Point,
5232511,5228801,Jefferson,
5232511,5230076,North Sioux City,
5232702,5767189,Mobridge,
5232702,5768946,Selby,
5233056,5233053,Yankton,
5233146,5233143,Addison,
5233146,5233864,Bridport,
5233146,5234183,Bristol,
5233146,5236108,Ferrisburgh,
5233146,5237906,Leicester,
5233146,5237960,Lincoln,
5233146,5238499,Middlebury (village),
5233146,5240304,Ripton,
5233146,5240760,Salisbury,
5233146,5241507,Starksboro,
5233146,5242224,Vergennes,
5233748,5233315,Arlington,
5233748,5233742,Bennington,
5233748,5238267,Manchester,
5233748,5238321,Manchester Center,
5233748,5239101,North Bennington,
5233748,5239997,Pownal,
5233748,5240484,Rupert,
5233748,5241337,South Shaftsbury,
5234484,5236818,Hardwick,
5234484,5238190,Lyndon,
5234484,5238203,Lyndonville,
5234484,5240656,Saint Johnsbury,
5234484,6424355,St Johnsbury,
5234861,5234372,Burlington,
5234861,5234793,Charlotte,
5234861,5235024,Colchester,
5234861,5235952,Essex Junction,
5234861,5237056,Hinesburg,
5234861,5237476,Jericho,
5234861,5238609,Milton,
5234861,5240275,Richmond,
5234861,5241006,Shelburne,
5234861,5241248,South Burlington,
5234861,5243008,Williston,
5234861,5243081,Winooski,
5235945,5236698,Guildhall,
5235945,5237402,Island Pond,
5235945,5238176,Lunenburg,
5236279,5235919,Enosburg Falls,
5236279,5238678,Montgomery,
5236279,5240267,Richford,
5236279,5240569,Saint Albans,
5236279,5241770,Swanton,
5236542,5239188,North Hero,
5237839,5237276,Hyde Park,
5237839,5237459,Jeffersonville,
5237839,5237538,Johnson,
5237839,5238755,Morristown,
5237839,5238763,Morrisville,
5237839,5241611,Stowe,
5239504,5234067,Bradford,
5239504,5234814,Chelsea,
5239504,5240140,Randolph,
5239504,5242528,Washington,
5239504,5242994,Williamstown,
5239520,5233526,Barton,
5239520,5233700,Beebe Plain,
5239520,5235440,Derby Center,
5239520,5235444,Derby Line,
5239520,5237098,Holland,
5239520,5239058,Newport,
5239520,5239255,North Troy,
5239520,5239519,Orleans,
5240516,5234101,Brandon,
5240516,5281166,Castleton,
5240516,5234855,Chittenden,
5240516,5235340,Danby,
5240516,5236019,Fair Haven,
5240516,5238464,Mendon,
5240516,5238820,Mount Holly,
5240516,5239668,Pawlet,
5240516,5239840,Pittsfield,
5240516,5239844,Pittsford,
5240516,5239982,Poultney,
5240516,5240509,Rutland,
5240516,5242462,Wallingford,
5240516,5242754,West Pawlet,
5240516,5242764,West Rutland,
5242529,5233500,Barre,
5242529,5235638,East Barre,
5242529,5236559,Graniteville,
5242529,5238520,Middlesex,
5242529,5238685,Montpelier,
5242529,5238717,Moretown,
5242529,5239281,Northfield,
5242529,5241223,South Barre,
5242529,5242565,Waterbury,
5242529,5242599,Websterville,
5243051,5233738,Bellows Falls,
5243051,5234141,Brattleboro,
5243051,5235519,Dover,
5243051,5237436,Jamaica,
5243051,5238077,Londonderry,
5243051,5239071,Newfane,
5243051,5240081,Putney,
5243051,5240399,Rockingham,
5243051,5240843,Saxtons River,
5243051,5242023,Townshend,
5243051,5242657,West Brattleboro,
5243051,11280534,White River Junction VA Medical Center,
5243062,5233303,Ascutney,
5243062,5233794,Bethel,
5243062,5234827,Chester,
5243062,5236879,Hartford,
5243062,5238156,Ludlow,
5243062,5239244,North Springfield,
5243062,5239319,Norwich,
5243062,5240108,Quechee,
5243062,5241330,South Royalton,
5243062,5241423,Springfield,
5243062,5242821,Weston,
5243062,5242889,White River Junction,
5243062,5242952,Wilder,
5243062,5243059,Windsor,
5243062,5243145,Woodstock,
5243559,5243553,Adams,
5243559,5250440,Dellwood,
5243559,5251410,Easton,
5243559,5253884,Friendship,
5243559,8503114,Rome,
5244249,5244247,Ashland,
5244249,5254441,Glidden,
5244249,5262624,Mellen,
5244742,5243794,Almena,
5244742,5244738,Barron,
5244742,5247547,Cameron,
5244742,5248417,Chetek,
5244742,5249896,Cumberland,
5244742,5268798,Rice Lake,
5244742,5276435,Turtle Lake,
5244967,5257551,Iron River,
5244967,5277856,Washburn,
5246898,5243770,Allouez,
5246898,5244267,Ashwaubenon,
5246898,5245359,Bellevue,
5246898,5250201,De Pere,
5246898,5250470,Denmark,
5246898,5254419,Glenmore,
5246898,5254962,Green Bay,
5246898,5255091,Greenleaf,
5246898,8478940,Hobart,
5246898,5257029,Howard,
5246898,5265724,Oneida,
5246898,5268148,Pulaski,
5246898,5274887,Suamico,
5246898,5279757,Wrightstown,
5247108,5243778,Alma,
5247108,5247107,Buffalo City,
5247108,5253549,Fountain City,
5247108,5263301,Mondovi,
5247230,5254880,Grantsburg,
5247230,5273324,Siren,
5247230,5278257,Webster,
5247444,5246766,Brillion,
5247444,5246887,Brothertown,
5247444,5248469,Chilton,
5247444,5253440,Forest Junction,
5247444,9682914,Harrison,
5247444,5256281,Hilbert,
5247444,5264423,New Holstein,
5247444,5273018,Sherwood,
5247444,5274693,Stockbridge,
5248507,5246228,Bloomer,
5248507,5246568,Boyd,
5248507,5247387,Cadott,
5248507,5248511,Chippewa Falls,
5248507,5249461,Cornell,
5248507,5259182,Lake Hallie,
5248507,5259317,Lake Wissota,
5248507,5264375,New Auburn,
5248507,5274473,Stanley,
5248812,5249095,Colby,
5248812,5250787,Dorchester,
5248812,5255102,Greenwood,
5248812,5261218,Loyal,
5248812,5264241,Neillsville,
5248812,5266062,Owen,
5248812,5275704,Thorp,
5249193,5244152,Arlington,
5249193,5247528,Cambria,
5249193,5249205,Columbus,
5249193,5252474,Fall River,
5249193,5259313,Lake Wisconsin,
5249193,5260694,Lodi,
5249193,5266199,Pardeeville,
5249193,5267785,Portage,
5249193,5267923,Poynette,
5249193,5268977,Rio,
5249193,5279422,Wisconsin Dells,
5249193,5279783,Wyocena,
5249701,5254124,Gays Mills,
5249701,5268002,Prairie du Chien,
5249701,5273600,Soldiers Grove,
5249701,5278168,Wauzeka,
5250074,5245354,Belleville,
5250074,5246060,Black Earth,
5250074,5246270,Blue Mounds,
5250074,5247533,Cambridge,
5250074,5249503,Cottage Grove,
5250074,5249778,Cross Plains,
5250074,5250072,Dane,
5250074,5250368,Deerfield,
5250074,5250188,DeForest,
5250074,5253219,Fitchburg,
5250074,5261457,Madison,
5250074,5261638,Maple Bluff,
5250074,5261952,Marshall,
5250074,5262150,Mazomanie,
5250074,5262262,McFarland,
5250074,5262838,Middleton,
5250074,5263323,Monona,
5250074,5263667,Mount Horeb,
5250074,5265785,Oregon,
5250074,5269671,Roxbury,
5250074,5269819,Rutland,
5250074,5273087,Shorewood Hills,
5250074,5274787,Stoughton,
5250074,5275020,Sun Prairie,
5250074,5277125,Vermont,
5250074,5277142,Verona,
5250074,5278073,Waunakee,
5250074,5279311,Windsor,
5250710,5245193,Beaver Dam,
5250710,5246944,Brownsville,
5250710,5253638,Fox Lake,
5250710,5256908,Horicon,
5250710,5257183,Hustisford,
5250710,5257548,Iron Ridge,
5250710,5258190,Juneau,
5250710,5260732,Lomira,
5250710,5262137,Mayville,
5250710,5264316,Neosho,
5250710,5268354,Randolph,
5250710,5268605,Reeseville,
5250710,5275589,Theresa,
5250710,5278106,Waupun,
5250768,4833850,Brussels,
5250768,5273328,Sister Bay,
5250768,5274867,Sturgeon Bay,
5250768,5277876,Washington,
5250831,5259229,Lake Nebagamon,
5250831,5267702,Poplar,
5250831,5273607,Solon Springs,
5250831,5275191,Superior,
5250831,5275205,Superior Village,
5251040,5246565,Boyceville,
5251040,5249152,Colfax,
5251040,5251712,Elk Mound,
5251040,5262634,Menomonie,
5251040,5275391,Tainter Lake,
5251439,5243819,Altoona,
5251439,5244365,Augusta,
5251439,5251436,Eau Claire,
5251439,5252325,Fairchild,
5251439,5252463,Fall Creek,
5251439,5272775,Seymour,
5253306,5253305,Florence,
5253356,5243811,Alto,
5253356,5244238,Ashford,
5253356,5246638,Brandon,
5253356,5247758,Campbellsport,
5253356,5251514,Eden,
5253356,5251662,Eldorado,
5253356,5253352,Fond du Lac,
5253356,5259424,Lamartine,
5253356,5263633,Mount Calvary,
5253356,5264814,North Fond du Lac,
5253356,5265404,Oakfield,
5253356,5268955,Ripon,
5253356,5269539,Rosendale,
5253356,5271704,Saint Peter,
5253356,5275446,Taycheedah,
5253400,5249670,Crandon,
5253400,5259510,Laona,
5253400,5264161,Nashville,
5253400,5277667,Wabeno,
5254832,5246247,Bloomington,
5254832,5246509,Boscobel,
5254832,5247970,Cassville,
5254832,5249868,Cuba City,
5254832,5250593,Dickeyville,
5254832,5252610,Fennimore,
5254832,5255902,Hazel Green,
5254832,5259448,Lancaster,
5254832,5260658,Livingston,
5254832,4833942,Montfort,
5254832,5264038,Muscoda,
5254832,5267332,Platteville,
5254832,5267861,Potosi,
5254978,5243653,Albany,
5254978,5246832,Brodhead,
5254978,5246849,Brooklyn,
5254978,9688806,Decatur,
5254978,5263331,Monroe,
5254978,5263389,Monticello,
5254978,5264412,New Glarus,
5255015,5245497,Berlin,
5255015,5255004,Green Lake,
5255015,5261562,Manchester,
5255015,5261891,Markesan,
5255015,5268096,Princeton,
5257509,5244125,Arena,
5257509,5244407,Avoca,
5257509,5244703,Barneveld,
5257509,5250703,Dodgeville,
5257509,5256232,Highland,
5257509,5260115,Linden,
5257509,5263113,Mineral Point,
5257509,5268900,Ridgeway,
5257533,5257163,Hurley,
5257533,5281348,Mercer,
5257533,5263397,Montreal,
5257673,5246105,Black River Falls,
5257673,5262695,Merrillan,
5257788,5244423,Aztalan,
5257788,5249270,Concord,
5257788,5253498,Fort Atkinson,
5257788,5257646,Ixonia,
5257788,5257784,Jefferson,
5257788,5257996,Johnson Creek,
5257788,5259196,Lake Koshkonong,
5257788,5259202,Lake Lac La Belle,
5257788,5259218,Lake Mills,
5257788,5259260,Lake Ripley,
5257788,5262892,Milford,
5257788,5266156,Palmyra,
5257788,5269443,Rome,
5257788,5274964,Sullivan,
5257788,5277989,Waterloo,
5257788,5278005,Watertown,
5258193,5247602,Camp Douglas,
5258193,5251866,Elroy,
5258193,5262113,Mauston,
5258193,5264221,Necedah,
5258193,5264447,New Lisbon,
5258193,5279547,Wonewoc,
5258396,5246785,Bristol,
5258396,5247648,Camp Lake,
5258396,5258393,Kenosha,
5258396,13286840,Kenosha Streetcar,
5258396,5259266,Lake Shangrila,
5258396,5266129,Paddock Lake,
5258396,5267403,Pleasant Prairie,
5258396,5267912,Powers Lake,
5258396,5271991,Salem,
5258396,5273204,Silver Lake,
5258396,5273614,Somers,
5258396,5276542,Twin Lakes,
5258491,5243712,Algoma,
5258491,5247926,Casco,
5258491,5251107,Dyckesville,
5258491,5258490,Kewaunee,
5258491,5261340,Luxemburg,
5258961,5244626,Bangor,
5258961,5246709,Brice Prairie,
5258961,5253845,French Island,
5258961,5256613,Holmen,
5258961,5258957,La Crosse,
5258961,5264870,North La Crosse,
5258961,5265702,Onalaska,
5258961,5269319,Rockland,
5258961,5270775,Saint Joseph,
5258961,5278608,West Salem,
5259061,5244166,Argyle,
5259061,5245378,Belmont,
5259061,5245461,Benton,
5259061,5246195,Blanchardville,
5259061,5250121,Darlington,
5259061,5273110,Shullsburg,
5259487,5244010,Antigo,
5259991,5262680,Merrill,
5259991,5275884,Tomahawk,
5261587,5248044,Cato,
5261587,5248933,Cleveland,
5261587,5249423,Cooperstown,
5261587,5253695,Francis Creek,
5261587,5258525,Kiel,
5261587,5261585,Manitowoc,
5261587,5261661,Maple Grove,
5261587,5262504,Meeme,
5261587,5263207,Mishicot,
5261587,5268583,Reedsville,
5261587,5271416,Saint Nazianz,
5261587,5276609,Two Rivers,
5261587,5277002,Valders,
5261587,5278927,Whitelaw,
5261790,5243517,Abbotsford,
5261790,5244312,Athens,
5261790,5245685,Bevent,
5261790,5251521,Edgar,
5261790,5252203,Evergreen,
5261790,5255709,Hatley,
5261790,5258916,Kronenwetter,
5261790,11395215,Maine,
5261790,5261788,Marathon,
5261790,5263580,Mosinee,
5261790,5268742,Rib Mountain,
5261790,5269583,Rothschild,
5261790,5272378,Schofield,
5261790,5273956,Spencer,
5261790,5274807,Stratford,
5261790,5278120,Wausau,
5261790,5278693,Weston,
5261856,5249135,Coleman,
5261856,5249741,Crivitz,
5261856,5261852,Marinette,
5261856,5262812,Middle Inlet,
5261856,5264569,Niagara,
5261856,5266653,Peshtigo,
5261856,5278141,Wausaukee,
5261914,5263366,Montello,
5261914,5266093,Oxford,
5261914,5278669,Westfield,
5262622,5258448,Keshena,
5262622,7259359,Legend Lake,
5262622,5264311,Neopit,
5263058,5244980,Bayside,
5263058,5246917,Brown Deer,
5263058,5249871,Cudahy,
5263058,5253662,Fox Point,
5263058,5253710,Franklin,
5263058,5254404,Glendale,
5263058,5255057,Greendale,
5263058,5255068,Greenfield,
5263058,5255320,Hales Corners,
5263058,5263045,Milwaukee,
5263058,5265228,Oak Creek,
5263058,5269003,River Hills,
5263058,5270249,Saint Francis,
5263058,5273084,Shorewood,
5263058,5273812,South Milwaukee,
5263058,5278159,Wauwatosa,
5263058,5278420,West Allis,
5263058,5278580,West Milwaukee,
5263058,5278897,Whitefish Bay,
5263335,5247945,Cashton,
5263335,5265065,Norwalk,
5263335,5267820,Portland,
5263335,5273927,Sparta,
5263335,5275871,Tomah,
5263335,5279272,Wilton,
5265518,5254298,Gillett,
5265518,5259769,Lena,
5265518,5265515,Oconto,
5265518,5265522,Oconto Falls,
5265518,5275219,Suring,
5265726,5268720,Rhinelander,
5265726,5275717,Three Lakes,
5265726,5279667,Woodruff,
5266044,5244080,Appleton,
5266044,5246049,Black Creek,
5266044,5249224,Combined Locks,
5266044,5250019,Dale,
5266044,5257002,Hortonville,
5266044,5258296,Kaukauna,
5266044,5258575,Kimberly,
5266044,5260262,Little Chute,
5266044,5272776,Seymour,
5266044,5273055,Shiocton,
5266102,5245314,Belgium,
5266102,5248171,Cedarburg,
5266102,5253778,Fredonia,
5266102,5254739,Grafton,
5266102,5258824,Kohler,
5266102,5262649,Mequon,
5266102,5267776,Port Washington,
5266102,5272249,Saukville,
5266102,5275601,Thiensville,
5266102,5278037,Waubeka,
5266547,5251056,Durand,
5266547,5266546,Pepin,
5266878,5251626,El Paso,
5266878,5251764,Ellsworth,
5266878,5251845,Elmwood,
5266878,5267546,Plum City,
5266878,5268045,Prescott,
5266878,5268986,River Falls,
5266878,5274288,Spring Valley,
5267654,5243872,Amery,
5267654,5244607,Balsam Lake,
5267654,5248263,Centuria,
5267654,5248780,Clam Falls,
5267654,5248864,Clayton,
5267654,5248897,Clear Lake,
5267654,5250897,Dresser,
5267654,5253772,Frederic,
5267654,5257955,Joel,
5267654,5261245,Luck,
5267654,5263014,Milltown,
5267654,5265824,Osceola,
5267654,5270204,Saint Croix Falls,
5267787,5243883,Amherst,
5267787,5244620,Bancroft,
5267787,5266251,Park Ridge,
5267787,5267537,Plover,
5267787,5267668,Polonia,
5267787,5274644,Stevens Point,
5267787,5278948,Whiting,
5268067,5266230,Park Falls,
5268067,5266764,Phillips,
5268067,5268035,Prentice,
5268253,5246401,Bohners Lake,
5268253,5246937,Browns Lake,
5268253,5247214,Burlington,
5268253,5247415,Caledonia,
5268253,5251145,Eagle Lake,
5268253,5253762,Franksville,
5268253,8478941,Mount Pleasant,
5268253,5268249,Racine,
5268253,5269196,Rochester,
5268253,5274885,Sturtevant,
5268253,5275760,Tichigan,
5268253,5276720,Union Grove,
5268253,5278003,Waterford,
5268253,5279285,Wind Lake,
5268253,5279291,Wind Point,
5268859,5260763,Lone Rock,
5268859,5268850,Richland Center,
5268859,5272770,Sextonville,
5268859,5275320,Sylvan,
5269209,5245387,Beloit,
5269209,5248969,Clinton,
5269209,5251524,Edgerton,
5269209,5252182,Evansville,
5269209,5253379,Footville,
5269209,5257754,Janesville,
5269209,5263023,Milton,
5269209,5265792,Orfordville,
5269777,5246950,Bruce,
5269777,5259048,Ladysmith,
5270199,5244570,Baldwin,
5270199,5254435,Glenwood City,
5270199,5255427,Hammond,
5270199,5257080,Hudson,
5270199,5264475,New Richmond,
5270199,5264862,North Hudson,
5270199,5269165,Roberts,
5270199,5273620,Somerset,
5270199,5274510,Star Prairie,
5270199,5279715,Woodville,
5272232,5244638,Baraboo,
5272232,5246332,Bluffview,
5272232,5259140,Lake Delton,
5272232,5264842,North Freedom,
5272232,5267279,Plain,
5272232,5268010,Prairie du Sac,
5272232,5268570,Reedsburg,
5272232,5272227,Sauk City,
5272232,5274183,Spring Green,
5272232,5278411,West Baraboo,
5272272,5248457,Chief Lake,
5272272,5255882,Hayward,
5272272,5260521,Little Round Lake,
5272875,5245350,Belle Plaine,
5272875,5245989,Birnamwood,
5272875,5246437,Bonduel,
5272875,5248077,Cecil,
5272875,5255162,Gresham,
5272875,5267262,Pittsfield,
5272875,5272873,Shawano,
5272875,5275785,Tigerton,
5272875,5279483,Wittenberg,
5272899,5243587,Adell,
5272899,5247925,Cascade,
5272899,5248102,Cedar Grove,
5272899,5251723,Elkhart Lake,
5272899,5254249,Gibbsville,
5272899,5256463,Hingham,
5272899,5257064,Howards Grove,
5272899,5281340,Kohler,
5272899,5265752,Oostburg,
5272899,5267585,Plymouth,
5272899,5268368,Random Lake,
5272899,5272893,Sheboygan,
5272899,5272907,Sheboygan Falls,
5275451,5262475,Medford,
5275451,5268738,Rib Lake,
5275451,5274622,Stetsonville,
5276086,5244109,Arcadia,
5276086,5246172,Blair,
5276086,5251671,Eleva,
5276086,5252124,Ettrick,
5276086,5253998,Galesville,
5276086,5257353,Independence,
5276086,5265857,Osseo,
5276086,5274842,Strum,
5276086,5276084,Trempealeau,
5276086,5278914,Whitehall,
5277134,5249428,Coon Valley,
5277134,5255103,Greenwood,
5277134,5256376,Hillsboro,
5277134,5258975,La Farge,
5277134,5259868,Liberty,
5277134,5265748,Ontario,
5277134,5274709,Stoddard,
5277134,5277255,Viola,
5277134,5277276,Viroqua,
5277134,5278652,Westby,
5277222,5251171,Eagle River,
5277222,5259036,Lac du Flambeau,
5277773,5249259,Como,
5277773,5250104,Darien,
5277773,5250399,Delavan,
5277773,5250402,Delavan Lake,
5277773,5251390,East Troy,
5277773,5251729,Elkhorn,
5277773,5253369,Fontana,
5277773,5254150,Genoa City,
5277773,5259169,Lake Geneva,
5277773,5266483,Pell Lake,
5277773,5267881,Potter Lake,
5277773,5268869,Richmond,
5277773,5272851,Sharon,
5277773,5277801,Walworth,
5277773,5278931,Whitewater,
5277773,5279098,Williams Bay,
5277858,5263167,Minong,
5277858,5272949,Shell Lake,
5277858,5274034,Spooner,
5277887,5243582,Addison,
5277887,5243756,Allenton,
5277887,5244778,Barton,
5277887,5254218,Germantown,
5277887,5255628,Hartford,
5277887,5257669,Jackson,
5277887,5258480,Kewaskum,
5277887,5264522,Newburg,
5277887,5268838,Richfield,
5277887,5273439,Slinger,
5277887,5278422,West Bend,
5278054,5245729,Big Bend,
5278054,5246835,Brookfield,
5278054,5247307,Butler,
5278054,5248405,Chenequa,
5278054,5250393,Delafield,
5278054,5250847,Dousman,
5278054,5251122,Eagle,
5278054,5251784,Elm Grove,
5278054,5255640,Hartland,
5278054,5259502,Lannon,
5278054,5262630,Menomonee Falls,
5278054,5262708,Merton,
5278054,5263965,Mukwonago,
5278054,5264049,Muskego,
5278054,5264158,Nashotah,
5278054,5264381,New Berlin,
5278054,5264924,North Prairie,
5278054,5265499,Oconomowoc,
5278054,5265504,Oconomowoc Lake,
5278054,5265585,Okauchee Lake,
5278054,5266731,Pewaukee,
5278054,5275222,Sussex,
5278054,5277716,Wales,
5278054,5278052,Waukesha,
5278089,5248985,Clintonville,
5278089,5253823,Fremont,
5278089,5257499,Iola,
5278089,5258592,King,
5278089,5261556,Manawa,
5278089,5261872,Marion,
5278089,5264455,New London,
5278089,5278083,Waupaca,
5278089,5278723,Weyauwega,
5278147,5250016,Dakota,
5278147,5263682,Mount Morris,
5278147,5267288,Plainfield,
5278147,5268544,Redgranite,
5278147,5272285,Saxeville,
5278147,5273224,Silver Lake,
5278147,5278148,Wautoma,
5278147,5279018,Wild Rose,
5279387,5247322,Butte des Morts,
5279387,5262596,Menasha,
5279387,5264223,Neenah,
5279387,5265692,Omro,
5279387,5265838,Oshkosh,
5279387,5279278,Winchester,
5279387,5279356,Winneconne,
5279557,5244355,Auburndale,
5279557,5245993,Biron,
5279557,5256114,Hewitt,
5279557,5259304,Lake Wazeecha,
5279557,5261969,Marshfield,
5279557,5264253,Nekoosa,
5279557,5267265,Pittsville,
5279557,5267769,Port Edwards,
5279557,4833986,Sherry,
5279557,5277149,Vesper,
5279557,5279436,Wisconsin Rapids,
5280114,5280069,Beech Bottom,
5280114,5280084,Bethany,
5280114,5280285,Follansbee,
5280114,5280378,Hooverson Heights,
5280114,5280835,Wellsburg,
5280351,5280161,Chester,
5280351,5280523,New Cumberland,
5280351,5280534,Newell,
5280351,5280814,Weirton,
5280351,5280822,Weirton Heights,
5280563,5280087,Bethlehem,
5280563,5280182,Clearview,
5280563,5280753,Triadelphia,
5280563,5280846,West Liberty,
5280563,5280854,Wheeling,
5290270,5553284,Benson,
5290270,5284905,Bisbee,
5290270,5293083,Douglas,
5290270,5298978,Huachuca City,
5290270,5304488,Mescal,
5290270,5305102,Miracle Valley,
5290270,5306112,Naco,
5290270,5309291,Pirtleville,
5290270,5312572,Saint David,
5290270,5314328,Sierra Vista,
5290270,7261785,Sierra Vista Southeast,
5290270,5317714,Tombstone,
5290270,5320513,Whetstone,
5290270,5321088,Willcox,
5290307,5288193,Cameron,
5290307,5294810,Flagstaff,
5290307,5295349,Fredonia,
5290307,5296391,Grand Canyon,
5290307,5296409,Grand Canyon Village,
5290307,5300735,Kachina Village,
5290307,5300756,Kaibito,
5290307,5301692,LeChee,
5290307,5301819,Leupp,
5290307,5305191,Moenkopi,
5290307,5305714,Mountainaire,
5290307,5305996,Munds Park,
5290307,5307778,Page,
5290307,5308164,Parks,
5290307,5313667,Sedona,
5290307,5317734,Tonalea,
5290307,5318279,Tuba City,
5290307,5318611,Tusayan,
5290307,5319342,Valle,
5290307,5321098,Williams,
5295877,5288439,Canyon Day,
5295877,7261055,Central Heights-Midland City,
5295877,5290051,Claypool,
5295877,5295949,Gisela,
5295877,5296013,Globe,
5295877,5297591,Hayden,
5295877,5304404,Mesa del Caballo,
5295877,5304640,Miami,
5295877,5308305,Payson,
5295877,5308497,Peridot,
5295877,5308938,Pine,
5295877,5312844,San Carlos,
5295877,7315185,Six Shooter Canyon,
5295877,5315713,Star Valley,
5295877,5316028,Strawberry,
5295877,5316215,Sun Valley,
5295877,5317749,Tonto Basin,
5295877,5322021,Young,
5296368,5287938,Bylas,
5296368,5288063,Cactus Flat,
5296368,5289156,Central,
5296368,5308867,Pima,
5296368,5312476,Safford,
5296368,5312885,San Jose,
5296368,5316540,Swift Trail Junction,
5296368,5317170,Thatcher,
5296837,5290124,Clifton,
5296837,5293430,Duncan,
5296837,5305503,Morenci,
5296837,5284712,York,
5301323,5286242,Bluewater,
5301323,5286650,Bouse,
5301323,5286841,Brenda,
5301323,5289863,Cienega Springs,
5301323,5293951,Ehrenberg,
5301323,5308116,Parker,
5301323,7176026,Parker Strip,
5301323,5310183,Quartzsite,
5301323,5312677,Salome,
5301323,5319489,Vicksburg,
5301323,5320172,Wenden,
5303754,5550954,Aguila,
5303754,5552301,Avondale,
5303754,5287262,Buckeye,
5303754,5288523,Carefree,
5303754,5288858,Cave Creek,
5303754,5289282,Chandler,
5303754,5289961,Citrus Park,
5303754,5293996,El Mirage,
5303754,5295177,Fountain Hills,
5303754,5295860,Gila Bend,
5303754,5295882,Gila Crossing,
5303754,5295903,Gilbert,
5303754,5295985,Glendale,
5303754,5296266,Goodyear,
5303754,5296962,Guadalupe,
5303754,5301242,Komatke,
5303754,5302053,Litchfield Park,
5303754,5304391,Mesa,
5303754,5306523,New River,
5303754,5308049,Paradise Valley,
5303754,5308480,Peoria,
5303754,5308655,Phoenix,
5303754,5310193,Queen Creek,
5303754,5311414,Rio Verde,
5303754,5312845,San Carlos,
5303754,5313457,Scottsdale,
5303754,5316201,Sun City,
5303754,5316205,Sun City West,
5303754,5316209,Sun Lakes,
5303754,5316428,Surprise,
5303754,5317058,Tempe,
5303754,5317071,Tempe Junction,
5303754,5317663,Tolleson,
5303754,5320871,Wickenburg,
5303754,5321549,Wittmann,
5303754,5322027,Youngtown,
5305206,5551748,Arizona Village,
5305206,5552905,Beaver Dam,
5305206,5287565,Bullhead City,
5305206,7315166,Centennial Park,
5305206,5290463,Colorado City,
5305206,5292505,Desert Hills,
5305206,5292912,Dolan Springs,
5305206,7315173,Golden Shores,
5305206,5296189,Golden Valley,
5305206,5301067,Kingman,
5305206,5301388,Lake Havasu City,
5305206,5304306,Meadview,
5305206,5305230,Mohave Valley,
5305206,7261968,New Kingman-Butler,
5305206,5308335,Peach Springs,
5305206,7315184,Scenic,
5305206,7315189,Valle Vista,
5305206,7315191,Walnut Creek,
5305206,5321321,Willow Valley,
5306233,5289538,Chilchinbito,
5306233,5289812,Cibecue,
5306233,5292715,Dilkon,
5306233,5293689,East Fork,
5306233,5294698,First Mesa,
5306233,5296744,Greasewood,
5306233,7261418,Heber-Overgaard,
5306233,5284580,Holbrook,
5306233,7315175,Hondah,
5306233,5298885,Hotevilla-Bacavi,
5306233,5300182,Joseph City,
5306233,5300830,Kayenta,
5306233,5301281,Kykotsmovi Village,
5306233,5301442,Lake of the Woods,
5306233,5301981,Linden,
5306233,5302998,Low Mountain,
5306233,7315177,North Fork,
5306233,5309135,Pinetop-Lakeside,
5306233,5309205,Pinon,
5306233,7315181,Rainbow City,
5306233,5313527,Second Mesa,
5306233,5313835,Sevenmile,
5306233,5314200,Shongopovi,
5306233,5314201,Shonto,
5306233,5314245,Show Low,
5306233,5314273,Shungopavi,
5306233,5314943,Snowflake,
5306233,5316960,Taylor,
5306233,5320576,White Cone,
5306233,5320655,White Mountain Lake,
5306233,5320800,Whiteriver,
5306233,5321473,Winslow,
5308878,5550996,Ajo,
5308878,5551646,Arivaca,
5308878,5551650,Arivaca Junction,
5308878,5552323,Avra Valley,
5308878,5288661,Casas Adobes,
5308878,5288784,Catalina,
5308878,5288786,Catalina Foothills,
5308878,5290925,Corona de Tucson,
5308878,5293183,Drexel Heights,
5308878,5293796,East Sahuarita,
5308878,5294937,Flowing Wells,
5308878,5296802,Green Valley,
5308878,5302479,Littletown,
5308878,5303705,Marana,
5308878,5307540,Oro Valley,
5308878,5308778,Picture Rocks,
5308878,5308922,Pimaco Two,
5308878,5312544,Sahuarita,
5308878,5313183,Santa Rosa,
5308878,5313737,Sells,
5308878,5315313,South Tucson,
5308878,5316172,Summit,
5308878,5316890,Tanque Verde,
5308878,5317377,Three Points,
5308878,5317867,Tortolita,
5308878,5318313,Tucson,
5308878,5318320,Tucson Estates,
5308878,5319311,Vail,
5308878,7262440,Valencia West,
5308916,5551044,Ak-Chin Village,
5308916,5551535,Apache Junction,
5308916,5551665,Arizona City,
5308916,5285857,Blackwater,
5308916,5288066,Cactus Forest,
5308916,5288629,Casa Blanca,
5308916,5288636,Casa Grande,
5308916,5290663,Coolidge,
5308916,5293390,Dudleyville,
5308916,5294167,Eloy,
5308916,5294902,Florence,
5308916,5296106,Gold Camp,
5308916,7261353,Gold Canyon,
5308916,5300854,Kearny,
5308916,5303587,Mammoth,
5308916,5303752,Maricopa,
5308916,5307460,Oracle,
5308916,5310199,Queen Valley,
5308916,5312393,Sacaton,
5308916,7249307,Saddlebrooke,
5308916,5312933,San Manuel,
5308916,7310164,San Tan Valley,
5308916,5313200,Santan,
5308916,5315688,Stanfield,
5308916,5316405,Superior,
5313135,5306611,Nogales,
5313135,5308240,Patagonia,
5313135,5311433,Rio Rico,
5313135,5315073,Sonoita,
5313135,5318288,Tubac,
5321860,5552575,Bagdad,
5321860,5553533,Big Park,
5321860,5285131,Black Canyon City,
5321860,5288261,Camp Verde,
5321860,5289658,Chino Valley,
5321860,5290007,Clarkdale,
5321860,5290559,Congress,
5321860,5290834,Cordes Lakes,
5321860,5290912,Cornville,
5321860,5291033,Cottonwood,
5321860,7149330,Dewey-Humboldt,
5321860,5301407,Lake Montezuma,
5321860,5304060,Mayer,
5321860,5308281,Paulden,
5321860,5309842,Prescott,
5321860,5309858,Prescott Valley,
5321860,5315517,Spring Valley,
5321860,7176038,Verde Village,
5321860,7260892,Village of Oak Creek (Big Park),
5321860,5550192,West Sedona,
5321860,5321072,Wilhoit,
5321860,5321135,Williamson,
5321860,5321849,Yarnell,
5322057,7315164,Avenue B and C,
5322057,7315169,Donovan Estates,
5322057,7315172,El Prado Estates,
5322057,5295143,Fortuna Foothills,
5322057,5550161,Gadsden,
5322057,7315178,Orange Grove Mobile Manor,
5322057,7315182,Rancho Mesa Verde,
5322057,5312913,San Luis,
5322057,5315062,Somerton,
5322057,5316761,Tacna,
5322057,5320160,Wellton,
5322057,5322053,Yuma,
5322745,5322737,Alameda,
5322745,5322850,Albany,
5322745,5325011,Ashland,
5322745,5327684,Berkeley,
5322745,5334928,Castro Valley,
5322745,5336190,Cherryland,
5322745,5344157,Dublin,
5322745,5346462,Emeryville,
5322745,5347397,Fairview,
5322745,5350734,Fremont,
5322745,5355933,Hayward,
5322745,5367440,Livermore,
5322745,5376803,Newark,
5322745,5378538,Oakland,
5322745,5382514,Piedmont,
5322745,5383777,Pleasanton,
5322745,5392263,San Leandro,
5322745,5392281,San Lorenzo,
5322745,5400093,Sunol,
5322745,5404555,Union City,
5323622,8481839,Buckhorn,
5323622,7315194,Camanche North Shore,
5323622,5333177,Camanche Village,
5323622,5359634,Ione,
5323622,5360160,Jackson,
5323622,5382907,Pine Grove,
5323622,5383283,Pioneer,
5323622,5383872,Plymouth,
5323622,7315206,Red Corral,
5323622,5400400,Sutter Creek,
5332191,5326001,Bangor,
5332191,5327760,Berry Creek,
5332191,5328629,Biggs,
5332191,5336269,Chico,
5332191,5338353,Cohasset,
5332191,5339108,Concow,
5332191,5344359,Durham,
5332191,5349956,Forest Ranch,
5332191,5354307,Gridley,
5332191,5369690,Magalia,
5332191,5379759,Oroville,
5332191,7262050,Oroville East,
5332191,5380571,Palermo,
5332191,5381002,Paradise,
5332191,5397700,South Oroville,
5332191,5402159,Thermalito,
5332628,5324004,Angels Camp,
5332628,5324698,Arnold,
5332628,5325352,Avery,
5332628,5339498,Copperopolis,
5332628,5343703,Dorrington,
5332628,5349949,Forest Meadows,
5332628,5350061,Fort Jones,
5332628,5373997,Mokelumne Hill,
5332628,5375439,Mountain Ranch,
5332628,5375883,Murphys,
5332628,5385925,Rancho Calaveras,
5332628,5391597,San Andreas,
5332628,5405554,Valley Springs,
5332628,5408168,West Point,
5338872,5324457,Arbuckle,
5338872,5338866,Colusa,
5338872,5371159,Maxwell,
5338872,5409417,Williams,
5339268,7315192,Acalanes Ridge,
5339268,5322794,Alamo,
5339268,5324200,Antioch,
5339268,5326561,Bay Point,
5339268,7176003,Bayview,
5339268,5327951,Bethel Island,
5339268,5329204,Blackhawk,
5339268,5330642,Brentwood,
5339268,5332307,Byron,
5339268,5337841,Clayton,
5339268,5338152,Clyde,
5339268,5339111,Concord,
5339268,8097232,Contra Costa Centre,
5339268,5340758,Crockett,
5339268,5341531,Danville,
5339268,5342970,Diablo,
5339268,5343202,Discovery Bay,
5339268,5345063,East Richmond Heights,
5339268,5345623,El Cerrito,
5339268,5345888,El Sobrante,
5339268,5356451,Hercules,
5339268,5362849,Kensington,
5339268,5363616,Knightsen,
5339268,5364226,Lafayette,
5339268,5370868,Martinez,
5339268,5374212,Montalvin,
5339268,5374671,Moraga,
5339268,5375478,Mountain View,
5339268,7315203,North Gate,
5339268,5377775,North Richmond,
5339268,5378566,Oakley,
5339268,5379678,Orinda,
5339268,5380256,Pacheco,
5339268,5383187,Pinole,
5339268,5383465,Pittsburg,
5339268,5383720,Pleasant Hill,
5339268,5387428,Richmond,
5339268,5388467,Rodeo,
5339268,5388611,Rollingwood,
5339268,5392508,San Pablo,
5339268,5392593,San Ramon,
5339268,5393484,Saranap,
5339268,5401121,Tara Hills,
5339268,5285214,Vine Hill,
5339268,5406879,Waldon,
5339268,5406990,Walnut Creek,
5345659,5325230,Auburn Lake Trails,
5345659,5333282,Cameron Park,
5345659,5333295,Camino,
5345659,5338707,Coloma,
5345659,5284832,Cool,
5345659,5343038,Diamond Springs,
5345659,5345679,El Dorado Hills,
5345659,5351983,Georgetown,
5345659,5383559,Placerville,
5345659,5384133,Pollock Pines,
5345659,5395351,Shingle Springs,
5345659,5397108,Somerset,
5345659,5397664,South Lake Tahoe,
5350964,5325211,Auberry,
5350964,5328724,Biola,
5350964,5333174,Calwa,
5350964,5334575,Caruthers,
5350964,5338122,Clovis,
5350964,5338196,Coalinga,
5350964,5342434,Del Rey,
5350964,5345171,Easton,
5350964,5348299,Firebaugh,
5350964,5350351,Fowler,
5350964,5350937,Fresno,
5350964,5351016,Friant,
5350964,5358769,Huron,
5350964,5362909,Kerman,
5350964,5363429,Kingsburg,
5350964,5364937,Lanare,
5350964,5365442,Laton,
5350964,5369881,Malaga,
5350964,5372190,Mendota,
5350964,5373452,Minkler,
5350964,7315205,Old Fig Garden,
5350964,5379533,Orange Cove,
5350964,5381325,Parlier,
5350964,5386984,Reedley,
5350964,5387854,Riverdale,
5350964,5392114,San Joaquin,
5350964,5392868,Sanger,
5350964,5394329,Selma,
5350964,5394970,Shaver Lake,
5350964,5401133,Tarpey Village,
5350964,5403269,Tranquillity,
5350964,5408166,West Park,
5350964,5398440,Yokuts Valley,
5352462,5355074,Hamilton City,
5352462,5379698,Orland,
5352462,5409777,Willows,
5359067,5330567,Brawley,
5359067,5332698,Calexico,
5359067,5332929,Calipatria,
5359067,5342741,Desert Shores,
5359067,5345609,El Centro,
5359067,5356096,Heber,
5359067,5357598,Holtville,
5359067,5359052,Imperial,
5359067,5377032,Niland,
5359067,5391503,Salton City,
5359067,5394279,Seeley,
5359067,5408445,Westmorland,
5359604,5328426,Big Pine,
5359604,5328808,Bishop,
5359604,12523068,Death Valley,
5359604,7261725,Dixon Lane-Meadow Creek,
5359604,5359128,Independence,
5359604,5367846,Lone Pine,
5359604,5550372,West Bishop,
5359604,7262543,Wilkerson,
5362932,5323499,Alta Sierra,
5362932,5324903,Arvin,
5362932,5325738,Bakersfield,
5362932,5327003,Bear Valley Springs,
5362932,5329754,Bodfish,
5362932,5330106,Boron,
5362932,5332251,Buttonwillow,
5362932,5332748,California City,
5362932,5336457,China Lake Acres,
5362932,5342485,Delano,
5362932,5344380,Dustin Acres,
5362932,7261098,Edwards Air Force Base,
5362932,5349876,Ford City,
5362932,5350605,Frazier Park,
5362932,5351225,Fuller Acres,
5362932,5352875,Golden Hills,
5362932,5354157,Greenacres,
5362932,5354171,Greenfield,
5362932,5359623,Inyokern,
5362932,5362994,Kernville,
5362932,5364554,Lake Isabella,
5362932,5364742,Lake of the Woods,
5362932,5364916,Lamont,
5362932,5365741,Lebec,
5362932,5368676,Lost Hills,
5362932,5370440,Maricopa,
5362932,5371530,McFarland,
5362932,5373965,Mojave,
5362932,5375426,Mountain Mesa,
5362932,5377380,North Edwards,
5362932,5378870,Oildale,
5362932,5382989,Pine Mountain Club,
5362932,5387494,Ridgecrest,
5362932,5388735,Rosamond,
5362932,5388843,Rosedale,
5362932,5394842,Shafter,
5362932,5396565,Smith Corner,
5362932,5285182,South Taft,
5362932,5398466,Squirrel Mountain Valley,
5362932,5398521,Stallion Springs,
5362932,5400877,Taft,
5362932,5400890,Taft Heights,
5362932,5401297,Tehachapi,
5362932,5405411,Valley Acres,
5362932,5550368,Wasco,
5362932,5407692,Weedpatch,
5362932,5407744,Weldon,
5362932,5410227,Wofford Heights,
5363385,5324666,Armona,
5363385,5325327,Avenal,
5363385,5339539,Corcoran,
5363385,5355180,Hanford,
5363385,5357730,Home Garden,
5363385,5363042,Kettleman City,
5363385,5365918,Lemoore,
5363385,7261649,Lemoore Station,
5363385,5369143,Lucerne,
5363385,5399292,Stratford,
5364466,5337896,Clear Lake Riviera,
5364466,5337908,Clearlake,
5364466,5337912,Clearlake Oaks,
5364466,5338258,Cobb,
5364466,5356767,Hidden Valley Lake,
5364466,5362725,Kelseyville,
5364466,5364753,Lakeport,
5364466,5368980,Lower Lake,
5364466,5369144,Lucerne,
5364466,5285018,Middletown,
5364466,5376959,Nice,
5364466,7261991,North Lakeport,
5364466,5396895,Soda Bay,
5364466,5405038,Upper Lake,
5368381,5322317,Acton,
5368381,5322551,Agoura,
5368381,5322553,Agoura Hills,
5368381,5322591,Agua Dulce,
5368381,5323060,Alhambra,
5368381,5323371,Alondra Park,
5368381,5323525,Altadena,
5368381,5324477,Arcadia,
5368381,5324862,Artesia,
5368381,5325305,Avalon,
5368381,5325372,Avocado Heights,
5368381,5325423,Azusa,
5368381,5325866,Baldwin Park,
5368381,5327298,Bell,
5368381,5327319,Bell Gardens,
5368381,5327422,Bellflower,
5368381,5330443,Bradbury,
5368381,5331835,Burbank,
5368381,5334519,Carson,
5368381,5334799,Castaic,
5368381,5335663,Cerritos,
5368381,5336017,Charter Oak,
5368381,5337551,Citrus,
5368381,5337696,Claremont,
5368381,5338929,Commerce,
5368381,5339066,Compton,
5368381,5340175,Covina,
5368381,5341051,Cudahy,
5368381,5342425,Del Aire,
5368381,5342750,Desert View Highlands,
5368381,5342992,Diamond Bar,
5368381,5343858,Downey,
5368381,5344147,Duarte,
5368381,5344987,East La Mirada,
5368381,5344994,East Los Angeles,
5368381,5345038,East Pasadena,
5368381,5344817,East Rancho Dominguez,
5368381,5345743,El Monte,
5368381,5345860,El Segundo,
5368381,7261268,Florence-Graham,
5368381,5351549,Gardena,
5368381,5352423,Glendale,
5368381,5352439,Glendora,
5368381,5354104,Green Valley,
5368381,5354819,Hacienda Heights,
5368381,5355782,Hawaiian Gardens,
5368381,5355828,Hawthorne,
5368381,5356521,Hermosa Beach,
5368381,5356700,Hidden Hills,
5368381,5358736,Huntington Park,
5368381,5359488,Inglewood,
5368381,5359817,Irwindale,
5368381,5363859,La Cañada Flintridge,
5368381,7261553,La Crescenta-Montrose,
5368381,5363925,La Habra Heights,
5368381,5364007,La Mirada,
5368381,5364066,La Puente,
5368381,5364134,La Verne,
5368381,5364549,Lake Hughes,
5368381,5364571,Lake Los Angeles,
5368381,5364855,Lakewood,
5368381,5364940,Lancaster,
5368381,5365603,Lawndale,
5368381,5365937,Lennox,
5368381,5365976,Leona Valley,
5368381,5367308,Littlerock,
5368381,5367767,Lomita,
5368381,5367929,Long Beach,
5368381,5368361,Los Angeles,
5368381,5369367,Lynwood,
5368381,5369906,Malibu,
5368381,5370082,Manhattan Beach,
5368381,5371243,Mayflower Village,
5368381,5371261,Maywood,
5368381,5374175,Monrovia,
5368381,5374322,Montebello,
5368381,5374406,Monterey Park,
5368381,5377381,North El Monte,
5368381,5377995,Norwalk,
5368381,5380698,Palmdale,
5368381,5380883,Palos Verdes Estates,
5368381,5381110,Paramount,
5368381,5381396,Pasadena,
5368381,5382496,Pico Rivera,
5368381,5384170,Pomona,
5368381,5385393,Quartz Hill,
5368381,5386035,Rancho Palos Verdes,
5368381,5386785,Redondo Beach,
5368381,5388593,Rolling Hills,
5368381,5388601,Rolling Hills Estates,
5368381,5388867,Rosemead,
5368381,5389126,Rowland Heights,
5368381,5391891,San Dimas,
5368381,5392034,San Gabriel,
5368381,5392400,San Marino,
5368381,5393049,Santa Clarita,
5368381,5393128,Santa Fe Springs,
5368381,5393212,Santa Monica,
5368381,5395622,Sierra Madre,
5368381,5395754,Signal Hill,
5368381,5397376,South El Monte,
5368381,5397603,South Gate,
5368381,5397717,South Pasadena,
5368381,5397771,South San Gabriel,
5368381,5397777,South San Jose Hills,
5368381,5397841,South Whittier,
5368381,6690773,Stevenson Ranch,
5368381,7315210,Sun Village,
5368381,5401469,Temple City,
5368381,5402961,Topanga,
5368381,5403022,Torrance,
5368381,5405279,Val Verde,
5368381,5405288,Valencia,
5368381,5405326,Valinda,
5368381,5406421,Vincent,
5368381,5406976,Walnut,
5368381,5407030,Walnut Park,
5368381,5407841,West Athens,
5368381,5407908,West Carson,
5368381,5407933,West Covina,
5368381,5408191,West Puente Valley,
5368381,5407927,West Rancho Dominguez,
5368381,7262518,West Whittier-Los Nietos,
5368381,5408395,Westlake Village,
5368381,5408431,Westmont,
5368381,5409059,Whittier,
5368381,5409768,Willowbrook,
5369578,5322652,Ahwahnee,
5369578,5326418,Bass Lake,
5369578,7260929,Bonadelle Ranchos-Madera Ranchos,
5369578,5336667,Chowchilla,
5369578,5338225,Coarsegold,
5369578,5347359,Fairmead,
5369578,5369568,Madera,
5369578,5369569,Madera Acres,
5369578,5378529,Oakhurst,
5369578,5381276,Parksdale,
5369578,5381320,Parkwood,
5369578,5388594,Rolling Hills,
5369578,5410943,Yosemite Lakes,
5370468,5550208,Alto,
5370468,5327490,Belvedere,
5370468,7260907,Black Point-Green Point,
5370468,5329830,Bolinas,
5370468,5339766,Corte Madera,
5370468,5347322,Fairfax,
5370468,5359595,Inverness,
5370468,5362864,Kentfield,
5370468,7261578,Lagunitas-Forest Knolls,
5370468,5365113,Larkspur,
5370468,7261199,Lucas Valley-Marinwood,
5370468,5370464,Marin City,
5370468,5373121,Mill Valley,
5370468,5378044,Novato,
5370468,5384018,Point Reyes Station,
5370468,5388907,Ross,
5370468,5391615,San Anselmo,
5370468,5392567,San Rafael,
5370468,5393384,Santa Venetia,
5370468,5393611,Sausalito,
5370468,5396422,Sleepy Hollow,
5370468,5398988,Stinson Beach,
5370468,5399319,Strawberry,
5370468,5401017,Tamalpais Valley,
5370468,7262659,Tamalpais-Homestead Valley,
5370468,5402535,Tiburon,
5370468,5410338,Woodacre,
5370594,5330056,Bootjack,
5370594,5335051,Catheys Valley,
5370594,5353998,Greeley Hill,
5370594,5370590,Mariposa,
5370594,5372868,Midpines,
5370594,7262586,Yosemite Valley,
5372163,5330040,Boonville,
5372163,5330993,Brooktrails,
5372163,5332975,Calpella,
5372163,5334772,Caspar,
5372163,5337958,Cleone,
5372163,5340160,Covelo,
5372163,5350039,Fort Bragg,
5372163,5357990,Hopland,
5372163,5365660,Laytonville,
5372163,5372153,Mendocino,
5372163,5384662,Potter Valley,
5372163,5386943,Redwood Valley,
5372163,5400996,Talmage,
5372163,5404476,Ukiah,
5372163,5409500,Willits,
5372259,5325187,Atwater,
5372259,5342522,Delhi,
5372259,5343728,Dos Palos,
5372259,5354747,Gustine,
5372259,7261441,Hilmar-Irwin,
5372259,5365687,Le Grand,
5372259,5367427,Livingston,
5372259,5368453,Los Banos,
5372259,5372253,Merced,
5372259,5383600,Planada,
5372259,5397374,South Dos Palos,
5372259,5410144,Winton,
5374091,5330736,Bridgeport,
5374091,5361454,June Lake,
5374091,5370006,Mammoth Lakes,
5374091,5406891,Walker,
5374376,5328563,Big Sur,
5374376,5330118,Boronda,
5374376,5334312,Carmel Valley Village,
5374376,5334320,Carmel-by-the-Sea,
5374376,5334937,Castroville,
5374376,5336873,Chualar,
5374376,5342381,Del Monte Forest,
5374376,5342441,Del Rey Oaks,
5374376,5346162,Elkhorn,
5374376,5352997,Gonzales,
5374376,5354172,Greenfield,
5374376,5363208,King City,
5374376,5365203,Las Lomas,
5374376,5370493,Marina,
5374376,5374361,Monterey,
5374376,5380437,Pacific Grove,
5374376,5380537,Pajaro,
5374376,5385082,Prunedale,
5374376,5391295,Salinas,
5374376,5391678,San Ardo,
5374376,5394136,Seaside,
5374376,5397018,Soledad,
5374376,5398166,Spreckels,
5376101,5323694,American Canyon,
5376101,5324040,Angwin,
5376101,5332937,Calistoga,
5376101,5342254,Deer Park,
5376101,5376095,Napa,
5376101,5390267,Saint Helena,
5376101,5410999,Yountville,
5376509,5323500,Alta Sierra,
5376509,5353775,Grass Valley,
5376509,5364741,Lake of the Pines,
5376509,5364729,Lake Wildwood,
5376509,5376502,Nevada City,
5376509,5381928,Penn Valley,
5376509,5388995,Rough and Ready,
5376509,5403676,Truckee,
5379524,5323163,Aliso Viejo,
5379524,5323810,Anaheim,
5379524,5330582,Brea,
5379524,5331575,Buena Park,
5379524,5339840,Costa Mesa,
5379524,5339873,Coto De Caza,
5379524,5341256,Cypress,
5379524,5341483,Dana Point,
5379524,5350207,Fountain Valley,
5379524,5351247,Fullerton,
5379524,5351515,Garden Grove,
5379524,5358705,Huntington Beach,
5379524,5359777,Irvine,
5379524,5363922,La Habra,
5379524,5364022,La Palma,
5379524,5364199,Ladera Ranch,
5379524,5364275,Laguna Beach,
5379524,5364306,Laguna Hills,
5379524,5364329,Laguna Niguel,
5379524,5364369,Laguna Woods,
5379524,5364514,Lake Forest,
5379524,5365172,Las Flores,
5379524,5368304,Los Alamitos,
5379524,5373763,Mission Viejo,
5379524,5376890,Newport Beach,
5379524,5404122,North Tustin,
5379524,5379513,Orange,
5379524,5383527,Placentia,
5379524,5386082,Rancho Santa Margarita,
5379524,5388953,Rossmoor,
5379524,5391791,San Clemente,
5379524,5392229,San Juan Capistrano,
5379524,5392900,Santa Ana,
5379524,5394086,Seal Beach,
5379524,5398630,Stanton,
5379524,5403172,Trabuco Canyon,
5379524,12750391,Turtle Rock,
5379524,5404119,Tustin,
5379524,5406337,Villa Park,
5379524,5408406,Westminster,
5379524,5410902,Yorba Linda,
5383537,5323456,Alta,
5383537,5325223,Auburn,
5383537,5334374,Carnelian Bay,
5383537,5338567,Colfax,
5383537,5343475,Dollar Point,
5383537,5349975,Foresthill,
5383537,5353530,Granite Bay,
5383537,5363364,Kings Beach,
5383537,5366375,Lincoln,
5383537,5368233,Loomis,
5383537,5371905,Meadow Vista,
5383537,5376831,Newcastle,
5383537,5377266,North Auburn,
5383537,5382026,Penryn,
5383537,5388319,Rocklin,
5383537,5388881,Roseville,
5383537,5550352,Sheridan,
5383537,7262635,Sunnyside-Tahoe City,
5383537,5400943,Tahoe Vista,
5383537,5400946,Tahoma,
5383832,5561279,Chester,
5383832,5342530,Delleker,
5383832,5345053,East Quincy,
5383832,5353397,Graeagle,
5383832,5564488,Greenville,
5383832,5564701,Hamilton Branch,
5383832,5384438,Portola,
5383832,5385487,Quincy,
5387890,5322636,Aguanga,
5387890,5324249,Anza,
5387890,5326032,Banning,
5387890,5327098,Beaumont,
5387890,5327717,Bermuda Dunes,
5387890,5329649,Blythe,
5387890,5332374,Cabazon,
5387890,5332957,Calimesa,
5387890,5333976,Canyon Lake,
5387890,5335006,Cathedral City,
5387890,5336185,Cherry Valley,
5387890,5338166,Coachella,
5387890,5339631,Corona,
5387890,7220609,Desert Edge,
5387890,5342710,Desert Hot Springs,
5387890,5344942,East Hemet,
5387890,8096217,Eastvale,
5387890,5345624,El Cerrito Corona,
5387890,5351654,Garnet,
5387890,5352350,Glen Avon,
5387890,5353058,Good Hope,
5387890,5354008,Green Acres,
5387890,5356277,Hemet,
5387890,5356864,Highgrove,
5387890,5357731,Home Gardens,
5387890,5357755,Homeland,
5387890,5358901,Idyllwild,
5387890,7261464,Idyllwild-Pine Cove,
5387890,5359426,Indian Wells,
5387890,5359446,Indio,
5387890,5359453,Indio Hills,
5387890,5373492,Jurupa Valley,
5387890,5364079,La Quinta,
5387890,5364499,Lake Elsinore,
5387890,5364750,Lakeland Village,
5387890,5364826,Lakeview,
5387890,7261226,March Air Force Base,
5387890,5371858,Mead Valley,
5387890,7315200,Meadowbrook,
5387890,5371965,Mecca,
5387890,5372205,Menifee,
5387890,5372433,Mesa Verde,
5387890,5374732,Moreno Valley,
5387890,5375911,Murrieta,
5387890,5377199,Norco,
5387890,5378087,Nuevo,
5387890,5378617,Oasis,
5387890,5380626,Palm Desert,
5387890,5380668,Palm Springs,
5387890,5381796,Pedley,
5387890,5382146,Perris,
5387890,5386015,Rancho Mirage,
5387890,5387746,Ripley,
5387890,5387877,Riverside,
5387890,5389213,Rubidoux,
5387890,5392090,San Jacinto,
5387890,5394273,Sedco Hills,
5387890,5396291,Sky Valley,
5387890,5400065,Sunnyslope,
5387890,5401395,Temecula,
5387890,5402152,Thermal,
5387890,5402415,Thousand Palms,
5387890,5405346,Valle Vista,
5387890,5406664,Vista Santa Rosa,
5387890,5409260,Wildomar,
5387890,5409959,Winchester,
5387890,5410382,Woodcrest,
5389519,5324105,Antelope,
5389519,7260806,Arden-Arcade,
5389519,5334336,Carmichael,
5389519,5337561,Citrus Heights,
5389519,5337829,Clay,
5389519,5346111,Elk Grove,
5389519,5346342,Elverta,
5389519,5347287,Fair Oaks,
5389519,5349613,Florin,
5389519,5349705,Folsom,
5389519,5349803,Foothill Farms,
5389519,7315196,Fruitridge Pocket,
5389519,5351428,Galt,
5389519,5352771,Gold River,
5389519,5356429,Herald,
5389519,5359917,Isleton,
5389519,5364095,La Riviera,
5389519,7315199,McClellan Park,
5389519,5377640,North Highlands,
5389519,5379566,Orangevale,
5389519,5381305,Parkway,
5389519,5385941,Rancho Cordova,
5389519,5386027,Rancho Murieta,
5389519,5387687,Rio Linda,
5389519,5388873,Rosemont,
5389519,5389489,Sacramento,
5389519,7176039,Vineyard,
5389519,5407004,Walnut Grove,
5389519,5409941,Wilton,
5391692,5324722,Aromas,
5391692,5357499,Hollister,
5391692,5387509,Ridgemark,
5391692,5392215,San Juan Bautista,
5391726,5322400,Adelanto,
5391726,5324363,Apple Valley,
5391726,5325626,Baker,
5391726,5326297,Barstow,
5391726,5326305,Barstow Heights,
5391726,5328152,Big Bear City,
5391726,5328163,Big Bear Lake,
5391726,5328486,Big River,
5391726,5329408,Bloomington,
5391726,5336537,Chino,
5391726,5336545,Chino Hills,
5391726,5338783,Colton,
5391726,5340674,Crestline,
5391726,5349755,Fontana,
5391726,5350057,Fort Irwin,
5391726,5353484,Grand Terrace,
5391726,5356576,Hesperia,
5391726,5356868,Highland,
5391726,5361298,Joshua Tree,
5391726,5364414,Lake Arrowhead,
5391726,5365945,Lenwood,
5391726,5367696,Loma Linda,
5391726,5368618,Los Serranos,
5391726,5369150,Lucerne Valley,
5391726,5369413,Lytle Creek,
5391726,5372242,Mentone,
5391726,5374232,Montclair,
5391726,5374871,Morongo Valley,
5391726,5375938,Muscoy,
5391726,5376358,Needles,
5391726,5378298,Oak Glen,
5391726,5378354,Oak Hills,
5391726,5379439,Ontario,
5391726,5382362,Phelan,
5391726,5383526,Piñon Hills,
5391726,5385955,Rancho Cucamonga,
5391726,5386754,Redlands,
5391726,5387288,Rialto,
5391726,5389288,Running Springs,
5391726,5391648,San Antonio Heights,
5391726,5391710,San Bernardino,
5391726,5394124,Searles Valley,
5391726,8481841,Silver Lakes,
5391726,8481842,Spring Valley Lake,
5391726,5404198,Twentynine Palms,
5391726,5404915,Upland,
5391726,5406222,Victorville,
5391726,5410682,Wrightwood,
5391726,5410851,Yermo,
5391726,5411046,Yucaipa,
5391726,5411079,Yucca Valley,
5391832,5323401,Alpine,
5391832,5329954,Bonita,
5391832,5330008,Bonsall,
5391832,5330143,Borrego Springs,
5391832,5330167,Bostonia,
5391832,7260996,Camp Pendleton North,
5391832,7260997,Camp Pendleton South,
5391832,5333749,Campo,
5391832,5334223,Carlsbad,
5391832,7261029,Casa de Oro-Mount Helix,
5391832,5336899,Chula Vista,
5391832,5339663,Coronado,
5391832,5340655,Crest,
5391832,5342353,Del Mar,
5391832,5342657,Descanso,
5391832,5345529,El Cajon,
5391832,5346646,Encinitas,
5391832,5346827,Escondido,
5391832,5346986,Eucalyptus Hills,
5391832,5347315,Fairbanks Ranch,
5391832,5347578,Fallbrook,
5391832,5353559,Granite Hills,
5391832,5355318,Harbison Canyon,
5391832,5356722,Hidden Meadows,
5391832,6695788,Hidden Trails,
5391832,5359054,Imperial Beach,
5391832,5360279,Jacumba Hot Springs,
5391832,5360403,Jamul,
5391832,5361384,Julian,
5391832,5363990,La Mesa,
5391832,5364059,La Presa,
5391832,5364782,Lakeside,
5391832,5365893,Lemon Grove,
5391832,5376200,National City,
5391832,5378771,Oceanside,
5391832,5383075,Pine Valley,
5391832,5384602,Potrero,
5391832,5384690,Poway,
5391832,5385662,Rainbow,
5391832,5385793,Ramona,
5391832,5386053,Rancho San Diego,
5391832,5386073,Rancho Santa Fe,
5391832,5391811,San Diego,
5391832,5391831,San Diego Country Estates,
5391832,5392368,San Marcos,
5391832,5393429,Santee,
5391832,5396974,Solana Beach,
5391832,5398277,Spring Valley,
5391832,5405430,Valley Center,
5391832,5406602,Vista,
5391832,5410129,Winter Gardens,
5391997,12217929,Bayview-Hunters Point,
5391997,5391959,San Francisco,
5392126,5325256,August,
5392126,5338681,Collierville,
5392126,5343434,Dogtown,
5392126,5346811,Escalon,
5392126,5350821,French Camp,
5392126,5351496,Garden Acres,
5392126,5362776,Kennedy,
5392126,5365425,Lathrop,
5392126,5366582,Linden,
5392126,5367523,Lockeford,
5392126,5367565,Lodi,
5392126,5370164,Manteca,
5392126,5374669,Morada,
5392126,5375407,Mountain House,
5392126,5382283,Peters,
5392126,5387749,Ripon,
5392126,5399020,Stockton,
5392126,5402388,Thornton,
5392126,5403191,Tracy,
5392126,5407474,Waterloo,
5392126,5410350,Woodbridge,
5392329,5324802,Arroyo Grande,
5392329,5325111,Atascadero,
5392329,5325371,Avila Beach,
5392329,7315193,Blacklake,
5392329,5332963,Callender,
5392329,5333207,Cambria,
5392329,5335131,Cayucos,
5392329,5354552,Grover Beach,
5392329,5364615,Lake Nacimiento,
5392329,5368474,Los Berros,
5392329,5368565,Los Osos,
5392329,5374920,Morro Bay,
5392329,5377100,Nipomo,
5392329,5378763,Oceano,
5392329,5381438,Paso Robles,
5392329,5383431,Pismo Beach,
5392329,5392323,San Luis Obispo,
5392329,5392448,San Miguel,
5392329,5393154,Santa Margarita,
5392329,5394892,Shandon,
5392329,5401516,Templeton,
5392329,7315212,Woodlands,
5392427,5325147,Atherton,
5392427,5327455,Belmont,
5392427,5330810,Brisbane,
5392427,5330854,Broadmoor,
5392427,5331920,Burlingame,
5392427,5338703,Colma,
5392427,5341430,Daly City,
5392427,5345032,East Palo Alto,
5392427,5345716,El Granada,
5392427,5346413,Emerald Lake Hills,
5392427,5350159,Foster City,
5392427,5354943,Half Moon Bay,
5392427,7261437,Highlands-Baywood Park,
5392427,5357155,Hillsborough,
5392427,5363933,La Honda,
5392427,5364192,Ladera,
5392427,5372223,Menlo Park,
5392427,5373129,Millbrae,
5392427,5374222,Montara,
5392427,5375034,Moss Beach,
5392427,5380420,Pacifica,
5392427,5382215,Pescadero,
5392427,5384478,Portola Valley,
5392427,5386834,Redwood City,
5392427,5391749,San Bruno,
5392427,5391760,San Carlos,
5392427,5392423,San Mateo,
5392427,5397765,South San Francisco,
5392427,5408132,West Menlo Park,
5392427,5410535,Woodside,
5392967,5331568,Buellton,
5392967,5334423,Carpinteria,
5392967,5352963,Goleta,
5392967,5354591,Guadalupe,
5392967,5359864,Isla Vista,
5392967,5367788,Lompoc,
5392967,5368321,Los Alamos,
5392967,5368559,Los Olivos,
5392967,5373614,Mission Canyon,
5392967,5373650,Mission Hills,
5392967,5374340,Montecito,
5392967,5376728,New Cuyama,
5392967,5379609,Orcutt,
5392967,5392952,Santa Barbara,
5392967,5393180,Santa Maria,
5392967,5393388,Santa Ynez,
5392967,5397059,Solvang,
5392967,5399786,Summerland,
5392967,5403000,Toro Canyon,
5392967,7262449,Vandenberg Space Force Base,
5392967,5405737,Vandenberg Village,
5393021,5333689,Campbell,
5393021,5341145,Cupertino,
5393021,5344844,East Foothills,
5393021,5352214,Gilroy,
5393021,5366107,Lexington Hills,
5393021,5368335,Los Altos,
5393021,5368346,Los Altos Hills,
5393021,5368518,Los Gatos,
5393021,5369114,Loyola,
5393021,5373327,Milpitas,
5393021,5374283,Monte Sereno,
5393021,5374764,Morgan Hill,
5393021,5375480,Mountain View,
5393021,5380748,Palo Alto,
5393021,5392171,San Jose,
5393021,5392408,San Martin,
5393021,5393015,Santa Clara,
5393021,5393485,Saratoga,
5393021,5398563,Stanford,
5393021,5400075,Sunnyvale,
5393068,5323781,Amesti,
5393068,5324400,Aptos,
5393068,7260801,Aptos Hills-Larkin Valley,
5393068,5327522,Ben Lomond,
5393068,5330003,Bonny Doon,
5393068,5330222,Boulder Creek,
5393068,5330938,Brookdale,
5393068,5334096,Capitola,
5393068,5339749,Corralitos,
5393068,5341789,Day Valley,
5393068,5347903,Felton,
5393068,5359577,Interlaken,
5393068,5364104,La Selva Beach,
5393068,5367314,Live Oak,
5393068,5367785,Lompico,
5393068,5375187,Mount Hermon,
5393068,5381421,Pasatiempo,
5393068,5387673,Rio Del Mar,
5393068,5393052,Santa Cruz,
5393068,5393971,Scotts Valley,
5393068,5394076,Seacliff,
5393068,5397166,Soquel,
5393068,5404274,Twin Lakes,
5393068,5407529,Watsonville,
5393068,5411148,Zayante,
5395582,5343876,Downieville,
5395582,5369108,Loyalton,
5396987,5323266,Allendale,
5396987,5327550,Benicia,
5396987,5343303,Dixon,
5396987,5347335,Fairfield,
5396987,5354114,Green Valley,
5396987,5355612,Hartley,
5396987,7536026,Rio Vista,
5396987,5399629,Suisun,
5396987,5405228,Vacaville,
5396987,5405380,Vallejo,
5397100,5322571,Agua Caliente,
5397100,5329735,Bodega Bay,
5397100,5330427,Boyes Hot Springs,
5397100,5333515,Camp Meeker,
5397100,5338104,Cloverdale,
5397100,5339865,Cotati,
5397100,5345916,El Verano,
5397100,5345990,Eldridge,
5397100,7261259,Fetters Hot Springs-Agua Caliente,
5397100,5349984,Forestville,
5397100,5351265,Fulton,
5397100,5352059,Geyserville,
5397100,5352376,Glen Ellen,
5397100,5353815,Graton,
5397100,5354655,Guerneville,
5397100,5356012,Healdsburg,
5397100,5362885,Kenwood,
5397100,7261625,Larkfield-Wikiup,
5397100,5374275,Monte Rio,
5397100,5378692,Occidental,
5397100,5381932,Penngrove,
5397100,5382232,Petaluma,
5397100,5388564,Rohnert Park,
5397100,5393287,Santa Rosa,
5397100,5394063,Sea Ranch,
5397100,5394165,Sebastopol,
5397100,5397095,Sonoma,
5397100,5401408,Temelec,
5397100,5410004,Windsor,
5398597,5332318,Bystrom,
5398597,5335650,Ceres,
5398597,5342449,Del Rio,
5398597,5342586,Denair,
5398597,7315195,Diablo Grande,
5398597,5345025,East Oakdale,
5398597,5346551,Empire,
5398597,5353910,Grayson,
5398597,5356662,Hickman,
5398597,5358539,Hughson,
5398597,5363058,Keyes,
5398597,5373900,Modesto,
5398597,5376870,Newman,
5398597,5378500,Oakdale,
5398597,5381515,Patterson,
5398597,5387844,Riverbank,
5398597,5387865,Riverdale Park,
5398597,5391291,Salida,
5398597,5404024,Turlock,
5398597,5407463,Waterford,
5398597,7262504,West Modesto,
5398597,5408400,Westley,
5400390,5367315,Live Oak,
5400390,5397851,South Yuba City,
5400390,5400376,Sutter,
5400390,5411015,Yuba City,
5403789,5323376,Alpaugh,
5403789,5341210,Cutler,
5403789,5343171,Dinuba,
5403789,5344212,Ducor,
5403789,5344702,Earlimart,
5403789,5345049,East Porterville,
5403789,7315547,East Tulare Villa,
5403789,5347239,Exeter,
5403789,5347742,Farmersville,
5403789,5353181,Goshen,
5403789,5359959,Ivanhoe,
5403789,5366604,Lindsay,
5403789,7315549,Linnell Camp,
5403789,5367815,London,
5403789,7315551,Matheny,
5403789,5379755,Orosi,
5403789,7315552,Patterson Tract,
5403789,5383518,Pixley,
5403789,5383577,Plainview,
5403789,7262138,Poplar-Cotton Center,
5403789,5384471,Porterville,
5403789,5387411,Richgrove,
5403789,5398318,Springville,
5403789,5399305,Strathmore,
5403789,5399792,Sultana,
5403789,5401670,Terra Bella,
5403789,7315561,Teviston,
5403789,5550366,Three Rivers,
5403789,5402740,Tipton,
5403789,5403297,Traver,
5403789,5403783,Tulare,
5403789,5406567,Visalia,
5403789,5410416,Woodlake,
5403789,5410569,Woodville,
5403973,5335256,Cedar Ridge,
5403973,5338800,Columbia,
5403973,5345098,East Sonora,
5403973,5354546,Groveland,
5403973,5360382,Jamestown,
5403973,5372626,Mi-Wuk Village,
5403973,5374128,Mono Vista,
5403973,8479427,Phoenix Lake,
5403973,5397165,Sonora,
5403973,5397227,Soulsbyville,
5403973,5403971,Tuolumne City,
5403973,5404138,Tuttletown,
5403973,5404141,Twain Harte,
5405889,5333180,Camarillo,
5405889,5335846,Channel Islands Beach,
5405889,5345844,El Rio,
5405889,5284756,Fillmore,
5405889,5372024,Meiners Oaks,
5405889,5373504,Mira Monte,
5405889,5374648,Moorpark,
5405889,5378408,Oak Park,
5405889,5378481,Oak View,
5405889,5378880,Ojai,
5405889,5380184,Oxnard,
5405889,5383413,Piru,
5405889,5384339,Port Hueneme,
5405889,5393245,Santa Paula,
5405889,5393545,Saticoy,
5405889,5396003,Simi Valley,
5405889,5402405,Thousand Oaks,
5405889,5405878,Ventura,
5410882,5339928,Cottonwood,
5410882,5341704,Davis,
5410882,5344332,Dunnigan,
5410882,5346871,Esparto,
5410882,5363610,Knights Landing,
5410882,5369614,Madison,
5410882,7315201,Monument Hills,
5410882,5408211,West Sacramento,
5410882,5410125,Winters,
5410882,5410430,Woodland,
5411026,7260863,Beale Air Force Base,
5411026,7261058,Challenge-Brownsville,
5411026,5343339,Dobbins,
5411026,5366531,Linda,
5411026,5367721,Loma Rica,
5411026,5370984,Marysville,
5411026,5379264,Olivehurst,
5411026,5383844,Plumas Lake,
5411026,5408617,Wheatland,
5411363,5412347,Aurora,
5411363,5413465,Bennett,
5411363,5413519,Berkley,
5411363,5414941,Brighton,
5411363,5417737,Commerce City,
5411363,5419431,Derby,
5411363,5421709,Federal Heights,
5411363,5429208,Lone Tree,
5411363,5433124,Northglenn,
5411363,5438567,Sherrelwood,
5411363,5440516,Strasburg,
5411363,5441492,Thornton,
5411363,5441653,Todd Creek,
5411363,5442271,Twin Lakes,
5411363,5443482,Welby,
5411363,5443910,Westminster,
5412056,7315213,Aetna Estates,
5412056,5414701,Bow Mar,
5412056,5415685,Byers,
5412056,5416541,Centennial,
5412056,8480048,Cherry Creek,
5412056,5416824,Cherry Hills Village,
5412056,5417702,Columbine Valley,
5412056,5419289,Deer Trail,
5412056,7729501,Dove Valley,
5412056,5421250,Englewood,
5412056,5422280,Foxfield,
5412056,5423075,Glendale,
5412056,5423908,Greenwood Village,
5412056,8480050,Inverness,
5412056,5429032,Littleton,
5412056,5438542,Sheridan,
5412082,5433784,Pagosa Springs,
5412453,5440032,Springfield,
5412453,5443210,Walsh,
5413481,5428055,Las Animas,
5415040,5415035,Broomfield,
5416621,5415306,Buena Vista,
5416621,5435047,Poncha Springs,
5416621,5437555,Salida,
5416840,5416855,Cheyenne Wells,
5417183,7261735,Downieville-Lawson-Dumont,
5417183,5422889,Georgetown,
5417183,5425911,Idaho Springs,
5417183,7315221,Upper Bear Creek,
5417799,5411988,Antonito,
5417799,5417805,Conejos,
5417799,5427698,La Jara,
5417799,5429969,Manassa,
5417799,5437819,Sanford,
5418130,5437682,San Luis,
5418687,5433564,Ordway,
5418854,5438730,Silver Cliff,
5418854,5443889,Westcliffe,
5419338,5416516,Cedaredge,
5419338,5419334,Delta,
5419338,5425619,Hotchkiss,
5419338,5433559,Orchard City,
5419338,5550409,Paonia,
5419396,5419384,Denver,
5419761,5419913,Dove Creek,
5419891,5411358,Acres Green,
5419891,5416200,Carriage Club,
5419891,5416322,Castle Pines,
5419891,5416329,Castle Rock,
5419891,5418150,Cottonwood,
5419891,5423602,Grand View Estates,
5419891,5424836,Heritage Hills,
5419891,5425043,Highlands Ranch,
5419891,5430784,Meridian,
5419891,5434006,Parker,
5419891,5434370,Perry Park,
5419891,5437081,Roxborough Park,
5419891,5440437,Stonegate,
5419891,5441384,The Pinery,
5420332,5412396,Avon,
5420332,5412822,Basalt,
5420332,5419881,Dotsero,
5420332,5420328,Eagle,
5420332,5420885,Edwards,
5420332,5420923,El Jebel,
5420332,5424152,Gypsum,
5420332,5431423,Minturn,
5420332,5442727,Vail,
5420926,7260752,Air Force Academy,
5420926,5414069,Black Forest,
5420926,5415826,Calhan,
5420926,7261032,Cascade-Chipita Park,
5420926,5417598,Colorado Springs,
5420926,5421126,Ellicott,
5420926,5422140,Fort Carson,
5420926,5422191,Fountain,
5420926,5423078,Gleneagle,
5420926,5430023,Manitou Springs,
5420926,5431740,Monument,
5420926,5433828,Palmer Lake,
5420926,7262349,Security-Widefield,
5420926,5440520,Stratmoor,
5420926,5444707,Woodmoor,
5420936,5421001,Elizabeth,
5420936,5427408,Kiowa,
5420936,5435059,Ponderosa Park,
5420936,5438888,Simla,
5422448,5416005,Cañon City,
5422448,5422018,Florence,
5422448,5425680,Howard,
5422448,5428534,Lincoln Park,
5422448,5434318,Penrose,
5422448,5444324,Williamsburg,
5422751,5412887,Battlement Mesa,
5422751,5416113,Carbondale,
5422751,5416419,Cattle Creek,
5422751,5423092,Glenwood Springs,
5422751,5432549,New Castle,
5422751,5433904,Parachute,
5422751,5436363,Rifle,
5422751,5438708,Silt,
5422987,5416606,Central City,
5424092,5418523,Crested Butte,
5424092,5424099,Gunnison,
5424092,5431994,Mount Crested Butte,
5425136,5427796,Lake City,
5425737,5427734,La Veta,
5425737,5443206,Walsenburg,
5426503,5412030,Applewood,
5426503,5412199,Arvada,
5426503,5412264,Aspen Park,
5426503,5417657,Columbine,
5426503,13607888,Dakota Ridge,
5426503,5420859,Edgewater,
5426503,5421418,Evergreen,
5426503,5422853,Genesee,
5426503,5423294,Golden,
5426503,5426044,Indian Hills,
5426503,5427207,Ken Caryl,
5426503,5427540,Kittredge,
5426503,5427946,Lakewood,
5426503,5432092,Mountain View,
5426503,7262510,West Pleasant View,
5426503,5443948,Wheat Ridge,
5427500,5420323,Eads,
5427526,5415502,Burlington,
5427526,5421941,Flagler,
5427526,5440525,Stratton,
5427717,5412939,Bayfield,
5427717,5420241,Durango,
5427717,5425934,Ignacio,
5427799,5428184,Leadville,
5427799,7261643,Leadville North,
5428059,5442007,Trinidad,
5428518,5425757,Hugo,
5428518,5428504,Limon,
5430806,5417258,Clifton,
5430806,5417522,Collbran,
5430806,5422534,Fruita,
5430806,5422557,Fruitvale,
5430806,5423573,Grand Junction,
5430806,5429120,Loma,
5430806,5433549,Orchard Mesa,
5430806,5433806,Palisade,
5430806,5436099,Redlands,
5431333,5418493,Creede,
5431680,5418104,Cortez,
5431680,5419755,Dolores,
5431680,5429982,Mancos,
5431680,5441792,Towaoc,
5431716,5431710,Montrose,
5431716,5432368,Naturita,
5431716,5433165,Nucla,
5431716,5433349,Olathe,
5433658,5422254,Fowler,
5433658,5427705,La Junta,
5433658,5432990,North La Junta,
5433658,5436808,Rocky Ford,
5433658,5440958,Swink,
5433677,5429156,Loghill Village,
5433677,5433676,Ouray,
5433677,5436353,Ridgway,
5433959,5412500,Bailey,
5433959,8299699,Castle Pines North,
5433959,5421506,Fairplay,
5434773,5412230,Aspen,
5434773,5439284,Snowmass Village,
5435436,5425247,Holly,
5435436,5427957,Lamar,
5435465,5412400,Avondale,
5435465,5413597,Beulah Valley,
5435465,5414264,Blende,
5435465,5417561,Colorado City,
5435465,5435464,Pueblo,
5435465,5435477,Pueblo West,
5435465,5437590,Salt Creek,
5436472,5579761,Meeker,
5436472,5581213,Rangely,
5436477,5419302,Del Norte,
5436477,5431661,Monte Vista,
5437350,5416565,Center,
5437350,5437349,Saguache,
5437668,5438881,Silverton,
5437707,5432105,Mountain Village,
5437707,5433140,Norwood,
5437707,5441199,Telluride,
5440680,5414392,Blue River,
5440680,5414872,Breckenridge,
5440680,5419606,Dillon,
5440680,5422503,Frisco,
5440680,5427299,Keystone,
5440680,5438878,Silverthorne,
5441188,5418552,Cripple Creek,
5441188,5423839,Green Mountain Falls,
5441188,5440526,Stratton,
5441188,5444689,Woodland Park,
5443305,5574199,Akron,
5444907,5553755,Wray,
5444907,5583657,Yuma,
5445155,5446345,Saint Francis,
5445268,5446098,Oberlin,
5445392,5445439,Garden City,
5445392,5445612,Holcomb,
5445489,5445487,Gove,
5445489,5446259,Quinter,
5445505,5446683,Ulysses,
5445511,5550452,Cimarron,
5445511,5552241,Montezuma,
5445516,5446643,Tribune,
5445544,5446613,Syracuse,
5445570,5446410,Satanta,
5445570,5446617,Sublette,
5445733,5445270,Deerfield,
5445733,5445780,Lakin,
5445806,5285480,Dighton,
5445955,5445419,Fowler,
5445955,5445952,Meade,
5445955,5446185,Plains,
5446023,5445338,Elkhart,
5446276,5444997,Atwood,
5446427,5446450,Scott City,
5446445,5445820,Liberal,
5446459,5445627,Hoxie,
5446470,5445479,Goodland,
5446561,5445688,Johnson,
5446576,5445636,Hugoton,
5446632,5445194,Colby,
5446632,5446091,Oakley,
5446712,5446453,Sharon Springs,
5446780,5445813,Leoti,
5457180,5454711,Albuquerque,
5457180,5460489,Carnuel,
5457180,5460905,Cedar Crest,
5457180,5475667,Lee Acres,
5457180,5476960,Los Ranchos de Albuquerque,
5457180,5481793,North Valley,
5457180,7315317,Pajarito Mesa,
5457180,5483380,Paradise Hills,
5457180,5484816,Ponderosa Pine,
5457180,5489513,San Antonito,
5457180,5490090,Sandia Heights,
5457180,5490093,Sandia Knolls,
5457180,5490877,Sedillo,
5457180,5492450,South Valley,
5457180,5494549,Tijeras,
5460788,5487396,Reserve,
5461428,5464936,Dexter,
5461428,5470519,Hagerman,
5461428,5479362,Midway,
5461428,5488441,Roswell,
5462019,7315302,Bluewater Village,
5462019,5469841,Grants,
5462019,5475044,Laguna,
5462019,5479005,Mesita,
5462019,5479418,Milan,
5462019,5483387,Paraje,
5462019,5489890,San Rafael,
5462019,7261794,Skyline-Ganipa,
5462567,5455214,Angel Fire,
5462567,5462076,Cimarron,
5462567,5486795,Raton,
5462567,5492762,Springer,
5464151,7261002,Cannon Air Force Base,
5464151,5462393,Clovis,
5464151,5478771,Melrose,
5464151,5494197,Texico,
5464477,5468133,Fort Sumner,
5465283,5455381,Anthony,
5465283,5457146,Berino,
5465283,5461255,Chamberino,
5465283,5461353,Chaparral,
5465283,5465262,Doña Ana,
5465283,5467227,Fairacres,
5465283,5470850,Hatch,
5465283,5474922,La Mesa,
5465283,5474975,La Union,
5465283,5475352,Las Cruces,
5465283,5478971,Mesilla,
5465283,5479038,Mesquite,
5465283,5550533,Placitas,
5465283,5486551,Radium Springs,
5465283,5489265,Salem,
5465283,5489804,San Miguel,
5465283,5489854,San Pablo,
5465283,5489914,San Ysidro,
5465283,5490374,Santa Teresa,
5465283,5493403,Sunland Park,
5465283,5495937,University Park,
5465283,5496286,Vado,
5465283,5497914,White Sands,
5466318,5455796,Artesia,
5466318,5455956,Atoka,
5466318,5460459,Carlsbad,
5466318,5474843,La Huerta,
5466318,7315312,Livingston Wheeler,
5466318,5477080,Loving,
5469835,5455650,Arenas Valley,
5469835,5456682,Bayard,
5469835,5472433,Hurley,
5469835,5479546,Mimbres,
5469835,5490223,Santa Clara,
5469835,5491487,Silver City,
5469835,5495766,Tyrone,
5470197,5490338,Santa Rosa,
5470675,5480275,Mosquero,
5471293,5476799,Lordsburg,
5475594,5467187,Eunice,
5475594,5471578,Hobbs,
5475594,5473083,Jal,
5475594,5477090,Lovington,
5475594,5493846,Tatum,
5475934,5460322,Capitan,
5475934,5460567,Carrizozo,
5475934,5488598,Ruidoso,
5475934,5488600,Ruidoso Downs,
5476834,5476825,Los Alamos,
5476834,5497876,White Rock,
5477433,5462683,Columbus,
5477433,5464806,Deming,
5477433,7315309,Keeler Farm,
5477433,7315310,La Hacienda,
5478585,5457860,Black Rock,
5478585,5461879,Church Rock,
5478585,5463890,Crownpoint,
5478585,5468773,Gallup,
5478585,5480831,Navajo,
5478585,5488152,Rock Springs,
5478585,5494395,Thoreau,
5478585,5494714,Tohatchi,
5478585,5495659,Twin Lakes,
5478585,5498733,Yah-ta-hey,
5478585,5499004,Zuni Pueblo,
5480123,5285666,Mora,
5482932,5454627,Alamogordo,
5482932,5458319,Boles Acres,
5482932,5462377,Cloudcroft,
5482932,5471392,High Rolls,
5482932,7261445,Holloman Air Force Base,
5482932,5474895,La Luz,
5482932,5478949,Mescalero,
5482932,5495380,Tularosa,
5485605,5476526,Logan,
5485605,5495360,Tucumcari,
5487732,5461240,Chama,
5487732,5461293,Chamita,
5487732,5461623,Chili,
5487732,5461645,Chimayo,
5487732,5465133,Dixon,
5487732,5465650,Dulce,
5487732,5466456,El Duende,
5487732,5466535,El Rito,
5487732,5467024,Española,
5487732,5471232,Hernandez,
5487732,5474935,La Mesilla,
5487732,5474986,La Villita,
5487732,5476909,Los Luceros,
5487732,5480832,Navajo,
5487732,7262027,Ohkay Owingeh,
5487732,5489630,San Jose,
5487732,5489690,San Juan,
5487732,5490234,Santa Clara Pueblo,
5487732,5490359,Santa Teresa,
5487732,5494507,Tierra Amarilla,
5487732,5495238,Truchas,
5487732,5496554,Velarde,
5488372,5484874,Portales,
5489698,5456049,Aztec,
5489698,5458067,Bloomfield,
5489698,5460922,Cedar Hill,
5489698,5467328,Farmington,
5489698,5467905,Flora Vista,
5489698,5474539,Kirtland,
5489698,5474950,La Plata,
5489698,5475668,Lee Acres,
5489698,7261949,Napi Headquarters,
5489698,5480997,Nenahnezad,
5489698,5482384,Ojo Amarillo,
5489698,5491288,Shiprock,
5489698,5492633,Spencerville,
5489698,5496046,Upper Fruitland,
5489698,5497190,Waterflow,
5489698,7315327,West Hammond,
5489818,5466118,East Pecos,
5489818,5475433,Las Vegas,
5489818,5483680,Pecos,
5490135,5454807,Algodones,
5490135,5457198,Bernalillo,
5490135,5462480,Cochiti,
5490135,5462489,Cochiti Lake,
5490135,5463237,Corrales,
5490135,5550492,Cuba,
5490135,7839240,Enchanted Hills,
5490135,5473297,Jemez Pueblo,
5490135,5483779,Peña Blanca,
5490135,5484613,Placitas,
5490135,5487811,Rio Rancho,
5490135,5489545,San Felipe Pueblo,
5490135,5490202,Santa Ana Pueblo,
5490135,5490385,Santo Domingo Pueblo,
5490135,5498952,Zia Pueblo,
5490272,5454355,Agua Fria,
5490272,5460910,Cedar Grove,
5490272,5466336,Edgewood,
5490272,5466517,El Rancho,
5490272,5466567,El Valle de Arroyo Seco,
5490272,5466585,Eldorado at Santa Fe,
5490272,5474794,La Cienega,
5490272,5474960,La Puebla,
5490272,5480731,Nambe,
5490272,5550529,Pojoaque,
5490272,5489602,San Ildefonso Pueblo,
5490272,5490263,Santa Fe,
5490272,5494156,Tesuque,
5491395,5466605,Elephant Butte,
5491395,5495292,Truth or Consequences,
5492031,5454546,Alamo,
5492031,5477673,Magdalena,
5492031,5491999,Socorro,
5493780,5455775,Arroyo Seco,
5493780,5483803,Peñasco,
5493780,5485658,Questa,
5493780,5486761,Ranchos de Taos,
5493780,5493684,Talpa,
5493780,5493811,Taos,
5493780,5493798,Taos Pueblo,
5494881,5467102,Estancia,
5494881,7315304,Indian Hills,
5494881,5478550,McIntosh,
5494881,5480181,Moriarty,
5494881,5480395,Mountainair,
5495841,5462269,Clayton,
5496319,5454268,Adelino,
5496319,5456975,Belen,
5496319,5458548,Bosque Farms,
5496319,5466437,El Cerro,
5496319,7261104,El Cerro Mission,
5496319,7315308,Highland Meadows,
5496319,5473163,Jarales,
5496319,7176022,Las Maravillas,
5496319,5476881,Los Chavez,
5496319,5476913,Los Lunas,
5496319,5477644,Madrone,
5496319,5478673,Meadow Lake,
5496319,7176024,Monterey Park,
5496319,5483884,Peralta,
5496319,5485284,Pueblitos,
5496319,7176031,Rio Communities,
5496319,5494790,Tome,
5496319,5496315,Valencia,
5501350,5501344,Carson City,
5501785,5503914,Fallon,
5501785,7261165,Fallon Station,
5501879,5500539,Boulder City,
5501879,5500947,Bunkerville,
5501879,5503766,Enterprise,
5501879,5505411,Henderson,
5501879,5506040,Indian Springs,
5501879,5506956,Las Vegas,
5501879,5507016,Laughlin,
5501879,5508180,Mesquite,
5501879,5508470,Moapa Town,
5501879,5508473,Moapa Valley,
5501879,7261960,Nellis Air Force Base,
5501879,5509403,North Las Vegas,
5501879,5509952,Paradise,
5501879,5511806,Sandy Valley,
5501879,5511977,Searchlight,
5501879,5512909,Spring Valley,
5501879,7262622,Summerlin South,
5501879,5513343,Sunrise Manor,
5501879,5515110,Whitney,
5501879,5515345,Winchester,
5503178,7315286,Carter Springs,
5503178,7315287,East Valley,
5503178,7315288,Fish Springs,
5503178,5504468,Gardnerville,
5503178,5504473,Gardnerville Ranchos,
5503178,5504531,Genoa,
5503178,5550579,Indian Hills,
5503178,5506353,Johnson Lane,
5503178,5506726,Kingsbury,
5503178,5508379,Minden,
5503178,5512994,Stateline,
5503178,7315290,Topaz Ranch Estates,
5503178,5515553,Zephyr Cove,
5503780,5504812,Goldfield,
5506935,5701361,Battle Mountain,
5507189,5499105,Alamo,
5507189,5501155,Caliente,
5507189,5509909,Panaca,
5507189,5510323,Pioche,
5507669,5502732,Dayton,
5507669,5504003,Fernley,
5507669,5512373,Silver Springs,
5507669,5512520,Smith,
5507669,7261797,Smith Valley,
5507669,5512985,Stagecoach,
5507669,5515507,Yerington,
5508393,5505321,Hawthorne,
5508393,5511928,Schurz,
5509519,5550561,Beatty,
5509519,5509851,Pahrump,
5509519,5513795,Tonopah,
5513171,5514428,Virginia City,
5514990,5503694,Ely,
5514990,5508030,McGill,
5515593,5515591,Beaver,
5515593,5515714,Forgan,
5515651,5515613,Boise City,
5515937,5515734,Goodwell,
5515937,5515743,Guymon,
5515937,5515773,Hooker,
5515937,5515940,Texhoma,
5515937,5515949,Tyrone,
5516292,5516288,Andrews,
5516292,7701639,McKinney Acres,
5516441,5519055,Claude,
5516581,5526805,Muleshoe,
5517459,5521972,Gail,
5517580,5516203,Alpine,
5517598,5530728,Silverton,
5518353,5522525,Groom,
5518353,5527980,Panhandle,
5518353,5533571,White Deer,
5518431,5520201,Dimmitt,
5518431,5522876,Hart,
5518760,5518758,Childress,
5519156,5526657,Morton,
5519174,5517649,Bronte,
5519174,5529397,Robert Lee,
5519229,5533240,Wellington,
5519440,5527891,Paducah,
5519649,5519648,Crane,
5519699,5527870,Ozona,
5519715,5519719,Crosbyton,
5519715,5525455,Lorenzo,
5519715,5550669,Ralls,
5519788,5532924,Van Horn,
5519868,5519862,Dalhart,
5519868,5532226,Texline,
5519946,5524849,Lamesa,
5520004,5523074,Hereford,
5520187,5520196,Dickens,
5520187,5550683,Spur,
5520330,5519031,Clarendon,
5520910,5522019,Gardendale,
5520910,5527554,Odessa,
5520910,5533366,West Odessa,
5520940,5529514,Rocksprings,
5521001,5516077,Agua Dulce,
5521001,5516368,Anthony,
5521001,5518232,Canutillo,
5521001,5519108,Clint,
5521001,5520993,El Paso,
5521001,5521233,Fabens,
5521001,7261282,Fort Bliss,
5521001,5523335,Homestead Meadows North,
5521001,5523336,Homestead Meadows South,
5521001,5523369,Horizon City,
5521001,5526668,Morning Glory,
5521001,5530058,San Elizario,
5521001,5530932,Socorro,
5521001,5530937,Socorro Mission Number 1 Colonia,
5521001,5531548,Sparks,
5521001,5532423,Tornillo,
5521001,5532993,Vinton,
5521001,5533510,Westway,
5521544,5522769,Hamlin,
5521544,5529438,Roby,
5521544,5529609,Rotan,
5521640,5521646,Floydada,
5521640,5525346,Lockney,
5521974,5530403,Seagraves,
5521974,5530452,Seminole,
5522043,5528596,Post,
5522162,5522004,Garden City,
5522430,5524979,Lefors,
5522430,5526070,McLean,
5522430,5527953,Pampa,
5522717,5522714,Hale Center,
5522717,5528302,Petersburg,
5522717,5528450,Plainview,
5522717,5530469,Seth Ward,
5522740,5526145,Memphis,
5522806,5550634,Gruver,
5522806,5531553,Spearman,
5522887,5518692,Channing,
5522887,5522885,Hartley,
5523019,5518214,Canadian,
5523240,5550611,Anton,
5523240,5525042,Levelland,
5523240,5531919,Sundown,
5523520,5517061,Big Spring,
5523520,5519127,Coahoma,
5523520,5530178,Sand Springs,
5523551,5521724,Fort Hancock,
5523551,5530688,Sierra Blanca,
5523630,5517469,Borger,
5523630,5521912,Fritch,
5523630,5531793,Stinnett,
5523809,5526174,Mertzon,
5523967,5521715,Fort Davis,
5524519,5523963,Jayton,
5524574,5522580,Guthrie,
5524590,5517550,Brackettville,
5524590,5521711,Fort Clark Springs,
5524844,5516259,Amherst,
5524844,5520687,Earth,
5524844,5525295,Littlefield,
5524844,5527759,Olton,
5524844,5531850,Sudan,
5525131,5517424,Booker,
5525514,5526156,Mentone,
5525584,5516008,Abernathy,
5525584,5523659,Idalou,
5525584,5525577,Lubbock,
5525584,5526964,New Deal,
5525584,5528928,Ransom Canyon,
5525584,5530549,Shallowater,
5525584,5530825,Slaton,
5525584,5534109,Wolfforth,
5525637,5527503,O'Donnell,
5525637,5532037,Tahoka,
5525816,5531683,Stanton,
5525886,5520677,Eagle Pass,
5525886,5520953,Eidson Road,
5525886,5521075,Elm Creek,
5525886,5524912,Las Quintas Fronterizas,
5525886,5524913,Las Quintas Fronterizas Colonia,
5525886,5528849,Radar Base,
5525886,5529592,Rosita North,
5525886,5529595,Rosita South,
5525886,5530418,Seco Mines,
5525886,8097249,Siesta Acres,
5526341,5526337,Midland,
5526473,5519254,Colorado City,
5526473,5525452,Loraine,
5526589,5518084,Cactus,
5526589,5520552,Dumas,
5526589,5531929,Sunray,
5526681,5525856,Matador,
5527151,5529571,Roscoe,
5527151,5531968,Sweetwater,
5527543,5528274,Perryton,
5527746,5532945,Vega,
5528077,5517500,Bovina,
5528077,5521353,Farwell,
5528077,5521905,Friona,
5528185,5521746,Fort Stockton,
5528185,5523798,Iraan,
5528613,5516233,Amarillo,
5528613,5518011,Bushland,
5528673,5525775,Marfa,
5528673,5528669,Presidio,
5528909,5518239,Canyon,
5528909,5524776,Lake Tanglewood,
5528987,5517030,Big Lake,
5529174,5516643,Balmorhea,
5529174,5528182,Pecos,
5529403,5526233,Miami,
5530333,5521036,Eldorado,
5530399,5530921,Snyder,
5530618,5531815,Stratford,
5531748,5531747,Sterling City,
5531802,5516487,Aspermont,
5531955,5531255,Sonora,
5531988,5522811,Happy,
5531988,5524641,Kress,
5531988,5532610,Tulia,
5532186,5530210,Sanderson,
5532197,5517675,Brownfield,
5532197,5526107,Meadow,
5532405,5518318,Carlsbad,
5532405,5518860,Christoval,
5532405,5522392,Grape Creek,
5532405,5530022,San Angelo,
5532876,5525938,McCamey,
5532876,5528921,Rankin,
5532889,5518982,Cienegas Terrace,
5532889,5520076,Del Rio,
5532889,7261636,Laughlin Air Force Base,
5532889,5532893,Val Verde Park,
5533109,5526514,Monahans,
5533109,5532286,Thorntonville,
5533109,5533680,Wickett,
5533544,5530555,Shamrock,
5533544,5533560,Wheeler,
5534055,5524527,Kermit,
5534055,5534053,Wink,
5534225,5520110,Denver City,
5534225,5528440,Plains,
5534886,5534882,Beaver,
5534886,5543146,Milford,
5534886,5543268,Minersville,
5536454,5536462,Carbonville,
5536454,5538668,East Carbon City,
5536454,5540351,Helper,
5536454,5545269,Price,
5536454,5547484,Spring Glen,
5536454,5549349,Wellington,
5536454,7315396,West Wood,
5538893,5536511,Castle Dale,
5538893,5539059,Ferron,
5538893,5539937,Green River,
5538893,5540810,Huntington,
5538893,5544402,Orangeville,
5539525,5538942,Escalante,
5539525,5544525,Panguitch,
5539525,5548718,Tropic,
5539784,5543307,Moab,
5541004,5536630,Cedar City,
5541004,5538914,Enoch,
5541004,5544575,Paragonah,
5541004,5544619,Parowan,
5541372,5538969,Eureka,
5541372,5541966,Levan,
5541372,5286072,Mona,
5541372,5543853,Nephi,
5541372,5546040,Rocky Ridge,
5541473,5541458,Kanab,
5541473,5544411,Orderville,
5543199,5538080,Delta,
5543199,5539097,Fillmore,
5543199,5540460,Hinckley,
5543199,5544228,Oak City,
5545027,5536953,Circleville,
5545027,5541403,Junction,
5546337,5534441,Aneth,
5546337,5535484,Blanding,
5546337,5543377,Monticello,
5546337,7262037,Oljato-Monument Valley,
5546434,5550722,Centerfield,
5546434,5538927,Ephraim,
5546434,5539005,Fairview,
5546434,5539372,Fountain Green,
5546434,5540026,Gunnison,
5546434,5542758,Manti,
5546434,5542893,Mayfield,
5546434,5543462,Moroni,
5546434,5543514,Mount Pleasant,
5546434,5547460,Spring City,
5546669,5534455,Annabella,
5546669,5534620,Aurora,
5546669,5536749,Central Valley,
5546669,5538882,Elsinore,
5546669,5543360,Monroe,
5546669,5545640,Redmond,
5546669,5545710,Richfield,
5546669,5546253,Salina,
5549225,5534525,Apple Valley,
5549225,5536743,Central,
5549225,7225903,Dammeron Valley,
5549225,5538929,Enterprise,
5549225,5540444,Hildale,
5549225,5540831,Hurricane,
5549225,5541061,Ivins,
5549225,5541693,LaVerkin,
5549225,5541871,Leeds,
5549225,5546220,Saint George,
5549225,5546441,Santa Clara,
5549225,5547516,Springdale,
5549225,5548621,Toquerville,
5549225,5549106,Virgin,
5549225,5549222,Washington,
5549318,5542323,Loa,
5550375,5411479,Alamosa,
5550375,7260760,Alamosa East,
5551519,5287656,Burnside,
5551519,5289626,Chinle,
5551519,5292453,Dennehotso,
5551519,5293569,Eagar,
5551519,5295093,Fort Defiance,
5551519,5295585,Ganado,
5551519,5298887,Houck,
5551519,5303304,Lukachukai,
5551519,5303643,Many Farms,
5551519,5304265,McNary,
5551519,5311719,Rock Point,
5551519,5312114,Round Rock,
5551519,5312595,Saint Johns,
5551519,5312634,Saint Michaels,
5551519,5313059,Sanders,
5551519,5313276,Sawmill,
5551519,5315525,Springerville,
5551519,5317014,Teec Nos Pos,
5551519,7262401,Tsaile,
5551519,5321390,Window Rock,
5553701,5562799,Douglas City,
5553701,5564893,Hayfork,
5553701,5566060,Junction City,
5553701,5566668,Lewiston,
5553701,5573443,Weaverville,
5554074,5554072,Juneau,
5554432,5554428,Ketchikan,
5557295,5557293,Sitka,
5558618,5558615,Yakutat,
5562484,7260882,Bertsch-Oceanview,
5562484,5562087,Crescent City,
5562484,5563819,Fort Dick,
5562484,5564098,Gasquet,
5562484,5566342,Klamath,
5562484,5571553,Smith River,
5565500,5558953,Arcata,
5565500,5559320,Bayside,
5565500,5559327,Bayview,
5565500,5560020,Blue Lake,
5565500,5562199,Cutten,
5565500,5563397,Eureka,
5565500,5563573,Ferndale,
5565500,5563602,Fieldbrook,
5565500,5563839,Fortuna,
5565500,5564067,Garberville,
5565500,5565511,Humboldt Hill,
5565500,5565589,Hydesville,
5565500,5553637,Indianola,
5565500,5567069,Loleta,
5565500,5567477,Manila,
5565500,5567770,McKinleyville,
5565500,5568092,Miranda,
5565500,5568514,Myrtletown,
5565500,5569523,Pine Hills,
5565500,5570171,Redway,
5565500,5570299,Rio Dell,
5565500,5570950,Scotia,
5565500,5571188,Shelter Cove,
5565500,7262521,Westhaven-Moonstone,
5565500,5573817,Willow Creek,
5566544,5562818,Doyle,
5566544,5565862,Janesville,
5566544,5566004,Johnstonville,
5566544,5569278,Patton Village,
5566544,5572400,Susanville,
5566544,5573576,Westwood,
5568120,5558829,Alturas,
5568120,5560823,California Pines,
5568120,5561173,Cedarville,
5571096,5558857,Anderson,
5571096,5559575,Bella Vista,
5571096,5560655,Burney,
5571096,5561894,Cottonwood,
5571096,5563484,Fall River Mills,
5571096,5568071,Millville,
5571096,5568325,Mountain Gate,
5571096,5569157,Palo Cedro,
5571096,5570160,Redding,
5571096,5571092,Shasta,
5571096,5571109,Shasta Lake,
5571096,5571232,Shingletown,
5571369,5562772,Dorris,
5571369,5562961,Dunsmuir,
5571369,5563382,Etna,
5571369,5563826,Fort Jones,
5571369,5564730,Happy Camp,
5571369,5567687,McCloud,
5571369,5568152,Montague,
5571369,5568295,Mount Shasta,
5571369,5572979,Tulelake,
5571369,5573449,Weed,
5571369,5574093,Yreka,
5572575,5559593,Bend,
5572575,5339614,Corning,
5572575,5564132,Gerber,
5572575,5567220,Los Molinos,
5572575,7176030,Rancho Tehama Reserve,
5572575,5570065,Red Bluff,
5574999,5574257,Allenspark,
5574999,5574263,Altona,
5574999,5574991,Boulder,
5574999,5417342,Coal Creek,
5574999,5420964,Eldorado Springs,
5574999,5576859,Erie,
5574999,7261393,Gunbarrel,
5574999,5427771,Lafayette,
5574999,5578927,Lazy Acres,
5574999,5579276,Longmont,
5574999,5429522,Louisville,
5574999,5579453,Lyons,
5574999,5432410,Nederland,
5574999,5580305,Niwot,
5574999,5433929,Paragon Estates,
5574999,5580882,Pine Brook Hill,
5574999,5440838,Superior,
5577529,5422376,Fraser,
5577529,5577516,Granby,
5577529,5578171,Hot Sulphur Springs,
5577529,5578775,Kremmling,
5577529,5444579,Winter Park,
5578418,5583139,Walden,
5578884,5574704,Berthoud,
5578884,5575478,Campion,
5578884,5576882,Estes Park,
5578884,5577147,Fort Collins,
5578884,5578877,Laporte,
5578884,5579368,Loveland,
5578884,5582779,Timnath,
5578884,5583250,Wellington,
5579185,5582392,Sterling,
5579973,5576064,Craig,
5580055,5575194,Brush,
5580055,5577158,Fort Morgan,
5580055,5579198,Log Lane Village,
5580055,5583400,Wiggins,
5580855,5577851,Haxtun,
5580855,5578099,Holyoke,
5581553,5577864,Hayden,
5581553,5580519,Oak Creek,
5581553,5582371,Steamboat Springs,
5581788,5578567,Julesburg,
5583239,5574368,Aristocrat Ranchettes,
5583239,5574410,Ault,
5583239,5576177,Dacono,
5583239,5576690,Eaton,
5583239,5576909,Evans,
5583239,5577008,Firestone,
5583239,5577153,Fort Lupton,
5583239,5577217,Frederick,
5583239,5577350,Gilcrest,
5583239,5577592,Greeley,
5583239,5578235,Hudson,
5583239,5578536,Johnstown,
5583239,5578653,Keenesburg,
5583239,5578683,Kersey,
5583239,5578793,La Salle,
5583239,5579170,Lochbuie,
5583239,5579737,Mead,
5583239,5579899,Milliken,
5583239,5580868,Pierce,
5583239,5580947,Platteville,
5583239,5581845,Severance,
5583239,5583509,Windsor,
5583739,5586437,Boise,
5583739,5591778,Eagle,
5583739,13697058,Eagle Foothills,
5583739,5593814,Garden City,
5583739,7315585,Hidden Spring,
5583739,5597955,Kuna,
5583739,5600685,Meridian,
5583739,5608754,Star,
5583743,5589857,Council,
5584639,5588842,Chubbuck,
5584639,5591365,Downey,
5584639,5596729,Inkom,
5584639,5600375,McCammon,
5584639,5604045,Pocatello,
5584639,5610946,Tyhee,
5585000,5601299,Montpelier,
5585000,5603240,Paris,
5585304,5604033,Plummer,
5585304,5606232,Saint Maries,
5585826,5583714,Aberdeen,
5585826,5586093,Blackfoot,
5585826,5593399,Fort Hall,
5585826,5594859,Groveland,
5585826,5601462,Moreland,
5585826,5605426,Riverside,
5585826,5607051,Shelley,
5586170,5585265,Bellevue,
5586170,5588068,Carey,
5586170,5594956,Hailey,
5586170,5597711,Ketchum,
5586170,5609286,Sun Valley,
5586445,5596116,Horseshoe Bend,
5586445,5596462,Idaho City,
5586489,5588915,Clark Fork,
5586489,5591362,Dover,
5586489,5597920,Kootenai,
5586489,5604222,Ponderay,
5586489,5604510,Priest River,
5586489,5606401,Sandpoint,
5586500,5583997,Ammon,
5586500,5596475,Idaho Falls,
5586500,5596741,Iona,
5586500,5598674,Lincoln,
5586500,5610980,Ucon,
5586641,5586496,Bonners Ferry,
5586641,5601667,Moyie Springs,
5587504,5584200,Arco,
5587757,5592697,Fairfield,
5587975,5587698,Caldwell,
5587975,5594703,Greenleaf,
5587975,5600664,Melba,
5587975,5600890,Middleton,
5587975,5601933,Nampa,
5587975,5602660,Notus,
5587975,5603310,Parma,
5587975,5612431,Wilder,
5588082,5589394,Conda,
5588082,5594400,Grace,
5588082,5607916,Soda Springs,
5588204,5587385,Burley,
5588204,5602729,Oakley,
5588908,5591649,Dubois,
5589005,5602909,Orofino,
5590383,5588524,Challis,
5592510,5594092,Glenns Ferry,
5592510,5601615,Mountain Home,
5593547,5593543,Franklin,
5593547,5604473,Preston,
5593620,5584299,Ashton,
5593620,5606187,Saint Anthony,
5593620,5609851,Teton,
5593925,5592562,Emmett,
5594311,5594307,Gooding,
5594311,5594937,Hagerman,
5594311,5611758,Wendell,
5596467,5589704,Cottonwood,
5596467,5594474,Grangeville,
5596467,5597934,Kooskia,
5596986,5600672,Menan,
5596986,5605321,Rigby,
5596986,5605403,Ririe,
5596986,5605493,Roberts,
5597037,5595378,Hazelton,
5597037,5597034,Jerome,
5597922,5584330,Athol,
5597922,5589173,Coeur d'Alene,
5597922,5590453,Dalton Gardens,
5597922,5595272,Hauser,
5597922,5595320,Hayden,
5597922,5595336,Hayden Lake,
5597922,5604353,Post Falls,
5597922,5553955,Rathdrum,
5597922,5608388,Spirit Lake,
5598264,5590694,Deary,
5598264,5593940,Genesee,
5598264,5597306,Juliaetta,
5598264,5601538,Moscow,
5598264,5604394,Potlatch,
5598264,5610655,Troy,
5598464,5606275,Salmon,
5598527,5597538,Kamiah,
5598527,5602128,Nezperce,
5598678,5607205,Shoshone,
5599930,5605242,Rexburg,
5599930,5609169,Sugar City,
5601141,5595591,Heyburn,
5601141,5603391,Paul,
5601141,5606000,Rupert,
5602115,5598185,Lapwai,
5602115,5598538,Lewiston,
5602115,5598542,Lewiston Orchards,
5602844,5600035,Malad City,
5603018,5595881,Homedale,
5603018,5600229,Marsing,
5603018,5601827,Murphy,
5603395,5593708,Fruitland,
5603395,5602080,New Plymouth,
5603395,5603393,Payette,
5604439,5583981,American Falls,
5604439,7260804,Arbon Valley,
5607202,5597606,Kellogg,
5607202,5601806,Mullan,
5607202,5602934,Osburn,
5607202,5603860,Pinehurst,
5607202,5607662,Smelterville,
5607202,5611375,Wallace,
5609855,5591399,Driggs,
5609855,5611251,Victor,
5610815,5587232,Buhl,
5610815,5592973,Filer,
5610815,5595086,Hansen,
5610815,5597783,Kimberly,
5610815,5610810,Twin Falls,
5611156,5588160,Cascade,
5611156,5600363,McCall,
5611570,5611730,Weiser,
5639238,5648657,Dillon,
5639974,5642870,Busby,
5639974,5647159,Crow Agency,
5639974,5656170,Hardin,
5639974,5667700,Muddy,
5639974,5672630,Pryor,
5640934,5644801,Chinook,
5640934,5652721,Fort Belknap Agency,
5640934,5656197,Harlem,
5640934,5656718,Hays,
5642059,7315282,The Silos,
5642059,5682902,Townsend,
5643686,5641974,Bridger,
5643686,5659931,Joliet,
5643686,5673390,Red Lodge,
5643864,5650548,Ekalaka,
5643929,5639462,Belt,
5643929,5640683,Black Eagle,
5643929,5643915,Cascade,
5643929,5655240,Great Falls,
5643929,7261214,Malmstrom Air Force Base,
5643929,5681020,Sun Prairie,
5643929,5683793,Ulm,
5643929,5684372,Vaughn,
5644870,5640121,Big Sandy,
5644870,5652763,Fort Benton,
5647449,5666176,Miles City,
5647744,5676740,Scobey,
5647905,5654391,Glendive,
5647905,5685656,West Glendive,
5648270,5637146,Anaconda,
5648270,5684927,Warm Springs,
5651490,5638252,Baker,
5651735,5662162,Lewistown,
5652361,5640284,Bigfork,
5652361,5645859,Columbia Falls,
5652361,5646332,Coram,
5652361,5651289,Evergreen,
5652361,5658395,Hungry Horse,
5652361,5660340,Kalispell,
5652361,5661473,Lakeside,
5652361,5664683,Marion,
5652361,5664774,Martin City,
5652361,5678822,Somers,
5652361,5686121,Whitefish,
5653656,5639364,Belgrade,
5653656,5640193,Big Sky,
5653656,5641727,Bozeman,
5653656,5644999,Churchill,
5653656,5653014,Four Corners,
5653656,5653639,Gallatin Gateway,
5653656,5660769,King Arthur Park,
5653656,5664535,Manhattan,
5653656,5682364,Three Forks,
5653656,5685767,West Yellowstone,
5653782,5659996,Jordan,
5654267,5642247,Browning,
5654267,5647469,Cut Bank,
5654267,5668939,North Browning,
5654267,5678917,South Browning,
5654674,5675156,Ryegate,
5654985,5671240,Philipsburg,
5657400,5656497,Havre,
5657400,7261407,Havre North,
5659534,5641473,Boulder,
5659534,5645169,Clancy,
5659534,5666921,Montana City,
5659534,7315281,South Hills,
5659534,5686153,Whitehall,
5660055,5680222,Stanford,
5661385,5637581,Arlee,
5661385,5670441,Pablo,
5661385,5671996,Polson,
5661385,5674601,Ronan,
5661385,5675755,Saint Ignatius,
5661385,5687173,Woods Bay,
5662129,5650245,East Helena,
5662129,5656882,Helena,
5662129,7261421,Helena Valley Northeast,
5662129,7261422,Helena Valley Northwest,
5662129,7261423,Helena Valley Southeast,
5662129,7261424,Helena Valley West Central,
5662129,7261425,Helena West Side,
5662129,5662396,Lincoln,
5662222,5644629,Chester,
5662406,5651208,Eureka,
5662406,5662190,Libby,
5662406,5671619,Pioneer Junction,
5662406,5683071,Trego,
5662406,5683250,Troy,
5662406,5686032,White Haven,
5664295,5651062,Ennis,
5664295,5677498,Sheridan,
5664295,5684558,Virginia City,
5665177,5645114,Circle,
5665612,5686092,White Sulphur Springs,
5666480,5681215,Superior,
5666648,7260933,Bonner-West Riverside,
5666648,5643752,Carlton,
5666648,5645454,Clinton,
5666648,5650270,East Missoula,
5666648,5653377,Frenchtown,
5666648,5663257,Lolo,
5666648,5666639,Missoula,
5666648,5670128,Orchard Homes,
5666648,5676910,Seeley Lake,
5666648,5687322,Wye,
5667879,5674878,Roundup,
5670652,5653731,Gardiner,
5670652,5663049,Livingston,
5670652,5672477,Pray,
5671200,5686862,Winnett,
5671269,5664486,Malta,
5672061,5646101,Conrad,
5672061,5656778,Heart Butte,
5672061,5684218,Valier,
5672326,5642048,Broadus,
5672344,5648267,Deer Lodge,
5672408,5681948,Terry,
5673204,5646474,Corvallis,
5673204,5647774,Darby,
5673204,5652509,Florence,
5673204,5655959,Hamilton,
5673204,5671528,Pinesdale,
5673204,5680485,Stevensville,
5673204,5684455,Victor,
5673849,5651400,Fairview,
5673849,5677735,Sidney,
5674655,5647366,Culbertson,
5674655,5672096,Poplar,
5674655,5687028,Wolf Point,
5674707,5637757,Ashland,
5674707,5645832,Colstrip,
5674707,5652699,Forsyth,
5674707,5661538,Lame Deer,
5676299,5658166,Hot Springs,
5676299,5671710,Plains,
5676299,5682278,Thompson Falls,
5677503,5671807,Plentywood,
5677822,5642934,Butte,
5677822,5684758,Walkerville,
5680538,5636523,Absarokee,
5680538,5645893,Columbus,
5680538,5670635,Park City,
5681435,5640214,Big Timber,
5681965,5644844,Choteau,
5681965,5651382,Fairfield,
5682810,5677433,Shelby,
5683061,5658541,Hysham,
5684246,5654320,Glasgow,
5685886,5656214,Harlowton,
5686294,5686290,Wibaux,
5687489,5640350,Billings,
5687489,5661766,Laurel,
5687489,5663135,Lockwood,
5687489,5677483,Shepherd,
5687489,5687258,Worden,
5687646,5689618,Hettinger,
5688020,5690471,Medora,
5688108,5688106,Bottineau,
5688138,5688127,Bowman,
5688254,5688119,Bowbells,
5688266,5687809,Baldwin,
5688266,5688025,Bismarck,
5688266,5690162,Lincoln,
5688792,5688604,Crosby,
5688859,5689955,Killdeer,
5688859,5690380,Manning,
5689006,5690186,Linton,
5689315,5554419,Beach,
5689375,5688351,Carson,
5689375,5688962,Elgin,
5689621,5690627,Mott,
5689621,5690694,New England,
5690436,5692611,Towner,
5690436,5692751,Velva,
5690440,5689183,Four Bears Village,
5690440,5690373,Mandaree,
5690440,5692814,Watford City,
5690448,5689239,Garrison,
5690448,5692741,Turtle Lake,
5690448,5692691,Underwood,
5690448,5692806,Washburn,
5690448,5554477,Wilton,
5690489,5688003,Beulah,
5690489,5689557,Hazen,
5690489,5692342,Stanton,
5690583,5689296,Glen Ullin,
5690583,5689578,Hebron,
5690583,5690366,Mandan,
5690583,5690709,New Salem,
5690614,5690711,New Town,
5690614,5690958,Parshall,
5690614,5692337,Stanley,
5690889,5688397,Center,
5691033,5061221,Rugby,
5691264,5690557,Mohall,
5692064,5690418,McClusky,
5692108,5688331,Cannon Ball,
5692108,5689173,Fort Yates,
5692146,5687696,Amidon,
5692348,5687901,Belfield,
5692348,5688789,Dickinson,
5692348,5691280,Richardton,
5692798,5687937,Berthold,
5692798,5688259,Burlington,
5692798,5689936,Kenmare,
5692798,5690532,Minot,
5692798,7259396,Minot Air Force Base,
5692798,5692466,Surrey,
5692940,5691210,Ray,
5692940,5692590,Tioga,
5692940,5692947,Williston,
5693299,5693294,Arthur,
5693402,5695970,Harrisburg,
5693772,5693164,Alliance,
5693772,5696083,Hemingford,
5694236,5696354,Imperial,
5694236,5700501,Wauneta,
5694243,5700344,Valentine,
5694258,5699552,Sidney,
5694727,5694163,Chadron,
5694727,5694579,Crawford,
5694776,5694218,Chappell,
5694963,5693530,Benkelman,
5695504,5694650,Curtis,
5695504,5699898,Stockville,
5695559,5698120,Oshkosh,
5695796,5696337,Hyannis,
5696051,5696040,Hayes Center,
5696203,5694629,Culbertson,
5696203,5700168,Trenton,
5696254,5697774,Mullen,
5696644,5698040,Ogallala,
5696644,5698227,Paxton,
5696690,5079617,Springview,
5696719,5696715,Kimball,
5697026,5696121,Hershey,
5697026,5697939,North Platte,
5697026,5699979,Sutherland,
5697135,5699840,Stapleton,
5697457,5700218,Tryon,
5697710,5693459,Bayard,
5697710,5693833,Bridgeport,
5698262,5695792,Grant,
5698593,5696393,Indianola,
5698593,5697383,McCook,
5699397,5695604,Gering,
5699397,5697604,Minatare,
5699397,5697633,Mitchell,
5699397,5697709,Morrill,
5699397,5699404,Scottsbluff,
5699397,5700068,Terrytown,
5699519,5695713,Gordon,
5699519,5696028,Hay Springs,
5699519,5698819,Rushville,
5699598,5695974,Harrison,
5700112,5700094,Thedford,
5703673,5702255,Carlin,
5703673,5703670,Elko,
5703673,5705218,Jackpot,
5703673,5707065,Osino,
5703673,5707081,Owyhee,
5703673,5708894,Spring Creek,
5703673,5709967,Wells,
5703673,5710035,West Wendover,
5703766,5503804,Eureka,
5704974,5710360,Winnemucca,
5707263,5705957,Lovelock,
5709906,5502015,Cold Springs,
5709906,5504802,Golden Valley,
5709906,5505963,Incline Village,
5709906,5507103,Lemmon Valley,
5709906,5508487,Mogul,
5709906,5511077,Reno,
5709906,5512827,Spanish Springs,
5709906,5512862,Sparks,
5709906,5513307,Sun Valley,
5709906,5514359,Verdi,
5709906,5514479,Wadsworth,
5712180,5712169,Baker City,
5713677,5710600,Adair Village,
5713677,5720727,Corvallis,
5713677,5741231,Monroe,
5713677,5745647,Philomath,
5719297,5713224,Beavercreek,
5719297,5717758,Canby,
5719297,5719308,Clackamas,
5719297,5722088,Damascus,
5719297,5725801,Estacada,
5719297,5728429,Gladstone,
5719297,5730183,Happy Valley,
5719297,5733582,Jennings Lodge,
5719297,5733855,Johnson City,
5719297,5735724,Lake Oswego,
5719297,5740900,Milwaukie,
5719297,5741182,Molalla,
5719297,5741683,Mount Hood Village,
5719297,5742096,Mulino,
5719297,5743731,Oak Grove,
5719297,7262019,Oatfield,
5719297,5744253,Oregon City,
5719297,5750477,Sandy,
5719297,5754243,Stafford,
5719297,5760009,West Linn,
5719297,5761287,Wilsonville,
5719408,5711847,Astoria,
5719408,5717789,Cannon Beach,
5719408,5728127,Gearhart,
5719408,5730048,Hammond,
5719408,5750984,Seaside,
5719408,5759289,Warrenton,
5720173,5719397,Clatskanie,
5720173,5720167,Columbia City,
5720173,5747402,Rainier,
5720173,5750041,Saint Helens,
5720173,5750663,Scappoose,
5720173,5758599,Vernonia,
5720173,5759261,Warren,
5720502,5712417,Bandon,
5720502,5712657,Barview,
5720502,5716744,Bunker Hill,
5720502,5720495,Coos Bay,
5720502,5720575,Coquille,
5720502,5728442,Glasgow,
5720502,5735782,Lakeside,
5720502,5742346,Myrtle Point,
5720502,5742974,North Bend,
5720502,5746769,Powers,
5721611,5746901,Prineville,
5721936,5715905,Brookings,
5721936,5843997,Gold Beach,
5721936,5730199,Harbor,
5721936,5746486,Port Orford,
5722958,5713587,Bend,
5722958,5722960,Deschutes River Woods,
5722958,5735549,La Pine,
5722958,5747882,Redmond,
5722958,5752129,Sisters,
5722958,5755337,Sunriver,
5722958,5756260,Terrebonne,
5722958,5756628,Three Rivers,
5723759,5717887,Canyonville,
5723759,5723833,Drain,
5723759,5728491,Glendale,
5723759,5728531,Glide,
5723759,5729293,Green,
5723759,5737857,Lookingglass,
5723759,5740154,Melrose,
5723759,5742332,Myrtle Creek,
5723759,5743787,Oakland,
5723759,5747941,Reedsport,
5723759,5748229,Riddle,
5723759,5749352,Roseburg,
5723759,7262259,Roseburg North,
5723759,5755474,Sutherlin,
5723759,5757355,Tri-City,
5723759,5761481,Winston,
5723759,5762118,Yoncalla,
5728364,5711672,Arlington,
5728364,5720282,Condon,
5729054,5717822,Canyon City,
5729054,5733770,John Day,
5729054,5741722,Mount Vernon,
5729054,5746793,Prairie City,
5730293,5716833,Burns,
5730293,5731397,Hines,
5731767,5718132,Cascade Locks,
5731767,5731777,Hood River,
5731767,5743896,Odell,
5733351,5711789,Ashland,
5733351,5718601,Central Point,
5733351,5724581,Eagle Point,
5733351,5727148,Foots Creek,
5733351,5728665,Gold Hill,
5733351,5733409,Jacksonville,
5733351,5740099,Medford,
5733351,5745656,Phoenix,
5733351,5749213,Rogue River,
5733351,5749630,Ruch,
5733351,5751253,Shady Cove,
5733351,5755890,Talent,
5733351,5757207,Trail,
5733351,5760396,White City,
5733351,5761293,Wimer,
5733534,5721865,Culver,
5733534,5738690,Madras,
5733534,5740308,Metolius,
5733534,5759199,Warm Springs,
5734120,5718340,Cave Junction,
5734120,5843993,Fruitdale,
5734120,5729080,Grants Pass,
5734120,5734881,Kerby,
5734120,5740247,Merlin,
5734120,5742701,New Hope,
5734120,5554837,O'Brien,
5734120,5747900,Redwood,
5734120,5751096,Selma,
5734120,5760956,Williams,
5735237,5711149,Altamont,
5735237,5719022,Chiloquin,
5735237,5735238,Klamath Falls,
5735237,5738861,Malin,
5735237,5740261,Merrill,
5735647,5735792,Lakeview,
5735869,5719774,Coburg,
5735869,5720755,Cottage Grove,
5735869,5721551,Creswell,
5735869,5721846,Culp Creek,
5735869,5724361,Dunes City,
5735869,5725846,Eugene,
5735869,5727032,Florence,
5735869,5734198,Junction City,
5735869,5738222,Lowell,
5735869,5743796,Oakridge,
5735869,5754005,Springfield,
5735869,5758566,Veneta,
5736643,5710669,Agate Beach,
5736643,5722917,Depoe Bay,
5736643,5736634,Lincoln Beach,
5736643,5736645,Lincoln City,
5736643,5742750,Newport,
5736643,5749333,Rose Lodge,
5736643,5751919,Siletz,
5736643,5757007,Toledo,
5736643,5758901,Waldport,
5736643,5761937,Yachats,
5736713,5710756,Albany,
5736713,5716061,Brownsville,
5736713,5729974,Halsey,
5736713,5730389,Harrisburg,
5736713,5735576,Lacomb,
5736713,5736218,Lebanon,
5736713,5738587,Lyons,
5736713,5740602,Mill City,
5736713,5740834,Millersburg,
5736713,5750831,Scio,
5736713,5753466,South Lebanon,
5736713,5755674,Sweet Home,
5736713,5755975,Tangent,
5738839,5743612,Nyssa,
5738839,5744166,Ontario,
5738839,5758413,Vale,
5739051,5711918,Aumsville,
5739051,5711906,Aurora,
5739051,5723639,Donald,
5739051,5727382,Four Corners,
5739051,5728264,Gervais,
5739051,5730675,Hayesville,
5739051,5732311,Hubbard,
5739051,5733532,Jefferson,
5739051,5734711,Keizer,
5739051,5741646,Mount Angel,
5739051,5750162,Salem,
5739051,5752024,Silverton,
5739051,5754464,Stayton,
5739051,5754988,Sublimity,
5739051,5757706,Turner,
5739051,5761708,Woodburn,
5741531,5714964,Boardman,
5741531,5731035,Heppner,
5741531,5733120,Irrigon,
5742126,5726018,Fairview,
5742126,5729485,Gresham,
5742126,5739466,Maywood Park,
5742126,5743422,North Portland,
5742126,5746545,Portland,
5742126,5757477,Troutdale,
5742126,5761705,Wood Village,
5746351,5722064,Dallas,
5746351,5726184,Falls City,
5746351,5728972,Grand Ronde,
5746351,5732763,Independence,
5746351,5741227,Monmouth,
5751614,5741487,Moro,
5756780,5712837,Bay City,
5756780,5712860,Bayside Gardens,
5756780,5728034,Garibaldi,
5756780,5738937,Manzanita,
5756780,5742668,Netarts,
5756780,5744635,Pacific City,
5756780,5749022,Rockaway Beach,
5756780,5756777,Tillamook,
5758058,5711861,Athena,
5758058,5725044,Echo,
5758058,5731070,Hermiston,
5758058,5740898,Milton-Freewater,
5758058,5741069,Mission,
5758058,5745380,Pendleton,
5758058,5745782,Pilot Rock,
5758058,5754308,Stanfield,
5758058,5758052,Umatilla,
5758058,5760158,Weston,
5758120,5721027,Cove,
5758120,5725293,Elgin,
5758120,5733154,Island City,
5758120,5735537,La Grande,
5758120,5758113,Union,
5759046,5725721,Enterprise,
5759046,5734100,Joseph,
5759046,5554955,Wallowa,
5759298,5718830,Chenoweth,
5759298,5724285,Dufur,
5759298,5756304,The Dalles,
5759333,5711099,Aloha,
5759333,5712430,Banks,
5759333,5713376,Beaverton,
5759333,5713759,Bethany,
5759333,5718480,Cedar Hills,
5759333,5718492,Cedar Mill,
5759333,5720639,Cornelius,
5759333,5724406,Durham,
5759333,5727190,Forest Grove,
5759333,7261327,Garden Home-Whitford,
5759333,5728080,Gaston,
5759333,5731371,Hillsboro,
5759333,5735043,King City,
5759333,5740325,Metzger,
5759333,5743413,North Plains,
5759333,5743753,Oak Hills,
5759333,5747420,Raleigh Hills,
5759333,5749017,Rockcreek,
5759333,5751632,Sherwood,
5759333,5756758,Tigard,
5759333,5757506,Tualatin,
5759333,7262498,West Haven-Sylvan,
5760229,5727319,Fossil,
5761960,5711224,Amity,
5761960,5717982,Carlton,
5761960,5722326,Dayton,
5761960,5724352,Dundee,
5761960,5735609,Lafayette,
5761960,5739936,McMinnville,
5761960,5742726,Newberg,
5761960,5751600,Sheridan,
5761960,5760923,Willamina,
5761960,5761959,Yamhill,
5762756,5766888,Martin,
5763234,5762718,Belle Fourche,
5763234,5767392,Newell,
5763333,5767241,Mound City,
5763761,5766967,McIntosh,
5763761,5766985,McLaughlin,
5763916,5763910,Custer,
5764119,5764369,Eagle Butte,
5764119,5767488,North Eagle Butte,
5764119,5769772,Timber Lake,
5764690,5764489,Edgemont,
5764690,5765751,Hot Springs,
5765294,5767896,Philip,
5765341,5763144,Buffalo,
5765964,5766162,Kadoka,
5765964,5770124,Wanblee,
5766096,5767295,Murdo,
5766411,5764048,Deadwood,
5766411,5766425,Lead,
5766411,5767532,North Spearfish,
5766411,5769288,Spearfish,
5766411,5770393,Whitewood,
5767000,5762897,Blackhawk,
5767000,5767912,Piedmont,
5767000,5769489,Sturgis,
5767000,6332118,Summerset,
5767033,5770357,White River,
5767840,5762502,Ashland Heights,
5767840,5763011,Box Elder,
5767840,5763699,Colonial Pine Hills,
5767840,7259253,Ellsworth Air Force Base,
5767840,5765226,Green Valley,
5767840,5765609,Hill City,
5767840,5766087,Johnson Siding,
5767840,5767383,New Underwood,
5767840,5768233,Rapid City,
5767840,5768244,Rapid Valley,
5767840,5770098,Wall,
5767864,5762836,Bison,
5767864,5766453,Lemmon,
5768976,5766307,Kyle,
5768976,7259380,Manderson-White Horse Creek,
5768976,5767610,Oglala,
5768976,5767939,Pine Ridge,
5768976,5768046,Porcupine,
5769386,5764864,Fort Pierre,
5769502,5767686,Onida,
5769778,5762412,Antelope,
5769778,5767144,Mission,
5769778,5767789,Parmelee,
5769778,5768556,Rosebud,
5769778,5768705,Saint Francis,
5770576,5764313,Dupree,
5771875,5771179,Bear River City,
5771875,5771960,Brigham City,
5771875,5773230,Corinne,
5771875,5774482,Elwood,
5771875,5775081,Garland,
5771875,5776087,Honeyville,
5771875,5777881,Mantua,
5771875,5779613,Perry,
5771875,5780539,Riverside,
5771875,5781813,South Willard,
5771875,5782533,Thatcher,
5771875,5783768,Tremonton,
5771875,5784852,Willard,
5772317,5770728,Amalga,
5772317,5771337,Benson,
5772317,5772927,Clarkston,
5772317,5776221,Hyde Park,
5772317,5776228,Hyrum,
5772317,5777244,Lewiston,
5772317,5777544,Logan,
5772317,5778154,Mendon,
5772317,5778379,Millville,
5772317,5778890,Newton,
5772317,5778898,Nibley,
5772317,5779025,North Logan,
5772317,5779423,Paradise,
5772317,5780020,Providence,
5772317,5780388,Richmond,
5772317,5780517,River Heights,
5772317,5781551,Smithfield,
5772317,5783772,Trenton,
5772317,5555129,Wellsville,
5773608,5777855,Manila,
5773664,5771826,Bountiful,
5773664,5772654,Centerville,
5773664,5772959,Clearfield,
5773664,5773001,Clinton,
5773664,5774662,Farmington,
5773664,5775035,Fruit Heights,
5773664,8604999,Hill Air Force Base,
5773664,5776715,Kaysville,
5773664,5777107,Layton,
5773664,5779068,North Salt Lake,
5773664,5781809,South Weber,
5773664,5782320,Sunset,
5773664,5782391,Syracuse,
5773664,5784504,West Bountiful,
5773664,5784580,West Point,
5773664,5785116,Woods Cross,
5774137,5774135,Duchesne,
5774137,5778794,Myton,
5774137,5780699,Roosevelt,
5778525,5774535,Enterprise,
5778525,5778518,Morgan,
5778525,5778633,Mountain Green,
5780377,5775057,Garden City,
5780377,5780154,Randolph,
5781004,8604824,Bingham Canyon,
5781004,5771716,Bluffdale,
5781004,5772418,Canyon Rim,
5781004,5772653,Centerfield,
5781004,5773219,Copperton,
5781004,5773304,Cottonwood Heights,
5781004,5774001,Draper,
5781004,5774301,East Millcreek,
5781004,5775320,Granite,
5781004,5775782,Herriman,
5781004,5776008,Holladay,
5781004,5776727,Kearns,
5781004,5555083,Little Cottonwood Creek Valley,
5781004,5777793,Magna,
5781004,5778244,Midvale,
5781004,5778352,Millcreek,
5781004,5778601,Mount Olympus,
5781004,5778755,Murray,
5781004,5779333,Oquirrh,
5781004,5780557,Riverton,
5781004,5780993,Salt Lake City,
5781004,5781061,Sandy,
5781004,5781770,South Jordan,
5781004,5781794,South Salt Lake,
5781004,5782476,Taylorsville,
5781004,5784549,West Jordan,
5781004,5784607,West Valley City,
5781004,5784731,White City,
5782267,5773066,Coalville,
5782267,5774961,Francis,
5782267,5775747,Henefer,
5782267,5776173,Hoytsville,
5782267,5776692,Kamas,
5782267,5777941,Marion,
5782267,5779170,Oakley,
5782267,5779451,Park City,
5782267,7315395,Silver Summit,
5782267,5781609,Snyderville,
5782267,5782272,Summit Park,
5783699,5774159,Dugway,
5783699,5774546,Erda,
5783699,5775346,Grantsville,
5783699,5782055,Stansbury park,
5783699,5782149,Stockton,
5783699,5783695,Tooele,
5783699,5784492,Wendover,
5783919,5771022,Ballard,
5783919,5774915,Fort Duchesne,
5783919,5777780,Maeser,
5783919,5778807,Naples,
5783919,5784154,Vernal,
5784025,5770732,Alpine,
5784025,5844096,American Fork,
5784025,5771312,Benjamin,
5784025,5772581,Cedar Hills,
5784025,8604827,Cedar Valley,
5784025,5774215,Eagle Mountain,
5784025,5774456,Elk Ridge,
5784025,5539555,Genola,
5784025,5539726,Goshen,
5784025,5775863,Highland,
5784025,5776982,Lake Shore,
5784025,5777224,Lehi,
5784025,5777332,Lindon,
5784025,5777915,Mapleton,
5784025,5779334,Orem,
5784025,5779548,Payson,
5784025,5779816,Pleasant Grove,
5784025,5780026,Provo,
5784025,5555097,Salem,
5784025,5546452,Santaquin,
5784025,5781087,Saratoga Springs,
5784025,5781860,Spanish Fork,
5784025,5781993,Springville,
5784025,5843973,Vineyard,
5784025,5784572,West Mountain,
5784025,5785084,Woodland Hills,
5784339,5773630,Daniel,
5784339,5775699,Heber City,
5784339,7238285,Hideout,
5784339,5778261,Midway,
5784339,5783627,Timber Lakes,
5784440,5774381,Eden,
5784440,5774685,Farr West,
5784440,5775615,Harrisville,
5784440,5776092,Hooper,
5784440,5776212,Huntsville,
5784440,5777253,Liberty,
5784440,5777956,Marriott-Slaterville,
5784440,5779036,North Ogden,
5784440,5779206,Ogden,
5784440,5779798,Plain City,
5784440,5779833,Pleasant View,
5784440,5780531,Riverdale,
5784440,5780802,Roy,
5784440,5781783,South Ogden,
5784440,5783914,Uintah,
5784440,5784384,Washington Terrace,
5784440,5784540,West Haven,
5784440,5785035,Wolf Creek,
5785282,5801015,Lind,
5785282,5805879,Othello,
5785282,5808453,Ritzville,
5785935,5785933,Asotin,
5785935,5790218,Clarkston,
5785935,7260679,Clarkston Heights-Vineland,
5785935,7262495,West Clarkston-Highland,
5786991,5786990,Benton City,
5786991,5794369,Finley,
5786991,5797300,Highland,
5786991,5799610,Kennewick,
5786991,5807487,Prosser,
5786991,5808276,Richland,
5786991,5815599,West Richland,
5789829,5789342,Cashmere,
5789829,5789826,Chelan,
5789829,5793817,Entiat,
5789829,5795988,Granite Falls,
5789829,5800683,Leavenworth,
5789829,5802291,Manson,
5789829,7261826,South Wenatchee,
5789829,5812626,Sunnyslope,
5789829,5815342,Wenatchee,
5789829,5815609,West Wenatchee,
5790164,5786925,Bell Hill,
5790164,5789180,Carlsborg,
5790164,5794761,Forks,
5790164,5804537,Neah Bay,
5790164,5807212,Port Angeles,
5790164,7262139,Port Angeles East,
5790164,5809983,Sequim,
5790179,5785614,Amboy,
5790179,5786322,Barberton,
5790179,5786485,Battle Ground,
5790179,5788290,Brush Prairie,
5790179,5788822,Camas,
5790179,5789882,Cherry Grove,
5790179,7261729,Dollar Corner,
5790179,5794242,Felida,
5790179,5794273,Fern Prairie,
5790179,5794559,Five Corners,
5790179,5796984,Hazel Dell,
5790179,5797435,Hockinson,
5790179,5800069,La Center,
5790179,5800314,Lake Shore,
5790179,5800840,Lewisville,
5790179,5803025,Meadow Glade,
5790179,5803482,Mill Plain,
5790179,5803622,Minnehaha,
5790179,5804135,Mount Vista,
5790179,5805815,Orchards,
5790179,5808311,Ridgefield,
5790179,5809333,Salmon Creek,
5790179,5814616,Vancouver,
5790179,5814695,Venersborg,
5790179,5814950,Walnut Grove,
5790179,5815136,Washougal,
5790179,5816582,Yacolt,
5790614,5791896,Dayton,
5791206,5789381,Castle Rock,
5791206,5799410,Kalama,
5791206,5799571,Kelso,
5791206,5801617,Longview,
5791206,5801621,Longview Heights,
5791206,5815544,West Longview,
5791206,7262515,West Side Highway,
5791206,5816457,Woodland,
5792681,5788111,Bridgeport,
5792681,5793271,East Wenatchee,
5792681,5793272,East Wenatchee Bench,
5792681,5808589,Rock Island,
5792681,5815184,Waterville,
5794294,5808201,Republic,
5794976,5786429,Basin City,
5794976,5790756,Connell,
5794976,5806298,Pasco,
5794976,7289169,Tri-Cities,
5794976,5815550,West Pasco,
5795265,5807169,Pomeroy,
5796034,5789324,Cascade Valley,
5796034,5791095,Coulee City,
5796034,5792262,Desert Aire,
5796034,5793551,Electric City,
5796034,5793832,Ephrata,
5796034,5795355,George,
5796034,5795924,Grand Coulee,
5796034,5800401,Lakeview,
5796034,5802636,Mattawa,
5796034,5803990,Moses Lake,
5796034,7261921,Moses Lake North,
5796034,5807713,Quincy,
5796034,5808939,Royal City,
5796034,5811089,Soap Lake,
5796034,5815020,Warden,
5796126,5785243,Aberdeen,
5796126,5788027,Brady,
5796126,5789668,Central Park,
5796126,5790464,Cohassett Beach,
5796126,5790966,Cosmopolis,
5796126,5793687,Elma,
5796126,5796112,Grayland,
5796126,5797693,Hoquiam,
5796126,5802758,McCleary,
5796126,5803818,Montesano,
5796126,5805476,Oakville,
5796126,5805505,Ocean Shores,
5796126,5809562,Satsop,
5796126,5812994,Taholah,
5796126,5815665,Westport,
5798453,7260833,Ault Field,
5798453,5788816,Camano,
5798453,5790344,Clinton,
5798453,5791132,Coupeville,
5798453,5795025,Freeland,
5798453,5800475,Langley,
5798453,5805441,Oak Harbor,
5798663,5788142,Brinnon,
5798663,5802460,Marrowstone,
5798663,7262141,Port Hadlock-Irondale,
5798663,5807228,Port Ludlow,
5798663,5807239,Port Townsend,
5798663,5807678,Quilcene,
5799783,5785484,Algona,
5799783,5785640,Ames Lake,
5799783,5785965,Auburn,
5799783,5786882,Bellevue,
5799783,5787423,Black Diamond,
5799783,5787829,Bothell,
5799783,5787893,Boulevard Park,
5799783,7260966,Bryn Mawr-Skyway,
5799783,5788516,Burien,
5799783,5789198,Carnation,
5799783,7174365,City of Sammamish,
5799783,5790385,Clyde Hill,
5799783,5790600,Columbia City,
5799783,5790971,Cottage Lake,
5799783,5791159,Covington,
5799783,5792244,Des Moines,
5799783,5792990,Duvall,
5799783,7261759,East Hill-Meridian,
5799783,5793242,East Renton Highlands,
5799783,5793278,Eastgate,
5799783,5793822,Enumclaw,
5799783,5794097,Fairwood,
5799783,5794114,Fall City,
5799783,5794245,Federal Way,
5799783,5797430,Hobart,
5799783,7261476,Inglewood-Finn Hill,
5799783,5798487,Issaquah,
5799783,5799587,Kenmore,
5799783,5799625,Kent,
5799783,5799841,Kirkland,
5799783,7315415,Klahanie,
5799783,5800227,Lake Forest Park,
5799783,7261592,Lake Marcel-Stillwater,
5799783,7261595,Lake Morton-Berrydale,
5799783,7261608,Lakeland North,
5799783,7261609,Lakeland South,
5799783,5555235,Lea Hill,
5799783,7261222,Maple Heights-Lake Desire,
5799783,5802340,Maple Valley,
5799783,5803092,Medina,
5799783,5803139,Mercer Island,
5799783,5803666,Mirrormont,
5799783,5804676,Newcastle,
5799783,5804693,Newport,
5799783,5804885,Normandy Park,
5799783,5804915,North Bend,
5799783,5806017,Pacific,
5799783,5807972,Ravensdale,
5799783,5808079,Redmond,
5799783,5808189,Renton,
5799783,5808402,Riverbend,
5799783,5808432,Riverton,
5799783,5809402,Sammamish,
5799783,5809805,SeaTac,
5799783,5809844,Seattle,
5799783,5810301,Shoreline,
5799783,5810995,Snoqualmie,
5799783,5813063,Tanner,
5799783,5814043,Tukwila,
5799783,7262428,Union Hill-Novelty Hill,
5799783,5814647,Vashon,
5799783,5815538,West Lake Sammamish,
5799783,5815759,White Center,
5799783,7315428,Wilderness Rim,
5799783,5816449,Woodinville,
5799783,5816626,Yarrow Point,
5799853,5816320,Bainbridge Island,
5799853,7260845,Bangor Trident Base,
5799853,5787076,Bethel,
5799853,5788054,Bremerton,
5799853,5788531,Burley,
5799853,5789949,Chico,
5799853,5793237,East Port Orchard,
5799853,5793780,Enetai,
5799853,7261137,Erlands Point-Kitsap Lake,
5799853,5795861,Gorst,
5799853,5796685,Hansville,
5799853,5798318,Indianola,
5799853,5799696,Keyport,
5799853,5799815,Kingston,
5799853,5801441,Lofall,
5799853,5802247,Manchester,
5799853,5804540,Navy Yard City,
5799853,5806274,Parkwood,
5799853,5807236,Port Orchard,
5799853,5807337,Poulsbo,
5799853,5808691,Rocky Point,
5799853,5809806,Seabeck,
5799853,5810490,Silverdale,
5799853,5811567,Southworth,
5799853,5812723,Suquamish,
5799853,5813832,Tracyton,
5799889,5790229,Cle Elum,
5799889,5793639,Ellensburg,
5799889,5799869,Kittitas,
5799889,5808841,Roslyn,
5799889,5811236,South Cle Elum,
5799909,5787305,Bingen,
5799909,5791724,Dallesport,
5799909,5795741,Goldendale,
5799909,5813973,Trout Lake,
5799909,5815842,White Salmon,
5800813,5789683,Centralia,
5800813,5789817,Chehalis,
5800813,5794716,Fords Prairie,
5800813,5803964,Morton,
5800813,5804022,Mossyrock,
5800813,5804467,Napavine,
5800813,5805747,Onalaska,
5800813,5806391,Pe Ell,
5800813,5813681,Toledo,
5800813,5814542,Vader,
5800813,5816314,Winlock,
5800965,5791805,Davenport,
5800965,5805518,Odessa,
5800965,5807998,Reardan,
5800965,5815966,Wilbur,
5802584,5785552,Allyn,
5802584,5786848,Belfair,
5802584,5796049,Grapeview,
5802584,5810176,Shelton,
5802584,5810668,Skokomish,
5802584,5814406,Union,
5805553,5788077,Brewster,
5805553,5791102,Coulee Dam,
5805553,5805238,North Omak,
5805553,5805550,Okanogan,
5805553,5805734,Omak,
5805553,5805838,Oroville,
5805553,5844154,Pateros,
5805553,5813726,Tonasket,
5805553,5814307,Twisp,
5806002,5798171,Ilwaco,
5806002,5801520,Long Beach,
5806002,5805503,Ocean Park,
5806002,5807986,Raymond,
5806002,5811211,South Bend,
5806491,5804694,Newport,
5806769,5785450,Alderton,
5806769,5785909,Artondale,
5806769,5787776,Bonney Lake,
5806769,5788254,Browns Point,
5806769,5788409,Buckley,
5806769,5789048,Canterwood,
5806769,5789158,Carbonado,
5806769,7315411,Crocker,
5806769,5791801,Dash Point,
5806769,5792869,DuPont,
5806769,5793321,Eatonville,
5806769,5793406,Edgewood,
5806769,5793609,Elk Plain,
5806769,5794328,Fife,
5806769,5794330,Fife Heights,
5806769,5794416,Fircrest,
5806769,5794940,Fox Island,
5806769,5795011,Frederickson,
5806769,5795440,Gig Harbor,
5806769,5795906,Graham,
5806769,5797582,Home,
5806769,7261292,Joint Base Lewis McChord,
5806769,5799692,Key Center,
5806769,5800402,Lakeview,
5806769,5800420,Lakewood,
5806769,5801595,Longbranch,
5806769,5802349,Maplewood,
5806769,7261245,McChord Air Force Base,
5806769,5802893,McKenna,
5806769,5802950,McMillin,
5806769,5803357,Midland,
5806769,5803556,Milton,
5806769,7315420,North Fort Lewis,
5806769,5805248,North Puyallup,
5806769,5805849,Orting,
5806769,5806253,Parkland,
5806769,7315422,Prairie Heights,
5806769,5807367,Prairie Ridge,
5806769,5807558,Purdy,
5806769,5807575,Puyallup,
5806769,5808834,Rosedale,
5806769,5808931,Roy,
5806769,5809040,Ruston,
5806769,5811456,South Hill,
5806769,5811581,Spanaway,
5806769,5812092,Steilacoom,
5806769,5812505,Summit,
5806769,7315426,Summit View,
5806769,5812543,Sumner,
5806769,5812944,Tacoma,
5806769,5814450,University Place,
5806769,5814663,Vaughn,
5806769,5814941,Waller,
5806769,5815213,Wauna,
5806769,5816413,Wollochet,
5809422,5795104,Friday Harbor,
5810608,5785657,Anacortes,
5810608,5786500,Bay View,
5810608,5787215,Big Lake,
5810608,5788539,Burlington,
5810608,5790270,Clear Lake,
5810608,5790718,Concrete,
5810608,5800074,La Conner,
5810608,5804127,Mount Vernon,
5810608,5809902,Sedro-Woolley,
5810628,5789244,Carson,
5810628,5804921,North Bonneville,
5810628,5812177,Stevenson,
5810982,5785453,Alderwood Manor,
5810982,5785868,Arlington,
5810982,5785858,Arlington Heights,
5810982,7315408,Bothell East,
5810982,7315409,Bothell West,
5810982,5788125,Brier,
5810982,5788298,Bryant,
5810982,7315410,Bunk Foss,
5810982,5789424,Cathan,
5810982,5789425,Cathcart,
5810982,5790290,Clearview,
5810982,5791791,Darrington,
5810982,7315412,Eastmont,
5810982,5793348,Echo Lake,
5810982,5793427,Edmonds,
5810982,5793876,Esperance,
5810982,5793933,Everett,
5810982,5794675,Fobes Hill,
5810982,5795678,Gold Bar,
5810982,5795991,Granite Falls,
5810982,5798814,John Sam Lake,
5810982,5800167,Lake Bosworth,
5810982,5800255,Lake Ketchum,
5810982,5800302,Lake Roesiger,
5810982,5800317,Lake Stevens,
5810982,8479422,Lake Stickney,
5810982,7315416,Larch Way,
5810982,5801412,Lochsloy,
5810982,5802049,Lynnwood,
5810982,5802098,Machias,
5810982,5802236,Maltby,
5810982,5802493,Martha Lake,
5810982,5802570,Marysville,
5810982,5802666,May Creek,
5810982,5803055,Meadowdale,
5810982,5803457,Mill Creek,
5810982,7315418,Mill Creek East,
5810982,5803786,Monroe,
5810982,7315419,Monroe North,
5810982,5804191,Mountlake Terrace,
5810982,5804306,Mukilteo,
5810982,5804953,North Creek,
5810982,8479428,Picnic Point,
5810982,7262110,Picnic Point-North Lynnwood,
5810982,5807424,Priest Point,
5810982,5810050,Shaker Church,
5810982,7176035,Silver Firs,
5810982,5810559,Sisco Heights,
5810982,5810915,Smokey Point,
5810982,5810988,Snohomish,
5810982,5811995,Stanwood,
5810982,5812017,Startup,
5810982,5812241,Stimson Crossing,
5810982,5812483,Sultan,
5810982,5812841,Swede Heaven,
5810982,5813459,Three Lakes,
5810982,5814047,Tulalip,
5810982,5814048,Tulalip Bay,
5810982,5815033,Warm Beach,
5810982,5815237,Weallup Lake,
5810982,5815539,West Lake Stevens,
5810982,5816494,Woods Creek,
5810982,5816508,Woodway,
5811704,5785378,Airway Heights,
5811704,5789856,Cheney,
5811704,5791127,Country Homes,
5811704,5792143,Deer Park,
5811704,7261152,Fairchild Air Force Base,
5811704,5794059,Fairfield,
5811704,5794098,Fairwood,
5811704,5794882,Four Lakes,
5811704,5796151,Green Bluff,
5811704,5800870,Liberty Lake,
5811704,5802984,Mead,
5811704,5803066,Medical Lake,
5811704,5803545,Millwood,
5811704,7262053,Otis Orchards-East Farms,
5811704,5811696,Spokane,
5811704,5811729,Spokane Valley,
5811704,5813814,Town and Country,
5812148,5789920,Chewelah,
5812148,5790660,Colville,
5812148,5799687,Kettle Falls,
5812148,5801666,Loon Lake,
5813521,5788413,Bucoda,
5813521,5795933,Grand Mound,
5813521,5800112,Lacey,
5813521,7261977,Nisqually Indian Community,
5813521,5805317,North Yelm,
5813521,5805687,Olympia,
5813521,5807825,Rainier,
5813521,5808524,Rochester,
5813521,8479430,Tanglewilde,
5813521,7262660,Tanglewilde-Thompson Place,
5813521,5813207,Tenino,
5813521,5814095,Tumwater,
5813521,5816656,Yelm,
5814851,5789448,Cathlamet,
5814921,5788497,Burbank,
5814921,5790562,College Place,
5814921,5795292,Garrett,
5814921,5814871,Waitsburg,
5814921,5814916,Walla Walla,
5814921,7262470,Walla Walla East,
5815675,5786899,Bellingham,
5815675,5787316,Birch Bay,
5815675,5787475,Blaine,
5815675,5794011,Everson,
5815675,5794276,Ferndale,
5815675,5795348,Geneva,
5815675,5802035,Lynden,
5815675,5802418,Marietta,
5815675,7261228,Marietta-Alderwood,
5815675,5804860,Nooksack,
5815675,7176028,Peaceful Valley,
5815675,5807107,Point Roberts,
5815675,5812434,Sudden Valley,
5815675,5812494,Sumas,
5815891,5785407,Albion,
5815891,5790554,Colfax,
5815891,5795263,Garfield,
5815891,5844156,Palouse,
5815891,5807540,Pullman,
5815891,5808796,Rosalia,
5815891,5809226,Saint John,
5815891,5813161,Tekoa,
5816597,5785359,Ahtanum,
5816597,5788416,Buena,
5816597,5795542,Gleed,
5816597,5795969,Grandview,
5816597,5795972,Granger,
5816597,5796789,Harrah,
5816597,5802087,Mabton,
5816597,5804211,Moxee City,
5816597,5804430,Naches,
5816597,5809569,Satus,
5816597,5809928,Selah,
5816597,5812541,Summitview,
5816597,5812604,Sunnyside,
5816597,5813249,Terrace Heights,
5816597,5813532,Tieton,
5816597,5813747,Toppenish,
5816597,5814419,Union Gap,
5816597,5814992,Wapato,
5816597,5815605,West Valley,
5816597,5815850,White Swan,
5816597,5816605,Yakima,
5816597,5816719,Zillah,
5816904,5830062,Laramie,
5818658,5817923,Basin,
5818658,5820291,Byron,
5818658,5822154,Cowley,
5818658,5826603,Greybull,
5818658,5831176,Lovell,
5820441,7260797,Antelope Valley-Crestview,
5820441,5826027,Gillette,
5820441,5838617,Sleepy Hollow,
5820441,5843515,Wright,
5820552,5826986,Hanna,
5820552,5836068,Rawlins,
5820552,5837593,Saratoga,
5821791,5823516,Douglas,
5821791,5826088,Glenrock,
5822351,5832698,Moorcroft,
5822351,5835124,Pine Haven,
5822351,5840284,Sundance,
5825643,5817340,Arapahoe,
5825643,5823819,Dubois,
5825643,5824773,Ethete,
5825643,5825424,Fort Washakie,
5825643,5830007,Lander,
5825643,5836665,Riverton,
5825643,5838312,Shoshoni,
5826220,5841207,Torrington,
5828054,5831275,Lucerne,
5828054,5840846,Thermopolis,
5828957,5819881,Buffalo,
5830051,5821086,Cheyenne,
5830051,7261302,Fox Farm-College,
5830051,5835069,Pine Bluffs,
5830051,5835956,Ranchettes,
5830051,5839233,South Greeley,
5830383,5816861,Afton,
5830383,5817073,Alpine,
5830383,5821618,Cokeville,
5830383,5823199,Diamondville,
5830383,5829425,Kemmerer,
5830383,5829816,La Barge,
5830383,8479282,Star Valley Ranch,
5833224,5817809,Bar Nunn,
5833224,5820705,Casper,
5833224,5824810,Evansville,
5833224,5827151,Hartrandt,
5833224,5832481,Mills,
5833224,7176041,Vista West,
5833446,5831333,Lusk,
5834587,5821593,Cody,
5834587,5835606,Powell,
5835308,5826723,Guernsey,
5835308,5842753,Wheatland,
5838199,5822752,Dayton,
5838199,5835955,Ranchester,
5838199,5838198,Sheridan,
5838199,5840065,Story,
5840177,5818702,Big Piney,
5840177,5831530,Marbleton,
5840177,5835178,Pinedale,
5840426,5821415,Clearview Acres,
5840426,5826559,Green River,
5840426,5828717,James Town,
5840426,5833892,North Rock Springs,
5840426,5835760,Purple Sage,
5840426,5836399,Reliance,
5840426,5836898,Rock Springs,
5840786,5827703,Hoback,
5840786,5828648,Jackson,
5840786,5832759,Moose Wilson Road,
5840786,5835865,Rafter J Ranch,
5840786,5839264,South Park,
5840786,5843239,Wilson,
5841693,5818158,Bear River,
5841693,5824805,Evanston,
5841693,5831346,Lyman,
5841693,5832901,Mountain View,
5842257,5842272,Washakie Ten,
5842257,5843495,Worland,
5842707,5833349,Newcastle,
5842707,5841818,Upton,
5846893,5846901,Haines,
5848514,5857121,Anahola,
5848514,5855629,Hanamā‘ulu,Hanama'ulu
5848514,5855631,Hanapēpē,
5848514,5855644,Hanapēpē Heights,
5848514,5847662,Kalāheo,
5848514,5848280,Kapa‘a,Kapa'a
5848514,5848621,Kaumakani,
5848514,13191988,Kaumakani-Hanapepe,
5848514,5849164,Kekaha,
5848514,13191990,Kekaha-Waimea,
5848514,5849346,Kīlauea,
5848514,5849616,Koloa,
5848514,13191986,Koloa-Poipu,
5848514,5850181,Lawai,
5848514,5850248,Lihue,
5848514,13191987,Omao-Kukuiula,
5848514,5852508,Po‘ipū,Po'ipu
5848514,5852602,Princeville,
5848514,5852676,Puhi,
5848514,5854469,Wailua,
5848514,7262802,Wailua Homesteads,
5848514,5854564,Waimea,
5848514,5855028,‘Ele‘ele,'Ele'ele
5848514,5851719,‘Ōma‘o,'Oma'o
5850871,7262697,Haiku-Pauwela,
5850871,5855505,Haliimaile,
5850871,5855471,Hana,
5850871,5855252,Haʻikū,Ha'iku
5850871,5856351,Ho‘olehua,Ho'olehua
5850871,5856418,Huelo,
5850871,5856852,Kaanapali Landing,
5850871,5847411,Kahului,
5850871,5848652,Kaunakakai,
5850871,5856844,Kā‘anapali,Ka'anapali
5850871,5849207,Kēōkea,
5850871,5849297,Kīhei,
5850871,5849718,Kualapu‘u,Kualapu'u
5850871,8531961,Kula,
5850871,5849996,Lahaina,
5850871,5850059,Lanai City,
5850871,5850122,Launiupoko,
5850871,13562337,Māhinahina,
5850871,5850616,Makawao,
5850871,7262771,Napili-Honokowai,
5850871,5851942,Paia,
5850871,5852697,Pukalani,
5850871,5853754,Spreckelsville,
5850871,5854173,Waialua,
5850871,7262796,Waihee-Waiehu,
5850871,5854354,Waikapū,
5850871,5854450,Wailea,
5850871,7262800,Wailea-Makena,
5850871,5854471,Wailua,
5850871,5854496,Wailuku,
5855765,5857040,Ainaloa,
5855765,5857264,Captain Cook,
5855765,11102232,Discovery Harbor,
5855765,5855006,Eden Roc,
5855765,5855088,Fern Acres,
5855765,5855096,Fern Forest,
5855765,5855803,Hawaiian Acres,
5855765,5855802,Hawaiian Beaches,
5855765,5855815,Hawaiian Ocean View,
5855765,5855809,Hawaiian Paradise Park,
5855765,5855841,Hāwī,
5855765,5855927,Hilo,
5855765,5856050,Hōlualoa,
5855765,5856094,Honalo,
5855765,7262717,Honaunau-Napoopoo,
5855765,5856111,Honoka‘a,Honoka'a
5855765,5856229,Honomu,
5855765,7262725,Kahaluu-Keauhou,
5855765,5847504,Kailua-Kona,
5855765,5847746,Kalaoa,
5855765,5848308,Kapaau,
5855765,5848956,Kealakekua,
5855765,5848891,Kea‘au,Kea'au
5855765,5849961,Kurtistown,
5855765,5850128,Laupāhoehoe,
5855765,5850212,Leilani Estates,
5855765,5851253,Mountain View,
5855765,5851275,Naalehu,
5855765,5851364,Nanawale Estates,
5855765,5851821,Orchidlands Estates,
5855765,5851902,Pāhala,
5855765,5851916,Pāhoa,
5855765,5852140,Pāpa‘ikou,Papa'ikou
5855765,5851878,Pa‘auilo,Pa'auilo
5855765,5852322,Pepeekeo,
5855765,5852635,Puako,
5855765,5853971,Volcano,
5855765,5854410,Waikoloa,
5855765,5854571,Waimea,
5855765,5854599,Wainaku,
5856194,5856331,Aina Haina,
5856194,13117889,Aina Haina-Hawaii Loa Ridge,
5856194,13100433,Aliamanu / Salt Lakes / Foster Village,
5856194,7262688,Barbers Point Housing,
5856194,5857285,Chinatown,
5856194,5848322,Diamond Head / Kapahulu / Saint Louis Heights,
5856194,7306109,Dowsett Highlands,
5856194,7315245,East Honolulu,
5856194,13645939,East Kapolei,
5856194,5855319,Hālawa,
5856194,5855327,Hālawa Heights,
5856194,5855420,Hale‘iwa,Hale'iwa
5856194,13645947,Hauʻula-Punaluʻu,Hau'ula-Punalu'u
5856194,5855741,Hau‘ula,Hau'ula
5856194,13156655,Helemano,
5856194,5855847,He‘eia,He'eia
5856194,7262713,Hickam Field,
5856194,5856195,Honolulu,
5856194,5856563,Iroquois Point,
5856194,10173805,Joint Base Pearl Harbor Hickam,
5856194,5847207,Kahalu‘u,Kahalu'u
5856194,5847387,Kahuku,
5856194,13645946,Kahuku-Kawela,
5856194,5847486,Kailua,
5856194,13117899,Kailua Town,
5856194,13645936,Kalaeloa-Campbell Industrial Park,
5856194,13117894,Kalama Valley,
5856194,9534958,Kalihi Valley,
5856194,5848055,Kamehameha Heights,
5856194,5848189,Kaneohe,
5856194,6957263,Kapolei,
5856194,13645938,Kapolei Villages,
5856194,5848793,Kawailoa,
5856194,5856759,Ka‘a‘awa,Ka'a'awa
5856194,5849217,Keolu Hills,
5856194,13645937,Ko ʻOlina-Honokai Hale,Ko 'Olina-Honokai Hale
5856194,13100438,Koolauloa,
5856194,9403721,Kuliouou - Kalani Iki,
5856194,5849891,Kuli‘ou‘ou,Kuli'ou'ou
5856194,5850079,Lanikai,
5856194,5850027,Lā‘ie,La'ie
5856194,5850511,Mākaha,
5856194,5850522,Mākaha Valley,
5856194,13645949,Mākaha-Kaʻena,Makaha-Ka'ena
5856194,7262761,Makakilo,
5856194,13100439,Makakilo / Kapolei / Honokai Hale,
5856194,5850554,Makakilo City,
5856194,13645940,Makakilo-Makaīwa Hills-Kunia,
5856194,9409821,Manoa,
5856194,7262734,Marine Corps Base Hawaii - MCBH,
5856194,5850966,Maunawili,
5856194,5850492,Mā‘ili,Ma'ili
5856194,13645942,Mililani Mauka,
5856194,13100434,Mililani Mauka / Launani Valley,
5856194,5851030,Mililani Town,
5856194,8480070,Moanalua,
5856194,5851156,Mokulēia,
5856194,5851349,Nānākuli,
5856194,5851484,Niu Valley,
5856194,7315246,Ocean Pointe,
5856194,5851889,Pacific Palisades,
5856194,5852076,Palolo,
5856194,9403361,Pauoa,
5856194,5852275,Pearl City,
5856194,5852485,Pōhākupu,
5856194,5852589,Portlock,
5856194,5852759,Punahou,
5856194,5852773,Punalu‘u,Punalu'u
5856194,5852824,Pupukea,
5856194,5852812,Pū‘ōhala Village,Pu'ohala Village
5856194,7262791,Royal Kunia,
5856194,7262790,Schofield Barracks,
5856194,13645944,Schofield-Wheeler,
5856194,5853603,St. Louis Heights,
5856194,13645948,Sunset Beach-Pūpūkea,
5856194,5853965,Village Park,
5856194,5853992,Wahiawā,
5856194,13645943,Wahiawā-Whitmore,
5856194,5854171,Waialua,
5856194,5854189,Waianae,
5856194,5854345,Waikane,
5856194,5854380,Waikīkī,
5856194,5854511,Wailupe,
5856194,5854530,Waimalu,
5856194,5854532,Waimanalo,
5856194,5854535,Waimānalo Beach,
5856194,5854686,Waipahu,
5856194,5854717,Waipio,
5856194,5854718,Waipi‘o Acres,Waipi'o Acres
5856194,13645945,Waiʻalae Nui-Country Club,Wai'alae Nui-Country Club
5856194,5854836,West Loch Estates,
5856194,5854851,Wheeler Army Airfield,
5856194,5854857,Whitmore Village,
5856194,13645935,ʻEwa Beach-Iroquois Point,'Ewa Beach-Iroquois Point
5856194,13645934,ʻEwa Gentry-West Loch,'Ewa Gentry-West Loch
5856194,5856516,‘Āhuimanu,'Ahuimanu
5856194,5856430,‘Aiea,'Aiea
5856194,5857020,‘Aiea Heights,'Aiea Heights
5856194,5857399,‘Ālewa Heights,'Alewa Heights
5856194,5855051,‘Ewa Beach,'Ewa Beach
5856194,5855070,‘Ewa Gentry,'Ewa Gentry
5856194,5855073,‘Ewa Villages,'Ewa Villages
5858042,5869587,Naknek,
5860541,5863850,Healy,
5860696,5860695,Dillingham,
5860696,5869874,New Stuyahok,
5860696,5876357,Togiak,
5861900,5879898,Badger,
5861900,5859699,College,
5861900,7262854,Eielson Air Force Base,
5861900,5861769,Ester,
5861900,5861897,Fairbanks,
5861900,7315159,Farmers Loop,
5861900,5878682,Moose Creek,
5861900,5870294,North Pole,
5861900,5871739,Pleasant Valley,
5861900,7263003,Salcha,
5861900,7315162,South Van Horn,
5861900,5877035,Two Rivers,
5866071,5879403,Anchor Point,
5866071,5880147,Bear Creek,
5866071,5859679,Cohoe,
5866071,5860661,Diamond Ridge,
5866071,5862522,Fox River,
5866071,5862590,Fritz Creek,
5866071,5862623,Funny River,
5866071,5863686,Happy Valley,
5866071,5864145,Homer,
5866071,5865702,Kalifornsky,
5866071,5865896,Kasilof,
5866071,5866063,Kenai,
5866071,5869956,Nikiski,
5866071,5870043,Ninilchik,
5866071,5872730,Ridgeway,
5866071,5873229,Salamatof,
5866071,5873776,Seward,
5866071,5874678,Soldotna,
5866071,5875173,Sterling,
5866574,5866583,Kodiak,
5866574,7262898,Kodiak Station,
5866574,5878330,Womens Bay,
5868437,5880661,Big Lake,
5868437,7262951,Buffalo Soapstone,
5868437,5858289,Butte,
5868437,7262859,Farm Loop,
5868437,7262861,Fishhook,
5868437,5862727,Gateway,
5868437,5864312,Houston,
5868437,7262896,Knik River,
5868437,7262897,Knik-Fairview,
5868437,7262905,Lakes,
5868437,5867241,Lazy Mountain,
5868437,5868651,Meadow Lakes,
5868437,5871146,Palmer,
5868437,5871780,Point MacKenzie,
5868437,7263043,Susitna North,
5868437,7263016,Sutton-Alpine,
5868437,5875745,Talkeetna,
5868437,5875796,Tanaina,
5868437,5877641,Wasilla,
5868437,5878102,Willow,
5870134,5862664,Gambell,
5870134,5870133,Nome,
5870134,5873445,Savoonga,
5870134,5874015,Shishmaref,
5870134,5875125,Stebbins,
5870134,5877192,Unalakleet,
5870308,5871791,Point Hope,
5870308,5872126,Prudhoe Bay,
5870308,5880054,Utqiagvik,
5870308,5877543,Wainwright,
5870351,5866726,Kotzebue,
5870351,5870091,Noatak,
5870351,5870154,Noorvik,
5870351,5873663,Selawik,
5874863,5880620,Big Delta,
5874863,5860524,Delta Junction,
5874863,7262847,Deltana,
5874863,7262863,Fort Greely,
5874863,5876363,Tok,
5878558,5862371,Fort Yukon,
5879164,5861117,Dutch Harbor,
5879164,5877208,Unalaska,
5879166,5879048,Akutan,
5879166,5866308,King Cove,
5879166,5873349,Sand Point,
5879348,5879400,Anchorage,
5879348,5861187,Eagle River,
5879348,8605012,Elmendorf Air Force Base,
5879348,5862837,Girdwood,
5880573,5878990,Akiachak,
5880573,5879487,Aniak,
5880573,5880568,Bethel,
5880573,5865891,Kasigluk,
5880573,5866390,Kipnuk,
5880573,5866985,Kwethluk,
5880573,5870502,Nunapitchuk,
5880573,5872343,Quinhagak,
5880573,5876385,Toksook Bay,
6941775,5110302,Brooklyn,
7117565,5557317,Skagway,
7117568,5847155,Hoonah,
7117591,5558586,Wrangell,
7117732,5554194,Kake,
7117732,5556338,Petersburg,
