level,code,postal_code
2,11550055,99836
2,11550055,99903
2,11550055,99918
2,11550055,99919
2,11550055,99922
2,11550055,99923
2,11550055,99927
2,11550056,99585
2,11550056,99657
2,11550056,99658
2,11550056,99666
2,12261501,99566
2,12261501,99573
2,12261501,99586
2,12261501,99588
2,12261502,99677
2,12261502,99693
2,12809018,06468
2,12809018,06491
2,12809019,06403
2,12809019,06487
2,12809019,06751
2,12809019,06781
2,12809020,06404
2,12809020,06440
2,12809020,06482
2,12809020,06752
2,12809020,06755
2,12809020,06804
2,12809020,06838
2,12809020,06876
2,12809020,06883
2,12809020,06896
2,12809021,06016
2,12809021,06019
2,12809021,06020
2,12809021,06023
2,12809021,06025
2,12809021,06026
2,12809021,06028
2,12809021,06035
2,12809021,06037
2,12809021,06043
2,12809021,06059
2,12809021,06064
2,12809021,06067
2,12809021,06070
2,12809021,06072
2,12809021,06073
2,12809021,06077
2,12809021,06078
2,12809021,06080
2,12809021,06085
2,12809021,06087
2,12809021,06090
2,12809021,06093
2,12809021,06231
2,12809021,06232
2,12809021,06237
2,12809021,06238
2,12809021,06251
2,12809021,06265
2,12809021,06444
2,12809021,06447
2,12809021,06467
2,12809021,06479
2,12809022,06371
2,12809022,06376
2,12809022,06409
2,12809022,06412
2,12809022,06414
2,12809022,06417
2,12809022,06426
2,12809022,06438
2,12809022,06439
2,12809022,06442
2,12809022,06455
2,12809022,06456
2,12809022,06498
2,12809023,06472
2,12809023,06524
2,12809024,06249
2,12809024,06254
2,12809024,06256
2,12809024,06336
2,12809024,06338
2,12809024,06350
2,12809024,06353
2,12809024,06359
2,12809024,06365
2,12809024,06370
2,12809024,06375
2,12809024,06380
2,12809024,06383
2,12809024,06388
2,12809024,06389
2,12809024,06474
2,12809025,06230
2,12809025,06233
2,12809025,06235
2,12809025,06241
2,12809025,06242
2,12809025,06243
2,12809025,06244
2,12809025,06245
2,12809025,06246
2,12809025,06247
2,12809025,06258
2,12809025,06259
2,12809025,06263
2,12809025,06264
2,12809025,06278
2,12809025,06281
2,12809025,06282
2,12809025,06331
2,12809025,06332
2,12809025,06373
2,12809025,06377
2,12809025,06384
2,12809026,06013
2,12809026,06021
2,12809026,06024
2,12809026,06027
2,12809026,06057
2,12809026,06061
2,12809026,06065
2,12809026,06068
2,12809026,06079
2,12809026,06091
2,12809026,06753
2,12809026,06754
2,12809026,06756
2,12809026,06758
2,12809026,06763
2,12809026,06778
2,12809026,06783
2,12809026,06785
2,12809026,06791
2,12809026,06796
2,4047434,36851
2,4047434,36856
2,4047434,36858
2,4047434,36859
2,4047434,36871
2,4047434,36875
2,4048572,40313
2,4048572,40317
2,4048572,40319
2,4049189,35035
2,4049189,35074
2,4049189,36792
2,4049189,36793
2,4050506,37729
2,4050506,37766
2,4050506,37819
2,4050506,37847
2,4050633,35133
2,4052497,36029
2,4052497,36053
2,4052497,36061
2,4052744,36015
2,4052744,36030
2,4052744,36456
2,4053062,36257
2,4053062,36260
2,4053062,36279
2,4054621,36852
2,4054621,36855
2,4054880,35973
2,4054880,36275
2,4055067,36091
2,4055067,36790
2,4055170,36908
2,4055170,36910
2,4055170,36913
2,4055170,36915
2,4055170,36916
2,4055170,36919
2,4055170,36921
2,4055170,36922
2,4055624,36436
2,4055624,36446
2,4055624,36482
2,4055624,36524
2,4055624,36540
2,4055624,36727
2,4055660,36255
2,4055660,36258
2,4055660,36267
2,4055785,36261
2,4055785,36262
2,4055785,36269
2,4055785,36273
2,4056592,36429
2,4056592,36454
2,4056592,36473
2,4056592,36475
2,4056809,35089
2,4056809,35183
2,4056809,36026
2,4057296,36038
2,4057296,36474
2,4057296,36483
2,4057517,36028
2,4057517,36034
2,4057517,36041
2,4057517,36042
2,4057517,36062
2,4057517,36071
2,4057837,35033
2,4057837,35053
2,4057837,35070
2,4057837,35098
2,4057837,35179
2,4058052,36317
2,4058052,36362
2,4058052,36374
2,4058076,36758
2,4058076,36759
2,4058076,36761
2,4058076,36767
2,4058076,36773
2,4058076,36775
2,4058076,36785
2,4058479,35963
2,4058479,35975
2,4058479,35984
2,4060563,36045
2,4060563,36080
2,4060870,36543
2,4061590,35542
2,4061590,35545
2,4061590,35559
2,4063130,35571
2,4063130,35585
2,4063130,35593
2,4063931,36313
2,4063931,36314
2,4063931,36316
2,4063931,36318
2,4065243,35443
2,4065243,35448
2,4065243,35469
2,4065243,35491
2,4065796,35441
2,4065796,36742
2,4065796,36765
2,4065796,36776
2,4066911,36373
2,4068296,36343
2,4068296,36370
2,4069472,35744
2,4069472,35745
2,4069472,35746
2,4069472,35751
2,4069472,35755
2,4069472,35764
2,4069472,35766
2,4069472,35774
2,4069472,35958
2,4069472,35966
2,4069472,35979
2,4069696,35006
2,4069696,35015
2,4069696,35060
2,4069696,35061
2,4069696,35111
2,4069696,35119
2,4069696,35123
2,4069696,35139
2,4069696,35142
2,4069696,35181
2,4071676,35544
2,4071676,35552
2,4071676,35574
2,4071898,35610
2,4071898,35617
2,4071898,35677
2,4071959,35651
2,4072098,36849
2,4072098,36865
2,4072098,36872
2,4072098,36874
2,4072098,36879
2,4072707,35615
2,4072707,35620
2,4072707,35647
2,4072707,35649
2,4072707,35671
2,4072707,35739
2,4072707,35742
2,4073885,36047
2,4073885,36752
2,4074246,36031
2,4074246,36039
2,4074246,36075
2,4074246,36087
2,4074246,36088
2,4074277,35741
2,4074277,35762
2,4074277,35767
2,4074277,35773
2,4074590,36736
2,4074590,36738
2,4074590,36745
2,4074590,36754
2,4074590,36763
2,4074590,36764
2,4074590,36782
2,4074590,36783
2,4074736,35175
2,4076607,36421
2,4076607,36512
2,4076607,36521
2,4076607,36523
2,4076607,36544
2,4076607,36568
2,4076607,36613
2,4076706,36425
2,4076706,36444
2,4076706,36449
2,4076706,36457
2,4076706,36458
2,4076706,36470
2,4076706,36471
2,4076706,36480
2,4076706,36481
2,4076795,36013
2,4076795,36036
2,4076795,36043
2,4076795,36046
2,4076795,36057
2,4076795,36065
2,4076795,36069
2,4077029,35754
2,4077029,35775
2,4082974,35461
2,4082974,35471
2,4083063,36005
2,4083063,36035
2,4085418,36263
2,4085418,36280
2,4087481,35052
2,4087481,35054
2,4087481,35182
2,4089551,35114
2,4089551,35137
2,4089551,35144
2,4089551,35242
2,4092386,35459
2,4092386,35460
2,4092386,35464
2,4092386,35477
2,4092386,36907
2,4092795,35014
2,4092795,35032
2,4092795,35149
2,4092827,36023
2,4092827,36256
2,4094463,35440
2,4094463,35446
2,4094463,35453
2,4094463,35456
2,4094463,35457
2,4094463,35458
2,4094463,35463
2,4094463,35468
2,4094463,35478
2,4094463,35480
2,4094463,35482
2,4096107,35038
2,4096107,35063
2,4096107,35130
2,4096107,35554
2,4096107,35560
2,4096107,35573
2,4096107,35578
2,4096107,35584
2,4096107,35587
2,4096449,36513
2,4096449,36529
2,4096449,36538
2,4096449,36539
2,4096449,36553
2,4096449,36556
2,4096449,36569
2,4096449,36581
2,4096449,36583
2,4096449,36584
2,4096449,36585
2,4097694,36435
2,4097694,36720
2,4097694,36722
2,4097694,36723
2,4097694,36728
2,4097694,36741
2,4097694,36751
2,4097694,36753
2,4097694,36766
2,4097694,36768
2,4098200,35541
2,4098200,35551
2,4098200,35572
2,4098200,35577
2,4099679,72003
2,4099679,72026
2,4099679,72038
2,4099679,72048
2,4099679,72140
2,4099679,72166
2,4099869,71642
2,4099869,71658
2,4099869,71661
2,4099869,71663
2,4100581,72537
2,4100581,72544
2,4100581,72617
2,4100581,72623
2,4100581,72658
2,4100581,72659
2,4101244,72733
2,4101244,72739
2,4101244,72747
2,4102608,72260
2,4102608,72611
2,4102608,72615
2,4102608,72633
2,4102608,72644
2,4102608,72662
2,4102608,72682
2,4102799,71631
2,4102799,71651
2,4104063,71745
2,4104063,71766
2,4104658,72613
2,4104658,72660
2,4105838,71721
2,4105838,71728
2,4105838,71772
2,4105838,71920
2,4105838,71962
2,4105899,72424
2,4105899,72430
2,4105899,72435
2,4105899,72441
2,4105899,72453
2,4105899,72456
2,4105899,72464
2,4105899,72470
2,4106009,72044
2,4106009,72067
2,4106009,72130
2,4106009,72179
2,4106009,72523
2,4106009,72530
2,4106009,72546
2,4106032,71652
2,4106032,71660
2,4106339,71740
2,4106339,71752
2,4106460,72027
2,4106460,72030
2,4106460,72063
2,4106460,72080
2,4106460,72107
2,4106460,72156
2,4106460,72157
2,4106979,72414
2,4106979,72421
2,4106979,72427
2,4106979,72467
2,4107027,72934
2,4107027,72948
2,4107027,72952
2,4107027,72955
2,4107079,72325
2,4107079,72327
2,4107079,72332
2,4107079,72339
2,4107079,72376
2,4107139,72347
2,4107139,72387
2,4107572,71725
2,4107572,71748
2,4107572,71763
2,4108100,71654
2,4108100,71662
2,4108100,71666
2,4108100,71670
2,4108100,71674
2,4108100,72379
2,4108996,71677
2,4110465,72039
2,4110465,72047
2,4110465,72111
2,4111593,72820
2,4111593,72928
2,4111593,72930
2,4111857,72515
2,4111857,72520
2,4111857,72531
2,4111857,72538
2,4111857,72539
2,4111857,72578
2,4111857,72583
2,4112045,71901
2,4112045,71902
2,4112045,71903
2,4112045,71913
2,4112045,71914
2,4112045,71949
2,4112045,71964
2,4112045,71968
2,4112045,72087
2,4112780,72057
2,4112780,72128
2,4112780,72129
2,4113088,72412
2,4113088,72425
2,4113088,72436
2,4113088,72474
2,4114303,71825
2,4114303,71831
2,4114303,71838
2,4114303,71847
2,4114303,71855
2,4114303,71862
2,4115406,71929
2,4115406,71933
2,4115406,71941
2,4115406,71942
2,4115406,72019
2,4115406,72105
2,4115463,71859
2,4115463,71971
2,4115832,72165
2,4115832,72522
2,4115832,72524
2,4115832,72526
2,4115832,72527
2,4115832,72534
2,4115832,72550
2,4115832,72553
2,4115832,72564
2,4115832,72568
2,4115832,72571
2,4115832,72575
2,4115832,72579
2,4116178,72517
2,4116178,72528
2,4116178,72536
2,4116178,72540
2,4116178,72561
2,4116178,72566
2,4116178,72573
2,4116178,72584
2,4116178,72585
2,4116178,72587
2,4116263,72005
2,4116263,72014
2,4116263,72075
2,4116263,72169
2,4116263,72431
2,4116433,71659
2,4116433,72079
2,4116433,72133
2,4116433,72152
2,4116433,72168
2,4116433,72175
2,4116433,72182
2,4116689,72839
2,4116689,72852
2,4116689,72854
2,4117774,71827
2,4117774,71839
2,4118467,72410
2,4118467,72440
2,4118467,72445
2,4118467,72457
2,4118467,72458
2,4118467,72459
2,4118467,72465
2,4118467,72466
2,4118467,72469
2,4118467,72572
2,4118578,72311
2,4118578,72320
2,4118578,72341
2,4118578,72352
2,4118578,72368
2,4118984,71644
2,4118984,71678
2,4119374,71820
2,4119374,71853
2,4119374,71865
2,4119374,71866
2,4119581,72826
2,4119581,72835
2,4119581,72851
2,4119581,72863
2,4119581,72951
2,4119825,72037
2,4119825,72072
2,4119825,72083
2,4120275,72721
2,4120275,72738
2,4120275,72742
2,4120275,72752
2,4120275,72760
2,4120275,72773
2,4120275,72776
2,4120525,72661
2,4120525,72668
2,4120525,72672
2,4121680,71834
2,4121680,71840
2,4121839,72310
2,4121839,72313
2,4121839,72321
2,4121839,72329
2,4121839,72330
2,4121839,72338
2,4121839,72391
2,4121839,72426
2,4121839,72428
2,4121968,72108
2,4121968,72134
2,4121992,71935
2,4121992,71960
2,4121992,71961
2,4121992,71965
2,4121992,71966
2,4121992,71969
2,4121992,71970
2,4123415,71722
2,4123415,71828
2,4123415,71835
2,4123415,71858
2,4123415,71864
2,4123857,72624
2,4123857,72628
2,4123857,72640
2,4123857,72655
2,4123857,72666
2,4123857,72670
2,4123857,72683
2,4123857,72685
2,4125059,71726
2,4125059,71751
2,4125858,72001
2,4125858,72016
2,4125858,72025
2,4125858,72070
2,4125858,72125
2,4126012,72312
2,4126012,72328
2,4126012,72353
2,4126012,72355
2,4126012,72367
2,4126012,72369
2,4126012,72374
2,4126012,72383
2,4126012,72389
2,4126123,71922
2,4126123,71940
2,4126123,71952
2,4126123,71959
2,4126942,72377
2,4126942,72429
2,4126942,72475
2,4127017,71932
2,4127017,71937
2,4127017,71945
2,4127017,71972
2,4127100,72679
2,4127100,72843
2,4127100,72856
2,4127330,72017
2,4127330,72066
2,4127330,72170
2,4127619,72065
2,4127619,72103
2,4127619,72142
2,4127619,72180
2,4127846,72413
2,4127846,72444
2,4127846,72449
2,4127846,72460
2,4127846,72462
2,4127846,72478
2,4129533,72322
2,4129533,72326
2,4129533,72340
2,4129533,72346
2,4129533,72392
2,4129533,72394
2,4130035,72011
2,4130035,72122
2,4130373,72841
2,4130373,72926
2,4130373,72944
2,4130373,72950
2,4130432,72636
2,4130432,72639
2,4130432,72645
2,4130432,72669
2,4130432,72675
2,4130432,72686
2,4130449,72945
2,4130562,71823
2,4130562,71841
2,4130730,72482
2,4130730,72532
2,4130730,72569
2,4130730,72577
2,4132456,72051
2,4132456,72533
2,4132456,72555
2,4132456,72567
2,4132456,72657
2,4132456,72663
2,4132456,72680
2,4134330,71724
2,4134330,71750
2,4134330,71758
2,4134690,72013
2,4134690,72028
2,4134690,72141
2,4134690,72153
2,4135394,72717
2,4135394,72729
2,4135394,72749
2,4135394,72769
2,4135394,72959
2,4136143,72045
2,4136143,72052
2,4136143,72060
2,4136143,72085
2,4136143,72102
2,4136143,72136
2,4136143,72137
2,4136143,72139
2,4136143,72178
2,4137047,72059
2,4137047,72074
2,4137047,72101
2,4137047,72123
2,4137268,72824
2,4137268,72827
2,4137268,72828
2,4137268,72829
2,4137268,72838
2,4137268,72842
2,4137268,72860
2,4143221,19902
2,4143221,19934
2,4143221,19953
2,4143221,19954
2,4143221,19955
2,4143221,19961
2,4143221,19962
2,4143221,19964
2,4143221,19979
2,4143221,19980
2,4143835,19708
2,4143835,19710
2,4143835,19730
2,4143835,19731
2,4143835,19732
2,4143835,19733
2,4143835,19735
2,4143835,19736
2,4144895,19931
2,4144895,19941
2,4144895,19944
2,4144895,19951
2,4144895,19960
2,4145709,32631
2,4145709,32633
2,4145709,32654
2,4145709,32658
2,4145709,32662
2,4146548,32040
2,4146548,32072
2,4146548,32087
2,4146810,32438
2,4148735,32042
2,4148735,32044
2,4148735,32622
2,4148826,32775
2,4148826,32815
2,4148826,32899
2,4148826,32925
2,4148826,32949
2,4148826,32976
2,4149007,33004
2,4149007,33008
2,4149007,33009
2,4149007,33973
2,4149608,32430
2,4149608,32449
2,4150627,33927
2,4150627,33938
2,4150627,33946
2,4151140,34433
2,4151140,34434
2,4151140,34445
2,4151245,32030
2,4151245,32160
2,4151550,34137
2,4151550,34138
2,4151550,34139
2,4151550,34140
2,4151550,34141
2,4151595,32061
2,4152927,34267
2,4153352,32648
2,4153352,32680
2,4153352,32692
2,4154550,32533
2,4154550,32568
2,4156210,32318
2,4156210,32323
2,4156770,32619
2,4156815,33944
2,4158068,33865
2,4158392,33930
2,4158449,34636
2,4158449,34661
2,4158643,33857
2,4158643,33960
2,4158712,33530
2,4158712,33547
2,4158712,33556
2,4158712,33586
2,4158712,33587
2,4158961,32452
2,4158961,32464
2,4159990,32420
2,4159990,32423
2,4159990,32426
2,4159990,32432
2,4160118,32336
2,4160118,32337
2,4160118,32361
2,4160118,32753
2,4161127,32013
2,4161204,32702
2,4161204,32735
2,4161204,34729
2,4161204,34737
2,4161204,34762
2,4161743,33921
2,4161743,33945
2,4161891,32639
2,4161891,32668
2,4161891,32683
2,4161925,32335
2,4161925,32360
2,4163142,32059
2,4163142,32350
2,4163277,34219
2,4163277,34243
2,4163277,34250
2,4163277,34251
2,4163277,34260
2,4163277,34264
2,4163277,34270
2,4163456,32111
2,4163456,32133
2,4163456,32134
2,4163456,32179
2,4163456,32182
2,4163456,32183
2,4163456,32192
2,4163456,32195
2,4163456,32617
2,4163456,32634
2,4163456,32663
2,4163456,32664
2,4163456,32681
2,4163456,34491
2,4163456,34492
2,4164238,33054
2,4164238,33055
2,4164762,33001
2,4164762,33042
2,4164762,33052
2,4165603,32009
2,4166818,32531
2,4166818,32537
2,4166818,32542
2,4166818,32544
2,4166818,32564
2,4167060,32768
2,4167060,34740
2,4167218,33848
2,4167218,34739
2,4167510,33438
2,4167510,33449
2,4167510,33454
2,4167510,33459
2,4167510,33460
2,4167510,33461
2,4167510,33462
2,4167510,33463
2,4167510,33465
2,4167510,33466
2,4167510,33467
2,4167510,33470
2,4167895,33559
2,4167895,33578
2,4167895,33593
2,4167895,34610
2,4167895,34637
2,4167895,34638
2,4167895,34639
2,4167895,34679
2,4168618,33701
2,4168618,33702
2,4168618,33703
2,4168618,33704
2,4168618,33705
2,4168618,33706
2,4168618,33707
2,4168618,33708
2,4168618,33709
2,4168618,33710
2,4168618,33711
2,4168618,33712
2,4168618,33713
2,4168618,33714
2,4168618,33715
2,4168618,33716
2,4168618,33729
2,4168618,33730
2,4168618,33731
2,4168618,33732
2,4168618,33733
2,4168618,33734
2,4168618,33736
2,4168618,33737
2,4168618,33738
2,4168618,33740
2,4168618,33741
2,4168618,33742
2,4168618,33743
2,4168618,33747
2,4168618,33767
2,4168618,33784
2,4168618,34660
2,4168618,34681
2,4168988,33835
2,4168988,33840
2,4168988,33847
2,4168988,33854
2,4168988,33855
2,4168988,33856
2,4168988,33863
2,4168988,33867
2,4168988,33967
2,4168988,34714
2,4168988,34759
2,4169471,32007
2,4169471,32138
2,4169471,32139
2,4169471,32140
2,4169471,32147
2,4169471,32157
2,4169471,32185
2,4169471,32187
2,4169471,32189
2,4169471,32666
2,4169471,33112
2,4171153,32033
2,4171153,32081
2,4171153,32259
2,4171153,32260
2,4172445,32747
2,4172445,32799
2,4174301,33585
2,4174301,34484
2,4174543,32062
2,4174543,32071
2,4174886,32356
2,4174886,32357
2,4176099,32026
2,4176099,32083
2,4176099,32697
2,4176559,32105
2,4176559,32706
2,4176559,32722
2,4176559,32745
2,4176559,32764
2,4177321,32355
2,4177321,32358
2,4177409,32422
2,4177409,32434
2,4177409,32461
2,4177485,32427
2,4177485,32437
2,4177485,32463
2,4180088,31562
2,4180088,31563
2,4180432,31624
2,4180816,31721
2,4180816,39837
2,4180816,39841
2,4180816,39845
2,4180816,39862
2,4180965,30511
2,4181218,30123
2,4181218,30178
2,4181955,39840
2,4182755,31052
2,4184153,31543
2,4184153,31566
2,4184557,31625
2,4184557,31629
2,4184557,31720
2,4184899,31308
2,4185202,30452
2,4185265,30426
2,4185265,30441
2,4185265,30811
2,4185265,30816
2,4185484,30234
2,4185662,39842
2,4185662,39886
2,4185838,31547
2,4185838,31558
2,4185838,31565
2,4185838,31568
2,4186104,30451
2,4186396,30109
2,4186396,30170
2,4186713,30726
2,4187459,30731
2,4187535,30146
2,4187535,30151
2,4188258,39823
2,4188258,39824
2,4188258,39836
2,4188258,39846
2,4188258,39854
2,4188258,39867
2,4188291,30273
2,4188291,30294
2,4188433,31623
2,4188433,31630
2,4188433,31631
2,4188547,30111
2,4188653,31512
2,4188653,31567
2,4188937,31747
2,4188937,31753
2,4188937,31756
2,4188957,30917
2,4188957,39813
2,4189236,31627
2,4189828,30229
2,4189828,30259
2,4189828,30275
2,4189828,30277
2,4189828,30289
2,4189924,31066
2,4190530,30738
2,4190530,30757
2,4191014,30319
2,4191014,30322
2,4191014,30329
2,4191014,30333
2,4191014,30340
2,4191014,30341
2,4191014,30345
2,4191014,30346
2,4191014,30350
2,4191014,30356
2,4191014,30359
2,4191014,30360
2,4191014,30362
2,4191014,30366
2,4191014,31119
2,4191014,31141
2,4191014,31145
2,4191014,31146
2,4191014,39901
2,4191127,39815
2,4191127,39852
2,4191654,31011
2,4191654,31077
2,4191760,31051
2,4191760,31063
2,4191760,31070
2,4191928,30187
2,4192532,39832
2,4192532,39834
2,4193042,31303
2,4193042,31307
2,4193042,31318
2,4193088,30634
2,4193335,30425
2,4193335,30447
2,4193335,30448
2,4193705,30414
2,4193705,30423
2,4194387,30541
2,4194387,30555
2,4194387,30559
2,4194387,30560
2,4195536,30105
2,4195536,30129
2,4195536,30149
2,4195536,30173
2,4196096,30520
2,4196096,30662
2,4196508,30272
2,4197146,30522
2,4197240,30820
2,4197388,31561
2,4197608,30732
2,4197608,30733
2,4197608,30734
2,4197608,30746
2,4197807,39829
2,4197807,39897
2,4198160,30665
2,4198160,30678
2,4198645,30026
2,4198645,30029
2,4198645,30052
2,4198688,30510
2,4198688,30580
2,4198821,30502
2,4198821,30543
2,4198821,30564
2,4199102,30140
2,4199416,31804
2,4199416,31807
2,4199416,31823
2,4199416,31826
2,4199517,30516
2,4201512,31005
2,4201512,31013
2,4201512,31025
2,4201512,31047
2,4202266,31760
2,4202266,31769
2,4202266,31798
2,4202453,30567
2,4202453,30575
2,4202638,30055
2,4202638,31038
2,4202638,31085
2,4202662,31532
2,4202678,30413
2,4202678,30803
2,4202678,30818
2,4202678,30823
2,4202750,30822
2,4202983,31049
2,4203171,31033
2,4205013,31649
2,4205152,30454
2,4205152,31065
2,4205152,31075
2,4205615,31309
2,4207045,31641
2,4207045,31699
2,4207403,31041
2,4207451,30627
2,4207451,30646
2,4207451,30647
2,4208454,30806
2,4208544,31304
2,4208544,31319
2,4208544,31327
2,4208544,31331
2,4208945,30218
2,4208945,31830
2,4209479,39817
2,4209744,31739
2,4209744,31784
2,4209889,31004
2,4209889,31016
2,4209889,31046
2,4209889,31086
2,4209939,30412
2,4209939,30470
2,4210114,30623
2,4210114,30625
2,4210114,30645
2,4211691,30708
2,4211691,30711
2,4211691,30751
2,4211716,31808
2,4211716,31820
2,4211716,31829
2,4211716,31905
2,4211716,31995
2,4213838,30621
2,4213838,30638
2,4213930,30619
2,4213930,30667
2,4213930,30671
2,4215637,30148
2,4215637,30175
2,4215637,30177
2,4215697,31518
2,4215697,31551
2,4215697,31556
2,4215755,30206
2,4215755,30256
2,4215755,30258
2,4215755,30292
2,4216880,30138
2,4217747,30537
2,4217747,30552
2,4217747,30568
2,4217747,30573
2,4217747,30576
2,4217747,30581
2,4218744,30812
2,4221757,30424
2,4221757,30446
2,4221757,30449
2,4221757,30455
2,4221942,39825
2,4221942,39859
2,4221942,39861
2,4223848,30266
2,4223848,30284
2,4224510,30538
2,4224510,30557
2,4224510,30598
2,4224592,31814
2,4224592,31821
2,4225168,31711
2,4225168,31735
2,4225168,31743
2,4225168,31764
2,4225609,31801
2,4225609,31810
2,4225609,31812
2,4225609,31836
2,4225621,30664
2,4225814,30420
2,4225814,30438
2,4225854,31039
2,4225854,31058
2,4225854,31081
2,4225944,31037
2,4225944,31055
2,4225944,31083
2,4225944,31544
2,4226051,39826
2,4226051,39828
2,4226051,39885
2,4226286,31778
2,4226538,31727
2,4226538,31733
2,4227392,31783
2,4227499,31017
2,4227499,31020
2,4227781,30572
2,4228098,30285
2,4228098,31097
2,4229163,30725
2,4229163,30728
2,4229163,30739
2,4229371,30018
2,4229371,30641
2,4229446,31550
2,4229446,31552
2,4229446,31564
2,4229498,30807
2,4229498,30819
2,4229498,30821
2,4229498,31045
2,4229557,31035
2,4229557,31067
2,4229557,31094
2,4229882,31832
2,4229882,39877
2,4230595,30571
2,4230822,30270
2,4230822,30740
2,4230919,31072
2,4230919,31084
2,4231029,30660
2,4231046,31003
2,4231046,31054
2,4231046,31090
2,4231976,31772
2,4231976,31789
2,4231976,31796
2,4232512,62325
2,4232512,62338
2,4232512,62346
2,4232512,62348
2,4232512,62349
2,4232512,62359
2,4232512,62365
2,4232592,62957
2,4232592,62962
2,4232592,62988
2,4232592,62990
2,4232592,62993
2,4234184,62019
2,4234184,62086
2,4234184,62273
2,4234184,62284
2,4234528,62375
2,4234528,62378
2,4235018,62006
2,4235018,62013
2,4235018,62036
2,4235018,62045
2,4235018,62053
2,4235018,62065
2,4235018,62070
2,4235369,62611
2,4235369,62622
2,4235793,62083
2,4235793,62517
2,4235793,62547
2,4235793,62555
2,4235793,62556
2,4235793,62570
2,4235954,62423
2,4235954,62477
2,4235992,62434
2,4235992,62879
2,4235992,62899
2,4236063,62250
2,4236063,62252
2,4236063,62253
2,4236063,62266
2,4236157,61931
2,4236157,62440
2,4236157,62469
2,4236576,62413
2,4236576,62427
2,4236576,62464
2,4236576,62478
2,4236738,62435
2,4236738,62436
2,4237204,61919
2,4237204,61930
2,4237204,61941
2,4237672,61917
2,4237672,61932
2,4237672,61940
2,4237672,61949
2,4237672,61955
2,4237705,62815
2,4237705,62818
2,4237705,62833
2,4237730,62414
2,4237730,62426
2,4237730,62443
2,4237730,62445
2,4237730,62461
2,4238245,62011
2,4238245,62247
2,4238245,62880
2,4238245,62885
2,4238982,62819
2,4238982,62836
2,4238982,62840
2,4238982,62856
2,4238982,62865
2,4238982,62874
2,4238982,62897
2,4239230,62867
2,4239230,62871
2,4239230,62954
2,4239836,62027
2,4239836,62050
2,4239836,62054
2,4239836,62078
2,4239836,62081
2,4239836,62098
2,4240145,62817
2,4240145,62829
2,4240145,62859
2,4240145,62860
2,4240212,62919
2,4240212,62955
2,4241687,62916
2,4241687,62927
2,4241687,62940
2,4241687,62950
2,4241687,62971
2,4241687,62975
2,4241687,62994
2,4241756,62432
2,4241756,62459
2,4241756,62475
2,4241756,62479
2,4241756,62480
2,4241756,62481
2,4241773,62810
2,4241773,62816
2,4241773,62830
2,4241773,62866
2,4241773,62872
2,4241773,62883
2,4241773,62889
2,4241773,62894
2,4241818,62012
2,4241818,62022
2,4241818,62030
2,4241818,62031
2,4241818,62063
2,4241904,62908
2,4241904,62909
2,4241904,62912
2,4241904,62923
2,4241904,62943
2,4241904,62967
2,4241904,62972
2,4241904,62985
2,4243719,62514
2,4243719,62532
2,4243719,62549
2,4243727,62023
2,4243727,62079
2,4243727,62085
2,4243727,62630
2,4243727,62649
2,4243727,62667
2,4243727,62672
2,4243727,62683
2,4243743,62018
2,4243743,62021
2,4243743,62067
2,4243743,62074
2,4243907,62807
2,4243907,62849
2,4243907,62853
2,4243907,62892
2,4243907,62893
2,4244065,62953
2,4244752,62244
2,4244752,62248
2,4244752,62256
2,4244752,62279
2,4244772,62015
2,4244772,62032
2,4244772,62051
2,4244772,62076
2,4244772,62077
2,4244772,62091
2,4244772,62538
2,4244772,62572
2,4244840,62601
2,4244840,62628
2,4244840,62631
2,4244840,62660
2,4244913,61928
2,4246841,62238
2,4246953,62314
2,4246953,62323
2,4246953,62343
2,4246953,62345
2,4246953,62352
2,4246953,62355
2,4246953,62356
2,4246953,62357
2,4246953,62361
2,4246953,62362
2,4246953,62370
2,4247387,62928
2,4247387,62947
2,4247655,62941
2,4247655,62956
2,4247655,62970
2,4247655,62973
2,4247655,62976
2,4247655,62992
2,4247655,62996
2,4247802,62217
2,4247802,62241
2,4247802,62259
2,4247802,62261
2,4247802,62280
2,4247802,62297
2,4248062,62419
2,4248062,62421
2,4248062,62425
2,4248062,62452
2,4248751,62059
2,4248751,62071
2,4248751,62240
2,4248751,62255
2,4248751,62269
2,4248751,62289
2,4249341,62965
2,4249341,62977
2,4249341,62987
2,4249472,62515
2,4249472,62520
2,4249472,62536
2,4249472,62625
2,4249472,62662
2,4249615,62610
2,4249615,62663
2,4249847,62431
2,4249847,62438
2,4249847,62444
2,4249847,62462
2,4249847,62465
2,4249847,62553
2,4251707,62905
2,4251707,62961
2,4251707,62998
2,4252248,62410
2,4252248,62811
2,4252248,62852
2,4252248,62855
2,4252486,62214
2,4252486,62268
2,4252486,62831
2,4252486,62876
2,4252486,62877
2,4252607,62446
2,4252607,62809
2,4252607,62842
2,4252607,62843
2,4252607,62850
2,4252607,62851
2,4252607,62878
2,4252607,62886
2,4252955,62820
2,4252955,62834
2,4252955,62861
2,4252955,62862
2,4252955,62887
2,4253173,62841
2,4253173,62921
2,4254165,47226
2,4254165,47236
2,4254165,47244
2,4254165,47247
2,4255024,46160
2,4255024,47435
2,4255818,47104
2,4255818,47141
2,4255818,47147
2,4255818,47163
2,4255818,47177
2,4255843,47833
2,4255843,47837
2,4255843,47840
2,4255843,47845
2,4255843,47846
2,4255843,47868
2,4256259,47116
2,4256259,47123
2,4256259,47137
2,4256259,47174
2,4256259,47175
2,4256468,47519
2,4256468,47558
2,4256468,47568
2,4256516,47225
2,4256516,47261
2,4256516,47263
2,4256524,47022
2,4256524,47060
2,4256808,47513
2,4256808,47521
2,4256808,47527
2,4256808,47545
2,4256808,47575
2,4256808,47580
2,4257390,46133
2,4257390,47322
2,4257565,47119
2,4257565,47146
2,4257700,47003
2,4257700,47010
2,4257700,47016
2,4257700,47030
2,4257700,47035
2,4257948,47640
2,4257948,47647
2,4257948,47649
2,4257948,47654
2,4257948,47683
2,4258280,47439
2,4258280,47445
2,4258280,47449
2,4258280,47453
2,4258280,47457
2,4258280,47459
2,4258280,47465
2,4258477,46117
2,4258477,46129
2,4258477,46154
2,4258477,46186
2,4258587,47107
2,4258587,47110
2,4258587,47114
2,4258587,47115
2,4258587,47117
2,4258587,47135
2,4258587,47142
2,4258587,47160
2,4258587,47166
2,4258778,46103
2,4258778,46149
2,4258778,46180
2,4258792,47337
2,4258792,47344
2,4258792,47351
2,4258792,47352
2,4258792,47360
2,4258792,47361
2,4258792,47366
2,4258792,47384
2,4258792,47386
2,4258792,47387
2,4258792,47388
2,4259572,47228
2,4259572,47235
2,4259572,47249
2,4259572,47264
2,4259572,47281
2,4259654,47224
2,4259654,47230
2,4259654,47231
2,4259679,47223
2,4259679,47227
2,4259679,47270
2,4259679,47273
2,4259679,47282
2,4259727,46162
2,4259727,46164
2,4259986,47516
2,4259986,47524
2,4259986,47528
2,4259986,47573
2,4259986,47578
2,4259986,47596
2,4259986,47597
2,4260213,47436
2,4260213,47437
2,4260213,47462
2,4260213,47467
2,4260213,47470
2,4260977,46113
2,4260977,46183
2,4261020,47522
2,4261526,47426
2,4261526,47458
2,4261526,47463
2,4261526,47464
2,4261526,47468
2,4261598,46125
2,4262691,47427
2,4262691,47431
2,4262691,47455
2,4262691,47456
2,4262785,47830
2,4262785,47832
2,4262785,47836
2,4262785,47859
2,4262785,47860
2,4262934,47514
2,4262934,47515
2,4262934,47525
2,4262934,47551
2,4262934,47574
2,4262934,47576
2,4263024,47564
2,4263024,47584
2,4263024,47585
2,4263024,47590
2,4263298,47616
2,4263298,47638
2,4263451,46170
2,4263451,46171
2,4263451,46175
2,4263732,47017
2,4263732,47021
2,4263732,47023
2,4263732,47033
2,4263732,47034
2,4263732,47039
2,4263953,46104
2,4263953,46127
2,4263953,46146
2,4263953,46150
2,4263953,46155
2,4264540,47138
2,4264684,46110
2,4264684,46130
2,4264684,46144
2,4264684,47234
2,4265152,47531
2,4265152,47536
2,4265152,47537
2,4265152,47550
2,4265152,47552
2,4265152,47556
2,4265152,47588
2,4265152,47611
2,4265152,47634
2,4265509,47849
2,4265509,47852
2,4265509,47861
2,4265509,47865
2,4265618,47011
2,4265618,47019
2,4265618,47020
2,4265618,47038
2,4266110,47325
2,4266235,47618
2,4266252,47831
2,4266252,47854
2,4266252,47884
2,4266252,47974
2,4266295,47851
2,4266295,47858
2,4266295,47863
2,4266295,47866
2,4266295,47869
2,4266295,47870
2,4266295,47871
2,4266295,47876
2,4266295,47880
2,4266579,47637
2,4266588,47120
2,4266588,47125
2,4266588,47165
2,4266673,47324
2,4266673,47339
2,4266673,47345
2,4266673,47357
2,4266673,47370
2,4266673,47392
2,4266673,47393
2,4267492,66732
2,4267492,66772
2,4267572,66015
2,4267572,66033
2,4267572,66039
2,4267572,66091
2,4267572,66093
2,4267734,66016
2,4267734,66041
2,4267734,66058
2,4267902,67057
2,4267902,67061
2,4267902,67065
2,4267902,67071
2,4267902,67138
2,4267902,67143
2,4267938,67511
2,4267938,67564
2,4267938,67567
2,4268552,66716
2,4268552,66738
2,4268552,66741
2,4268552,66754
2,4268552,66769
2,4268552,66779
2,4268687,66424
2,4268687,66425
2,4268687,66515
2,4268687,66527
2,4268687,66532
2,4268899,66842
2,4268899,67012
2,4268899,67041
2,4268899,67072
2,4268899,67123
2,4268899,67132
2,4269424,66843
2,4269424,66850
2,4269424,66862
2,4269424,66869
2,4269433,67334
2,4269433,67355
2,4269433,67360
2,4269459,66728
2,4269459,66773
2,4269459,66778
2,4269459,66782
2,4269620,67840
2,4269648,67447
2,4269648,67458
2,4269648,67468
2,4269744,66948
2,4269744,67417
2,4269744,67445
2,4269788,66852
2,4269788,66857
2,4269851,67127
2,4269851,67155
2,4270053,67008
2,4270053,67023
2,4270053,67038
2,4270053,67102
2,4270053,67131
2,4270088,66711
2,4270088,66734
2,4270088,66735
2,4270088,66746
2,4270088,66753
2,4270088,66760
2,4270088,66780
2,4270394,67449
2,4270394,67451
2,4270394,67482
2,4270394,67492
2,4270436,66008
2,4270436,66017
2,4270436,66094
2,4270841,67519
2,4270841,67552
2,4270841,67563
2,4270898,67345
2,4270898,67346
2,4270898,67352
2,4270898,67353
2,4270937,67627
2,4270937,67660
2,4270937,67667
2,4270937,67674
2,4270946,67450
2,4270946,67454
2,4270946,67459
2,4271650,67842
2,4271650,67843
2,4271650,67882
2,4271771,66042
2,4271771,66078
2,4271771,66079
2,4271771,66080
2,4271771,66095
2,4272003,66442
2,4272234,67625
2,4272234,67650
2,4272234,67659
2,4272434,66853
2,4272434,66855
2,4272434,66863
2,4272434,66870
2,4272434,67047
2,4272434,67122
2,4272434,67137
2,4272662,67018
2,4272662,67036
2,4272662,67049
2,4272662,67150
2,4272705,67151
2,4273049,67849
2,4273514,66416
2,4273514,66418
2,4273514,66419
2,4273514,66509
2,4273514,66516
2,4273514,66540
2,4273514,66552
2,4273563,66054
2,4273563,66429
2,4273605,66936
2,4273605,66941
2,4273605,66942
2,4273605,66949
2,4273605,66963
2,4273605,66970
2,4273638,66031
2,4273638,66085
2,4273638,66276
2,4273980,67035
2,4273980,67111
2,4273980,67112
2,4273980,67118
2,4273980,67142
2,4273980,67159
2,4274001,67109
2,4274089,67332
2,4274089,67341
2,4274089,67342
2,4274089,67354
2,4274307,66020
2,4274307,66027
2,4274307,66052
2,4274455,67418
2,4274455,67423
2,4274455,67481
2,4274536,66010
2,4274536,66014
2,4274536,66040
2,4274536,66072
2,4274536,66767
2,4274916,66830
2,4274916,66833
2,4274916,66854
2,4274916,66864
2,4274916,66868
2,4275073,66840
2,4275073,66851
2,4275073,66858
2,4275073,66859
2,4275073,67073
2,4275073,67438
2,4275073,67475
2,4275073,67483
2,4275111,66403
2,4275111,66406
2,4275111,66412
2,4275111,66438
2,4275111,66518
2,4275111,66541
2,4275111,66544
2,4275266,67476
2,4275266,67491
2,4275428,66013
2,4275428,66026
2,4275428,66036
2,4275635,67430
2,4275635,67446
2,4275635,67452
2,4275635,67478
2,4275635,67485
2,4275684,67340
2,4275684,67344
2,4275684,67347
2,4275684,67351
2,4275684,67363
2,4275684,67364
2,4275742,66838
2,4275742,66849
2,4275742,66873
2,4276120,66404
2,4276120,66408
2,4276120,66417
2,4276120,66428
2,4276120,66522
2,4276120,66550
2,4276136,66740
2,4276136,66775
2,4276136,66776
2,4276164,67515
2,4276164,67516
2,4276164,67518
2,4276164,67521
2,4276164,67572
2,4276164,67584
2,4276454,67622
2,4276454,67629
2,4276454,67645
2,4276754,66510
2,4276754,66528
2,4276786,67474
2,4276786,67623
2,4276786,67651
2,4276817,67436
2,4276817,67484
2,4277045,67523
2,4277045,67529
2,4277045,67574
2,4277173,67621
2,4277173,67639
2,4277173,67644
2,4277173,67647
2,4277173,67664
2,4277604,66407
2,4277604,66422
2,4277604,66426
2,4277604,66432
2,4277604,66520
2,4277733,67021
2,4277733,67028
2,4277733,67066
2,4277733,67134
2,4277972,67510
2,4277972,67514
2,4277972,67566
2,4277972,67568
2,4277972,67581
2,4277972,67583
2,4277972,67585
2,4277976,66930
2,4277976,66939
2,4277976,66940
2,4277976,66959
2,4277976,66960
2,4277976,66961
2,4277976,66964
2,4277976,66966
2,4277995,67427
2,4277995,67444
2,4277995,67512
2,4277995,67524
2,4277995,67573
2,4278061,66449
2,4278061,66554
2,4278304,67632
2,4278304,67657
2,4278304,67675
2,4278457,67513
2,4278457,67520
2,4278457,67553
2,4278457,67556
2,4278457,67559
2,4278457,67565
2,4278457,67575
2,4278472,67626
2,4278472,67634
2,4278472,67640
2,4278472,67648
2,4278472,67649
2,4278472,67658
2,4278472,67673
2,4278895,67416
2,4278895,67425
2,4278895,67442
2,4278895,67448
2,4278895,67470
2,4279155,67055
2,4279155,67120
2,4279155,67149
2,4279253,66409
2,4279253,66420
2,4279253,66542
2,4279253,66546
2,4279478,66932
2,4279478,66951
2,4279478,66952
2,4279478,67628
2,4279478,67638
2,4279904,67545
2,4279904,67576
2,4280143,67004
2,4280143,67051
2,4280143,67103
2,4280143,67105
2,4280143,67106
2,4280143,67140
2,4280609,67631
2,4280609,67656
2,4281087,66431
2,4281087,66501
2,4281087,66526
2,4281087,66834
2,4281258,66933
2,4281258,66943
2,4281258,66944
2,4281258,66946
2,4281258,66953
2,4281258,66955
2,4281258,66958
2,4281258,66962
2,4281852,66710
2,4281852,66714
2,4281852,66717
2,4281852,66759
2,4282006,66758
2,4282006,66761
2,4282006,66777
2,4282211,42715
2,4282211,42720
2,4282211,42741
2,4282211,42742
2,4282211,42753
2,4282393,42120
2,4282393,42153
2,4283067,42022
2,4283067,42060
2,4283268,42123
2,4283268,42130
2,4283268,42131
2,4283268,42152
2,4283268,42156
2,4283333,40358
2,4283333,40366
2,4283333,40371
2,4283333,40374
2,4283814,40813
2,4283814,40845
2,4283814,40856
2,4283814,40902
2,4283814,40913
2,4283814,40940
2,4283814,40955
2,4283814,40958
2,4283814,40988
2,4285302,41168
2,4285317,40452
2,4285317,40464
2,4285325,41043
2,4285325,41044
2,4285325,41061
2,4285423,41310
2,4285423,41317
2,4285423,41348
2,4285423,41366
2,4285423,41385
2,4285423,41390
2,4285428,40115
2,4285428,40140
2,4285428,40144
2,4285428,40145
2,4285428,40152
2,4285428,40153
2,4285428,40170
2,4285428,40171
2,4285428,40176
2,4285428,40178
2,4286176,40110
2,4286382,42201
2,4286382,42219
2,4286382,42252
2,4286382,42273
2,4286382,42288
2,4286500,42411
2,4286549,42020
2,4286549,42036
2,4286549,42049
2,4286549,42054
2,4286549,42076
2,4286705,41007
2,4286705,41059
2,4286990,42021
2,4286990,42035
2,4286990,42070
2,4287048,41045
2,4287048,41083
2,4287048,41098
2,4287080,41128
2,4287080,41132
2,4287080,41142
2,4287080,41146
2,4287080,41173
2,4287080,41181
2,4287126,42516
2,4287126,42528
2,4287126,42541
2,4287126,42565
2,4287126,42566
2,4287749,42221
2,4287749,42223
2,4287749,42232
2,4287749,42236
2,4287749,42254
2,4287883,40914
2,4287883,40932
2,4287883,40941
2,4287883,40944
2,4287883,40951
2,4287883,40972
2,4287883,40983
2,4288063,42603
2,4289074,42033
2,4289074,42037
2,4289242,42759
2,4289518,42334
2,4289518,42355
2,4289518,42356
2,4289518,42366
2,4289518,42376
2,4289518,42377
2,4290885,42163
2,4290885,42207
2,4290885,42259
2,4290885,42275
2,4290885,42285
2,4291095,41149
2,4291901,41037
2,4291901,41039
2,4291901,41049
2,4291901,41065
2,4291901,41081
2,4291901,41093
2,4291960,41601
2,4291960,41603
2,4291960,41604
2,4291960,41606
2,4291960,41607
2,4291960,41612
2,4291960,41615
2,4291960,41616
2,4291960,41619
2,4291960,41621
2,4291960,41622
2,4291960,41630
2,4291960,41631
2,4291960,41635
2,4291960,41636
2,4291960,41640
2,4291960,41642
2,4291960,41643
2,4291960,41645
2,4291960,41647
2,4291960,41650
2,4291960,41651
2,4291960,41655
2,4291960,41659
2,4291960,41660
2,4291960,41663
2,4291960,41666
2,4291960,41667
2,4292492,41046
2,4292492,41086
2,4292570,40410
2,4292570,40461
2,4293148,41010
2,4293148,41052
2,4293148,41054
2,4293245,42027
2,4293245,42039
2,4293245,42040
2,4293245,42051
2,4293245,42061
2,4293245,42063
2,4293245,42069
2,4293245,42079
2,4293245,42085
2,4293301,40119
2,4293301,42712
2,4293301,42762
2,4293471,41121
2,4293471,41174
2,4293950,42364
2,4293950,42368
2,4294031,40162
2,4294031,42732
2,4294031,42740
2,4294031,42776
2,4294031,42788
2,4294084,40801
2,4294084,40806
2,4294084,40807
2,4294084,40808
2,4294084,40810
2,4294084,40818
2,4294084,40819
2,4294084,40820
2,4294084,40824
2,4294084,40829
2,4294084,40830
2,4294084,40843
2,4294084,40847
2,4294084,40849
2,4294084,40863
2,4294084,40865
2,4294084,40870
2,4294084,40873
2,4294084,40927
2,4294084,40964
2,4294160,41003
2,4294190,42713
2,4294190,42722
2,4294190,42729
2,4294190,42746
2,4294512,42402
2,4294512,42451
2,4294512,42457
2,4294512,42458
2,4294546,40007
2,4294546,40036
2,4294546,40055
2,4294546,40057
2,4294546,40058
2,4294546,40068
2,4294546,40070
2,4294546,40075
2,4294628,42032
2,4295247,42436
2,4295247,42441
2,4295247,42453
2,4296106,40434
2,4296106,40447
2,4296106,40481
2,4296106,40486
2,4296106,40488
2,4296212,40018
2,4296212,40023
2,4296212,40027
2,4296212,40041
2,4296292,40339
2,4296508,41204
2,4296508,41216
2,4296508,41219
2,4296508,41222
2,4296508,41226
2,4296508,41234
2,4296508,41238
2,4296508,41254
2,4296508,41255
2,4296508,41256
2,4296508,41257
2,4296508,41260
2,4296508,41263
2,4296508,41268
2,4296508,41271
2,4296508,41274
2,4296902,41015
2,4296902,41017
2,4296902,41053
2,4296902,41063
2,4297180,41725
2,4297180,41740
2,4297180,41743
2,4297180,41759
2,4297180,41772
2,4297180,41817
2,4297180,41828
2,4297180,41831
2,4297180,41834
2,4297180,41836
2,4297180,41839
2,4297180,41843
2,4297180,41847
2,4297180,41859
2,4297180,41861
2,4297180,41862
2,4297187,40734
2,4297187,40771
2,4297187,40915
2,4297187,40921
2,4297187,40923
2,4297187,40930
2,4297187,40939
2,4297187,40943
2,4297187,40946
2,4297187,40949
2,4297187,40953
2,4297187,40982
2,4297187,40995
2,4297187,40997
2,4297424,42716
2,4297424,42764
2,4297480,40724
2,4297480,40737
2,4297480,40740
2,4297480,40755
2,4297576,41124
2,4297576,41159
2,4297576,41160
2,4297576,41180
2,4297576,41201
2,4297576,41232
2,4297576,41264
2,4297704,41347
2,4297704,41368
2,4297704,41397
2,4297902,40803
2,4297902,40816
2,4297902,40827
2,4297902,40840
2,4297902,40844
2,4297902,40858
2,4297902,40868
2,4297902,40874
2,4297902,40979
2,4297902,41714
2,4297902,41762
2,4297902,41764
2,4297902,41766
2,4297902,41775
2,4297902,41776
2,4297902,41777
2,4297909,40826
2,4297909,40862
2,4297909,41517
2,4297909,41804
2,4297909,41810
2,4297909,41812
2,4297909,41815
2,4297909,41819
2,4297909,41821
2,4297909,41824
2,4297909,41825
2,4297909,41826
2,4297909,41832
2,4297909,41833
2,4297909,41835
2,4297909,41837
2,4297909,41838
2,4297909,41840
2,4297909,41845
2,4297909,41848
2,4297909,41849
2,4297909,41855
2,4297955,41135
2,4297955,41166
2,4297955,41189
2,4298293,40437
2,4298293,40442
2,4298293,40448
2,4298293,40489
2,4298811,42028
2,4298811,42045
2,4298811,42047
2,4298811,42083
2,4298932,42265
2,4299665,40385
2,4299665,40405
2,4299695,41426
2,4299695,41464
2,4299695,41632
2,4299849,40009
2,4299849,40049
2,4299849,40060
2,4299849,40062
2,4299849,40063
2,4299849,40328
2,4299896,42044
2,4299939,41203
2,4299939,41214
2,4299939,41231
2,4299939,41250
2,4299939,41262
2,4299939,41267
2,4300012,41034
2,4300012,41055
2,4300012,41062
2,4300012,41096
2,4300244,42053
2,4300244,42086
2,4300249,42631
2,4300249,42634
2,4300249,42638
2,4300249,42649
2,4300401,42322
2,4300401,42350
2,4300401,42371
2,4300401,42372
2,4300426,40104
2,4300426,40117
2,4300426,40142
2,4300426,40157
2,4300426,40161
2,4300562,40316
2,4300562,40346
2,4300562,40387
2,4300572,40372
2,4300606,42124
2,4300606,42154
2,4300606,42166
2,4300606,42214
2,4301192,42133
2,4301192,42140
2,4301192,42151
2,4301192,42157
2,4301216,40334
2,4301333,41352
2,4301333,41408
2,4301333,41413
2,4301333,41425
2,4301333,41451
2,4301333,41477
2,4301955,42321
2,4301955,42324
2,4301955,42325
2,4301955,42326
2,4301955,42332
2,4301955,42339
2,4301955,42344
2,4301955,42374
2,4302277,40012
2,4302277,40013
2,4302277,40020
2,4302277,40048
2,4302277,40052
2,4302277,40107
2,4302564,40350
2,4302977,42328
2,4302977,42333
2,4302977,42338
2,4302977,42349
2,4302977,42354
2,4302977,42361
2,4302977,42369
2,4302977,42370
2,4303164,40077
2,4303402,40355
2,4303402,40363
2,4303455,41351
2,4303455,41364
2,4303455,41386
2,4303870,41033
2,4303951,40981
2,4303951,41367
2,4303951,41712
2,4303951,41713
2,4303951,41719
2,4303951,41721
2,4303951,41722
2,4303951,41723
2,4303951,41727
2,4303951,41729
2,4303951,41731
2,4303951,41735
2,4303951,41736
2,4303951,41739
2,4303951,41745
2,4303951,41746
2,4303951,41751
2,4303951,41754
2,4303951,41760
2,4303951,41763
2,4303951,41773
2,4303951,41774
2,4303951,41778
2,4304226,41512
2,4304226,41513
2,4304226,41514
2,4304226,41519
2,4304226,41520
2,4304226,41524
2,4304226,41526
2,4304226,41527
2,4304226,41528
2,4304226,41531
2,4304226,41534
2,4304226,41535
2,4304226,41538
2,4304226,41539
2,4304226,41540
2,4304226,41542
2,4304226,41543
2,4304226,41544
2,4304226,41547
2,4304226,41548
2,4304226,41549
2,4304226,41554
2,4304226,41555
2,4304226,41557
2,4304226,41558
2,4304226,41559
2,4304226,41560
2,4304226,41561
2,4304226,41562
2,4304226,41563
2,4304226,41564
2,4304226,41566
2,4304226,41567
2,4304226,41568
2,4304226,41571
2,4304226,41572
2,4305121,40376
2,4305364,42518
2,4305364,42544
2,4305364,42558
2,4305364,42564
2,4305364,42567
2,4306470,40445
2,4306470,40460
2,4306470,40473
2,4306470,40492
2,4307808,40370
2,4308112,40003
2,4308112,40022
2,4308112,40076
2,4309179,40046
2,4310601,42733
2,4310601,42758
2,4310988,42204
2,4310988,42216
2,4310988,42280
2,4310988,42286
2,4311258,42215
2,4311683,42460
2,4311683,42462
2,4312732,42122
2,4312732,42128
2,4312732,42159
2,4312732,42170
2,4312732,42274
2,4312745,40040
2,4312745,40061
2,4312745,40078
2,4312885,42444
2,4312885,42456
2,4312885,42463
2,4313367,40730
2,4313367,40759
2,4313367,40763
2,4313865,41332
2,4313865,41360
2,4313865,41365
2,4314344,70516
2,4314344,70537
2,4314607,70644
2,4314607,70651
2,4314607,70654
2,4314607,70658
2,4315067,70718
2,4315067,70725
2,4315067,70728
2,4315067,70734
2,4315067,70738
2,4315067,70774
2,4315120,70393
2,4315243,71323
2,4315243,71329
2,4315243,71331
2,4315243,71333
2,4315243,71339
2,4315243,71362
2,4316112,70637
2,4316112,70657
2,4316112,70660
2,4316112,70662
2,4316721,71008
2,4316721,71016
2,4316721,71045
2,4316721,71070
2,4316721,71080
2,4317649,71051
2,4317649,71067
2,4317649,71110
2,4318532,71004
2,4318532,71007
2,4318532,71029
2,4318532,71043
2,4318532,71044
2,4318532,71047
2,4318532,71069
2,4318583,70630
2,4318597,71441
2,4318690,70632
2,4318690,70643
2,4319276,71363
2,4319276,71401
2,4319276,71425
2,4320117,71003
2,4320117,71048
2,4320117,71079
2,4320594,71316
2,4320594,71354
2,4320594,71377
2,4321759,71027
2,4321759,71030
2,4321759,71032
2,4321759,71046
2,4321759,71050
2,4321759,71063
2,4323288,70739
2,4323288,70770
2,4323316,71276
2,4323316,71286
2,4323332,70730
2,4323332,70761
2,4323933,70524
2,4323933,70585
2,4323933,71367
2,4325158,71219
2,4325158,71230
2,4325158,71243
2,4325158,71249
2,4325158,71324
2,4326254,71407
2,4326254,71423
2,4326254,71432
2,4326254,71467
2,4328254,70513
2,4328261,70780
2,4328854,71238
2,4328854,71247
2,4328854,71268
2,4328965,70640
2,4328965,70650
2,4328978,70121
2,4328978,70123
2,4328978,70141
2,4328978,70181
2,4328978,70183
2,4330078,71371
2,4330078,71479
2,4330185,70355
2,4331488,70449
2,4331488,70462
2,4331488,70744
2,4332258,71233
2,4333789,71223
2,4333789,71229
2,4333789,71250
2,4333789,71264
2,4334734,71002
2,4334734,71031
2,4334734,71066
2,4334734,71414
2,4334734,71416
2,4334734,71428
2,4334734,71434
2,4334734,71450
2,4334734,71452
2,4334734,71455
2,4334734,71469
2,4336232,71240
2,4337452,70040
2,4337452,70081
2,4337452,70082
2,4337452,70091
2,4337708,70736
2,4337708,70747
2,4337708,70749
2,4337708,70752
2,4337708,70753
2,4337708,70756
2,4337708,70762
2,4337708,70773
2,4338356,71330
2,4338356,71348
2,4338356,71365
2,4338356,71424
2,4338356,71427
2,4338356,71431
2,4338356,71438
2,4338356,71447
2,4338356,71448
2,4338356,71466
2,4338356,71472
2,4338356,71477
2,4338489,71034
2,4338711,71218
2,4339354,71406
2,4339354,71419
2,4339354,71426
2,4339354,71460
2,4339354,71462
2,4339526,70085
2,4339724,70453
2,4339793,70090
2,4339793,70743
2,4339793,70792
2,4339881,70068
2,4339881,70069
2,4339881,70076
2,4340045,71345
2,4340045,71356
2,4340045,71358
2,4340232,70522
2,4340232,70540
2,4340579,70431
2,4340579,70457
2,4340579,70463
2,4340579,70464
2,4343122,70421
2,4343122,70436
2,4343122,70442
2,4343122,70446
2,4343122,70455
2,4343313,70352
2,4343313,70356
2,4343313,70397
2,4344274,71234
2,4344274,71256
2,4344274,71277
2,4344530,70528
2,4344530,70575
2,4344544,70639
2,4344544,71439
2,4344544,71443
2,4344544,71459
2,4344544,71475
2,4345509,70426
2,4345509,70450
2,4345509,70467
2,4345618,71024
2,4345618,71039
2,4345618,71072
2,4345740,71242
2,4345740,71253
2,4345740,71266
2,4345778,70712
2,4345778,70782
2,4345778,70784
2,4345778,70787
2,4346451,71404
2,4346451,71410
2,4346451,71422
2,4346451,71440
2,4346451,71471
2,4346451,71473
2,4347094,21521
2,4347094,21524
2,4347094,21530
2,4347094,21540
2,4347094,21542
2,4347094,21543
2,4347094,21555
2,4347094,21556
2,4347094,21560
2,4347094,21766
2,4347283,20711
2,4347283,20724
2,4347283,20733
2,4347283,20755
2,4347283,20758
2,4347283,20776
2,4347283,20778
2,4347283,20779
2,4347283,21056
2,4347283,21076
2,4347283,21077
2,4347283,21090
2,4347283,21108
2,4347283,21225
2,4347283,21226
2,4347283,21240
2,4347790,21013
2,4347790,21020
2,4347790,21022
2,4347790,21023
2,4347790,21027
2,4347790,21051
2,4347790,21052
2,4347790,21053
2,4347790,21057
2,4347790,21071
2,4347790,21082
2,4347790,21092
2,4347790,21093
2,4347790,21094
2,4347790,21105
2,4347790,21111
2,4347790,21120
2,4347790,21131
2,4347790,21139
2,4347790,21152
2,4347790,21153
2,4347790,21155
2,4347790,21156
2,4347790,21163
2,4347790,21207
2,4347790,21219
2,4347790,21227
2,4347790,21236
2,4347790,21244
2,4347790,21250
2,4347790,21251
2,4350123,20610
2,4350123,20615
2,4350123,20629
2,4350123,20676
2,4350123,20689
2,4350425,21609
2,4350425,21636
2,4350425,21640
2,4350425,21641
2,4350425,21649
2,4350425,21670
2,4350461,21048
2,4350461,21088
2,4350461,21104
2,4350461,21757
2,4350461,21797
2,4350685,21902
2,4350685,21912
2,4350685,21916
2,4350685,21917
2,4350685,21918
2,4350685,21919
2,4350685,21920
2,4350685,21930
2,4351021,20611
2,4351021,20612
2,4351021,20632
2,4351021,20643
2,4351021,20645
2,4351021,20658
2,4351021,20661
2,4351021,20662
2,4351021,20664
2,4351021,20677
2,4351021,20682
2,4351021,20693
2,4351021,20695
2,4353543,21622
2,4353543,21626
2,4353543,21627
2,4353543,21631
2,4353543,21634
2,4353543,21648
2,4353543,21659
2,4353543,21669
2,4353543,21672
2,4353543,21675
2,4353543,21677
2,4353543,21835
2,4353543,21869
2,4355594,21718
2,4355594,21754
2,4355594,21758
2,4355594,21759
2,4355594,21770
2,4355594,21771
2,4355594,21775
2,4355594,21778
2,4355594,21780
2,4355594,21790
2,4355594,21792
2,4355939,21520
2,4355939,21522
2,4355939,21523
2,4355939,21531
2,4355939,21538
2,4355939,21541
2,4355939,21561
2,4357407,21010
2,4357407,21017
2,4357407,21018
2,4357407,21028
2,4357407,21034
2,4357407,21050
2,4357407,21085
2,4357407,21154
2,4357407,21160
2,4357407,21161
2,4358598,20588
2,4358598,20701
2,4358598,20723
2,4358598,20794
2,4358598,21029
2,4358598,21036
2,4358598,21150
2,4358598,21723
2,4358598,21737
2,4358598,21738
2,4358598,21765
2,4358598,21794
2,4359780,21610
2,4359780,21645
2,4359780,21650
2,4359780,21667
2,4359780,21678
2,4362716,20812
2,4362716,20833
2,4362716,20838
2,4362716,20839
2,4362716,20841
2,4362716,20842
2,4362716,20860
2,4362716,20861
2,4362716,20862
2,4362716,20897
2,4366164,20623
2,4366164,20697
2,4366164,20737
2,4366164,20738
2,4366164,20797
2,4366164,20913
2,4366351,21607
2,4366351,21628
2,4366351,21644
2,4366351,21656
2,4366351,21657
2,4366351,21668
2,4366351,21690
2,4368320,20606
2,4368320,20609
2,4368320,20618
2,4368320,20620
2,4368320,20621
2,4368320,20624
2,4368320,20626
2,4368320,20627
2,4368320,20628
2,4368320,20630
2,4368320,20634
2,4368320,20635
2,4368320,20636
2,4368320,20656
2,4368320,20660
2,4368320,20667
2,4368320,20670
2,4368320,20680
2,4368320,20684
2,4368320,20686
2,4368320,20687
2,4368320,20690
2,4368320,20692
2,4369894,21821
2,4369894,21824
2,4369894,21836
2,4369894,21838
2,4369894,21857
2,4369894,21866
2,4369894,21867
2,4369894,21871
2,4369894,21890
2,4370904,21612
2,4370904,21624
2,4370904,21647
2,4370904,21652
2,4370904,21653
2,4370904,21662
2,4370904,21665
2,4370904,21671
2,4370904,21676
2,4370904,21679
2,4372777,21711
2,4372777,21715
2,4372777,21719
2,4372777,21721
2,4372777,21722
2,4372777,21779
2,4373554,21810
2,4373554,21814
2,4373554,21837
2,4373554,21840
2,4373554,21849
2,4373554,21852
2,4373554,21856
2,4373554,21865
2,4373554,21875
2,4374180,21822
2,4374180,21829
2,4374180,21841
2,4374180,21862
2,4374180,21864
2,4374180,21872
2,4374849,64421
2,4374849,64427
2,4374849,64436
2,4374849,64449
2,4374849,64459
2,4374849,64480
2,4374849,64483
2,4374849,64506
2,4375346,63345
2,4375346,65232
2,4375346,65264
2,4375346,65280
2,4375346,65285
2,4375882,65623
2,4375882,65641
2,4375882,65658
2,4375882,65708
2,4375882,65772
2,4375904,64766
2,4375904,64769
2,4375954,64722
2,4375954,64723
2,4375954,64742
2,4375954,64745
2,4375954,64752
2,4375954,64780
2,4376578,65326
2,4376578,65335
2,4377844,63662
2,4377844,63750
2,4377844,63751
2,4377844,63760
2,4377844,63781
2,4377844,63782
2,4377844,63787
2,4377925,65039
2,4377925,65256
2,4377925,65279
2,4377925,65299
2,4378897,64440
2,4378897,64443
2,4378897,64448
2,4378897,64484
2,4379332,63932
2,4379332,63938
2,4379332,63940
2,4379332,63945
2,4379332,63954
2,4379332,63961
2,4379332,63962
2,4379520,64625
2,4379520,64637
2,4379520,64649
2,4379567,63388
2,4379567,65059
2,4379567,65067
2,4379567,65077
2,4379567,65080
2,4379567,65262
2,4379625,65049
2,4379625,65052
2,4379625,65079
2,4379625,65324
2,4379625,65567
2,4379625,65591
2,4379625,65786
2,4379625,65787
2,4379968,63739
2,4379968,63743
2,4379968,63744
2,4379968,63745
2,4379968,63747
2,4379968,63752
2,4379968,63766
2,4379968,63769
2,4379968,63770
2,4379968,63779
2,4379968,63785
2,4380138,64622
2,4380138,64623
2,4380138,64639
2,4380138,64643
2,4380138,64680
2,4380138,64682
2,4380170,63937
2,4380170,63941
2,4380170,63943
2,4380266,64012
2,4380266,64090
2,4380266,64739
2,4380266,64743
2,4380266,64746
2,4380498,64756
2,4380498,65607
2,4380961,64660
2,4380961,64676
2,4380961,64681
2,4380961,65246
2,4380961,65286
2,4381179,65620
2,4381179,65629
2,4381179,65630
2,4381179,65657
2,4381179,65720
2,4381179,65754
2,4381179,72643
2,4381444,64048
2,4381444,64072
2,4381444,64073
2,4381444,64116
2,4381444,64117
2,4381444,64118
2,4381444,64119
2,4381444,64144
2,4381444,64155
2,4381444,64156
2,4381444,64157
2,4381444,64158
2,4381444,64161
2,4381444,64162
2,4381444,64165
2,4381444,64166
2,4381444,64167
2,4381646,64493
2,4381866,65023
2,4381866,65032
2,4381866,65040
2,4381866,65053
2,4381866,65076
2,4382297,65068
2,4382297,65237
2,4382297,65287
2,4382297,65322
2,4382297,65348
2,4382777,65446
2,4382777,65449
2,4382777,65456
2,4382777,65535
2,4382777,65586
2,4383206,65603
2,4383206,65635
2,4383206,65646
2,4383206,65752
2,4383238,65590
2,4383238,65685
2,4383238,65764
2,4383238,65767
2,4383238,65783
2,4383368,64620
2,4383368,64636
2,4383368,64642
2,4383368,64647
2,4383368,64654
2,4383368,64670
2,4383368,64689
2,4383515,64422
2,4383515,64430
2,4383515,64474
2,4383515,64494
2,4383515,64497
2,4383752,65440
2,4383752,65501
2,4383752,65532
2,4383752,65541
2,4384356,65638
2,4384356,65755
2,4384356,65768
2,4384778,63821
2,4384778,63847
2,4384778,63875
2,4384778,63880
2,4387172,63013
2,4387172,63014
2,4387172,63015
2,4387172,63055
2,4387172,63056
2,4387172,63060
2,4387172,63061
2,4387172,63072
2,4387172,63073
2,4387172,63079
2,4387701,63091
2,4387701,65036
2,4387701,65061
2,4387701,65062
2,4388781,65612
2,4388781,65619
2,4388781,65765
2,4390169,64726
2,4390169,64740
2,4390169,64770
2,4390169,64788
2,4390169,65323
2,4390327,65634
2,4390327,65724
2,4390327,65732
2,4390327,65735
2,4390327,65774
2,4390327,65779
2,4391383,65230
2,4391383,65250
2,4391410,65626
2,4391410,65688
2,4391410,65777
2,4391410,65788
2,4391410,65790
2,4392025,63620
2,4392025,63623
2,4392025,63636
2,4392025,63656
2,4392025,63675
2,4392025,65439
2,4392183,64002
2,4392183,64063
2,4392183,64064
2,4392183,64065
2,4392183,64066
2,4392183,64081
2,4392183,64082
2,4392183,64086
2,4392183,64088
2,4392354,64832
2,4392354,64833
2,4392354,64848
2,4392354,64849
2,4392354,64857
2,4392354,64859
2,4392394,63023
2,4392394,63030
2,4392394,63041
2,4392394,63047
2,4392394,63051
2,4392394,63053
2,4392394,63057
2,4392394,63065
2,4392394,63066
2,4392606,64019
2,4392606,64061
2,4392606,64733
2,4394029,65463
2,4394029,65470
2,4394029,65543
2,4394029,65722
2,4394055,64001
2,4394055,64011
2,4394055,64021
2,4394055,64022
2,4394055,64071
2,4394055,64074
2,4394055,65327
2,4394702,65654
2,4394702,65664
2,4394702,65756
2,4395330,63347
2,4395330,63369
2,4395330,63370
2,4395330,63377
2,4395330,63381
2,4395330,63387
2,4395428,63557
2,4395428,64630
2,4395428,64631
2,4395428,64651
2,4395428,64659
2,4395428,64674
2,4395900,64635
2,4395900,64638
2,4395900,64656
2,4395900,64664
2,4395900,64686
2,4395900,64688
2,4396768,63431
2,4396768,63530
2,4396768,63534
2,4396768,63538
2,4396768,63539
2,4396768,63558
2,4396768,65247
2,4396798,63655
2,4397100,65443
2,4397100,65580
2,4397108,63454
2,4397108,63463
2,4397108,63471
2,4397698,64847
2,4397698,64861
2,4397698,64868
2,4397698,65730
2,4398373,65017
2,4398373,65047
2,4398373,65064
2,4398373,65075
2,4398373,65083
2,4398638,63820
2,4398638,63881
2,4398638,63882
2,4398787,65025
2,4398787,65034
2,4398787,65042
2,4398787,65046
2,4398787,65050
2,4398787,65055
2,4398864,65258
2,4398864,65282
2,4398864,65283
2,4398895,63333
2,4398895,63350
2,4398895,63359
2,4398895,65069
2,4399052,65011
2,4399052,65037
2,4399052,65072
2,4399052,65329
2,4399052,65354
2,4400430,63828
2,4400430,63833
2,4400430,63860
2,4400430,63866
2,4400430,63874
2,4400430,63878
2,4400561,64842
2,4400561,64853
2,4400561,64858
2,4400561,64864
2,4400561,64866
2,4400561,64867
2,4400561,64873
2,4402012,65690
2,4402012,65692
2,4402012,65778
2,4402051,65001
2,4402051,65016
2,4402051,65024
2,4402051,65035
2,4402051,65048
2,4402051,65054
2,4402051,65058
2,4402051,65085
2,4402255,65609
2,4402255,65618
2,4402255,65637
2,4402255,65666
2,4402255,65676
2,4402255,65715
2,4402255,65729
2,4402255,65741
2,4402255,65760
2,4402255,65761
2,4402255,65762
2,4402255,65766
2,4402255,65773
2,4402255,65784
2,4402864,63826
2,4402864,63827
2,4402864,63839
2,4402864,63840
2,4402864,63849
2,4402864,63853
2,4402864,63879
2,4402984,63732
2,4402984,63737
2,4402984,63746
2,4402984,63748
2,4402984,63776
2,4402984,63783
2,4403095,65332
2,4403095,65333
2,4403095,65334
2,4403095,65345
2,4403116,65436
2,4403116,65461
2,4403116,65462
2,4403116,65529
2,4403116,65550
2,4403228,63330
2,4403228,63336
2,4403228,63339
2,4403228,63433
2,4403228,63441
2,4403600,64028
2,4403600,64092
2,4403600,64151
2,4403600,64152
2,4403600,64153
2,4403600,64154
2,4403600,64163
2,4403600,64164
2,4403600,64168
2,4403600,64190
2,4403600,64195
2,4404128,65601
2,4404128,65617
2,4404128,65640
2,4404128,65645
2,4404128,65649
2,4404128,65650
2,4404128,65663
2,4404128,65710
2,4404128,65727
2,4404807,65457
2,4404807,65534
2,4405038,63467
2,4405082,65239
2,4405082,65243
2,4405082,65244
2,4405082,65260
2,4405082,65278
2,4405143,64017
2,4405143,64036
2,4405143,64084
2,4405470,63625
2,4405470,63629
2,4405470,63654
2,4405470,63665
2,4405470,63666
2,4405720,63931
2,4405720,63942
2,4405720,63955
2,4406835,63332
2,4406835,63341
2,4406835,63346
2,4406835,63365
2,4406835,63366
2,4406835,63368
2,4406835,63373
2,4406842,64738
2,4406842,64781
2,4406884,63036
2,4406884,63087
2,4406884,63626
2,4406884,63651
2,4407074,63038
2,4407074,63040
2,4407074,63045
2,4407074,63105
2,4407074,63114
2,4407074,63117
2,4407074,63119
2,4407074,63121
2,4407074,63122
2,4407074,63123
2,4407074,63124
2,4407074,63125
2,4407074,63126
2,4407074,63127
2,4407074,63128
2,4407074,63129
2,4407074,63130
2,4407074,63131
2,4407074,63132
2,4407074,63133
2,4407074,63134
2,4407074,63135
2,4407074,63136
2,4407074,63137
2,4407074,63138
2,4407074,63140
2,4407074,63141
2,4407074,63143
2,4407074,63144
2,4407074,63145
2,4407074,63146
2,4407074,63151
2,4407074,63167
2,4407084,63101
2,4407084,63102
2,4407084,63103
2,4407084,63104
2,4407084,63106
2,4407084,63107
2,4407084,63108
2,4407084,63109
2,4407084,63110
2,4407084,63111
2,4407084,63112
2,4407084,63113
2,4407084,63115
2,4407084,63116
2,4407084,63118
2,4407084,63120
2,4407084,63139
2,4407084,63147
2,4407084,63150
2,4407084,63155
2,4407084,63156
2,4407084,63157
2,4407084,63158
2,4407084,63160
2,4407084,63163
2,4407084,63164
2,4407084,63166
2,4407084,63169
2,4407084,63171
2,4407084,63177
2,4407084,63178
2,4407084,63179
2,4407084,63180
2,4407084,63182
2,4407084,63188
2,4407084,63195
2,4407084,63197
2,4407084,63199
2,4407295,63673
2,4407376,65320
2,4407376,65321
2,4407376,65330
2,4407376,65339
2,4407376,65344
2,4407376,65347
2,4407901,63742
2,4407901,63774
2,4407901,63784
2,4407901,63824
2,4408228,65546
2,4408345,63434
2,4408345,63439
2,4408345,63443
2,4408345,63450
2,4408345,63451
2,4410296,63735
2,4410296,63738
2,4410296,63846
2,4410296,63850
2,4410296,63936
2,4410325,65611
2,4410325,65624
2,4410325,65675
2,4410325,65681
2,4410325,65728
2,4411205,65614
2,4411205,65627
2,4411205,65679
2,4411205,65726
2,4411205,65731
2,4411205,65733
2,4411205,65739
2,4411205,65744
2,4411205,65759
2,4411205,65771
2,4411468,65444
2,4411468,65464
2,4411468,65468
2,4411468,65479
2,4411468,65484
2,4411468,65552
2,4411468,65555
2,4411468,65557
2,4411468,65564
2,4411468,65570
2,4411468,65589
2,4413006,64728
2,4413006,64741
2,4413006,64750
2,4413006,64765
2,4413006,64767
2,4413006,64771
2,4413006,64778
2,4413006,64783
2,4413006,64790
2,4413583,63342
2,4413583,63378
2,4413630,63071
2,4413630,63622
2,4413630,63630
2,4413630,63631
2,4413630,63648
2,4413630,63660
2,4413630,63674
2,4413797,63632
2,4413797,63763
2,4413797,63934
2,4413797,63950
2,4413797,63951
2,4413797,63952
2,4413797,63956
2,4413797,63964
2,4413797,63966
2,4413797,63967
2,4413870,65636
2,4413870,65644
2,4413870,65713
2,4415503,65660
2,4415503,65662
2,4415503,65702
2,4415912,39165
2,4415912,39190
2,4416012,38846
2,4416012,38865
2,4416182,39633
2,4416182,39664
2,4416669,39067
2,4416669,39107
2,4416669,39108
2,4416669,39160
2,4417738,38647
2,4419012,38720
2,4419012,38725
2,4419012,38726
2,4419012,38740
2,4419012,38746
2,4419012,38759
2,4419012,38764
2,4419012,38772
2,4419012,38781
2,4420309,38913
2,4420309,38914
2,4420309,38955
2,4420309,39751
2,4420741,38923
2,4420741,38943
2,4420741,38947
2,4420741,38954
2,4421449,38875
2,4421449,38877
2,4421449,39776
2,4421547,39745
2,4421547,39772
2,4421859,39144
2,4421913,39347
2,4421913,39360
2,4421964,39741
2,4421964,39754
2,4421964,39755
2,4422178,38617
2,4422178,38630
2,4422178,38644
2,4422178,38645
2,4422178,38669
2,4422178,38739
2,4422178,38767
2,4422700,39077
2,4422700,39078
2,4422907,39479
2,4423655,38641
2,4423655,38651
2,4426954,39425
2,4427119,39647
2,4427119,39661
2,4428420,39456
2,4428420,39461
2,4428541,38929
2,4428541,38960
2,4428961,39522
2,4428961,39529
2,4428961,39558
2,4429197,39540
2,4429877,39174
2,4430142,38924
2,4430142,39192
2,4430705,39097
2,4430705,39115
2,4430705,39166
2,4431269,38745
2,4431269,39177
2,4431274,38847
2,4431274,38858
2,4431274,38876
2,4431565,39338
2,4431565,39348
2,4431565,39356
2,4431565,39366
2,4431565,39460
2,4431565,39481
2,4431608,39081
2,4431608,39096
2,4431608,39668
2,4431611,39421
2,4431611,39427
2,4431982,39436
2,4431982,39459
2,4431982,39480
2,4432218,39352
2,4432218,39354
2,4432670,38601
2,4432670,38673
2,4432670,38675
2,4432670,38677
2,4432670,38685
2,4432670,38874
2,4432670,38949
2,4433028,39320
2,4433028,39326
2,4433028,39335
2,4433059,39140
2,4433059,39641
2,4433059,39656
2,4433059,39663
2,4433059,39665
2,4433110,39094
2,4433110,39109
2,4433110,39171
2,4433190,38826
2,4433243,38944
2,4433243,38945
2,4433243,38946
2,4433243,38952
2,4433243,38959
2,4433521,39662
2,4434357,39736
2,4434357,39753
2,4434357,39766
2,4434666,39045
2,4434666,39163
2,4434905,39478
2,4434905,39643
2,4434977,38642
2,4434977,38649
2,4434977,38659
2,4434977,38661
2,4434977,38679
2,4436434,39767
2,4436465,38825
2,4436465,38844
2,4436465,38848
2,4436465,39740
2,4436465,39746
2,4436465,39756
2,4438104,39365
2,4438827,39323
2,4438827,39336
2,4438827,39337
2,4439115,39361
2,4439581,39762
2,4439581,39769
2,4440232,38621
2,4440232,38658
2,4440232,38665
2,4440578,39457
2,4440794,39464
2,4441053,39632
2,4441053,39635
2,4441053,39657
2,4442070,38864
2,4442374,38856
2,4442374,38859
2,4442374,38880
2,4442697,38609
2,4442697,38623
2,4442697,38628
2,4442697,38964
2,4442841,39148
2,4442841,39151
2,4442841,39161
2,4442841,39167
2,4442841,39193
2,4442841,39298
2,4445321,39080
2,4445321,39092
2,4445321,39098
2,4445321,39152
2,4445321,39359
2,4445678,38765
2,4445678,39054
2,4445678,39061
2,4446158,39044
2,4446158,39062
2,4446158,39082
2,4446158,39149
2,4446378,39116
2,4447325,39561
2,4447325,39573
2,4447584,38736
2,4447584,38738
2,4447584,38768
2,4447911,38920
2,4447911,38927
2,4447911,38928
2,4447911,38950
2,4447911,38957
2,4447911,38958
2,4447911,38962
2,4447998,38602
2,4447998,38638
2,4448467,38625
2,4448467,38674
2,4448508,38838
2,4448508,38873
2,4448921,38626
2,4448921,38664
2,4448921,38670
2,4449240,38627
2,4449240,38828
2,4450285,39156
2,4450315,38722
2,4450315,38723
2,4450315,38731
2,4450315,38744
2,4450315,38776
2,4450315,38780
2,4450315,38782
2,4450432,39324
2,4450493,39737
2,4450493,39750
2,4451480,39346
2,4451779,38953
2,4451779,38961
2,4451815,39039
2,4451815,39040
2,4451815,39088
2,4451815,39162
2,4451815,39173
2,4451815,39179
2,4452290,27202
2,4452290,27349
2,4452391,28623
2,4452391,28627
2,4452391,28663
2,4452391,28668
2,4452708,28102
2,4452708,28119
2,4452708,28133
2,4453028,28615
2,4453028,28617
2,4453028,28626
2,4453028,28629
2,4453028,28631
2,4453028,28643
2,4453028,28644
2,4453028,28672
2,4453028,28684
2,4453028,28693
2,4453232,28616
2,4453232,28622
2,4453232,28646
2,4453232,28652
2,4453232,28653
2,4453232,28662
2,4453232,28664
2,4454373,27808
2,4454373,27814
2,4454373,27821
2,4454373,27860
2,4454373,27865
2,4455071,27847
2,4455071,27872
2,4455071,27924
2,4455071,27957
2,4455071,27967
2,4456243,28332
2,4456243,28392
2,4456243,28399
2,4456243,28434
2,4457580,28404
2,4457580,28420
2,4457580,28452
2,4457580,28462
2,4457580,28479
2,4458155,28701
2,4458155,28704
2,4458155,28709
2,4458155,28715
2,4458155,28728
2,4458155,28748
2,4458155,28759
2,4458155,28770
2,4458155,28776
2,4458194,28641
2,4458194,28647
2,4458601,28611
2,4458601,28661
2,4458740,27974
2,4458740,27976
2,4459410,28520
2,4459410,28524
2,4459410,28553
2,4459410,28575
2,4459410,28577
2,4459410,28579
2,4459410,28581
2,4459410,28582
2,4459410,28589
2,4459547,27212
2,4459547,27291
2,4459547,27305
2,4459547,27311
2,4459547,27314
2,4459547,27315
2,4459575,28682
2,4460324,27207
2,4460324,27208
2,4460324,27213
2,4460324,27228
2,4460324,27252
2,4460324,27256
2,4460366,28781
2,4460366,28903
2,4460366,28905
2,4460702,27980
2,4460927,28902
2,4460927,28909
2,4461030,28020
2,4461030,28038
2,4461030,28089
2,4461030,28114
2,4461030,28169
2,4461503,28430
2,4461503,28432
2,4461503,28436
2,4461503,28438
2,4461503,28442
2,4461503,28455
2,4462398,28519
2,4462398,28523
2,4462398,28526
2,4462398,28527
2,4462398,28533
2,4462716,28308
2,4462716,28331
2,4462716,28342
2,4462716,28344
2,4462716,28356
2,4462764,27916
2,4462764,27917
2,4462764,27923
2,4462764,27927
2,4462764,27939
2,4462764,27941
2,4462764,27947
2,4462764,27950
2,4462764,27956
2,4462764,27964
2,4462764,27965
2,4462764,27966
2,4462764,27973
2,4462997,27936
2,4462997,27968
2,4462997,27972
2,4462997,27978
2,4462997,27982
2,4463056,27299
2,4464351,28464
2,4464351,28508
2,4464351,28521
2,4464374,27503
2,4464909,27801
2,4464909,27802
2,4464909,27809
2,4464909,27819
2,4464909,27852
2,4464909,27881
2,4466900,27009
2,4466900,27010
2,4466900,27040
2,4467141,27508
2,4467717,28006
2,4467717,28101
2,4467741,27926
2,4467741,27935
2,4467741,27937
2,4467741,27946
2,4467741,27969
2,4467741,27979
2,4468538,28733
2,4468623,27507
2,4468623,27527
2,4468623,27528
2,4468623,27574
2,4468623,27581
2,4468623,27582
2,4469093,27888
2,4469093,28538
2,4469393,27214
2,4469393,27233
2,4469393,27235
2,4469393,27283
2,4469393,27301
2,4469619,27843
2,4469619,27887
2,4470002,27543
2,4470002,28368
2,4470576,28710
2,4470576,28735
2,4470576,28760
2,4470576,28784
2,4470576,28790
2,4470729,27818
2,4470729,27922
2,4470729,27942
2,4472505,27824
2,4472505,27826
2,4472505,27875
2,4472769,28010
2,4472769,28123
2,4472769,28660
2,4472769,28688
2,4472769,28689
2,4472769,28699
2,4473029,28707
2,4473029,28717
2,4473029,28725
2,4473029,28736
2,4473029,28783
2,4473029,28788
2,4473029,28789
2,4473631,27555
2,4473631,27557
2,4473713,28522
2,4473713,28573
2,4475520,27237
2,4475520,28355
2,4475647,28525
2,4475969,28033
2,4475969,28168
2,4477724,28763
2,4477724,28775
2,4478142,27825
2,4478142,27840
2,4478142,27841
2,4478142,27846
2,4478142,27857
2,4478142,27861
2,4478581,28737
2,4478581,28749
2,4478581,28761
2,4478884,28036
2,4478884,28126
2,4478884,28130
2,4479817,28765
2,4479988,27247
2,4480053,27242
2,4480053,27259
2,4480053,27281
2,4480053,27376
2,4480053,28326
2,4480053,28350
2,4481511,27816
2,4482584,27842
2,4482584,27853
2,4482584,27862
2,4482584,27866
2,4482584,27867
2,4482584,27877
2,4483494,28539
2,4483494,28542
2,4483494,28543
2,4483494,28544
2,4483494,28545
2,4483494,28547
2,4483525,27231
2,4483897,28537
2,4483897,28552
2,4483897,28556
2,4483897,28583
2,4483897,28587
2,4484498,28421
2,4484498,28435
2,4484498,28454
2,4484498,28478
2,4484605,27919
2,4484671,27343
2,4484671,27541
2,4484671,27583
2,4485631,27811
2,4485631,27827
2,4485631,27829
2,4485631,27837
2,4485631,27879
2,4485631,27884
2,4486072,28750
2,4486072,28756
2,4487127,27230
2,4487127,27341
2,4487127,27350
2,4487127,27355
2,4487947,28363
2,4487947,28367
2,4488351,28271
2,4488351,28319
2,4488351,28357
2,4488351,28362
2,4488351,28369
2,4488351,28371
2,4488351,28375
2,4488351,28378
2,4488351,28386
2,4488575,27326
2,4489163,27054
2,4489163,28071
2,4489163,28125
2,4489357,28018
2,4489357,28074
2,4489357,28076
2,4489357,28167
2,4489357,28720
2,4490053,28318
2,4490053,28385
2,4490053,28393
2,4490053,28444
2,4490053,28447
2,4493539,27022
2,4493539,27042
2,4493539,27046
2,4494132,27007
2,4494132,27024
2,4494132,27047
2,4494132,27053
2,4494132,28676
2,4494189,28702
2,4495544,28708
2,4495544,28718
2,4495544,28747
2,4495544,28766
2,4495544,28768
2,4495544,28774
2,4496539,27544
2,4496539,27553
2,4496539,27556
2,4496539,27584
2,4497286,27526
2,4497286,27562
2,4497286,27592
2,4497598,27551
2,4497598,27570
2,4497598,27586
2,4497598,27594
2,4497673,27928
2,4497707,28618
2,4497707,28679
2,4497707,28691
2,4497707,28692
2,4497707,28698
2,4497859,28333
2,4497859,28578
2,4499127,28606
2,4499127,28624
2,4499127,28649
2,4499127,28665
2,4499127,28669
2,4499127,28670
2,4499127,28683
2,4499127,28685
2,4499428,27873
2,4499428,27880
2,4500134,27020
2,4500160,28740
2,4500160,28755
2,4500561,08213
2,4500561,08220
2,4500561,08231
2,4500561,08234
2,4500561,08317
2,4500561,08326
2,4500561,08340
2,4500561,08341
2,4500561,08342
2,4500561,08346
2,4500561,08350
2,4500994,08011
2,4500994,08019
2,4500994,08036
2,4500994,08041
2,4500994,08042
2,4500994,08055
2,4500994,08057
2,4500994,08064
2,4500994,08073
2,4500994,08075
2,4500994,08224
2,4500994,08511
2,4500994,08515
2,4500994,08640
2,4500994,08641
2,4501019,08018
2,4501019,08043
2,4501019,08089
2,4501019,08091
2,4501019,08095
2,4501053,08212
2,4501053,08214
2,4501053,08218
2,4501053,08219
2,4501053,08223
2,4501053,08230
2,4501053,08245
2,4501053,08246
2,4501053,08248
2,4501053,08250
2,4501427,08313
2,4501427,08314
2,4501427,08315
2,4501427,08316
2,4501427,08321
2,4501427,08323
2,4501427,08324
2,4501427,08327
2,4501427,08329
2,4501427,08345
2,4501427,08348
2,4501944,08014
2,4501944,08020
2,4501944,08025
2,4501944,08032
2,4501944,08039
2,4501944,08051
2,4501944,08056
2,4501944,08061
2,4501944,08086
2,4501944,08096
2,4501944,08322
2,4501944,08328
2,4501944,08343
2,4503355,08092
2,4503355,08527
2,4503355,08734
2,4503355,08738
2,4503355,08739
2,4503355,08759
2,4503949,08023
2,4503949,08038
2,4503949,08347
2,4505006,45105
2,4505006,45616
2,4505006,45618
2,4505006,45650
2,4505546,45711
2,4505546,45717
2,4505546,45723
2,4505546,45735
2,4505546,45739
2,4505546,45740
2,4505546,45761
2,4505546,45766
2,4505546,45776
2,4505546,45777
2,4505546,45778
2,4505546,45782
2,4507215,45115
2,4507215,45118
2,4507215,45119
2,4507215,45131
2,4507215,45275
2,4507568,45003
2,4507568,45004
2,4507568,45053
2,4507568,45055
2,4507568,45063
2,4507568,45064
2,4507568,45069
2,4507568,45071
2,4508810,43010
2,4508810,45319
2,4508810,45341
2,4508810,45349
2,4508810,45369
2,4508810,45372
2,4508924,45112
2,4508924,45140
2,4508924,45147
2,4508924,45153
2,4508924,45156
2,4508924,45158
2,4508924,45245
2,4508988,45114
2,4508988,45146
2,4508988,45148
2,4508988,45164
2,4508988,45166
2,4511295,43110
2,4511295,43150
2,4511295,43155
2,4511521,43142
2,4512214,43002
2,4512214,43004
2,4512214,43109
2,4512214,43119
2,4512214,43126
2,4512214,43194
2,4512438,45614
2,4512438,45620
2,4512438,45623
2,4512438,45643
2,4512438,45658
2,4512438,45685
2,4512438,45686
2,4513280,45301
2,4513280,45307
2,4513280,45316
2,4513280,45370
2,4513280,45431
2,4513280,45433
2,4513583,45051
2,4513583,45111
2,4514204,45132
2,4514204,45155
2,4514204,45172
2,4514358,43111
2,4514358,43127
2,4514358,43144
2,4514358,43149
2,4514358,43152
2,4514358,43158
2,4515328,45621
2,4516351,45645
2,4516351,45659
2,4516351,45675
2,4516351,45678
2,4516351,45688
2,4516351,45696
2,4517365,43151
2,4517365,43153
2,4518038,45720
2,4518038,45741
2,4518038,45743
2,4518038,45770
2,4518038,45772
2,4518038,45775
2,4518038,45783
2,4518563,43716
2,4518563,43747
2,4518563,43752
2,4518563,43754
2,4518563,43757
2,4518563,43786
2,4518563,43914
2,4518563,43915
2,4518563,43931
2,4518563,45734
2,4518677,43728
2,4518677,43787
2,4519300,43720
2,4519300,43727
2,4519300,43735
2,4519300,43738
2,4519300,43746
2,4519300,43767
2,4519300,43791
2,4519300,43802
2,4519300,43830
2,4519300,43842
2,4519808,43711
2,4519808,43717
2,4519808,43779
2,4519808,43788
2,4519808,45727
2,4521093,43739
2,4521093,43760
2,4521093,43761
2,4521196,43117
2,4521196,43137
2,4521196,43146
2,4521196,43156
2,4521245,45613
2,4521245,45624
2,4521245,45642
2,4521245,45646
2,4521245,45683
2,4521245,45687
2,4521907,45070
2,4521907,45321
2,4521907,45378
2,4521907,45382
2,4522889,43101
2,4522889,43115
2,4522889,45617
2,4522889,45633
2,4522889,45647
2,4522889,45673
2,4522889,45681
2,4524221,45630
2,4524221,45636
2,4524221,45652
2,4524221,45657
2,4524221,45671
2,4524221,45677
2,4524221,45684
2,4527250,45622
2,4527250,45651
2,4527250,45654
2,4527250,45672
2,4527250,45695
2,4527250,45698
2,4527624,45054
2,4527624,45162
2,4527654,45712
2,4527654,45713
2,4527654,45721
2,4527654,45724
2,4527654,45729
2,4527654,45742
2,4527654,45745
2,4527654,45746
2,4527654,45784
2,4527654,45786
2,4527654,45787
2,4527654,45788
2,4527654,45789
2,4529106,74457
2,4529106,74931
2,4529106,74964
2,4529227,73716
2,4529227,73719
2,4529227,73722
2,4529227,73726
2,4529227,73739
2,4529227,73749
2,4529605,74533
2,4529605,74540
2,4529605,74555
2,4529605,74569
2,4530237,73627
2,4530237,73668
2,4530876,73043
2,4530876,73744
2,4530876,73755
2,4530876,73770
2,4531565,73449
2,4531565,74721
2,4531565,74723
2,4531565,74741
2,4531565,74747
2,4531565,74748
2,4531565,74753
2,4531901,73001
2,4531901,73017
2,4531901,73033
2,4531901,73042
2,4531901,73048
2,4531901,73053
2,4532136,73022
2,4532398,73435
2,4532398,73436
2,4532398,73437
2,4532398,73481
2,4532398,73487
2,4532398,73488
2,4532932,74427
2,4532932,74444
2,4533135,74735
2,4533135,74738
2,4533135,74756
2,4533135,74759
2,4533135,74760
2,4533135,74761
2,4533690,73139
2,4533690,73160
2,4533690,73165
2,4533690,73170
2,4533690,73173
2,4533759,74534
2,4533759,74535
2,4533759,74556
2,4533759,74572
2,4533932,73503
2,4533932,73528
2,4533932,73540
2,4533932,73552
2,4533932,73557
2,4533932,73558
2,4534159,73531
2,4534159,73562
2,4534416,74332
2,4534416,74333
2,4534444,74028
2,4534444,74046
2,4534444,74068
2,4534444,74071
2,4534444,74131
2,4534674,73625
2,4534674,73639
2,4534948,74342
2,4534948,74359
2,4534948,74368
2,4535054,73646
2,4535054,73654
2,4535054,73658
2,4535054,73659
2,4535054,73835
2,4535845,73840
2,4535845,73843
2,4537472,73720
2,4537472,73727
2,4537472,73733
2,4537472,73735
2,4537472,73736
2,4537472,73743
2,4537472,73753
2,4537472,74640
2,4537513,73444
2,4537854,73004
2,4537854,73011
2,4537854,73079
2,4537914,73758
2,4537914,73761
2,4537914,73771
2,4537914,74636
2,4537914,74643
2,4538074,73673
2,4538322,73544
2,4538322,73571
2,4538342,73851
2,4538342,73855
2,4538431,74440
2,4538431,74472
2,4538431,74552
2,4538431,74943
2,4539140,74531
2,4539140,74570
2,4539140,74827
2,4539140,74839
2,4539140,74850
2,4539499,73523
2,4539499,73532
2,4539499,73537
2,4539499,73539
2,4539499,73549
2,4539499,73556
2,4539571,73520
2,4539571,73548
2,4539571,73561
2,4539571,73569
2,4539716,73432
2,4539716,73450
2,4539716,73461
2,4539716,74530
2,4539716,74836
2,4539716,74856
2,4540074,74632
2,4540074,74641
2,4540074,74646
2,4540316,73734
2,4540316,73756
2,4540316,73762
2,4540316,73764
2,4540342,73041
2,4540342,73559
2,4540342,73564
2,4540342,73655
2,4540696,74545
2,4540696,74559
2,4540759,74549
2,4540759,74577
2,4540759,74930
2,4540759,74932
2,4540759,74935
2,4540759,74939
2,4540759,74942
2,4540759,74947
2,4540759,74949
2,4541067,74824
2,4541067,74869
2,4541599,73027
2,4541599,73056
2,4541599,73058
2,4541599,73063
2,4541599,73073
2,4541812,73430
2,4541812,73441
2,4541812,73453
2,4541812,73459
2,4542080,73718
2,4542080,73729
2,4542080,73747
2,4542080,73760
2,4542080,73838
2,4542194,73440
2,4542291,74340
2,4542291,74349
2,4542291,74364
2,4542291,74366
2,4542291,74367
2,4542393,74831
2,4542417,74722
2,4542417,74724
2,4542417,74736
2,4542417,74737
2,4542417,74740
2,4542417,74750
2,4542417,74752
2,4542417,74754
2,4542417,74755
2,4542417,74957
2,4542417,74963
2,4542456,74438
2,4542456,74459
2,4542456,74461
2,4542456,74845
2,4543314,73032
2,4543342,74422
2,4543342,74423
2,4543342,74428
2,4543342,74439
2,4543342,74450
2,4543342,74463
2,4543342,74468
2,4543736,73757
2,4543736,74644
2,4543736,74651
2,4544026,74027
2,4544026,74042
2,4544026,74072
2,4544026,74083
2,4544284,74833
2,4544284,74860
2,4544356,73007
2,4544356,73039
2,4544356,73097
2,4544356,74857
2,4544386,74456
2,4547304,74001
2,4547304,74054
2,4547304,74060
2,4547304,74084
2,4547304,74127
2,4547304,74633
2,4547304,74652
2,4547357,74335
2,4547357,74358
2,4547357,74360
2,4547357,74370
2,4547688,74034
2,4547688,74038
2,4547688,74045
2,4547688,74081
2,4547688,74650
2,4547701,74062
2,4548102,74425
2,4548102,74430
2,4548102,74442
2,4548102,74522
2,4548102,74528
2,4548102,74529
2,4548102,74560
2,4548102,74576
2,4548292,74842
2,4548292,74843
2,4548292,74844
2,4548292,74871
2,4548371,74826
2,4548371,74852
2,4548371,74854
2,4548371,74866
2,4548371,74878
2,4548586,74521
2,4548586,74543
2,4548586,74557
2,4548586,74558
2,4548586,74562
2,4548586,74567
2,4548586,74574
2,4549635,73638
2,4549635,73642
2,4549635,73660
2,4549635,73666
2,4549638,74031
2,4549638,74080
2,4551046,74830
2,4551046,74837
2,4551046,74867
2,4551067,74936
2,4551067,74945
2,4551067,74946
2,4552182,73425
2,4552182,73434
2,4552182,73442
2,4553073,73530
2,4553073,73551
2,4553073,73553
2,4553073,73555
2,4553440,74043
2,4554551,74014
2,4554551,74019
2,4554551,74458
2,4554708,74051
2,4554708,74082
2,4554753,73021
2,4554753,73622
2,4554753,73647
2,4554753,73661
2,4556038,73731
2,4556038,73746
2,4556038,73842
2,4556051,73841
2,4556051,73853
2,4556051,73857
2,4556228,17304
2,4556228,17310
2,4556228,17324
2,4556228,17337
2,4556228,17343
2,4556228,17344
2,4556228,17353
2,4556228,17375
2,4568959,29638
2,4568959,29659
2,4569073,29137
2,4569073,29816
2,4569073,29839
2,4569073,29842
2,4569073,29850
2,4569073,29856
2,4569210,29836
2,4569210,29846
2,4569210,29849
2,4569313,29656
2,4569313,29669
2,4569313,29677
2,4569313,29684
2,4569313,29689
2,4569930,29843
2,4570020,29813
2,4570020,29826
2,4570292,29905
2,4570292,29914
2,4570292,29915
2,4570292,29920
2,4570292,29931
2,4570292,29940
2,4570292,29941
2,4570707,29434
2,4570707,29436
2,4570707,29450
2,4570707,29453
2,4570707,29468
2,4570707,29476
2,4570707,29486
2,4570707,29492
2,4573075,29030
2,4574328,29404
2,4574328,29426
2,4574328,29455
2,4574328,29457
2,4574328,29458
2,4574328,29487
2,4574531,29014
2,4574531,29712
2,4574531,29724
2,4574531,29729
2,4574554,29101
2,4574554,29584
2,4574554,29727
2,4574554,29741
2,4574857,29001
2,4574857,29041
2,4574857,29051
2,4574857,29111
2,4574857,29143
2,4575230,29082
2,4575230,29433
2,4575230,29438
2,4575230,29446
2,4575230,29452
2,4575230,29474
2,4575230,29475
2,4575230,29481
2,4575230,29493
2,4575230,29929
2,4576657,29543
2,4576657,29547
2,4576657,29567
2,4576822,29420
2,4576822,29437
2,4576822,29447
2,4576822,29471
2,4577533,29847
2,4578064,29015
2,4578064,29065
2,4578064,29130
2,4578064,29132
2,4578745,29541
2,4579666,29510
2,4579666,29585
2,4580549,29635
2,4580549,29636
2,4580549,29661
2,4580549,29673
2,4580549,29683
2,4580575,29653
2,4580575,29695
2,4580575,29819
2,4580575,29848
2,4580988,29913
2,4580988,29916
2,4580988,29921
2,4580988,29922
2,4580988,29923
2,4580988,29932
2,4580988,29933
2,4580988,29939
2,4582287,29544
2,4582287,29545
2,4582287,29568
2,4582287,29581
2,4583318,29909
2,4583318,29912
2,4583318,29934
2,4583318,29943
2,4583989,29009
2,4583989,29032
2,4583989,29074
2,4583989,29175
2,4584561,29707
2,4584561,29744
2,4584742,29332
2,4584742,29370
2,4584742,29384
2,4584845,29046
2,4584845,29080
2,4585002,29212
2,4585002,29228
2,4586272,29519
2,4586272,29546
2,4586272,29589
2,4586272,29592
2,4586301,29516
2,4586301,29570
2,4586301,29594
2,4586645,29821
2,4586645,29835
2,4586645,29838
2,4586645,29840
2,4586645,29844
2,4586645,29845
2,4586645,29899
2,4589213,29037
2,4589213,29075
2,4589213,29122
2,4589213,29126
2,4589213,29145
2,4589213,29355
2,4589892,29658
2,4589892,29664
2,4589892,29665
2,4589892,29675
2,4589892,29676
2,4589892,29686
2,4589892,29696
2,4590186,29038
2,4590186,29039
2,4590186,29048
2,4590186,29107
2,4590186,29113
2,4590186,29133
2,4590186,29163
2,4590954,29685
2,4592843,29002
2,4592843,29063
2,4592843,29147
2,4592843,29177
2,4594698,29105
2,4594698,29166
2,4597204,29331
2,4597204,29333
2,4597204,29338
2,4597204,29346
2,4597204,29348
2,4597204,29369
2,4597204,29374
2,4597204,29378
2,4597204,29386
2,4597954,29062
2,4597954,29128
2,4597954,29152
2,4599283,29031
2,4599283,29364
2,4601150,29056
2,4601150,29518
2,4601150,29554
2,4601150,29564
2,4601150,29580
2,4601150,29590
2,4601709,29703
2,4601709,29717
2,4601709,29726
2,4601709,29743
2,4602643,37705
2,4602643,37710
2,4602643,37769
2,4605583,38333
2,4605583,38341
2,4607192,37878
2,4607192,37882
2,4607192,37886
2,4608185,37353
2,4611179,37016
2,4611179,37026
2,4611179,37149
2,4611490,38201
2,4611490,38235
2,4611490,38318
2,4611490,38321
2,4611490,38324
2,4611490,38348
2,4611490,38387
2,4611490,38390
2,4611599,37658
2,4611599,37682
2,4611599,37694
2,4612891,37035
2,4613057,38332
2,4613057,38347
2,4613057,38352
2,4613750,37707
2,4613750,37715
2,4613750,37724
2,4613750,37730
2,4613750,37773
2,4613750,37851
2,4613750,37867
2,4613912,38575
2,4614441,37713
2,4614441,37722
2,4614441,37727
2,4614441,37753
2,4614441,37843
2,4614466,37018
2,4614466,37342
2,4614466,37382
2,4614466,37389
2,4616263,38021
2,4616263,38336
2,4616263,38337
2,4617305,37011
2,4617305,37013
2,4617305,37080
2,4617305,37115
2,4617305,37116
2,4617305,37138
2,4617305,37189
2,4617573,37059
2,4617573,37095
2,4617654,38311
2,4617654,38380
2,4618068,37051
2,4618068,37165
2,4618068,37181
2,4619773,38007
2,4619773,38030
2,4619773,38047
2,4619773,38070
2,4621908,38010
2,4621908,38045
2,4621908,38046
2,4621908,38048
2,4621908,38076
2,4621984,38577
2,4621984,38589
2,4623574,37306
2,4623574,37376
2,4624666,38233
2,4624666,38331
2,4624666,38338
2,4624666,38346
2,4624666,38389
2,4624737,38459
2,4624737,38460
2,4624737,38472
2,4624737,38477
2,4625620,37848
2,4625620,37881
2,4625620,37888
2,4626324,37616
2,4626324,37809
2,4626324,37810
2,4626743,37305
2,4626743,37339
2,4626743,37356
2,4626743,37366
2,4627251,37778
2,4627251,37860
2,4627251,37877
2,4627251,37891
2,4627306,37304
2,4627306,37308
2,4627306,37343
2,4627306,37351
2,4627306,37379
2,4627306,37384
2,4627427,37765
2,4627590,38039
2,4627590,38042
2,4627590,38044
2,4627590,38061
2,4627590,38067
2,4627590,38377
2,4627590,38381
2,4627625,38326
2,4627625,38361
2,4627625,38365
2,4627625,38376
2,4627625,38475
2,4628325,37731
2,4628456,38069
2,4628715,38328
2,4628715,38345
2,4628715,38368
2,4628715,38371
2,4628715,38388
2,4628829,38222
2,4628829,38223
2,4628829,38224
2,4628829,38231
2,4628829,38236
2,4628829,38256
2,4629047,37025
2,4629047,37137
2,4629047,37140
2,4629047,38454
2,4629047,38476
2,4630950,37175
2,4631309,37078
2,4631309,37101
2,4632660,38564
2,4632660,38588
2,4632934,37871
2,4633430,37640
2,4633430,37680
2,4633430,37688
2,4633430,37691
2,4634931,37721
2,4634931,37754
2,4634931,37849
2,4635138,38077
2,4635830,38456
2,4635830,38457
2,4635830,38463
2,4635830,38468
2,4635830,38486
2,4636884,37328
2,4636884,37348
2,4636884,37359
2,4636884,38453
2,4636884,38488
2,4639045,38313
2,4639045,38356
2,4639045,38362
2,4639045,38366
2,4639045,38378
2,4639045,38391
2,4639045,38392
2,4639514,37340
2,4639514,37374
2,4639514,37396
2,4639630,37019
2,4640041,38451
2,4640041,38461
2,4640041,38482
2,4640041,38487
2,4640873,37309
2,4640921,38334
2,4640921,38339
2,4640921,38359
2,4640921,38367
2,4640921,38379
2,4640921,38393
2,4641148,37336
2,4641148,37880
2,4642365,37314
2,4642445,37052
2,4642445,37142
2,4642445,37171
2,4642445,37191
2,4642752,37726
2,4642752,37733
2,4642752,37770
2,4642752,37829
2,4642752,37840
2,4646779,38232
2,4646779,38253
2,4646779,38254
2,4646779,38271
2,4647552,38541
2,4647552,38542
2,4647552,38543
2,4647552,38554
2,4647552,38568
2,4647552,38573
2,4647552,38580
2,4650495,37316
2,4650495,37317
2,4650495,37325
2,4650495,37326
2,4650495,37333
2,4650495,37361
2,4650495,37362
2,4650495,37369
2,4650495,37391
2,4651744,38545
2,4651744,38548
2,4651744,38582
2,4652809,37332
2,4652809,37337
2,4653638,37032
2,4653638,37188
2,4654962,37063
2,4654962,37085
2,4654962,37118
2,4654962,37153
2,4656214,37732
2,4656214,37852
2,4656568,37764
2,4657046,38014
2,4657046,38028
2,4658423,37057
2,4658423,37145
2,4658423,37151
2,4658423,38547
2,4658423,38552
2,4658423,38560
2,4658423,38567
2,4658423,38569
2,4660056,37023
2,4660056,37028
2,4660056,37050
2,4660056,37079
2,4660813,37686
2,4660813,37699
2,4661017,37022
2,4661017,37048
2,4661017,37119
2,4662784,38015
2,4662784,38023
2,4662784,38071
2,4663934,37657
2,4664043,37866
2,4665884,37378
2,4665884,37394
2,4665884,38550
2,4665884,38581
2,4665975,37681
2,4665975,37684
2,4666233,38452
2,4666233,38471
2,4666265,38226
2,4666265,38241
2,4667226,38579
2,4667226,38587
2,4668054,37014
2,4668054,37046
2,4668054,37179
2,4668271,37071
2,4668271,37136
2,4670756,75779
2,4670756,75832
2,4670756,75853
2,4670756,75861
2,4670756,75880
2,4670756,75884
2,4670756,75886
2,4670841,75969
2,4671180,76370
2,4671180,76379
2,4671180,76389
2,4671531,78008
2,4671531,78012
2,4671531,78062
2,4671673,77452
2,4671673,78931
2,4671673,78933
2,4671673,78944
2,4671673,78950
2,4672172,78063
2,4672172,78883
2,4672172,78885
2,4672581,78612
2,4672581,78650
2,4672581,78659
2,4672581,78662
2,4672581,78953
2,4673147,78125
2,4673147,78142
2,4673147,78145
2,4673147,78162
2,4673147,78391
2,4673310,76511
2,4673310,76533
2,4673310,76544
2,4673310,76554
2,4673310,76564
2,4674023,78002
2,4674023,78015
2,4674023,78101
2,4674023,78150
2,4674023,78234
2,4674023,78236
2,4674915,78635
2,4674915,78663
2,4675728,76637
2,4675728,76649
2,4675728,76652
2,4675728,76671
2,4675805,75574
2,4676137,77431
2,4676137,77463
2,4676153,77862
2,4676153,77866
2,4676153,77881
2,4676547,78353
2,4676632,76432
2,4676632,76827
2,4676632,76857
2,4676632,76890
2,4677558,77838
2,4677558,77852
2,4677558,77863
2,4677612,78608
2,4678113,78616
2,4678113,78622
2,4678113,78656
2,4678113,78661
2,4678165,77982
2,4678206,76469
2,4678364,78568
2,4678446,75451
2,4679435,75555
2,4679435,75556
2,4679435,75560
2,4679435,75562
2,4679435,75565
2,4679435,75566
2,4679435,75630
2,4680335,77523
2,4680335,77560
2,4680335,77597
2,4680611,75759
2,4680611,75764
2,4680611,75772
2,4680611,75784
2,4681782,76228
2,4681782,76352
2,4681782,76357
2,4682392,76828
2,4682392,76845
2,4682392,76873
2,4682392,76882
2,4682392,76884
2,4682392,76888
2,4682392,79519
2,4682392,79538
2,4682500,75097
2,4682500,75121
2,4682626,77412
2,4682626,77442
2,4682626,77460
2,4682626,77470
2,4682626,77475
2,4682626,78935
2,4682626,78951
2,4682688,78070
2,4682688,78266
2,4682688,78623
2,4682707,76452
2,4682707,76455
2,4682707,76468
2,4682707,76474
2,4682862,76855
2,4682862,76862
2,4682862,76937
2,4683066,76238
2,4683066,76253
2,4683066,76263
2,4683477,76525
2,4683477,76526
2,4683477,76538
2,4683477,76558
2,4683477,76561
2,4683477,76566
2,4684904,75098
2,4685527,77967
2,4685527,77974
2,4685527,77989
2,4685527,77994
2,4685527,78141
2,4685841,75415
2,4685841,75441
2,4685841,75448
2,4685841,75450
2,4685841,75469
2,4685912,75007
2,4685912,75010
2,4686231,78836
2,4687437,78349
2,4687437,78376
2,4688072,76435
2,4688072,76445
2,4688072,76466
2,4688864,75155
2,4688864,76041
2,4688864,76623
2,4689391,76433
2,4689391,76461
2,4689391,76465
2,4690103,76680
2,4690103,76685
2,4690140,75413
2,4690140,75438
2,4690140,75443
2,4690140,75447
2,4690140,75475
2,4690140,75476
2,4690140,75488
2,4690140,75492
2,4690287,78932
2,4690287,78938
2,4690287,78940
2,4690287,78946
2,4690287,78949
2,4690287,78952
2,4690287,78954
2,4690287,78960
2,4690287,78961
2,4690287,78963
2,4691851,77444
2,4691851,77451
2,4691851,77464
2,4691851,77481
2,4692203,75480
2,4692203,75487
2,4692377,75838
2,4692377,75848
2,4692377,75859
2,4692545,78005
2,4692545,78057
2,4692856,77617
2,4692856,77623
2,4692856,77650
2,4693544,78618
2,4693544,78675
2,4693922,77960
2,4693922,77993
2,4693922,78107
2,4693951,78122
2,4693951,78604
2,4693951,78614
2,4693951,78632
2,4693951,78658
2,4693951,78677
2,4694710,76245
2,4694710,76264
2,4695143,75641
2,4695143,75660
2,4695236,77363
2,4695236,77831
2,4695236,77861
2,4695236,77873
2,4695236,77875
2,4695236,77876
2,4695361,78123
2,4695361,78670
2,4695945,76436
2,4695945,76565
2,4696143,77374
2,4696143,77376
2,4696143,77519
2,4696143,77585
2,4696143,77663
2,4696376,77315
2,4696376,77325
2,4696376,77336
2,4696376,77337
2,4696376,77339
2,4696376,77345
2,4696376,77401
2,4696376,77402
2,4696376,77411
2,4696376,77413
2,4696376,77447
2,4696376,77547
2,4696450,75642
2,4696450,75651
2,4696450,75659
2,4696450,75661
2,4696450,75688
2,4696450,75694
2,4696596,76388
2,4696596,79539
2,4696596,79544
2,4696788,78619
2,4697070,75143
2,4697070,75770
2,4697070,75782
2,4697444,78565
2,4697746,76621
2,4697746,76622
2,4697746,76627
2,4697746,76628
2,4697746,76631
2,4697746,76636
2,4697746,76650
2,4697746,76660
2,4697746,76666
2,4697746,76673
2,4697746,76676
2,4698632,76462
2,4698632,76467
2,4698747,75420
2,4698747,75437
2,4698747,75471
2,4698747,75478
2,4698747,75481
2,4699084,75847
2,4699084,75849
2,4699084,75858
2,4699487,75458
2,4700414,76459
2,4700414,76486
2,4700488,77961
2,4700488,77969
2,4700488,77970
2,4700488,77991
2,4700821,77622
2,4700821,77655
2,4701059,78360
2,4701084,78342
2,4701084,78383
2,4701348,76061
2,4701505,79503
2,4701505,79520
2,4701505,79533
2,4702669,78111
2,4702669,78116
2,4702669,78117
2,4702669,78144
2,4702735,75157
2,4702947,78004
2,4702947,78027
2,4702947,78074
2,4702968,78338
2,4703071,78010
2,4703071,78024
2,4703071,78058
2,4703256,76854
2,4703256,76874
2,4703582,76363
2,4704157,78001
2,4704157,78021
2,4705086,75411
2,4705086,75421
2,4705086,75425
2,4705086,75434
2,4705086,75468
2,4705086,75470
2,4705086,75486
2,4705179,76824
2,4705575,77986
2,4705575,77987
2,4705575,77995
2,4705758,77853
2,4705758,78948
2,4705899,75850
2,4705899,77850
2,4705899,77855
2,4705899,77865
2,4706143,77368
2,4706143,77369
2,4706143,77538
2,4706143,77582
2,4706335,76653
2,4706335,76678
2,4706335,76686
2,4707076,78060
2,4707076,78075
2,4707076,78350
2,4707196,76831
2,4707196,76885
2,4707196,78607
2,4707196,78672
2,4708691,75852
2,4708691,77872
2,4709165,75564
2,4709509,76820
2,4709509,76842
2,4709509,76869
2,4709580,77415
2,4709580,77428
2,4709580,77440
2,4709580,77458
2,4709580,77468
2,4709580,77483
2,4709977,76836
2,4709977,76852
2,4709977,76858
2,4709977,76872
2,4709977,76887
2,4710229,76524
2,4710229,76624
2,4710229,76630
2,4710229,76633
2,4710229,76640
2,4710229,76654
2,4710229,76657
2,4710229,76684
2,4710259,78007
2,4710490,78056
2,4710490,78066
2,4710490,78850
2,4710490,78886
2,4710698,76841
2,4710698,76848
2,4711286,76519
2,4711286,76523
2,4711286,76556
2,4711286,77857
2,4711560,76864
2,4711560,76870
2,4711560,76880
2,4711974,76239
2,4711974,76261
2,4711974,76270
2,4712041,77333
2,4712041,77365
2,4712041,77380
2,4712041,77381
2,4712041,77386
2,4712041,77387
2,4712041,77393
2,4712390,75636
2,4713738,75788
2,4713738,75937
2,4713738,75943
2,4713738,75944
2,4713738,75958
2,4713738,75978
2,4713849,75102
2,4713849,75105
2,4713849,75153
2,4713849,76679
2,4713849,76681
2,4714720,75928
2,4714720,75932
2,4714720,75933
2,4714720,75977
2,4715635,78347
2,4716826,77639
2,4717377,76453
2,4717377,76463
2,4717377,76472
2,4717434,75637
2,4717434,75639
2,4717434,75643
2,4717434,75669
2,4717434,75685
2,4717644,76066
2,4717644,76098
2,4717644,76439
2,4717644,76485
2,4717644,76487
2,4717644,76490
2,4719903,75934
2,4719903,75960
2,4719903,77326
2,4719903,77332
2,4719903,77335
2,4719903,77350
2,4721307,75410
2,4721747,78879
2,4721949,75412
2,4721949,75550
2,4721949,75554
2,4722147,77950
2,4722147,77990
2,4722147,78340
2,4723147,77867
2,4723147,77870
2,4723147,77882
2,4724312,76865
2,4724312,76875
2,4724312,79566
2,4724363,75658
2,4724363,75666
2,4724363,75667
2,4724363,75680
2,4724363,75681
2,4724363,75687
2,4724363,75689
2,4724540,75930
2,4724540,75931
2,4726259,75929
2,4726377,77359
2,4726521,78352
2,4726585,76832
2,4726585,76871
2,4727962,76464
2,4728231,75973
2,4729130,75762
2,4732807,76070
2,4732807,76077
2,4734150,78536
2,4734150,78545
2,4734150,78547
2,4734150,78548
2,4734150,78585
2,4734150,78588
2,4734150,78591
2,4734326,76429
2,4735638,76127
2,4735729,79508
2,4735729,79530
2,4735729,79541
2,4735729,79561
2,4735729,79607
2,4736742,76491
2,4736982,75558
2,4737316,78617
2,4737316,78645
2,4737316,78651
2,4737316,78669
2,4737562,75834
2,4737562,75856
2,4737562,75865
2,4737562,75926
2,4738216,75936
2,4738216,75942
2,4738216,77616
2,4738216,77624
2,4738216,77660
2,4738689,75640
2,4738723,78838
2,4738723,78884
2,4738915,75127
2,4738915,75754
2,4739167,77973
2,4739167,77976
2,4739167,77988
2,4739690,77334
2,4740157,77426
2,4740157,77835
2,4740157,77880
2,4740399,78344
2,4740399,78369
2,4740399,78371
2,4741328,77432
2,4741328,77436
2,4741328,77443
2,4741328,77448
2,4741328,77453
2,4741328,77454
2,4741328,77467
2,4741751,76311
2,4741751,76369
2,4741797,76364
2,4741797,76373
2,4741797,79247
2,4741939,78574
2,4741939,78598
2,4742143,76573
2,4742143,78615
2,4742143,78673
2,4742143,78674
2,4742143,78717
2,4742143,78729
2,4742425,78143
2,4742425,78161
2,4742676,76073
2,4742676,76246
2,4742676,76267
2,4742850,75444
2,4742850,75497
2,4743474,76460
2,4743474,76481
2,4743577,78564
2,4743865,23302
2,4743865,23308
2,4743865,23336
2,4743865,23337
2,4743865,23341
2,4743865,23345
2,4743865,23356
2,4743865,23357
2,4743865,23358
2,4743865,23359
2,4743865,23389
2,4743865,23396
2,4743865,23399
2,4743865,23401
2,4743865,23404
2,4743865,23407
2,4743865,23409
2,4743865,23410
2,4743865,23412
2,4743865,23415
2,4743865,23416
2,4743865,23420
2,4743865,23422
2,4743865,23423
2,4743865,23426
2,4743865,23427
2,4743865,23441
2,4743865,23442
2,4743865,23480
2,4743865,23488
2,4744031,22901
2,4744031,22909
2,4744031,22911
2,4744031,22924
2,4744031,22931
2,4744031,22936
2,4744031,22940
2,4744031,22943
2,4744031,22946
2,4744031,22947
2,4744031,22959
2,4744031,22987
2,4744031,24562
2,4744139,24448
2,4744139,24457
2,4744308,23083
2,4744308,23105
2,4744328,24533
2,4744328,24574
2,4744328,24595
2,4744616,23939
2,4744616,23958
2,4744616,24593
2,4744725,22211
2,4745015,22843
2,4745015,24411
2,4745015,24421
2,4745015,24432
2,4745015,24437
2,4745015,24459
2,4745015,24463
2,4745015,24476
2,4745015,24479
2,4745015,24485
2,4745776,24412
2,4745776,24460
2,4745776,24487
2,4746270,24095
2,4746270,24101
2,4746270,24104
2,4746270,24121
2,4746270,24174
2,4746270,24178
2,4746270,24526
2,4746270,24536
2,4746270,24556
2,4746270,24570
2,4747931,24314
2,4747931,24318
2,4747931,24366
2,4748452,24019
2,4748452,24050
2,4748452,24085
2,4748452,24130
2,4748452,24175
2,4748452,24438
2,4749396,23821
2,4749396,23843
2,4749396,23845
2,4749396,23856
2,4749396,23857
2,4749396,23873
2,4749396,23876
2,4749396,23887
2,4749396,23889
2,4749396,23893
2,4749396,23920
2,4749535,24239
2,4749535,24603
2,4749535,24620
2,4749535,24624
2,4749535,24627
2,4749535,24628
2,4749535,24631
2,4749535,24634
2,4749535,24639
2,4749535,24646
2,4749535,24647
2,4749535,24656
2,4749535,24657
2,4749535,24658
2,4749657,23004
2,4749657,23123
2,4749657,23936
2,4750738,24513
2,4750738,24550
2,4750738,24554
2,4750738,24569
2,4750738,24571
2,4750738,24576
2,4751013,22446
2,4751013,22501
2,4751013,22514
2,4751013,22535
2,4751013,22538
2,4751013,22546
2,4751013,22552
2,4751013,22580
2,4751058,24325
2,4751058,24328
2,4751058,24351
2,4751058,24352
2,4752002,23147
2,4752025,23934
2,4752025,23959
2,4752025,23962
2,4752025,23963
2,4752025,23964
2,4752025,23967
2,4752025,23976
2,4752255,23120
2,4752255,23234
2,4752255,23235
2,4752255,23236
2,4752255,23237
2,4752255,23297
2,4752978,22646
2,4752978,22663
2,4754544,24131
2,4754972,22713
2,4754972,22714
2,4754972,22718
2,4754972,22724
2,4754972,22726
2,4754972,22729
2,4754972,22733
2,4754972,22735
2,4754972,22736
2,4754972,22737
2,4754972,22741
2,4754992,23027
2,4755865,24217
2,4755865,24220
2,4755865,24226
2,4755865,24256
2,4755865,24269
2,4755865,24272
2,4755865,24607
2,4755976,23822
2,4755976,23830
2,4755976,23833
2,4755976,23840
2,4755976,23850
2,4755976,23872
2,4755976,23885
2,4755976,23894
2,4757844,22436
2,4757844,22437
2,4757844,22438
2,4757844,22454
2,4757844,22476
2,4757844,22504
2,4757844,22509
2,4757844,23115
2,4758041,20124
2,4758041,22032
2,4758041,22033
2,4758041,22034
2,4758041,22035
2,4758041,22036
2,4758041,22037
2,4758041,22041
2,4758041,22042
2,4758041,22043
2,4758041,22044
2,4758041,22067
2,4758041,22101
2,4758041,22102
2,4758041,22103
2,4758041,22106
2,4758041,22107
2,4758041,22108
2,4758041,22109
2,4758041,22303
2,4758041,22306
2,4758041,22307
2,4758041,22308
2,4758041,22309
2,4758041,22310
2,4758041,22312
2,4758041,22315
2,4758541,20119
2,4758541,20128
2,4758541,20130
2,4758541,20137
2,4758541,20138
2,4758541,20139
2,4758541,20140
2,4758541,20144
2,4758541,20184
2,4758541,20185
2,4758541,20198
2,4758541,22639
2,4758541,22643
2,4758541,22720
2,4758541,22728
2,4758541,22739
2,4758541,22742
2,4759449,24072
2,4759449,24079
2,4759449,24105
2,4759449,24380
2,4759468,22974
2,4759468,23022
2,4759468,23055
2,4759468,23084
2,4759996,24065
2,4759996,24067
2,4759996,24092
2,4759996,24102
2,4759996,24146
2,4759996,24184
2,4760052,22602
2,4760052,22603
2,4760052,22622
2,4760052,22624
2,4760052,22625
2,4760052,22637
2,4760052,22654
2,4760052,22656
2,4760832,24086
2,4760832,24093
2,4760832,24128
2,4760832,24150
2,4760832,24167
2,4761164,23001
2,4761164,23003
2,4761164,23018
2,4761164,23050
2,4761164,23061
2,4761164,23072
2,4761164,23107
2,4761164,23131
2,4761164,23154
2,4761164,23155
2,4761164,23178
2,4761164,23183
2,4761164,23184
2,4761164,23190
2,4761280,23014
2,4761280,23038
2,4761280,23039
2,4761280,23065
2,4761280,23067
2,4761280,23102
2,4761280,23103
2,4761280,23129
2,4761280,23153
2,4761280,23160
2,4761913,24292
2,4761913,24326
2,4761913,24330
2,4761913,24363
2,4761913,24378
2,4762187,22935
2,4762187,22965
2,4762246,23879
2,4762757,24520
2,4762757,24534
2,4762757,24539
2,4762757,24577
2,4762757,24589
2,4762757,24597
2,4762757,24598
2,4762929,23651
2,4762988,23015
2,4762988,23047
2,4762988,23059
2,4762988,23146
2,4762988,23162
2,4762988,23192
2,4763688,23075
2,4763688,23226
2,4763688,23227
2,4763688,23228
2,4763688,23229
2,4763688,23230
2,4763688,23231
2,4763688,23233
2,4763688,23238
2,4763688,23242
2,4763688,23250
2,4763688,23255
2,4763688,23288
2,4763688,23289
2,4763688,23294
2,4763710,24054
2,4763710,24165
2,4764100,24413
2,4764100,24433
2,4764100,24442
2,4764100,24458
2,4764100,24468
2,4766205,23304
2,4766205,23315
2,4766205,23424
2,4766205,23898
2,4766447,23081
2,4766447,23127
2,4766447,23168
2,4767772,22451
2,4767772,22481
2,4767772,22526
2,4767772,22544
2,4767772,22547
2,4767790,23009
2,4767790,23106
2,4767793,23023
2,4767793,23091
2,4767793,23108
2,4767793,23110
2,4767793,23126
2,4767793,23148
2,4767793,23156
2,4767793,23161
2,4767793,23177
2,4768515,22480
2,4768515,22507
2,4768515,22513
2,4768515,22517
2,4768515,22523
2,4768515,22528
2,4768515,22576
2,4768515,22578
2,4769028,24218
2,4769028,24221
2,4769028,24248
2,4769028,24265
2,4769028,24282
2,4770746,20101
2,4770746,20102
2,4770746,20103
2,4770746,20104
2,4770746,20105
2,4770746,20129
2,4770746,20131
2,4770746,20135
2,4770746,20152
2,4770746,20160
2,4770746,20189
2,4770746,20197
2,4770746,20598
2,4770767,23024
2,4770767,23117
2,4770767,23170
2,4771000,23938
2,4771000,23941
2,4771240,22709
2,4771240,22711
2,4771240,22719
2,4771240,22722
2,4771240,22723
2,4771240,22725
2,4771240,22730
2,4771240,22731
2,4771240,22732
2,4771240,22738
2,4771240,22743
2,4771240,22748
2,4771240,22948
2,4771240,22989
2,4771421,20111
2,4771421,20112
2,4771421,20113
2,4771977,23021
2,4771977,23025
2,4771977,23035
2,4771977,23045
2,4771977,23056
2,4771977,23064
2,4771977,23068
2,4771977,23076
2,4771977,23119
2,4771977,23125
2,4771977,23128
2,4771977,23130
2,4771977,23138
2,4771977,23163
2,4772586,23915
2,4772586,23968
2,4772586,24529
2,4772586,24580
2,4772915,23031
2,4772915,23032
2,4772915,23070
2,4772915,23071
2,4772915,23079
2,4772915,23092
2,4772915,23169
2,4772915,23175
2,4772915,23176
2,4772915,23180
2,4773711,24023
2,4773711,24111
2,4773711,24138
2,4775610,22920
2,4775610,22938
2,4775610,22964
2,4775610,22967
2,4775610,22969
2,4775610,22976
2,4775610,24464
2,4775610,24553
2,4775610,24581
2,4775610,24599
2,4775834,23011
2,4775834,23089
2,4775834,23140
2,4775834,23141
2,4776037,23604
2,4776500,23307
2,4776500,23313
2,4776500,23316
2,4776500,23354
2,4776500,23398
2,4776500,23405
2,4776500,23408
2,4776500,23413
2,4776500,23419
2,4776500,23429
2,4776500,23443
2,4776500,23482
2,4776500,23486
2,4776564,22432
2,4776564,22435
2,4776564,22456
2,4776564,22511
2,4776564,22530
2,4776564,22539
2,4776564,22579
2,4776629,23922
2,4776629,23955
2,4777457,22433
2,4777457,22508
2,4777457,22542
2,4777457,22567
2,4777457,22923
2,4777457,22957
2,4777457,22972
2,4777756,22650
2,4778096,24053
2,4778096,24076
2,4778096,24082
2,4778096,24120
2,4778096,24177
2,4778096,24185
2,4778642,23806
2,4779336,24069
2,4779336,24139
2,4779336,24161
2,4779336,24530
2,4779336,24549
2,4779336,24565
2,4779336,24566
2,4779336,24586
2,4779336,24594
2,4780362,23942
2,4780362,23954
2,4780362,23960
2,4780362,23966
2,4780374,23842
2,4780384,20143
2,4780384,22134
2,4780384,22135
2,4780581,24058
2,4780581,24126
2,4780581,24129
2,4780581,24132
2,4780581,24324
2,4780581,24347
2,4781039,20106
2,4781039,22627
2,4781039,22640
2,4781039,22716
2,4781039,22740
2,4781039,22746
2,4781039,22749
2,4781725,22460
2,4781725,22472
2,4781725,22548
2,4781725,22570
2,4781756,23273
2,4782181,24018
2,4782181,24020
2,4782181,24059
2,4782181,24070
2,4782181,24087
2,4782531,24415
2,4782531,24435
2,4782531,24439
2,4782531,24472
2,4782531,24473
2,4782531,24483
2,4782531,24578
2,4782531,24579
2,4782579,22802
2,4782579,22811
2,4782579,22820
2,4782579,22830
2,4782579,22831
2,4782579,22832
2,4782579,22833
2,4782579,22834
2,4782579,22840
2,4782579,22841
2,4782579,22846
2,4782579,22848
2,4782579,22850
2,4782579,24471
2,4783267,24225
2,4783267,24280
2,4783267,24649
2,4784660,24244
2,4784660,24245
2,4784660,24250
2,4784660,24258
2,4784660,24271
2,4785252,22626
2,4785252,22652
2,4785252,22660
2,4785252,22845
2,4785252,22847
2,4786352,24316
2,4786735,23828
2,4786735,23829
2,4786735,23844
2,4786735,23866
2,4786735,23874
2,4786735,23878
2,4786949,22407
2,4786949,22408
2,4786949,22412
2,4786949,22534
2,4786949,22565
2,4787248,22403
2,4787248,22405
2,4787248,22406
2,4787248,22430
2,4787248,22463
2,4787248,22471
2,4787248,22545
2,4788160,23453
2,4788433,23839
2,4788433,23846
2,4788433,23881
2,4788433,23899
2,4788448,23867
2,4788448,23882
2,4788448,23897
2,4788970,24377
2,4788970,24601
2,4788970,24602
2,4788970,24604
2,4788970,24606
2,4788970,24608
2,4788970,24612
2,4788970,24613
2,4788970,24619
2,4788970,24622
2,4788970,24630
2,4788970,24635
2,4788970,24637
2,4788970,24640
2,4792238,22610
2,4792238,22642
2,4792238,22649
2,4792315,24270
2,4793032,22442
2,4793032,22469
2,4793032,22488
2,4793032,22524
2,4793032,22529
2,4793032,22558
2,4793032,22577
2,4793032,22581
2,4794277,24215
2,4794277,24246
2,4794827,24312
2,4794827,24313
2,4794827,24322
2,4794827,24323
2,4794827,24374
2,4794943,23090
2,4794943,23694
2,4794943,23696
2,4797875,26238
2,4797875,26349
2,4797875,26405
2,4798686,25413
2,4798686,25420
2,4798686,25421
2,4798686,25427
2,4798686,25440
2,4799815,25009
2,4799815,25021
2,4799815,25024
2,4799815,25028
2,4799815,25049
2,4799815,25051
2,4799815,25081
2,4799815,25093
2,4799815,25108
2,4799815,25114
2,4799815,25142
2,4799815,25148
2,4799815,25149
2,4799815,25154
2,4799815,25165
2,4799815,25169
2,4799815,25181
2,4799815,25193
2,4799815,25203
2,4799815,25204
2,4799815,25205
2,4799815,25206
2,4799815,25208
2,4799815,25209
2,4799815,25529
2,4800020,26335
2,4800020,26615
2,4800020,26619
2,4800020,26621
2,4800020,26623
2,4800020,26627
2,4800020,26629
2,4800020,26631
2,4800996,25545
2,4800996,25559
2,4801086,25234
2,4801086,25235
2,4801086,25261
2,4801086,25268
2,4801086,26136
2,4801086,26137
2,4801086,26151
2,4802346,25019
2,4802346,25030
2,4802346,25063
2,4802346,25088
2,4802346,25111
2,4802346,25113
2,4802346,25125
2,4802346,25133
2,4802346,25141
2,4802346,25164
2,4802346,25211
2,4802346,25285
2,4802346,26617
2,4804155,26339
2,4804155,26411
2,4804155,26436
2,4805678,25002
2,4805678,25036
2,4805678,25040
2,4805678,25057
2,4805678,25090
2,4805678,25115
2,4805678,25118
2,4805678,25119
2,4805678,25136
2,4805678,25139
2,4805678,25152
2,4805678,25173
2,4805678,25185
2,4805678,25831
2,4805678,25833
2,4805678,25837
2,4805678,25846
2,4805678,25854
2,4805678,25862
2,4805678,25864
2,4805678,25866
2,4805678,25868
2,4805678,25879
2,4805678,25904
2,4805678,25907
2,4805678,25917
2,4805678,25936
2,4805678,25938
2,4805678,25942
2,4805678,25976
2,4805678,25986
2,4805678,26680
2,4806966,25267
2,4806966,26342
2,4806966,26384
2,4806966,26430
2,4806966,26443
2,4806966,26611
2,4806966,26636
2,4806966,26638
2,4807365,26707
2,4807365,26720
2,4807365,26731
2,4807365,26739
2,4807365,26833
2,4807365,26855
2,4807600,24916
2,4807600,24925
2,4807600,24931
2,4807600,24938
2,4807600,24943
2,4807600,24957
2,4807600,24966
2,4807600,24977
2,4807600,24991
2,4807600,25958
2,4807600,25972
2,4807600,25981
2,4807996,25431
2,4807996,25437
2,4807996,25444
2,4807996,26711
2,4807996,26714
2,4807996,26722
2,4807996,26755
2,4807996,26761
2,4807996,26763
2,4807996,26808
2,4807996,26817
2,4807996,26823
2,4807996,26852
2,4807996,26865
2,4808124,26801
2,4808124,26810
2,4808124,26812
2,4808124,26818
2,4808124,26838
2,4808124,26845
2,4808124,26851
2,4808274,26361
2,4808274,26366
2,4808274,26385
2,4808274,26404
2,4808274,26408
2,4808274,26422
2,4808274,26438
2,4808274,26448
2,4808274,26463
2,4810022,25231
2,4810022,25239
2,4810022,25241
2,4810022,25244
2,4810022,25245
2,4810022,25248
2,4810022,25252
2,4810022,25262
2,4810022,25264
2,4810022,25275
2,4810162,25410
2,4810162,25423
2,4810162,25425
2,4810162,25430
2,4810162,25432
2,4810162,25441
2,4810162,25446
2,4810630,25025
2,4810630,25026
2,4810630,25035
2,4810630,25054
2,4810630,25061
2,4810630,25075
2,4810630,25079
2,4810630,25083
2,4810630,25102
2,4810630,25103
2,4810630,25107
2,4810630,25110
2,4810630,25112
2,4810630,25126
2,4810630,25132
2,4810630,25134
2,4810630,25160
2,4810630,25201
2,4810630,25214
2,4811999,26321
2,4811999,26338
2,4811999,26343
2,4811999,26372
2,4811999,26376
2,4811999,26378
2,4811999,26412
2,4811999,26447
2,4812303,25501
2,4812303,25506
2,4812303,25521
2,4812303,25540
2,4812303,25544
2,4812303,25557
2,4812303,25564
2,4812303,25565
2,4812303,25567
2,4812303,25572
2,4812303,25573
2,4812863,25022
2,4812863,25047
2,4812863,25076
2,4812863,25121
2,4812863,25183
2,4812863,25505
2,4812863,25547
2,4812863,25607
2,4812863,25612
2,4812863,25614
2,4812863,25617
2,4812863,25624
2,4812863,25630
2,4812863,25632
2,4812863,25637
2,4812863,25639
2,4812863,25644
2,4812863,25646
2,4812863,25652
2,4812863,25653
2,4812863,25654
2,4813754,26560
2,4813754,26563
2,4813754,26566
2,4813754,26570
2,4813754,26571
2,4813754,26572
2,4813754,26578
2,4813754,26585
2,4813754,26586
2,4813754,26587
2,4813754,26591
2,4813820,26036
2,4813820,26038
2,4813820,26039
2,4813820,26055
2,4813934,25106
2,4813934,25123
2,4813934,25187
2,4813934,25247
2,4813934,25253
2,4813934,25287
2,4813934,25502
2,4813934,25503
2,4813934,25520
2,4814188,24808
2,4814188,24811
2,4814188,24813
2,4814188,24815
2,4814188,24816
2,4814188,24817
2,4814188,24826
2,4814188,24828
2,4814188,24829
2,4814188,24830
2,4814188,24831
2,4814188,24843
2,4814188,24844
2,4814188,24846
2,4814188,24848
2,4814188,24850
2,4814188,24853
2,4814188,24855
2,4814188,24861
2,4814188,24862
2,4814188,24866
2,4814188,24868
2,4814188,24871
2,4814188,24872
2,4814188,24873
2,4814188,24878
2,4814188,24879
2,4814188,24881
2,4814188,24884
2,4814188,24887
2,4814188,24888
2,4814188,24894
2,4814188,24895
2,4814465,24714
2,4814465,24715
2,4814465,24724
2,4814465,24729
2,4814465,24731
2,4814465,24732
2,4814465,24733
2,4814465,24736
2,4814465,24738
2,4814465,24747
2,4814465,24751
2,4814465,25820
2,4814465,25841
2,4814465,25922
2,4814465,25971
2,4815060,26710
2,4815060,26717
2,4815060,26743
2,4815072,24851
2,4815072,25608
2,4815072,25621
2,4815072,25650
2,4815072,25651
2,4815072,25665
2,4815072,25666
2,4815072,25671
2,4815072,25672
2,4815072,25674
2,4815072,25676
2,4815072,25678
2,4815072,25685
2,4815072,25686
2,4815072,25688
2,4815072,25690
2,4815072,25691
2,4815072,25696
2,4815207,26521
2,4815207,26531
2,4815207,26541
2,4815207,26543
2,4815207,26544
2,4815207,26546
2,4815207,26590
2,4815213,24918
2,4815213,24941
2,4815213,24945
2,4815213,24951
2,4815213,24974
2,4815213,24976
2,4815213,24984
2,4815213,24985
2,4815213,24993
2,4815321,25422
2,4815321,25434
2,4816620,25059
2,4816620,26202
2,4816620,26610
2,4816620,26656
2,4816620,26660
2,4816620,26662
2,4816620,26667
2,4816620,26671
2,4816620,26675
2,4816620,26676
2,4816620,26678
2,4816620,26679
2,4816620,26684
2,4816620,26690
2,4816620,26691
2,4817892,26802
2,4817892,26804
2,4817892,26814
2,4817892,26815
2,4817892,26866
2,4817892,26884
2,4817892,26886
2,4818700,24915
2,4818700,24920
2,4818700,24924
2,4818700,24927
2,4818700,24934
2,4818700,24944
2,4818700,24946
2,4818700,26209
2,4818700,26264
2,4818700,26291
2,4819019,26374
2,4819019,26410
2,4819019,26444
2,4819019,26519
2,4819019,26520
2,4819019,26524
2,4819019,26525
2,4819019,26705
2,4819019,26716
2,4819197,25082
2,4819197,25124
2,4819197,25168
2,4819197,25560
2,4819197,25569
2,4819310,25007
2,4819310,25008
2,4819310,25044
2,4819310,25048
2,4819310,25060
2,4819310,25062
2,4819310,25140
2,4819310,25174
2,4819310,25180
2,4819310,25825
2,4819310,25836
2,4819310,25839
2,4819310,25843
2,4819310,25844
2,4819310,25849
2,4819310,25851
2,4819310,25853
2,4819310,25857
2,4819310,25860
2,4819310,25865
2,4819310,25873
2,4819310,25878
2,4819310,25902
2,4819310,25908
2,4819310,25911
2,4819310,25915
2,4819310,25919
2,4819310,25920
2,4819310,25932
2,4819310,25989
2,4819366,26224
2,4819366,26230
2,4819366,26254
2,4819366,26257
2,4819366,26259
2,4819366,26263
2,4819366,26267
2,4819366,26268
2,4819366,26270
2,4819366,26273
2,4819366,26276
2,4819366,26278
2,4819366,26282
2,4819366,26283
2,4819366,26285
2,4819366,26293
2,4819366,26294
2,4819366,26296
2,4820055,26148
2,4820055,26161
2,4820055,26178
2,4820055,26325
2,4820055,26327
2,4820055,26337
2,4820055,26346
2,4820055,26421
2,4820200,25005
2,4820200,25243
2,4820200,25251
2,4820200,25259
2,4820200,25266
2,4820200,25270
2,4820200,25286
2,4823985,24935
2,4823985,24962
2,4823985,24981
2,4823985,25966
2,4823985,25969
2,4823985,25977
2,4823985,25978
2,4823985,25979
2,4823985,25985
2,4824403,26347
2,4824403,26424
2,4824403,26435
2,4824403,26440
2,4825147,26269
2,4825147,26271
2,4825147,26289
2,4825407,26146
2,4825407,26320
2,4825407,26434
2,4825733,26210
2,4825733,26215
2,4825733,26218
2,4825733,26219
2,4825733,26228
2,4825733,26229
2,4825733,26234
2,4825733,26236
2,4825733,26237
2,4826596,25511
2,4826596,25512
2,4826596,25517
2,4826596,25534
2,4826596,25562
2,4826596,25669
2,4826596,25699
2,4826596,25709
2,4826636,26203
2,4826636,26208
2,4826636,26217
2,4826636,26222
2,4826636,26266
2,4826636,26298
2,4826911,26159
2,4826911,26162
2,4826911,26167
2,4826911,26348
2,4826911,26377
2,4826911,26437
2,4826911,26561
2,4826911,26562
2,4826911,26575
2,4826911,26581
2,4827540,26138
2,4827540,26141
2,4827540,26152
2,4827540,26160
2,4827706,26133
2,4827706,26142
2,4827706,26169
2,4827706,26180
2,4827706,26184
2,4827881,24716
2,4827881,24719
2,4827881,24726
2,4827881,24818
2,4827881,24822
2,4827881,24823
2,4827881,24827
2,4827881,24834
2,4827881,24839
2,4827881,24845
2,4827881,24847
2,4827881,24849
2,4827881,24857
2,4827881,24859
2,4827881,24867
2,4827881,24869
2,4827881,24880
2,4827881,24882
2,4827881,24898
2,4827881,25810
2,4827881,25811
2,4827881,25826
2,4827881,25845
2,4827881,25848
2,4827881,25870
2,4827881,25875
2,4827881,25876
2,4827881,25913
2,4827881,25916
2,4827881,25928
2,4827881,25943
2,4829092,37360
2,4830868,36006
2,4830868,36008
2,4830868,36749
2,4831207,36511
2,4831207,36550
2,4831207,36559
2,4831207,36562
2,4831207,36574
2,4831207,36578
2,4831207,36579
2,4831351,36048
2,4831820,52203
2,4831820,52204
2,4831820,52220
2,4831820,52236
2,4831820,52251
2,4831820,52308
2,4831820,52325
2,4831820,52334
2,4846344,50837
2,4846344,50858
2,4846362,50839
2,4846362,50857
2,4846362,50859
2,4846643,52140
2,4846643,52146
2,4846643,52160
2,4846643,52170
2,4847063,52549
2,4847063,52555
2,4847063,52574
2,4847063,52581
2,4847063,52593
2,4847063,52594
2,4847428,50042
2,4847428,50110
2,4847428,50117
2,4847428,51543
2,4848237,52229
2,4848237,52257
2,4848237,52313
2,4848237,52354
2,4848699,50623
2,4849058,50031
2,4849058,50040
2,4849058,50152
2,4849058,50223
2,4849288,50631
2,4849288,50666
2,4849598,50607
2,4849598,50650
2,4849598,50671
2,4849598,52210
2,4849598,52329
2,4849689,50565
2,4849689,50576
2,4849689,50592
2,4849689,51033
2,4849935,50605
2,4849935,50608
2,4849935,50611
2,4849935,50649
2,4850031,50538
2,4850031,50551
2,4850031,50552
2,4850031,50561
2,4850031,50586
2,4850031,51453
2,4850488,51430
2,4850488,51436
2,4850488,51440
2,4850488,51444
2,4850488,51451
2,4850488,51452
2,4850488,51459
2,4850488,51463
2,4850583,50274
2,4850583,50843
2,4850583,50853
2,4850583,51544
2,4850583,51552
2,4850676,52721
2,4851093,50433
2,4851093,50457
2,4851093,50464
2,4851093,50467
2,4851093,50477
2,4851093,50479
2,4851249,51014
2,4851249,51029
2,4851249,51037
2,4851249,51049
2,4851249,51061
2,4851303,50603
2,4851303,50645
2,4851303,50661
2,4851303,52154
2,4851832,50275
2,4851866,51047
2,4851866,51333
2,4851866,51340
2,4851866,51341
2,4851866,51343
2,4851866,51357
2,4851866,51366
2,4851902,52042
2,4851902,52044
2,4851902,52047
2,4851902,52048
2,4851902,52066
2,4851902,52072
2,4851902,52077
2,4851902,52156
2,4851902,52157
2,4851902,52158
2,4852032,52254
2,4852032,52701
2,4852032,52727
2,4852032,52729
2,4852032,52731
2,4852032,52750
2,4852032,52757
2,4852032,52771
2,4852032,52774
2,4853012,51432
2,4853012,51439
2,4853012,51441
2,4853012,51448
2,4853012,51460
2,4853012,51465
2,4853012,51467
2,4853012,51520
2,4853012,51528
2,4853335,50038
2,4853335,50039
2,4853335,50066
2,4853335,50146
2,4853335,50167
2,4853465,52552
2,4853465,52560
2,4853465,52584
2,4853590,50065
2,4853590,50067
2,4853590,50103
2,4853590,50108
2,4853590,50262
2,4853590,50264
2,4853709,50654
2,4853709,52035
2,4853709,52036
2,4853709,52038
2,4853709,52050
2,4853709,52223
2,4853709,52330
2,4853838,52638
2,4853838,52650
2,4853838,52660
2,4853961,51363
2,4853961,51364
2,4854534,52032
2,4854534,52039
2,4854534,52053
2,4854534,52056
2,4854534,52065
2,4854534,52073
2,4854534,52078
2,4854534,52079
2,4855587,50531
2,4855587,50578
2,4855587,51365
2,4856473,50606
2,4856473,50655
2,4856473,50664
2,4856473,50681
2,4856473,52147
2,4856473,52164
2,4856473,52166
2,4856473,52169
2,4856473,52171
2,4857314,50435
2,4857314,50471
2,4857314,50620
2,4857314,50653
2,4857648,50041
2,4857648,50227
2,4857648,50420
2,4857648,50427
2,4857648,50431
2,4857648,50452
2,4857648,50633
2,4857806,51639
2,4857806,51645
2,4857806,51648
2,4857806,51649
2,4857806,51650
2,4857806,51654
2,4859214,50050
2,4859214,50059
2,4859214,50064
2,4859214,50217
2,4859214,50235
2,4859441,50609
2,4859441,50642
2,4859441,50657
2,4859441,50673
2,4859502,50026
2,4859502,50029
2,4859502,50048
2,4859502,50128
2,4859502,50164
2,4859502,50250
2,4859502,50277
2,4859624,50034
2,4859624,50132
2,4859624,50231
2,4859624,50246
2,4859624,50271
2,4859678,50430
2,4859678,50432
2,4859678,50439
2,4859678,50449
2,4859678,50484
2,4859771,50043
2,4859771,50102
2,4859771,50206
2,4859771,50258
2,4859771,50259
2,4859771,50269
2,4859771,50672
2,4859901,51545
2,4859901,51550
2,4859901,51556
2,4859901,51557
2,4859901,51563
2,4859901,51564
2,4860353,52630
2,4860353,52642
2,4860353,52644
2,4860353,52647
2,4860353,52649
2,4860353,52652
2,4861232,52134
2,4861232,52155
2,4861232,52163
2,4861343,50519
2,4861343,50520
2,4861343,50541
2,4861343,50545
2,4861343,50558
2,4861343,50570
2,4861343,50577
2,4861343,50582
2,4861343,50591
2,4861459,51020
2,4861459,51431
2,4862320,52030
2,4862320,52054
2,4862320,52064
2,4862320,52071
2,4862320,52074
2,4862320,52075
2,4862320,52207
2,4862320,52309
2,4862456,50127
2,4862456,50137
2,4862456,50153
2,4862456,50168
2,4862456,50232
2,4862494,52567
2,4862494,52580
2,4862494,52635
2,4862800,52212
2,4862800,52252
2,4862800,52305
2,4862800,52312
2,4862800,52321
2,4862800,52323
2,4863357,50104
2,4863357,50136
2,4863357,50255
2,4863357,52231
2,4863357,52335
2,4863357,52355
2,4863357,52550
2,4863357,52562
2,4863357,52568
2,4863357,52576
2,4863753,50451
2,4863753,50480
2,4863753,50483
2,4863753,50539
2,4863753,50556
2,4863753,50559
2,4863753,50560
2,4863753,50598
2,4864395,52619
2,4864395,52624
2,4864395,52631
2,4864395,52648
2,4864395,52657
2,4864395,52658
2,4864924,52219
2,4864924,52341
2,4864924,52344
2,4865506,52646
2,4865506,52737
2,4865506,52754
2,4865617,50068
2,4865617,50151
2,4865617,50272
2,4865744,51230
2,4865744,51242
2,4865744,51243
2,4865839,50033
2,4865839,50155
2,4865839,50218
2,4865839,50222
2,4865839,50257
2,4865894,50027
2,4865894,50143
2,4865894,52534
2,4865894,52543
2,4865894,52586
2,4865894,52595
2,4866274,50044
2,4866274,50057
2,4866274,50062
2,4866274,50116
2,4866274,50119
2,4866274,50163
2,4866274,50214
2,4866274,50252
2,4866274,50256
2,4866360,50005
2,4866360,50051
2,4866360,50078
2,4866360,50120
2,4866360,50141
2,4866360,50148
2,4866360,50234
2,4866360,50239
2,4867477,51533
2,4867477,51540
2,4867477,51541
2,4867477,51554
2,4867477,51561
2,4867477,51571
2,4867612,50426
2,4867612,50454
2,4867612,50455
2,4867612,50460
2,4867612,50476
2,4867612,50481
2,4867704,51010
2,4867704,51051
2,4867704,51060
2,4867704,51523
2,4867704,51558
2,4867704,51572
2,4867729,52569
2,4867788,50847
2,4867788,51532
2,4868410,52720
2,4868410,52739
2,4868410,52759
2,4868410,52760
2,4868410,52766
2,4868410,52769
2,4869475,51009
2,4869475,51231
2,4870217,51232
2,4870217,51345
2,4870217,51350
2,4870217,51354
2,4870567,51630
2,4870567,51631
2,4870567,51636
2,4870567,51637
2,4870567,51647
2,4870567,51651
2,4870567,51656
2,4870630,50515
2,4870630,50527
2,4870630,50528
2,4870630,50562
2,4870630,50597
2,4871708,51008
2,4871708,51045
2,4871708,51062
2,4871736,50546
2,4871736,50571
2,4871736,50573
2,4871736,50593
2,4871782,50007
2,4871782,50032
2,4871782,50243
2,4871894,51536
2,4871894,51542
2,4871894,51548
2,4871894,51549
2,4871894,51570
2,4871894,51593
2,4871919,50157
2,4871919,50242
2,4871919,52221
2,4871919,52222
2,4871919,52232
2,4873016,50074
2,4873016,50133
2,4873016,50835
2,4873016,50845
2,4873016,50860
2,4873016,50863
2,4873899,50567
2,4873899,51433
2,4875785,52745
2,4875785,52746
2,4875785,52758
2,4875785,52765
2,4875785,52767
2,4876117,51446
2,4876117,51447
2,4876117,51527
2,4876117,51530
2,4876117,51562
2,4876117,51565
2,4876117,51578
2,4876545,51011
2,4876545,51022
2,4876545,51036
2,4876545,51244
2,4877685,50055
2,4877685,50134
2,4877685,50154
2,4878233,50173
2,4878233,50612
2,4878233,50652
2,4878233,52215
2,4878233,52217
2,4878233,52225
2,4878233,52348
2,4878273,50836
2,4878273,50840
2,4878273,50848
2,4878273,50862
2,4878273,51646
2,4879340,50149
2,4879340,50254
2,4879340,50831
2,4879340,50842
2,4879340,50861
2,4879999,52535
2,4879999,52542
2,4879999,52551
2,4879999,52570
2,4879999,52573
2,4879999,52588
2,4879999,52620
2,4879999,52651
2,4880625,52536
2,4880625,52548
2,4880625,52566
2,4880695,50001
2,4880695,50061
2,4880695,50139
2,4880695,50145
2,4880695,50160
2,4880695,50210
2,4880695,50229
2,4880695,50241
2,4880748,52359
2,4880748,52621
2,4881059,50008
2,4881059,50052
2,4881059,50123
2,4881059,50147
2,4881059,50165
2,4881059,52583
2,4881109,50518
2,4881109,50521
2,4881109,50523
2,4881109,50524
2,4881109,50532
2,4881109,50544
2,4881109,50557
2,4881109,50566
2,4881109,50594
2,4882231,50453
2,4882231,50465
2,4882231,50473
2,4882231,50478
2,4882242,52133
2,4882242,52144
2,4882242,52149
2,4882242,52165
2,4882242,52168
2,4882396,51007
2,4882396,51015
2,4882396,51018
2,4882396,51019
2,4882396,51026
2,4882396,51044
2,4882396,51048
2,4882396,51052
2,4882396,51056
2,4882529,50101
2,4882529,50470
2,4882529,50599
2,4882561,50434
2,4882561,50440
2,4882561,50444
2,4882561,50446
2,4882561,50448
2,4885392,61011
2,4885392,61038
2,4885994,61312
2,4885994,61315
2,4885994,61317
2,4885994,61323
2,4885994,61328
2,4885994,61337
2,4885994,61338
2,4885994,61344
2,4885994,61345
2,4885994,61346
2,4885994,61349
2,4885994,61359
2,4885994,61374
2,4887163,60949
2,4887163,61815
2,4887163,61816
2,4887163,61840
2,4887163,61845
2,4887163,61851
2,4887163,61852
2,4887163,61862
2,4887163,61871
2,4887163,61872
2,4887163,61875
2,4888671,60082
2,4888671,60141
2,4888671,60501
2,4889548,61735
2,4889548,61749
2,4889548,61750
2,4889548,61778
2,4889548,61882
2,4889554,60111
2,4889554,60129
2,4890213,60133
2,4890213,60439
2,4890213,60504
2,4890213,60519
2,4890213,60569
2,4890213,60572
2,4890213,60598
2,4890213,60599
2,4892729,60919
2,4892729,60933
2,4892729,60946
2,4892729,60952
2,4892729,60962
2,4892729,61773
2,4893313,61431
2,4893313,61432
2,4893313,61433
2,4893313,61441
2,4893313,61459
2,4893313,61477
2,4893313,61482
2,4893313,61519
2,4893313,61524
2,4893313,61543
2,4893313,61544
2,4893313,61553
2,4894828,60437
2,4894828,60479
2,4895035,62313
2,4895035,62316
2,4895035,62329
2,4895035,62334
2,4895035,62336
2,4895035,62358
2,4895035,62367
2,4895035,62373
2,4895035,62380
2,4895552,61418
2,4895552,61425
2,4895552,61437
2,4895552,61454
2,4895552,61460
2,4895552,61471
2,4895598,61258
2,4895598,61262
2,4895598,61274
2,4895598,61419
2,4895598,61468
2,4897521,60912
2,4897521,60922
2,4897521,60926
2,4897521,60931
2,4897521,60939
2,4897521,60945
2,4897521,60948
2,4897521,60951
2,4897521,60956
2,4897521,60967
2,4897521,60968
2,4897521,60973
2,4897521,60974
2,4897897,61001
2,4897897,61059
2,4897897,61075
2,4898166,60118
2,4898166,60144
2,4898166,60147
2,4898166,60174
2,4898166,60175
2,4898166,60539
2,4898188,60913
2,4898188,60917
2,4898188,60958
2,4898188,60961
2,4898188,60969
2,4898342,60512
2,4898342,60536
2,4898342,60538
2,4898722,61428
2,4898722,61436
2,4898722,61439
2,4898722,61458
2,4898722,61472
2,4898722,61474
2,4898722,61485
2,4898878,60470
2,4898878,60549
2,4898878,60557
2,4898878,61316
2,4898878,61321
2,4898878,61332
2,4898878,61334
2,4898878,61358
2,4898878,61371
2,4898878,61372
2,4898998,60010
2,4898998,60011
2,4898998,60037
2,4898998,60041
2,4898998,60075
2,4898998,60088
2,4898998,60089
2,4899519,60530
2,4899519,60553
2,4899519,61042
2,4899519,61057
2,4899519,61318
2,4899519,61324
2,4899519,61331
2,4899519,61367
2,4899519,61378
2,4900233,60920
2,4900233,60934
2,4900233,61311
2,4900233,61313
2,4900233,61319
2,4900233,61333
2,4900233,61743
2,4900233,61769
2,4900233,61775
2,4900338,61751
2,4900338,62512
2,4900338,62518
2,4900338,62519
2,4900338,62541
2,4900338,62543
2,4900338,62634
2,4900338,62635
2,4900338,62643
2,4900338,62666
2,4900338,62671
2,4901299,61375
2,4901299,61424
2,4901299,61541
2,4901299,61565
2,4901299,61570
2,4901395,61532
2,4901395,61567
2,4901395,62617
2,4901395,62633
2,4901395,62655
2,4901622,61411
2,4901622,61416
2,4901622,61438
2,4901622,61440
2,4901622,61470
2,4901622,61475
2,4901622,62374
2,4901666,60001
2,4901730,61720
2,4901730,61722
2,4901730,61724
2,4901730,61730
2,4901730,61731
2,4901730,61737
2,4901730,61754
2,4901730,61758
2,4901730,61772
2,4901730,61776
2,4901936,62659
2,4901936,62673
2,4901936,62688
2,4901976,61260
2,4901976,61276
2,4901976,61412
2,4901976,61466
2,4901976,61476
2,4904601,61007
2,4904601,61015
2,4904601,61043
2,4904601,61047
2,4904601,61049
2,4904601,61052
2,4904601,61091
2,4905697,61451
2,4905697,61526
2,4905697,61528
2,4905697,61539
2,4905697,61547
2,4905697,61552
2,4905697,61569
2,4905877,61830
2,4905877,61839
2,4905877,61855
2,4905877,61884
2,4905877,61929
2,4905877,61936
2,4906962,61335
2,4906962,61336
2,4906962,61363
2,4906962,61560
2,4907910,61236
2,4907910,61237
2,4907910,61259
2,4907910,61284
2,4910877,61452
2,4910877,62319
2,4910877,62344
2,4910877,62624
2,4910877,62639
2,4912398,61426
2,4912398,61449
2,4912398,61479
2,4912398,61559
2,4912492,61018
2,4912492,61027
2,4912492,61039
2,4912492,61044
2,4912492,61050
2,4912492,61067
2,4912492,61070
2,4912492,61089
2,4913271,61535
2,4913271,61721
2,4914710,60932
2,4914710,61810
2,4914710,61811
2,4914710,61812
2,4914710,61831
2,4914710,61844
2,4914710,61848
2,4914710,61850
2,4914710,61857
2,4915502,61417
2,4915502,61423
2,4915502,61435
2,4915502,61453
2,4915502,61478
2,4916434,61037
2,4916434,61243
2,4916434,61251
2,4916565,60428
2,4916565,60484
2,4916565,60487
2,4916565,60503
2,4916565,60564
2,4916845,61077
2,4917010,61516
2,4917010,61545
2,4917010,61729
2,4917010,61771
2,4917487,46769
2,4917487,46780
2,4917487,46782
2,4917555,46704
2,4917555,46765
2,4917555,46798
2,4917993,47917
2,4917993,47942
2,4917993,47984
2,4917993,47986
2,4918765,46913
2,4918765,46916
2,4918765,46920
2,4918765,46977
2,4918765,47997
2,4918771,46942
2,4918771,46950
2,4918771,46961
2,4918771,46967
2,4918771,46988
2,4918771,46998
2,4919127,46039
2,4919127,46057
2,4919127,46067
2,4919554,46730
2,4919554,46785
2,4919554,46788
2,4919615,47367
2,4920444,47952
2,4920444,47958
2,4920444,47969
2,4920444,47988
2,4920550,46912
2,4920550,46922
2,4920550,46931
2,4920550,46935
2,4920550,46945
2,4920875,46930
2,4921085,46262
2,4921085,46280
2,4921085,46288
2,4921085,46290
2,4921670,46937
2,4921670,46965
2,4921670,46995
2,4921729,46713
2,4922007,46380
2,4922007,47943
2,4922013,47326
2,4922013,47381
2,4922408,46502
2,4922408,46508
2,4922408,46510
2,4922458,46771
2,4922458,46786
2,4922458,46789
2,4922458,46795
2,4922460,46340
2,4922460,46345
2,4922460,46365
2,4922460,46382
2,4922493,46355
2,4922493,46376
2,4923124,46063
2,4923252,46513
2,4923252,46537
2,4923252,46570
2,4923252,46572
2,4923517,46911
2,4923517,46921
2,4923517,46926
2,4923517,46951
2,4923517,46959
2,4923517,46971
2,4923741,47916
2,4923741,47967
2,4923741,47968
2,4923741,47989
2,4923741,47994
2,4924165,46379
2,4924165,46381
2,4924165,47964
2,4924192,46760
2,4924192,46763
2,4924192,46794
2,4924192,46796
2,4925020,46302
2,4925020,46393
2,4925155,46960
2,4925155,46985
2,4925224,47354
2,4925224,47358
2,4925224,47382
2,4925848,46595
2,4926760,46374
2,4926760,46531
2,4926760,46532
2,4926760,46968
2,4926796,46776
2,4926796,46779
2,4927230,47924
2,4927230,47962
2,4927230,47981
2,4927243,46045
2,4927243,46047
2,4927243,46049
2,4927751,46941
2,4927751,46946
2,4927751,46974
2,4927751,46980
2,4927751,46984
2,4927751,46990
2,4927846,47975
2,4927846,47982
2,4928008,46731
2,4928008,46759
2,4928008,46766
2,4928008,46778
2,4928008,46781
2,4928008,46791
2,4928184,47926
2,4928184,47950
2,4928215,46764
2,4929772,02534
2,4929772,02543
2,4929772,02562
2,4929772,02637
2,4929772,02638
2,4929772,02643
2,4929772,02647
2,4929772,02650
2,4929772,02652
2,4929772,02659
2,4929772,02661
2,4929772,02662
2,4929772,02663
2,4929772,02671
2,4929772,02672
2,4930396,01029
2,4930396,01222
2,4930396,01224
2,4930396,01229
2,4930396,01242
2,4930396,01244
2,4930396,01252
2,4930396,01258
2,4930396,01259
2,4930396,01260
2,4930396,01264
2,4930396,01343
2,4931378,02356
2,4931378,02357
2,4931378,02375
2,4931378,02712
2,4931378,02714
2,4931378,02717
2,4931378,02718
2,4931378,02747
2,4931378,02748
2,4931378,02760
2,4931378,02761
2,4931378,02763
2,4931378,02764
2,4931378,02790
2,4931378,02791
2,4935156,02552
2,4935156,02713
2,4935951,01833
2,4935951,01885
2,4935951,01922
2,4935951,01936
2,4935951,01937
2,4935951,01944
2,4935951,01951
2,4935951,01965
2,4935951,01982
2,4937280,01347
2,4937280,01350
2,4937280,01367
2,4937280,01375
2,4937280,01380
2,4938741,01008
2,4938741,01030
2,4938741,01079
2,4938741,01097
2,4938741,01151
2,4938757,01039
2,4938757,01053
2,4938757,01062
2,4938757,01066
2,4938757,01070
2,4938757,01084
2,4938757,01088
2,4938757,01098
2,4943909,01460
2,4943909,01472
2,4943909,01474
2,4943909,01731
2,4943909,01784
2,4943909,01862
2,4943909,01863
2,4943909,01865
2,4943909,02156
2,4943909,02212
2,4943909,02455
2,4943909,02456
2,4943909,02468
2,4943909,02475
2,4943909,02479
2,4944911,02564
2,4945455,02032
2,4945455,02035
2,4945455,02070
2,4945455,02071
2,4945455,02189
2,4945455,02190
2,4945455,02191
2,4945455,02447
2,4945455,02457
2,4945455,02481
2,4945455,02494
2,4947607,02018
2,4947607,02020
2,4947607,02040
2,4947607,02041
2,4947607,02047
2,4947607,02055
2,4947607,02059
2,4947607,02065
2,4947607,02327
2,4947607,02337
2,4947607,02344
2,4947607,02345
2,4947607,02346
2,4947607,02347
2,4947607,02348
2,4947607,02349
2,4947607,02350
2,4947607,02355
2,4947607,02359
2,4947607,02366
2,4947607,02381
2,4947607,02538
2,4947607,02571
2,4952349,02119
2,4952349,02124
2,4952349,02130
2,4956199,01031
2,4956199,01074
2,4956199,01092
2,4956199,01094
2,4956199,01366
2,4956199,01438
2,4956199,01467
2,4956199,01508
2,4956199,01509
2,4956199,01522
2,4956199,01525
2,4956199,01526
2,4956199,01536
2,4956199,01537
2,4956199,01538
2,4956199,01542
2,4956199,01560
2,4956199,01586
2,4956199,01611
2,4956199,01745
2,4956755,04222
2,4956755,04223
2,4956755,04228
2,4956755,04230
2,4956755,04236
2,4956755,04266
2,4956755,04288
2,4956755,04291
2,4956873,04471
2,4956873,04497
2,4956873,04733
2,4956873,04734
2,4956873,04737
2,4956873,04738
2,4956873,04741
2,4956873,04744
2,4956873,04762
2,4956873,04764
2,4956873,04766
2,4956873,04768
2,4956873,04773
2,4956873,04775
2,4956873,04779
2,4956873,04780
2,4956873,04783
2,4961900,04003
2,4961900,04013
2,4961900,04017
2,4961900,04019
2,4961900,04024
2,4961900,04029
2,4961900,04050
2,4961900,04055
2,4961900,04057
2,4961900,04062
2,4961900,04066
2,4961900,04069
2,4961900,04077
2,4961900,04078
2,4961900,04079
2,4961900,04084
2,4961900,04091
2,4961900,04097
2,4961900,04107
2,4961900,04108
2,4961900,04110
2,4964821,04225
2,4964821,04227
2,4964821,04234
2,4964821,04262
2,4964821,04285
2,4964821,04940
2,4964821,04964
2,4964821,04970
2,4964821,04982
2,4964821,04992
2,4966407,04408
2,4966407,04431
2,4966407,04612
2,4966407,04613
2,4966407,04624
2,4966407,04625
2,4966407,04629
2,4966407,04635
2,4966407,04642
2,4966407,04644
2,4966407,04646
2,4966407,04650
2,4966407,04653
2,4966407,04660
2,4966407,04662
2,4966407,04669
2,4966407,04672
2,4966407,04673
2,4966407,04674
2,4966407,04675
2,4966407,04677
2,4966407,04683
2,4966407,04685
2,4966407,04693
2,4968714,04265
2,4968714,04343
2,4968714,04349
2,4968714,04350
2,4968714,04358
2,4968714,04359
2,4968714,04918
2,4968714,04926
2,4968714,04935
2,4968714,04962
2,4968996,04645
2,4968996,04851
2,4968996,04853
2,4968996,04855
2,4968996,04859
2,4968996,04860
2,4968996,04865
2,4969555,04341
2,4969555,04342
2,4969555,04541
2,4969555,04544
2,4969555,04549
2,4969555,04554
2,4969555,04558
2,4969555,04564
2,4969555,04570
2,4969555,04571
2,4969555,04573
2,4969555,04575
2,4969555,04852
2,4974522,04016
2,4974522,04088
2,4974522,04219
2,4974522,04226
2,4974522,04231
2,4974522,04237
2,4974522,04261
2,4974522,04267
2,4974522,04275
2,4974522,04286
2,4974977,04417
2,4974977,04427
2,4974977,04435
2,4974977,04451
2,4974977,04475
2,4974977,04487
2,4974977,04489
2,4974977,04493
2,4974977,04495
2,4974977,04777
2,4974977,04933
2,4975418,04406
2,4975418,04415
2,4975418,04426
2,4975418,04442
2,4975418,04485
2,4977278,04287
2,4977278,04548
2,4977278,04565
2,4978972,04478
2,4978972,04925
2,4978972,04944
2,4978972,04958
2,4978972,04975
2,4978972,04985
2,4982040,04354
2,4982040,04850
2,4982040,04972
2,4982040,04988
2,4982182,04413
2,4982182,04454
2,4982182,04490
2,4982182,04491
2,4982182,04492
2,4982182,04628
2,4982182,04637
2,4982182,04652
2,4982182,04657
2,4982182,04686
2,4982182,04691
2,4982182,04694
2,4983621,03909
2,4983621,04004
2,4983621,04006
2,4983621,04014
2,4983621,04028
2,4983621,04030
2,4983621,04054
2,4983621,04061
2,4983621,04063
2,4983621,04090
2,4983621,04095
2,4983917,48705
2,4983917,48721
2,4983917,48728
2,4983917,48737
2,4983917,48738
2,4983917,48742
2,4983917,48745
2,4983917,48762
2,4983956,49806
2,4983956,49816
2,4983956,49822
2,4983956,49825
2,4983956,49826
2,4983956,49839
2,4983956,49884
2,4983956,49891
2,4983956,49895
2,4983990,49070
2,4983990,49311
2,4983990,49314
2,4983990,49323
2,4983990,49335
2,4983990,49344
2,4983990,49416
2,4983990,49419
2,4983990,49450
2,4984076,49744
2,4984076,49747
2,4984076,49753
2,4984284,49611
2,4984284,49612
2,4984284,49627
2,4984284,49648
2,4984284,49729
2,4984356,48749
2,4984356,48765
2,4984356,48766
2,4984903,49919
2,4984903,49946
2,4984903,49962
2,4984903,49970
2,4985016,48897
2,4985016,49035
2,4985016,49050
2,4985016,49060
2,4985016,49325
2,4985190,48613
2,4985190,48631
2,4985190,48634
2,4985190,48710
2,4985190,48747
2,4985733,49616
2,4985733,49628
2,4985733,49640
2,4985733,49650
2,4985733,49683
2,4985760,49039
2,4985760,49084
2,4985760,49102
2,4985760,49115
2,4985760,49116
2,4985760,49119
2,4985760,49125
2,4985760,49126
2,4985760,49129
2,4986828,49089
2,4986828,49255
2,4987673,49020
2,4987673,49029
2,4987673,49033
2,4987673,49051
2,4988216,49061
2,4988216,49095
2,4988216,49130
2,4988577,49713
2,4988577,49782
2,4988577,49796
2,4988619,49705
2,4988619,49716
2,4988619,49717
2,4988619,49761
2,4988619,49791
2,4988619,49792
2,4988619,49799
2,4988755,49710
2,4988755,49715
2,4988755,49724
2,4988755,49725
2,4988755,49726
2,4988755,49728
2,4988755,49736
2,4988755,49748
2,4988755,49752
2,4988755,49768
2,4988755,49774
2,4988755,49780
2,4988755,49783
2,4988755,49784
2,4988755,49785
2,4988755,49786
2,4988755,49788
2,4988755,49793
2,4988934,48632
2,4988934,48633
2,4989135,48822
2,4989135,48833
2,4989916,49733
2,4990662,49807
2,4990662,49818
2,4990662,49835
2,4990662,49864
2,4990662,49872
2,4990662,49878
2,4990662,49880
2,4990662,49894
2,4990845,49815
2,4990845,49831
2,4990845,49834
2,4990845,49852
2,4990845,49877
2,4990845,49881
2,4990845,49892
2,4991746,48908
2,4991746,48917
2,4992137,49718
2,4992137,49722
2,4992137,49723
2,4992137,49737
2,4992137,49755
2,4992137,49764
2,4993785,48411
2,4993785,48436
2,4993785,48437
2,4993785,48449
2,4993986,48638
2,4993986,48652
2,4994090,49947
2,4994090,49959
2,4994090,49969
2,4994374,49610
2,4994374,49633
2,4994374,49666
2,4994374,49673
2,4994374,49690
2,4994537,48662
2,4994537,48807
2,4994537,48830
2,4994537,48832
2,4994537,48856
2,4994537,48862
2,4994537,48871
2,4994537,48874
2,4994537,48877
2,4994537,48889
2,4996110,49227
2,4996110,49239
2,4996110,49249
2,4996110,49257
2,4996110,49258
2,4996110,49262
2,4996110,49266
2,4996110,49271
2,4996110,49281
2,4996110,49282
2,4996573,49916
2,4996573,49917
2,4996573,49921
2,4996573,49942
2,4996573,49952
2,4996573,49955
2,4996573,49958
2,4996573,49961
2,4996573,49965
2,4996859,48432
2,4996859,48445
2,4996859,48468
2,4996859,48470
2,4996859,48720
2,4996859,48754
2,4997130,49264
2,4997193,48815
2,4997193,48845
2,4997193,48865
2,4997193,48870
2,4997193,48873
2,4997193,48887
2,4997201,48739
2,4997201,48743
2,4997201,48748
2,4997201,48770
2,4997220,49902
2,4997220,49903
2,4997220,49927
2,4997220,49964
2,4997272,48878
2,4997272,48896
2,4997272,49310
2,4997389,49234
2,4997389,49241
2,4997389,49246
2,4997389,49259
2,4997389,49263
2,4997389,49272
2,4997389,49277
2,4997791,49041
2,4997791,49052
2,4997791,49074
2,4997791,49077
2,4997791,49088
2,4998005,49301
2,4998005,49302
2,4998005,49317
2,4998005,49355
2,4998005,49356
2,4998005,49357
2,4998067,49805
2,4998067,49901
2,4998067,49918
2,4998067,49950
2,4998535,49402
2,4998535,49623
2,4998535,49642
2,4998535,49644
2,4998535,49656
2,4998845,48440
2,4998845,48464
2,4998845,48727
2,4998845,48760
2,4999022,49621
2,4999022,49630
2,4999022,49636
2,4999022,49653
2,4999022,49664
2,4999022,49674
2,4999081,49233
2,4999081,49235
2,4999081,49248
2,4999081,49253
2,4999081,49268
2,4999081,49276
2,4999081,49279
2,4999081,49287
2,4999081,49289
2,4999829,48137
2,4999829,48139
2,4999829,48143
2,4999829,48353
2,4999829,48816
2,5000297,49853
2,5000447,49719
2,5000447,49745
2,5000447,49757
2,5000447,49760
2,5000447,49762
2,5000447,49775
2,5000447,49820
2,5000447,49827
2,5000447,49838
2,5000477,48042
2,5000477,48044
2,5000477,48045
2,5000477,48094
2,5000477,48095
2,5000477,48096
2,5000612,49613
2,5000612,49614
2,5000612,49619
2,5000612,49625
2,5000612,49626
2,5000612,49634
2,5000612,49645
2,5000612,49675
2,5000612,49689
2,5000950,49808
2,5000950,49814
2,5000950,49819
2,5000950,49833
2,5000950,49861
2,5000950,49865
2,5000950,49871
2,5000950,49885
2,5001099,49405
2,5001099,49410
2,5001099,49411
2,5001099,49458
2,5001594,49305
2,5001594,49320
2,5001594,49332
2,5001594,49336
2,5001594,49338
2,5001594,49340
2,5001594,49342
2,5001594,49346
2,5001670,49812
2,5001670,49821
2,5001670,49845
2,5001670,49847
2,5001670,49848
2,5001670,49863
2,5001670,49873
2,5001670,49874
2,5001670,49886
2,5001670,49893
2,5001670,49896
2,5001932,48620
2,5001932,48628
2,5002231,49632
2,5002231,49657
2,5002231,49667
2,5002348,48110
2,5002348,48133
2,5002348,48140
2,5002348,48145
2,5002348,48166
2,5002348,48177
2,5002348,49267
2,5002390,48812
2,5002390,48818
2,5002390,48834
2,5002390,48852
2,5002390,48885
2,5002390,48886
2,5002390,48891
2,5002390,49322
2,5002390,49326
2,5002390,49339
2,5002390,49347
2,5003136,49303
2,5003136,49318
2,5003136,49425
2,5003136,49463
2,5003426,49309
2,5003426,49312
2,5004223,48165
2,5004223,48322
2,5004223,48323
2,5004223,48324
2,5004223,48325
2,5004223,48330
2,5004223,48350
2,5004223,48356
2,5004223,48357
2,5004223,48363
2,5004223,48366
2,5004223,48367
2,5004223,48382
2,5004223,48383
2,5004223,48386
2,5004223,48387
2,5004294,49421
2,5004294,49436
2,5004294,49446
2,5004294,49452
2,5004294,49459
2,5004326,48610
2,5004326,48635
2,5004326,48756
2,5004326,48761
2,5004521,49910
2,5004521,49912
2,5004521,49925
2,5004521,49929
2,5004521,49948
2,5004521,49960
2,5004521,49967
2,5004521,49971
2,5004611,49639
2,5004611,49655
2,5004611,49679
2,5004611,49688
2,5004616,48619
2,5004616,48621
2,5004616,48636
2,5004659,49730
2,5004659,49751
2,5004659,49797
2,5004681,49403
2,5004681,49422
2,5004681,49423
2,5004681,49424
2,5004681,49427
2,5004681,49430
2,5004681,49434
2,5004681,49435
2,5004681,49448
2,5004681,49460
2,5004681,49534
2,5006470,49743
2,5006470,49759
2,5006470,49776
2,5006470,49777
2,5007587,48627
2,5007587,48630
2,5007996,48614
2,5007996,48649
2,5008112,48002
2,5008112,48004
2,5008112,48022
2,5008112,48023
2,5008112,48027
2,5008112,48028
2,5008112,48032
2,5008112,48041
2,5008112,48049
2,5008112,48054
2,5008112,48059
2,5008112,48063
2,5008112,48064
2,5008112,48074
2,5008347,49066
2,5008347,49075
2,5008950,48401
2,5008950,48410
2,5008950,48426
2,5008950,48434
2,5008950,48454
2,5008950,48456
2,5008950,48465
2,5008950,48472
2,5009187,49817
2,5009187,49836
2,5009187,49840
2,5009187,49883
2,5009706,48841
2,5009706,48882
2,5012748,48701
2,5012748,48729
2,5012748,48735
2,5012748,48741
2,5012748,48758
2,5012748,48767
2,5013104,49026
2,5013104,49027
2,5013104,49043
2,5013104,49056
2,5013104,49062
2,5013104,49063
2,5014120,48115
2,5014120,48175
2,5014120,48189
2,5014120,48190
2,5014120,48191
2,5014227,48164
2,5014729,49618
2,5014729,49638
2,5014729,49668
2,5015979,55752
2,5015979,55760
2,5015979,55785
2,5015979,55787
2,5015979,56350
2,5015979,56469
2,5016452,55005
2,5016452,55011
2,5016452,55421
2,5016452,55432
2,5016452,55433
2,5016452,55434
2,5016452,55448
2,5016452,55449
2,5017670,56521
2,5017670,56569
2,5017670,56570
2,5017670,56575
2,5017670,56577
2,5017670,56578
2,5017670,56593
2,5017805,56647
2,5017805,56650
2,5017805,56663
2,5017805,56667
2,5017805,56671
2,5017805,56678
2,5017805,56683
2,5017805,56685
2,5017805,56687
2,5017916,56333
2,5017916,56357
2,5018364,56210
2,5018364,56211
2,5018364,56225
2,5018364,56227
2,5018364,56276
2,5018756,56034
2,5018756,56078
2,5018756,56090
2,5019385,56019
2,5019385,56030
2,5019385,56041
2,5019385,56084
2,5020429,55726
2,5020429,55749
2,5020429,55757
2,5020429,55780
2,5020429,55797
2,5020429,55798
2,5020499,55367
2,5020499,55383
2,5020499,55397
2,5020499,55473
2,5020499,55550
2,5020499,55551
2,5020499,55553
2,5020499,55554
2,5020499,55558
2,5020499,55568
2,5020499,55583
2,5020499,55594
2,5020546,56430
2,5020546,56435
2,5020546,56452
2,5020546,56473
2,5020546,56626
2,5020546,56641
2,5020546,56655
2,5020546,56662
2,5020546,56672
2,5021038,56260
2,5021038,56262
2,5021038,56295
2,5021070,55002
2,5021444,56525
2,5021444,56536
2,5021444,56546
2,5021444,56552
2,5021535,56644
2,5021535,56652
2,5021535,56676
2,5021977,55605
2,5021977,55606
2,5021977,55612
2,5021977,55613
2,5021977,55615
2,5022154,56118
2,5022154,56145
2,5022154,56174
2,5023545,56448
2,5023545,56449
2,5023545,56450
2,5023545,56456
2,5023545,56459
2,5023545,56465
2,5023752,55010
2,5023752,55065
2,5023752,55085
2,5023752,55118
2,5023752,55120
2,5023752,55121
2,5023752,55122
2,5023752,55123
2,5023752,55124
2,5023752,55150
2,5024544,56315
2,5024544,56319
2,5024544,56332
2,5024544,56341
2,5024544,56343
2,5024544,56354
2,5024544,56355
2,5026292,56014
2,5026292,56023
2,5026292,56025
2,5026292,56033
2,5026292,56047
2,5026292,56051
2,5026478,55922
2,5026478,55935
2,5026478,55961
2,5026478,55962
2,5026478,55990
2,5027399,56020
2,5027399,56029
2,5027399,56032
2,5027399,56042
2,5027399,56043
2,5027399,56045
2,5027399,56089
2,5028232,55018
2,5028232,55026
2,5028232,55089
2,5028615,56248
2,5028615,56274
2,5028615,56309
2,5028615,56311
2,5028615,56590
2,5029877,55111
2,5029877,55323
2,5029877,55340
2,5029877,55392
2,5029877,55572
2,5029877,55573
2,5029877,55575
2,5030806,55919
2,5030806,55931
2,5030862,56433
2,5030862,56436
2,5030862,56458
2,5030862,56461
2,5030862,56467
2,5031493,55017
2,5031493,55029
2,5031493,55080
2,5031616,55716
2,5031616,55742
2,5031616,55775
2,5031616,55784
2,5031616,55793
2,5031616,56628
2,5031616,56631
2,5031616,56637
2,5031616,56639
2,5031616,56657
2,5031616,56659
2,5031616,56680
2,5031616,56681
2,5031616,56688
2,5031682,56111
2,5031682,56161
2,5032855,56358
2,5032867,56216
2,5032867,56251
2,5032867,56253
2,5032867,56281
2,5032867,56289
2,5033353,56720
2,5033353,56729
2,5033353,56731
2,5033353,56733
2,5033353,56734
2,5033353,56735
2,5033353,56740
2,5033353,56755
2,5033463,56627
2,5033463,56629
2,5033463,56654
2,5033463,56658
2,5033463,56660
2,5033463,56661
2,5033463,56669
2,5033463,56679
2,5033637,56212
2,5033637,56218
2,5033637,56257
2,5033738,55601
2,5033738,55603
2,5033738,55607
2,5033738,55609
2,5033955,56686
2,5033955,56711
2,5033955,56741
2,5034327,56052
2,5034652,56113
2,5036131,56132
2,5036131,56157
2,5036131,56169
2,5036131,56239
2,5036131,56291
2,5036279,56516
2,5036279,56589
2,5036734,56710
2,5036734,56724
2,5036734,56727
2,5036734,56737
2,5036734,56738
2,5036734,56744
2,5036734,56758
2,5036734,56760
2,5036797,56039
2,5036797,56075
2,5036797,56121
2,5036797,56127
2,5036797,56162
2,5037083,55370
2,5037200,55324
2,5037200,56228
2,5037515,56313
2,5037515,56363
2,5037515,56386
2,5038318,56314
2,5038318,56317
2,5038318,56328
2,5038318,56338
2,5038318,56344
2,5038318,56382
2,5038318,56384
2,5038318,56388
2,5038318,56443
2,5038458,55926
2,5038458,55933
2,5038458,55950
2,5038458,55970
2,5038458,55973
2,5038458,55977
2,5038458,55982
2,5038801,56114
2,5038801,56122
2,5038801,56123
2,5038801,56125
2,5038801,56141
2,5038801,56151
2,5039249,56003
2,5039249,56054
2,5039323,56117
2,5039323,56119
2,5039323,56129
2,5039323,56153
2,5039323,56155
2,5039323,56165
2,5039323,56167
2,5039323,56168
2,5039323,56185
2,5039381,56519
2,5039381,56541
2,5039381,56545
2,5039381,56550
2,5039381,56574
2,5039381,56581
2,5040515,56324
2,5040515,56518
2,5040515,56524
2,5040515,56527
2,5040515,56528
2,5040515,56533
2,5040515,56534
2,5040515,56576
2,5040515,56586
2,5040515,56587
2,5040515,56588
2,5041121,56725
2,5041121,56754
2,5041542,55007
2,5041542,55030
2,5041542,55036
2,5041542,55704
2,5041542,55712
2,5041542,55735
2,5041542,55756
2,5041542,55783
2,5041542,55795
2,5041756,56139
2,5041756,56140
2,5041756,56170
2,5041756,56186
2,5041970,56517
2,5041970,56523
2,5041970,56535
2,5041970,56568
2,5041970,56592
2,5041970,56646
2,5041970,56651
2,5041970,56684
2,5041970,56722
2,5041970,56723
2,5041970,56736
2,5042066,56323
2,5042066,56327
2,5042066,56349
2,5042066,56385
2,5042730,56715
2,5042730,56742
2,5042730,56748
2,5042847,56083
2,5042847,56166
2,5042847,56214
2,5042847,56224
2,5042847,56255
2,5042847,56263
2,5042847,56287
2,5042847,56292
2,5042847,56294
2,5042928,55333
2,5042928,56230
2,5042928,56270
2,5043007,55053
2,5043007,55088
2,5043502,56116
2,5043502,56134
2,5043502,56146
2,5043502,56147
2,5043502,56158
2,5043502,56173
2,5043753,56673
2,5043753,56682
2,5043753,56714
2,5043753,56756
2,5043753,56759
2,5043753,56761
2,5045020,55602
2,5045020,55702
2,5045020,55703
2,5045020,55710
2,5045020,55711
2,5045020,55717
2,5045020,55724
2,5045020,55725
2,5045020,55732
2,5045020,55738
2,5045020,55751
2,5045020,55758
2,5045020,55763
2,5045020,55765
2,5045020,55766
2,5045020,55771
2,5045020,55772
2,5045020,55779
2,5045020,55781
2,5045020,55782
2,5045020,55790
2,5045020,55791
2,5045020,55796
2,5047121,55377
2,5047260,55366
2,5048685,56325
2,5048685,56335
2,5048685,56356
2,5048685,56371
2,5048685,56376
2,5048696,56046
2,5048759,56207
2,5048759,56221
2,5048759,56235
2,5049534,56226
2,5049534,56231
2,5049534,56249
2,5049534,56271
2,5050162,56318
2,5050162,56336
2,5050162,56389
2,5050162,56437
2,5050162,56453
2,5050331,56236
2,5050331,56583
2,5051601,55945
2,5051601,55957
2,5051601,55968
2,5051601,55991
2,5051662,56434
2,5051907,56091
2,5051936,55090
2,5051936,55115
2,5051936,55125
2,5051936,55128
2,5051936,55129
2,5052059,56022
2,5052059,56056
2,5052059,56060
2,5052059,56160
2,5052862,56522
2,5052862,56543
2,5052862,56553
2,5052862,56565
2,5052862,56579
2,5052862,56594
2,5053164,55910
2,5053164,55925
2,5053164,55942
2,5053164,55959
2,5053164,55979
2,5053485,55380
2,5053485,55382
2,5053485,55592
2,5053562,56237
2,5053562,56245
2,5053562,56280
2,5053562,56297
2,5053853,63533
2,5053853,63540
2,5053853,63546
2,5053853,63559
2,5053940,64496
2,5053940,64498
2,5054481,63430
2,5054481,63453
2,5054481,63465
2,5054481,63466
2,5054481,63474
2,5055119,64438
2,5055119,64453
2,5055119,64657
2,5055285,64641
2,5055285,64652
2,5055285,64679
2,5055359,64426
2,5055359,64442
2,5055359,64458
2,5055359,64467
2,5055359,64471
2,5055359,64481
2,5055359,64632
2,5055521,64437
2,5055521,64451
2,5055521,64466
2,5055806,63446
2,5055806,63458
2,5055806,63460
2,5055806,63464
2,5055806,63531
2,5055806,63547
2,5055902,63438
2,5055902,63440
2,5055902,63473
2,5056253,64661
2,5056549,64423
2,5056549,64431
2,5056549,64432
2,5056549,64433
2,5056549,64434
2,5056549,64445
2,5056549,64455
2,5056549,64457
2,5056549,64461
2,5056549,64475
2,5056549,64476
2,5056549,64479
2,5056549,64487
2,5056963,63551
2,5056963,63567
2,5056963,64655
2,5056963,64672
2,5057186,63535
2,5057186,63536
2,5057186,63541
2,5057190,63432
2,5057190,63442
2,5057190,63543
2,5057190,63563
2,5057455,63544
2,5057455,63560
2,5057455,63566
2,5057455,64645
2,5057455,64646
2,5057455,64667
2,5057952,64420
2,5057952,64441
2,5057952,64486
2,5057952,64499
2,5058187,58031
2,5058187,58049
2,5058187,58062
2,5058187,58063
2,5058187,58065
2,5058187,58429
2,5058187,58461
2,5058187,58479
2,5058187,58480
2,5058187,58492
2,5058251,58332
2,5058251,58343
2,5058251,58346
2,5058251,58348
2,5058251,58357
2,5058251,58370
2,5058251,58379
2,5058251,58381
2,5058251,58386
2,5058559,58002
2,5058559,58004
2,5058559,58005
2,5058559,58006
2,5058559,58007
2,5058559,58011
2,5058559,58021
2,5058559,58029
2,5058559,58036
2,5058559,58038
2,5058559,58048
2,5058559,58052
2,5058559,58064
2,5058559,58071
2,5058559,58079
2,5058571,58239
2,5058571,58255
2,5058571,58260
2,5058571,58269
2,5058571,58281
2,5058571,58311
2,5058571,58323
2,5058571,58352
2,5058571,58355
2,5058571,58372
2,5058882,58439
2,5058882,58441
2,5058990,58374
2,5059254,58443
2,5059254,58445
2,5059254,58464
2,5059430,58204
2,5059430,58205
2,5059430,58214
2,5059430,58228
2,5059430,58235
2,5059430,58244
2,5059430,58256
2,5059430,58258
2,5059430,58266
2,5059430,58275
2,5059489,58416
2,5059489,58448
2,5059489,58452
2,5059489,58484
2,5059961,58428
2,5059961,58475
2,5059961,58478
2,5059961,58487
2,5059961,58488
2,5060009,58415
2,5060009,58431
2,5060009,58454
2,5060009,58456
2,5060009,58466
2,5060009,58490
2,5060192,58440
2,5060192,58442
2,5060360,58460
2,5060360,58581
2,5060593,58212
2,5060593,58224
2,5060593,58254
2,5060593,58259
2,5060593,58272
2,5060593,58361
2,5060593,58380
2,5060890,58216
2,5060890,58222
2,5060890,58236
2,5060890,58238
2,5060890,58241
2,5060890,58262
2,5060890,58265
2,5060890,58276
2,5061063,58321
2,5061063,58325
2,5061063,58327
2,5061063,58330
2,5061063,58338
2,5061063,58345
2,5061063,58362
2,5061063,58377
2,5061063,58382
2,5061068,58033
2,5061068,58057
2,5061114,58001
2,5061114,58008
2,5061114,58015
2,5061114,58018
2,5061114,58030
2,5061114,58058
2,5061114,58061
2,5061114,58077
2,5061114,58081
2,5061157,58310
2,5061157,58353
2,5061157,58369
2,5061439,58013
2,5061439,58017
2,5061439,58043
2,5061439,58067
2,5061439,58069
2,5062037,58046
2,5062037,58056
2,5062037,58277
2,5062096,58420
2,5062096,58424
2,5062096,58426
2,5062096,58455
2,5062096,58467
2,5062096,58472
2,5062096,58476
2,5062096,58481
2,5062096,58483
2,5062096,58496
2,5062096,58497
2,5062209,58317
2,5062209,58331
2,5062209,58339
2,5062209,58363
2,5062209,58365
2,5062211,58009
2,5062211,58016
2,5062211,58035
2,5062211,58218
2,5062211,58219
2,5062211,58223
2,5062384,58210
2,5062384,58227
2,5062384,58229
2,5062384,58231
2,5062384,58233
2,5062384,58243
2,5062384,58250
2,5062384,58273
2,5062441,58418
2,5062441,58422
2,5062441,58423
2,5062441,58451
2,5062441,58486
2,5062699,68925
2,5062699,68950
2,5062699,68973
2,5063023,68720
2,5063023,68726
2,5063023,68761
2,5063023,68764
2,5063023,68773
2,5064222,68833
2,5064222,69157
2,5064432,68627
2,5064432,68652
2,5064432,68655
2,5064500,68719
2,5064500,68746
2,5064500,68755
2,5064500,68777
2,5064663,69214
2,5064663,69217
2,5064837,68812
2,5064837,68858
2,5064837,68861
2,5064837,68866
2,5064837,68870
2,5064925,68019
2,5064925,68020
2,5064961,68001
2,5064961,68014
2,5064961,68036
2,5064961,68624
2,5064961,68626
2,5064961,68635
2,5064961,68658
2,5064961,68667
2,5064961,68669
2,5065267,68016
2,5065267,68058
2,5065267,68304
2,5065267,68307
2,5065267,68403
2,5065267,68407
2,5065267,68409
2,5065267,68413
2,5065267,68455
2,5065306,68717
2,5065306,68727
2,5065306,68736
2,5065306,68749
2,5065306,68774
2,5065306,68792
2,5065828,68452
2,5065828,68934
2,5065828,68935
2,5065828,68938
2,5065828,68941
2,5065828,68954
2,5065828,68975
2,5065828,68980
2,5065953,68643
2,5065953,68659
2,5066574,68004
2,5066605,68813
2,5066605,68814
2,5066605,68828
2,5066605,68855
2,5066605,68856
2,5066605,68860
2,5066605,68881
2,5066642,68733
2,5066642,68741
2,5066642,68743
2,5066750,68834
2,5066750,68878
2,5066750,69029
2,5066750,69171
2,5067019,68710
2,5067019,68728
2,5067019,68732
2,5067019,68751
2,5067019,68757
2,5067019,68785
2,5067039,68044
2,5067039,68063
2,5067039,68072
2,5067039,68621
2,5067039,68664
2,5067114,68010
2,5068222,68365
2,5068222,68406
2,5068222,68416
2,5068222,68436
2,5068222,68444
2,5068649,68929
2,5068649,68932
2,5068649,68947
2,5068649,68960
2,5068649,68972
2,5068649,68981
2,5068841,68936
2,5068841,68946
2,5068841,68948
2,5068841,69046
2,5068853,68309
2,5068853,68318
2,5068853,68328
2,5068853,68331
2,5068853,68357
2,5068853,68381
2,5068853,68415
2,5068853,68422
2,5068853,68458
2,5069211,68976
2,5069397,68665
2,5069397,68875
2,5069397,68882
2,5069604,68841
2,5069604,68843
2,5069604,68846
2,5069604,68854
2,5069604,68865
2,5069693,68966
2,5069693,68969
2,5069693,68971
2,5069693,68977
2,5070270,68711
2,5070270,68725
2,5070270,68734
2,5070270,68735
2,5070270,68742
2,5070270,68763
2,5070270,68766
2,5070443,68820
2,5070443,68831
2,5070443,68835
2,5070443,68838
2,5070443,68872
2,5070975,68338
2,5070975,68342
2,5070975,68350
2,5070975,68377
2,5070975,68424
2,5070975,68440
2,5071072,68329
2,5071072,68332
2,5071072,68348
2,5071072,68443
2,5071364,68945
2,5071364,68982
2,5071580,68760
2,5071580,68789
2,5071741,68336
2,5071741,68339
2,5071741,68368
2,5071741,68402
2,5071741,68404
2,5071741,68419
2,5071741,68428
2,5071741,68430
2,5071741,68438
2,5071741,68461
2,5072535,68752
2,5072973,68628
2,5072973,68663
2,5072973,68816
2,5072973,68827
2,5072973,68864
2,5073611,68623
2,5073780,68320
2,5073780,68321
2,5073780,68378
2,5073780,68379
2,5073780,68414
2,5074208,68943
2,5074208,68957
2,5074208,68964
2,5074208,68974
2,5074642,68324
2,5074642,68344
2,5074642,68346
2,5074642,68382
2,5074642,68417
2,5074642,68448
2,5074642,68454
2,5074895,68323
2,5074895,68345
2,5074895,68380
2,5074895,68441
2,5074895,68447
2,5075078,68923
2,5075078,68940
2,5075078,68958
2,5075153,68738
2,5075153,68747
2,5075315,68631
2,5075315,68634
2,5075315,68644
2,5075315,68647
2,5075315,68653
2,5075605,68654
2,5076190,68337
2,5076190,68431
2,5076190,68433
2,5076190,68437
2,5076190,68442
2,5076190,68457
2,5077506,68445
2,5077506,68453
2,5077506,68464
2,5077695,68056
2,5077695,68113
2,5077695,68136
2,5077695,68138
2,5077695,68157
2,5077708,68018
2,5077708,68033
2,5077708,68040
2,5077708,68042
2,5077708,68050
2,5077708,68070
2,5077708,68648
2,5078798,68313
2,5078798,68314
2,5078798,68330
2,5078798,68360
2,5078798,68364
2,5078798,68423
2,5078798,68439
2,5078904,68817
2,5078904,68844
2,5078904,68852
2,5078904,68871
2,5079543,68768
2,5080164,68303
2,5080164,68315
2,5080164,68322
2,5080164,68325
2,5080164,68326
2,5080164,68327
2,5080164,68335
2,5080164,68362
2,5080164,68375
2,5080164,68429
2,5080274,68055
2,5080274,68062
2,5081000,68815
2,5081000,68837
2,5081000,68859
2,5081383,68029
2,5081383,68034
2,5081383,68068
2,5081458,68723
2,5081458,68740
2,5081458,68790
2,5081496,68928
2,5081496,68942
2,5081496,68952
2,5081776,68637
2,5082335,68316
2,5082335,68319
2,5082335,68367
2,5082335,68401
2,5082335,68460
2,5083273,03225
2,5083273,03226
2,5083273,03252
2,5083273,03256
2,5083273,03289
2,5083273,03810
2,5083273,03837
2,5084247,03227
2,5084247,03259
2,5084247,03812
2,5084247,03813
2,5084247,03816
2,5084247,03817
2,5084247,03830
2,5084247,03832
2,5084247,03838
2,5084247,03845
2,5084247,03847
2,5084247,03850
2,5084247,03853
2,5084247,03861
2,5084247,03875
2,5084247,03883
2,5084247,03890
2,5084247,03896
2,5084247,03897
2,5084505,03441
2,5084505,03462
2,5084505,03466
2,5084505,03604
2,5084973,03575
2,5084973,03579
2,5084973,03589
2,5084973,03590
2,5084973,03593
2,5084973,03595
2,5084973,03597
2,5086767,03223
2,5086767,03238
2,5086767,03241
2,5086767,03258
2,5086767,03749
2,5086767,03750
2,5086767,03769
2,5086767,03780
2,5086767,03784
2,5087463,03442
2,5087463,03449
2,5087463,03468
2,5089480,03046
2,5089480,03221
2,5089480,03231
2,5089480,03233
2,5089480,03260
2,5089480,03272
2,5089480,03273
2,5089480,03278
2,5089480,03304
2,5091860,03037
2,5091860,03040
2,5091860,03041
2,5091860,03073
2,5091860,03291
2,5091860,03826
2,5091860,03856
2,5091860,03859
2,5091860,03871
2,5091860,03885
2,5093237,03815
2,5093237,03852
2,5093237,03887
2,5093334,03607
2,5093334,03745
2,5093334,03746
2,5093334,03751
2,5093334,03754
2,5093334,03770
2,5093334,03781
2,5095598,07075
2,5095598,07423
2,5095598,07608
2,5095598,07676
2,5095598,07699
2,5099381,07979
2,5099381,08551
2,5099381,08556
2,5099381,08557
2,5099381,08803
2,5099381,08834
2,5099381,08858
2,5099381,08867
2,5099381,08868
2,5099381,08870
2,5099381,08885
2,5099381,08887
2,5099381,08888
2,5101090,08560
2,5101090,08561
2,5101090,08648
2,5101160,08536
2,5101160,08831
2,5101160,08832
2,5101160,08859
2,5101305,07703
2,5101305,07710
2,5101305,07711
2,5101305,07717
2,5101305,07721
2,5101305,07730
2,5101305,07731
2,5101305,07733
2,5101305,07753
2,5101305,07754
2,5101305,07763
2,5101305,07765
2,5101305,08510
2,5101305,08514
2,5101305,08526
2,5101305,08535
2,5101405,07045
2,5101405,07058
2,5101405,07082
2,5101405,07440
2,5101405,07444
2,5101405,07803
2,5101405,07806
2,5101405,07836
2,5101405,07842
2,5101405,07845
2,5101405,07852
2,5101405,07870
2,5101405,07878
2,5101405,07926
2,5101405,07933
2,5101405,07935
2,5101405,07946
2,5101405,07961
2,5101405,07970
2,5101405,07976
2,5101405,07980
2,5102445,07421
2,5102445,07435
2,5102445,07438
2,5104759,07059
2,5104759,07938
2,5104759,07939
2,5104759,07978
2,5104759,08502
2,5104759,08504
2,5104759,08528
2,5104759,08558
2,5104759,08821
2,5104759,08823
2,5104759,08853
2,5104759,08890
2,5105168,07418
2,5105168,07422
2,5105168,07428
2,5105168,07460
2,5105168,07462
2,5105168,07822
2,5105168,07827
2,5105168,07837
2,5105168,07839
2,5105168,07848
2,5105168,07851
2,5105168,07855
2,5105168,07875
2,5105168,07877
2,5105168,07879
2,5105168,07881
2,5105640,07069
2,5105640,07088
2,5105640,07206
2,5106044,07820
2,5106044,07829
2,5106044,07831
2,5106044,07832
2,5106044,07833
2,5106044,07838
2,5106044,07844
2,5106044,07846
2,5106044,07865
2,5106044,08802
2,5106044,08808
2,5106044,08886
2,5106841,12007
2,5106841,12041
2,5106841,12046
2,5106841,12055
2,5106841,12059
2,5106841,12067
2,5106841,12077
2,5106841,12084
2,5106841,12085
2,5106841,12107
2,5106841,12120
2,5106841,12128
2,5106841,12147
2,5106841,12158
2,5106841,12159
2,5106841,12161
2,5106841,12183
2,5106841,12193
2,5106841,12469
2,5106997,14029
2,5106997,14707
2,5106997,14714
2,5106997,14717
2,5106997,14721
2,5106997,14745
2,5106997,14754
2,5106997,14774
2,5106997,14777
2,5106997,14786
2,5106997,14803
2,5106997,14804
2,5106997,14884
2,5106997,14897
2,5110253,10451
2,5110253,10452
2,5110253,10453
2,5110253,10454
2,5110253,10455
2,5110253,10456
2,5110253,10457
2,5110253,10458
2,5110253,10459
2,5110253,10460
2,5110253,10461
2,5110253,10462
2,5110253,10463
2,5110253,10464
2,5110253,10465
2,5110253,10466
2,5110253,10467
2,5110253,10468
2,5110253,10469
2,5110253,10470
2,5110253,10471
2,5110253,10472
2,5110253,10473
2,5110253,10474
2,5110253,10475
2,5110365,13737
2,5110365,13744
2,5110365,13746
2,5110365,13749
2,5110365,13777
2,5110365,13787
2,5110365,13794
2,5110365,13795
2,5110365,13797
2,5110365,13802
2,5110365,13813
2,5110365,13826
2,5110365,13833
2,5110365,13848
2,5111846,14041
2,5111846,14060
2,5111846,14065
2,5111846,14101
2,5111846,14129
2,5111846,14133
2,5111846,14168
2,5111846,14726
2,5111846,14729
2,5111846,14731
2,5111846,14741
2,5111846,14743
2,5111846,14748
2,5111846,14751
2,5111846,14753
2,5111846,14766
2,5111846,14783
2,5111868,13071
2,5111868,13081
2,5111868,13092
2,5111868,13111
2,5111868,13113
2,5111868,13117
2,5111868,13139
2,5111868,13147
2,5111868,13156
2,5112358,14081
2,5112358,14135
2,5112358,14166
2,5112358,14710
2,5112358,14712
2,5112358,14722
2,5112358,14723
2,5112358,14728
2,5112358,14732
2,5112358,14736
2,5112358,14740
2,5112358,14742
2,5112358,14747
2,5112358,14752
2,5112358,14756
2,5112358,14758
2,5112358,14767
2,5112358,14784
2,5112358,14785
2,5112392,14825
2,5112392,14838
2,5112392,14861
2,5112392,14864
2,5112392,14871
2,5112398,13124
2,5112398,13136
2,5112398,13155
2,5112398,13332
2,5112398,13464
2,5112398,13758
2,5112398,13780
2,5112398,13801
2,5112398,13809
2,5112398,13814
2,5112398,13832
2,5112398,13841
2,5112398,13843
2,5112398,13844
2,5112977,12911
2,5112977,12918
2,5112977,12923
2,5112977,12924
2,5112977,12933
2,5112977,12934
2,5112977,12935
2,5112977,12952
2,5112977,12955
2,5112977,12958
2,5112977,12959
2,5112977,12978
2,5112977,12981
2,5112977,12985
2,5113366,12017
2,5113366,12029
2,5113366,12050
2,5113366,12060
2,5113366,12115
2,5113366,12125
2,5113366,12132
2,5113366,12136
2,5113366,12165
2,5113366,12173
2,5113366,12174
2,5113366,12195
2,5113366,12502
2,5113366,12503
2,5113366,12513
2,5113366,12516
2,5113366,12517
2,5113366,12521
2,5113366,12523
2,5113366,12529
2,5113366,12530
2,5113366,12541
2,5113366,12544
2,5113792,13056
2,5113792,13087
2,5113792,13101
2,5113792,13141
2,5113792,13158
2,5113792,13738
2,5113792,13784
2,5113792,13863
2,5114810,12406
2,5114810,12421
2,5114810,12430
2,5114810,12434
2,5114810,12438
2,5114810,12459
2,5114810,12474
2,5114810,13731
2,5114810,13739
2,5114810,13740
2,5114810,13750
2,5114810,13751
2,5114810,13752
2,5114810,13756
2,5114810,13757
2,5114810,13774
2,5114810,13775
2,5114810,13782
2,5114810,13786
2,5114810,13788
2,5114810,13804
2,5114810,13806
2,5114810,13839
2,5114810,13842
2,5114810,13846
2,5114810,13847
2,5114810,13860
2,5115580,12504
2,5115580,12506
2,5115580,12507
2,5115580,12510
2,5115580,12511
2,5115580,12512
2,5115580,12527
2,5115580,12531
2,5115580,12533
2,5115580,12537
2,5115580,12540
2,5115580,12570
2,5115580,12574
2,5115580,12578
2,5115580,12580
2,5115580,12581
2,5115580,12582
2,5115580,12585
2,5115580,12592
2,5115580,12594
2,5116642,14010
2,5116642,14027
2,5116642,14030
2,5116642,14033
2,5116642,14034
2,5116642,14035
2,5116642,14038
2,5116642,14047
2,5116642,14055
2,5116642,14059
2,5116642,14061
2,5116642,14068
2,5116642,14069
2,5116642,14085
2,5116642,14091
2,5116642,14102
2,5116642,14112
2,5116642,14134
2,5116642,14139
2,5116642,14140
2,5116642,14169
2,5116642,14170
2,5116680,12851
2,5116680,12852
2,5116680,12855
2,5116680,12857
2,5116680,12858
2,5116680,12872
2,5116680,12879
2,5116680,12913
2,5116680,12936
2,5116680,12941
2,5116680,12942
2,5116680,12943
2,5116680,12950
2,5116680,12960
2,5116680,12961
2,5116680,12964
2,5116680,12975
2,5116680,12977
2,5116680,12987
2,5116680,12998
2,5117867,12914
2,5117867,12915
2,5117867,12916
2,5117867,12917
2,5117867,12926
2,5117867,12930
2,5117867,12937
2,5117867,12939
2,5117867,12945
2,5117867,12957
2,5117867,12966
2,5117867,12969
2,5117867,12976
2,5117867,12980
2,5117867,12989
2,5117867,12995
2,5117867,13655
2,5118116,13470
2,5118380,14005
2,5118380,14013
2,5118380,14040
2,5118380,14054
2,5118380,14056
2,5118380,14143
2,5118380,14486
2,5118380,14557
2,5119355,12042
2,5119355,12058
2,5119355,12087
2,5119355,12124
2,5119355,12176
2,5119355,12192
2,5119355,12405
2,5119355,12407
2,5119355,12418
2,5119355,12423
2,5119355,12424
2,5119355,12427
2,5119355,12431
2,5119355,12436
2,5119355,12439
2,5119355,12442
2,5119355,12444
2,5119355,12450
2,5119355,12451
2,5119355,12452
2,5119355,12454
2,5119355,12460
2,5119355,12468
2,5119355,12470
2,5119355,12473
2,5119355,12482
2,5119355,12492
2,5119355,12496
2,5119847,12139
2,5119847,12164
2,5119847,12190
2,5119847,12812
2,5119847,12842
2,5119847,12864
2,5119847,13353
2,5119847,13360
2,5119847,13436
2,5120548,13324
2,5120548,13331
2,5120548,13361
2,5120548,13454
2,5120548,13472
2,5120548,13475
2,5122581,13611
2,5122581,13628
2,5122581,13636
2,5122581,13638
2,5122581,13640
2,5122581,13641
2,5122581,13650
2,5122581,13651
2,5122581,13657
2,5122581,13659
2,5122581,13661
2,5122581,13665
2,5122581,13671
2,5122581,13674
2,5122581,13675
2,5122581,13682
2,5122581,13692
2,5122581,13693
2,5124290,13312
2,5124290,13325
2,5124290,13343
2,5124290,13345
2,5124290,13404
2,5124290,13473
2,5124290,13489
2,5124290,13620
2,5124290,13627
2,5124290,13631
2,5124928,14435
2,5124928,14462
2,5124928,14481
2,5124928,14488
2,5124928,14533
2,5124928,14539
2,5124928,14545
2,5124928,14556
2,5124928,14558
2,5124928,14560
2,5124928,14592
2,5124928,14836
2,5124928,14846
2,5125630,13043
2,5125630,13052
2,5125630,13061
2,5125630,13122
2,5125630,13134
2,5125630,13310
2,5125630,13314
2,5125630,13334
2,5125630,13355
2,5125630,13364
2,5125630,13402
2,5125630,13409
2,5125630,13418
2,5125630,13465
2,5125630,13484
2,5127305,14410
2,5127305,14506
2,5127305,14511
2,5127305,14514
2,5127305,14515
2,5127305,14526
2,5127354,12016
2,5127354,12066
2,5127354,12069
2,5127354,12070
2,5127354,12166
2,5128594,10001
2,5128594,10002
2,5128594,10003
2,5128594,10004
2,5128594,10005
2,5128594,10006
2,5128594,10007
2,5128594,10008
2,5128594,10009
2,5128594,10010
2,5128594,10011
2,5128594,10012
2,5128594,10013
2,5128594,10014
2,5128594,10016
2,5128594,10017
2,5128594,10018
2,5128594,10019
2,5128594,10020
2,5128594,10021
2,5128594,10022
2,5128594,10023
2,5128594,10024
2,5128594,10025
2,5128594,10026
2,5128594,10027
2,5128594,10028
2,5128594,10029
2,5128594,10030
2,5128594,10031
2,5128594,10032
2,5128594,10033
2,5128594,10034
2,5128594,10035
2,5128594,10036
2,5128594,10037
2,5128594,10038
2,5128594,10039
2,5128594,10040
2,5128594,10041
2,5128594,10043
2,5128594,10044
2,5128594,10045
2,5128594,10055
2,5128594,10060
2,5128594,10065
2,5128594,10069
2,5128594,10075
2,5128594,10080
2,5128594,10081
2,5128594,10087
2,5128594,10090
2,5128594,10101
2,5128594,10102
2,5128594,10103
2,5128594,10104
2,5128594,10105
2,5128594,10106
2,5128594,10107
2,5128594,10108
2,5128594,10109
2,5128594,10110
2,5128594,10111
2,5128594,10112
2,5128594,10113
2,5128594,10114
2,5128594,10115
2,5128594,10116
2,5128594,10117
2,5128594,10118
2,5128594,10119
2,5128594,10120
2,5128594,10121
2,5128594,10122
2,5128594,10123
2,5128594,10124
2,5128594,10125
2,5128594,10126
2,5128594,10128
2,5128594,10129
2,5128594,10130
2,5128594,10131
2,5128594,10132
2,5128594,10133
2,5128594,10138
2,5128594,10150
2,5128594,10151
2,5128594,10152
2,5128594,10153
2,5128594,10154
2,5128594,10155
2,5128594,10156
2,5128594,10157
2,5128594,10158
2,5128594,10159
2,5128594,10160
2,5128594,10161
2,5128594,10162
2,5128594,10163
2,5128594,10164
2,5128594,10165
2,5128594,10166
2,5128594,10167
2,5128594,10168
2,5128594,10169
2,5128594,10170
2,5128594,10171
2,5128594,10172
2,5128594,10173
2,5128594,10174
2,5128594,10175
2,5128594,10176
2,5128594,10177
2,5128594,10178
2,5128594,10179
2,5128594,10185
2,5128594,10199
2,5128594,10203
2,5128594,10211
2,5128594,10212
2,5128594,10213
2,5128594,10242
2,5128594,10249
2,5128594,10256
2,5128594,10258
2,5128594,10259
2,5128594,10260
2,5128594,10261
2,5128594,10265
2,5128594,10268
2,5128594,10269
2,5128594,10270
2,5128594,10271
2,5128594,10272
2,5128594,10273
2,5128594,10274
2,5128594,10275
2,5128594,10276
2,5128594,10277
2,5128594,10278
2,5128594,10279
2,5128594,10280
2,5128594,10281
2,5128594,10282
2,5128594,10285
2,5128594,10286
2,5128734,14008
2,5128734,14028
2,5128734,14107
2,5128734,14109
2,5128734,14144
2,5129832,13123
2,5129832,13162
2,5129832,13301
2,5129832,13303
2,5129832,13304
2,5129832,13313
2,5129832,13322
2,5129832,13338
2,5129832,13341
2,5129832,13352
2,5129832,13354
2,5129832,13362
2,5129832,13363
2,5129832,13401
2,5129832,13403
2,5129832,13435
2,5129832,13438
2,5129832,13455
2,5129832,13456
2,5129832,13469
2,5129832,13471
2,5129832,13477
2,5129832,13483
2,5129832,13486
2,5129832,13490
2,5129832,13494
2,5129867,13020
2,5129867,13030
2,5129867,13051
2,5129867,13063
2,5129867,13078
2,5129867,13084
2,5129867,13110
2,5129867,13112
2,5129867,13119
2,5129867,13137
2,5129867,13138
2,5129867,13153
2,5129867,13164
2,5129891,14425
2,5129891,14443
2,5129891,14453
2,5129891,14463
2,5129891,14469
2,5129891,14475
2,5129891,14518
2,5129891,14537
2,5129891,14547
2,5129891,14561
2,5129891,14585
2,5129915,10910
2,5129915,10912
2,5129915,10914
2,5129915,10915
2,5129915,10916
2,5129915,10919
2,5129915,10932
2,5129915,10933
2,5129915,10953
2,5129915,10958
2,5129915,10959
2,5129915,10969
2,5129915,10973
2,5129915,10975
2,5129915,10979
2,5129915,10981
2,5129915,10985
2,5129915,10998
2,5129915,12520
2,5129915,12575
2,5129915,12729
2,5129915,12746
2,5129995,14429
2,5129995,14452
2,5129995,14476
2,5129995,14477
2,5129995,14479
2,5129995,14508
2,5129995,14571
2,5130076,13064
2,5130076,13076
2,5130076,13093
2,5130076,13103
2,5130076,13107
2,5130076,13121
2,5130076,13131
2,5130076,13132
2,5130076,13167
2,5130076,13302
2,5130076,13426
2,5130076,13493
2,5130111,12064
2,5130111,12116
2,5130111,13315
2,5130111,13333
2,5130111,13337
2,5130111,13342
2,5130111,13415
2,5130111,13450
2,5130111,13457
2,5130111,13468
2,5130111,13482
2,5130111,13485
2,5130111,13488
2,5130111,13747
2,5130111,13776
2,5130111,13796
2,5130111,13807
2,5130111,13810
2,5130111,13834
2,5130111,13859
2,5130111,13861
2,5133166,10524
2,5133166,10537
2,5133166,10542
2,5133166,10579
2,5133166,12563
2,5133268,11004
2,5133268,11005
2,5133268,11101
2,5133268,11102
2,5133268,11103
2,5133268,11104
2,5133268,11105
2,5133268,11106
2,5133268,11109
2,5133268,11120
2,5133268,11351
2,5133268,11352
2,5133268,11354
2,5133268,11355
2,5133268,11356
2,5133268,11357
2,5133268,11358
2,5133268,11359
2,5133268,11360
2,5133268,11361
2,5133268,11362
2,5133268,11363
2,5133268,11364
2,5133268,11365
2,5133268,11366
2,5133268,11367
2,5133268,11368
2,5133268,11369
2,5133268,11370
2,5133268,11371
2,5133268,11372
2,5133268,11373
2,5133268,11374
2,5133268,11375
2,5133268,11377
2,5133268,11378
2,5133268,11379
2,5133268,11380
2,5133268,11381
2,5133268,11385
2,5133268,11386
2,5133268,11405
2,5133268,11411
2,5133268,11412
2,5133268,11413
2,5133268,11414
2,5133268,11415
2,5133268,11416
2,5133268,11417
2,5133268,11418
2,5133268,11419
2,5133268,11420
2,5133268,11421
2,5133268,11422
2,5133268,11423
2,5133268,11424
2,5133268,11425
2,5133268,11426
2,5133268,11427
2,5133268,11428
2,5133268,11429
2,5133268,11430
2,5133268,11431
2,5133268,11432
2,5133268,11433
2,5133268,11434
2,5133268,11435
2,5133268,11436
2,5133268,11437
2,5133268,11439
2,5133268,11451
2,5133268,11499
2,5133268,11690
2,5133268,11691
2,5133268,11692
2,5133268,11693
2,5133268,11694
2,5133268,11695
2,5133268,11697
2,5133668,12022
2,5133668,12024
2,5133668,12028
2,5133668,12033
2,5133668,12040
2,5133668,12063
2,5133668,12082
2,5133668,12089
2,5133668,12094
2,5133668,12121
2,5133668,12133
2,5133668,12138
2,5133668,12153
2,5133668,12156
2,5133668,12168
2,5133668,12169
2,5133668,12185
2,5134189,10911
2,5134189,10923
2,5134189,10964
2,5134189,10982
2,5134189,10986
2,5135484,12922
2,5135484,12927
2,5135484,12949
2,5135484,12965
2,5135484,12967
2,5135484,12973
2,5135484,13614
2,5135484,13621
2,5135484,13623
2,5135484,13625
2,5135484,13633
2,5135484,13635
2,5135484,13639
2,5135484,13646
2,5135484,13649
2,5135484,13652
2,5135484,13658
2,5135484,13664
2,5135484,13666
2,5135484,13670
2,5135484,13677
2,5135484,13678
2,5135484,13680
2,5135484,13681
2,5135484,13683
2,5135484,13684
2,5135484,13687
2,5135484,13695
2,5135484,13696
2,5136325,12027
2,5136325,12074
2,5136325,12148
2,5136325,12831
2,5136325,12833
2,5136325,12850
2,5136325,12859
2,5136325,12863
2,5136456,12008
2,5136456,12053
2,5136456,12056
2,5136456,12137
2,5136456,12141
2,5136456,12150
2,5136495,12031
2,5136495,12036
2,5136495,12071
2,5136495,12073
2,5136495,12076
2,5136495,12092
2,5136495,12093
2,5136495,12131
2,5136495,12160
2,5136495,12175
2,5136495,12187
2,5136495,12194
2,5137368,14805
2,5137368,14812
2,5137368,14818
2,5137368,14824
2,5137368,14841
2,5137368,14863
2,5137368,14876
2,5137368,14887
2,5137368,14893
2,5137620,13065
2,5137620,14541
2,5137620,14588
2,5137620,14860
2,5139656,14529
2,5139656,14808
2,5139656,14815
2,5139656,14819
2,5139656,14820
2,5139656,14839
2,5139656,14855
2,5139656,14856
2,5139656,14874
2,5139656,14877
2,5139656,14885
2,5139656,14898
2,5140076,06390
2,5140076,11770
2,5140076,11956
2,5140076,11960
2,5140076,11962
2,5140076,11970
2,5140076,11972
2,5140076,11973
2,5140135,12720
2,5140135,12721
2,5140135,12722
2,5140135,12723
2,5140135,12724
2,5140135,12725
2,5140135,12726
2,5140135,12727
2,5140135,12732
2,5140135,12734
2,5140135,12736
2,5140135,12737
2,5140135,12738
2,5140135,12740
2,5140135,12741
2,5140135,12742
2,5140135,12743
2,5140135,12745
2,5140135,12747
2,5140135,12748
2,5140135,12749
2,5140135,12750
2,5140135,12751
2,5140135,12752
2,5140135,12759
2,5140135,12760
2,5140135,12762
2,5140135,12763
2,5140135,12764
2,5140135,12765
2,5140135,12766
2,5140135,12767
2,5140135,12768
2,5140135,12769
2,5140135,12770
2,5140135,12777
2,5140135,12781
2,5140135,12783
2,5140135,12784
2,5140135,12785
2,5140135,12786
2,5140135,12787
2,5140135,12788
2,5140135,12791
2,5140135,12792
2,5141045,13734
2,5141045,13736
2,5141045,13812
2,5141045,13835
2,5141045,13840
2,5141045,13845
2,5141045,13864
2,5141045,14859
2,5141153,13062
2,5141153,13102
2,5141153,14817
2,5141153,14854
2,5141153,14867
2,5141153,14881
2,5141784,12409
2,5141784,12410
2,5141784,12411
2,5141784,12412
2,5141784,12416
2,5141784,12417
2,5141784,12419
2,5141784,12420
2,5141784,12429
2,5141784,12433
2,5141784,12435
2,5141784,12441
2,5141784,12448
2,5141784,12453
2,5141784,12456
2,5141784,12457
2,5141784,12461
2,5141784,12464
2,5141784,12465
2,5141784,12471
2,5141784,12472
2,5141784,12475
2,5141784,12480
2,5141784,12483
2,5141784,12487
2,5141784,12490
2,5141784,12493
2,5141784,12494
2,5141784,12495
2,5141784,12548
2,5143268,12808
2,5143268,12811
2,5143268,12815
2,5143268,12820
2,5143268,12824
2,5143268,12836
2,5143268,12843
2,5143268,12844
2,5143268,12856
2,5143268,12860
2,5143268,12862
2,5143268,12874
2,5143268,12878
2,5143268,12886
2,5143303,12057
2,5143303,12809
2,5143303,12819
2,5143303,12821
2,5143303,12823
2,5143303,12827
2,5143303,12841
2,5143303,12848
2,5143303,12849
2,5143303,12854
2,5143303,12861
2,5143303,12873
2,5143455,13154
2,5143455,14413
2,5143455,14449
2,5143455,14520
2,5143455,14542
2,5143455,14563
2,5143455,14568
2,5144050,10501
2,5144050,10503
2,5144050,10505
2,5144050,10518
2,5144050,10519
2,5144050,10520
2,5144050,10521
2,5144050,10527
2,5144050,10535
2,5144050,10545
2,5144050,10546
2,5144050,10547
2,5144050,10560
2,5144050,10578
2,5144050,10589
2,5144050,10590
2,5144050,10597
2,5144050,10604
2,5144050,10706
2,5144050,10707
2,5144050,10709
2,5145163,14037
2,5145163,14039
2,5145163,14066
2,5145163,14082
2,5145163,14083
2,5145163,14113
2,5145163,14130
2,5145163,14167
2,5145163,14536
2,5145163,14549
2,5145163,14591
2,5145190,14415
2,5145190,14441
2,5145190,14507
2,5145190,14842
2,5145190,14857
2,5145190,14878
2,5145576,45808
2,5145576,45809
2,5145576,45833
2,5145576,45850
2,5145576,45854
2,5146062,44838
2,5146062,44848
2,5146062,44859
2,5146062,44866
2,5146062,44874
2,5146062,44880
2,5146092,44032
2,5146092,44048
2,5146092,44082
2,5146092,44085
2,5146092,44088
2,5146092,44093
2,5146092,44099
2,5146199,45806
2,5146199,45819
2,5146199,45870
2,5146199,45884
2,5146199,45888
2,5147012,43718
2,5147012,43759
2,5147012,43902
2,5147012,43905
2,5147012,43909
2,5147012,43916
2,5147012,43927
2,5147012,43928
2,5147012,43933
2,5147012,43937
2,5147012,43951
2,5147012,43967
2,5147012,43972
2,5147012,43983
2,5147012,43985
2,5149311,44607
2,5149311,44620
2,5149311,44639
2,5149311,44651
2,5149311,44675
2,5149757,43009
2,5149757,43047
2,5149757,43070
2,5149757,43083
2,5149757,43084
2,5150853,43962
2,5150853,44415
2,5150853,44423
2,5150853,44427
2,5150853,44441
2,5150853,44455
2,5150853,44492
2,5150853,44493
2,5150853,44625
2,5150853,44634
2,5150853,44665
2,5151190,43803
2,5151190,43805
2,5151190,43811
2,5151190,43824
2,5151190,43828
2,5151190,43836
2,5151190,43843
2,5151374,44825
2,5151374,44856
2,5151374,44860
2,5151374,44881
2,5151374,44887
2,5151606,44142
2,5151705,45332
2,5151705,45348
2,5151705,45350
2,5151705,45351
2,5151705,45352
2,5151705,45358
2,5151705,45362
2,5151705,45388
2,5151865,43519
2,5151865,43520
2,5151865,43530
2,5151865,43536
2,5151865,43549
2,5151896,43032
2,5151896,43066
2,5151896,43082
2,5153362,43438
2,5153362,44089
2,5153362,44816
2,5155347,43553
2,5155556,44023
2,5155556,44033
2,5155556,44046
2,5155556,44064
2,5155556,44065
2,5155556,44072
2,5155556,44073
2,5155556,44080
2,5155556,44086
2,5156615,43722
2,5156615,43732
2,5156615,43733
2,5156615,43736
2,5156615,43749
2,5156615,43750
2,5156615,43755
2,5156615,43768
2,5156615,43772
2,5156615,43773
2,5156615,43778
2,5156615,43780
2,5156770,45816
2,5156770,45841
2,5156770,45858
2,5156770,45867
2,5156770,45868
2,5156770,45889
2,5156770,45890
2,5156770,45897
2,5156844,43345
2,5156844,43346
2,5156844,45835
2,5156844,45859
2,5156975,43973
2,5156975,43974
2,5156975,43981
2,5156975,43984
2,5156975,44693
2,5156975,44695
2,5156975,44699
2,5157338,43510
2,5157338,43523
2,5157338,43534
2,5157338,43535
2,5157338,43548
2,5157338,43550
2,5157338,43555
2,5157783,44611
2,5157783,44617
2,5157783,44628
2,5157783,44633
2,5157783,44638
2,5157783,44660
2,5157783,44661
2,5157783,44690
2,5158275,44850
2,5159079,43903
2,5159079,43910
2,5159079,43925
2,5159079,43926
2,5159079,43930
2,5159079,43932
2,5159079,43939
2,5159079,43941
2,5159079,43943
2,5159079,43944
2,5159079,43961
2,5159079,43970
2,5159079,43971
2,5159891,43005
2,5159891,43006
2,5159891,43028
2,5159891,43037
2,5159891,43048
2,5160090,44045
2,5160740,43013
2,5160740,43027
2,5160740,43030
2,5160740,43071
2,5160740,43073
2,5160740,43721
2,5160740,43740
2,5161156,43319
2,5161156,43324
2,5161156,43333
2,5161156,43336
2,5161156,43360
2,5161272,44028
2,5161272,44049
2,5161413,43434
2,5161413,43504
2,5161413,43542
2,5161413,43547
2,5161640,44401
2,5161640,44416
2,5161640,44422
2,5161640,44429
2,5161640,44443
2,5161640,44449
2,5161640,44451
2,5161640,44452
2,5161640,44454
2,5161640,44619
2,5161911,43322
2,5161911,43335
2,5161911,43337
2,5161911,43341
2,5161911,43356
2,5162517,44149
2,5162517,44233
2,5162517,44235
2,5162517,44253
2,5162517,44274
2,5162517,44280
2,5162679,45310
2,5162679,45826
2,5162679,45860
2,5162679,45866
2,5162774,45312
2,5162774,45317
2,5162774,45326
2,5162774,45337
2,5162774,45339
2,5162774,45361
2,5163509,43317
2,5163509,43320
2,5163509,43321
2,5163509,43325
2,5163509,43334
2,5163509,43349
2,5163509,43350
2,5165803,43408
2,5165803,43432
2,5165803,43433
2,5165803,43436
2,5165803,43439
2,5165803,43440
2,5165803,43445
2,5165803,43446
2,5165803,43456
2,5165803,43458
2,5165803,43468
2,5166256,45821
2,5166256,45849
2,5166256,45851
2,5166256,45855
2,5166256,45861
2,5167284,44211
2,5167284,44265
2,5167284,44272
2,5167284,44285
2,5167284,44411
2,5167284,44412
2,5167574,45815
2,5167574,45827
2,5167574,45837
2,5167574,45844
2,5167574,45864
2,5167574,45893
2,5168041,44865
2,5170698,43407
2,5170698,43435
2,5170698,43442
2,5170698,43464
2,5171643,44802
2,5171643,44809
2,5171643,44828
2,5171643,44836
2,5171643,44841
2,5171643,44845
2,5171643,44853
2,5171643,44861
2,5171871,45333
2,5171871,45336
2,5171871,45340
2,5171871,45353
2,5171871,45360
2,5172936,44640
2,5172936,44643
2,5172936,44650
2,5172936,44652
2,5172936,44666
2,5172936,44669
2,5172936,44670
2,5172936,44689
2,5173386,44210
2,5173386,44685
2,5174418,44402
2,5174418,44403
2,5174418,44404
2,5174418,44417
2,5174418,44418
2,5174418,44424
2,5174418,44428
2,5174418,44437
2,5174418,44439
2,5174418,44450
2,5174418,44453
2,5174418,44470
2,5174418,44473
2,5174418,44491
2,5174499,43840
2,5174499,44624
2,5174499,44671
2,5174499,44678
2,5174499,44679
2,5174499,44697
2,5174669,43007
2,5174669,43029
2,5174669,43036
2,5174669,43067
2,5174669,43077
2,5175012,45838
2,5175012,45886
2,5175012,45894
2,5175012,45898
2,5175012,45899
2,5175898,44214
2,5175898,44276
2,5175898,44627
2,5175898,44659
2,5176872,43501
2,5176872,43505
2,5176872,43531
2,5177229,43414
2,5177229,43437
2,5177229,43441
2,5177229,43451
2,5177229,43462
2,5177229,43463
2,5177229,43467
2,5177229,43511
2,5177229,43529
2,5177229,43541
2,5177229,43565
2,5177434,43323
2,5177434,43330
2,5177434,43359
2,5177434,44844
2,5178040,15015
2,5178040,15018
2,5178040,15020
2,5178040,15026
2,5178040,15028
2,5178040,15030
2,5178040,15031
2,5178040,15035
2,5178040,15046
2,5178040,15051
2,5178040,15064
2,5178040,15075
2,5178040,15086
2,5178040,15090
2,5178040,15091
2,5178040,15095
2,5178040,15096
2,5178040,15127
2,5178040,15129
2,5178040,15136
2,5178040,15142
2,5178515,15682
2,5178515,15686
2,5178515,15736
2,5178515,15774
2,5178515,16210
2,5178515,16212
2,5178515,16218
2,5178515,16223
2,5178515,16228
2,5178515,16236
2,5178515,16238
2,5178515,16244
2,5178515,16245
2,5178515,16250
2,5178515,16253
2,5178515,16259
2,5178515,16261
2,5178515,16263
2,5179454,15043
2,5179454,15050
2,5179454,15077
2,5179454,15081
2,5179454,16115
2,5179454,16123
2,5179454,16141
2,5179633,15521
2,5179633,15533
2,5179633,15534
2,5179633,15535
2,5179633,15539
2,5179633,15550
2,5179633,15554
2,5179633,15559
2,5179633,16633
2,5179633,16650
2,5179633,16655
2,5179633,16659
2,5179633,16664
2,5179633,16667
2,5179633,16670
2,5179633,16672
2,5179633,16679
2,5179633,16694
2,5179633,16695
2,5179633,17211
2,5180052,19504
2,5180052,19507
2,5180052,19511
2,5180052,19516
2,5180052,19518
2,5180052,19519
2,5180052,19523
2,5180052,19529
2,5180052,19534
2,5180052,19535
2,5180052,19536
2,5180052,19538
2,5180052,19541
2,5180052,19544
2,5180052,19548
2,5180052,19550
2,5180052,19554
2,5180052,19559
2,5180052,19564
2,5180809,16631
2,5180809,16665
2,5180809,16682
2,5181416,16910
2,5181416,16925
2,5181416,16926
2,5181416,16945
2,5181416,17735
2,5181416,18814
2,5181416,18815
2,5181416,18817
2,5181416,18829
2,5181416,18831
2,5181416,18833
2,5181416,18837
2,5181416,18845
2,5181416,18846
2,5181416,18850
2,5181416,18851
2,5181416,18854
2,5182201,18039
2,5182201,18081
2,5182201,18911
2,5182201,18912
2,5182201,18913
2,5182201,18916
2,5182201,18920
2,5182201,18921
2,5182201,18922
2,5182201,18923
2,5182201,18925
2,5182201,18927
2,5182201,18928
2,5182201,18929
2,5182201,18930
2,5182201,18931
2,5182201,18932
2,5182201,18933
2,5182201,18934
2,5182201,18942
2,5182201,18943
2,5182201,18946
2,5182201,18947
2,5182201,18950
2,5182201,18953
2,5182201,18956
2,5182201,18963
2,5182201,18966
2,5182201,18972
2,5182201,18974
2,5182201,18976
2,5182201,18977
2,5182201,18980
2,5182201,18981
2,5182201,18991
2,5182201,19053
2,5182539,16016
2,5182539,16017
2,5182539,16018
2,5182539,16020
2,5182539,16021
2,5182539,16023
2,5182539,16024
2,5182539,16030
2,5182539,16034
2,5182539,16035
2,5182539,16039
2,5182539,16040
2,5182539,16041
2,5182539,16045
2,5182539,16048
2,5182539,16050
2,5182539,16051
2,5182539,16053
2,5182539,16055
2,5182539,16061
2,5182829,15737
2,5182829,15738
2,5182829,15760
2,5182829,15762
2,5182829,15773
2,5182829,15922
2,5182829,15925
2,5182829,15930
2,5182829,15934
2,5182829,15942
2,5182829,15945
2,5182829,15951
2,5182829,15955
2,5182829,15958
2,5182829,15960
2,5182829,15961
2,5182829,15962
2,5182829,16613
2,5182829,16619
2,5182829,16624
2,5182829,16629
2,5182829,16636
2,5182829,16639
2,5182829,16640
2,5182829,16644
2,5182829,16675
2,5182858,15832
2,5182858,15861
2,5183193,18012
2,5183193,18210
2,5183193,18212
2,5183193,18230
2,5183193,18624
2,5183763,16677
2,5183763,16802
2,5183763,16832
2,5183763,16835
2,5183763,16844
2,5183763,16852
2,5183763,16859
2,5183763,16864
2,5183763,16865
2,5183763,16872
2,5183763,16875
2,5183763,16882
2,5184079,19316
2,5184079,19318
2,5184079,19343
2,5184079,19345
2,5184079,19346
2,5184079,19347
2,5184079,19351
2,5184079,19352
2,5184079,19354
2,5184079,19357
2,5184079,19360
2,5184079,19362
2,5184079,19366
2,5184079,19367
2,5184079,19369
2,5184079,19371
2,5184079,19375
2,5184079,19376
2,5184079,19395
2,5184079,19397
2,5184079,19398
2,5184079,19399
2,5184079,19421
2,5184079,19432
2,5184079,19442
2,5184079,19457
2,5184079,19465
2,5184079,19470
2,5184079,19480
2,5184079,19481
2,5184079,19482
2,5184079,19493
2,5184079,19494
2,5184079,19495
2,5184079,19496
2,5184423,16036
2,5184423,16054
2,5184423,16058
2,5184423,16213
2,5184423,16220
2,5184423,16221
2,5184423,16224
2,5184423,16225
2,5184423,16230
2,5184423,16233
2,5184423,16234
2,5184423,16235
2,5184423,16240
2,5184423,16254
2,5184423,16257
2,5184423,16260
2,5184423,16326
2,5184423,16331
2,5184423,16332
2,5184423,16334
2,5184423,16361
2,5184423,16375
2,5184546,15721
2,5184546,15753
2,5184546,15757
2,5184546,15801
2,5184546,15848
2,5184546,15849
2,5184546,15856
2,5184546,15866
2,5184546,16616
2,5184546,16620
2,5184546,16645
2,5184546,16661
2,5184546,16663
2,5184546,16671
2,5184546,16680
2,5184546,16681
2,5184546,16692
2,5184546,16821
2,5184546,16825
2,5184546,16834
2,5184546,16836
2,5184546,16837
2,5184546,16838
2,5184546,16845
2,5184546,16847
2,5184546,16849
2,5184546,16850
2,5184546,16855
2,5184546,16860
2,5184546,16861
2,5184546,16863
2,5184546,16871
2,5184546,16873
2,5184546,16876
2,5184546,16879
2,5184546,16881
2,5184630,17747
2,5184630,17748
2,5184630,17750
2,5184630,17760
2,5184630,17778
2,5184630,17779
2,5185032,17858
2,5185032,17878
2,5185032,17888
2,5185032,17920
2,5185801,16110
2,5185801,16111
2,5185801,16131
2,5185801,16327
2,5185801,16360
2,5185801,16404
2,5185801,16422
2,5185801,16432
2,5185801,16434
2,5185801,16435
2,5185801,16440
2,5186106,17027
2,5186106,17072
2,5186106,17081
2,5186106,17093
2,5186106,17240
2,5186106,17266
2,5186395,17005
2,5186395,17028
2,5186395,17080
2,5186677,19003
2,5186677,19010
2,5186677,19014
2,5186677,19022
2,5186677,19028
2,5186677,19029
2,5186677,19037
2,5186677,19039
2,5186677,19041
2,5186677,19043
2,5186677,19052
2,5186677,19060
2,5186677,19073
2,5186677,19082
2,5186677,19085
2,5186677,19086
2,5186677,19098
2,5186677,19113
2,5186677,19317
2,5186677,19319
2,5186677,19331
2,5186677,19339
2,5186677,19340
2,5186677,19342
2,5186677,19373
2,5188486,15821
2,5188486,15822
2,5188486,15823
2,5188486,15827
2,5188486,15831
2,5188486,15841
2,5188486,15870
2,5188486,16728
2,5188486,16734
2,5188847,16411
2,5188847,16413
2,5188847,16421
2,5188847,16426
2,5188847,16427
2,5188847,16430
2,5188847,16442
2,5188847,16443
2,5189414,15410
2,5189414,15415
2,5189414,15416
2,5189414,15420
2,5189414,15421
2,5189414,15422
2,5189414,15428
2,5189414,15430
2,5189414,15433
2,5189414,15435
2,5189414,15439
2,5189414,15440
2,5189414,15442
2,5189414,15443
2,5189414,15446
2,5189414,15447
2,5189414,15449
2,5189414,15450
2,5189414,15451
2,5189414,15454
2,5189414,15455
2,5189414,15458
2,5189414,15459
2,5189414,15460
2,5189414,15462
2,5189414,15463
2,5189414,15464
2,5189414,15465
2,5189414,15467
2,5189414,15469
2,5189414,15470
2,5189414,15476
2,5189414,15484
2,5189414,15486
2,5189414,15488
2,5189414,15489
2,5189414,15490
2,5189414,15492
2,5189967,15828
2,5189967,16217
2,5189967,16321
2,5189967,16322
2,5189967,16370
2,5190337,17210
2,5190337,17217
2,5190337,17219
2,5190337,17220
2,5190337,17221
2,5190337,17231
2,5190337,17232
2,5190337,17244
2,5190337,17246
2,5190337,17247
2,5190337,17251
2,5190337,17252
2,5190337,17256
2,5190337,17261
2,5190337,17262
2,5190337,17265
2,5190337,17271
2,5190337,17272
2,5190669,15536
2,5190669,16689
2,5190669,16691
2,5190669,17212
2,5190669,17215
2,5190669,17223
2,5190669,17228
2,5190669,17229
2,5190669,17233
2,5190669,17238
2,5190669,17267
2,5191994,15310
2,5191994,15316
2,5191994,15320
2,5191994,15322
2,5191994,15327
2,5191994,15334
2,5191994,15337
2,5191994,15338
2,5191994,15341
2,5191994,15344
2,5191994,15352
2,5191994,15353
2,5191994,15357
2,5191994,15359
2,5191994,15362
2,5191994,15364
2,5191994,15380
2,5194592,16611
2,5194592,16621
2,5194592,16622
2,5194592,16623
2,5194592,16634
2,5194592,16638
2,5194592,16647
2,5194592,16657
2,5194592,16660
2,5194592,16669
2,5194592,16674
2,5194592,16683
2,5194592,16685
2,5194592,16877
2,5194592,17052
2,5194592,17060
2,5194592,17213
2,5194592,17239
2,5194592,17243
2,5194592,17249
2,5194592,17253
2,5194592,17255
2,5194592,17260
2,5194592,17264
2,5194872,15710
2,5194872,15712
2,5194872,15713
2,5194872,15720
2,5194872,15723
2,5194872,15724
2,5194872,15725
2,5194872,15727
2,5194872,15729
2,5194872,15731
2,5194872,15732
2,5194872,15734
2,5194872,15739
2,5194872,15741
2,5194872,15742
2,5194872,15746
2,5194872,15747
2,5194872,15750
2,5194872,15752
2,5194872,15754
2,5194872,15756
2,5194872,15758
2,5194872,15759
2,5194872,15761
2,5194872,15763
2,5194872,15765
2,5194872,15771
2,5194872,15777
2,5194872,15783
2,5194872,15920
2,5194872,15929
2,5194872,15957
2,5194872,16211
2,5194872,16246
2,5194872,16256
2,5195307,15711
2,5195307,15730
2,5195307,15733
2,5195307,15744
2,5195307,15764
2,5195307,15770
2,5195307,15776
2,5195307,15778
2,5195307,15780
2,5195307,15781
2,5195307,15784
2,5195307,15829
2,5195307,15847
2,5195307,15860
2,5195307,15863
2,5195677,17014
2,5195677,17021
2,5195677,17035
2,5195677,17049
2,5195677,17056
2,5195677,17076
2,5196674,18416
2,5196674,18420
2,5196674,18440
2,5196674,18452
2,5196674,18653
2,5197085,17503
2,5197085,17504
2,5197085,17505
2,5197085,17518
2,5197085,17521
2,5197085,17528
2,5197085,17532
2,5197085,17535
2,5197085,17536
2,5197085,17549
2,5197085,17555
2,5197085,17560
2,5197085,17563
2,5197085,17565
2,5197085,17568
2,5197085,17572
2,5197085,17573
2,5197085,17575
2,5197085,17576
2,5197085,17580
2,5197085,17583
2,5197085,17585
2,5197440,16116
2,5197440,16120
2,5197440,16132
2,5197440,16143
2,5197440,16155
2,5197440,16156
2,5197522,17039
2,5197522,17041
2,5197522,17064
2,5197522,17077
2,5197522,17085
2,5197646,18025
2,5197646,18046
2,5197646,18051
2,5197646,18052
2,5197646,18053
2,5197646,18060
2,5197646,18065
2,5197646,18068
2,5197646,18069
2,5197646,18079
2,5197646,18092
2,5199309,18221
2,5199309,18222
2,5199309,18223
2,5199309,18234
2,5199309,18239
2,5199309,18246
2,5199309,18247
2,5199309,18249
2,5199309,18251
2,5199309,18256
2,5199309,18601
2,5199309,18602
2,5199309,18611
2,5199309,18621
2,5199309,18622
2,5199309,18627
2,5199309,18654
2,5199309,18656
2,5199309,18660
2,5199309,18701
2,5199309,18702
2,5199309,18703
2,5199309,18705
2,5199309,18706
2,5199309,18710
2,5199309,18711
2,5199309,18762
2,5199309,18764
2,5199309,18765
2,5199309,18766
2,5199309,18767
2,5199309,18769
2,5199309,18773
2,5199318,17720
2,5199318,17727
2,5199318,17728
2,5199318,17739
2,5199318,17742
2,5199318,17744
2,5199318,17763
2,5199318,17769
2,5199318,17771
2,5199318,17774
2,5199318,17776
2,5200448,16333
2,5200448,16724
2,5200448,16725
2,5200448,16726
2,5200448,16727
2,5200448,16729
2,5200448,16730
2,5200448,16732
2,5200448,16733
2,5200448,16744
2,5200448,16745
2,5200448,16750
2,5200801,16114
2,5200801,16124
2,5200801,16130
2,5200801,16133
2,5200801,16151
2,5200801,16154
2,5200801,16311
2,5201068,17029
2,5201068,17051
2,5201068,17054
2,5201068,17075
2,5201707,18058
2,5201707,18320
2,5201707,18321
2,5201707,18323
2,5201707,18331
2,5201707,18332
2,5201707,18333
2,5201707,18334
2,5201707,18335
2,5201707,18341
2,5201707,18346
2,5201707,18347
2,5201707,18348
2,5201707,18349
2,5201707,18352
2,5201707,18354
2,5201707,18355
2,5201707,18356
2,5201707,18357
2,5201707,18370
2,5201707,18466
2,5201707,18610
2,5201756,18070
2,5201756,18074
2,5201756,18084
2,5201756,18915
2,5201756,18918
2,5201756,18924
2,5201756,18957
2,5201756,18958
2,5201756,18969
2,5201756,18971
2,5201756,19006
2,5201756,19035
2,5201756,19066
2,5201756,19096
2,5201756,19126
2,5201756,19409
2,5201756,19423
2,5201756,19430
2,5201756,19435
2,5201756,19436
2,5201756,19437
2,5201756,19450
2,5201756,19451
2,5201756,19453
2,5201756,19456
2,5201756,19472
2,5201756,19484
2,5201756,19486
2,5201756,19490
2,5201756,19492
2,5201786,17884
2,5203809,18001
2,5203809,18002
2,5203809,18003
2,5203809,18038
2,5203809,18086
2,5203809,18343
2,5203860,17017
2,5203860,17749
2,5203860,17823
2,5203860,17830
2,5203860,17836
2,5203860,17840
2,5203860,17860
2,5203860,17865
2,5203860,17866
2,5203860,17867
2,5203860,17877
2,5205669,17006
2,5205669,17024
2,5205669,17037
2,5205669,17040
2,5205669,17047
2,5205669,17069
2,5205669,17071
2,5205669,17090
2,5205930,18302
2,5205930,18324
2,5205930,18328
2,5205930,18340
2,5205930,18371
2,5205930,18425
2,5205930,18426
2,5205930,18435
2,5205930,18451
2,5205930,18457
2,5205930,18458
2,5205930,18464
2,5207042,16923
2,5207042,16927
2,5207042,16937
2,5207042,16941
2,5207042,17729
2,5211208,17923
2,5211208,17925
2,5211208,17930
2,5211208,17941
2,5211208,17944
2,5211208,17945
2,5211208,17946
2,5211208,17949
2,5211208,17951
2,5211208,17952
2,5211208,17953
2,5211208,17957
2,5211208,17960
2,5211208,17964
2,5211208,17968
2,5211208,17974
2,5211208,17978
2,5211208,17979
2,5211208,17985
2,5211208,18211
2,5211208,18214
2,5211208,18220
2,5211208,18241
2,5211208,18242
2,5211208,18245
2,5211208,18248
2,5211208,19549
2,5212772,17841
2,5212772,17853
2,5212772,17861
2,5212772,17882
2,5212857,15411
2,5212857,15485
2,5212857,15502
2,5212857,15520
2,5212857,15532
2,5212857,15538
2,5212857,15540
2,5212857,15542
2,5212857,15544
2,5212857,15546
2,5212857,15548
2,5212857,15549
2,5212857,15551
2,5212857,15553
2,5212857,15555
2,5212857,15560
2,5212857,15561
2,5212857,15562
2,5212857,15563
2,5212857,15564
2,5212857,15565
2,5212857,15935
2,5212857,15953
2,5212857,15959
2,5214721,17731
2,5214721,17758
2,5214721,17768
2,5214721,18616
2,5214721,18619
2,5214721,18628
2,5214721,18632
2,5214915,18413
2,5214915,18430
2,5214915,18441
2,5214915,18465
2,5214915,18470
2,5214915,18812
2,5214915,18813
2,5214915,18816
2,5214915,18818
2,5214915,18820
2,5214915,18823
2,5214915,18824
2,5214915,18825
2,5214915,18826
2,5214915,18827
2,5214915,18828
2,5214915,18830
2,5214915,18842
2,5214915,18843
2,5214915,18844
2,5215684,16911
2,5215684,16917
2,5215684,16921
2,5215684,16930
2,5215684,16932
2,5215684,16935
2,5215684,16936
2,5215684,16938
2,5215684,16939
2,5215684,16940
2,5215684,16942
2,5215684,16943
2,5215684,17765
2,5216649,17810
2,5216649,17829
2,5216649,17835
2,5216649,17845
2,5216649,17880
2,5216649,17883
2,5216649,17885
2,5216649,17887
2,5217142,16317
2,5217142,16319
2,5217142,16343
2,5217142,16344
2,5217142,16362
2,5217142,16364
2,5217142,16372
2,5217142,16374
2,5217991,16312
2,5217991,16313
2,5217991,16329
2,5217991,16340
2,5217991,16352
2,5217991,16368
2,5217991,16369
2,5217991,16402
2,5217991,16416
2,5217991,16420
2,5217991,16436
2,5218076,15004
2,5218076,15019
2,5218076,15038
2,5218076,15057
2,5218076,15311
2,5218076,15313
2,5218076,15321
2,5218076,15329
2,5218076,15332
2,5218076,15333
2,5218076,15339
2,5218076,15345
2,5218076,15358
2,5218076,15360
2,5218076,15361
2,5218076,15363
2,5218076,15365
2,5218076,15366
2,5218076,15367
2,5218076,15368
2,5218076,15377
2,5218076,15378
2,5218076,15379
2,5218076,15423
2,5218076,15427
2,5218076,15429
2,5218076,15432
2,5218076,15434
2,5218273,18405
2,5218273,18415
2,5218273,18417
2,5218273,18427
2,5218273,18436
2,5218273,18437
2,5218273,18438
2,5218273,18439
2,5218273,18443
2,5218273,18445
2,5218273,18449
2,5218273,18453
2,5218273,18454
2,5218273,18455
2,5218273,18456
2,5218273,18459
2,5218273,18460
2,5218273,18461
2,5218273,18462
2,5218273,18463
2,5218273,18469
2,5219013,15072
2,5219013,15087
2,5219013,15448
2,5219013,15479
2,5219013,15611
2,5219013,15612
2,5219013,15613
2,5219013,15615
2,5219013,15616
2,5219013,15617
2,5219013,15619
2,5219013,15622
2,5219013,15623
2,5219013,15624
2,5219013,15625
2,5219013,15628
2,5219013,15633
2,5219013,15635
2,5219013,15636
2,5219013,15639
2,5219013,15640
2,5219013,15641
2,5219013,15646
2,5219013,15647
2,5219013,15655
2,5219013,15660
2,5219013,15662
2,5219013,15663
2,5219013,15671
2,5219013,15675
2,5219013,15676
2,5219013,15677
2,5219013,15678
2,5219013,15679
2,5219013,15680
2,5219013,15684
2,5219013,15685
2,5219013,15687
2,5219013,15688
2,5219013,15689
2,5219013,15691
2,5219013,15692
2,5219013,15693
2,5219013,15695
2,5219013,15696
2,5219013,15779
2,5219013,15923
2,5219013,15954
2,5220239,18615
2,5220239,18623
2,5220239,18629
2,5220355,17309
2,5220355,17311
2,5220355,17312
2,5220355,17319
2,5220355,17321
2,5220355,17323
2,5220355,17329
2,5220355,17339
2,5220355,17352
2,5220355,17354
2,5220355,17355
2,5220355,17358
2,5220355,17364
2,5220355,17365
2,5220355,17371
2,5221078,02872
2,5223601,02801
2,5223601,02837
2,5224162,02802
2,5224162,02815
2,5224162,02823
2,5224162,02824
2,5224162,02826
2,5224162,02831
2,5224162,02838
2,5224162,02839
2,5224162,02858
2,5224162,02876
2,5224162,02915
2,5224162,02916
2,5225535,02807
2,5225535,02836
2,5225535,02873
2,5225535,02874
2,5225535,02875
2,5225535,02877
2,5225535,02879
2,5225535,02880
2,5225535,02883
2,5225535,02892
2,5225535,02894
2,5225535,02898
2,5226093,57375
2,5226093,57383
2,5226183,57324
2,5226183,57348
2,5226183,57379
2,5226183,57381
2,5226183,57384
2,5226183,57386
2,5226441,57063
2,5226536,57061
2,5226536,57220
2,5226536,57276
2,5226553,57426
2,5226553,57427
2,5226553,57432
2,5226553,57433
2,5226553,57439
2,5226553,57441
2,5226553,57446
2,5226553,57449
2,5226553,57474
2,5226553,57479
2,5226553,57481
2,5226565,57370
2,5226588,57341
2,5226849,57329
2,5226849,57342
2,5226849,57361
2,5226849,57367
2,5226904,57217
2,5226904,57236
2,5226904,57258
2,5226904,57271
2,5226904,57278
2,5226904,57322
2,5226970,57235
2,5226970,57243
2,5226970,57245
2,5226970,57263
2,5226970,57272
2,5226973,57010
2,5226973,57037
2,5226973,57073
2,5227222,57334
2,5227222,57363
2,5227240,57219
2,5227240,57239
2,5227240,57261
2,5227240,57422
2,5227240,57468
2,5227295,57213
2,5227295,57218
2,5227295,57237
2,5227295,57238
2,5227295,57268
2,5227372,57330
2,5227372,57344
2,5227372,57364
2,5227535,57448
2,5227535,57471
2,5227752,57435
2,5227752,57466
2,5227752,57467
2,5227752,57470
2,5227752,57473
2,5228179,57216
2,5228179,57246
2,5228179,57251
2,5228179,57259
2,5228179,57264
2,5228179,57265
2,5228179,57269
2,5228223,57317
2,5228223,57335
2,5228223,57529
2,5228223,57538
2,5228223,57571
2,5228291,57221
2,5228291,57242
2,5228291,57248
2,5228302,57371
2,5228302,57373
2,5228308,57332
2,5228308,57340
2,5228654,57522
2,5228654,57536
2,5228688,57331
2,5228688,57354
2,5228693,57346
2,5228693,57540
2,5228817,57312
2,5228817,57358
2,5228997,57051
2,5228997,57214
2,5228997,57233
2,5228997,57353
2,5229128,57016
2,5229128,57050
2,5229128,57054
2,5229128,57057
2,5229128,57075
2,5229128,57076
2,5229313,57027
2,5229313,57034
2,5229494,57365
2,5229494,57569
2,5229494,57576
2,5229574,57232
2,5229574,57247
2,5229574,57421
2,5229574,57454
2,5229622,57048
2,5229622,57319
2,5229622,57374
2,5229653,57457
2,5229775,57321
2,5229775,57323
2,5229775,57337
2,5229782,57041
2,5229782,57055
2,5229837,57024
2,5229837,57065
2,5230591,57450
2,5230591,57455
2,5230591,57475
2,5230872,57224
2,5230872,57227
2,5230872,57255
2,5230872,57256
2,5230872,57257
2,5230872,57260
2,5230872,57266
2,5231251,57314
2,5231251,57359
2,5231992,57424
2,5231992,57429
2,5231992,57434
2,5231992,57436
2,5231992,57440
2,5231992,57460
2,5231992,57461
2,5231992,57465
2,5231992,57476
2,5231992,57477
2,5232417,57528
2,5232417,57534
2,5232417,57541
2,5232417,57584
2,5232458,57015
2,5232458,57021
2,5232458,57036
2,5232458,57047
2,5232702,57420
2,5232702,57452
2,5232702,57631
2,5233056,57031
2,5233056,57040
2,5233056,57046
2,5233056,57067
2,5233056,57072
2,5233146,05469
2,5233146,05472
2,5233146,05473
2,5233146,05669
2,5233146,05740
2,5233146,05747
2,5233146,05748
2,5233146,05753
2,5233146,05760
2,5233146,05770
2,5233146,05778
2,5233748,05152
2,5233748,05251
2,5233748,05252
2,5233748,05253
2,5233748,05260
2,5233748,05262
2,5233748,05340
2,5233748,05350
2,5233748,05352
2,5233748,05776
2,5234484,05042
2,5234484,05046
2,5234484,05050
2,5234484,05069
2,5234484,05821
2,5234484,05828
2,5234484,05832
2,5234484,05836
2,5234484,05838
2,5234484,05848
2,5234484,05850
2,5234484,05861
2,5234484,05862
2,5234484,05863
2,5234484,05866
2,5234484,05867
2,5234484,05871
2,5234484,05873
2,5234861,05451
2,5234861,05462
2,5234861,05466
2,5234861,05489
2,5234861,05490
2,5234861,05494
2,5235945,05824
2,5235945,05837
2,5235945,05840
2,5235945,05858
2,5235945,05901
2,5235945,05902
2,5235945,05903
2,5235945,05904
2,5235945,05907
2,5236279,05441
2,5236279,05447
2,5236279,05448
2,5236279,05454
2,5236279,05455
2,5236279,05457
2,5236279,05459
2,5236279,05460
2,5236279,05471
2,5236279,05481
2,5236279,05483
2,5236279,05485
2,5236542,05440
2,5236542,05458
2,5236542,05463
2,5236542,05486
2,5237839,05442
2,5237839,05444
2,5237839,05492
2,5237839,05652
2,5237839,05653
2,5237839,05657
2,5237839,05662
2,5237839,05665
2,5237839,05680
2,5239504,05036
2,5239504,05039
2,5239504,05040
2,5239504,05041
2,5239504,05043
2,5239504,05045
2,5239504,05051
2,5239504,05054
2,5239504,05058
2,5239504,05061
2,5239504,05070
2,5239504,05072
2,5239504,05074
2,5239504,05075
2,5239504,05076
2,5239504,05077
2,5239504,05079
2,5239504,05081
2,5239504,05083
2,5239504,05085
2,5239504,05086
2,5239520,05820
2,5239520,05825
2,5239520,05826
2,5239520,05827
2,5239520,05829
2,5239520,05833
2,5239520,05839
2,5239520,05841
2,5239520,05842
2,5239520,05845
2,5239520,05847
2,5239520,05853
2,5239520,05857
2,5239520,05868
2,5239520,05872
2,5239520,05874
2,5240516,05730
2,5240516,05731
2,5240516,05732
2,5240516,05736
2,5240516,05738
2,5240516,05741
2,5240516,05742
2,5240516,05744
2,5240516,05745
2,5240516,05750
2,5240516,05751
2,5240516,05757
2,5240516,05759
2,5240516,05765
2,5240516,05774
2,5242529,05640
2,5242529,05647
2,5242529,05648
2,5242529,05650
2,5242529,05651
2,5242529,05658
2,5242529,05664
2,5242529,05666
2,5242529,05667
2,5242529,05673
2,5242529,05674
2,5242529,05677
2,5242529,05681
2,5242529,05682
2,5243051,05141
2,5243051,05146
2,5243051,05155
2,5243051,05158
2,5243051,05159
2,5243051,05341
2,5243051,05342
2,5243051,05344
2,5243051,05351
2,5243051,05354
2,5243051,05355
2,5243051,05356
2,5243051,05357
2,5243051,05358
2,5243051,05359
2,5243051,05360
2,5243051,05361
2,5243051,05362
2,5243051,05363
2,5243062,05031
2,5243062,05034
2,5243062,05035
2,5243062,05037
2,5243062,05048
2,5243062,05049
2,5243062,05052
2,5243062,05053
2,5243062,05056
2,5243062,05062
2,5243062,05065
2,5243062,05067
2,5243062,05071
2,5243062,05073
2,5243062,05084
2,5243062,05142
2,5243062,05151
2,5243062,05153
2,5243062,05746
2,5243062,05767
2,5243062,05772
2,5243559,53936
2,5243559,54613
2,5244249,54514
2,5244249,54517
2,5244249,54846
2,5244249,54850
2,5244249,54855
2,5244249,54861
2,5244742,54733
2,5244742,54762
2,5244742,54813
2,5244742,54818
2,5244742,54826
2,5244742,54841
2,5244742,54857
2,5244967,54814
2,5244967,54816
2,5244967,54821
2,5244967,54827
2,5244967,54832
2,5244967,54839
2,5244967,54844
2,5244967,54856
2,5244967,54865
2,5246898,54229
2,5247108,54622
2,5247108,54743
2,5247108,54756
2,5247230,54830
2,5247230,54845
2,5247444,54160
2,5248507,54745
2,5248507,54748
2,5248812,54405
2,5248812,54420
2,5248812,54422
2,5248812,54436
2,5248812,54493
2,5248812,54498
2,5248812,54746
2,5249193,53928
2,5249193,53935
2,5249193,53957
2,5249701,54626
2,5249701,54628
2,5249701,54640
2,5249701,54645
2,5249701,54654
2,5249701,54657
2,5250074,53558
2,5250074,53571
2,5250710,53003
2,5250710,53016
2,5250710,53047
2,5250710,53078
2,5250710,53098
2,5250710,53099
2,5250710,53557
2,5250710,53922
2,5250768,54202
2,5250768,54209
2,5250768,54210
2,5250768,54211
2,5250768,54212
2,5250768,54213
2,5250768,54226
2,5250768,54246
2,5250831,54820
2,5250831,54836
2,5250831,54838
2,5250831,54842
2,5250831,54854
2,5250831,54874
2,5250831,54890
2,5251040,54734
2,5251040,54735
2,5251040,54737
2,5251040,54749
2,5251040,54763
2,5251040,54764
2,5251040,54765
2,5251040,54772
2,5253306,54120
2,5253306,54542
2,5253356,53049
2,5253356,53079
2,5253356,53931
2,5253356,54979
2,5253400,54103
2,5253400,54511
2,5254832,53518
2,5254832,53801
2,5254832,53802
2,5254832,53810
2,5254832,53812
2,5254832,53816
2,5254832,53817
2,5254832,53824
2,5254832,53825
2,5254832,53827
2,5254978,53522
2,5254978,53550
2,5255015,53926
2,5255015,53939
2,5255015,53947
2,5257509,53526
2,5257509,53535
2,5257509,53544
2,5257509,53580
2,5257533,54525
2,5257533,54536
2,5257533,54559
2,5257533,54565
2,5257673,54611
2,5257673,54635
2,5257673,54642
2,5257673,54643
2,5257673,54659
2,5257788,53137
2,5258193,53944
2,5258193,53962
2,5258193,54637
2,5258193,54641
2,5258396,53101
2,5258396,53102
2,5258396,53152
2,5258396,53179
2,5258396,53192
2,5258396,53194
2,5258961,54644
2,5259061,53541
2,5259061,53587
2,5259061,53599
2,5259487,54418
2,5259487,54424
2,5259487,54428
2,5259487,54430
2,5259487,54462
2,5259487,54464
2,5259487,54465
2,5259487,54485
2,5259487,54491
2,5259991,54435
2,5259991,54442
2,5259991,54532
2,5261587,53063
2,5261587,54207
2,5261587,54215
2,5261587,54227
2,5261587,54240
2,5261790,54408
2,5261790,54417
2,5261790,54427
2,5261790,54429
2,5261790,54432
2,5261790,54471
2,5261790,54488
2,5261856,54102
2,5261856,54104
2,5261856,54119
2,5261856,54125
2,5261856,54156
2,5261856,54159
2,5261856,54161
2,5261914,53920
2,5261914,53930
2,5261914,53953
2,5261914,54960
2,5263335,54620
2,5263335,54638
2,5263335,54649
2,5263335,54662
2,5263335,54666
2,5265518,54101
2,5265518,54138
2,5265518,54141
2,5265518,54149
2,5265518,54171
2,5265518,54175
2,5265726,54463
2,5265726,54529
2,5265726,54531
2,5265726,54539
2,5265726,54543
2,5265726,54548
2,5265726,54564
2,5266044,54131
2,5266044,54152
2,5266044,54155
2,5266044,54922
2,5266044,54942
2,5266547,54721
2,5266547,54769
2,5266878,54003
2,5266878,54010
2,5266878,54014
2,5266878,54723
2,5266878,54750
2,5267654,54006
2,5267654,54026
2,5267787,54407
2,5267787,54423
2,5267787,54443
2,5267787,54458
2,5267787,54473
2,5267787,54909
2,5268067,54459
2,5268067,54513
2,5268067,54515
2,5268067,54524
2,5268067,54537
2,5268253,53139
2,5268859,53540
2,5268859,53924
2,5269209,53501
2,5269209,53505
2,5269209,53542
2,5269777,54526
2,5269777,54530
2,5269777,54563
2,5269777,54731
2,5269777,54766
2,5269777,54895
2,5270199,54007
2,5270199,54027
2,5270199,54082
2,5272232,53561
2,5272232,53937
2,5272232,53941
2,5272232,53942
2,5272232,53943
2,5272232,53961
2,5272272,54828
2,5272272,54834
2,5272272,54835
2,5272272,54862
2,5272272,54867
2,5272272,54876
2,5272272,54896
2,5272875,54127
2,5272875,54137
2,5272875,54182
2,5272875,54416
2,5272875,54450
2,5272875,54928
2,5272875,54948
2,5272875,54978
2,5272899,53023
2,5272899,53026
2,5272899,53093
2,5275451,54433
2,5275451,54434
2,5275451,54439
2,5275451,54447
2,5275451,54490
2,5276086,54625
2,5276086,54760
2,5277134,54621
2,5277134,54624
2,5277134,54632
2,5277134,54652
2,5277222,54512
2,5277222,54519
2,5277222,54540
2,5277222,54545
2,5277222,54554
2,5277222,54557
2,5277222,54558
2,5277222,54560
2,5277222,54561
2,5277773,53138
2,5277773,53148
2,5277773,53176
2,5277773,53195
2,5277858,54817
2,5277858,54870
2,5277858,54875
2,5277858,54888
2,5277887,53017
2,5277887,53033
2,5278054,53064
2,5278054,53069
2,5278054,53127
2,5278089,54926
2,5278089,54933
2,5278089,54962
2,5278089,54969
2,5278089,54977
2,5278147,54930
2,5278147,54943
2,5278147,54965
2,5278147,54967
2,5279387,54934
2,5279387,54947
2,5279387,54964
2,5279387,54980
2,5279387,54985
2,5279557,54410
2,5279557,54413
2,5279557,54415
2,5279557,54454
2,5279557,54475
2,5280114,26035
2,5280114,26058
2,5280114,26075
2,5280351,26056
2,5280563,26060
2,5290270,85605
2,5290270,85606
2,5290270,85609
2,5290270,85610
2,5290270,85613
2,5290270,85615
2,5290270,85617
2,5290270,85625
2,5290270,85627
2,5290270,85632
2,5290270,85670
2,5290307,85931
2,5290307,86015
2,5290307,86016
2,5290307,86024
2,5290307,86036
2,5290307,86038
2,5290307,86052
2,5290307,86053
2,5290307,86435
2,5295877,85192
2,5295877,85545
2,5296368,85535
2,5296368,85536
2,5296368,85551
2,5296837,85922
2,5301323,85328
2,5301323,85371
2,5303754,85127
2,5303754,85190
2,5303754,85236
2,5303754,85264
2,5303754,85309
2,5303754,85322
2,5303754,85329
2,5303754,85339
2,5303754,85342
2,5303754,85343
2,5303754,85354
2,5303754,85355
2,5305206,85360
2,5305206,86411
2,5305206,86412
2,5305206,86426
2,5305206,86427
2,5305206,86431
2,5305206,86432
2,5305206,86433
2,5305206,86436
2,5305206,86437
2,5305206,86438
2,5305206,86443
2,5305206,86445
2,5306233,85923
2,5306233,85926
2,5306233,85928
2,5306233,85929
2,5306233,85933
2,5306233,85934
2,5306233,85935
2,5306233,85942
2,5306233,86029
2,5306233,86030
2,5306233,86031
2,5306233,86034
2,5306233,86042
2,5306233,86520
2,5308878,85341
2,5308878,85619
2,5308878,85633
2,5308878,85639
2,5308878,85652
2,5308878,85654
2,5308916,85121
2,5308916,85141
2,5308916,85145
2,5308916,85191
2,5308916,85658
2,5313135,85611
2,5313135,85640
2,5313135,85645
2,5321860,86320
2,5321860,86327
2,5321860,86329
2,5321860,86331
2,5321860,86332
2,5321860,86335
2,5321860,86337
2,5321860,86338
2,5321860,86340
2,5321860,86341
2,5321860,86343
2,5322057,85333
2,5322057,85347
2,5323414,95646
2,5323414,96120
2,5323622,95601
2,5323622,95629
2,5323622,95644
2,5323622,95654
2,5323622,95675
2,5323622,95689
2,5323622,95699
2,5332191,95930
2,5332191,95940
2,5332191,95941
2,5332191,95958
2,5332191,95974
2,5332191,95978
2,5332628,95221
2,5332628,95225
2,5332628,95226
2,5332628,95229
2,5332628,95232
2,5332628,95233
2,5332628,95248
2,5332628,95251
2,5332628,95254
2,5332628,95257
2,5338872,95950
2,5338872,95970
2,5338872,95979
2,5339268,94516
2,5339268,94569
2,5345659,95623
2,5345659,95633
2,5345659,95635
2,5345659,95636
2,5345659,95651
2,5345659,95656
2,5345659,95664
2,5345659,95672
2,5345659,95720
2,5345659,95721
2,5345659,95735
2,5345659,96142
2,5350964,93605
2,5350964,93607
2,5350964,93608
2,5350964,93621
2,5350964,93624
2,5350964,93627
2,5350964,93628
2,5350964,93634
2,5350964,93641
2,5350964,93642
2,5350964,93649
2,5350964,93651
2,5350964,93652
2,5350964,93667
2,5350964,93675
2,5352462,95913
2,5352462,95920
2,5352462,95939
2,5352462,95943
2,5359067,92222
2,5359067,92259
2,5359067,92266
2,5359067,92283
2,5359067,92331
2,5359604,92384
2,5359604,92389
2,5359604,93522
2,5359604,93530
2,5359604,93542
2,5359604,93549
2,5362932,93220
2,5362932,93224
2,5362932,93226
2,5362932,93250
2,5362932,93251
2,5362932,93255
2,5362932,93276
2,5362932,93287
2,5362932,93518
2,5362932,93519
2,5362932,93523
2,5362932,93524
2,5362932,93528
2,5362932,93531
2,5362932,93554
2,5364466,95424
2,5364466,95435
2,5364466,95443
2,5364466,95493
2,5368381,90069
2,5368381,90090
2,5368381,90094
2,5368381,90209
2,5368381,90210
2,5368381,90211
2,5368381,90212
2,5368381,90213
2,5368381,90230
2,5368381,90231
2,5368381,90232
2,5368381,90233
2,5368381,90272
2,5368381,90274
2,5368381,90291
2,5368381,90292
2,5368381,90293
2,5368381,90294
2,5368381,90295
2,5368381,90296
2,5368381,90710
2,5368381,90731
2,5368381,90732
2,5368381,90733
2,5368381,90734
2,5368381,90744
2,5368381,90748
2,5368381,91020
2,5368381,91021
2,5368381,91023
2,5368381,91040
2,5368381,91041
2,5368381,91042
2,5368381,91043
2,5368381,91046
2,5368381,91214
2,5368381,91224
2,5368381,91302
2,5368381,91303
2,5368381,91304
2,5368381,91305
2,5368381,91306
2,5368381,91307
2,5368381,91308
2,5368381,91309
2,5368381,91311
2,5368381,91313
2,5368381,91316
2,5368381,91321
2,5368381,91322
2,5368381,91324
2,5368381,91325
2,5368381,91326
2,5368381,91327
2,5368381,91328
2,5368381,91329
2,5368381,91330
2,5368381,91331
2,5368381,91333
2,5368381,91334
2,5368381,91335
2,5368381,91337
2,5368381,91340
2,5368381,91341
2,5368381,91342
2,5368381,91343
2,5368381,91344
2,5368381,91345
2,5368381,91346
2,5368381,91351
2,5368381,91352
2,5368381,91353
2,5368381,91356
2,5368381,91357
2,5368381,91364
2,5368381,91365
2,5368381,91367
2,5368381,91371
2,5368381,91372
2,5368381,91386
2,5368381,91387
2,5368381,91392
2,5368381,91393
2,5368381,91394
2,5368381,91395
2,5368381,91396
2,5368381,91401
2,5368381,91402
2,5368381,91403
2,5368381,91404
2,5368381,91405
2,5368381,91406
2,5368381,91407
2,5368381,91408
2,5368381,91409
2,5368381,91410
2,5368381,91411
2,5368381,91412
2,5368381,91413
2,5368381,91416
2,5368381,91423
2,5368381,91426
2,5368381,91436
2,5368381,91470
2,5368381,91482
2,5368381,91495
2,5368381,91496
2,5368381,91499
2,5368381,91601
2,5368381,91602
2,5368381,91603
2,5368381,91604
2,5368381,91605
2,5368381,91606
2,5368381,91607
2,5368381,91608
2,5368381,91609
2,5368381,91610
2,5368381,91611
2,5368381,91612
2,5368381,91614
2,5368381,91615
2,5368381,91616
2,5368381,91617
2,5368381,91618
2,5368381,91714
2,5368381,91715
2,5368381,91716
2,5368381,91759
2,5368381,93544
2,5368381,93553
2,5368381,93563
2,5369578,93643
2,5369578,93645
2,5369578,93653
2,5369578,93669
2,5370468,94904
2,5370468,94920
2,5370468,94929
2,5370468,94933
2,5370468,94938
2,5370468,94940
2,5370468,94946
2,5370468,94950
2,5370468,94963
2,5370468,94964
2,5370468,94971
2,5370468,94974
2,5370594,93623
2,5370594,95311
2,5370594,95318
2,5370594,95325
2,5370594,95389
2,5372163,95410
2,5372163,95417
2,5372163,95427
2,5372163,95429
2,5372163,95432
2,5372163,95445
2,5372163,95456
2,5372163,95459
2,5372163,95463
2,5372163,95466
2,5372163,95468
2,5372163,95488
2,5372163,95494
2,5372163,95585
2,5372163,95587
2,5372259,93636
2,5372259,93661
2,5372259,95303
2,5372259,95312
2,5372259,95317
2,5372259,95324
2,5372259,95369
2,5372259,95374
2,5374091,93512
2,5374091,93541
2,5374091,96107
2,5374091,96133
2,5374376,93426
2,5374376,93921
2,5374376,93922
2,5374376,93923
2,5374376,93924
2,5374376,93928
2,5374376,93932
2,5374376,93953
2,5374376,93954
2,5374376,95004
2,5374376,95039
2,5376101,94562
2,5376101,94567
2,5376101,94573
2,5376509,95712
2,5376509,95724
2,5376509,95728
2,5376509,95924
2,5376509,95960
2,5376509,95977
2,5376509,95986
2,5376509,96111
2,5379524,90742
2,5379524,90743
2,5379524,92609
2,5379524,92610
2,5379524,92624
2,5379524,92625
2,5379524,92650
2,5379524,92655
2,5379524,92657
2,5379524,92676
2,5379524,92811
2,5383537,95703
2,5383537,95714
2,5383537,95715
2,5383537,95717
2,5383537,95736
2,5383537,96141
2,5383537,96145
2,5383537,96146
2,5383832,95915
2,5383832,95923
2,5383832,95934
2,5383832,95956
2,5383832,95980
2,5383832,95983
2,5383832,95984
2,5383832,96103
2,5383832,96105
2,5383832,96106
2,5383832,96129
2,5383832,96135
2,5387890,91752
2,5387890,92239
2,5387890,92258
2,5387890,92282
2,5387890,92518
2,5387890,92561
2,5387890,92585
2,5387890,92586
2,5387890,92587
2,5389519,95615
2,5389519,95639
2,5389519,95652
2,5389519,95655
2,5389519,95671
2,5389519,95680
2,5389519,95683
2,5391692,95043
2,5391692,95075
2,5391726,91743
2,5391726,92242
2,5391726,92248
2,5391726,92267
2,5391726,92268
2,5391726,92280
2,5391726,92285
2,5391726,92304
2,5391726,92305
2,5391726,92317
2,5391726,92318
2,5391726,92321
2,5391726,92322
2,5391726,92323
2,5391726,92327
2,5391726,92332
2,5391726,92333
2,5391726,92338
2,5391726,92339
2,5391726,92341
2,5391726,92342
2,5391726,92347
2,5391726,92364
2,5391726,92365
2,5391726,92366
2,5391726,92368
2,5391726,92369
2,5391726,92378
2,5391726,92385
2,5391726,92386
2,5391726,92391
2,5391726,93558
2,5391726,93562
2,5391726,93592
2,5391832,91905
2,5391832,91917
2,5391832,91931
2,5391832,91934
2,5391832,91948
2,5391832,91980
2,5391832,91987
2,5391832,92007
2,5391832,92037
2,5391832,92038
2,5391832,92039
2,5391832,92055
2,5391832,92059
2,5391832,92060
2,5391832,92061
2,5391832,92066
2,5391832,92068
2,5391832,92070
2,5391832,92086
2,5391832,92092
2,5391832,92093
2,5391832,92143
2,5391832,92173
2,5392126,95220
2,5392126,95227
2,5392126,95230
2,5392126,95234
2,5392126,95253
2,5392126,95385
2,5392329,93432
2,5392329,93435
2,5392329,93452
2,5392427,94021
2,5392427,94074
2,5392427,94128
2,5392427,94303
2,5392967,93429
2,5393021,95002
2,5393021,95013
2,5393021,95026
2,5393021,95042
2,5393021,95044
2,5393021,95140
2,5393068,95017
2,5393068,95019
2,5395582,95910
2,5395582,95944
2,5395582,96124
2,5395582,96125
2,5395582,96126
2,5396987,94512
2,5396987,94535
2,5396987,94585
2,5396987,95625
2,5397100,94922
2,5397100,94972
2,5397100,95412
2,5397100,95421
2,5397100,95430
2,5397100,95450
2,5397100,95471
2,5397100,95480
2,5397100,95486
2,5397100,95487
2,5397100,95497
2,5398597,95313
2,5398597,95329
2,5400390,95659
2,5400390,95668
2,5400390,95674
2,5400390,95676
2,5400390,95957
2,5403789,93207
2,5403789,93208
2,5403789,93237
2,5403789,93244
2,5403789,93260
2,5403789,93262
2,5403789,93282
2,5403789,93603
2,5403789,93619
2,5403789,93633
2,5403789,93670
2,5403973,95305
2,5403973,95309
2,5403973,95335
2,5403973,95346
2,5403973,95347
2,5403973,95364
2,5403973,95373
2,5403973,95375
2,5403973,95379
2,5405889,91319
2,5405889,91320
2,5405889,91359
2,5405889,91361
2,5405889,93042
2,5405889,93043
2,5405889,93064
2,5405889,93066
2,5410882,95606
2,5410882,95607
2,5410882,95612
2,5410882,95637
2,5410882,95679
2,5410882,95697
2,5410882,95698
2,5411026,95903
2,5411026,95918
2,5411026,95919
2,5411026,95922
2,5411026,95925
2,5411026,95962
2,5411026,95972
2,5411026,95981
2,5411363,80024
2,5411363,80137
2,5411363,80221
2,5411363,80229
2,5411363,80233
2,5411363,80234
2,5411363,80260
2,5411363,80614
2,5411363,80640
2,5412056,80010
2,5412056,80012
2,5412056,80013
2,5412056,80014
2,5412056,80015
2,5412056,80016
2,5412056,80017
2,5412056,80018
2,5412056,80041
2,5412056,80044
2,5412056,80046
2,5412056,80047
2,5412082,81121
2,5412082,81128
2,5412453,81029
2,5412453,81064
2,5412453,81084
2,5412453,81087
2,5413481,81038
2,5413481,81044
2,5413481,81057
2,5416621,81227
2,5416621,81228
2,5416621,81236
2,5416840,80802
2,5416840,80825
2,5416840,80862
2,5417183,80436
2,5417183,80438
2,5417183,80476
2,5417799,81124
2,5417799,81148
2,5418130,81123
2,5418130,81126
2,5418130,81133
2,5418130,81138
2,5418687,81033
2,5418687,81034
2,5418687,81062
2,5418687,81076
2,5418854,81253
2,5419338,81410
2,5419338,81414
2,5419338,81415
2,5419338,81418
2,5419338,81420
2,5419761,81320
2,5419761,81332
2,5419891,80116
2,5419891,80118
2,5419891,80124
2,5419891,80125
2,5419891,80126
2,5419891,80129
2,5419891,80130
2,5419891,80131
2,5419891,80135
2,5419891,80163
2,5420332,80423
2,5420332,80426
2,5420332,80463
2,5420332,81649
2,5420332,81655
2,5420926,80809
2,5420926,80819
2,5420926,80831
2,5420926,80832
2,5420926,80833
2,5420926,80840
2,5420926,80841
2,5420926,80864
2,5420936,80101
2,5420936,80106
2,5420936,80830
2,5422448,81221
2,5422448,81222
2,5422448,81223
2,5422448,81232
2,5422448,81244
2,5422987,80422
2,5422987,80474
2,5424092,81210
2,5424092,81237
2,5424092,81239
2,5424092,81241
2,5424092,81243
2,5424092,81434
2,5425737,81040
2,5426503,80021
2,5426503,80123
2,5426503,80127
2,5426503,80128
2,5426503,80162
2,5426503,80214
2,5426503,80215
2,5426503,80225
2,5426503,80226
2,5426503,80228
2,5426503,80232
2,5426503,80425
2,5426503,80433
2,5426503,80453
2,5426503,80465
2,5426503,80470
2,5427500,81021
2,5427500,81045
2,5427500,81071
2,5427526,80805
2,5427526,80834
2,5427526,80861
2,5427717,81326
2,5427717,81329
2,5427799,80429
2,5427799,81251
2,5428059,81020
2,5428059,81024
2,5428059,81027
2,5428059,81046
2,5428059,81049
2,5428059,81059
2,5428059,81081
2,5428059,81091
2,5428518,80804
2,5428518,80818
2,5428518,80823
2,5430806,81522
2,5430806,81523
2,5430806,81525
2,5430806,81527
2,5430806,81630
2,5430806,81643
2,5430806,81646
2,5431680,81327
2,5431680,81330
2,5431680,81331
2,5431680,81335
2,5431716,81220
2,5431716,81411
2,5431716,81429
2,5431716,81431
2,5433658,81030
2,5433658,81058
2,5433959,80420
2,5433959,80432
2,5433959,80448
2,5433959,80449
2,5433959,80456
2,5433959,80475
2,5433959,80820
2,5433959,80827
2,5434773,81642
2,5434773,81654
2,5434773,81656
2,5435436,81041
2,5435436,81043
2,5435436,81092
2,5435465,81023
2,5435465,81025
2,5435465,81069
2,5436477,81135
2,5436477,81154
2,5437350,81131
2,5437350,81143
2,5437350,81155
2,5437350,81248
2,5437707,81325
2,5437707,81426
2,5437707,81430
2,5441188,80814
2,5441188,80816
2,5441188,80860
2,5443305,80740
2,5443305,80743
2,5443305,80757
2,5443305,80801
2,5443305,80812
2,5444907,80727
2,5444907,80735
2,5444907,80755
2,5444907,80822
2,5444907,80824
2,5445155,67731
2,5445268,67635
2,5445268,67643
2,5445268,67653
2,5445392,67868
2,5445489,67737
2,5445489,67738
2,5445489,67751
2,5445511,67837
2,5445511,67841
2,5445511,67853
2,5445544,67836
2,5445544,67857
2,5445806,67850
2,5445855,67747
2,5445855,67748
2,5445855,67764
2,5446023,67953
2,5446023,67954
2,5446276,67739
2,5446276,67744
2,5446276,67745
2,5446445,67859
2,5446459,67757
2,5446470,67733
2,5446470,67741
2,5446561,67862
2,5446576,67952
2,5446632,67732
2,5446632,67734
2,5446632,67743
2,5446632,67753
2,5446712,67761
2,5446712,67762
2,5446780,67863
2,5457180,87022
2,5457180,87047
2,5457180,87117
2,5457180,87174
2,5460788,87820
2,5460788,87821
2,5460788,87824
2,5460788,87827
2,5460788,87829
2,5460788,88039
2,5461428,88253
2,5462019,87005
2,5462019,87007
2,5462019,87014
2,5462019,87038
2,5462019,87040
2,5462019,87049
2,5462019,87315
2,5462019,87357
2,5462567,87718
2,5462567,87728
2,5462567,87729
2,5462567,87749
2,5464151,88103
2,5464151,88112
2,5464151,88120
2,5464151,88133
2,5464477,88134
2,5464477,88136
2,5465283,87936
2,5465283,87940
2,5465283,88002
2,5465283,88047
2,5465283,88052
2,5466318,88250
2,5466318,88254
2,5466318,88255
2,5466318,88263
2,5466318,88268
2,5469835,88025
2,5469835,88028
2,5469835,88034
2,5469835,88036
2,5469835,88038
2,5469835,88040
2,5469835,88041
2,5469835,88051
2,5469835,88053
2,5469835,88055
2,5470197,87711
2,5470197,87724
2,5470197,88353
2,5470197,88417
2,5470197,88431
2,5470675,87730
2,5470675,87743
2,5470675,87746
2,5471293,88009
2,5471293,88020
2,5471293,88056
2,5475594,88114
2,5475594,88213
2,5475594,88262
2,5475594,88264
2,5475594,88265
2,5475934,88312
2,5475934,88318
2,5475934,88323
2,5475934,88324
2,5475934,88336
2,5475934,88338
2,5475934,88341
2,5475934,88343
2,5475934,88348
2,5475934,88351
2,5478585,87045
2,5478585,87310
2,5478585,87312
2,5478585,87316
2,5478585,87317
2,5478585,87319
2,5478585,87320
2,5478585,87321
2,5478585,87322
2,5478585,87326
2,5478585,87327
2,5478585,87347
2,5478585,87365
2,5478585,87375
2,5480123,87712
2,5480123,87713
2,5480123,87715
2,5480123,87722
2,5480123,87723
2,5480123,87734
2,5480123,87735
2,5480123,87736
2,5480123,87750
2,5480123,87752
2,5480123,87753
2,5482932,88081
2,5482932,88314
2,5482932,88325
2,5482932,88339
2,5482932,88342
2,5482932,88344
2,5482932,88347
2,5482932,88349
2,5482932,88350
2,5482932,88354
2,5485605,88121
2,5485605,88411
2,5485605,88427
2,5485605,88430
2,5485605,88433
2,5485605,88434
2,5487732,87012
2,5487732,87017
2,5487732,87029
2,5487732,87064
2,5487732,87510
2,5487732,87511
2,5487732,87515
2,5487732,87516
2,5487732,87518
2,5487732,87523
2,5487732,87531
2,5487732,87539
2,5487732,87548
2,5487732,87551
2,5487732,87554
2,5487732,87581
2,5488372,88113
2,5488372,88115
2,5488372,88116
2,5488372,88118
2,5488372,88122
2,5488372,88123
2,5488372,88125
2,5488372,88126
2,5488372,88132
2,5489698,87037
2,5489698,87364
2,5489698,87412
2,5489698,87416
2,5489698,87419
2,5489698,87455
2,5489698,87461
2,5489818,87538
2,5489818,87560
2,5489818,87562
2,5489818,87565
2,5489818,87569
2,5489818,87573
2,5489818,87583
2,5489818,87731
2,5489818,87742
2,5489818,87745
2,5489818,88416
2,5489818,88421
2,5489818,88439
2,5490135,87018
2,5490135,87025
2,5490135,87027
2,5490135,87044
2,5490135,87046
2,5490135,87053
2,5490135,87072
2,5490272,87010
2,5490272,87056
2,5490272,87535
2,5490272,87540
2,5490272,87567
2,5491395,87654
2,5491395,87930
2,5491395,87931
2,5491395,87933
2,5491395,87939
2,5491395,87942
2,5491395,87943
2,5491395,88042
2,5492031,87011
2,5492031,87028
2,5492031,87062
2,5492031,87823
2,5492031,87828
2,5492031,87831
2,5492031,87832
2,5493780,87512
2,5493780,87513
2,5493780,87517
2,5493780,87519
2,5493780,87521
2,5493780,87524
2,5493780,87525
2,5493780,87529
2,5493780,87543
2,5493780,87549
2,5493780,87558
2,5493780,87564
2,5493780,87576
2,5493780,87577
2,5493780,87579
2,5493780,87580
2,5494881,87009
2,5494881,87061
2,5494881,87063
2,5494881,87070
2,5494881,88321
2,5495841,88410
2,5495841,88414
2,5495841,88418
2,5495841,88419
2,5495841,88422
2,5495841,88424
2,5495841,88436
2,5496319,87006
2,5496319,87034
2,5501879,88901
2,5501879,88905
2,5501879,89004
2,5501879,89019
2,5501879,89021
2,5501879,89025
2,5501879,89026
2,5501879,89037
2,5501879,89039
2,5501879,89040
2,5501879,89054
2,5501879,89067
2,5501879,89163
2,5501879,89191
2,5503178,89413
2,5503178,89705
2,5503780,89010
2,5503780,89047
2,5506935,89310
2,5507189,89017
2,5507669,89428
2,5507669,89444
2,5508393,89420
2,5508393,89422
2,5509519,89020
2,5509519,89022
2,5509519,89023
2,5509519,89045
2,5509519,89409
2,5514990,89311
2,5514990,89314
2,5514990,89317
2,5514990,89318
2,5514990,89319
2,5515593,73844
2,5515593,73931
2,5515593,73950
2,5515651,73937
2,5515651,73946
2,5515651,73947
2,5515937,73901
2,5515937,73944
2,5516441,79094
2,5516581,79324
2,5516581,79344
2,5517580,79834
2,5517580,79842
2,5517580,79852
2,5517598,79255
2,5518353,79080
2,5518431,79063
2,5518431,79085
2,5518760,79259
2,5519156,79314
2,5519156,79379
2,5519174,76949
2,5519174,76953
2,5519229,79077
2,5519229,79230
2,5519229,79251
2,5519440,79223
2,5519868,79051
2,5519946,79377
2,5519946,79713
2,5520004,79025
2,5520187,79220
2,5520187,79243
2,5520330,79237
2,5520330,79240
2,5520910,79741
2,5520910,79759
2,5520910,79776
2,5520940,76883
2,5520940,78828
2,5521544,79534
2,5521544,79560
2,5521640,79221
2,5521640,79231
2,5521640,79258
2,5521974,79342
2,5522043,79330
2,5522430,79002
2,5522717,79021
2,5522717,79032
2,5522717,79311
2,5522740,79233
2,5522740,79239
2,5522740,79261
2,5522806,79062
2,5523240,79353
2,5523240,79358
2,5523240,79367
2,5523240,79380
2,5523520,79733
2,5523520,79748
2,5523551,79837
2,5523551,79847
2,5523630,79078
2,5523809,76930
2,5523967,79854
2,5524519,79518
2,5524844,79082
2,5524844,79326
2,5524844,79369
2,5525131,79024
2,5525131,79034
2,5525131,79046
2,5525131,79056
2,5525637,79351
2,5525637,79381
2,5525637,79383
2,5525816,79749
2,5525816,79783
2,5525886,78860
2,5525886,78877
2,5526473,79565
2,5526589,79058
2,5526681,79234
2,5526681,79256
2,5527151,79506
2,5527151,79535
2,5527151,79537
2,5527543,79033
2,5527543,79093
2,5527746,79001
2,5527746,79010
2,5527746,79098
2,5528077,79053
2,5528185,79730
2,5528185,79740
2,5528185,79743
2,5528185,79781
2,5528673,79846
2,5528909,79091
2,5528909,79109
2,5528909,79110
2,5528909,79114
2,5528909,79118
2,5528909,79119
2,5528909,79121
2,5529174,79770
2,5529174,79780
2,5529174,79785
2,5529174,79786
2,5530399,79516
2,5530399,79517
2,5530399,79526
2,5530399,79527
2,5530618,73960
2,5531802,79540
2,5532186,78851
2,5532197,79378
2,5532405,76886
2,5532405,76908
2,5532405,76939
2,5532405,76940
2,5532405,76955
2,5532405,76957
2,5532405,76958
2,5532876,79752
2,5532876,79755
2,5532889,78837
2,5532889,78843
2,5532889,78871
2,5533109,79719
2,5533109,79742
2,5533109,79777
2,5533544,79003
2,5533544,79011
2,5533544,79061
2,5534225,79376
2,5534886,84731
2,5536454,84520
2,5536454,84529
2,5536454,84539
2,5538893,84516
2,5538893,84518
2,5538893,84521
2,5538893,84522
2,5539525,84712
2,5539525,84716
2,5539525,84718
2,5539525,84735
2,5539525,84736
2,5539525,84764
2,5539784,84515
2,5539784,84540
2,5541004,84714
2,5541004,84719
2,5541004,84742
2,5541004,84753
2,5541004,84756
2,5541004,84772
2,5541473,84710
2,5541473,84729
2,5541473,84755
2,5541473,84762
2,5543199,84636
2,5543199,84637
2,5543199,84638
2,5543199,84640
2,5543199,84644
2,5543199,84656
2,5543199,84728
2,5545027,84732
2,5545027,84743
2,5545027,84750
2,5546337,84512
2,5546337,84530
2,5546337,84531
2,5546337,84533
2,5546337,84534
2,5546337,84536
2,5546434,84621
2,5546434,84623
2,5546434,84630
2,5546434,84665
2,5546434,84667
2,5546669,84657
2,5546669,84730
2,5546669,84739
2,5546669,84744
2,5546669,84766
2,5549225,84733
2,5549225,84745
2,5549225,84757
2,5549225,84763
2,5549225,84781
2,5549225,84782
2,5549318,84715
2,5549318,84734
2,5549318,84749
2,5549318,84773
2,5549318,84775
2,5550375,81136
2,5550375,81146
2,5551519,85920
2,5551519,85924
2,5551519,85927
2,5551519,85932
2,5551519,85940
2,5551519,86028
2,5551519,86502
2,5551519,86508
2,5551519,86540
2,5551519,86544
2,5553701,95527
2,5553701,95552
2,5553701,95563
2,5553701,95595
2,5553701,96010
2,5553701,96046
2,5553701,96091
2,5554074,99821
2,5554074,99824
2,5554432,99928
2,5565500,95511
2,5565500,95514
2,5565500,95526
2,5565500,95528
2,5565500,95537
2,5565500,95545
2,5565500,95546
2,5565500,95549
2,5565500,95550
2,5565500,95554
2,5565500,95555
2,5565500,95556
2,5565500,95558
2,5565500,95559
2,5565500,95564
2,5565500,95569
2,5565500,95570
2,5565500,95571
2,5565500,95589
2,5566544,96009
2,5566544,96068
2,5566544,96113
2,5566544,96117
2,5566544,96119
2,5566544,96121
2,5566544,96123
2,5566544,96128
2,5566544,96132
2,5566544,96136
2,5568120,96006
2,5568120,96015
2,5568120,96054
2,5568120,96108
2,5568120,96110
2,5568120,96112
2,5568120,96115
2,5568120,96116
2,5571096,96011
2,5571096,96016
2,5571096,96017
2,5571096,96033
2,5571096,96040
2,5571096,96047
2,5571096,96051
2,5571096,96056
2,5571096,96065
2,5571096,96069
2,5571096,96070
2,5571096,96071
2,5571096,96076
2,5571096,96084
2,5571096,96095
2,5571096,96096
2,5571369,95568
2,5571369,96014
2,5571369,96031
2,5571369,96034
2,5571369,96037
2,5571369,96038
2,5571369,96044
2,5571369,96050
2,5571369,96058
2,5571369,96085
2,5571369,96086
2,5572575,96029
2,5572575,96059
2,5572575,96061
2,5572575,96063
2,5572575,96074
2,5572575,96075
2,5572575,96078
2,5572575,96090
2,5572575,96092
2,5574999,80020
2,5574999,80038
2,5574999,80455
2,5574999,80471
2,5574999,80481
2,5574999,80533
2,5577529,80447
2,5577529,80468
2,5577529,80478
2,5578418,80430
2,5578418,80434
2,5578418,80473
2,5578884,80512
2,5578884,80515
2,5578884,80532
2,5578884,80536
2,5578884,80541
2,5578884,80545
2,5579185,80722
2,5579185,80726
2,5579185,80728
2,5579185,80736
2,5579185,80741
2,5579185,80745
2,5579185,80747
2,5579973,81610
2,5579973,81633
2,5579973,81638
2,5579973,81640
2,5579973,81653
2,5580055,80649
2,5580055,80653
2,5580055,80733
2,5580055,80750
2,5580855,80721
2,5580855,80746
2,5581553,80428
2,5581553,80469
2,5581553,80479
2,5581553,80483
2,5581788,80744
2,5581788,80749
2,5583239,80504
2,5583239,80516
2,5583239,80611
2,5583239,80612
2,5583239,80622
2,5583239,80624
2,5583239,80646
2,5583239,80648
2,5583239,80652
2,5583239,80729
2,5583239,80732
2,5583239,80742
2,5583239,80754
2,5583743,83632
2,5583743,83643
2,5583743,83654
2,5584639,83214
2,5584639,83246
2,5584639,83281
2,5585000,83220
2,5585000,83223
2,5585000,83233
2,5585000,83238
2,5585000,83239
2,5585000,83272
2,5585000,83287
2,5585304,83824
2,5585304,83830
2,5585304,83866
2,5585304,83870
2,5585826,83215
2,5585826,83218
2,5585826,83236
2,5585826,83262
2,5585826,83277
2,5586170,83348
2,5586445,83602
2,5586445,83622
2,5586445,83637
2,5586445,83646
2,5586445,83666
2,5586489,83804
2,5586489,83809
2,5586489,83813
2,5586489,83821
2,5586489,83822
2,5586489,83836
2,5586489,83841
2,5586489,83848
2,5586489,83860
2,5586489,83865
2,5586500,83428
2,5586500,83449
2,5586641,83826
2,5586641,83847
2,5586641,83853
2,5587504,83244
2,5587504,83255
2,5587757,83322
2,5587757,83337
2,5587975,83630
2,5588082,83217
2,5588082,83285
2,5588204,83311
2,5588204,83312
2,5588204,83323
2,5588204,83342
2,5588908,83446
2,5589005,83520
2,5589005,83541
2,5589005,83546
2,5589005,83553
2,5589005,83827
2,5590383,83227
2,5590383,83235
2,5590383,83251
2,5590383,83278
2,5592510,83601
2,5592510,83627
2,5592510,83633
2,5592510,83648
2,5593547,83228
2,5593547,83232
2,5593547,83283
2,5593547,83286
2,5593620,83421
2,5593620,83429
2,5593620,83433
2,5593620,83436
2,5593620,83438
2,5593925,83636
2,5593925,83657
2,5593925,83670
2,5594311,83314
2,5596467,83525
2,5596467,83526
2,5596467,83531
2,5596467,83533
2,5596467,83542
2,5596467,83547
2,5596467,83549
2,5596467,83552
2,5596467,83554
2,5596467,83671
2,5596986,83425
2,5596986,83431
2,5596986,83435
2,5596986,83450
2,5597037,83325
2,5597922,83803
2,5597922,83810
2,5597922,83833
2,5597922,83842
2,5597922,83876
2,5598264,83537
2,5598264,83806
2,5598264,83834
2,5598264,83857
2,5598264,83872
2,5598464,83229
2,5598464,83253
2,5598464,83462
2,5598464,83463
2,5598464,83464
2,5598464,83465
2,5598464,83466
2,5598464,83468
2,5598464,83469
2,5598527,83523
2,5598527,83548
2,5598527,83555
2,5598678,83324
2,5598678,83349
2,5601141,83343
2,5602115,83524
2,5602115,83545
2,5602844,83243
2,5603018,83604
2,5603018,83624
2,5604439,83212
2,5604439,83271
2,5607202,83802
2,5607202,83808
2,5607202,83812
2,5607202,83839
2,5607202,83867
2,5607202,83874
2,5609855,83424
2,5609855,83452
2,5610815,83302
2,5610815,83321
2,5610815,83344
2,5611156,83615
2,5611156,83635
2,5611156,83677
2,5611570,83610
2,5611570,83645
2,5639238,59724
2,5639238,59732
2,5639238,59736
2,5639238,59739
2,5639238,59746
2,5639238,59761
2,5639238,59762
2,5639974,59025
2,5639974,59031
2,5639974,59035
2,5639974,59050
2,5639974,59075
2,5639974,59089
2,5640934,59529
2,5640934,59535
2,5640934,59542
2,5640934,59547
2,5642059,59641
2,5642059,59643
2,5642059,59647
2,5643686,59007
2,5643686,59008
2,5643686,59013
2,5643686,59026
2,5643686,59029
2,5643686,59070
2,5643686,59071
2,5643864,59311
2,5643864,59316
2,5643864,59319
2,5643864,59332
2,5643929,59402
2,5643929,59443
2,5643929,59463
2,5643929,59465
2,5643929,59472
2,5643929,59477
2,5643929,59480
2,5643929,59483
2,5644870,59420
2,5644870,59440
2,5644870,59446
2,5644870,59450
2,5644870,59460
2,5647449,59336
2,5647449,59338
2,5647449,59351
2,5647744,59222
2,5647744,59253
2,5647744,59276
2,5647905,59259
2,5647905,59315
2,5647905,59339
2,5651490,59344
2,5651490,59354
2,5651735,59032
2,5651735,59418
2,5651735,59424
2,5651735,59430
2,5651735,59441
2,5651735,59451
2,5651735,59464
2,5651735,59471
2,5651735,59489
2,5652361,59916
2,5652361,59920
2,5652361,59921
2,5652361,59927
2,5652361,59928
2,5652361,59936
2,5653656,59760
2,5653782,59058
2,5653782,59077
2,5653782,59318
2,5653782,59322
2,5654267,59411
2,5654267,59434
2,5654674,59046
2,5654985,59832
2,5654985,59837
2,5657400,59521
2,5657400,59525
2,5657400,59528
2,5657400,59530
2,5657400,59532
2,5657400,59540
2,5659534,59631
2,5659534,59638
2,5659534,59721
2,5660055,59447
2,5660055,59452
2,5660055,59462
2,5660055,59469
2,5661385,59824
2,5661385,59863
2,5661385,59910
2,5661385,59914
2,5661385,59915
2,5661385,59929
2,5661385,59931
2,5662129,59410
2,5662129,59633
2,5662129,59636
2,5662129,59640
2,5662129,59648
2,5662222,59531
2,5662222,59545
2,5662406,59918
2,5662406,59930
2,5662406,59933
2,5664295,59710
2,5664295,59720
2,5664295,59735
2,5664295,59740
2,5664295,59745
2,5664295,59747
2,5664295,59751
2,5664295,59754
2,5665177,59214
2,5665177,59274
2,5665612,59053
2,5665612,59642
2,5666480,59820
2,5666480,59830
2,5666480,59842
2,5666480,59866
2,5666480,59867
2,5666648,59823
2,5666648,59826
2,5666648,59846
2,5666648,59851
2,5667879,59054
2,5667879,59059
2,5670652,59018
2,5670652,59020
2,5670652,59027
2,5670652,59081
2,5670652,59082
2,5670652,59086
2,5671200,59084
2,5671269,59261
2,5671269,59524
2,5671269,59537
2,5671269,59544
2,5671269,59546
2,5672061,59416
2,5672061,59432
2,5672061,59456
2,5672326,59062
2,5672326,59314
2,5672326,59343
2,5672326,59345
2,5672344,59713
2,5672344,59728
2,5672344,59731
2,5672344,59733
2,5672344,59843
2,5672344,59854
2,5672408,59326
2,5672408,59341
2,5673204,59827
2,5673204,59835
2,5673204,59871
2,5673849,59217
2,5673849,59243
2,5673849,59262
2,5674655,59212
2,5674655,59213
2,5674655,59226
2,5674655,59242
2,5674707,59012
2,5674707,59039
2,5674707,59083
2,5674707,59312
2,5674707,59333
2,5674707,59347
2,5676299,59831
2,5676299,59844
2,5676299,59848
2,5676299,59853
2,5676299,59856
2,5676299,59874
2,5677503,59211
2,5677503,59219
2,5677503,59247
2,5677503,59252
2,5677503,59256
2,5677503,59257
2,5677503,59258
2,5677503,59275
2,5677822,59727
2,5677822,59743
2,5677822,59748
2,5680538,59028
2,5680538,59057
2,5680538,59061
2,5680538,59067
2,5680538,59069
2,5681435,59033
2,5681435,59052
2,5681435,59055
2,5681965,59419
2,5681965,59433
2,5681965,59467
2,5681965,59468
2,5682810,59435
2,5682810,59444
2,5682810,59454
2,5682810,59461
2,5682810,59466
2,5682810,59482
2,5682810,59484
2,5683061,59010
2,5683061,59076
2,5684246,59223
2,5684246,59225
2,5684246,59231
2,5684246,59240
2,5684246,59241
2,5684246,59244
2,5684246,59248
2,5684246,59250
2,5684246,59260
2,5684246,59273
2,5685886,59078
2,5685886,59085
2,5685886,59453
2,5687489,59002
2,5687489,59006
2,5687489,59015
2,5687489,59024
2,5687489,59037
2,5687489,59064
2,5687646,58649
2,5688020,58627
2,5688108,58384
2,5688108,58711
2,5688108,58748
2,5688108,58750
2,5688108,58760
2,5688108,58762
2,5688108,58783
2,5688108,58793
2,5688138,58651
2,5688138,58653
2,5688254,58727
2,5688254,58737
2,5688254,58752
2,5688254,58772
2,5688254,58773
2,5688266,58477
2,5688266,58494
2,5688266,58532
2,5688266,58558
2,5688266,58560
2,5688266,58572
2,5688792,58765
2,5688792,58833
2,5688792,58844
2,5688859,58625
2,5688859,58626
2,5688859,58636
2,5688859,58644
2,5689006,58524
2,5689006,58542
2,5689006,58544
2,5689006,58549
2,5689006,58573
2,5689315,58632
2,5689315,58654
2,5689375,58562
2,5689375,58564
2,5689375,58569
2,5689621,58650
2,5690436,58710
2,5690436,58712
2,5690436,58713
2,5690436,58731
2,5690436,58736
2,5690436,58741
2,5690436,58744
2,5690436,58768
2,5690436,58789
2,5690436,58792
2,5690440,58634
2,5690440,58831
2,5690440,58835
2,5690440,58838
2,5690440,58847
2,5690448,58531
2,5690448,58559
2,5690448,58565
2,5690448,58716
2,5690448,58723
2,5690448,58759
2,5690448,58775
2,5690448,58778
2,5690489,58541
2,5690489,58580
2,5690583,58520
2,5690583,58535
2,5690583,58566
2,5690614,58769
2,5690614,58771
2,5690614,58776
2,5690614,58794
2,5691033,58313
2,5691033,58385
2,5691264,58740
2,5691264,58782
2,5691264,58787
2,5692064,58430
2,5692064,58444
2,5692064,58758
2,5692108,58568
2,5692108,58570
2,5692146,58643
2,5692348,58630
2,5692348,58641
2,5692348,58655
2,5692348,58656
2,5692798,58704
2,5692798,58705
2,5692798,58725
2,5692798,58733
2,5692798,58734
2,5692798,58735
2,5692798,58756
2,5692798,58779
2,5692798,58781
2,5692940,58755
2,5692940,58795
2,5692940,58830
2,5692940,58843
2,5692940,58845
2,5692940,58853
2,5692940,58856
2,5694236,69023
2,5694236,69027
2,5694243,69135
2,5694243,69211
2,5694243,69212
2,5694243,69216
2,5694243,69218
2,5694243,69219
2,5694243,69220
2,5694243,69221
2,5694258,69131
2,5694258,69141
2,5694258,69149
2,5694258,69156
2,5694727,69354
2,5694727,69367
2,5694776,69122
2,5694963,69030
2,5694963,69037
2,5694963,69041
2,5695504,69028
2,5695504,69038
2,5695504,69039
2,5695559,69147
2,5695559,69148
2,5695796,69333
2,5695796,69366
2,5696203,69040
2,5696203,69043
2,5696644,69127
2,5696644,69144
2,5696644,69146
2,5696690,68753
2,5696690,68759
2,5696719,69128
2,5696719,69133
2,5697026,69123
2,5697026,69132
2,5697026,69151
2,5697026,69169
2,5697026,69170
2,5697710,69125
2,5697710,69331
2,5698262,69134
2,5698262,69150
2,5698262,69168
2,5698593,69001
2,5698593,69020
2,5698593,69026
2,5698593,69036
2,5699397,69352
2,5699397,69353
2,5699397,69355
2,5699519,69335
2,5699519,69340
2,5699519,69351
2,5699519,69365
2,5700112,69142
2,5700112,69161
2,5703673,89823
2,5703673,89826
2,5703673,89828
2,5703673,89830
2,5703673,89831
2,5703673,89833
2,5703673,89834
2,5703766,89821
2,5704974,89404
2,5704974,89414
2,5704974,89421
2,5704974,89425
2,5704974,89426
2,5704974,89438
2,5707263,89418
2,5709906,89402
2,5709906,89405
2,5709906,89412
2,5709906,89424
2,5709906,89704
2,5712180,97819
2,5712180,97833
2,5712180,97834
2,5712180,97837
2,5712180,97840
2,5712180,97870
2,5712180,97877
2,5712180,97884
2,5712180,97905
2,5712180,97907
2,5713677,97324
2,5713677,97326
2,5719297,97009
2,5719297,97011
2,5719297,97017
2,5719297,97022
2,5719297,97028
2,5719297,97036
2,5719297,97049
2,5719297,97067
2,5719297,97222
2,5719297,97267
2,5719297,97268
2,5719297,97269
2,5719408,97102
2,5719408,97145
2,5720173,97054
2,5720502,97407
2,5720502,97414
2,5721611,97751
2,5721611,97752
2,5721611,97753
2,5721936,97406
2,5721936,97450
2,5721936,97464
2,5721936,97476
2,5721936,97491
2,5722958,97712
2,5723759,97410
2,5723759,97416
2,5723759,97429
2,5723759,97432
2,5723759,97436
2,5723759,97441
2,5723759,97447
2,5723759,97473
2,5723759,97481
2,5723759,97484
2,5723759,97486
2,5723759,97494
2,5723759,97495
2,5728364,97861
2,5729054,97817
2,5729054,97825
2,5729054,97848
2,5729054,97856
2,5729054,97864
2,5729054,97873
2,5730293,97710
2,5730293,97721
2,5730293,97722
2,5730293,97732
2,5730293,97736
2,5730293,97758
2,5730293,97904
2,5731767,97041
2,5733351,97522
2,5733351,97536
2,5733534,97711
2,5733534,97730
2,5734120,97497
2,5734120,97533
2,5734120,97534
2,5734120,97543
2,5735237,97604
2,5735237,97621
2,5735237,97622
2,5735237,97623
2,5735237,97625
2,5735237,97626
2,5735237,97627
2,5735237,97634
2,5735237,97639
2,5735237,97731
2,5735237,97733
2,5735237,97737
2,5735647,97620
2,5735647,97635
2,5735647,97636
2,5735647,97637
2,5735647,97638
2,5735647,97640
2,5735647,97641
2,5735647,97735
2,5735869,97409
2,5735869,97412
2,5735869,97413
2,5735869,97419
2,5735869,97430
2,5735869,97431
2,5735869,97434
2,5735869,97437
2,5735869,97438
2,5735869,97451
2,5735869,97453
2,5735869,97454
2,5735869,97455
2,5735869,97461
2,5735869,97480
2,5735869,97488
2,5735869,97489
2,5735869,97490
2,5735869,97492
2,5735869,97493
2,5736643,97343
2,5736643,97357
2,5736643,97364
2,5736643,97366
2,5736643,97368
2,5736643,97369
2,5736643,97376
2,5736643,97388
2,5736643,97390
2,5736713,97329
2,5736713,97335
2,5736713,97336
2,5736713,97345
2,5736713,97377
2,5738839,97901
2,5738839,97902
2,5738839,97903
2,5738839,97906
2,5738839,97908
2,5738839,97909
2,5738839,97910
2,5738839,97911
2,5738839,97917
2,5738839,97920
2,5739051,97137
2,5739051,97342
2,5739051,97346
2,5739051,97350
2,5739051,97373
2,5739051,97375
2,5739051,97384
2,5741531,97839
2,5741531,97843
2,5742126,97010
2,5742126,97019
2,5742126,97086
2,5746351,97304
2,5746351,97371
2,5751614,97029
2,5751614,97033
2,5751614,97050
2,5751614,97065
2,5756780,97108
2,5756780,97112
2,5756780,97122
2,5756780,97131
2,5756780,97134
2,5756780,97147
2,5756780,97149
2,5758058,97810
2,5758058,97835
2,5758058,97859
2,5758058,97862
2,5758058,97880
2,5758120,97841
2,5758120,97867
2,5758120,97876
2,5759046,97842
2,5759046,97857
2,5759298,97001
2,5759298,97037
2,5759298,97040
2,5759298,97057
2,5759298,97063
2,5759333,97109
2,5759333,97117
2,5759333,97125
2,5759333,97144
2,5759333,97223
2,5759333,97224
2,5759333,97225
2,5759333,97229
2,5759333,97281
2,5759333,97291
2,5759333,97298
2,5760229,97750
2,5760229,97874
2,5762756,57574
2,5762756,57714
2,5762756,57716
2,5763234,57762
2,5763234,57788
2,5763333,57632
2,5763333,57648
2,5763761,57621
2,5763761,57634
2,5763761,57639
2,5763761,57641
2,5763761,57642
2,5763761,57645
2,5763761,57657
2,5763761,57658
2,5763761,57659
2,5763761,57660
2,5763916,57722
2,5763916,57738
2,5763916,57744
2,5763916,57773
2,5764119,57630
2,5764119,57633
2,5764119,57636
2,5764119,57652
2,5764119,57661
2,5764690,57763
2,5764690,57766
2,5764690,57782
2,5765294,57552
2,5765294,57553
2,5765341,57650
2,5765341,57651
2,5765341,57724
2,5765341,57755
2,5765341,57776
2,5765964,57521
2,5765964,57547
2,5765964,57750
2,5766096,57531
2,5766096,57562
2,5766411,57759
2,5766411,57779
2,5767000,57626
2,5767000,57706
2,5767000,57718
2,5767000,57737
2,5767000,57741
2,5767000,57748
2,5767000,57758
2,5767000,57787
2,5767000,57792
2,5767033,57560
2,5767033,57585
2,5767840,57725
2,5767840,57751
2,5767840,57767
2,5767840,57775
2,5767840,57780
2,5767840,57791
2,5767864,57640
2,5767864,57644
2,5767864,57649
2,5768976,57756
2,5768976,57794
2,5769386,57537
2,5769502,57520
2,5769778,57563
2,5770576,57622
2,5771875,84306
2,5771875,84309
2,5771875,84311
2,5771875,84313
2,5771875,84316
2,5771875,84329
2,5771875,84330
2,5771875,84331
2,5771875,84336
2,5772317,84304
2,5772317,84308
2,5773608,84023
2,5773664,84056
2,5774137,84001
2,5774137,84002
2,5774137,84007
2,5774137,84027
2,5774137,84031
2,5774137,84051
2,5774137,84053
2,5774137,84072
2,5774137,84073
2,5778525,84018
2,5780377,84038
2,5780377,84086
2,5782267,84024
2,5782267,84061
2,5783699,84034
2,5783699,84069
2,5783699,84080
2,5783919,84008
2,5783919,84035
2,5783919,84039
2,5783919,84063
2,5783919,84076
2,5783919,84085
2,5784025,84626
2,5784339,84082
2,5785282,99105
2,5785282,99371
2,5785935,99401
2,5786991,99345
2,5786991,99346
2,5789829,98811
2,5789829,98817
2,5789829,98821
2,5789829,98828
2,5789829,98836
2,5789829,98847
2,5789829,98852
2,5790164,98305
2,5790164,98326
2,5790164,98343
2,5790164,98350
2,5790164,98381
2,5790179,98622
2,5790614,99359
2,5791206,98581
2,5791206,98603
2,5791206,98609
2,5791206,98616
2,5791206,98645
2,5791206,98649
2,5792681,98830
2,5792681,98843
2,5792681,98845
2,5794294,99107
2,5794294,99118
2,5794294,99121
2,5794294,99138
2,5794294,99140
2,5794294,99146
2,5794294,99150
2,5794294,99160
2,5794976,99330
2,5794976,99335
2,5794976,99343
2,5796034,98832
2,5796034,98853
2,5796034,98860
2,5796034,99135
2,5796034,99321
2,5796126,98526
2,5796126,98535
2,5796126,98536
2,5796126,98552
2,5796126,98559
2,5796126,98562
2,5796126,98566
2,5796126,98571
2,5796126,98575
2,5798453,98253
2,5798663,98325
2,5798663,98339
2,5798663,98358
2,5799783,98013
2,5799783,98050
2,5799783,98062
2,5799783,98068
2,5799783,98224
2,5799783,98288
2,5799853,98061
2,5799853,98359
2,5799853,98364
2,5799853,98378
2,5799853,98384
2,5799889,98925
2,5799889,98940
2,5799889,98946
2,5799889,98950
2,5799909,98602
2,5799909,98613
2,5799909,98619
2,5799909,98623
2,5799909,98628
2,5799909,98635
2,5799909,98670
2,5799909,98673
2,5799909,99322
2,5799909,99356
2,5800813,98336
2,5800813,98355
2,5800813,98361
2,5800813,98377
2,5800813,98522
2,5800813,98533
2,5800813,98538
2,5800813,98539
2,5800813,98542
2,5800813,98544
2,5800813,98582
2,5800813,98585
2,5800965,99008
2,5800965,99032
2,5800965,99103
2,5800965,99117
2,5800965,99134
2,5800965,99144
2,5800965,99147
2,5800965,99154
2,5802584,98548
2,5802584,98555
2,5802584,98560
2,5802584,98588
2,5805553,98814
2,5805553,98819
2,5805553,98827
2,5805553,98829
2,5805553,98833
2,5805553,98834
2,5805553,98849
2,5805553,98859
2,5805553,98862
2,5805553,99124
2,5805553,99155
2,5806002,98527
2,5806002,98554
2,5806002,98561
2,5806002,98590
2,5806002,98614
2,5806002,98637
2,5806002,98638
2,5806002,98641
2,5806002,98644
2,5806491,99119
2,5806491,99139
2,5806491,99152
2,5806491,99153
2,5806491,99180
2,5806769,98303
2,5806769,98304
2,5806769,98330
2,5806769,98344
2,5806769,98348
2,5806769,98349
2,5806769,98385
2,5806769,98396
2,5806769,98397
2,5806769,98398
2,5806769,98430
2,5806769,98438
2,5809422,98222
2,5809422,98243
2,5809422,98245
2,5809422,98261
2,5809422,98279
2,5809422,98280
2,5809422,98286
2,5809422,98297
2,5810608,98232
2,5810608,98235
2,5810608,98238
2,5810608,98255
2,5810608,98263
2,5810608,98267
2,5810608,98283
2,5810608,98284
2,5810628,98651
2,5810982,98012
2,5810982,98021
2,5810982,98077
2,5810982,98256
2,5810982,98259
2,5810982,98282
2,5810982,98287
2,5811704,99003
2,5811704,99005
2,5811704,99009
2,5811704,99016
2,5811704,99018
2,5811704,99020
2,5811704,99023
2,5811704,99025
2,5811704,99026
2,5811704,99027
2,5811704,99029
2,5811704,99030
2,5811704,99031
2,5811704,99036
2,5811704,99037
2,5811704,99039
2,5812148,99013
2,5812148,99034
2,5812148,99040
2,5812148,99101
2,5812148,99110
2,5812148,99126
2,5812148,99129
2,5812148,99131
2,5812148,99137
2,5812148,99151
2,5812148,99157
2,5812148,99167
2,5812148,99173
2,5812148,99181
2,5813521,98540
2,5813521,98556
2,5814851,98621
2,5814851,98643
2,5814851,98647
2,5814921,99329
2,5814921,99348
2,5814921,99360
2,5814921,99363
2,5815675,98220
2,5815675,98240
2,5815675,98244
2,5815675,98262
2,5815675,98266
2,5815891,99017
2,5815891,99104
2,5815891,99113
2,5815891,99125
2,5815891,99128
2,5815891,99136
2,5815891,99143
2,5815891,99149
2,5815891,99158
2,5815891,99174
2,5815891,99176
2,5815891,99179
2,5815891,99333
2,5816597,98920
2,5816597,98923
2,5816597,98936
2,5816597,98938
2,5816597,98939
2,5816904,82051
2,5816904,82052
2,5816904,82055
2,5816904,82058
2,5816904,82063
2,5816904,82083
2,5816904,82084
2,5818658,82411
2,5818658,82421
2,5818658,82422
2,5818658,82428
2,5818658,82432
2,5818658,82434
2,5818658,82441
2,5820441,82725
2,5820441,82727
2,5820441,82731
2,5820552,82321
2,5820552,82323
2,5820552,82324
2,5820552,82325
2,5820552,82329
2,5820552,82332
2,5820552,82334
2,5820552,82335
2,5820552,82615
2,5821791,82224
2,5821791,82229
2,5822351,82710
2,5822351,82711
2,5822351,82712
2,5822351,82714
2,5822351,82720
2,5825643,82310
2,5825643,82512
2,5825643,82515
2,5825643,82516
2,5825643,82523
2,5825643,82524
2,5825643,82642
2,5826220,82212
2,5826220,82217
2,5826220,82218
2,5826220,82219
2,5826220,82221
2,5826220,82223
2,5826220,82243
2,5826220,82244
2,5828054,82430
2,5828957,82639
2,5828957,82640
2,5828957,82840
2,5830051,82005
2,5830051,82050
2,5830051,82053
2,5830051,82054
2,5830051,82059
2,5830051,82060
2,5830051,82061
2,5830051,82081
2,5830383,83111
2,5830383,83112
2,5830383,83118
2,5830383,83119
2,5830383,83120
2,5830383,83121
2,5830383,83122
2,5830383,83124
2,5830383,83126
2,5830383,83127
2,5833224,82620
2,5833224,82630
2,5833224,82635
2,5833224,82638
2,5833224,82643
2,5833224,82646
2,5833224,82648
2,5833446,82222
2,5833446,82227
2,5833446,82242
2,5834587,82190
2,5834587,82423
2,5834587,82433
2,5834587,82440
2,5834587,82450
2,5835308,82210
2,5835308,82213
2,5835308,82215
2,5838199,82831
2,5838199,82832
2,5838199,82833
2,5838199,82835
2,5838199,82837
2,5838199,82838
2,5838199,82844
2,5838199,82845
2,5840177,82922
2,5840177,82923
2,5840177,82925
2,5840177,83115
2,5840426,82322
2,5840426,82336
2,5840426,82929
2,5840426,82932
2,5840426,82934
2,5840426,82938
2,5840426,82942
2,5840426,82945
2,5840786,83011
2,5840786,83012
2,5840786,83013
2,5840786,83025
2,5840786,83414
2,5841693,82933
2,5841693,82936
2,5841693,82944
2,5842257,82442
2,5842707,82715
2,5842707,82723
2,5848514,96705
2,5848514,96714
2,5848514,96715
2,5848514,96746
2,5848514,96751
2,5848514,96769
2,5850871,96708
2,5850871,96729
2,5850871,96742
2,5850871,96757
2,5850871,96770
2,5850871,96784
2,5855765,96710
2,5855765,96718
2,5855765,96726
2,5855765,96727
2,5855765,96737
2,5855765,96739
2,5855765,96740
2,5855765,96743
2,5855765,96745
2,5855765,96749
2,5855765,96773
2,5855765,96774
2,5855765,96776
2,5855765,96780
2,5855765,96781
2,5856194,96701
2,5856194,96706
2,5856194,96712
2,5856194,96717
2,5856194,96730
2,5856194,96759
2,5856194,96762
2,5856194,96789
2,5856194,96853
2,5856194,96858
2,5856194,96859
2,5856194,96860
2,5856194,96861
2,5856194,96863
2,5856194,96898
2,5858042,99613
2,5858042,99670
2,5860541,99704
2,5860541,99729
2,5860541,99744
2,5860541,99755
2,5860696,99555
2,5860696,99569
2,5860696,99580
2,5860696,99628
2,5861900,99702
2,5861900,99703
2,5866071,99568
2,5866071,99572
2,5866071,99605
2,5866071,99631
2,5866071,99663
2,5866071,99682
2,5866574,99550
2,5866574,99608
2,5866574,99624
2,5866574,99643
2,5866574,99644
2,5867113,99548
2,5867113,99549
2,5867113,99564
2,5867113,99565
2,5867113,99579
2,5867113,99606
2,5867113,99625
2,5867113,99640
2,5867113,99647
2,5867113,99648
2,5867113,99649
2,5867113,99653
2,5868437,99667
2,5868437,99674
2,5868437,99683
2,5870134,99659
2,5870134,99739
2,5870134,99753
2,5870134,99771
2,5870134,99778
2,5870134,99783
2,5870134,99784
2,5870134,99785
2,5870308,99721
2,5870308,99723
2,5870308,99747
2,5870308,99759
2,5870308,99789
2,5870308,99791
2,5870351,99727
2,5870351,99736
2,5870351,99749
2,5870351,99750
2,5870351,99751
2,5870351,99773
2,5870351,99786
2,5874863,99732
2,5874863,99738
2,5874863,99764
2,5874863,99776
2,5878558,99558
2,5878558,99590
2,5878558,99602
2,5878558,99627
2,5878558,99665
2,5878558,99675
2,5878558,99691
2,5878558,99720
2,5878558,99722
2,5878558,99724
2,5878558,99726
2,5878558,99730
2,5878558,99733
2,5878558,99741
2,5878558,99745
2,5878558,99746
2,5878558,99748
2,5878558,99754
2,5878558,99756
2,5878558,99757
2,5878558,99758
2,5878558,99760
2,5878558,99765
2,5878558,99767
2,5878558,99768
2,5878558,99774
2,5878558,99777
2,5878558,99781
2,5878558,99788
2,5879164,99546
2,5879164,99547
2,5879164,99591
2,5879164,99638
2,5879164,99660
2,5879166,99571
2,5879166,99583
2,5879348,96960
2,5879348,96970
2,5879348,99505
2,5879348,99506
2,5879348,99540
2,5879348,99567
2,5880573,99545
2,5880573,99552
2,5880573,99561
2,5880573,99575
2,5880573,99578
2,5880573,99589
2,5880573,99607
2,5880573,99622
2,5880573,99626
2,5880573,99630
2,5880573,99634
2,5880573,99651
2,5880573,99656
2,5880573,99668
2,5880573,99679
2,5880573,99680
2,5880573,99681
2,5880573,99690
2,7117568,99820
2,7117568,99825
2,7117568,99826
2,7117568,99832
2,7117568,99841
3,11811570,10567
3,11820632,45390
3,12523068,92328
3,4046255,36507
3,4046274,77957
3,4046319,36509
3,4046332,75652
3,4046332,75653
3,4046332,75654
3,4046430,78059
3,4046499,35543
3,4046820,23414
3,4046946,23690
3,4046946,23691
3,4046946,23692
3,4046946,23693
3,4047321,36901
3,4047474,35187
3,4047572,72061
3,4047734,19970
3,4047827,35546
3,4048023,35020
3,4048023,35021
3,4048023,35022
3,4048023,35023
3,4048084,31637
3,4048094,31557
3,4048332,47001
3,4048488,67669
3,4048662,42001
3,4048662,42002
3,4048662,42003
3,4049714,28041
3,4049858,28136
3,4049908,28394
3,4049979,35201
3,4049979,35202
3,4049979,35203
3,4049979,35204
3,4049979,35205
3,4049979,35206
3,4049979,35207
3,4049979,35208
3,4049979,35209
3,4049979,35210
3,4049979,35211
3,4049979,35212
3,4049979,35213
3,4049979,35214
3,4049979,35215
3,4049979,35216
3,4049979,35217
3,4049979,35218
3,4049979,35219
3,4049979,35220
3,4049979,35221
3,4049979,35222
3,4049979,35223
3,4049979,35224
3,4049979,35226
3,4049979,35228
3,4049979,35229
3,4049979,35231
3,4049979,35232
3,4049979,35233
3,4049979,35234
3,4049979,35235
3,4049979,35236
3,4049979,35237
3,4049979,35238
3,4049979,35243
3,4049979,35244
3,4049979,35246
3,4049979,35249
3,4049979,35253
3,4049979,35254
3,4049979,35255
3,4049979,35259
3,4049979,35260
3,4049979,35261
3,4049979,35266
3,4049979,35270
3,4049979,35282
3,4049979,35283
3,4049979,35285
3,4049979,35287
3,4049979,35288
3,4049979,35290
3,4049979,35291
3,4049979,35292
3,4049979,35293
3,4049979,35294
3,4049979,35295
3,4049979,35296
3,4049979,35297
3,4049979,35298
3,4050068,45771
3,4050356,29078
3,4050552,38016
3,4050552,38018
3,4050552,38088
3,4050655,35031
3,4050880,78610
3,4050916,77417
3,4051059,35956
3,4051059,35957
3,4051581,36009
3,4051669,35034
3,4051714,36426
3,4051714,36427
3,4051774,35740
3,4051827,35548
3,4051955,35036
3,4051971,35444
3,4052177,36010
3,4052726,36904
3,4052824,36253
3,4053050,35040
3,4053200,36726
3,4053318,36850
3,4053671,35549
3,4053823,35447
3,4053940,36432
3,4054073,35959
3,4054555,35960
3,4054566,35042
3,4054818,36518
3,4054852,35043
3,4054866,35616
3,4055045,35044
3,4055139,36254
3,4055535,36522
3,4055577,35045
3,4055577,35046
3,4055650,35048
3,4055696,36016
3,4055815,35049
3,4055879,36017
3,4056017,35449
3,4056154,35452
3,4056381,35961
3,4056419,36319
3,4056427,35051
3,4056837,36020
3,4056920,35550
3,4057139,36320
3,4057261,35618
3,4057320,36321
3,4057531,36525
3,4057731,35962
3,4057835,35055
3,4057835,35056
3,4057835,35057
3,4057835,35058
3,4058027,36853
3,4058061,36322
3,4058198,35619
3,4058219,36526
3,4058262,36528
3,4058543,36022
3,4058553,35601
3,4058553,35602
3,4058553,35603
3,4058553,35609
3,4058553,35699
3,4058662,36732
3,4059070,35062
3,4059102,36301
3,4059102,36302
3,4059102,36303
3,4059102,36304
3,4059102,36305
3,4059162,35553
3,4059172,35964
3,4060176,36024
3,4060381,36530
3,4060791,36330
3,4060791,36331
3,4060954,36027
3,4060954,36072
3,4060991,35462
3,4060998,35621
3,4061064,36401
3,4061113,36439
3,4061206,35064
3,4061234,36532
3,4061234,36533
3,4061466,35622
3,4061586,35555
3,4062568,36442
3,4062577,35630
3,4062577,35631
3,4062577,35632
3,4062577,35633
3,4062577,35634
3,4062595,36441
3,4062644,36535
3,4062644,36536
3,4062791,36740
3,4062824,36032
3,4062861,35967
3,4062861,35968
3,4063475,36445
3,4063570,35068
3,4063613,35971
3,4063619,35901
3,4063619,35902
3,4063619,35903
3,4063619,35904
3,4063619,35905
3,4063619,35907
3,4063684,35972
3,4063765,35071
3,4063926,36340
3,4064006,36033
3,4064020,35974
3,4064598,35072
3,4064664,35466
3,4064840,36541
3,4064871,35747
3,4065034,35073
3,4065282,36744
3,4065302,36037
3,4065475,36451
3,4065524,35563
3,4065552,36542
3,4065552,36547
3,4065649,35976
3,4065665,35748
3,4065731,35564
3,4065830,35565
3,4065965,35570
3,4066065,35077
3,4066335,35078
3,4066437,36344
3,4066449,35640
3,4066463,35749
3,4066613,35079
3,4066661,36040
3,4066686,35750
3,4066716,36345
3,4066793,36264
3,4066811,35080
3,4066844,35978
3,4067432,35643
3,4067725,35082
3,4067784,35083
3,4067814,35752
3,4068226,35980
3,4068590,35801
3,4068590,35802
3,4068590,35803
3,4068590,35804
3,4068590,35805
3,4068590,35806
3,4068590,35807
3,4068590,35808
3,4068590,35809
3,4068590,35810
3,4068590,35811
3,4068590,35812
3,4068590,35813
3,4068590,35814
3,4068590,35815
3,4068590,35816
3,4068590,35824
3,4068590,35893
3,4068590,35894
3,4068590,35895
3,4068590,35896
3,4068590,35897
3,4068590,35898
3,4068590,35899
3,4068707,36860
3,4068778,35981
3,4069413,36346
3,4069458,36545
3,4069545,36861
3,4069553,36265
3,4069659,35501
3,4069659,35502
3,4069659,35503
3,4069659,35504
3,4069722,35085
3,4070318,35087
3,4070786,35645
3,4070806,35091
3,4071000,36453
3,4071267,36862
3,4071763,36863
3,4072130,35094
3,4072156,35983
3,4072183,35646
3,4072240,36548
3,4072339,35648
3,4072630,36549
3,4072752,36748
3,4072767,35096
3,4072814,36266
3,4072834,36912
3,4073383,35470
3,4073483,36455
3,4073504,35097
3,4073897,36551
3,4073985,36049
3,4074013,35575
3,4074267,35756
3,4074267,35757
3,4074267,35758
3,4074363,36555
3,4074452,36349
3,4074544,36750
3,4074568,36051
3,4074599,35112
3,4074673,36756
3,4074991,36052
3,4075854,35759
3,4075984,36350
3,4076239,36054
3,4076358,35576
3,4076361,36558
3,4076598,36601
3,4076598,36602
3,4076598,36603
3,4076598,36604
3,4076598,36605
3,4076598,36606
3,4076598,36607
3,4076598,36608
3,4076598,36609
3,4076598,36610
3,4076598,36611
3,4076598,36612
3,4076598,36615
3,4076598,36616
3,4076598,36617
3,4076598,36618
3,4076598,36619
3,4076598,36628
3,4076598,36633
3,4076598,36640
3,4076598,36641
3,4076598,36644
3,4076598,36652
3,4076598,36660
3,4076598,36663
3,4076598,36670
3,4076598,36671
3,4076598,36675
3,4076598,36685
3,4076598,36688
3,4076598,36689
3,4076598,36691
3,4076598,36693
3,4076598,36695
3,4076725,36460
3,4076725,36461
3,4076771,35115
3,4076784,36101
3,4076784,36102
3,4076784,36103
3,4076784,36104
3,4076784,36105
3,4076784,36106
3,4076784,36107
3,4076784,36108
3,4076784,36109
3,4076784,36110
3,4076784,36111
3,4076784,36112
3,4076784,36113
3,4076784,36114
3,4076784,36115
3,4076784,36116
3,4076784,36117
3,4076784,36118
3,4076784,36119
3,4076784,36120
3,4076784,36121
3,4076784,36123
3,4076784,36124
3,4076784,36125
3,4076784,36130
3,4076784,36131
3,4076784,36132
3,4076784,36135
3,4076784,36140
3,4076784,36141
3,4076784,36142
3,4076784,36177
3,4076784,36191
3,4076842,35004
3,4077143,35116
3,4077329,35650
3,4077349,35474
3,4077867,35117
3,4078348,36560
3,4078859,35118
3,4078898,36268
3,4078964,35661
3,4078964,35662
3,4079423,36351
3,4079630,35760
3,4079916,35761
3,4080193,36352
3,4080208,36353
3,4080555,35473
3,4080555,35475
3,4080555,35476
3,4080646,36866
3,4081082,35579
3,4081166,35120
3,4081197,36271
3,4081644,36801
3,4081644,36802
3,4081644,36803
3,4081644,36804
3,4081671,35121
3,4081683,36467
3,4081696,36561
3,4081904,35763
3,4081914,36203
3,4081936,36360
3,4081936,36361
3,4082250,35580
3,4082569,35124
3,4082589,35125
3,4082589,35128
3,4082866,36867
3,4082866,36868
3,4082866,36869
3,4082866,36870
3,4082869,35581
3,4083004,36272
3,4083073,36064
3,4083181,36371
3,4083370,36769
3,4083697,35126
3,4083725,35765
3,4083846,35127
3,4084324,36564
3,4084796,36066
3,4084796,36067
3,4084796,36068
3,4085311,35131
3,4085336,35906
3,4085373,35986
3,4085521,35582
3,4085739,35481
3,4086224,35135
3,4086277,36476
3,4086285,36274
3,4086363,36567
3,4086637,35136
3,4086921,35652
3,4087313,35653
3,4087313,35654
3,4088360,36477
3,4088628,36571
3,4088737,36572
3,4088916,35768
3,4088916,35769
3,4089040,35771
3,4089114,36701
3,4089114,36702
3,4089114,36703
3,4089148,36575
3,4089536,35660
3,4089549,35143
3,4090139,36576
3,4090470,36375
3,4090684,36877
3,4090853,35670
3,4091136,36527
3,4091136,36577
3,4091542,35146
3,4091755,35987
3,4091847,35147
3,4091859,35772
3,4092267,35586
3,4092333,35148
3,4092347,36580
3,4092671,35150
3,4092671,35151
3,4092692,35988
3,4092788,35160
3,4092788,35161
3,4092853,36078
3,4093399,36582
3,4093399,36590
3,4093488,36784
3,4093619,35171
3,4093897,35672
3,4093961,35172
3,4094048,35673
3,4094163,36079
3,4094163,36081
3,4094163,36082
3,4094212,35173
3,4094455,35401
3,4094455,35402
3,4094455,35403
3,4094455,35404
3,4094455,35405
3,4094455,35406
3,4094455,35407
3,4094455,35486
3,4094455,35487
3,4094484,35674
3,4094490,36083
3,4094975,36089
3,4094997,36786
3,4095186,36854
3,4095233,35989
3,4095288,35176
3,4095294,35490
3,4095392,35592
3,4095522,35178
3,4096021,36276
3,4096248,35990
3,4096404,35180
3,4096645,36277
3,4096678,36376
3,4096712,36278
3,4096956,35184
3,4097211,35185
3,4097257,36092
3,4097257,36093
3,4098005,36587
3,4098110,35186
3,4098161,35594
3,4098518,35188
3,4098527,35776
3,4098776,36925
3,4099194,72002
3,4099296,72921
3,4099347,72004
3,4099350,72821
3,4099390,71921
3,4099647,71923
3,4099647,71998
3,4099647,71999
3,4099673,71630
3,4099837,72513
3,4099852,71822
3,4099932,72823
3,4099952,72006
3,4099974,72007
3,4100008,72711
3,4100170,72010
3,4100348,72923
3,4100525,72501
3,4100525,72503
3,4100592,72411
3,4100808,71720
3,4100984,72012
3,4101114,72714
3,4101114,72715
3,4101241,72015
3,4101241,72018
3,4101241,72158
3,4101260,72712
3,4101260,72713
3,4101260,72716
3,4101309,72616
3,4102088,72415
3,4102412,72315
3,4102412,72316
3,4102581,72416
3,4102622,72927
3,4102782,72020
3,4102790,71826
3,4103042,72021
3,4103117,72417
3,4103448,72022
3,4103448,72089
3,4103678,72619
3,4103957,72023
3,4104078,72519
3,4104182,71701
3,4104182,71711
3,4104566,72419
3,4104602,72024
3,4104857,72521
3,4104897,72718
3,4105064,72932
3,4105168,72719
3,4105377,72933
3,4105435,72525
3,4105435,72529
3,4105468,72324
3,4105824,72029
3,4105879,72830
3,4106074,72031
3,4106126,72832
3,4106292,72053
3,4106458,72032
3,4106458,72033
3,4106458,72034
3,4106458,72035
3,4106689,72422
3,4106721,72626
3,4106733,72036
3,4107198,71635
3,4107630,72833
3,4107641,72834
3,4107802,71832
3,4107820,72041
3,4107823,72042
3,4107903,72722
3,4108038,72629
3,4108090,71638
3,4108091,72040
3,4108167,72630
3,4108184,72043
3,4108212,71833
3,4108950,72837
3,4109226,71639
3,4109338,72935
3,4109406,72331
3,4109785,71730
3,4109785,71731
3,4109800,72333
3,4109857,72727
3,4109927,72728
3,4110001,72046
3,4110100,71640
3,4110119,72631
3,4110119,72632
3,4110233,72088
3,4110443,72730
3,4110486,72701
3,4110486,72702
3,4110486,72703
3,4110486,72704
3,4111212,72634
3,4111307,71836
3,4111319,71742
3,4111382,72335
3,4111382,72336
3,4111410,72901
3,4111410,72902
3,4111410,72903
3,4111410,72904
3,4111410,72905
3,4111410,72906
3,4111410,72908
3,4111410,72913
3,4111410,72914
3,4111410,72916
3,4111410,72917
3,4111410,72918
3,4111410,72919
3,4111470,71837
3,4112036,72732
3,4112110,72635
3,4112163,72734
3,4112321,72055
3,4112430,71943
3,4112638,72319
3,4112660,72735
3,4112662,71643
3,4112765,71944
3,4112898,72736
3,4113015,72638
3,4113067,72058
3,4113113,72737
3,4113143,72936
3,4113407,71743
3,4113457,72937
3,4113607,71646
3,4113647,71744
3,4113770,72542
3,4113951,72432
3,4113956,72601
3,4113956,72602
3,4113994,72938
3,4114001,72840
3,4114220,72064
3,4114225,72543
3,4114225,72545
3,4114272,72342
3,4114413,71647
3,4114635,72068
3,4114992,72069
3,4115181,71801
3,4115181,71802
3,4115281,71842
3,4115334,72512
3,4115429,71909
3,4115429,71910
3,4115508,72433
3,4115578,72348
3,4115613,72073
3,4115654,72940
3,4115658,72740
3,4115759,71747
3,4115796,72434
3,4116315,72076
3,4116315,72078
3,4116400,72641
3,4116660,72741
3,4116746,72350
3,4116834,72401
3,4116834,72402
3,4116834,72403
3,4116834,72404
3,4116834,72405
3,4116896,72081
3,4116918,71749
3,4117286,72351
3,4117358,72082
3,4117585,71950
3,4117661,72845
3,4117869,72437
3,4118121,71653
3,4118196,72642
3,4118223,72846
3,4118450,72941
3,4118507,72438
3,4118678,72084
3,4118687,72354
3,4118755,71845
3,4118981,72744
3,4119403,72201
3,4119403,72202
3,4119403,72203
3,4119403,72204
3,4119403,72205
3,4119403,72206
3,4119403,72207
3,4119403,72209
3,4119403,72210
3,4119403,72211
3,4119403,72212
3,4119403,72214
3,4119403,72215
3,4119403,72216
3,4119403,72217
3,4119403,72219
3,4119403,72221
3,4119403,72222
3,4119403,72223
3,4119403,72225
3,4119403,72227
3,4119403,72231
3,4119403,72255
3,4119403,72295
3,4119512,71846
3,4119617,72847
3,4119817,72086
3,4119972,72745
3,4120104,72358
3,4120274,72359
3,4120286,72943
3,4120323,71753
3,4120323,71754
3,4120388,72104
3,4120398,72554
3,4120426,72442
3,4120508,72360
3,4120524,72364
3,4120544,72365
3,4120581,72443
3,4120611,72650
3,4120684,72366
3,4120792,72113
3,4120843,72106
3,4121256,72556
3,4121297,71953
3,4121436,72651
3,4121792,71851
3,4121954,72447
3,4122015,71655
3,4122015,71656
3,4122015,71657
3,4122218,72110
3,4122466,71957
3,4122962,71956
3,4122986,72560
3,4123018,72946
3,4123037,72653
3,4123037,72654
3,4123120,72947
3,4123162,71958
3,4123271,71852
3,4123800,72562
3,4123830,72112
3,4123988,71759
3,4124112,72114
3,4124112,72115
3,4124112,72116
3,4124112,72117
3,4124112,72118
3,4124112,72119
3,4124112,72124
3,4124112,72190
3,4124112,72199
3,4124671,72853
3,4125027,72370
3,4125168,72565
3,4125181,72949
3,4125265,72372
3,4125312,72121
3,4125388,72450
3,4125388,72451
3,4125402,72855
3,4125487,72373
3,4125681,72751
3,4125875,72126
3,4126105,72454
3,4126226,71601
3,4126226,71603
3,4126226,71611
3,4126226,71613
3,4126548,72857
3,4126911,72127
3,4126923,72455
3,4127256,72858
3,4127359,72753
3,4127433,71857
3,4127735,72131
3,4127973,72461
3,4128103,72132
3,4128469,71665
3,4128894,72756
3,4128894,72757
3,4128894,72758
3,4128927,72135
3,4129397,72801
3,4129397,72802
3,4129397,72811
3,4129397,72812
3,4129962,72576
3,4130430,72143
3,4130430,72145
3,4130430,72149
3,4130821,72150
3,4131116,72761
3,4131396,71762
3,4132093,72762
3,4132093,72764
3,4132093,72765
3,4132093,72766
3,4132194,71860
3,4132227,71667
3,4132344,71764
3,4132582,71765
3,4132625,72160
3,4132643,72865
3,4132771,72768
3,4132814,72677
3,4132976,72164
3,4133024,72471
3,4133234,71861
3,4133367,71854
3,4133707,72770
3,4133806,72167
3,4133933,72472
3,4133971,72473
3,4133998,72581
3,4134132,72384
3,4134232,72386
3,4134716,72956
3,4134716,72957
3,4134871,72173
3,4134993,71770
3,4135004,72958
3,4135205,72476
3,4135279,72176
3,4135349,71671
3,4135648,72479
3,4135763,72774
3,4135840,72390
3,4135865,72301
3,4135865,72303
3,4136153,71602
3,4136153,71612
3,4136413,71973
3,4136679,71675
3,4136688,71676
3,4136692,72395
3,4137113,72181
3,4137171,72183
3,4137215,72396
3,4137291,72687
3,4141363,19701
3,4141435,19930
3,4141632,19933
3,4141903,19936
3,4141974,19703
3,4141982,19938
3,4142137,19939
3,4142191,19706
3,4142226,19940
3,4142290,19901
3,4142290,19903
3,4142290,19904
3,4142290,19905
3,4142290,19906
3,4142485,19943
3,4142601,19945
3,4142605,19946
3,4142643,19947
3,4142770,19950
3,4142841,19952
3,4142969,19707
3,4143319,19956
3,4143354,19958
3,4143637,19709
3,4143658,19963
3,4143690,19966
3,4143696,19967
3,4143698,19968
3,4143821,19969
3,4143834,19720
3,4143834,19721
3,4143834,19726
3,4143861,19702
3,4143861,19711
3,4143861,19712
3,4143861,19713
3,4143861,19714
3,4143861,19715
3,4143861,19716
3,4143861,19717
3,4143861,19718
3,4143861,19725
3,4144284,19971
3,4144600,19973
3,4144620,19975
3,4144764,19977
3,4145047,19734
3,4145381,19801
3,4145381,19802
3,4145381,19803
3,4145381,19804
3,4145381,19805
3,4145381,19806
3,4145381,19807
3,4145381,19808
3,4145381,19809
3,4145381,19810
3,4145381,19850
3,4145381,19880
3,4145381,19884
3,4145381,19885
3,4145381,19886
3,4145381,19890
3,4145381,19891
3,4145381,19892
3,4145381,19893
3,4145381,19894
3,4145381,19895
3,4145381,19896
3,4145381,19897
3,4145381,19898
3,4145381,19899
3,4145719,32615
3,4145719,32616
3,4145941,32701
3,4145941,32714
3,4145941,32715
3,4145941,32716
3,4145945,32421
3,4145956,33820
3,4145959,33920
3,4146082,34216
3,4146148,32320
3,4146148,32329
3,4146161,33572
3,4146166,32703
3,4146166,32704
3,4146166,32712
3,4146206,34265
3,4146206,34266
3,4146206,34269
3,4146219,32618
3,4146338,34705
3,4146339,32102
3,4146354,32233
3,4146389,33823
3,4146440,33825
3,4146440,33826
3,4146481,33827
3,4146494,32530
3,4146588,33503
3,4146723,33830
3,4146723,33831
3,4146855,33744
3,4147241,33430
3,4147257,33786
3,4147263,34420
3,4147263,34421
3,4147581,34464
3,4147581,34465
3,4147801,33043
3,4148237,32424
3,4148411,33427
3,4148411,33428
3,4148411,33429
3,4148411,33431
3,4148411,33432
3,4148411,33433
3,4148411,33434
3,4148411,33464
3,4148411,33481
3,4148411,33486
3,4148411,33487
3,4148411,33488
3,4148411,33496
3,4148411,33497
3,4148411,33498
3,4148411,33499
3,4148504,33922
3,4148526,32425
3,4148533,34133
3,4148533,34134
3,4148533,34135
3,4148533,34136
3,4148659,33834
3,4148677,33424
3,4148677,33425
3,4148677,33426
3,4148677,33435
3,4148677,33436
3,4148677,33437
3,4148677,33472
3,4148677,33473
3,4148677,33474
3,4148708,34201
3,4148708,34202
3,4148708,34203
3,4148708,34204
3,4148708,34205
3,4148708,34206
3,4148708,34207
3,4148708,34208
3,4148708,34209
3,4148708,34210
3,4148708,34211
3,4148708,34212
3,4148708,34280
3,4148708,34281
3,4148708,34282
3,4148710,34217
3,4148757,33508
3,4148757,33509
3,4148757,33510
3,4148757,33511
3,4148776,32008
3,4148912,32321
3,4148957,32621
3,4148986,34601
3,4148986,34602
3,4148986,34603
3,4148986,34604
3,4148986,34605
3,4148986,34613
3,4148986,34614
3,4149363,32110
3,4149433,33513
3,4149631,32011
3,4149959,32920
3,4149962,33904
3,4149962,33909
3,4149962,33910
3,4149962,33914
3,4149962,33915
3,4149962,33990
3,4149962,33991
3,4149962,33993
3,4150010,33924
3,4150103,32322
3,4150190,32707
3,4150190,32718
3,4150190,32730
3,4150356,32625
3,4150411,33514
3,4150517,32535
3,4150673,32324
3,4150733,32626
3,4150733,32644
3,4150769,32428
3,4150880,32709
3,4151132,32113
3,4151207,32710
3,4151316,33755
3,4151316,33756
3,4151316,33757
3,4151316,33758
3,4151316,33759
3,4151316,33760
3,4151316,33761
3,4151316,33762
3,4151316,33763
3,4151316,33764
3,4151316,33765
3,4151316,33766
3,4151316,33769
3,4151352,34711
3,4151352,34712
3,4151352,34713
3,4151352,34715
3,4151366,33440
3,4151440,32922
3,4151440,32923
3,4151440,32924
3,4151440,32926
3,4151440,32927
3,4151441,32931
3,4151441,32932
3,4151455,33097
3,4151509,33521
3,4151871,33114
3,4151909,33075
3,4152003,34215
3,4152043,32431
3,4152267,32326
3,4152267,32327
3,4152291,32112
3,4152311,32536
3,4152311,32539
3,4152395,32628
3,4152487,34423
3,4152487,34428
3,4152487,34429
3,4152498,33524
3,4152695,33523
3,4152695,33525
3,4152695,33526
3,4152805,33836
3,4152805,33837
3,4152805,33896
3,4152805,33897
3,4152872,32114
3,4152872,32115
3,4152872,32116
3,4152872,32117
3,4152872,32118
3,4152872,32119
3,4152872,32120
3,4152872,32121
3,4152872,32122
3,4152872,32124
3,4152872,32125
3,4152872,32126
3,4152872,32198
3,4152888,32433
3,4152888,32435
3,4152890,32720
3,4152890,32721
3,4152890,32723
3,4152890,32724
3,4152898,32130
3,4152926,32713
3,4153071,33441
3,4153071,33442
3,4153071,33443
3,4153132,33444
3,4153132,33445
3,4153132,33446
3,4153132,33448
3,4153132,33482
3,4153132,33483
3,4153132,33484
3,4153146,32725
3,4153146,32728
3,4153146,32738
3,4153146,32739
3,4153188,32540
3,4153188,32541
3,4153553,33527
3,4153757,33838
3,4153759,34697
3,4153759,34698
3,4153790,34430
3,4153790,34431
3,4153790,34432
3,4153884,33839
3,4154037,32131
3,4154106,32328
3,4154205,32132
3,4154205,32141
3,4154336,34680
3,4154367,34222
3,4154465,34223
3,4154465,34224
3,4154465,34295
3,4154568,33928
3,4154568,33929
3,4154606,32726
3,4154606,32727
3,4154606,32736
3,4154972,32948
3,4155006,32034
3,4155006,32035
3,4155533,32136
3,4155594,32003
3,4155594,32006
3,4155623,34436
3,4155966,33301
3,4155966,33302
3,4155966,33303
3,4155966,33304
3,4155966,33305
3,4155966,33306
3,4155966,33307
3,4155966,33308
3,4155966,33309
3,4155966,33310
3,4155966,33311
3,4155966,33312
3,4155966,33313
3,4155966,33314
3,4155966,33315
3,4155966,33316
3,4155966,33317
3,4155966,33318
3,4155966,33319
3,4155966,33320
3,4155966,33321
3,4155966,33322
3,4155966,33323
3,4155966,33324
3,4155966,33325
3,4155966,33326
3,4155966,33327
3,4155966,33328
3,4155966,33329
3,4155966,33330
3,4155966,33331
3,4155966,33332
3,4155966,33334
3,4155966,33335
3,4155966,33336
3,4155966,33337
3,4155966,33338
3,4155966,33339
3,4155966,33340
3,4155966,33345
3,4155966,33346
3,4155966,33348
3,4155966,33349
3,4155966,33351
3,4155966,33355
3,4155966,33359
3,4155966,33394
3,4155988,33841
3,4155995,33901
3,4155995,33902
3,4155995,33905
3,4155995,33906
3,4155995,33907
3,4155995,33908
3,4155995,33911
3,4155995,33912
3,4155995,33913
3,4155995,33916
3,4155995,33919
3,4155995,33965
3,4155995,33966
3,4155995,33994
3,4155996,33931
3,4155996,33932
3,4156018,34945
3,4156018,34946
3,4156018,34947
3,4156018,34948
3,4156018,34949
3,4156018,34950
3,4156018,34951
3,4156018,34954
3,4156018,34979
3,4156018,34981
3,4156018,34982
3,4156042,32547
3,4156042,32548
3,4156042,32549
3,4156050,32038
3,4156268,32439
3,4156326,33843
3,4156337,34731
3,4156404,32601
3,4156404,32602
3,4156404,32603
3,4156404,32604
3,4156404,32605
3,4156404,32606
3,4156404,32607
3,4156404,32608
3,4156404,32609
3,4156404,32610
3,4156404,32611
3,4156404,32612
3,4156404,32614
3,4156404,32627
3,4156404,32635
3,4156404,32641
3,4156404,32653
3,4156657,32732
3,4156748,33534
3,4156959,32733
3,4156975,32560
3,4157092,34734
3,4157193,32440
3,4157237,32442
3,4157427,32043
3,4157500,32330
3,4157505,32331
3,4157509,32443
3,4157537,32332
3,4157605,34736
3,4157634,32561
3,4157634,32562
3,4157634,32563
3,4157827,33844
3,4157827,33845
3,4158198,32145
3,4158224,32333
3,4158256,32640
3,4158445,34441
3,4158445,34442
3,4158476,33002
3,4158476,33010
3,4158476,33011
3,4158476,33012
3,4158476,33013
3,4158476,33014
3,4158476,33015
3,4158476,33016
3,4158476,33017
3,4158476,33018
3,4158595,32643
3,4158595,32655
3,4158604,33846
3,4158693,32046
3,4158758,33455
3,4158758,33475
3,4158865,34690
3,4158865,34691
3,4158865,34692
3,4158928,33019
3,4158928,33020
3,4158928,33021
3,4158928,33022
3,4158928,33023
3,4158928,33024
3,4158928,33025
3,4158928,33026
3,4158928,33027
3,4158928,33029
3,4158928,33081
3,4158928,33083
3,4158928,33084
3,4158966,34218
3,4159050,33030
3,4159050,33031
3,4159050,33032
3,4159050,33033
3,4159050,33034
3,4159050,33035
3,4159050,33039
3,4159050,33090
3,4159050,33092
3,4159071,34446
3,4159071,34448
3,4159071,34487
3,4159077,34447
3,4159247,32334
3,4159335,34667
3,4159335,34669
3,4159335,34674
3,4159553,34142
3,4159553,34143
3,4159575,32903
3,4159675,33785
3,4159687,34956
3,4159702,34449
3,4159765,32148
3,4159765,32149
3,4159786,34450
3,4159786,34451
3,4159786,34452
3,4159786,34453
3,4159839,33036
3,4160021,32099
3,4160021,32201
3,4160021,32202
3,4160021,32203
3,4160021,32204
3,4160021,32205
3,4160021,32206
3,4160021,32207
3,4160021,32208
3,4160021,32209
3,4160021,32210
3,4160021,32211
3,4160021,32212
3,4160021,32214
3,4160021,32216
3,4160021,32217
3,4160021,32218
3,4160021,32219
3,4160021,32220
3,4160021,32221
3,4160021,32222
3,4160021,32223
3,4160021,32224
3,4160021,32225
3,4160021,32226
3,4160021,32227
3,4160021,32228
3,4160021,32229
3,4160021,32231
3,4160021,32232
3,4160021,32234
3,4160021,32235
3,4160021,32236
3,4160021,32237
3,4160021,32238
3,4160021,32239
3,4160021,32241
3,4160021,32244
3,4160021,32245
3,4160021,32246
3,4160021,32247
3,4160021,32254
3,4160021,32255
3,4160021,32256
3,4160021,32257
3,4160021,32258
3,4160021,32277
3,4160023,32240
3,4160023,32250
3,4160102,32052
3,4160103,32565
3,4160163,32053
3,4160171,34957
3,4160171,34958
3,4160610,33458
3,4160610,33468
3,4160610,33469
3,4160610,33477
3,4160610,33478
3,4160651,33849
3,4160789,33149
3,4160792,33051
3,4160795,33037
3,4160812,33040
3,4160812,33041
3,4160812,33045
3,4160830,32656
3,4160983,34741
3,4160983,34742
3,4160983,34743
3,4160983,34744
3,4160983,34745
3,4160983,34746
3,4160983,34747
3,4160983,34758
3,4161075,33935
3,4161075,33975
3,4161110,33537
3,4161118,32158
3,4161118,32159
3,4161150,33850
3,4161171,32054
3,4161187,32024
3,4161187,32025
3,4161187,32055
3,4161187,32056
3,4161250,33851
3,4161254,32744
3,4161327,33538
3,4161344,33852
3,4161344,33862
3,4161373,32746
3,4161373,32795
3,4161400,33853
3,4161400,33859
3,4161400,33898
3,4161438,33801
3,4161438,33802
3,4161438,33803
3,4161438,33804
3,4161438,33805
3,4161438,33806
3,4161438,33807
3,4161438,33809
3,4161438,33810
3,4161438,33811
3,4161438,33812
3,4161438,33813
3,4161438,33815
3,4161580,33770
3,4161580,33771
3,4161580,33773
3,4161580,33774
3,4161580,33778
3,4161580,33779
3,4161659,34272
3,4161662,32567
3,4161685,32058
3,4161733,34460
3,4161733,34461
3,4161771,34748
3,4161771,34749
3,4161771,34788
3,4161771,34789
3,4161785,33936
3,4161785,33970
3,4161785,33971
3,4161785,33972
3,4161785,33974
3,4161785,33976
3,4162461,32060
3,4162461,32064
3,4162776,34228
3,4162783,32750
3,4162783,32752
3,4162783,32779
3,4162783,32791
3,4162856,33858
3,4163033,33548
3,4163033,33549
3,4163033,33558
3,4163049,32444
3,4163083,32063
3,4163140,32340
3,4163140,32341
3,4163220,32751
3,4163220,32794
3,4163232,32950
3,4163248,32445
3,4163318,33550
3,4163379,33050
3,4163388,34145
3,4163388,34146
3,4163407,33093
3,4163428,32446
3,4163428,32447
3,4163428,32448
3,4163599,32569
3,4163635,34753
3,4163723,32066
3,4163971,32901
3,4163971,32902
3,4163971,32904
3,4163971,32912
3,4163971,32919
3,4163971,32934
3,4163971,32935
3,4163971,32936
3,4163971,32940
3,4163971,32941
3,4163972,32951
3,4164092,32952
3,4164092,32953
3,4164092,32954
3,4164131,32410
3,4164138,33101
3,4164138,33102
3,4164138,33106
3,4164138,33111
3,4164138,33116
3,4164138,33122
3,4164138,33124
3,4164138,33125
3,4164138,33126
3,4164138,33127
3,4164138,33128
3,4164138,33129
3,4164138,33130
3,4164138,33131
3,4164138,33132
3,4164138,33133
3,4164138,33134
3,4164138,33135
3,4164138,33136
3,4164138,33137
3,4164138,33138
3,4164138,33142
3,4164138,33143
3,4164138,33144
3,4164138,33145
3,4164138,33146
3,4164138,33147
3,4164138,33150
3,4164138,33151
3,4164138,33152
3,4164138,33153
3,4164138,33155
3,4164138,33156
3,4164138,33157
3,4164138,33158
3,4164138,33161
3,4164138,33162
3,4164138,33163
3,4164138,33164
3,4164138,33165
3,4164138,33166
3,4164138,33167
3,4164138,33168
3,4164138,33169
3,4164138,33170
3,4164138,33172
3,4164138,33173
3,4164138,33174
3,4164138,33175
3,4164138,33176
3,4164138,33177
3,4164138,33178
3,4164138,33179
3,4164138,33180
3,4164138,33181
3,4164138,33182
3,4164138,33183
3,4164138,33184
3,4164138,33185
3,4164138,33186
3,4164138,33187
3,4164138,33188
3,4164138,33189
3,4164138,33190
3,4164138,33191
3,4164138,33192
3,4164138,33193
3,4164138,33194
3,4164138,33195
3,4164138,33196
3,4164138,33197
3,4164138,33198
3,4164138,33199
3,4164138,33206
3,4164138,33222
3,4164138,33231
3,4164138,33233
3,4164138,33234
3,4164138,33238
3,4164138,33242
3,4164138,33243
3,4164138,33245
3,4164138,33247
3,4164138,33255
3,4164138,33256
3,4164138,33257
3,4164138,33261
3,4164138,33265
3,4164138,33266
3,4164138,33269
3,4164138,33280
3,4164138,33283
3,4164138,33296
3,4164138,33299
3,4164143,33109
3,4164143,33119
3,4164143,33139
3,4164143,33140
3,4164143,33141
3,4164143,33154
3,4164143,33239
3,4164167,33056
3,4164250,32667
3,4164343,32343
3,4164387,32050
3,4164387,32068
3,4164547,32570
3,4164547,32571
3,4164547,32572
3,4164547,32583
3,4164554,32754
3,4164575,34755
3,4164602,32550
3,4164728,32577
3,4164803,32344
3,4164803,32345
3,4164806,34756
3,4164836,33471
3,4165069,32756
3,4165069,32757
3,4165419,33860
3,4165565,34101
3,4165565,34102
3,4165565,34103
3,4165565,34104
3,4165565,34105
3,4165565,34106
3,4165565,34107
3,4165565,34108
3,4165565,34109
3,4165565,34110
3,4165565,34112
3,4165565,34113
3,4165565,34114
3,4165565,34116
3,4165565,34117
3,4165565,34119
3,4165565,34120
3,4165637,32566
3,4165695,32266
3,4165869,34652
3,4165869,34653
3,4165869,34654
3,4165869,34655
3,4165869,34656
3,4165913,32168
3,4165913,32169
3,4165913,32170
3,4165961,32669
3,4165995,32578
3,4165995,32588
3,4166047,34268
3,4166049,34274
3,4166049,34275
3,4166195,33903
3,4166195,33917
3,4166195,33918
3,4166233,33160
3,4166253,33408
3,4166274,34286
3,4166274,34287
3,4166274,34288
3,4166274,34289
3,4166274,34290
3,4166274,34291
3,4166547,32759
3,4166628,34760
3,4166673,34470
3,4166673,34471
3,4166673,34472
3,4166673,34473
3,4166673,34474
3,4166673,34475
3,4166673,34476
3,4166673,34477
3,4166673,34478
3,4166673,34479
3,4166673,34480
3,4166673,34481
3,4166673,34482
3,4166673,34483
3,4166776,34761
3,4166822,34972
3,4166822,34973
3,4166822,34974
3,4166936,34677
3,4167055,32763
3,4167055,32774
3,4167102,32065
3,4167102,32067
3,4167102,32073
3,4167147,32801
3,4167147,32802
3,4167147,32803
3,4167147,32804
3,4167147,32805
3,4167147,32806
3,4167147,32807
3,4167147,32808
3,4167147,32809
3,4167147,32810
3,4167147,32811
3,4167147,32812
3,4167147,32814
3,4167147,32816
3,4167147,32817
3,4167147,32818
3,4167147,32819
3,4167147,32820
3,4167147,32821
3,4167147,32822
3,4167147,32824
3,4167147,32825
3,4167147,32826
3,4167147,32827
3,4167147,32828
3,4167147,32829
3,4167147,32830
3,4167147,32831
3,4167147,32832
3,4167147,32833
3,4167147,32834
3,4167147,32835
3,4167147,32836
3,4167147,32837
3,4167147,32839
3,4167147,32853
3,4167147,32854
3,4167147,32855
3,4167147,32856
3,4167147,32857
3,4167147,32858
3,4167147,32859
3,4167147,32860
3,4167147,32861
3,4167147,32862
3,4167147,32867
3,4167147,32868
3,4167147,32869
3,4167147,32872
3,4167147,32877
3,4167147,32878
3,4167147,32885
3,4167147,32886
3,4167147,32887
3,4167147,32891
3,4167147,32896
3,4167147,32897
3,4167178,32173
3,4167178,32174
3,4167178,32175
3,4167178,32176
3,4167245,34229
3,4167348,32762
3,4167348,32765
3,4167348,32766
3,4167473,33476
3,4167478,32767
3,4167482,32177
3,4167482,32178
3,4167499,32905
3,4167499,32906
3,4167499,32907
3,4167499,32908
3,4167499,32909
3,4167499,32910
3,4167499,32911
3,4167505,33480
3,4167519,33410
3,4167519,33418
3,4167536,34990
3,4167536,34991
3,4167538,32135
3,4167538,32137
3,4167538,32142
3,4167538,32143
3,4167538,32164
3,4167545,34682
3,4167545,34683
3,4167545,34684
3,4167545,34685
3,4167632,34220
3,4167632,34221
3,4167689,32346
3,4167694,32401
3,4167694,32402
3,4167694,32403
3,4167694,32404
3,4167694,32405
3,4167694,32406
3,4167694,32408
3,4167694,32409
3,4167694,32411
3,4167694,32412
3,4167694,32417
3,4167695,32407
3,4167695,32413
3,4167966,32538
3,4168139,33028
3,4168139,33082
3,4168161,32079
3,4168228,32501
3,4168228,32502
3,4168228,32503
3,4168228,32504
3,4168228,32505
3,4168228,32506
3,4168228,32507
3,4168228,32508
3,4168228,32509
3,4168228,32511
3,4168228,32512
3,4168228,32513
3,4168228,32514
3,4168228,32516
3,4168228,32520
3,4168228,32521
3,4168228,32522
3,4168228,32523
3,4168228,32524
3,4168228,32526
3,4168228,32534
3,4168228,32559
3,4168228,32591
3,4168244,32347
3,4168244,32348
3,4168371,32180
3,4168630,33780
3,4168630,33781
3,4168630,33782
3,4168773,33563
3,4168773,33564
3,4168773,33565
3,4168773,33566
3,4168773,33567
3,4168782,33388
3,4168985,33868
3,4169012,32181
3,4169014,33060
3,4169014,33061
3,4169014,33062
3,4169014,33063
3,4169014,33064
3,4169014,33065
3,4169014,33066
3,4169014,33067
3,4169014,33068
3,4169014,33069
3,4169014,33071
3,4169014,33072
3,4169014,33073
3,4169014,33074
3,4169014,33076
3,4169014,33077
3,4169035,32455
3,4169060,32004
3,4169060,32082
3,4169130,33948
3,4169130,33949
3,4169130,33952
3,4169130,33953
3,4169130,33954
3,4169130,33981
3,4169156,32123
3,4169156,32127
3,4169156,32128
3,4169156,32129
3,4169160,34668
3,4169160,34673
3,4169166,32456
3,4169166,32457
3,4169171,34952
3,4169171,34953
3,4169171,34983
3,4169171,34984
3,4169171,34985
3,4169171,34986
3,4169171,34987
3,4169171,34988
3,4169176,34992
3,4169452,33950
3,4169452,33951
3,4169452,33955
3,4169452,33980
3,4169452,33982
3,4169452,33983
3,4169510,32351
3,4169510,32352
3,4169510,32353
3,4169780,32686
3,4170156,33568
3,4170156,33569
3,4170156,33579
3,4170358,32955
3,4170358,32956
3,4170520,32957
3,4170556,33947
3,4170617,33421
3,4170688,33570
3,4170688,33575
3,4170797,34695
3,4170894,32080
3,4170894,32084
3,4170894,32085
3,4170894,32086
3,4170894,32092
3,4170894,32095
3,4170965,34769
3,4170965,34770
3,4170965,34771
3,4170965,34772
3,4170965,34773
3,4171061,33956
3,4171250,33574
3,4171771,33576
3,4172052,33957
3,4172086,32771
3,4172086,32772
3,4172086,32773
3,4172094,32459
3,4172131,34230
3,4172131,34231
3,4172131,34232
3,4172131,34233
3,4172131,34234
3,4172131,34235
3,4172131,34236
3,4172131,34237
3,4172131,34238
3,4172131,34239
3,4172131,34240
3,4172131,34241
3,4172131,34242
3,4172131,34249
3,4172131,34276
3,4172131,34277
3,4172131,34278
3,4172173,32937
3,4172372,32958
3,4172372,32978
3,4172383,33870
3,4172383,33871
3,4172383,33872
3,4172383,33875
3,4172383,33876
3,4172413,33583
3,4172413,33584
3,4172434,33772
3,4172434,33775
3,4172434,33776
3,4172434,33777
3,4172552,32190
3,4172620,32579
3,4172658,32959
3,4173002,34488
3,4173002,34489
3,4173293,32460
3,4173355,32776
3,4173376,33493
3,4173838,34606
3,4173838,34607
3,4173838,34608
3,4173838,34609
3,4173838,34611
3,4173999,32091
3,4174059,32359
3,4174201,34994
3,4174201,34995
3,4174201,34996
3,4174201,34997
3,4174317,33571
3,4174317,33573
3,4174715,32301
3,4174715,32302
3,4174715,32303
3,4174715,32304
3,4174715,32305
3,4174715,32306
3,4174715,32307
3,4174715,32308
3,4174715,32309
3,4174715,32310
3,4174715,32311
3,4174715,32312
3,4174715,32313
3,4174715,32314
3,4174715,32315
3,4174715,32316
3,4174715,32317
3,4174715,32395
3,4174715,32399
3,4174757,33601
3,4174757,33602
3,4174757,33603
3,4174757,33604
3,4174757,33605
3,4174757,33606
3,4174757,33607
3,4174757,33608
3,4174757,33609
3,4174757,33610
3,4174757,33611
3,4174757,33612
3,4174757,33613
3,4174757,33614
3,4174757,33615
3,4174757,33616
3,4174757,33617
3,4174757,33618
3,4174757,33619
3,4174757,33620
3,4174757,33621
3,4174757,33622
3,4174757,33623
3,4174757,33624
3,4174757,33625
3,4174757,33626
3,4174757,33629
3,4174757,33630
3,4174757,33631
3,4174757,33633
3,4174757,33634
3,4174757,33635
3,4174757,33637
3,4174757,33646
3,4174757,33647
3,4174757,33650
3,4174757,33655
3,4174757,33660
3,4174757,33661
3,4174757,33662
3,4174757,33663
3,4174757,33664
3,4174757,33672
3,4174757,33673
3,4174757,33674
3,4174757,33675
3,4174757,33677
3,4174757,33679
3,4174757,33680
3,4174757,33681
3,4174757,33682
3,4174757,33684
3,4174757,33685
3,4174757,33686
3,4174757,33687
3,4174757,33688
3,4174757,33689
3,4174757,33694
3,4174793,32777
3,4174855,34688
3,4174855,34689
3,4174861,32778
3,4174870,33070
3,4175179,32162
3,4175179,32163
3,4175269,33592
3,4175437,32780
3,4175437,32781
3,4175437,32783
3,4175437,32796
3,4175637,32693
3,4176059,32784
3,4176316,32580
3,4176318,33594
3,4176318,33595
3,4176318,33596
3,4176380,34284
3,4176380,34285
3,4176380,34292
3,4176380,34293
3,4176407,32462
3,4176409,32960
3,4176409,32961
3,4176409,32962
3,4176409,32963
3,4176409,32964
3,4176409,32965
3,4176409,32966
3,4176409,32967
3,4176409,32968
3,4176409,32969
3,4177268,32970
3,4177334,32694
3,4177569,33873
3,4177580,33877
3,4177609,33597
3,4177674,32193
3,4177698,32094
3,4177703,33414
3,4177727,33543
3,4177727,33544
3,4177727,33545
3,4177887,33401
3,4177887,33402
3,4177887,33403
3,4177887,33404
3,4177887,33405
3,4177887,33406
3,4177887,33407
3,4177887,33409
3,4177887,33411
3,4177887,33412
3,4177887,33413
3,4177887,33415
3,4177887,33416
3,4177887,33417
3,4177887,33419
3,4177887,33420
3,4177887,33422
3,4178074,32465
3,4178180,32096
3,4178292,34785
3,4178414,32696
3,4178488,33598
3,4178501,34786
3,4178548,32971
3,4178550,34777
3,4178550,34778
3,4178550,34787
3,4178552,33880
3,4178552,33881
3,4178552,33882
3,4178552,33883
3,4178552,33884
3,4178552,33885
3,4178552,33888
3,4178560,32789
3,4178560,32790
3,4178560,32792
3,4178560,32793
3,4178573,32708
3,4178573,32719
3,4178741,32362
3,4178817,34797
3,4178826,34498
3,4178909,32466
3,4178919,32041
3,4178919,32097
3,4178933,32798
3,4178941,33539
3,4178941,33540
3,4178941,33541
3,4178941,33542
3,4178972,33890
3,4178992,31001
3,4179074,30101
3,4179074,30102
3,4179094,30103
3,4179193,31620
3,4179213,31002
3,4179253,30410
3,4179313,30411
3,4179317,31622
3,4179320,31701
3,4179320,31702
3,4179320,31703
3,4179320,31704
3,4179320,31705
3,4179320,31706
3,4179320,31707
3,4179320,31708
3,4179499,31301
3,4179557,31510
3,4179574,30004
3,4179574,30005
3,4179574,30009
3,4179574,30022
3,4179574,30023
3,4179667,31709
3,4179667,31719
3,4180085,30802
3,4180106,31712
3,4180114,30104
3,4180316,31714
3,4180386,30601
3,4180386,30602
3,4180386,30603
3,4180386,30604
3,4180386,30605
3,4180386,30606
3,4180386,30607
3,4180386,30608
3,4180386,30609
3,4180386,30612
3,4180439,30301
3,4180439,30302
3,4180439,30303
3,4180439,30304
3,4180439,30305
3,4180439,30306
3,4180439,30307
3,4180439,30308
3,4180439,30309
3,4180439,30310
3,4180439,30311
3,4180439,30312
3,4180439,30313
3,4180439,30314
3,4180439,30315
3,4180439,30316
3,4180439,30317
3,4180439,30318
3,4180439,30320
3,4180439,30321
3,4180439,30324
3,4180439,30325
3,4180439,30326
3,4180439,30327
3,4180439,30328
3,4180439,30331
3,4180439,30332
3,4180439,30334
3,4180439,30336
3,4180439,30337
3,4180439,30338
3,4180439,30339
3,4180439,30342
3,4180439,30343
3,4180439,30344
3,4180439,30348
3,4180439,30349
3,4180439,30353
3,4180439,30354
3,4180439,30355
3,4180439,30357
3,4180439,30358
3,4180439,30361
3,4180439,30363
3,4180439,30364
3,4180439,30368
3,4180439,30369
3,4180439,30370
3,4180439,30371
3,4180439,30374
3,4180439,30375
3,4180439,30377
3,4180439,30378
3,4180439,30380
3,4180439,30384
3,4180439,30385
3,4180439,30388
3,4180439,30392
3,4180439,30394
3,4180439,30396
3,4180439,30398
3,4180439,31106
3,4180439,31107
3,4180439,31126
3,4180439,31131
3,4180439,31136
3,4180439,31139
3,4180439,31150
3,4180439,31156
3,4180439,31192
3,4180439,31193
3,4180439,31195
3,4180439,31196
3,4180512,30011
3,4180531,30901
3,4180531,30903
3,4180531,30904
3,4180531,30905
3,4180531,30906
3,4180531,30907
3,4180531,30909
3,4180531,30912
3,4180531,30914
3,4180531,30916
3,4180531,30919
3,4180531,30999
3,4180564,30106
3,4180564,30168
3,4180638,30002
3,4180723,31716
3,4180775,39818
3,4180775,39819
3,4180913,30107
3,4181110,30204
3,4181333,31513
3,4181333,31515
3,4182096,31722
3,4182522,30620
3,4183305,31516
3,4183354,30512
3,4183354,30514
3,4183463,31302
3,4183521,30513
3,4183623,30805
3,4183682,30622
3,4183849,31626
3,4183899,30108
3,4183954,30624
3,4184165,30517
3,4184222,30110
3,4184540,30415
3,4184547,30205
3,4184813,31519
3,4184845,31520
3,4184845,31521
3,4184845,31523
3,4184845,31524
3,4184845,31525
3,4184962,30113
3,4185076,31803
3,4185110,30515
3,4185110,30518
3,4185110,30519
3,4185437,31006
3,4185550,31007
3,4185553,31008
3,4185607,31009
3,4185632,39827
3,4185657,30701
3,4185657,30703
3,4185863,31730
3,4186213,30114
3,4186213,30115
3,4186213,30169
3,4186352,30521
3,4186416,30112
3,4186416,30116
3,4186416,30117
3,4186416,30118
3,4186416,30119
3,4186531,30120
3,4186531,30121
3,4186741,30124
3,4186955,30125
3,4187055,31028
3,4187435,30705
3,4187637,31012
3,4187696,30707
3,4188197,30523
3,4188233,30021
3,4188239,30417
3,4188287,30525
3,4188375,30527
3,4188377,30528
3,4188590,31014
3,4188682,30710
3,4188708,30628
3,4188852,30421
3,4188985,31901
3,4188985,31902
3,4188985,31903
3,4188985,31904
3,4188985,31906
3,4188985,31907
3,4188985,31908
3,4188985,31909
3,4188985,31914
3,4188985,31917
3,4188985,31993
3,4188985,31997
3,4188985,31998
3,4188985,31999
3,4189003,30629
3,4189014,30529
3,4189014,30530
3,4189014,30599
3,4189157,30288
3,4189213,30012
3,4189213,30013
3,4189213,30094
3,4189308,31738
3,4189423,31010
3,4189423,31015
3,4189529,30531
3,4189785,30014
3,4189785,30015
3,4189785,30016
3,4189931,30630
3,4189960,30631
3,4190396,30028
3,4190396,30040
3,4190396,30041
3,4190434,31805
3,4190523,30019
3,4190542,30533
3,4190542,30597
3,4190581,30719
3,4190581,30720
3,4190581,30721
3,4190581,30722
3,4190598,30132
3,4190598,30157
3,4190721,30633
3,4190744,31305
3,4190940,31018
3,4190979,30534
3,4191099,30808
3,4191124,30030
3,4191124,30031
3,4191124,30032
3,4191124,30033
3,4191124,30034
3,4191124,30035
3,4191124,30036
3,4191124,30037
3,4191294,30535
3,4191408,31019
3,4191671,31744
3,4191916,31533
3,4191916,31534
3,4191916,31535
3,4191955,30133
3,4191955,30134
3,4191955,30135
3,4191955,30154
3,4192205,31021
3,4192205,31040
3,4192271,31022
3,4192289,30095
3,4192289,30096
3,4192289,30097
3,4192289,30098
3,4192289,30099
3,4192606,31027
3,4192608,30539
3,4192754,31023
3,4192800,31024
3,4192800,31026
3,4193099,30635
3,4193210,31806
3,4193229,30536
3,4193229,30540
3,4193354,30137
3,4193464,31749
3,4193631,30724
3,4193699,30809
3,4194072,30212
3,4194121,30213
3,4194184,30139
3,4194474,30214
3,4194474,30215
3,4195168,31750
3,4195511,30216
3,4195544,30542
3,4195600,31537
3,4195701,30297
3,4195701,30298
3,4195771,31029
3,4195809,39851
3,4195850,30742
3,4195869,31030
3,4196083,30217
3,4196122,30639
3,4196586,30501
3,4196586,30503
3,4196586,30504
3,4196586,30506
3,4196586,30507
3,4197055,30810
3,4197325,30427
3,4197332,30428
3,4197593,31031
3,4197884,30220
3,4197938,31032
3,4197968,30017
3,4198204,30642
3,4198218,30222
3,4198322,30223
3,4198322,30224
3,4198514,30813
3,4198633,31312
3,4198732,30429
3,4198750,31632
3,4198912,31811
3,4198972,30228
3,4199185,31034
3,4199219,30814
3,4199572,30643
3,4199694,31036
3,4199778,31539
3,4199921,30545
3,4200088,30815
3,4200188,30546
3,4200671,31310
3,4200671,31313
3,4200707,30141
3,4200749,31542
3,4200849,30230
3,4201047,30142
3,4201141,30547
3,4201144,31634
3,4201465,30548
3,4202277,31042
3,4202426,30233
3,4202634,30143
3,4202672,30549
3,4202699,31044
3,4202705,31527
3,4202810,31545
3,4202810,31546
3,4202810,31598
3,4202810,31599
3,4203316,30236
3,4203316,30237
3,4203316,30238
3,4203696,30144
3,4203696,30152
3,4203696,30156
3,4203696,30160
3,4203696,31144
3,4204007,31548
3,4204015,30145
3,4204196,31050
3,4204230,30240
3,4204230,30241
3,4204230,30261
3,4204623,31636
3,4204775,31635
3,4205164,30553
3,4205196,30042
3,4205196,30043
3,4205196,30044
3,4205196,30045
3,4205196,30046
3,4205196,30049
3,4205392,31763
3,4205541,30648
3,4205724,30047
3,4205724,30048
3,4205797,30817
3,4205805,30147
3,4205885,30122
3,4205889,30038
3,4205889,30058
3,4206502,30248
3,4206783,30750
3,4206882,30434
3,4206905,30250
3,4207083,31316
3,4207098,30554
3,4207114,31549
3,4207128,31815
3,4207163,30251
3,4207167,30730
3,4207205,30436
3,4207226,30126
3,4207400,31201
3,4207400,31202
3,4207400,31203
3,4207400,31204
3,4207400,31205
3,4207400,31206
3,4207400,31207
3,4207400,31208
3,4207400,31209
3,4207400,31210
3,4207400,31211
3,4207400,31213
3,4207400,31216
3,4207400,31217
3,4207400,31220
3,4207400,31221
3,4207400,31294
3,4207400,31295
3,4207400,31296
3,4207400,31297
3,4207447,30650
3,4207625,31816
3,4207783,30006
3,4207783,30007
3,4207783,30008
3,4207783,30060
3,4207783,30061
3,4207783,30062
3,4207783,30063
3,4207783,30064
3,4207783,30065
3,4207783,30066
3,4207783,30067
3,4207783,30068
3,4207783,30069
3,4207783,30090
3,4207892,31057
3,4208245,30558
3,4208442,30252
3,4208442,30253
3,4208828,31765
3,4209013,30439
3,4209132,31320
3,4209235,31060
3,4209448,31059
3,4209448,31061
3,4209448,31062
3,4209454,30442
3,4209602,30257
3,4209884,30655
3,4209884,30656
3,4209951,31064
3,4210099,39866
3,4210254,30260
3,4210254,30287
3,4210266,31638
3,4210382,30563
3,4210397,31768
3,4210397,31776
3,4210397,31788
3,4211083,30445
3,4211143,30150
3,4211386,30562
3,4211775,31553
3,4211839,31639
3,4212661,30056
3,4212684,30263
3,4212684,30264
3,4212684,30265
3,4212684,30271
3,4212728,39870
3,4212770,31554
3,4212779,30565
3,4212888,30003
3,4212888,30010
3,4212888,30071
3,4212888,30091
3,4212888,30093
3,4212913,31771
3,4213771,30566
3,4213805,31773
3,4213812,31774
3,4213881,31555
3,4213919,31068
3,4214294,31775
3,4214538,30054
3,4214627,30268
3,4215110,30269
3,4215110,31169
3,4215114,30092
3,4215163,31642
3,4215243,31779
3,4215251,31321
3,4215391,31069
3,4215999,30072
3,4216049,31822
3,4216189,31071
3,4216423,31780
3,4216948,31322
3,4217075,31407
3,4217080,30450
3,4217100,30070
3,4217195,31781
3,4217214,30127
3,4217343,31824
3,4217634,31782
3,4217712,31643
3,4217984,31645
3,4218165,30074
3,4218414,30453
3,4218414,30499
3,4218450,30735
3,4218581,31076
3,4218659,31323
3,4218732,31825
3,4218752,31324
3,4218882,31326
3,4218896,30736
3,4219001,30274
3,4219001,30296
3,4219161,31078
3,4219255,31079
3,4219459,30153
3,4219762,30161
3,4219762,30162
3,4219762,30163
3,4219762,30164
3,4219762,30165
3,4219934,30075
3,4219934,30076
3,4219934,30077
3,4219964,30741
3,4220204,30663
3,4220217,30171
3,4220866,31522
3,4221206,31082
3,4221394,30456
3,4221552,31401
3,4221552,31402
3,4221552,31403
3,4221552,31404
3,4221552,31405
3,4221552,31406
3,4221552,31408
3,4221552,31409
3,4221552,31410
3,4221552,31411
3,4221552,31412
3,4221552,31414
3,4221552,31415
3,4221552,31416
3,4221552,31418
3,4221552,31419
3,4221552,31420
3,4221552,31421
3,4221732,30079
3,4221755,31560
3,4221953,30276
3,4222182,30172
3,4223313,31787
3,4223379,30080
3,4223379,30081
3,4223379,30082
3,4223413,30039
3,4223413,30078
3,4223469,30025
3,4223516,30457
3,4223871,31647
3,4223880,31087
3,4224162,31329
3,4224412,31648
3,4224413,30458
3,4224413,30459
3,4224413,30460
3,4224413,30461
3,4224427,30666
3,4224653,30464
3,4224681,30281
3,4224745,30083
3,4224745,30086
3,4224745,30087
3,4224745,30088
3,4225122,30747
3,4225309,30024
3,4225346,30401
3,4225487,31790
3,4225515,30467
3,4225522,31791
3,4225613,31827
3,4225658,30176
3,4225973,30179
3,4226031,31089
3,4226348,31757
3,4226348,31758
3,4226348,31792
3,4226348,31799
3,4226364,30286
3,4226435,30824
3,4226552,31793
3,4226552,31794
3,4226586,30668
3,4226722,30577
3,4227012,30752
3,4227128,30753
3,4227213,30084
3,4227213,30085
3,4227277,30755
3,4227521,30471
3,4227582,31795
3,4227593,31328
3,4227612,30290
3,4227639,31091
3,4227777,30291
3,4227871,30669
3,4228139,30473
3,4228147,31601
3,4228147,31602
3,4228147,31603
3,4228147,31604
3,4228147,31605
3,4228147,31606
3,4228147,31698
3,4228262,30756
3,4228425,30474
3,4228425,30475
3,4228440,31092
3,4228452,30180
3,4229053,30182
3,4229079,30477
3,4229129,30183
3,4229357,31333
3,4229476,31088
3,4229476,31093
3,4229476,31095
3,4229476,31098
3,4229476,31099
3,4229517,30828
3,4229546,30673
3,4229691,30677
3,4229763,31501
3,4229763,31502
3,4229763,31503
3,4229791,30830
3,4229824,31831
3,4230259,31833
3,4230567,30184
3,4230789,30185
3,4231065,31650
3,4231523,30680
3,4231567,30683
3,4231725,31569
3,4231738,30293
3,4231874,30188
3,4231874,30189
3,4231997,30833
3,4232049,31096
3,4232246,30582
3,4232308,30295
3,4232564,62215
3,4232568,62806
3,4232599,62001
3,4232662,62411
3,4232679,62002
3,4232776,62906
3,4232862,61910
3,4232876,62501
3,4232911,61911
3,4232953,62612
3,4232964,62808
3,4232973,61912
3,4232987,62510
3,4232997,62613
3,4233022,61913
3,4233029,62615
3,4233069,62907
3,4233090,62216
3,4233255,62312
3,4233261,62218
3,4233430,62219
3,4233552,61813
3,4233572,62009
3,4233586,62812
3,4233662,62010
3,4233670,61914
3,4233813,62220
3,4233813,62221
3,4233813,62222
3,4233813,62223
3,4233813,62226
3,4234081,62513
3,4234125,62621
3,4234131,62814
3,4234362,62230
3,4234416,62417
3,4234477,62910
3,4234577,62418
3,4234810,62014
3,4234985,62914
3,4235075,62915
3,4235193,62901
3,4235193,62902
3,4235193,62903
3,4235211,62626
3,4235229,62231
3,4235246,62821
3,4235274,62917
3,4235288,62016
3,4235311,62918
3,4235334,62420
3,4235355,62232
3,4235587,62801
3,4235607,61818
3,4235668,61920
3,4235683,62629
3,4235724,62233
3,4235766,61924
3,4235804,62822
3,4235915,62823
3,4235980,62824
3,4236102,62920
3,4236119,62825
3,4236124,62017
3,4236191,62234
3,4236206,62236
3,4236454,62237
3,4236486,62422
3,4236588,62922
3,4236687,62827
3,4236786,62828
3,4236804,61925
3,4236879,62924
3,4236895,62521
3,4236895,62522
3,4236895,62523
3,4236895,62524
3,4236895,62525
3,4236895,62526
3,4237047,62424
3,4237076,62530
3,4237155,62926
3,4237312,62832
3,4237383,62239
3,4237473,62024
3,4237579,62201
3,4237579,62202
3,4237579,62203
3,4237579,62204
3,4237579,62205
3,4237579,62206
3,4237579,62207
3,4237687,62531
3,4237717,62025
3,4237717,62026
3,4237727,62401
3,4237767,62930
3,4237790,62931
3,4237807,62932
3,4237889,62028
3,4237953,62933
3,4237956,62835
3,4237989,62934
3,4238033,62242
3,4238081,62837
3,4238132,62208
3,4238210,62838
3,4238226,62533
3,4238324,62534
3,4238777,62839
3,4238858,62535
3,4238975,62638
3,4239058,62243
3,4239218,62935
3,4239337,61846
3,4239368,62245
3,4239423,62033
3,4239465,62034
3,4239483,62640
3,4239509,62035
3,4239519,62938
3,4239597,62939
3,4239660,62037
3,4239696,62942
3,4239714,62040
3,4239773,62844
3,4239840,62044
3,4239858,62428
3,4239867,62246
3,4239932,62340
3,4240137,62046
3,4240209,62047
3,4240284,62946
3,4240306,62537
3,4240319,62048
3,4240540,62948
3,4240679,62249
3,4240782,62049
3,4241091,62803
3,4241201,62949
3,4241211,62433
3,4241302,62539
3,4241354,62846
3,4241612,62848
3,4241704,62650
3,4241704,62651
3,4241822,62052
3,4241934,62951
3,4241992,62952
3,4242066,61933
3,4242242,62540
3,4242307,62854
3,4242769,62439
3,4242790,62254
3,4242896,62347
3,4243131,62056
3,4243334,62058
3,4243342,62661
3,4243551,62858
3,4243574,61937
3,4243717,62544
3,4243740,62060
3,4243794,62958
3,4243890,62061
3,4243899,62959
3,4243918,62257
3,4243951,62441
3,4244005,62442
3,4244026,62062
3,4244031,62258
3,4244099,61938
3,4244351,62545
3,4244418,62665
3,4244462,62960
3,4244637,62260
3,4244880,62546
3,4244928,62963
3,4244951,62964
3,4244967,62863
3,4245045,62069
3,4245136,62353
3,4245152,62864
3,4245258,62550
3,4245302,62262
3,4245336,62966
3,4245345,62668
3,4245376,62263
3,4245443,62447
3,4245463,62264
3,4245474,62265
3,4245481,62670
3,4245681,61942
3,4245709,62551
3,4245740,62868
3,4245744,62075
3,4245780,62869
3,4246083,61943
3,4246130,62449
3,4246147,62870
3,4246180,62271
3,4246345,62969
3,4246382,62450
3,4246442,62554
3,4246560,62451
3,4246587,62674
3,4246595,62557
3,4246659,61944
3,4246717,62875
3,4246757,62558
3,4246765,62360
3,4246821,62272
3,4246860,61863
3,4246983,62274
3,4247059,62974
3,4247060,62363
3,4247145,62366
3,4247214,62677
3,4247323,62275
3,4247545,62277
3,4247703,62301
3,4247703,62305
3,4247703,62306
3,4247779,62080
3,4247860,62560
3,4247880,62278
3,4248106,61870
3,4248128,62979
3,4248205,62561
3,4248256,62454
3,4248284,62563
3,4248420,62082
3,4248482,62982
3,4248546,62084
3,4248562,62983
3,4248788,62458
3,4248810,62460
3,4248819,62281
3,4248990,62282
3,4249286,62881
3,4249437,62882
3,4249704,62884
3,4249830,62984
3,4249857,62565
3,4249885,62684
3,4249973,62685
3,4250033,61876
3,4250209,62285
3,4250399,62087
3,4250476,62286
3,4250542,62701
3,4250542,62702
3,4250542,62703
3,4250542,62704
3,4250542,62705
3,4250542,62706
3,4250542,62707
3,4250542,62708
3,4250542,62711
3,4250542,62712
3,4250542,62715
3,4250542,62716
3,4250542,62719
3,4250542,62722
3,4250542,62723
3,4250542,62726
3,4250542,62736
3,4250542,62739
3,4250542,62756
3,4250542,62757
3,4250542,62761
3,4250542,62762
3,4250542,62763
3,4250542,62764
3,4250542,62765
3,4250542,62766
3,4250542,62767
3,4250542,62769
3,4250542,62776
3,4250542,62777
3,4250542,62781
3,4250542,62786
3,4250542,62791
3,4250542,62794
3,4250542,62796
3,4250608,62088
3,4250627,62288
3,4250661,62463
3,4250724,62567
3,4250862,61951
3,4250909,62466
3,4251074,62888
3,4251138,62089
3,4251141,62568
3,4251185,62467
3,4251201,62689
3,4251252,62890
3,4251276,62292
3,4251330,62468
3,4251341,61880
3,4251371,62571
3,4251413,62293
3,4251513,62294
3,4251593,61953
3,4251879,62891
3,4251900,62295
3,4251917,62471
3,4251958,62090
3,4252025,62995
3,4252041,61956
3,4252060,62690
3,4252071,62691
3,4252469,62573
3,4252548,62298
3,4252573,62473
3,4252603,62895
3,4252616,62692
3,4252812,62896
3,4252841,62476
3,4252897,62474
3,4252975,62092
3,4253179,62693
3,4253187,62997
3,4253265,62093
3,4253268,62694
3,4253280,61957
3,4253325,62094
3,4253387,62095
3,4253423,62898
3,4253461,62695
3,4253472,62097
3,4253591,62999
3,4253754,46102
3,4254010,47102
3,4254020,47420
3,4254021,46123
3,4254062,46105
3,4254124,46106
3,4254185,47006
3,4254282,47421
3,4254304,46107
3,4254515,47512
3,4254671,47424
3,4254679,47401
3,4254679,47402
3,4254679,47403
3,4254679,47404
3,4254679,47405
3,4254679,47406
3,4254679,47407
3,4254679,47408
3,4254797,47601
3,4254805,47106
3,4254884,47834
3,4254985,46111
3,4254999,47012
3,4255056,46112
3,4255063,47220
3,4255339,47327
3,4255413,47108
3,4255457,47520
3,4255462,47838
3,4255466,46032
3,4255466,46033
3,4255466,46082
3,4255506,46115
3,4255557,47928
3,4255627,47330
3,4255673,47610
3,4255704,47111
3,4255836,47129
3,4255841,47841
3,4255864,46118
3,4255937,47842
3,4255948,46120
3,4255959,46121
3,4256038,47201
3,4256038,47202
3,4256038,47203
3,4256085,47331
3,4256184,47112
3,4256339,47229
3,4256407,47612
3,4256426,47523
3,4256437,47847
3,4256447,46122
3,4256645,47018
3,4256803,47335
3,4256832,47848
3,4257043,46124
3,4257070,47613
3,4257084,47232
3,4257110,47429
3,4257137,47529
3,4257173,47118
3,4257227,47701
3,4257227,47702
3,4257227,47703
3,4257227,47704
3,4257227,47705
3,4257227,47706
3,4257227,47708
3,4257227,47710
3,4257227,47711
3,4257227,47712
3,4257227,47713
3,4257227,47714
3,4257227,47715
3,4257227,47716
3,4257227,47719
3,4257227,47720
3,4257227,47721
3,4257227,47722
3,4257227,47724
3,4257227,47725
3,4257227,47728
3,4257227,47730
3,4257227,47731
3,4257227,47732
3,4257227,47733
3,4257227,47734
3,4257227,47735
3,4257227,47736
3,4257227,47737
3,4257227,47740
3,4257227,47747
3,4257227,47750
3,4257268,46126
3,4257396,47850
3,4257415,47532
3,4257444,46128
3,4257494,46037
3,4257494,46038
3,4257494,46085
3,4257617,47648
3,4257630,46040
3,4257640,47341
3,4257750,47535
3,4257770,47432
3,4257913,47122
3,4258104,47433
3,4258148,47615
3,4258273,46135
3,4258285,46140
3,4258302,47240
3,4258307,47124
3,4258313,46142
3,4258313,46143
3,4258413,47346
3,4258510,47243
3,4258553,47853
3,4258623,47434
3,4258661,47617
3,4258664,47639
3,4258695,47245
3,4258799,47126
3,4259023,47541
3,4259115,47246
3,4259271,47542
3,4259303,47855
3,4259418,46201
3,4259418,46202
3,4259418,46203
3,4259418,46204
3,4259418,46205
3,4259418,46206
3,4259418,46207
3,4259418,46208
3,4259418,46209
3,4259418,46211
3,4259418,46213
3,4259418,46214
3,4259418,46216
3,4259418,46217
3,4259418,46218
3,4259418,46219
3,4259418,46220
3,4259418,46221
3,4259418,46222
3,4259418,46224
3,4259418,46225
3,4259418,46226
3,4259418,46227
3,4259418,46228
3,4259418,46229
3,4259418,46230
3,4259418,46231
3,4259418,46234
3,4259418,46235
3,4259418,46236
3,4259418,46237
3,4259418,46239
3,4259418,46240
3,4259418,46241
3,4259418,46242
3,4259418,46244
3,4259418,46247
3,4259418,46249
3,4259418,46250
3,4259418,46251
3,4259418,46253
3,4259418,46254
3,4259418,46255
3,4259418,46256
3,4259418,46259
3,4259418,46260
3,4259418,46266
3,4259418,46268
3,4259418,46274
3,4259418,46275
3,4259418,46277
3,4259418,46278
3,4259418,46282
3,4259418,46283
3,4259418,46285
3,4259418,46291
3,4259418,46295
3,4259418,46296
3,4259418,46298
3,4259436,46048
3,4259636,46147
3,4259639,47438
3,4259640,47546
3,4259640,47547
3,4259640,47549
3,4259671,47130
3,4259671,47131
3,4259671,47132
3,4259671,47133
3,4259671,47134
3,4259671,47144
3,4259671,47190
3,4259671,47199
3,4259960,46148
3,4259963,47857
3,4260038,47954
3,4260164,47136
3,4260199,47024
3,4260223,47025
3,4260329,47353
3,4260453,47441
3,4260711,47553
3,4260832,47619
3,4260837,47443
3,4260853,47250
3,4260962,47140
3,4260996,46056
3,4261032,46151
3,4261132,46055
3,4261221,47260
3,4261256,47143
3,4261361,47031
3,4261453,47145
3,4261458,46156
3,4261486,47446
3,4261525,47557
3,4261539,46157
3,4261552,47862
3,4261585,46158
3,4261600,47032
3,4261628,46161
3,4261837,47620
3,4261983,47448
3,4262045,47150
3,4262045,47151
3,4262072,47362
3,4262092,47631
3,4262124,47965
3,4262130,46163
3,4262150,47161
3,4262158,47162
3,4262171,47629
3,4262171,47630
3,4262177,47966
3,4262309,46165
3,4262318,47265
3,4262425,47660
3,4262433,47561
3,4262451,47562
3,4262555,47036
3,4262583,47451
3,4262618,47452
3,4262640,47037
3,4262708,47665
3,4262746,47164
3,4262762,47454
3,4262768,46166
3,4262826,47666
3,4262901,46064
3,4262968,47567
3,4263105,46167
3,4263108,46168
3,4263307,47633
3,4263396,47670
3,4263681,47374
3,4263681,47375
3,4263736,47040
3,4263775,46172
3,4263850,47872
3,4263856,47635
3,4263907,47874
3,4263965,46173
3,4264058,47875
3,4264217,47577
3,4264243,47272
3,4264334,47167
3,4264457,47579
3,4264555,47170
3,4264592,47878
3,4264598,47172
3,4264617,47274
3,4264688,46176
3,4264696,47879
3,4264771,47581
3,4265147,47460
3,4265161,47385
3,4265316,47881
3,4265507,47882
3,4265554,47041
3,4265703,47280
3,4265717,47586
3,4265737,47801
3,4265737,47802
3,4265737,47803
3,4265737,47804
3,4265737,47805
3,4265737,47807
3,4265737,47808
3,4265737,47809
3,4265912,46181
3,4266266,47042
3,4266278,47043
3,4266307,47591
3,4266490,46182
3,4266586,47501
3,4266771,47469
3,4266844,47885
3,4266871,47283
3,4266960,46184
3,4266965,46075
3,4267138,47598
3,4267235,47471
3,4267336,46077
3,4267354,67410
3,4267513,66401
3,4267531,67330
3,4267553,66835
3,4267567,67001
3,4267594,67002
3,4267605,67003
3,4267661,67005
3,4267669,66712
3,4267710,67831
3,4267733,66002
3,4267759,67009
3,4267767,66402
3,4267773,67010
3,4267866,66006
3,4267944,66007
3,4267978,66713
3,4268081,67013
3,4268091,66935
3,4268119,67420
3,4268150,67422
3,4268156,67016
3,4268159,67017
3,4268455,66411
3,4268521,66012
3,4268782,67834
3,4268807,67522
3,4268836,67019
3,4268851,66413
3,4268854,66839
3,4268886,67020
3,4268940,67022
3,4269043,67333
3,4269054,67428
3,4269076,66414
3,4269217,67024
3,4269365,66415
3,4269392,66720
3,4269401,67431
3,4269447,67025
3,4269456,66724
3,4269483,67335
3,4269493,67336
3,4269609,67525
3,4269642,67432
3,4269690,67026
3,4269723,66937
3,4269752,66938
3,4269789,67337
3,4269802,67029
3,4269841,66725
3,4269847,67030
3,4269872,66901
3,4269887,67031
3,4269988,66845
3,4270001,66846
3,4270269,66018
3,4270356,67037
3,4270460,67039
3,4270472,67437
3,4270819,66021
3,4270847,66113
3,4270852,66023
3,4270863,67042
3,4270929,67526
3,4270936,67637
3,4270945,67439
3,4271035,66024
3,4271086,66801
3,4271111,67441
3,4271131,66733
3,4271144,66423
3,4271159,67045
3,4271196,66025
3,4271690,66701
3,4271764,66427
3,4271796,66736
3,4271901,66739
3,4271915,67443
3,4271918,66763
3,4271935,66030
3,4271945,67050
3,4271974,66032
3,4271990,66742
3,4272061,66743
3,4272133,67052
3,4272143,67053
3,4272340,67530
3,4272411,67054
3,4272558,67056
3,4272600,66945
3,4272660,67058
3,4272727,67543
3,4272741,67059
3,4272782,67601
3,4272788,67060
3,4272861,67062
3,4272873,66434
3,4272914,66035
3,4272980,67642
3,4273003,67063
3,4273066,67544
3,4273096,66436
3,4273211,66439
3,4273226,67349
3,4273237,66440
3,4273255,66748
3,4273299,67501
3,4273299,67502
3,4273299,67504
3,4273359,67301
3,4273430,67546
3,4273441,66749
3,4273616,67854
3,4273680,66441
3,4273837,66101
3,4273837,66102
3,4273837,66103
3,4273837,66104
3,4273837,66105
3,4273837,66106
3,4273837,66109
3,4273837,66110
3,4273837,66111
3,4273837,66112
3,4273837,66115
3,4273837,66117
3,4273837,66118
3,4273837,66119
3,4273837,66160
3,4273881,67067
3,4273978,67068
3,4273993,67547
3,4273999,67070
3,4274067,67548
3,4274077,66751
3,4274236,66043
3,4274249,67550
3,4274277,66044
3,4274277,66045
3,4274277,66046
3,4274277,66047
3,4274277,66049
3,4274305,66048
3,4274317,66206
3,4274317,66209
3,4274317,66211
3,4274327,66856
3,4274331,66050
3,4274356,66215
3,4274356,66219
3,4274356,66220
3,4274356,66227
3,4274356,66250
3,4274356,66285
3,4274363,67074
3,4274450,67455
3,4274532,67456
3,4274627,67457
3,4274715,67646
3,4274828,66053
3,4274906,66451
3,4274927,67554
3,4274948,67557
3,4274955,66860
3,4274980,67101
3,4274994,66502
3,4274994,66503
3,4274994,66505
3,4274994,66506
3,4275004,66956
3,4275041,66507
3,4275070,66861
3,4275100,67464
3,4275144,66508
3,4275261,67460
3,4275315,67104
3,4275385,66512
3,4275511,66514
3,4275562,67466
3,4275586,67467
3,4275600,66201
3,4275600,66202
3,4275600,66205
3,4275600,66222
3,4275714,66755
3,4275784,66056
3,4275803,67107
3,4275846,67108
3,4275985,66756
3,4276017,67110
3,4276128,66757
3,4276166,67560
3,4276248,67114
3,4276265,67561
3,4276386,67117
3,4276452,67654
3,4276465,66060
3,4276588,66517
3,4276614,66051
3,4276614,66061
3,4276614,66062
3,4276614,66063
3,4276678,66865
3,4276693,66521
3,4276747,66523
3,4276772,66064
3,4276781,67473
3,4276792,66066
3,4276800,67356
3,4276816,66067
3,4276871,66524
3,4276873,66204
3,4276873,66207
3,4276873,66210
3,4276873,66212
3,4276873,66213
3,4276873,66214
3,4276873,66221
3,4276873,66223
3,4276873,66224
3,4276873,66225
3,4276873,66251
3,4276873,66282
3,4276873,66283
3,4276893,67119
3,4276908,66070
3,4276956,66071
3,4277011,67357
3,4277079,66866
3,4277131,66073
3,4277177,67661
3,4277241,66762
3,4277260,67663
3,4277481,66075
3,4277555,66076
3,4277718,66208
3,4277752,67124
3,4277761,67570
3,4278056,66531
3,4278131,66770
3,4278340,67133
3,4278393,66533
3,4278471,67665
3,4278489,66534
3,4278604,66535
3,4278741,66536
3,4278808,66771
3,4278890,67401
3,4278890,67402
3,4279118,66537
3,4279149,67361
3,4279154,67135
3,4279170,66538
3,4279247,66203
3,4279247,66216
3,4279247,66217
3,4279247,66218
3,4279247,66226
3,4279247,66286
3,4279397,66539
3,4279474,66967
3,4279540,67480
3,4279645,67505
3,4279709,67876
3,4279847,66083
3,4279901,67578
3,4279983,67579
3,4280502,66086
3,4280531,67144
3,4280539,66601
3,4280539,66603
3,4280539,66604
3,4280539,66605
3,4280539,66606
3,4280539,66607
3,4280539,66608
3,4280539,66609
3,4280539,66610
3,4280539,66611
3,4280539,66612
3,4280539,66614
3,4280539,66615
3,4280539,66616
3,4280539,66617
3,4280539,66618
3,4280539,66619
3,4280539,66620
3,4280539,66621
3,4280539,66622
3,4280539,66624
3,4280539,66625
3,4280539,66626
3,4280539,66629
3,4280539,66630
3,4280539,66636
3,4280539,66647
3,4280539,66667
3,4280539,66675
3,4280539,66683
3,4280539,66699
3,4280660,66087
3,4280778,67146
3,4280910,67147
3,4280917,66088
3,4280969,66543
3,4281010,67671
3,4281083,67672
3,4281116,67487
3,4281227,66547
3,4281253,66968
3,4281318,66548
3,4281323,66090
3,4281333,66871
3,4281373,66781
3,4281386,67152
3,4281412,66092
3,4281614,66549
3,4281677,66872
3,4281710,67154
3,4281730,67201
3,4281730,67202
3,4281730,67203
3,4281730,67204
3,4281730,67205
3,4281730,67206
3,4281730,67207
3,4281730,67208
3,4281730,67209
3,4281730,67210
3,4281730,67211
3,4281730,67212
3,4281730,67213
3,4281730,67214
3,4281730,67215
3,4281730,67216
3,4281730,67217
3,4281730,67218
3,4281730,67219
3,4281730,67220
3,4281730,67223
3,4281730,67226
3,4281730,67227
3,4281730,67228
3,4281730,67230
3,4281730,67232
3,4281730,67235
3,4281730,67260
3,4281730,67275
3,4281730,67276
3,4281730,67277
3,4281730,67278
3,4281846,67490
3,4281882,66097
3,4281897,67156
3,4282061,66783
3,4282213,42202
3,4282305,42602
3,4282342,41001
3,4282563,40402
3,4282705,40903
3,4282757,41101
3,4282757,41102
3,4282757,41105
3,4282757,41114
3,4282812,42206
3,4282836,41002
3,4282839,41602
3,4283128,40906
3,4283133,40004
3,4283138,42023
3,4283182,42024
3,4283541,41311
3,4283557,42320
3,4283606,40006
3,4283753,42323
3,4283845,41073
3,4283953,42025
3,4283974,40403
3,4283974,40404
3,4284141,41605
3,4284890,40008
3,4285190,41314
3,4285268,42101
3,4285268,42102
3,4285268,42103
3,4285268,42104
3,4285380,40108
3,4285573,40409
3,4285588,40109
3,4285607,41004
3,4285708,42210
3,4286037,40010
3,4286257,40310
3,4286280,42717
3,4286281,41005
3,4286307,42519
3,4286369,41006
3,4286479,42211
3,4286519,42327
3,4286581,42029
3,4286716,40011
3,4286717,42718
3,4286717,42719
3,4286728,41301
3,4286894,42721
3,4286981,40311
3,4287050,41008
3,4287192,41129
3,4287235,42127
3,4287287,40815
3,4287301,42724
3,4287450,42330
3,4287866,42726
3,4287874,42404
3,4287881,40312
3,4288062,42031
3,4288101,40111
3,4288366,42728
3,4288656,40701
3,4288656,40702
3,4288731,42406
3,4288809,41011
3,4288809,41012
3,4288809,41014
3,4288809,41016
3,4288809,41019
3,4288910,40419
3,4289042,40014
3,4289072,41030
3,4289089,42217
3,4289232,40823
3,4289323,41031
3,4289445,40422
3,4289445,40423
3,4289606,42408
3,4289629,41074
3,4289966,42409
3,4290224,42337
3,4290421,41035
3,4290685,42410
3,4290698,40729
3,4290859,42038
3,4290886,42129
3,4290988,42701
3,4290988,42702
3,4291056,41421
3,4291063,41522
3,4291079,42220
3,4291181,40019
3,4291255,41018
3,4291255,41025
3,4291321,40828
3,4291373,40118
3,4291501,41040
3,4291600,42533
3,4291848,40935
3,4291884,41139
3,4291905,41041
3,4291945,41022
3,4291945,41042
3,4292011,42343
3,4292071,41075
3,4292188,40601
3,4292188,40602
3,4292188,40603
3,4292188,40604
3,4292188,40618
3,4292188,40619
3,4292188,40620
3,4292188,40621
3,4292188,40622
3,4292193,42134
3,4292193,42135
3,4292308,40322
3,4292424,42041
3,4292586,41141
3,4292686,40324
3,4292826,42141
3,4292826,42142
3,4292866,40025
3,4293055,40026
3,4293311,41143
3,4293470,42743
3,4293473,41144
3,4293477,42345
3,4293704,42234
3,4293987,42413
3,4294024,42048
3,4294044,40143
3,4294072,40831
3,4294180,40330
3,4294195,42347
3,4294267,42348
3,4294349,41701
3,4294349,41702
3,4294425,41021
3,4294425,41048
3,4294494,42419
3,4294494,42420
3,4294625,42050
3,4294858,40129
3,4294872,41822
3,4294937,42748
3,4295251,42240
3,4295251,42241
3,4295288,42749
3,4295712,41749
3,4295776,41051
3,4295878,41224
3,4295954,40336
3,4295960,40146
3,4296081,41339
3,4296173,42629
3,4296219,40337
3,4296229,41537
3,4296734,40440
3,4297236,42056
3,4297238,40031
3,4297238,40032
3,4297245,42055
3,4297354,40444
3,4297581,40342
3,4297653,40033
3,4297664,40150
3,4297673,42058
3,4297882,42754
3,4297882,42755
3,4297974,42256
3,4297979,42351
3,4297983,40502
3,4297983,40503
3,4297983,40504
3,4297983,40505
3,4297983,40506
3,4297983,40507
3,4297983,40508
3,4297983,40509
3,4297983,40510
3,4297983,40511
3,4297983,40512
3,4297983,40513
3,4297983,40514
3,4297983,40515
3,4297983,40516
3,4297983,40517
3,4297983,40522
3,4297983,40523
3,4297983,40524
3,4297983,40526
3,4297983,40533
3,4297983,40536
3,4297983,40544
3,4297983,40546
3,4297983,40550
3,4297983,40555
3,4297983,40574
3,4297983,40575
3,4297983,40576
3,4297983,40577
3,4297983,40578
3,4297983,40579
3,4297983,40580
3,4297983,40581
3,4297983,40582
3,4297983,40583
3,4297983,40588
3,4297983,40591
3,4297983,40598
3,4298003,42539
3,4298805,42352
3,4298960,40741
3,4298960,40742
3,4298960,40743
3,4298960,40744
3,4298960,40745
3,4298960,40750
3,4299220,40037
3,4299275,41230
3,4299276,40201
3,4299276,40202
3,4299276,40203
3,4299276,40204
3,4299276,40205
3,4299276,40206
3,4299276,40207
3,4299276,40208
3,4299276,40209
3,4299276,40210
3,4299276,40211
3,4299276,40212
3,4299276,40213
3,4299276,40214
3,4299276,40215
3,4299276,40216
3,4299276,40217
3,4299276,40218
3,4299276,40219
3,4299276,40220
3,4299276,40221
3,4299276,40222
3,4299276,40223
3,4299276,40224
3,4299276,40225
3,4299276,40228
3,4299276,40229
3,4299276,40231
3,4299276,40232
3,4299276,40233
3,4299276,40241
3,4299276,40242
3,4299276,40243
3,4299276,40245
3,4299276,40250
3,4299276,40251
3,4299276,40252
3,4299276,40253
3,4299276,40255
3,4299276,40256
3,4299276,40257
3,4299276,40258
3,4299276,40259
3,4299276,40261
3,4299276,40266
3,4299276,40268
3,4299276,40269
3,4299276,40270
3,4299276,40272
3,4299276,40280
3,4299276,40281
3,4299276,40282
3,4299276,40283
3,4299276,40285
3,4299276,40287
3,4299276,40289
3,4299276,40290
3,4299276,40291
3,4299276,40292
3,4299276,40293
3,4299276,40294
3,4299276,40295
3,4299276,40296
3,4299276,40297
3,4299276,40298
3,4299276,40299
3,4299510,40854
3,4299557,40855
3,4299670,42431
3,4299693,42757
3,4299741,40962
3,4299842,42064
3,4299916,41649
3,4300105,42066
3,4300152,41056
3,4300717,40965
3,4300739,40347
3,4301013,40348
3,4301060,40045
3,4301224,42633
3,4301307,40351
3,4301345,42437
3,4301349,42261
3,4301420,42440
3,4301603,41064
3,4301683,40353
3,4301703,40456
3,4301732,40047
3,4301975,40155
3,4302012,42765
3,4302035,42071
3,4302338,40050
3,4302374,40051
3,4302529,41071
3,4302529,41072
3,4302529,41076
3,4302529,41099
3,4302561,40340
3,4302561,40356
3,4302734,40357
3,4302778,42442
3,4302827,42262
3,4303194,41164
3,4303436,42301
3,4303436,42302
3,4303436,42303
3,4303436,42304
3,4303439,40359
3,4303441,40360
3,4303543,41240
3,4303593,42160
3,4303602,40361
3,4303602,40362
3,4303861,42266
3,4303964,40468
3,4304035,41080
3,4304058,40056
3,4304076,41553
3,4304232,41501
3,4304232,41502
3,4304361,42635
3,4304396,40977
3,4304458,41844
3,4305110,42367
3,4305210,41653
3,4305266,42445
3,4305287,40059
3,4305295,42450
3,4305504,40159
3,4305504,40160
3,4305643,40472
3,4305974,40475
3,4305974,40476
3,4306299,42452
3,4306972,41169
3,4307012,42642
3,4307025,42276
3,4307315,42078
3,4307447,41465
3,4307616,41171
3,4307782,42553
3,4307837,42164
3,4307879,42455
3,4308122,40065
3,4308122,40066
3,4308163,40165
3,4308163,40166
3,4308401,41085
3,4308453,40067
3,4308835,42081
3,4308838,42171
3,4308922,42501
3,4308922,42502
3,4308922,42503
3,4309076,41175
3,4309329,40069
3,4309477,40379
3,4309487,40484
3,4309498,40380
3,4309559,42647
3,4310030,42459
3,4310248,42782
3,4310416,42082
3,4310638,40071
3,4311035,42167
3,4311646,41091
3,4311722,42461
3,4311913,42784
3,4311959,41265
3,4311976,41179
3,4312051,41092
3,4312057,40383
3,4312057,40384
3,4312096,40175
3,4312671,41094
3,4312734,41095
3,4313038,41472
3,4313047,40177
3,4313140,41669
3,4313285,42464
3,4313346,41858
3,4313354,42378
3,4313358,42653
3,4313395,42087
3,4313563,40769
3,4313572,41097
3,4313628,40390
3,4313697,40391
3,4313697,40392
3,4313732,42088
3,4314044,41183
3,4314295,70510
3,4314295,70511
3,4314388,70420
3,4314409,70710
3,4314498,70711
3,4314550,71301
3,4314550,71302
3,4314550,71303
3,4314550,71306
3,4314550,71307
3,4314550,71309
3,4314550,71315
3,4314712,70031
3,4314724,70340
3,4314744,70422
3,4314770,71403
3,4314956,70032
3,4314969,71001
3,4315034,70512
3,4315312,70704
3,4315312,70714
3,4315342,70514
3,4315350,71405
3,4315422,70036
3,4315514,70515
3,4315535,71220
3,4315535,71221
3,4315546,70715
3,4315588,70801
3,4315588,70802
3,4315588,70803
3,4315588,70804
3,4315588,70805
3,4315588,70806
3,4315588,70807
3,4315588,70808
3,4315588,70809
3,4315588,70810
3,4315588,70811
3,4315588,70812
3,4315588,70813
3,4315588,70814
3,4315588,70815
3,4315588,70816
3,4315588,70817
3,4315588,70818
3,4315588,70819
3,4315588,70820
3,4315588,70821
3,4315588,70822
3,4315588,70823
3,4315588,70825
3,4315588,70826
3,4315588,70827
3,4315588,70831
3,4315588,70833
3,4315588,70835
3,4315588,70836
3,4315588,70837
3,4315588,70873
3,4315588,70874
3,4315588,70879
3,4315588,70884
3,4315588,70891
3,4315588,70892
3,4315588,70893
3,4315588,70894
3,4315588,70895
3,4315588,70896
3,4315588,70898
3,4316329,70037
3,4316329,70093
3,4316362,70341
3,4316471,71006
3,4316497,71222
3,4316523,70342
3,4317201,71009
3,4317412,70427
3,4317412,70429
3,4317607,70038
3,4317617,71320
3,4317639,71111
3,4317639,71112
3,4317639,71113
3,4317639,71171
3,4317639,71172
3,4317709,70343
3,4317718,70039
3,4317734,71409
3,4317801,70517
3,4317985,70518
3,4318163,70719
3,4318320,71322
3,4318332,70041
3,4318541,70519
3,4318610,71225
3,4318695,70631
3,4318812,71411
3,4319030,70520
3,4319180,70721
3,4319339,70521
3,4319518,70043
3,4319518,70044
3,4319589,70523
3,4319649,71226
3,4319668,70344
3,4319710,71325
3,4319883,71227
3,4319972,70525
3,4320154,71415
3,4320174,71326
3,4320277,70722
3,4320425,71417
3,4320492,71418
3,4320643,70723
3,4320871,71018
3,4320874,71327
3,4321005,70433
3,4321005,70434
3,4321005,70435
3,4321014,71019
3,4321310,70526
3,4321310,70527
3,4321358,71021
3,4321399,70345
3,4321770,70633
3,4321781,70634
3,4321929,71232
3,4321988,70706
3,4321988,70726
3,4321988,70727
3,4322016,70030
3,4322034,70047
3,4322048,71328
3,4322811,70346
3,4322910,71023
3,4323065,71235
3,4323131,70353
3,4323190,70529
3,4323551,70049
3,4323596,70531
3,4323639,70638
3,4323727,70532
3,4323768,70050
3,4323830,71237
3,4323842,70533
3,4323860,70729
3,4323880,70534
3,4323900,70535
3,4324179,71241
3,4324293,71334
3,4324832,71429
3,4324881,70437
3,4324908,70732
3,4324931,71430
3,4325150,70538
3,4325165,70438
3,4325242,70733
3,4325424,70354
3,4325516,70051
3,4325649,71028
3,4325668,71336
3,4325803,71433
3,4325859,70357
3,4325889,70707
3,4325889,70737
3,4326074,71245
3,4326081,70052
3,4326153,70541
3,4326198,70358
3,4326320,70359
3,4326343,71435
3,4326511,70441
3,4326533,71033
3,4326575,70053
3,4326575,70054
3,4326575,70056
3,4326615,70740
3,4326636,70542
3,4326758,70645
3,4326799,70057
3,4326868,70401
3,4326868,70402
3,4326868,70403
3,4326868,70404
3,4327024,71340
3,4327047,70058
3,4327047,70059
3,4327084,71037
3,4327114,70646
3,4327129,71038
3,4327311,71341
3,4327785,71040
3,4328010,70360
3,4328010,70361
3,4328010,70363
3,4328010,70364
3,4328319,70443
3,4328671,70543
3,4328676,70647
3,4328824,70748
3,4328952,70544
3,4329021,71342
3,4329037,70546
3,4329308,71251
3,4329317,71343
3,4329654,70548
3,4329753,70062
3,4329753,70063
3,4329753,70064
3,4329753,70065
3,4329753,70097
3,4329775,70444
3,4329849,70648
3,4330015,70371
3,4330019,70750
3,4330088,70372
3,4330126,70445
3,4330145,70501
3,4330145,70502
3,4330145,70503
3,4330145,70504
3,4330145,70505
3,4330145,70506
3,4330145,70507
3,4330145,70508
3,4330145,70509
3,4330145,70593
3,4330145,70596
3,4330145,70598
3,4330172,70067
3,4330209,70549
3,4330236,70601
3,4330236,70602
3,4330236,70605
3,4330236,70606
3,4330236,70607
3,4330236,70609
3,4330236,70611
3,4330236,70612
3,4330236,70615
3,4330236,70616
3,4330236,70629
3,4330331,71254
3,4330541,70373
3,4330633,70550
3,4330701,71346
3,4330740,71446
3,4330740,71496
3,4330809,70551
3,4331485,70754
3,4331493,70755
3,4331530,70374
3,4331567,71049
3,4331746,70652
3,4331781,70552
3,4332109,70070
3,4332143,70569
3,4332152,70071
3,4332261,70447
3,4332432,70554
3,4332455,70448
3,4332455,70470
3,4332455,70471
3,4332464,71259
3,4332494,71052
3,4332507,71350
3,4332518,71449
3,4332582,70757
3,4332587,71260
3,4332604,71351
3,4332628,70072
3,4332628,70073
3,4332788,70375
3,4332794,70555
3,4333095,71353
3,4333122,71261
3,4333126,70075
3,4333147,70556
3,4333163,70653
3,4333177,70001
3,4333177,70002
3,4333177,70003
3,4333177,70004
3,4333177,70005
3,4333177,70006
3,4333177,70009
3,4333177,70010
3,4333177,70011
3,4333177,70033
3,4333177,70055
3,4333177,70060
3,4333500,70558
3,4333533,71055
3,4333533,71058
3,4333669,71201
3,4333669,71202
3,4333669,71203
3,4333669,71207
3,4333669,71209
3,4333669,71210
3,4333669,71211
3,4333669,71212
3,4333669,71213
3,4333669,71217
3,4333695,70377
3,4333711,71454
3,4333758,71060
3,4333781,71355
3,4333811,70380
3,4333811,70381
3,4333841,70759
3,4333917,70559
3,4334696,70390
3,4334706,70451
3,4334717,71456
3,4334720,71457
3,4334720,71458
3,4334720,71497
3,4334971,70560
3,4334971,70562
3,4334971,70563
3,4335024,71461
3,4335045,70112
3,4335045,70113
3,4335045,70114
3,4335045,70115
3,4335045,70116
3,4335045,70117
3,4335045,70118
3,4335045,70119
3,4335045,70122
3,4335045,70124
3,4335045,70125
3,4335045,70126
3,4335045,70127
3,4335045,70128
3,4335045,70129
3,4335045,70130
3,4335045,70131
3,4335045,70139
3,4335045,70142
3,4335045,70143
3,4335045,70145
3,4335045,70146
3,4335045,70148
3,4335045,70150
3,4335045,70151
3,4335045,70152
3,4335045,70153
3,4335045,70154
3,4335045,70156
3,4335045,70157
3,4335045,70158
3,4335045,70159
3,4335045,70160
3,4335045,70161
3,4335045,70162
3,4335045,70163
3,4335045,70164
3,4335045,70165
3,4335045,70166
3,4335045,70167
3,4335045,70170
3,4335045,70172
3,4335045,70174
3,4335045,70175
3,4335045,70176
3,4335045,70177
3,4335045,70178
3,4335045,70179
3,4335045,70182
3,4335045,70184
3,4335045,70185
3,4335045,70186
3,4335045,70187
3,4335045,70189
3,4335045,70190
3,4335045,70195
3,4335096,70760
3,4335123,70078
3,4335212,71357
3,4335326,70079
3,4335690,71263
3,4335796,71463
3,4335887,70655
3,4335921,71061
3,4336092,71465
3,4336153,70570
3,4336153,70571
3,4336418,70391
3,4336492,70080
3,4336646,70392
3,4336678,70763
3,4336717,70452
3,4337049,70339
3,4337272,70576
3,4337291,71359
3,4337291,71360
3,4337291,71361
3,4337378,70656
3,4337395,71064
3,4337436,70764
3,4337436,70765
3,4337529,71065
3,4337775,70454
3,4337823,70767
3,4337836,70577
3,4337859,70083
3,4338012,70769
3,4338122,71468
3,4338298,70394
3,4338406,70578
3,4338415,71269
3,4338502,70580
3,4338615,70084
3,4338772,71068
3,4338876,70581
3,4339136,70772
3,4339148,70456
3,4339179,70659
3,4339348,71270
3,4339348,71272
3,4339348,71273
3,4339684,70775
3,4339690,70776
3,4339738,70086
3,4339934,71366
3,4340196,70582
3,4340551,70087
3,4340902,71071
3,4341007,70395
3,4341033,70583
3,4341513,71101
3,4341513,71102
3,4341513,71103
3,4341513,71104
3,4341513,71105
3,4341513,71106
3,4341513,71107
3,4341513,71108
3,4341513,71109
3,4341513,71115
3,4341513,71118
3,4341513,71119
3,4341513,71120
3,4341513,71129
3,4341513,71130
3,4341513,71133
3,4341513,71134
3,4341513,71135
3,4341513,71136
3,4341513,71137
3,4341513,71138
3,4341513,71148
3,4341513,71149
3,4341513,71150
3,4341513,71151
3,4341513,71152
3,4341513,71153
3,4341513,71154
3,4341513,71156
3,4341513,71161
3,4341513,71162
3,4341513,71163
3,4341513,71164
3,4341513,71165
3,4341513,71166
3,4341543,71073
3,4341556,71368
3,4341610,71369
3,4341634,71474
3,4341648,71275
3,4341724,70777
3,4341727,70458
3,4341727,70459
3,4341727,70460
3,4341727,70461
3,4341727,70469
3,4341920,70778
3,4342429,71075
3,4342541,70661
3,4342570,71279
3,4342638,71280
3,4342696,71078
3,4342816,70663
3,4342816,70664
3,4342816,70665
3,4342921,70584
3,4342984,71281
3,4343103,71282
3,4343103,71284
3,4343119,70465
3,4343429,70301
3,4343429,70302
3,4343429,70310
3,4343588,70466
3,4344414,71480
3,4344513,70783
3,4344599,71373
3,4344651,70586
3,4344676,70668
3,4344684,70092
3,4344697,71082
3,4344844,70785
3,4345498,70589
3,4345543,71375
3,4345555,70786
3,4345667,70591
3,4345850,71291
3,4345850,71292
3,4345850,71294
3,4345925,70669
3,4345968,70094
3,4345968,70096
3,4346053,70788
3,4346371,70789
3,4346455,71483
3,4346466,71295
3,4346505,71378
3,4346646,71485
3,4346788,70791
3,4346810,70592
3,4346884,71486
3,4346913,21001
3,4346928,21009
3,4346952,20607
3,4346978,21710
3,4347242,21401
3,4347242,21402
3,4347242,21403
3,4347242,21404
3,4347242,21405
3,4347242,21409
3,4347242,21411
3,4347242,21412
3,4347357,20608
3,4347426,21012
3,4347778,21201
3,4347778,21202
3,4347778,21203
3,4347778,21205
3,4347778,21206
3,4347778,21209
3,4347778,21210
3,4347778,21211
3,4347778,21212
3,4347778,21213
3,4347778,21214
3,4347778,21215
3,4347778,21216
3,4347778,21217
3,4347778,21218
3,4347778,21223
3,4347778,21224
3,4347778,21229
3,4347778,21230
3,4347778,21231
3,4347778,21233
3,4347778,21235
3,4347778,21239
3,4347778,21241
3,4347778,21263
3,4347778,21264
3,4347778,21270
3,4347778,21273
3,4347778,21275
3,4347778,21278
3,4347778,21279
3,4347778,21280
3,4347778,21281
3,4347778,21287
3,4347778,21288
3,4347778,21289
3,4347778,21290
3,4347778,21297
3,4347778,21298
3,4348240,21014
3,4348240,21015
3,4348353,20704
3,4348353,20705
3,4348460,21811
3,4348599,20810
3,4348599,20811
3,4348599,20813
3,4348599,20814
3,4348599,20816
3,4348599,20817
3,4348599,20824
3,4348599,20827
3,4348599,20889
3,4348599,20892
3,4348599,20894
3,4348793,21813
3,4348888,20710
3,4349107,21713
3,4349159,20715
3,4349159,20716
3,4349159,20717
3,4349159,20718
3,4349159,20719
3,4349159,20720
3,4349159,20721
3,4349228,21714
3,4349283,20613
3,4349337,20722
3,4349706,21716
3,4349727,20616
3,4349733,20617
3,4349755,21717
3,4349903,20866
3,4350013,20818
3,4350049,20619
3,4350175,21613
3,4350359,20731
3,4350359,20743
3,4350359,20790
3,4350359,20791
3,4350359,20799
3,4350635,21228
3,4350675,21720
3,4350702,21913
3,4350878,21617
3,4351038,21914
3,4351048,20622
3,4351184,20732
3,4351189,21915
3,4351248,21619
3,4351264,21620
3,4351335,20815
3,4351335,20825
3,4351521,21623
3,4351708,20871
3,4351871,20735
3,4351887,21030
3,4351977,20740
3,4351977,20741
3,4351977,20742
3,4352053,21044
3,4352053,21045
3,4352053,21046
3,4352248,21625
3,4352539,21114
3,4352577,21817
3,4352618,21032
3,4352681,21501
3,4352681,21502
3,4352681,21503
3,4352681,21504
3,4352681,21505
3,4352728,20872
3,4352815,21035
3,4352888,20751
3,4353075,21629
3,4353084,20855
3,4353463,20747
3,4353463,20753
3,4353765,21222
3,4353798,20754
3,4353962,21601
3,4354035,21528
3,4354072,21037
3,4354087,21040
3,4354234,21921
3,4354234,21922
3,4354256,21075
3,4354260,21529
3,4354265,21041
3,4354265,21042
3,4354265,21043
3,4354352,21727
3,4354428,21221
3,4354604,21733
3,4354708,21047
3,4354775,21632
3,4355355,20744
3,4355355,20749
3,4355585,21701
3,4355585,21702
3,4355585,21703
3,4355585,21704
3,4355585,21705
3,4355585,21709
3,4355756,21532
3,4355780,21826
3,4355809,20759
3,4355816,21734
3,4355843,20877
3,4355843,20878
3,4355843,20879
3,4355843,20882
3,4355843,20883
3,4355843,20884
3,4355843,20885
3,4355843,20898
3,4355843,20899
3,4355859,21635
3,4355871,20765
3,4355899,21054
3,4355949,20896
3,4356050,20874
3,4356050,20875
3,4356050,20876
3,4356188,21060
3,4356188,21061
3,4356188,21062
3,4356289,20769
3,4356622,21536
3,4356634,21638
3,4356847,20768
3,4356847,20770
3,4356847,20771
3,4356953,21639
3,4357141,21740
3,4357141,21741
3,4357141,21742
3,4357141,21746
3,4357141,21747
3,4357141,21749
3,4357279,21074
3,4357310,21750
3,4357617,21078
3,4357731,21830
3,4357998,20777
3,4358671,20637
3,4358701,21031
3,4358701,21065
3,4358772,20639
3,4358790,21643
3,4358821,20781
3,4358821,20782
3,4358821,20783
3,4358821,20784
3,4358821,20785
3,4358821,20787
3,4358821,20788
3,4358916,20640
3,4359359,21084
3,4359377,21755
3,4359694,21756
3,4359760,20891
3,4359760,20895
3,4359984,21087
3,4360103,20646
3,4360321,20703
3,4360321,20706
3,4360369,20707
3,4360369,20708
3,4360369,20709
3,4360369,20725
3,4360369,20726
3,4360551,20650
3,4360592,20653
3,4360625,21762
3,4361085,21539
3,4361365,20657
3,4361547,21102
3,4361969,21767
3,4362001,21106
3,4362173,20659
3,4362344,21220
3,4362372,21769
3,4362548,21651
3,4362743,20886
3,4363124,20712
3,4363141,21545
3,4363436,21773
3,4363654,21774
3,4363692,21776
3,4363831,20714
3,4363889,21901
3,4364231,21550
3,4364312,21842
3,4364312,21843
3,4364362,21113
3,4364537,20830
3,4364537,20832
3,4364721,20736
3,4364727,21117
3,4364745,21654
3,4364759,20745
3,4364759,20750
3,4364946,21234
3,4364990,21122
3,4364990,21123
3,4365227,21128
3,4365254,21130
3,4365264,21903
3,4365387,21208
3,4365387,21282
3,4365569,20674
3,4365634,21850
3,4365766,21851
3,4365812,21777
3,4365845,20675
3,4365877,20837
3,4365937,21904
3,4366001,20854
3,4366001,20859
3,4366114,21655
3,4366159,20678
3,4366176,21853
3,4366300,21132
3,4366379,21658
3,4366476,21133
3,4366516,21557
3,4366647,21136
3,4366772,21660
3,4366852,21911
3,4366877,21140
3,4367081,21661
3,4367175,20847
3,4367175,20848
3,4367175,20849
3,4367175,20850
3,4367175,20851
3,4367175,20852
3,4367175,20853
3,4367175,20857
3,4367372,21237
3,4367872,21781
3,4368120,20685
3,4368380,21663
3,4368711,21801
3,4368711,21802
3,4368711,21803
3,4368711,21804
3,4368879,20763
3,4369106,21664
3,4369190,21144
3,4369224,21146
3,4369286,20764
3,4369352,21782
3,4369360,21861
3,4369596,20901
3,4369596,20902
3,4369596,20903
3,4369596,20904
3,4369596,20905
3,4369596,20906
3,4369596,20907
3,4369596,20908
3,4369596,20910
3,4369596,20911
3,4369596,20914
3,4369596,20915
3,4369596,20916
3,4369596,20918
3,4369596,20993
3,4369596,20997
3,4369758,21783
3,4369807,21863
3,4369872,20688
3,4370109,20868
3,4370366,21666
3,4370616,20746
3,4370616,20752
3,4370854,21784
3,4370890,20912
3,4370931,21787
3,4371053,20748
3,4371053,20757
3,4371334,21788
3,4371582,21204
3,4371582,21252
3,4371582,21284
3,4371582,21285
3,4371582,21286
3,4371620,21673
3,4372112,21791
3,4372183,20772
3,4372183,20773
3,4372183,20774
3,4372183,20775
3,4372183,20792
3,4372599,20601
3,4372599,20602
3,4372599,20603
3,4372599,20604
3,4372630,21793
3,4372794,20880
3,4373225,21562
3,4373238,21157
3,4373238,21158
3,4373426,21162
3,4373647,21874
3,4373719,21795
3,4374122,21798
3,4374497,64720
3,4374502,63730
3,4374523,64401
3,4374556,64830
3,4374730,65606
3,4374798,64831
3,4374993,64724
3,4375016,63621
3,4375040,64725
3,4375087,63010
3,4375172,65604
3,4375229,65010
3,4375349,65605
3,4375379,65231
3,4375383,65608
3,4375663,63011
3,4375663,63021
3,4375663,63022
3,4375663,63024
3,4375832,63012
3,4376432,65013
3,4376569,63736
3,4376632,63822
3,4376668,63823
3,4376879,63532
3,4377158,65610
3,4377190,65438
3,4377247,63624
3,4377452,65014
3,4377531,63825
3,4377542,63627
3,4377664,64013
3,4377664,64014
3,4377664,64015
3,4377835,65613
3,4377913,63628
3,4377957,65233
3,4378027,65441
3,4378070,63334
3,4378219,65615
3,4378219,65616
3,4378271,64624
3,4378391,63044
3,4378488,64628
3,4378990,64016
3,4379025,65622
3,4379322,64730
3,4379478,65689
3,4379545,65018
3,4379634,65020
3,4379641,64018
3,4379644,64429
3,4379785,63933
3,4379966,63701
3,4379966,63702
3,4379966,63703
3,4380027,63829
3,4380043,64834
3,4380145,64633
3,4380199,64835
3,4380202,64836
3,4380211,63830
3,4380284,65625
3,4380570,63016
3,4380695,63436
3,4380775,63633
3,4380848,65240
3,4380859,63740
3,4380997,63834
3,4381072,63005
3,4381072,63006
3,4381072,63017
3,4381104,64601
3,4381344,63437
3,4381426,63837
3,4381572,64734
3,4381585,65631
3,4381643,64735
3,4381856,65325
3,4381982,65201
3,4381982,65202
3,4381982,65203
3,4381982,65205
3,4381982,65211
3,4381982,65212
3,4381982,65215
3,4381982,65216
3,4381982,65217
3,4381982,65218
3,4382119,64020
3,4382169,65632
3,4382491,63338
3,4382741,65633
3,4382874,65452
3,4383041,63019
3,4383070,65453
3,4383513,63020
3,4383553,64439
3,4383857,63841
3,4383865,64840
3,4384134,65459
3,4384199,63637
3,4384264,63935
3,4384695,64841
3,4385054,63845
3,4385221,64444
3,4385317,64744
3,4385339,65026
3,4385440,63638
3,4385603,63343
3,4385654,65466
3,4385745,63344
3,4385835,63025
3,4385966,64024
3,4385974,65647
3,4386009,65648
3,4386034,63939
3,4386289,63640
3,4386332,65248
3,4386381,63026
3,4386381,63099
3,4386419,63028
3,4386802,63031
3,4386802,63032
3,4386802,63033
3,4386802,63034
3,4386898,65652
3,4386970,63348
3,4386981,65653
3,4387240,63645
3,4387496,65251
3,4387545,65655
3,4387557,65656
3,4387569,64640
3,4387605,64747
3,4387807,63037
3,4387885,63848
3,4388009,65254
3,4388159,64748
3,4388216,64843
3,4388353,64454
3,4388402,64029
3,4388409,64844
3,4388460,64030
3,4388632,63039
3,4388790,65661
3,4388822,63944
3,4388831,64034
3,4389293,65255
3,4389309,64644
3,4389418,63401
3,4389487,64035
3,4389658,64701
3,4389731,65667
3,4389821,63349
3,4389910,63851
3,4389967,63042
3,4390204,63048
3,4390221,65041
3,4390229,65668
3,4390482,65257
3,4390485,64037
3,4390555,63049
3,4390602,65669
3,4390705,63050
3,4390911,63852
3,4390914,64040
3,4390975,65672
3,4390975,65673
3,4391029,65043
3,4391232,63855
3,4391354,65483
3,4391564,65674
3,4391641,65259
3,4391752,65486
3,4391808,63052
3,4391812,64050
3,4391812,64051
3,4391812,64052
3,4391812,64053
3,4391812,64054
3,4391812,64055
3,4391812,64056
3,4391812,64057
3,4391812,64058
3,4392057,63650
3,4392163,63755
3,4392314,64648
3,4392351,64755
3,4392388,65101
3,4392388,65102
3,4392388,65103
3,4392388,65104
3,4392388,65105
3,4392388,65106
3,4392388,65107
3,4392388,65108
3,4392388,65109
3,4392388,65110
3,4392388,65111
3,4392766,63351
3,4392768,64801
3,4392768,64802
3,4392768,64803
3,4392768,64804
3,4393217,64101
3,4393217,64102
3,4393217,64105
3,4393217,64106
3,4393217,64108
3,4393217,64109
3,4393217,64110
3,4393217,64111
3,4393217,64112
3,4393217,64113
3,4393217,64114
3,4393217,64120
3,4393217,64121
3,4393217,64123
3,4393217,64124
3,4393217,64125
3,4393217,64126
3,4393217,64127
3,4393217,64128
3,4393217,64129
3,4393217,64130
3,4393217,64131
3,4393217,64132
3,4393217,64133
3,4393217,64134
3,4393217,64136
3,4393217,64137
3,4393217,64138
3,4393217,64139
3,4393217,64141
3,4393217,64145
3,4393217,64146
3,4393217,64147
3,4393217,64148
3,4393217,64149
3,4393217,64170
3,4393217,64171
3,4393217,64179
3,4393217,64180
3,4393217,64184
3,4393217,64187
3,4393217,64188
3,4393217,64191
3,4393217,64196
3,4393217,64197
3,4393217,64198
3,4393217,64199
3,4393217,64999
3,4393269,64060
3,4393405,63758
3,4393451,63857
3,4393535,65261
3,4393581,65686
3,4393687,64650
3,4393747,65680
3,4393816,65336
3,4393983,65337
3,4394046,63352
3,4394302,63367
3,4394487,64759
3,4394655,64465
3,4394685,65038
3,4394716,64062
3,4394788,63653
3,4394794,65536
3,4394876,64761
3,4395035,64067
3,4395052,64068
3,4395052,64069
3,4395115,64762
3,4395255,65542
3,4395275,63862
3,4395324,65338
3,4395447,64653
3,4395934,65682
3,4396090,64070
3,4396425,63353
3,4396553,64763
3,4396767,63552
3,4396796,65263
3,4396871,63863
3,4396967,65704
3,4397065,63764
3,4397071,64658
3,4397123,65705
3,4397211,65340
3,4397238,65706
3,4397248,63357
3,4397340,63043
3,4397433,63867
3,4397543,64469
3,4398103,65265
3,4398357,65707
3,4398730,65270
3,4398859,63456
3,4398894,63361
3,4399032,63868
3,4399067,63767
3,4399153,63362
3,4399605,65712
3,4399725,65711
3,4399745,65548
3,4400073,63953
3,4400183,64850
3,4400203,64772
3,4400236,65063
3,4400253,63363
3,4400260,65274
3,4400289,63068
3,4400423,63459
3,4400427,63869
3,4400648,65714
3,4400673,64854
3,4400708,64668
3,4400973,65717
3,4401282,64075
3,4401659,64076
3,4401987,63771
3,4402011,64473
3,4402027,64855
3,4402029,64077
3,4402040,65065
3,4402099,64776
3,4402213,65066
3,4402245,65721
3,4402300,63069
3,4402381,63461
3,4402452,65275
3,4402479,63601
3,4402550,63870
3,4402809,64078
3,4402973,63462
3,4402998,63775
3,4403102,63070
3,4403182,63957
3,4403187,65723
3,4403261,65276
3,4403269,63663
3,4403442,64856
3,4403599,64079
3,4403615,64477
3,4403710,64080
3,4403803,65725
3,4404151,64671
3,4404162,65789
3,4404233,63901
3,4404233,63902
3,4404267,63873
3,4404348,63664
3,4404848,65734
3,4404862,63960
3,4405180,64083
3,4405358,65737
3,4405434,65738
3,4405516,64779
3,4405558,65556
3,4405588,64085
3,4405795,64150
3,4406109,65740
3,4406271,65742
3,4406282,65401
3,4406282,65402
3,4406282,65409
3,4406675,65074
3,4406783,63074
3,4406831,63301
3,4406831,63302
3,4406831,63303
3,4406831,63304
3,4406840,63077
3,4406909,65559
3,4407010,64501
3,4407010,64502
3,4407010,64503
3,4407010,64504
3,4407010,64505
3,4407010,64507
3,4407010,64508
3,4407237,63376
3,4407259,65584
3,4407294,63670
3,4407308,65560
3,4407399,65281
3,4407631,64862
3,4407665,64485
3,4407900,63780
3,4408000,65301
3,4408000,65302
3,4408023,65745
3,4408052,63876
3,4408054,64865
3,4408117,65746
3,4408334,63468
3,4408350,63469
3,4408353,64784
3,4408358,65747
3,4408672,63801
3,4408964,65349
3,4409195,65350
3,4409199,64089
3,4409526,64863
3,4409615,65753
3,4409896,65801
3,4409896,65802
3,4409896,65803
3,4409896,65804
3,4409896,65805
3,4409896,65806
3,4409896,65807
3,4409896,65808
3,4409896,65809
3,4409896,65810
3,4409896,65814
3,4409896,65817
3,4409896,65890
3,4409896,65897
3,4409896,65898
3,4409896,65899
3,4410101,63877
3,4410113,65565
3,4410226,64490
3,4410287,65785
3,4410425,65078
3,4410432,65757
3,4410536,65284
3,4410669,63080
3,4410722,65571
3,4410978,65351
3,4411477,65791
3,4411809,65081
3,4412043,64492
3,4412089,63379
3,4412096,63380
3,4412325,65082
3,4412454,63084
3,4412820,63088
3,4412847,63965
3,4412896,63382
3,4413013,65084
3,4413015,65769
3,4413024,65566
3,4413085,65582
3,4413420,65770
3,4413595,64093
3,4413598,63383
3,4413601,65355
3,4413621,63090
3,4413788,64096
3,4413802,65583
3,4413842,64870
3,4413944,64097
3,4413978,63384
3,4414001,63385
3,4414033,63386
3,4414200,65775
3,4414270,64098
3,4414343,64874
3,4414816,65781
3,4414959,65793
3,4415076,65360
3,4415101,63389
3,4415134,65588
3,4415502,63390
3,4415813,39730
3,4415878,39735
3,4416057,38820
3,4416192,38821
3,4416289,38721
3,4416602,38603
3,4416877,38824
3,4417130,38606
3,4417205,39520
3,4417205,39521
3,4417212,39422
3,4417378,39423
3,4417666,38827
3,4417676,39038
3,4418478,39530
3,4418478,39531
3,4418478,39532
3,4418478,39533
3,4418478,39534
3,4418478,39535
3,4418800,38610
3,4418952,39629
3,4419025,39041
3,4419094,38829
3,4419245,38730
3,4419290,39042
3,4419290,39043
3,4419290,39047
3,4419500,39601
3,4419500,39602
3,4419500,39603
3,4419539,39739
3,4419654,38915
3,4419801,39322
3,4419845,39630
3,4420041,38833
3,4420161,38611
3,4420177,39272
3,4420304,38916
3,4420617,39046
3,4420719,39426
3,4420729,38917
3,4420799,39051
3,4421208,39631
3,4421338,38921
3,4421935,38614
3,4422106,38732
3,4422106,38733
3,4422133,39056
3,4422133,39058
3,4422133,39060
3,4422228,38922
3,4422289,38618
3,4422375,39428
3,4422398,39325
3,4422442,39701
3,4422442,39702
3,4422442,39703
3,4422442,39704
3,4422442,39705
3,4422442,39710
3,4422457,39429
3,4422485,38619
3,4422552,39057
3,4422713,38834
3,4422713,38835
3,4422899,38620
3,4423023,39743
3,4423195,38622
3,4423227,39059
3,4423639,39328
3,4423701,39327
3,4423847,38839
3,4423888,39525
3,4424689,38737
3,4424837,38925
3,4424956,39063
3,4425369,38841
3,4425435,39066
3,4425561,38926
3,4425603,39437
3,4425752,39330
3,4425816,39552
3,4425862,39744
3,4426129,38629
3,4426218,39069
3,4426772,39071
3,4426781,39073
3,4426822,39232
3,4426884,39074
3,4427090,39483
3,4427216,38631
3,4427345,38843
3,4427569,39553
3,4427809,39638
3,4427960,39079
3,4428475,38701
3,4428475,38702
3,4428475,38703
3,4428475,38704
3,4428495,38930
3,4428495,38935
3,4428539,38901
3,4428539,38902
3,4428667,39501
3,4428667,39502
3,4428667,39503
3,4428667,39505
3,4428667,39506
3,4428667,39507
3,4428744,38849
3,4429295,39401
3,4429295,39402
3,4429295,39403
3,4429295,39404
3,4429295,39406
3,4429295,39407
3,4429387,39083
3,4429475,39439
3,4429579,39086
3,4429589,38632
3,4429661,39332
3,4429679,38633
3,4429861,39087
3,4429973,38940
3,4430017,38748
3,4430104,38634
3,4430104,38635
3,4430400,38637
3,4430507,38850
3,4430529,38851
3,4430749,39555
3,4430981,38749
3,4430981,38751
3,4431209,38753
3,4431259,38754
3,4431280,38941
3,4431283,38852
3,4431410,39201
3,4431410,39202
3,4431410,39203
3,4431410,39204
3,4431410,39205
3,4431410,39206
3,4431410,39207
3,4431410,39209
3,4431410,39210
3,4431410,39211
3,4431410,39212
3,4431410,39213
3,4431410,39215
3,4431410,39216
3,4431410,39217
3,4431410,39225
3,4431410,39236
3,4431410,39250
3,4431410,39269
3,4431410,39271
3,4431410,39282
3,4431410,39283
3,4431410,39284
3,4431410,39286
3,4431410,39289
3,4431410,39296
3,4432041,38639
3,4432304,39747
3,4432310,39556
3,4432542,39090
3,4432931,38643
3,4433039,39440
3,4433039,39441
3,4433039,39442
3,4433039,39443
3,4433116,39451
3,4433289,38756
3,4433359,39095
3,4433362,39645
3,4434069,39560
3,4434283,39339
3,4434388,39452
3,4434435,39455
3,4434645,39341
3,4434663,39110
3,4434663,39130
3,4434697,39111
3,4434720,39652
3,4434850,38855
3,4434904,39342
3,4434925,38646
3,4435161,39752
3,4435217,39113
3,4435318,39648
3,4435318,39649
3,4435652,39653
3,4435722,39114
3,4435764,39301
3,4435764,39302
3,4435764,39303
3,4435764,39304
3,4435764,39305
3,4435764,39307
3,4435764,39309
3,4435803,38760
3,4436445,39654
3,4436543,38857
3,4436546,38761
3,4436694,39117
3,4436743,39562
3,4436743,39563
3,4436772,38762
3,4437149,39119
3,4437935,38650
3,4437982,39120
3,4437982,39121
3,4437982,39122
3,4438121,38652
3,4438134,39462
3,4438820,39345
3,4438855,39463
3,4439436,38948
3,4439506,39564
3,4439506,39566
3,4439566,38860
3,4439869,38654
3,4440076,38655
3,4440397,39567
3,4440397,39568
3,4440397,39569
3,4440397,39581
3,4440397,39595
3,4440413,39571
3,4440559,39208
3,4440559,39288
3,4440602,39572
3,4440660,39145
3,4440837,39465
3,4440906,39350
3,4440975,39466
3,4440988,39146
3,4441555,38951
3,4441578,38862
3,4442067,38863
3,4442164,39470
3,4442187,39150
3,4442363,39474
3,4442639,39475
3,4442692,39355
3,4442797,39153
3,4442913,39154
3,4443249,39218
3,4443276,39476
3,4443296,39157
3,4443296,39158
3,4443338,38663
3,4443769,39159
3,4444067,38771
3,4444938,38866
3,4445059,39477
3,4445170,38666
3,4445217,39574
3,4445297,39358
3,4445447,38668
3,4445668,38868
3,4445737,38774
3,4445792,38869
3,4446449,38870
3,4446675,38671
3,4446675,38672
3,4447158,39362
3,4447161,39759
3,4447161,39760
3,4447344,39363
3,4447545,39666
3,4447557,39482
3,4447577,38778
3,4448074,39168
3,4448086,39169
3,4448168,39170
3,4448201,38871
3,4448614,39364
3,4448894,38676
3,4448903,38801
3,4448903,38802
3,4448903,38803
3,4448903,38804
3,4449055,38963
3,4449106,39667
3,4449467,39175
3,4449475,39176
3,4449532,39565
3,4449552,38878
3,4449603,38879
3,4449620,39180
3,4449620,39181
3,4449620,39182
3,4449620,39183
3,4450142,38680
3,4450142,38686
3,4450150,38683
3,4450164,39189
3,4450203,39771
3,4450347,38965
3,4450411,39576
3,4450441,39367
3,4450476,38966
3,4450606,39191
3,4450753,39773
3,4451140,39577
3,4451465,38967
3,4451678,39669
3,4451810,39194
3,4452137,28315
3,4452253,27006
3,4452256,27910
3,4452285,27201
3,4452303,28001
3,4452303,28002
3,4452465,28509
3,4452655,28901
3,4452686,27501
3,4452713,28007
3,4452808,27502
3,4452808,27523
3,4452808,27539
3,4452848,28510
3,4453035,27203
3,4453035,27204
3,4453035,27205
3,4453066,28801
3,4453066,28802
3,4453066,28803
3,4453066,28804
3,4453066,28805
3,4453066,28806
3,4453066,28810
3,4453066,28813
3,4453066,28814
3,4453066,28815
3,4453066,28816
3,4453144,28511
3,4453145,28512
3,4453174,27805
3,4453184,27806
3,4453244,27915
3,4453271,28513
3,4453351,28009
3,4453371,27807
3,4453467,28705
3,4453688,28604
3,4454022,28515
3,4454370,28516
3,4454761,27810
3,4454860,28012
3,4454971,27504
3,4455080,28016
3,4455171,27812
3,4455473,28518
3,4456054,27209
3,4456098,27813
3,4456121,28711
3,4456253,28320
3,4456376,28605
3,4456595,28017
3,4456615,28422
3,4456624,28423
3,4456703,28607
3,4456703,28608
3,4456748,27011
3,4457040,28712
3,4457325,27505
3,4457578,28424
3,4457719,28713
3,4458033,27506
3,4458153,28323
3,4458175,28425
3,4458228,27215
3,4458228,27216
3,4458228,27217
3,4458265,28714
3,4458372,27509
3,4458391,27920
3,4458584,28467
3,4458728,28325
3,4458737,27921
3,4459022,27229
3,4459120,28716
3,4459257,28019
3,4459261,28428
3,4459343,27510
3,4459426,28327
3,4459467,27511
3,4459467,27512
3,4459467,27513
3,4459467,27518
3,4459467,27519
3,4459530,28429
3,4459569,28609
3,4460084,28431
3,4460162,27514
3,4460162,27515
3,4460162,27516
3,4460162,27517
3,4460162,27599
3,4460243,28201
3,4460243,28202
3,4460243,28203
3,4460243,28204
3,4460243,28205
3,4460243,28206
3,4460243,28207
3,4460243,28208
3,4460243,28209
3,4460243,28210
3,4460243,28211
3,4460243,28212
3,4460243,28213
3,4460243,28214
3,4460243,28215
3,4460243,28216
3,4460243,28217
3,4460243,28218
3,4460243,28219
3,4460243,28220
3,4460243,28221
3,4460243,28222
3,4460243,28223
3,4460243,28224
3,4460243,28226
3,4460243,28227
3,4460243,28228
3,4460243,28229
3,4460243,28230
3,4460243,28231
3,4460243,28232
3,4460243,28233
3,4460243,28234
3,4460243,28235
3,4460243,28236
3,4460243,28237
3,4460243,28241
3,4460243,28242
3,4460243,28243
3,4460243,28244
3,4460243,28246
3,4460243,28247
3,4460243,28250
3,4460243,28253
3,4460243,28254
3,4460243,28255
3,4460243,28256
3,4460243,28258
3,4460243,28260
3,4460243,28262
3,4460243,28263
3,4460243,28265
3,4460243,28266
3,4460243,28269
3,4460243,28270
3,4460243,28272
3,4460243,28273
3,4460243,28274
3,4460243,28275
3,4460243,28277
3,4460243,28278
3,4460243,28280
3,4460243,28281
3,4460243,28282
3,4460243,28284
3,4460243,28285
3,4460243,28287
3,4460243,28288
3,4460243,28289
3,4460243,28290
3,4460243,28296
3,4460243,28297
3,4460243,28299
3,4460364,28719
3,4460465,28021
3,4460651,28023
3,4460689,27817
3,4460831,28610
3,4460910,28433
3,4460943,27520
3,4461015,27012
3,4461027,27013
3,4461066,28024
3,4461101,28328
3,4461101,28329
3,4461150,28721
3,4461169,27521
3,4461493,27925
3,4461499,28722
3,4461574,28025
3,4461574,28026
3,4461574,28027
3,4461668,28612
3,4461696,28613
3,4461704,27820
3,4461771,27014
3,4461890,28330
3,4461941,28031
3,4462356,28032
3,4462446,27522
3,4462701,28723
3,4462759,27929
3,4462896,28034
3,4462937,28724
3,4462940,27016
3,4463053,28035
3,4463519,27239
3,4463523,28037
3,4463810,27017
3,4464096,28619
3,4464326,28334
3,4464326,28335
3,4464368,27701
3,4464368,27702
3,4464368,27703
3,4464368,27704
3,4464368,27705
3,4464368,27706
3,4464368,27707
3,4464368,27708
3,4464368,27709
3,4464368,27710
3,4464368,27711
3,4464368,27712
3,4464368,27713
3,4464368,27715
3,4464368,27717
3,4464368,27722
3,4464518,27018
3,4464564,28726
3,4464684,28039
3,4464873,27288
3,4464873,27289
3,4464897,27932
3,4464963,28727
3,4465013,27243
3,4465088,27906
3,4465088,27907
3,4465088,27909
3,4465106,28337
3,4465155,28621
3,4465181,28040
3,4465198,28338
3,4465251,27822
3,4465285,27244
3,4465303,28594
3,4465364,27823
3,4465463,28339
3,4465507,28729
3,4465637,28439
3,4465691,28340
3,4465705,28730
3,4465853,28341
3,4465926,28042
3,4465984,27828
3,4466033,28301
3,4466033,28302
3,4466033,28303
3,4466033,28304
3,4466033,28305
3,4466033,28306
3,4466033,28309
3,4466033,28311
3,4466033,28312
3,4466033,28314
3,4466444,28731
3,4466547,28732
3,4466720,28043
3,4466988,27524
3,4467128,28734
3,4467128,28744
3,4467161,27525
3,4467167,27248
3,4467254,27830
3,4467644,28441
3,4467657,27529
3,4467701,27831
3,4467732,28052
3,4467732,28053
3,4467732,28054
3,4467732,28055
3,4467732,28056
3,4467743,27938
3,4467757,27832
3,4467841,27019
3,4467899,28343
3,4467926,27249
3,4468056,28628
3,4468161,28528
3,4468261,27530
3,4468261,27531
3,4468261,27532
3,4468261,27533
3,4468261,27534
3,4468525,27253
3,4468590,28630
3,4468595,28072
3,4468622,28529
3,4469146,27401
3,4469146,27402
3,4469146,27403
3,4469146,27404
3,4469146,27405
3,4469146,27406
3,4469146,27407
3,4469146,27408
3,4469146,27409
3,4469146,27410
3,4469146,27411
3,4469146,27412
3,4469146,27413
3,4469146,27415
3,4469146,27416
3,4469146,27417
3,4469146,27419
3,4469146,27420
3,4469146,27425
3,4469146,27427
3,4469146,27429
3,4469146,27435
3,4469146,27438
3,4469146,27455
3,4469146,27495
3,4469146,27497
3,4469146,27498
3,4469146,27499
3,4469160,27833
3,4469160,27834
3,4469160,27835
3,4469160,27836
3,4469160,27858
3,4469281,28530
3,4469357,28073
3,4469617,27839
3,4469730,28345
3,4469765,28443
3,4469955,28531
3,4469979,28634
3,4470109,28075
3,4470225,27943
3,4470244,28532
3,4470274,27258
3,4470359,28904
3,4470384,28635
3,4470416,28738
3,4470566,27536
3,4470566,27537
3,4470592,28739
3,4470592,28791
3,4470592,28792
3,4470592,28793
3,4470727,27930
3,4470727,27944
3,4470778,28601
3,4470778,28602
3,4470778,28603
3,4470940,28636
3,4471025,27260
3,4471025,27261
3,4471025,27262
3,4471025,27263
3,4471025,27264
3,4471025,27265
3,4471025,27268
3,4471064,28077
3,4471123,28741
3,4471149,28637
3,4471241,27278
3,4471368,28347
3,4471560,27844
3,4471629,28445
3,4471641,27540
3,4471851,28348
3,4472025,28742
3,4472119,28743
3,4472247,28638
3,4472370,28070
3,4472370,28078
3,4472557,28666
3,4472687,28079
3,4472787,28080
3,4473017,27845
3,4473083,28540
3,4473083,28541
3,4473083,28546
3,4473158,27282
3,4473226,28640
3,4473796,28642
3,4474040,28081
3,4474040,28082
3,4474040,28083
3,4474123,28448
3,4474147,28349
3,4474159,27542
3,4474221,27284
3,4474221,27285
3,4474274,27948
3,4474316,27021
3,4474388,28086
3,4474436,28501
3,4474436,28502
3,4474436,28503
3,4474436,28504
3,4474505,27949
3,4474527,27545
3,4474609,28449
3,4474627,28551
3,4474773,28745
3,4474803,28746
3,4474919,28450
3,4475057,28088
3,4475276,28351
3,4475347,28352
3,4475347,28353
3,4475357,28090
3,4475622,28451
3,4475640,28633
3,4475640,28645
3,4475766,27849
3,4475767,27023
3,4475773,27292
3,4475773,27293
3,4475773,27294
3,4475773,27295
3,4475785,27298
3,4475936,28091
3,4475942,27546
3,4475995,28092
3,4475995,28093
3,4476724,27850
3,4476786,28097
3,4477296,27549
3,4477400,28098
3,4477495,27851
3,4477525,28358
3,4477525,28359
3,4477525,28360
3,4477732,27025
3,4477757,28751
3,4477762,28453
3,4477779,28650
3,4477844,27552
3,4477886,27953
3,4477893,27954
3,4478003,28752
3,4478056,28754
3,4478090,28753
3,4478116,28103
3,4478334,28104
3,4478334,28105
3,4478334,28106
3,4478365,28554
3,4478372,28364
3,4478408,27027
3,4478424,28555
3,4478877,27302
3,4479207,28107
3,4479602,28651
3,4479702,28108
3,4479779,28109
3,4479891,27028
3,4479926,27559
3,4479946,28110
3,4479946,28111
3,4479946,28112
3,4480007,28757
3,4480125,28115
3,4480125,28117
3,4480150,28654
3,4480153,28557
3,4480219,28655
3,4480219,28680
3,4480285,27560
3,4480378,27030
3,4480497,27306
3,4480560,28120
3,4480638,28365
3,4480727,28124
3,4481046,28758
3,4481150,27958
3,4481298,27855
3,4481308,28906
3,4481427,27959
3,4481519,27856
3,4481682,28560
3,4481682,28561
3,4481682,28562
3,4481682,28563
3,4481682,28564
3,4481941,28127
3,4482066,28657
3,4482084,28570
3,4482101,28658
3,4482109,28366
3,4482264,27563
3,4482577,28656
3,4482577,28659
3,4482693,28128
3,4482916,28465
3,4482941,27310
3,4482973,28129
3,4483124,28469
3,4483142,27960
3,4483271,28762
3,4483561,28571
3,4483745,27565
3,4484490,28372
3,4484957,27863
3,4485005,27041
3,4485161,27568
3,4485259,28373
3,4485272,28370
3,4485272,28374
3,4485294,27864
3,4485305,28134
3,4485534,27043
3,4485538,28572
3,4485655,27312
3,4485716,27313
3,4485973,27962
3,4486078,28135
3,4486537,27569
3,4486983,28376
3,4487042,27601
3,4487042,27602
3,4487042,27603
3,4487042,27604
3,4487042,27605
3,4487042,27606
3,4487042,27607
3,4487042,27608
3,4487042,27609
3,4487042,27610
3,4487042,27611
3,4487042,27612
3,4487042,27613
3,4487042,27614
3,4487042,27615
3,4487042,27616
3,4487042,27617
3,4487042,27619
3,4487042,27620
3,4487042,27621
3,4487042,27622
3,4487042,27623
3,4487042,27624
3,4487042,27625
3,4487042,27626
3,4487042,27627
3,4487042,27628
3,4487042,27629
3,4487042,27634
3,4487042,27635
3,4487042,27636
3,4487042,27640
3,4487042,27650
3,4487042,27656
3,4487042,27658
3,4487042,27661
3,4487042,27668
3,4487042,27675
3,4487042,27676
3,4487042,27690
3,4487042,27695
3,4487042,27697
3,4487042,27698
3,4487042,27699
3,4487078,27316
3,4487116,27317
3,4487401,27868
3,4487421,28377
3,4487682,27320
3,4487682,27323
3,4487761,28667
3,4487877,27869
3,4487912,28137
3,4487941,28574
3,4488031,28456
3,4488232,27870
3,4488289,27325
3,4488298,28771
3,4488314,27871
3,4488587,28379
3,4488587,28380
3,4488600,28138
3,4488758,28457
3,4488762,27803
3,4488762,27804
3,4488762,27815
3,4488859,27571
3,4488913,27970
3,4488954,28458
3,4488978,28382
3,4489022,28772
3,4489048,27572
3,4489185,28383
3,4489200,27573
3,4489303,27045
3,4489303,27094
3,4489303,27098
3,4489303,27099
3,4489354,28671
3,4489365,28139
3,4489790,28384
3,4489985,28144
3,4489985,28145
3,4489985,28146
3,4489985,28147
3,4490031,28773
3,4490329,27330
3,4490329,27331
3,4490329,27332
3,4490533,27340
3,4490606,27874
3,4490677,27876
3,4490759,27342
3,4490778,27576
3,4490976,28459
3,4490976,28470
3,4491086,27878
3,4491180,28150
3,4491180,28151
3,4491180,28152
3,4491300,28673
3,4491651,27344
3,4492168,27577
3,4492300,28460
3,4492329,28580
3,4492722,28387
3,4492722,28388
3,4492750,27351
3,4492756,28461
3,4492829,28675
3,4492871,28159
3,4492909,28160
3,4493028,27882
3,4493035,28390
3,4493110,28777
3,4493215,28163
3,4493226,28164
3,4493250,27883
3,4493256,27356
3,4493316,28625
3,4493316,28677
3,4493316,28687
3,4493343,28391
3,4493547,27357
3,4493592,27048
3,4493685,28678
3,4493990,27358
3,4494082,28468
3,4494217,28778
3,4494228,27885
3,4494238,28584
3,4494294,27359
3,4494335,28779
3,4494408,28463
3,4494513,27886
3,4494650,28681
3,4494942,27360
3,4494942,27361
3,4495169,27049
3,4495175,27050
3,4495585,28585
3,4495616,27370
3,4495710,28166
3,4495714,27371
3,4495749,28782
3,4496484,28690
3,4496570,28586
3,4497231,28395
3,4497244,28170
3,4497290,27587
3,4497290,27588
3,4497314,28396
3,4497373,27051
3,4497385,28466
3,4497413,27373
3,4497437,27052
3,4497520,27981
3,4497622,27589
3,4497643,28398
3,4497666,27889
3,4497833,28173
3,4497868,28785
3,4497868,28786
3,4497912,28787
3,4498003,27374
3,4498017,27890
3,4498056,27375
3,4498084,27591
3,4498231,28694
3,4498571,27891
3,4498722,27031
3,4498899,28472
3,4498946,27377
3,4499138,28697
3,4499294,27892
3,4499379,28401
3,4499379,28402
3,4499379,28403
3,4499379,28405
3,4499379,28406
3,4499379,28407
3,4499379,28408
3,4499379,28409
3,4499379,28410
3,4499379,28411
3,4499379,28412
3,4499389,27893
3,4499389,27894
3,4499389,27895
3,4499389,27896
3,4499483,27593
3,4499528,27983
3,4499569,27985
3,4499573,28174
3,4499612,27101
3,4499612,27102
3,4499612,27103
3,4499612,27104
3,4499612,27105
3,4499612,27106
3,4499612,27107
3,4499612,27108
3,4499612,27109
3,4499612,27110
3,4499612,27111
3,4499612,27113
3,4499612,27114
3,4499612,27115
3,4499612,27116
3,4499612,27117
3,4499612,27120
3,4499612,27127
3,4499612,27130
3,4499612,27150
3,4499612,27152
3,4499612,27155
3,4499612,27157
3,4499612,27198
3,4499612,27199
3,4499629,28590
3,4499635,27986
3,4499867,27897
3,4500092,28480
3,4500154,27055
3,4500166,27379
3,4500320,27596
3,4500324,27597
3,4500458,08201
3,4500458,08205
3,4500491,08001
3,4500541,08004
3,4500546,08401
3,4500546,08404
3,4500546,08405
3,4500572,08106
3,4500579,08202
3,4500630,08005
3,4500637,08006
3,4500653,08007
3,4500688,08721
3,4500696,08008
3,4500709,08722
3,4500750,08031
3,4500750,08099
3,4500771,08009
3,4500845,08012
3,4500920,08203
3,4500942,08302
3,4500959,08015
3,4500977,08310
3,4501018,08101
3,4501018,08102
3,4501018,08103
3,4501018,08104
3,4501018,08105
3,4501057,08210
3,4501066,08204
3,4501173,08311
3,4501198,08002
3,4501198,08003
3,4501198,08034
3,4501265,08312
3,4501269,08021
3,4501306,08108
3,4501646,08215
3,4501678,08318
3,4501689,08217
3,4501708,08319
3,4501732,08320
3,4501818,08731
3,4501919,08026
3,4501921,08027
3,4501931,08028
3,4501940,08029
3,4501943,08030
3,4502093,08035
3,4502103,08033
3,4502129,08037
3,4502420,08732
3,4502635,08735
3,4502641,08045
3,4502690,08221
3,4502777,08403
3,4502820,08048
3,4502833,08049
3,4502866,08050
3,4502901,08052
3,4502904,08402
3,4502911,08053
3,4502962,08330
3,4503078,08332
3,4503132,08059
3,4503134,08060
3,4503136,08054
3,4503195,08062
3,4503217,08063
3,4503264,08344
3,4503316,08225
3,4503339,08107
3,4503351,08226
3,4503360,08740
3,4503516,08066
3,4503529,08067
3,4503532,08068
3,4503544,08069
3,4503548,08110
3,4503555,08070
3,4503596,08741
3,4503635,08071
3,4503646,08232
3,4503665,08240
3,4503681,08349
3,4503682,08241
3,4503716,08072
3,4503781,08074
3,4503788,08242
3,4503816,08352
3,4503944,08079
3,4503953,08078
3,4504003,08243
3,4504010,08751
3,4504014,08752
3,4504048,08080
3,4504091,08353
3,4504118,08081
3,4504180,08083
3,4504186,08244
3,4504308,08247
3,4504336,08084
3,4504391,08085
3,4504476,08753
3,4504476,08754
3,4504476,08755
3,4504476,08756
3,4504476,08757
3,4504525,08087
3,4504598,08406
3,4504616,08251
3,4504618,08088
3,4504621,08360
3,4504621,08361
3,4504621,08362
3,4504713,08758
3,4504761,08090
3,4504811,08093
3,4504839,08252
3,4504856,08260
3,4504871,08094
3,4504911,08270
3,4504919,08097
3,4504946,08098
3,4504988,45101
3,4505028,45001
3,4505068,45710
3,4505202,43102
3,4505219,45102
3,4505390,45304
3,4505522,43103
3,4505542,45701
3,4505667,45612
3,4505716,43105
3,4505786,43713
3,4505868,45103
3,4506166,45305
3,4506187,45714
3,4506308,45106
3,4506474,45715
3,4506684,45107
3,4506736,43106
3,4507188,45309
3,4507327,45716
3,4507378,43008
3,4507599,43723
3,4507661,43724
3,4507755,45311
3,4507987,43112
3,4508132,45314
3,4508373,45719
3,4508412,45619
3,4508722,45201
3,4508722,45202
3,4508722,45203
3,4508722,45204
3,4508722,45205
3,4508722,45206
3,4508722,45207
3,4508722,45208
3,4508722,45209
3,4508722,45211
3,4508722,45212
3,4508722,45213
3,4508722,45214
3,4508722,45215
3,4508722,45216
3,4508722,45217
3,4508722,45218
3,4508722,45219
3,4508722,45220
3,4508722,45221
3,4508722,45222
3,4508722,45223
3,4508722,45224
3,4508722,45225
3,4508722,45226
3,4508722,45227
3,4508722,45229
3,4508722,45230
3,4508722,45231
3,4508722,45232
3,4508722,45233
3,4508722,45234
3,4508722,45235
3,4508722,45236
3,4508722,45237
3,4508722,45238
3,4508722,45239
3,4508722,45240
3,4508722,45241
3,4508722,45242
3,4508722,45243
3,4508722,45244
3,4508722,45246
3,4508722,45247
3,4508722,45248
3,4508722,45249
3,4508722,45250
3,4508722,45251
3,4508722,45252
3,4508722,45253
3,4508722,45254
3,4508722,45255
3,4508722,45258
3,4508722,45262
3,4508722,45263
3,4508722,45264
3,4508722,45267
3,4508722,45268
3,4508722,45269
3,4508722,45270
3,4508722,45271
3,4508722,45273
3,4508722,45274
3,4508722,45277
3,4508722,45280
3,4508722,45296
3,4508722,45298
3,4508722,45299
3,4508722,45999
3,4508778,43113
3,4508872,45113
3,4508885,45315
3,4508944,45002
3,4509177,43085
3,4509177,43201
3,4509177,43202
3,4509177,43203
3,4509177,43204
3,4509177,43205
3,4509177,43206
3,4509177,43207
3,4509177,43209
3,4509177,43210
3,4509177,43211
3,4509177,43212
3,4509177,43213
3,4509177,43214
3,4509177,43215
3,4509177,43216
3,4509177,43217
3,4509177,43218
3,4509177,43219
3,4509177,43220
3,4509177,43221
3,4509177,43222
3,4509177,43223
3,4509177,43224
3,4509177,43226
3,4509177,43227
3,4509177,43228
3,4509177,43229
3,4509177,43230
3,4509177,43231
3,4509177,43232
3,4509177,43234
3,4509177,43235
3,4509177,43236
3,4509177,43240
3,4509177,43251
3,4509177,43260
3,4509177,43266
3,4509177,43268
3,4509177,43270
3,4509177,43271
3,4509177,43272
3,4509177,43279
3,4509177,43287
3,4509177,43291
3,4509221,43116
3,4509436,43730
3,4509634,43731
3,4509884,45401
3,4509884,45402
3,4509884,45403
3,4509884,45404
3,4509884,45405
3,4509884,45406
3,4509884,45409
3,4509884,45410
3,4509884,45412
3,4509884,45413
3,4509884,45414
3,4509884,45415
3,4509884,45416
3,4509884,45417
3,4509884,45419
3,4509884,45420
3,4509884,45422
3,4509884,45423
3,4509884,45424
3,4509884,45426
3,4509884,45428
3,4509884,45429
3,4509884,45430
3,4509884,45432
3,4509884,45434
3,4509884,45435
3,4509884,45437
3,4509884,45439
3,4509884,45440
3,4509884,45441
3,4509884,45448
3,4509884,45449
3,4509884,45458
3,4509884,45459
3,4509884,45469
3,4509884,45470
3,4509884,45475
3,4509884,45479
3,4509884,45481
3,4509884,45482
3,4509884,45490
3,4510418,43734
3,4510719,45320
3,4511064,45322
3,4511086,45323
3,4511149,43018
3,4511263,45324
3,4511283,45014
3,4511283,45018
3,4511500,45325
3,4511551,45120
3,4512200,45628
3,4512203,45005
3,4512229,45629
3,4512449,45631
3,4512584,45121
3,4512620,45327
3,4512821,45732
3,4512940,45122
3,4513117,45330
3,4513294,45123
3,4513409,43123
3,4513425,43125
3,4513425,43195
3,4513425,43199
3,4513566,45634
3,4513572,45130
3,4513575,45011
3,4513575,45012
3,4513575,45013
3,4513575,45015
3,4513805,45030
3,4513891,45032
3,4514004,43025
3,4514282,45133
3,4514587,45033
3,4515247,45638
3,4515318,45640
3,4515427,45335
3,4515485,43128
3,4515688,43748
3,4515935,45034
3,4515947,45644
3,4515976,43033
3,4516233,43130
3,4516336,43135
3,4516412,45036
3,4516446,45135
3,4516523,45338
3,4516752,43136
3,4516989,43138
3,4517009,43140
3,4517157,45744
3,4517204,45648
3,4517204,45699
3,4517264,45142
3,4517441,45039
3,4517461,43758
3,4517471,45144
3,4517586,45750
3,4517698,45040
3,4517816,43756
3,4518188,45342
3,4518188,45343
3,4518202,45041
3,4518257,45760
3,4518264,45042
3,4518264,45044
3,4518307,45150
3,4518397,43046
3,4518469,45653
3,4518550,45050
3,4518737,45152
3,4519005,45154
3,4519065,43143
3,4519445,45764
3,4519497,45344
3,4519510,43762
3,4519545,43145
3,4519583,45345
3,4519591,43764
3,4519613,45346
3,4519625,45767
3,4519642,45347
3,4519657,45157
3,4519685,43766
3,4519701,45159
3,4519745,45768
3,4519835,45052
3,4520081,45656
3,4520741,45160
3,4520760,45056
3,4520905,43062
3,4521011,45660
3,4521179,45354
3,4521187,43771
3,4521209,43147
3,4521268,45661
3,4521632,43148
3,4521708,45769
3,4521816,45662
3,4521880,43942
3,4521969,45669
3,4522359,45773
3,4522411,43068
3,4522411,43069
3,4522533,45674
3,4522540,45167
3,4522884,45061
3,4522898,43777
3,4523072,45168
3,4523097,45169
3,4523924,45171
3,4523929,43946
3,4524299,45679
3,4524401,45062
3,4524446,43947
3,4524528,43782
3,4524993,43783
3,4525041,45368
3,4525084,45065
3,4525103,45680
3,4525131,45682
3,4525304,45066
3,4525353,45501
3,4525353,45502
3,4525353,45503
3,4525353,45504
3,4525353,45505
3,4525353,45506
3,4525628,43154
3,4526027,45779
3,4526172,45174
3,4526215,45780
3,4526291,43076
3,4526317,43157
3,4526365,45371
3,4526469,45067
3,4527124,45377
3,4527660,43160
3,4527760,45690
3,4527805,45068
3,4527879,45692
3,4527941,45381
3,4528015,43162
3,4528036,45383
3,4528051,45663
3,4528071,45693
3,4528203,45694
3,4528348,45384
3,4528414,45176
3,4528434,43164
3,4528463,45177
3,4528527,45697
3,4528724,43793
3,4528810,45385
3,4528866,45387
3,4528923,43701
3,4528923,43702
3,4529091,74720
3,4529096,74820
3,4529096,74821
3,4529104,74330
3,4529143,74331
3,4529220,73002
3,4529244,74825
3,4529292,73521
3,4529292,73522
3,4529308,73717
3,4529353,73005
3,4529418,74523
3,4529424,73006
3,4529448,73620
3,4529469,73401
3,4529469,73402
3,4529469,73403
3,4529480,74901
3,4529499,73832
3,4529604,74525
3,4529973,74002
3,4529987,74003
3,4529987,74004
3,4529987,74005
3,4529987,74006
3,4530265,74421
3,4530372,73008
3,4530685,74630
3,4530700,73009
3,4530801,74008
3,4530866,74631
3,4530879,73526
3,4530883,73010
3,4531136,74726
3,4531160,74829
3,4531202,74727
3,4531370,74010
3,4531405,74011
3,4531405,74012
3,4531405,74013
3,4531414,74728
3,4531627,73834
3,4531760,73624
3,4531875,73527
3,4531896,74729
3,4531980,74730
3,4531994,73014
3,4532268,73724
3,4532279,73626
3,4532357,73015
3,4532366,74832
3,4532415,74731
3,4532432,73016
3,4532493,74015
3,4532846,74834
3,4532917,74426
3,4532918,74016
3,4532929,73728
3,4533006,73628
3,4533029,73018
3,4533029,73023
3,4533130,73020
3,4533166,74337
3,4533580,74017
3,4533580,74018
3,4533617,74536
3,4533688,74020
3,4533738,73601
3,4533854,74733
3,4533878,74338
3,4533909,74021
3,4533928,73529
3,4533952,74339
3,4534098,74022
3,4534117,73632
3,4534122,73024
3,4534305,73730
3,4534386,74429
3,4534452,73028
3,4534659,74023
3,4534687,73029
3,4534763,74026
3,4534774,73030
3,4535044,74431
3,4535051,74029
3,4535076,73031
3,4535097,73641
3,4535287,74030
3,4535389,73533
3,4535389,73534
3,4535389,73536
3,4535414,74701
3,4535414,74702
3,4535474,74734
3,4535488,74840
3,4535740,73003
3,4535740,73012
3,4535740,73013
3,4535740,73025
3,4535740,73034
3,4535740,73083
3,4535783,73036
3,4535806,73538
3,4535823,73644
3,4535823,73648
3,4535904,73433
3,4535961,73701
3,4535961,73702
3,4535961,73703
3,4535961,73705
3,4535961,73706
3,4535992,73645
3,4536031,74432
3,4536099,74637
3,4536109,74343
3,4536124,73737
3,4536996,73541
3,4537096,73038
3,4537123,74434
3,4537289,73542
3,4537470,73738
3,4537530,73040
3,4537560,73543
3,4537629,74032
3,4537641,74033
3,4537760,74435
3,4537884,73546
3,4537904,73547
3,4538126,74344
3,4538126,74345
3,4538142,73044
3,4538217,74546
3,4538254,73650
3,4538346,73045
3,4538400,74547
3,4538428,74436
3,4538506,73438
3,4538519,74937
3,4538544,73741
3,4538562,73742
3,4538577,74437
3,4538801,73047
3,4538821,73651
3,4538869,74848
3,4538890,73550
3,4538955,74035
3,4539113,74940
3,4539145,74743
3,4539163,74441
3,4539224,74745
3,4539351,74036
3,4539557,74346
3,4539615,74037
3,4539726,73049
3,4540051,74347
3,4540109,74039
3,4540158,74941
3,4540261,74041
3,4540313,73750
3,4540329,73439
3,4540339,74553
3,4540403,74849
3,4540422,74554
3,4540495,73754
3,4540676,74350
3,4540677,73050
3,4540713,73848
3,4540737,73501
3,4540737,73502
3,4540737,73505
3,4540737,73506
3,4540737,73507
3,4540932,73051
3,4541116,73052
3,4541597,74352
3,4541625,73443
3,4541984,73054
3,4542052,73446
3,4542100,73554
3,4542113,74044
3,4542121,73447
3,4542164,73448
3,4542179,73055
3,4542312,73057
3,4542367,74501
3,4542367,74502
3,4542424,74944
3,4542500,74851
3,4542557,73759
3,4542564,74855
3,4542692,74354
3,4542692,74355
3,4542876,73059
3,4542994,73852
3,4543027,74445
3,4543040,73061
3,4543082,74047
3,4543228,73062
3,4543280,74948
3,4543338,74401
3,4543338,74402
3,4543338,74403
3,4543352,73064
3,4543622,73065
3,4543627,74647
3,4543671,73066
3,4543724,73067
3,4543733,73068
3,4543762,73019
3,4543762,73026
3,4543762,73069
3,4543762,73070
3,4543762,73071
3,4543762,73072
3,4544025,74048
3,4544174,74050
3,4544252,74052
3,4544261,74446
3,4544263,73763
3,4544272,74859
3,4544349,73101
3,4544349,73102
3,4544349,73103
3,4544349,73104
3,4544349,73105
3,4544349,73106
3,4544349,73107
3,4544349,73108
3,4544349,73109
3,4544349,73110
3,4544349,73111
3,4544349,73112
3,4544349,73113
3,4544349,73114
3,4544349,73115
3,4544349,73116
3,4544349,73117
3,4544349,73118
3,4544349,73119
3,4544349,73120
3,4544349,73121
3,4544349,73122
3,4544349,73123
3,4544349,73124
3,4544349,73125
3,4544349,73126
3,4544349,73127
3,4544349,73128
3,4544349,73129
3,4544349,73130
3,4544349,73131
3,4544349,73132
3,4544349,73134
3,4544349,73135
3,4544349,73136
3,4544349,73137
3,4544349,73140
3,4544349,73141
3,4544349,73142
3,4544349,73143
3,4544349,73144
3,4544349,73145
3,4544349,73146
3,4544349,73147
3,4544349,73148
3,4544349,73149
3,4544349,73150
3,4544349,73151
3,4544349,73152
3,4544349,73153
3,4544349,73154
3,4544349,73155
3,4544349,73156
3,4544349,73157
3,4544349,73159
3,4544349,73162
3,4544349,73163
3,4544349,73164
3,4544349,73167
3,4544349,73169
3,4544349,73172
3,4544349,73175
3,4544349,73178
3,4544349,73179
3,4544349,73184
3,4544349,73185
3,4544349,73189
3,4544349,73190
3,4544349,73194
3,4544349,73195
3,4544349,73196
3,4544383,74447
3,4547214,73560
3,4547242,74053
3,4547407,74055
3,4547504,74951
3,4547544,73074
3,4547567,74451
3,4547675,74056
3,4547684,74058
3,4547690,73075
3,4547782,74452
3,4547849,74059
3,4547861,73077
3,4547969,73078
3,4548233,74902
3,4548267,74601
3,4548267,74602
3,4548267,74604
3,4548280,73766
3,4548312,74454
3,4548320,74455
3,4548363,74953
3,4548393,74864
3,4548516,74361
3,4548516,74362
3,4548560,73080
3,4548606,74363
3,4548780,74561
3,4548897,74061
3,4548955,73455
3,4549026,74563
3,4549253,73456
3,4549257,73768
3,4549633,74865
3,4549656,74954
3,4549984,73082
3,4550007,73565
3,4550364,74365
3,4550374,74955
3,4550659,74063
3,4550881,74066
3,4550881,74067
3,4550923,74565
3,4550928,73662
3,4550962,74460
3,4551021,73663
3,4551042,74818
3,4551042,74868
3,4551060,73664
3,4551141,74956
3,4551173,73858
3,4551177,74801
3,4551177,74802
3,4551177,74804
3,4551408,74070
3,4551532,73566
3,4551915,73084
3,4551928,74073
3,4551934,74959
3,4552061,73458
3,4552189,73567
3,4552206,74462
3,4552215,74074
3,4552215,74075
3,4552215,74076
3,4552215,74077
3,4552215,74078
3,4552280,74960
3,4552339,74872
3,4552361,74079
3,4552519,73086
3,4552707,74464
3,4552707,74465
3,4552725,74571
3,4552740,73667
3,4552820,74873
3,4552840,73568
3,4552981,73669
3,4553121,73570
3,4553126,73460
3,4553160,74653
3,4553407,74875
3,4553433,74101
3,4553433,74102
3,4553433,74103
3,4553433,74104
3,4553433,74105
3,4553433,74106
3,4553433,74107
3,4553433,74108
3,4553433,74110
3,4553433,74112
3,4553433,74114
3,4553433,74115
3,4553433,74116
3,4553433,74117
3,4553433,74119
3,4553433,74120
3,4553433,74121
3,4553433,74126
3,4553433,74128
3,4553433,74129
3,4553433,74130
3,4553433,74132
3,4553433,74133
3,4553433,74134
3,4553433,74135
3,4553433,74136
3,4553433,74137
3,4553433,74141
3,4553433,74145
3,4553433,74146
3,4553433,74147
3,4553433,74148
3,4553433,74149
3,4553433,74150
3,4553433,74152
3,4553433,74153
3,4553433,74155
3,4553433,74156
3,4553433,74157
3,4553433,74158
3,4553433,74159
3,4553433,74169
3,4553433,74170
3,4553433,74171
3,4553433,74172
3,4553433,74182
3,4553433,74186
3,4553433,74187
3,4553433,74192
3,4553433,74193
3,4553574,73089
3,4553709,73090
3,4554351,74764
3,4554395,73491
3,4554400,73092
3,4554418,74962
3,4554425,73859
3,4554496,74301
3,4554548,74467
3,4554548,74477
3,4554634,73572
3,4554693,74469
3,4554703,73093
3,4554800,73772
3,4554823,73773
3,4554829,73573
3,4554839,73095
3,4554849,73860
3,4554858,73096
3,4554891,74470
3,4554897,74369
3,4554906,74880
3,4554915,74471
3,4554920,74881
3,4555189,74965
3,4555204,74883
3,4555211,74884
3,4555423,74578
3,4555790,73463
3,4555925,74966
3,4556050,73801
3,4556050,73802
3,4556085,74766
3,4556096,73098
3,4556110,74085
3,4556165,73085
3,4556165,73099
3,4556216,17301
3,4556241,17302
3,4556263,15413
3,4556310,17303
3,4556341,19310
3,4556349,19311
3,4556502,17306
3,4556518,15530
3,4556595,17307
3,4556668,17214
3,4556681,15315
3,4556793,19015
3,4556802,19008
3,4557109,17201
3,4557109,17202
3,4557137,19013
3,4557137,19016
3,4557148,19017
3,4557181,17509
3,4557228,19018
3,4557247,19320
3,4557253,19330
3,4557316,17516
3,4557319,15424
3,4557436,15325
3,4557477,17313
3,4557485,19023
3,4557544,17314
3,4557606,19026
3,4557629,15431
3,4557666,17316
3,4557707,17317
3,4557851,15436
3,4557858,17320
3,4557920,17222
3,4557931,17322
3,4557940,15437
3,4558002,19033
3,4558004,19032
3,4558020,17224
3,4558131,17527
3,4558183,17325
3,4558236,17327
3,4558247,19036
3,4558369,17225
3,4558475,17331
3,4558475,17332
3,4558475,17333
3,4558475,17334
3,4558475,17335
3,4558523,19083
3,4558703,15445
3,4558752,15545
3,4558942,19348
3,4559065,17537
3,4559070,19350
3,4559077,19050
3,4559168,15456
3,4559273,17340
3,4559302,17342
3,4559431,19061
3,4559439,17235
3,4559490,15461
3,4559495,15346
3,4559575,19063
3,4559575,19065
3,4559575,19091
3,4559600,17236
3,4559619,15552
3,4559685,17551
3,4559692,15348
3,4559715,19358
3,4559730,17237
3,4559762,19070
3,4559812,15349
3,4559943,15351
3,4559967,17349
3,4559983,17350
3,4559990,15468
3,4560057,19074
3,4560152,15472
3,4560185,19363
3,4560229,19365
3,4560349,19019
3,4560349,19092
3,4560349,19093
3,4560349,19099
3,4560349,19101
3,4560349,19102
3,4560349,19103
3,4560349,19104
3,4560349,19105
3,4560349,19106
3,4560349,19107
3,4560349,19108
3,4560349,19109
3,4560349,19110
3,4560349,19111
3,4560349,19112
3,4560349,19114
3,4560349,19115
3,4560349,19116
3,4560349,19118
3,4560349,19119
3,4560349,19120
3,4560349,19121
3,4560349,19122
3,4560349,19123
3,4560349,19124
3,4560349,19125
3,4560349,19127
3,4560349,19128
3,4560349,19129
3,4560349,19130
3,4560349,19131
3,4560349,19132
3,4560349,19133
3,4560349,19134
3,4560349,19135
3,4560349,19136
3,4560349,19137
3,4560349,19138
3,4560349,19139
3,4560349,19140
3,4560349,19141
3,4560349,19142
3,4560349,19143
3,4560349,19144
3,4560349,19145
3,4560349,19146
3,4560349,19147
3,4560349,19148
3,4560349,19149
3,4560349,19150
3,4560349,19151
3,4560349,19152
3,4560349,19153
3,4560349,19154
3,4560349,19155
3,4560349,19160
3,4560349,19161
3,4560349,19162
3,4560349,19170
3,4560349,19171
3,4560349,19172
3,4560349,19173
3,4560349,19175
3,4560349,19176
3,4560349,19177
3,4560349,19178
3,4560349,19179
3,4560349,19181
3,4560349,19182
3,4560349,19183
3,4560349,19184
3,4560349,19185
3,4560349,19187
3,4560349,19188
3,4560349,19190
3,4560349,19191
3,4560349,19192
3,4560349,19193
3,4560349,19194
3,4560349,19195
3,4560349,19196
3,4560349,19197
3,4560349,19244
3,4560349,19255
3,4560492,15474
3,4560549,19076
3,4560577,17566
3,4560639,17356
3,4560671,15475
3,4560709,19078
3,4560776,15557
3,4560843,17250
3,4561064,15558
3,4561120,17254
3,4561160,17360
3,4561188,19079
3,4561233,17361
3,4561301,15478
3,4561307,15480
3,4561391,17362
3,4561407,19064
3,4561477,17263
3,4561501,17363
3,4561542,17579
3,4561628,19081
3,4561716,19372
3,4561755,19374
3,4561859,15401
3,4562043,17582
3,4562070,17268
3,4562078,15370
3,4562144,19380
3,4562144,19381
3,4562144,19382
3,4562144,19383
3,4562148,19390
3,4562275,17584
3,4562311,17366
3,4562366,19094
3,4562407,17401
3,4562407,17402
3,4562407,17403
3,4562407,17404
3,4562407,17405
3,4562407,17406
3,4562407,17407
3,4562407,17408
3,4568985,29620
3,4569067,29801
3,4569067,29802
3,4569067,29803
3,4569067,29804
3,4569067,29805
3,4569067,29808
3,4569207,29810
3,4569298,29621
3,4569298,29622
3,4569298,29623
3,4569298,29624
3,4569298,29625
3,4569298,29626
3,4569541,29320
3,4569793,29429
3,4569801,29511
3,4569929,29003
3,4570015,29812
3,4570111,29006
3,4570284,29901
3,4570284,29902
3,4570284,29903
3,4570284,29904
3,4570284,29906
3,4570284,29907
3,4570579,29627
3,4570634,29512
3,4571470,29010
3,4571582,29817
3,4571593,29702
3,4571722,29910
3,4571725,29016
3,4571805,29316
3,4571856,29431
3,4571994,29018
3,4572098,29432
3,4572537,29911
3,4572677,29321
3,4573077,29628
3,4573209,29020
3,4573209,29021
3,4573390,29322
3,4573805,29704
3,4573888,29033
3,4574153,29630
3,4574280,29036
3,4574324,29401
3,4574324,29402
3,4574324,29403
3,4574324,29406
3,4574324,29407
3,4574324,29409
3,4574324,29412
3,4574324,29413
3,4574324,29414
3,4574324,29416
3,4574324,29417
3,4574324,29422
3,4574324,29423
3,4574324,29424
3,4574324,29425
3,4574434,29520
3,4574517,29323
3,4574550,29709
3,4574565,29706
3,4574947,29822
3,4574989,29631
3,4574989,29632
3,4574989,29633
3,4574989,29634
3,4575008,29324
3,4575028,29325
3,4575048,29525
3,4575061,29710
3,4575352,29201
3,4575352,29202
3,4575352,29203
3,4575352,29204
3,4575352,29205
3,4575352,29206
3,4575352,29207
3,4575352,29208
3,4575352,29209
3,4575352,29210
3,4575352,29211
3,4575352,29214
3,4575352,29215
3,4575352,29216
3,4575352,29217
3,4575352,29218
3,4575352,29219
3,4575352,29220
3,4575352,29221
3,4575352,29222
3,4575352,29223
3,4575352,29224
3,4575352,29225
3,4575352,29226
3,4575352,29227
3,4575352,29229
3,4575352,29230
3,4575352,29240
3,4575352,29250
3,4575352,29260
3,4575352,29290
3,4575352,29292
3,4575455,29329
3,4575461,29526
3,4575461,29527
3,4575461,29528
3,4575687,29435
3,4575793,29530
3,4575815,29330
3,4576268,29040
3,4576319,29532
3,4576319,29540
3,4576544,29042
3,4576653,29536
3,4577039,29639
3,4577083,29334
3,4577263,29640
3,4577263,29641
3,4577263,29642
3,4577375,29044
3,4577532,29824
3,4577622,29081
3,4577653,29045
3,4577727,29047
3,4577825,29335
3,4577897,29918
3,4578039,29643
3,4578047,29827
3,4578079,29336
3,4578737,29501
3,4578737,29502
3,4578737,29503
3,4578737,29504
3,4578737,29505
3,4578737,29506
3,4578801,29439
3,4578973,29714
3,4578977,29708
3,4578977,29715
3,4578977,29716
3,4579043,29644
3,4579411,29052
3,4579418,29340
3,4579418,29341
3,4579418,29342
3,4579571,29053
3,4579662,29440
3,4579662,29442
3,4579757,29054
3,4579923,29828
3,4580098,29445
3,4580265,29829
3,4580329,29645
3,4580354,29055
3,4580543,29601
3,4580543,29602
3,4580543,29603
3,4580543,29604
3,4580543,29605
3,4580543,29606
3,4580543,29607
3,4580543,29608
3,4580543,29609
3,4580543,29610
3,4580543,29611
3,4580543,29612
3,4580543,29613
3,4580543,29614
3,4580543,29615
3,4580543,29616
3,4580543,29617
3,4580569,29646
3,4580569,29647
3,4580569,29648
3,4580569,29649
3,4580599,29650
3,4580599,29651
3,4580599,29652
3,4580983,29924
3,4581023,29410
3,4581095,29927
3,4581116,29448
3,4581261,29550
3,4581261,29551
3,4581361,29058
3,4581832,29925
3,4581832,29926
3,4581832,29928
3,4581832,29938
3,4582000,29059
3,4582042,29449
3,4582133,29654
3,4582263,29061
3,4582788,29349
3,4583114,29451
3,4583127,29655
3,4583213,29831
3,4583337,29718
3,4583491,29351
3,4583632,29555
3,4583636,29832
3,4583722,29353
3,4583722,29395
3,4584007,29067
3,4584125,29556
3,4584277,29456
3,4584322,29560
3,4584453,29563
3,4584541,29069
3,4584556,29720
3,4584556,29721
3,4584556,29722
3,4584590,29356
3,4584633,29834
3,4584668,29565
3,4584738,29360
3,4584885,29070
3,4585000,29071
3,4585000,29072
3,4585000,29073
3,4585025,29657
3,4585421,29566
3,4585835,29569
3,4585971,29079
3,4585988,29365
3,4586196,29102
3,4586266,29571
3,4586523,29662
3,4586530,29104
3,4586546,29368
3,4587511,29461
3,4588165,29464
3,4588165,29465
3,4588165,29466
3,4588634,29574
3,4588682,29576
3,4588718,29572
3,4588718,29575
3,4588718,29577
3,4588718,29578
3,4588718,29579
3,4588718,29587
3,4588718,29588
3,4588936,29809
3,4589207,29108
3,4589300,29666
3,4589349,29667
3,4589360,29112
3,4589368,29841
3,4589368,29860
3,4589368,29861
3,4589387,29405
3,4589387,29415
3,4589387,29418
3,4589387,29419
3,4589446,29582
3,4589446,29597
3,4589446,29598
3,4589932,29114
3,4590184,29115
3,4590184,29116
3,4590184,29117
3,4590184,29118
3,4590312,29372
3,4590315,29373
3,4590338,29728
3,4590413,29583
3,4590739,29123
3,4590762,29670
3,4590946,29671
3,4591328,29125
3,4591411,29469
3,4591896,29935
3,4592114,29127
3,4592411,29470
3,4592694,29375
3,4592904,29129
3,4592912,29936
3,4592922,29472
3,4593142,29730
3,4593142,29731
3,4593142,29732
3,4593142,29733
3,4593142,29734
3,4593372,29376
3,4593797,29477
3,4594258,29135
3,4594546,29479
3,4594694,29138
3,4594983,29142
3,4595216,29591
3,4595346,29672
3,4595346,29678
3,4595346,29679
3,4595491,29742
3,4595864,29680
3,4595864,29681
3,4595921,29682
3,4596238,29593
3,4597200,29301
3,4597200,29302
3,4597200,29303
3,4597200,29304
3,4597200,29305
3,4597200,29306
3,4597200,29307
3,4597200,29319
3,4597418,29146
3,4597554,29377
3,4597882,29482
3,4597911,29148
3,4597919,29483
3,4597919,29484
3,4597919,29485
3,4597948,29150
3,4597948,29151
3,4597948,29153
3,4597948,29154
3,4598098,29160
3,4598353,29687
3,4598650,29688
3,4598692,29161
3,4598865,29690
3,4599063,29162
3,4599214,29379
3,4599493,29944
3,4599961,29164
3,4599981,29691
3,4600013,29596
3,4600065,29488
3,4600141,29692
3,4600173,29851
3,4600375,29168
3,4600434,29385
3,4600541,29169
3,4600541,29170
3,4600541,29171
3,4600541,29172
3,4600661,29693
3,4600990,29178
3,4601167,29697
3,4601196,29853
3,4601335,29180
3,4601547,29388
3,4601693,29945
3,4601703,29745
3,4601991,37010
3,4602039,38310
3,4602167,38001
3,4602181,37701
3,4602270,37012
3,4602305,38504
3,4602483,37301
3,4602916,37302
3,4602982,38449
3,4603001,38002
3,4603225,37015
3,4603284,37303
3,4603284,37371
3,4603330,38220
3,4603347,38004
3,4604411,38544
3,4604504,37708
3,4605229,37020
3,4605372,38006
3,4605577,37307
3,4605907,38315
3,4606483,38221
3,4607005,37709
3,4607201,37617
3,4607414,37618
3,4607598,38008
3,4608147,38316
3,4608408,37024
3,4608408,37027
3,4608616,38011
3,4608657,37620
3,4608657,37621
3,4608657,37625
3,4609116,38012
3,4609163,38317
3,4609789,37711
3,4610022,37029
3,4610363,38549
3,4610643,38320
3,4611656,37030
3,4611691,37714
3,4611742,37031
3,4612315,38551
3,4612465,37033
3,4612725,37034
3,4612805,37310
3,4612828,37036
3,4612862,37401
3,4612862,37402
3,4612862,37403
3,4612862,37404
3,4612862,37405
3,4612862,37406
3,4612862,37407
3,4612862,37408
3,4612862,37409
3,4612862,37410
3,4612862,37411
3,4612862,37412
3,4612862,37414
3,4612862,37415
3,4612862,37416
3,4612862,37419
3,4612862,37421
3,4612862,37422
3,4612862,37424
3,4612862,37450
3,4613501,37037
3,4613533,37641
3,4613560,37642
3,4613838,38553
3,4613868,37040
3,4613868,37041
3,4613868,37042
3,4613868,37043
3,4613868,37044
3,4614088,37311
3,4614088,37312
3,4614088,37320
3,4614088,37323
3,4614088,37364
3,4614136,38425
3,4614214,37716
3,4614214,37717
3,4614366,37719
3,4614370,37313
3,4614720,37315
3,4614748,38017
3,4614748,38027
3,4614818,38450
3,4614867,38401
3,4614867,38402
3,4615145,38501
3,4615145,38502
3,4615145,38503
3,4615145,38505
3,4615145,38506
3,4615514,37047
3,4615804,38019
3,4615851,37318
3,4615975,37723
3,4616393,37049
3,4616470,38555
3,4616470,38557
3,4616470,38558
3,4616470,38571
3,4616470,38572
3,4616556,38327
3,4617112,37725
3,4617536,37321
3,4617650,37322
3,4617664,38329
3,4617668,37324
3,4618057,37055
3,4618057,37056
3,4618921,37058
3,4618964,38559
3,4619013,38225
3,4619629,37327
3,4619758,38330
3,4619800,38024
3,4619800,38025
3,4619895,37060
3,4620634,37643
3,4620634,37644
3,4620702,38455
3,4620732,38029
3,4621002,37329
3,4621108,37061
3,4621130,37650
3,4621192,37330
3,4621196,37331
3,4621503,37062
3,4621694,37656
3,4621915,37334
3,4622833,37335
3,4623560,37064
3,4623560,37065
3,4623560,37067
3,4623560,37068
3,4623560,37069
3,4623805,38034
3,4623879,37737
3,4624116,38562
3,4624172,38036
3,4624180,37066
3,4624417,38037
3,4624443,37738
3,4624601,38138
3,4624601,38139
3,4624601,38183
3,4624940,38229
3,4625282,37070
3,4625282,37072
3,4625418,38563
3,4626029,37338
3,4626275,37742
3,4626286,37073
3,4626334,37743
3,4626334,37744
3,4626334,37745
3,4626344,38230
3,4626617,38565
3,4627194,38040
3,4627863,37748
3,4627983,37341
3,4628044,37752
3,4628109,37074
3,4628617,37755
3,4628695,38340
3,4628735,37075
3,4628735,37077
3,4628800,38041
3,4628929,37076
3,4629986,38462
3,4630114,38342
3,4631291,38343
3,4631422,38344
3,4631435,37345
3,4631443,37756
3,4632591,37757
3,4632595,38301
3,4632595,38302
3,4632595,38303
3,4632595,38305
3,4632595,38308
3,4632595,38314
3,4632852,38556
3,4632892,37347
3,4632959,37760
3,4632967,37762
3,4633419,37601
3,4633419,37602
3,4633419,37604
3,4633419,37605
3,4633419,37614
3,4633419,37615
3,4633848,37659
3,4634662,37660
3,4634662,37662
3,4634662,37663
3,4634662,37664
3,4634662,37665
3,4634662,37669
3,4634671,37763
3,4634683,37082
3,4634946,37901
3,4634946,37902
3,4634946,37909
3,4634946,37912
3,4634946,37914
3,4634946,37915
3,4634946,37916
3,4634946,37917
3,4634946,37918
3,4634946,37919
3,4634946,37920
3,4634946,37921
3,4634946,37922
3,4634946,37923
3,4634946,37924
3,4634946,37927
3,4634946,37928
3,4634946,37929
3,4634946,37930
3,4634946,37931
3,4634946,37932
3,4634946,37933
3,4634946,37934
3,4634946,37938
3,4634946,37939
3,4634946,37940
3,4634946,37950
3,4634946,37995
3,4634946,37996
3,4634946,37997
3,4634946,37998
3,4635031,37086
3,4635031,37089
3,4635093,37083
3,4635849,38464
3,4636045,37087
3,4636045,37088
3,4636045,37090
3,4636285,37771
3,4636285,37772
3,4636442,37091
3,4636463,38351
3,4636915,37096
3,4637626,38570
3,4637659,37097
3,4638144,37350
3,4638201,38469
3,4638278,37774
3,4638308,37777
3,4638738,37779
3,4638759,37098
3,4638782,37352
3,4639072,37354
3,4639224,37349
3,4639224,37355
3,4639684,38237
3,4639684,38238
3,4639848,37801
3,4639848,37802
3,4639848,37803
3,4639848,37804
3,4639859,37806
3,4639871,38049
3,4640037,38050
3,4640160,37807
3,4640882,37110
3,4640882,37111
3,4641110,38355
3,4641239,37501
3,4641239,37544
3,4641239,38101
3,4641239,38103
3,4641239,38104
3,4641239,38105
3,4641239,38106
3,4641239,38107
3,4641239,38108
3,4641239,38109
3,4641239,38111
3,4641239,38112
3,4641239,38113
3,4641239,38114
3,4641239,38115
3,4641239,38116
3,4641239,38117
3,4641239,38118
3,4641239,38119
3,4641239,38120
3,4641239,38122
3,4641239,38124
3,4641239,38125
3,4641239,38126
3,4641239,38127
3,4641239,38128
3,4641239,38130
3,4641239,38131
3,4641239,38132
3,4641239,38133
3,4641239,38134
3,4641239,38135
3,4641239,38136
3,4641239,38137
3,4641239,38141
3,4641239,38145
3,4641239,38148
3,4641239,38150
3,4641239,38151
3,4641239,38152
3,4641239,38157
3,4641239,38159
3,4641239,38161
3,4641239,38163
3,4641239,38166
3,4641239,38167
3,4641239,38168
3,4641239,38173
3,4641239,38174
3,4641239,38175
3,4641239,38177
3,4641239,38181
3,4641239,38182
3,4641239,38184
3,4641239,38186
3,4641239,38187
3,4641239,38188
3,4641239,38190
3,4641239,38193
3,4641239,38194
3,4641239,38197
3,4641380,38357
3,4641517,38052
3,4641630,38358
3,4641998,38053
3,4641998,38054
3,4641998,38055
3,4641998,38083
3,4642141,38473
3,4642410,38574
3,4642680,37811
3,4642914,37357
3,4642938,37813
3,4642938,37814
3,4642938,37815
3,4642938,37816
3,4642988,38057
3,4643005,37818
3,4643153,37645
3,4643336,37121
3,4643336,37122
3,4643578,38474
3,4643953,37683
3,4644282,38058
3,4644312,37127
3,4644312,37128
3,4644312,37129
3,4644312,37130
3,4644312,37131
3,4644312,37132
3,4644312,37133
3,4644585,37201
3,4644585,37202
3,4644585,37203
3,4644585,37204
3,4644585,37205
3,4644585,37206
3,4644585,37207
3,4644585,37208
3,4644585,37209
3,4644585,37210
3,4644585,37211
3,4644585,37212
3,4644585,37213
3,4644585,37214
3,4644585,37215
3,4644585,37216
3,4644585,37217
3,4644585,37218
3,4644585,37219
3,4644585,37220
3,4644585,37221
3,4644585,37222
3,4644585,37224
3,4644585,37227
3,4644585,37228
3,4644585,37229
3,4644585,37230
3,4644585,37232
3,4644585,37234
3,4644585,37235
3,4644585,37236
3,4644585,37238
3,4644585,37240
3,4644585,37241
3,4644585,37242
3,4644585,37243
3,4644585,37244
3,4644585,37246
3,4644585,37250
3,4645255,37134
3,4645293,37820
3,4645422,37824
3,4645422,37825
3,4645498,38059
3,4645532,37821
3,4645532,37822
3,4645658,37826
3,4645738,37135
3,4645799,37828
3,4646571,37830
3,4646571,37831
3,4646637,38060
3,4646772,38240
3,4647287,37841
3,4647313,37363
3,4647405,37141
3,4647809,37365
3,4647963,38242
3,4648217,38363
3,4648637,37143
3,4648917,37144
3,4648935,37845
3,4649014,37846
3,4649251,37863
3,4649251,37868
3,4649295,37367
3,4650064,38578
3,4650295,37146
3,4650946,37148
3,4651648,38478
3,4651727,38251
3,4652359,37150
3,4652877,37370
3,4653091,38080
3,4653098,37152
3,4653228,38063
3,4653451,37687
3,4653928,37853
3,4653999,37854
3,4654293,37857
3,4654530,38066
3,4654953,38369
3,4654984,37861
3,4655262,38481
3,4655515,37373
3,4655649,38370
3,4656006,38372
3,4656259,38374
3,4656442,38375
3,4656585,37862
3,4656585,37864
3,4656585,37876
3,4656589,37375
3,4656589,37383
3,4656630,37865
3,4656859,38255
3,4657077,37160
3,4657077,37161
3,4657077,37162
3,4657633,37377
3,4658541,37166
3,4658590,37167
3,4658683,37869
3,4658802,38068
3,4658948,38257
3,4659005,37380
3,4659177,38583
3,4659207,37870
3,4659233,38585
3,4659350,37381
3,4659446,37174
3,4659557,37172
3,4660988,38483
3,4661041,37872
3,4661150,37873
3,4661331,37874
3,4661964,37879
3,4661995,37690
3,4662017,37385
3,4662170,37178
3,4662809,38079
3,4663110,37387
3,4663205,38382
3,4663226,38258
3,4663258,38259
3,4663367,38260
3,4663494,37388
3,4663928,37692
3,4664170,38261
3,4664170,38281
3,4664218,37180
3,4664815,37885
3,4665927,37183
3,4665933,37887
3,4666102,37184
3,4666202,37185
3,4666247,38485
3,4666960,37186
3,4667165,37187
3,4667339,37890
3,4667530,38075
3,4667608,37397
3,4668336,37398
3,4668397,37892
3,4668717,37190
3,4669581,78827
3,4669635,79601
3,4669635,79602
3,4669635,79603
3,4669635,79604
3,4669635,79605
3,4669635,79606
3,4669635,79608
3,4669635,79697
3,4669635,79698
3,4669635,79699
3,4669828,75001
3,4669905,78330
3,4670074,78516
3,4670094,76430
3,4670165,76008
3,4670234,78332
3,4670234,78333
3,4670300,75002
3,4670300,75013
3,4670527,75925
3,4670582,76009
3,4670592,77511
3,4670592,77512
3,4670605,76225
3,4670707,77514
3,4670732,77830
3,4670866,77515
3,4670866,77516
3,4670871,75409
3,4670901,79501
3,4671141,78335
3,4671141,78336
3,4671174,76351
3,4671212,76226
3,4671240,76001
3,4671240,76002
3,4671240,76003
3,4671240,76004
3,4671240,76005
3,4671240,76006
3,4671240,76007
3,4671240,76010
3,4671240,76011
3,4671240,76012
3,4671240,76013
3,4671240,76014
3,4671240,76015
3,4671240,76016
3,4671240,76017
3,4671240,76018
3,4671240,76019
3,4671240,76094
3,4671240,76096
3,4671334,75750
3,4671545,75751
3,4671545,75752
3,4671576,75551
3,4671620,76227
3,4671654,73301
3,4671654,73344
3,4671654,78701
3,4671654,78702
3,4671654,78703
3,4671654,78704
3,4671654,78705
3,4671654,78708
3,4671654,78709
3,4671654,78710
3,4671654,78711
3,4671654,78712
3,4671654,78713
3,4671654,78714
3,4671654,78715
3,4671654,78716
3,4671654,78718
3,4671654,78719
3,4671654,78720
3,4671654,78721
3,4671654,78722
3,4671654,78723
3,4671654,78724
3,4671654,78725
3,4671654,78726
3,4671654,78727
3,4671654,78728
3,4671654,78730
3,4671654,78731
3,4671654,78732
3,4671654,78733
3,4671654,78734
3,4671654,78735
3,4671654,78736
3,4671654,78737
3,4671654,78738
3,4671654,78739
3,4671654,78741
3,4671654,78742
3,4671654,78744
3,4671654,78745
3,4671654,78746
3,4671654,78747
3,4671654,78748
3,4671654,78749
3,4671654,78750
3,4671654,78751
3,4671654,78752
3,4671654,78753
3,4671654,78754
3,4671654,78755
3,4671654,78756
3,4671654,78757
3,4671654,78758
3,4671654,78759
3,4671654,78760
3,4671654,78761
3,4671654,78762
3,4671654,78763
3,4671654,78764
3,4671654,78765
3,4671654,78766
3,4671654,78767
3,4671654,78768
3,4671654,78769
3,4671654,78772
3,4671654,78773
3,4671654,78774
3,4671654,78778
3,4671654,78779
3,4671654,78783
3,4671654,78799
3,4671800,76020
3,4671895,77518
3,4671988,79504
3,4672059,75180
3,4672145,76821
3,4672171,78003
3,4672192,76823
3,4672212,78339
3,4672296,75101
3,4672576,78602
3,4672600,78829
3,4672731,77520
3,4672731,77521
3,4672731,77522
3,4672989,77701
3,4672989,77702
3,4672989,77703
3,4672989,77704
3,4672989,77705
3,4672989,77706
3,4672989,77707
3,4672989,77708
3,4672989,77710
3,4672989,77713
3,4672989,77720
3,4672989,77725
3,4672989,77726
3,4673094,76021
3,4673094,76022
3,4673094,76095
3,4673096,75631
3,4673258,78102
3,4673258,78104
3,4673390,75414
3,4673398,77418
3,4673425,76513
3,4673475,78341
3,4673510,79505
3,4673677,78605
3,4674337,75755
3,4674337,75797
3,4674436,78830
3,4674593,78343
3,4674911,78606
3,4675014,77419
3,4675056,76626
3,4675057,77951
3,4675059,75416
3,4675153,75424
3,4675373,78006
3,4675398,75417
3,4675525,77420
3,4675577,75418
3,4675803,76230
3,4675929,76023
3,4676032,76825
3,4676131,77422
3,4676181,76424
3,4676198,76629
3,4676206,77833
3,4676206,77834
3,4676316,77611
3,4676327,76426
3,4676571,77423
3,4676737,75756
3,4676740,78520
3,4676740,78521
3,4676740,78522
3,4676740,78523
3,4676740,78526
3,4676798,76801
3,4676798,76804
3,4677008,77801
3,4677008,77802
3,4677008,77803
3,4677008,77805
3,4677008,77806
3,4677008,77807
3,4677008,77808
3,4677030,76427
3,4677042,78609
3,4677124,76518
3,4677230,75831
3,4677344,75757
3,4677392,78163
3,4677412,77612
3,4677526,76354
3,4677551,76028
3,4677551,76097
3,4677592,78611
3,4678005,75135
3,4678111,77836
3,4678322,77837
3,4678357,76520
3,4678599,75422
3,4678858,75103
3,4678901,78133
3,4679148,78834
3,4679195,75006
3,4679195,75011
3,4679272,75633
3,4679459,78009
3,4679803,75104
3,4679803,75106
3,4679867,78613
3,4679867,78630
3,4679936,75423
3,4679944,75009
3,4679988,75935
3,4680082,75833
3,4680369,75758
3,4680388,77530
3,4680560,78011
3,4680702,76431
3,4680740,79225
3,4680756,76632
3,4680774,77613
3,4681462,78108
3,4681521,76437
3,4681758,75426
3,4681976,76031
3,4681976,76033
3,4682032,77327
3,4682032,77328
3,4682066,76634
3,4682163,77531
3,4682169,79510
3,4682352,77331
3,4682380,76834
3,4682464,77840
3,4682464,77841
3,4682464,77842
3,4682464,77843
3,4682464,77844
3,4682464,77845
3,4682478,76034
3,4682536,76233
3,4682548,75938
3,4682665,78934
3,4682698,76442
3,4682742,78535
3,4682748,78013
3,4682762,75428
3,4682762,75429
3,4682829,75431
3,4682991,77301
3,4682991,77302
3,4682991,77303
3,4682991,77304
3,4682991,77305
3,4682991,77306
3,4682991,77384
3,4682991,77385
3,4683021,78109
3,4683089,76635
3,4683141,75432
3,4683217,75019
3,4683217,75099
3,4683244,76522
3,4683416,78401
3,4683416,78402
3,4683416,78403
3,4683416,78404
3,4683416,78405
3,4683416,78406
3,4683416,78407
3,4683416,78408
3,4683416,78409
3,4683416,78410
3,4683416,78411
3,4683416,78412
3,4683416,78413
3,4683416,78414
3,4683416,78415
3,4683416,78416
3,4683416,78417
3,4683416,78418
3,4683416,78419
3,4683416,78426
3,4683416,78427
3,4683416,78460
3,4683416,78463
3,4683416,78465
3,4683416,78466
3,4683416,78467
3,4683416,78468
3,4683416,78469
3,4683416,78472
3,4683416,78480
3,4683453,75939
3,4683462,75109
3,4683462,75110
3,4683462,75151
3,4683696,78014
3,4684056,75114
3,4684084,76638
3,4684218,75835
3,4684301,77532
3,4684332,76443
3,4684431,79227
3,4684434,76036
3,4684480,78839
3,4684547,77954
3,4684611,75433
3,4684678,75760
3,4684724,77410
3,4684724,77429
3,4684724,77433
3,4684858,75638
3,4684867,77533
3,4684888,75201
3,4684888,75202
3,4684888,75203
3,4684888,75204
3,4684888,75205
3,4684888,75206
3,4684888,75207
3,4684888,75208
3,4684888,75209
3,4684888,75210
3,4684888,75211
3,4684888,75212
3,4684888,75214
3,4684888,75215
3,4684888,75216
3,4684888,75217
3,4684888,75218
3,4684888,75219
3,4684888,75220
3,4684888,75221
3,4684888,75222
3,4684888,75223
3,4684888,75224
3,4684888,75225
3,4684888,75226
3,4684888,75227
3,4684888,75228
3,4684888,75229
3,4684888,75230
3,4684888,75231
3,4684888,75232
3,4684888,75233
3,4684888,75234
3,4684888,75235
3,4684888,75236
3,4684888,75237
3,4684888,75238
3,4684888,75240
3,4684888,75241
3,4684888,75242
3,4684888,75243
3,4684888,75244
3,4684888,75246
3,4684888,75247
3,4684888,75248
3,4684888,75249
3,4684888,75250
3,4684888,75251
3,4684888,75252
3,4684888,75253
3,4684888,75254
3,4684888,75260
3,4684888,75261
3,4684888,75262
3,4684888,75263
3,4684888,75264
3,4684888,75265
3,4684888,75266
3,4684888,75267
3,4684888,75270
3,4684888,75275
3,4684888,75277
3,4684888,75283
3,4684888,75284
3,4684888,75285
3,4684888,75287
3,4684888,75301
3,4684888,75303
3,4684888,75312
3,4684888,75313
3,4684888,75315
3,4684888,75320
3,4684888,75326
3,4684888,75336
3,4684888,75339
3,4684888,75342
3,4684888,75354
3,4684888,75355
3,4684888,75356
3,4684888,75357
3,4684888,75358
3,4684888,75359
3,4684888,75360
3,4684888,75367
3,4684888,75368
3,4684888,75370
3,4684888,75371
3,4684888,75372
3,4684888,75373
3,4684888,75374
3,4684888,75376
3,4684888,75378
3,4684888,75379
3,4684888,75380
3,4684888,75381
3,4684888,75382
3,4684888,75389
3,4684888,75390
3,4684888,75391
3,4684888,75392
3,4684888,75393
3,4684888,75394
3,4684888,75395
3,4684888,75397
3,4684888,75398
3,4685144,77430
3,4685160,77534
3,4685428,76639
3,4685449,77535
3,4685467,75559
3,4685478,76444
3,4685524,75115
3,4685524,75123
3,4685617,76234
3,4685737,77536
3,4685892,75020
3,4685892,75021
3,4685907,76201
3,4685907,76202
3,4685907,76203
3,4685907,76204
3,4685907,76205
3,4685907,76206
3,4685907,76207
3,4685907,76208
3,4685907,76209
3,4685907,76210
3,4685952,75435
3,4685987,75436
3,4686085,77614
3,4686131,75941
3,4686163,77539
3,4686593,78537
3,4686903,78620
3,4686916,78351
3,4687151,76446
3,4687331,75116
3,4687331,75137
3,4687331,75138
3,4687579,77434
3,4687635,76802
3,4687635,76803
3,4687678,77435
3,4688071,76448
3,4688203,75439
3,4688216,78538
3,4688222,76837
3,4688254,75117
3,4688275,78539
3,4688275,78540
3,4688275,78541
3,4688275,78542
3,4688506,77437
3,4688739,76360
3,4688756,78621
3,4688795,75839
3,4689077,78112
3,4689115,75118
3,4689120,78543
3,4689236,75440
3,4689248,78019
3,4689311,75119
3,4689311,75120
3,4689550,76039
3,4689550,76040
3,4689566,75124
3,4689569,77615
3,4689837,75840
3,4690070,78355
3,4690097,78113
3,4690218,75442
3,4690257,75132
3,4690428,75125
3,4691441,78941
3,4691524,76527
3,4691553,78114
3,4691585,75022
3,4691585,75027
3,4691585,75028
3,4691833,75126
3,4691930,76101
3,4691930,76102
3,4691930,76103
3,4691930,76104
3,4691930,76105
3,4691930,76106
3,4691930,76107
3,4691930,76108
3,4691930,76109
3,4691930,76110
3,4691930,76111
3,4691930,76112
3,4691930,76113
3,4691930,76114
3,4691930,76115
3,4691930,76116
3,4691930,76118
3,4691930,76119
3,4691930,76120
3,4691930,76121
3,4691930,76122
3,4691930,76123
3,4691930,76124
3,4691930,76126
3,4691930,76129
3,4691930,76130
3,4691930,76131
3,4691930,76132
3,4691930,76133
3,4691930,76134
3,4691930,76135
3,4691930,76136
3,4691930,76137
3,4691930,76140
3,4691930,76147
3,4691930,76148
3,4691930,76150
3,4691930,76155
3,4691930,76161
3,4691930,76162
3,4691930,76163
3,4691930,76164
3,4691930,76166
3,4691930,76177
3,4691930,76179
3,4691930,76181
3,4691930,76185
3,4691930,76190
3,4691930,76191
3,4691930,76192
3,4691930,76193
3,4691930,76195
3,4691930,76196
3,4691930,76197
3,4691930,76198
3,4691930,76199
3,4692193,77856
3,4692252,75763
3,4692279,78624
3,4692355,77541
3,4692355,77542
3,4692359,78357
3,4692400,77545
3,4692521,77546
3,4692521,77549
3,4692559,75033
3,4692559,75034
3,4692559,75035
3,4692559,75036
3,4692600,76641
3,4692658,77441
3,4692661,78358
3,4692746,76240
3,4692746,76241
3,4692883,77550
3,4692883,77551
3,4692883,77552
3,4692883,77553
3,4692883,77554
3,4692883,77555
3,4692898,77962
3,4693003,75040
3,4693003,75041
3,4693003,75042
3,4693003,75043
3,4693003,75044
3,4693003,75045
3,4693003,75046
3,4693003,75047
3,4693003,75049
3,4693065,75946
3,4693150,76528
3,4693150,76596
3,4693150,76597
3,4693150,76598
3,4693150,76599
3,4693325,78022
3,4693342,78626
3,4693342,78627
3,4693342,78628
3,4693342,78633
3,4693389,78115
3,4693472,78942
3,4693569,75644
3,4693569,75645
3,4693621,75647
3,4693696,76043
3,4693749,78943
3,4693832,76044
3,4693906,76844
3,4693921,77963
3,4693940,78629
3,4694156,76454
3,4694418,76449
3,4694420,76450
3,4694459,76048
3,4694459,76049
3,4694482,75050
3,4694482,75051
3,4694482,75052
3,4694482,75053
3,4694482,75054
3,4694488,75140
3,4694503,76050
3,4694521,76530
3,4694562,75844
3,4694568,76051
3,4694568,76099
3,4695066,75401
3,4695066,75402
3,4695066,75403
3,4695066,75404
3,4695155,78359
3,4695270,76642
3,4695317,77619
3,4695325,75845
3,4695553,75058
3,4695866,77964
3,4695894,75650
3,4695912,76117
3,4695938,76531
3,4696134,77561
3,4696189,78549
3,4696202,76548
3,4696233,78550
3,4696233,78551
3,4696233,78552
3,4696233,78553
3,4696310,78631
3,4696593,79521
3,4696605,76052
3,4696686,75765
3,4696723,79525
3,4696862,77859
3,4696922,78361
3,4697038,78023
3,4697054,75948
3,4697060,77445
3,4697128,76365
3,4697330,76643
3,4697440,76457
3,4697442,78557
3,4697652,77562
3,4697867,76645
3,4697988,77563
3,4698254,76534
3,4698296,76366
3,4698562,78861
3,4698610,75446
3,4698646,75561
3,4698864,78657
3,4699066,77001
3,4699066,77002
3,4699066,77003
3,4699066,77004
3,4699066,77005
3,4699066,77006
3,4699066,77007
3,4699066,77008
3,4699066,77009
3,4699066,77010
3,4699066,77011
3,4699066,77012
3,4699066,77013
3,4699066,77014
3,4699066,77015
3,4699066,77016
3,4699066,77017
3,4699066,77018
3,4699066,77019
3,4699066,77020
3,4699066,77021
3,4699066,77022
3,4699066,77023
3,4699066,77024
3,4699066,77025
3,4699066,77026
3,4699066,77027
3,4699066,77028
3,4699066,77029
3,4699066,77030
3,4699066,77031
3,4699066,77032
3,4699066,77033
3,4699066,77034
3,4699066,77035
3,4699066,77036
3,4699066,77037
3,4699066,77038
3,4699066,77039
3,4699066,77040
3,4699066,77041
3,4699066,77042
3,4699066,77043
3,4699066,77044
3,4699066,77045
3,4699066,77046
3,4699066,77047
3,4699066,77048
3,4699066,77049
3,4699066,77050
3,4699066,77051
3,4699066,77052
3,4699066,77053
3,4699066,77054
3,4699066,77055
3,4699066,77056
3,4699066,77057
3,4699066,77058
3,4699066,77059
3,4699066,77060
3,4699066,77061
3,4699066,77062
3,4699066,77063
3,4699066,77064
3,4699066,77065
3,4699066,77066
3,4699066,77067
3,4699066,77068
3,4699066,77069
3,4699066,77070
3,4699066,77071
3,4699066,77072
3,4699066,77073
3,4699066,77074
3,4699066,77075
3,4699066,77076
3,4699066,77077
3,4699066,77078
3,4699066,77079
3,4699066,77080
3,4699066,77081
3,4699066,77082
3,4699066,77083
3,4699066,77084
3,4699066,77085
3,4699066,77086
3,4699066,77087
3,4699066,77088
3,4699066,77089
3,4699066,77090
3,4699066,77091
3,4699066,77092
3,4699066,77093
3,4699066,77094
3,4699066,77095
3,4699066,77096
3,4699066,77098
3,4699066,77099
3,4699066,77201
3,4699066,77202
3,4699066,77203
3,4699066,77204
3,4699066,77205
3,4699066,77206
3,4699066,77207
3,4699066,77208
3,4699066,77209
3,4699066,77210
3,4699066,77212
3,4699066,77213
3,4699066,77215
3,4699066,77216
3,4699066,77217
3,4699066,77218
3,4699066,77219
3,4699066,77220
3,4699066,77221
3,4699066,77222
3,4699066,77223
3,4699066,77224
3,4699066,77225
3,4699066,77226
3,4699066,77227
3,4699066,77228
3,4699066,77229
3,4699066,77230
3,4699066,77231
3,4699066,77233
3,4699066,77234
3,4699066,77235
3,4699066,77236
3,4699066,77237
3,4699066,77238
3,4699066,77240
3,4699066,77241
3,4699066,77242
3,4699066,77243
3,4699066,77244
3,4699066,77245
3,4699066,77248
3,4699066,77249
3,4699066,77251
3,4699066,77252
3,4699066,77253
3,4699066,77254
3,4699066,77255
3,4699066,77256
3,4699066,77257
3,4699066,77258
3,4699066,77259
3,4699066,77261
3,4699066,77262
3,4699066,77263
3,4699066,77265
3,4699066,77266
3,4699066,77267
3,4699066,77268
3,4699066,77269
3,4699066,77270
3,4699066,77271
3,4699066,77272
3,4699066,77273
3,4699066,77274
3,4699066,77275
3,4699066,77277
3,4699066,77279
3,4699066,77280
3,4699066,77282
3,4699066,77284
3,4699066,77287
3,4699066,77288
3,4699066,77289
3,4699066,77290
3,4699066,77291
3,4699066,77292
3,4699066,77293
3,4699066,77297
3,4699066,77299
3,4699204,75459
3,4699235,76648
3,4699392,75656
3,4699431,77564
3,4699442,77338
3,4699442,77346
3,4699442,77347
3,4699442,77396
3,4699533,75949
3,4699540,77320
3,4699540,77340
3,4699540,77341
3,4699540,77342
3,4699540,77343
3,4699540,77344
3,4699540,77348
3,4699540,77349
3,4699575,76053
3,4699575,76054
3,4699608,75141
3,4699626,78634
3,4700024,77968
3,4700033,78362
3,4700044,78025
3,4700122,76367
3,4700168,75014
3,4700168,75015
3,4700168,75016
3,4700168,75017
3,4700168,75038
3,4700168,75039
3,4700168,75059
3,4700168,75060
3,4700168,75061
3,4700168,75062
3,4700168,75063
3,4700168,75064
3,4700234,76651
3,4700235,76055
3,4700455,76458
3,4700550,75766
3,4700718,76537
3,4700731,75951
3,4700817,75657
3,4701046,75846
3,4701106,75954
3,4701346,78636
3,4701650,75164
3,4701659,76058
3,4701686,78026
3,4701791,76849
3,4701814,76247
3,4702664,78118
3,4702728,75142
3,4702732,77449
3,4702732,77450
3,4702732,77491
3,4702732,77492
3,4702732,77493
3,4702732,77494
3,4702785,76059
3,4702828,76244
3,4702828,76248
3,4702913,77565
3,4702965,78119
3,4702986,76060
3,4702998,76539
3,4703063,75144
3,4703078,78028
3,4703078,78029
3,4703199,75662
3,4703199,75663
3,4703223,76540
3,4703223,76541
3,4703223,76542
3,4703223,76543
3,4703223,76547
3,4703223,76549
3,4703368,78638
3,4703372,78639
3,4703384,78363
3,4703384,78364
3,4703438,75956
3,4703553,78870
3,4703578,79529
3,4703726,77625
3,4703760,76249
3,4703811,78640
3,4703882,78558
3,4703925,78039
3,4703938,78559
3,4703958,78945
3,4703997,78560
3,4704027,77568
3,4704108,77571
3,4704108,77572
3,4704131,78872
3,4704180,78121
3,4704188,78562
3,4704264,75449
3,4704303,76644
3,4704482,75065
3,4704628,77566
3,4705176,76550
3,4705191,75134
3,4705191,75146
3,4705349,78040
3,4705349,78041
3,4705349,78042
3,4705349,78043
3,4705349,78044
3,4705349,78045
3,4705349,78046
3,4705494,78561
3,4705584,75166
3,4705692,77573
3,4705692,77574
3,4705702,78873
3,4705708,78641
3,4705708,78646
3,4705856,78050
3,4705943,75452
3,4706057,75029
3,4706057,75057
3,4706057,75067
3,4706057,75077
3,4706068,78947
3,4706088,77575
3,4706161,78642
3,4706386,75771
3,4706404,75563
3,4706431,76250
3,4706457,78563
3,4706736,75068
3,4707158,77577
3,4707173,77351
3,4707173,77399
3,4707191,78643
3,4707295,78644
3,4707362,77971
3,4707403,76853
3,4707445,75453
3,4707479,75668
3,4707814,75601
3,4707814,75602
3,4707814,75603
3,4707814,75604
3,4707814,75605
3,4707814,75606
3,4707814,75607
3,4707814,75608
3,4707814,75615
3,4707868,76655
3,4707932,78566
3,4707945,78567
3,4708066,76656
3,4708089,77455
3,4708138,75851
3,4708308,75901
3,4708308,75902
3,4708308,75903
3,4708308,75904
3,4708308,75915
3,4708320,78648
3,4708328,77657
3,4708403,78569
3,4708477,78052
3,4708535,75147
3,4708535,75156
3,4708569,78054
3,4708703,77864
3,4708747,77353
3,4708747,77354
3,4708747,77355
3,4708877,75148
3,4708936,78652
3,4708989,78653
3,4709013,76063
3,4709027,77578
3,4709090,78654
3,4709161,78124
3,4709193,77456
3,4709215,76661
3,4709272,75670
3,4709272,75671
3,4709272,75672
3,4709320,76664
3,4709410,78655
3,4709501,76856
3,4709576,77457
3,4709615,78368
3,4709652,75567
3,4709663,77626
3,4709770,76064
3,4709796,78501
3,4709796,78502
3,4709796,78503
3,4709796,78504
3,4709796,78505
3,4710178,75069
3,4710178,75070
3,4710178,75071
3,4710178,75072
3,4710484,78055
3,4710574,75454
3,4710697,76859
3,4710749,78570
3,4710782,76665
3,4710826,75149
3,4710826,75150
3,4710826,75181
3,4710826,75185
3,4710826,75187
3,4710963,76667
3,4711156,76065
3,4711255,75959
3,4711315,76670
3,4711628,75773
3,4711647,76067
3,4711647,76068
3,4711725,78572
3,4711725,78573
3,4711801,77459
3,4711801,77489
3,4711967,77580
3,4711972,76251
3,4712033,77316
3,4712033,77356
3,4712097,76557
3,4712587,77975
3,4712933,75455
3,4712933,75456
3,4713032,75457
3,4713351,76252
3,4713452,76371
3,4713492,75778
3,4713735,75961
3,4713735,75962
3,4713735,75963
3,4713735,75964
3,4713735,75965
3,4713782,75568
3,4713800,75569
3,4713866,77868
3,4713932,77627
3,4713946,77461
3,4714062,75173
3,4714126,75570
3,4714131,78130
3,4714131,78131
3,4714131,78132
3,4714131,78135
3,4714149,77357
3,4714475,75682
3,4714570,75780
3,4714603,77358
3,4714660,76071
3,4714671,76372
3,4714713,75966
3,4714829,78140
3,4714865,76255
3,4714895,76559
3,4714919,77629
3,4714963,77871
3,4715292,76180
3,4715292,76182
3,4716050,75855
3,4716128,78370
3,4716655,78575
3,4716683,76374
3,4716696,75571
3,4716701,77360
3,4716805,77630
3,4716805,77631
3,4716805,77632
3,4716812,78372
3,4716833,75683
3,4716998,75684
3,4717199,76866
3,4717218,77465
3,4717232,75801
3,4717232,75802
3,4717232,75803
3,4717232,75882
3,4717283,75152
3,4717376,76484
3,4717560,75460
3,4717560,75461
3,4717560,75462
3,4717782,77501
3,4717782,77502
3,4717782,77503
3,4717782,77504
3,4717782,77505
3,4717782,77506
3,4717782,77507
3,4717782,77508
3,4717921,77466
3,4718097,77581
3,4718097,77584
3,4718097,77588
3,4718107,78061
3,4718381,78576
3,4718651,76377
3,4718675,78146
3,4718711,78660
3,4718711,78691
3,4718721,78577
3,4719021,76258
3,4719246,77362
3,4719252,75968
3,4719416,75686
3,4719431,77977
3,4719457,75023
3,4719457,75024
3,4719457,75025
3,4719457,75026
3,4719457,75074
3,4719457,75075
3,4719457,75086
3,4719457,75093
3,4719457,75094
3,4719720,78064
3,4719846,77978
3,4719853,77364
3,4719860,75472
3,4719966,76259
3,4720036,78373
3,4720039,77640
3,4720039,77641
3,4720039,77642
3,4720039,77643
3,4720060,78578
3,4720067,77979
3,4720072,77651
3,4720131,78374
3,4720270,78065
3,4720272,78147
3,4720314,75076
3,4720327,75473
3,4720493,77446
3,4720529,78375
3,4720743,75407
3,4720789,78579
3,4720833,75078
3,4721023,79252
3,4721041,75572
3,4721089,75474
3,4721115,75783
3,4721504,76470
3,4721703,78580
3,4721921,75154
3,4722062,75573
3,4722145,78377
3,4722533,76078
3,4722625,75080
3,4722625,75081
3,4722625,75082
3,4722625,75083
3,4722625,75085
3,4722684,77406
3,4722684,77407
3,4722684,77469
3,4722757,76682
3,4722837,78582
3,4722843,78583
3,4722847,76093
3,4722867,76471
3,4722966,77367
3,4723008,78379
3,4723024,76262
3,4723212,78380
3,4723369,76567
3,4723406,75032
3,4723406,75087
3,4723422,78381
3,4723422,78382
3,4723670,76569
3,4723869,76570
3,4723914,77471
3,4723944,77583
3,4724129,78664
3,4724129,78665
3,4724129,78680
3,4724129,78681
3,4724129,78682
3,4724129,78683
3,4724194,75030
3,4724194,75088
3,4724194,75089
3,4724202,75477
3,4724241,75189
3,4724287,79547
3,4724287,79548
3,4724309,78151
3,4724359,75785
3,4724530,78881
3,4724564,75048
3,4724892,78152
3,4724966,76265
3,4725807,76571
3,4726206,78201
3,4726206,78202
3,4726206,78203
3,4726206,78204
3,4726206,78205
3,4726206,78206
3,4726206,78207
3,4726206,78208
3,4726206,78209
3,4726206,78210
3,4726206,78211
3,4726206,78212
3,4726206,78213
3,4726206,78214
3,4726206,78215
3,4726206,78216
3,4726206,78217
3,4726206,78218
3,4726206,78219
3,4726206,78220
3,4726206,78221
3,4726206,78222
3,4726206,78223
3,4726206,78224
3,4726206,78225
3,4726206,78226
3,4726206,78227
3,4726206,78228
3,4726206,78229
3,4726206,78230
3,4726206,78231
3,4726206,78232
3,4726206,78233
3,4726206,78235
3,4726206,78237
3,4726206,78238
3,4726206,78239
3,4726206,78240
3,4726206,78241
3,4726206,78242
3,4726206,78243
3,4726206,78244
3,4726206,78245
3,4726206,78246
3,4726206,78247
3,4726206,78248
3,4726206,78249
3,4726206,78250
3,4726206,78251
3,4726206,78252
3,4726206,78253
3,4726206,78254
3,4726206,78255
3,4726206,78256
3,4726206,78257
3,4726206,78258
3,4726206,78259
3,4726206,78260
3,4726206,78261
3,4726206,78263
3,4726206,78264
3,4726206,78265
3,4726206,78268
3,4726206,78269
3,4726206,78270
3,4726206,78278
3,4726206,78279
3,4726206,78280
3,4726206,78283
3,4726206,78284
3,4726206,78285
3,4726206,78288
3,4726206,78289
3,4726206,78291
3,4726206,78292
3,4726206,78293
3,4726206,78294
3,4726206,78295
3,4726206,78296
3,4726206,78297
3,4726206,78298
3,4726206,78299
3,4726256,75972
3,4726290,78586
3,4726311,78384
3,4726319,77473
3,4726440,78589
3,4726491,78666
3,4726491,78667
3,4726569,78590
3,4726582,76877
3,4726603,78067
3,4726957,76266
3,4726982,76878
3,4727022,77510
3,4727022,77517
3,4727054,78592
3,4727076,78593
3,4727159,78385
3,4727227,75479
3,4727326,78154
3,4727417,78956
3,4727571,75158
3,4727596,77586
3,4727602,77983
3,4727605,75159
3,4727629,77474
3,4727651,78594
3,4727756,78155
3,4727756,78156
3,4727948,76380
3,4728298,77371
3,4728328,75090
3,4728328,75091
3,4728328,75092
3,4728482,77984
3,4728653,77656
3,4728743,77476
3,4728826,78387
3,4728911,78389
3,4729065,78159
3,4729284,78957
3,4729386,77878
3,4732801,78069
3,4732809,77879
3,4732862,77659
3,4733042,77587
3,4733103,78597
3,4733313,76092
3,4733321,76268
3,4733593,77372
3,4733624,77373
3,4733624,77379
3,4733624,77382
3,4733624,77383
3,4733624,77388
3,4733624,77389
3,4733624,77391
3,4733940,76082
3,4734005,77477
3,4734005,77497
3,4734041,79553
3,4734350,76401
3,4734350,76402
3,4734523,78160
3,4734587,78671
3,4734646,77661
3,4734683,76475
3,4734825,77478
3,4734825,77479
3,4734825,77487
3,4734825,77496
3,4734825,77498
3,4734864,78595
3,4734909,75482
3,4734909,75483
3,4735013,75182
3,4735190,77480
3,4735458,78390
3,4735674,75691
3,4735702,76574
3,4735813,75860
3,4735964,75974
3,4735966,76501
3,4735966,76502
3,4735966,76503
3,4735966,76504
3,4735966,76508
3,4736028,75160
3,4736028,75161
3,4736096,75501
3,4736096,75503
3,4736096,75504
3,4736096,75505
3,4736096,75507
3,4736096,75599
3,4736134,77590
3,4736134,77591
3,4736134,77592
3,4736388,75056
3,4736679,76687
3,4736681,76577
3,4736700,76578
3,4736721,78071
3,4736741,76483
3,4736889,78072
3,4736933,75975
3,4736963,76271
3,4737033,76476
3,4737052,75489
3,4737094,77375
3,4737094,77377
3,4737418,75490
3,4737501,75163
3,4737506,75862
3,4737691,75789
3,4737704,76579
3,4738084,79562
3,4738207,79563
3,4738214,75701
3,4738214,75702
3,4738214,75703
3,4738214,75704
3,4738214,75705
3,4738214,75706
3,4738214,75707
3,4738214,75708
3,4738214,75709
3,4738214,75710
3,4738214,75711
3,4738214,75712
3,4738214,75713
3,4738214,75798
3,4738214,75799
3,4738574,78148
3,4738721,78801
3,4738721,78802
3,4738825,76689
3,4738850,76272
3,4738883,75790
3,4738884,75495
3,4738908,77482
3,4739052,76084
3,4739078,76384
3,4739078,76385
3,4739157,77901
3,4739157,77902
3,4739157,77903
3,4739157,77904
3,4739157,77905
3,4739226,77662
3,4739226,77670
3,4739414,78073
3,4739526,76701
3,4739526,76702
3,4739526,76703
3,4739526,76704
3,4739526,76705
3,4739526,76706
3,4739526,76707
3,4739526,76708
3,4739526,76710
3,4739526,76711
3,4739526,76714
3,4739526,76715
3,4739526,76716
3,4739526,76797
3,4739526,76798
3,4739526,76799
3,4739574,78959
3,4739799,77484
3,4739935,76690
3,4740096,77664
3,4740200,75692
3,4740328,75165
3,4740328,75167
3,4740328,75168
3,4740364,76085
3,4740364,76086
3,4740364,76087
3,4740364,76088
3,4740423,77598
3,4740482,78962
3,4740579,75976
3,4740629,78596
3,4740629,78599
3,4740686,76691
3,4740759,77486
3,4741209,75485
3,4741325,77488
3,4741501,75693
3,4741641,75791
3,4741677,76273
3,4741691,75491
3,4741714,76692
3,4741752,76301
3,4741752,76302
3,4741752,76305
3,4741752,76306
3,4741752,76307
3,4741752,76308
3,4741752,76309
3,4741752,76310
3,4742170,77318
3,4742170,77378
3,4742380,75169
3,4742385,75172
3,4742503,78676
3,4742590,75493
3,4742616,77665
3,4742620,75494
3,4742625,75792
3,4742656,79567
3,4742800,75496
3,4743057,78393
3,4743079,75979
3,4743079,75990
3,4743105,76712
3,4743176,76693
3,4743453,78164
3,4743575,78076
3,4743605,75980
3,4743815,24210
3,4743815,24211
3,4743815,24212
3,4743873,23301
3,4744091,22301
3,4744091,22302
3,4744091,22304
3,4744091,22305
3,4744091,22311
3,4744091,22313
3,4744091,22314
3,4744091,22320
3,4744091,22331
3,4744091,22332
3,4744091,22333
3,4744091,22334
3,4744091,22350
3,4744247,24517
3,4744309,23002
3,4744326,24521
3,4744468,22003
3,4744575,24216
3,4744609,24522
3,4744709,22201
3,4744709,22202
3,4744709,22203
3,4744709,22204
3,4744709,22205
3,4744709,22206
3,4744709,22207
3,4744709,22209
3,4744709,22210
3,4744709,22212
3,4744709,22213
3,4744709,22214
3,4744709,22215
3,4744709,22216
3,4744709,22217
3,4744709,22219
3,4744709,22225
3,4744709,22226
3,4744709,22227
3,4744709,22230
3,4744709,22240
3,4744709,22241
3,4744709,22242
3,4744709,22243
3,4744709,22244
3,4744709,22245
3,4744709,22246
3,4744791,22922
3,4744870,20146
3,4744870,20147
3,4744870,20148
3,4744870,20149
3,4744905,23005
3,4744971,24311
3,4744983,23303
3,4745753,24055
3,4745764,22810
3,4745934,22712
3,4746265,24523
3,4746456,23306
3,4746795,22611
3,4747554,24219
3,4747839,23824
3,4747845,24060
3,4747845,24061
3,4747845,24062
3,4747845,24063
3,4747911,24527
3,4747930,24315
3,4748050,24064
3,4748125,24605
3,4748550,22427
3,4748550,22428
3,4748607,22620
3,4748634,23917
3,4748639,23827
3,4748646,23919
3,4748925,22812
3,4748980,22715
3,4748993,24201
3,4748993,24202
3,4748993,24203
3,4748993,24205
3,4748993,24209
3,4749007,20136
3,4749117,22815
3,4749193,24528
3,4749523,24066
3,4749652,23921
3,4749715,24416
3,4749950,22009
3,4749950,22015
3,4750786,24317
3,4750892,23310
3,4751066,23314
3,4751296,24224
3,4751446,24609
3,4751839,20120
3,4751839,20121
3,4751839,20122
3,4751935,20151
3,4751935,20153
3,4752001,23030
3,4752027,23923
3,4752031,22902
3,4752031,22903
3,4752031,22904
3,4752031,22905
3,4752031,22906
3,4752031,22907
3,4752031,22908
3,4752031,22910
3,4752052,23924
3,4752060,24531
3,4752186,23320
3,4752186,23321
3,4752186,23322
3,4752186,23323
3,4752186,23324
3,4752186,23325
3,4752186,23326
3,4752186,23327
3,4752186,23328
3,4752229,23831
3,4752229,23836
3,4752234,22623
3,4752250,23832
3,4752250,23838
3,4752449,24319
3,4752665,24068
3,4752665,24073
3,4752994,23927
3,4753158,24422
3,4753218,24228
3,4753268,24077
3,4753292,24535
3,4753409,24230
3,4753635,24078
3,4753654,22443
3,4753671,23834
3,4753820,24538
3,4754296,23837
3,4754358,24426
3,4754568,24430
3,4754686,23930
3,4754712,24431
3,4754901,22932
3,4754966,22701
3,4754989,23040
3,4755143,22448
3,4755173,24083
3,4755199,24236
3,4755272,24237
3,4755280,24540
3,4755280,24541
3,4755280,24543
3,4755491,22821
3,4755710,23043
3,4755972,23841
3,4756345,23937
3,4756549,24243
3,4756557,24084
3,4756643,22025
3,4756643,22026
3,4756736,22027
3,4757073,23347
3,4757240,22824
3,4757467,22827
3,4757667,24327
3,4757673,23847
3,4757826,22937
3,4757978,23350
3,4758023,22030
3,4758023,22031
3,4758023,22038
3,4758102,22039
3,4758390,22040
3,4758390,22046
3,4758495,23901
3,4758495,23909
3,4758671,24088
3,4758727,24089
3,4758750,24090
3,4759120,22939
3,4759446,24091
3,4759556,24551
3,4759986,23851
3,4760059,22401
3,4760059,22402
3,4760059,22404
3,4760232,22630
3,4760363,20155
3,4760363,20156
3,4760376,24333
3,4760593,24251
3,4760971,24340
3,4761008,24555
3,4761054,23058
3,4761054,23060
3,4761171,23062
3,4761277,23063
3,4761471,22942
3,4761951,22066
3,4762275,24440
3,4762356,24557
3,4762454,24441
3,4762512,24614
3,4762637,23066
3,4762755,24558
3,4762836,20158
3,4762836,20159
3,4762888,23943
3,4762894,23630
3,4762894,23661
3,4762894,23663
3,4762894,23664
3,4762894,23665
3,4762894,23666
3,4762894,23667
3,4762894,23668
3,4762894,23669
3,4762894,23670
3,4762894,23681
3,4762979,23069
3,4763231,22801
3,4763231,22803
3,4763231,22807
3,4763452,20168
3,4763452,20169
3,4763558,22473
3,4763793,20170
3,4763793,20171
3,4763793,20172
3,4763793,20192
3,4763793,22095
3,4764251,24343
3,4764743,24260
3,4764826,23860
3,4764910,23395
3,4765054,24445
3,4765475,24563
3,4766204,23397
3,4766221,24350
3,4766232,22945
3,4766554,23870
3,4767229,24263
3,4767509,23944
3,4767677,23947
3,4767723,22482
3,4767771,22485
3,4767789,23086
3,4767794,23085
3,4768101,23950
3,4768513,22503
3,4768900,23868
3,4768972,24266
3,4769125,20175
3,4769125,20176
3,4769125,20177
3,4769125,20178
3,4769339,24450
3,4770714,22079
3,4770714,22199
3,4770766,23093
3,4770817,20180
3,4770827,22949
3,4770995,23952
3,4771014,22835
3,4771075,24501
3,4771075,24502
3,4771075,24503
3,4771075,24504
3,4771075,24505
3,4771075,24506
3,4771075,24514
3,4771075,24515
3,4771100,22952
3,4771235,22727
3,4771247,24572
3,4771401,20108
3,4771401,20109
3,4771401,20110
3,4771643,24354
3,4771701,20115
3,4771701,20116
3,4771808,24112
3,4771808,24113
3,4771808,24114
3,4771808,24115
3,4771980,23109
3,4772042,22644
3,4772066,24360
3,4772547,24361
3,4772566,23111
3,4772566,23116
3,4772735,22081
3,4772735,22082
3,4772735,22116
3,4772735,22118
3,4772735,22119
3,4772904,20117
3,4772904,20118
3,4772927,22645
3,4772943,23112
3,4772943,23113
3,4772943,23114
3,4773690,24465
3,4773752,22520
3,4773757,24122
3,4774352,22842
3,4774686,24467
3,4775438,24124
3,4775601,22958
3,4775705,24127
3,4775759,24469
3,4775859,22844
3,4775981,22122
3,4776024,23601
3,4776024,23602
3,4776024,23603
3,4776024,23605
3,4776024,23606
3,4776024,23607
3,4776024,23608
3,4776024,23609
3,4776024,23612
3,4776024,23628
3,4776181,20181
3,4776181,20182
3,4776222,23501
3,4776222,23502
3,4776222,23503
3,4776222,23504
3,4776222,23505
3,4776222,23506
3,4776222,23507
3,4776222,23508
3,4776222,23509
3,4776222,23510
3,4776222,23511
3,4776222,23513
3,4776222,23514
3,4776222,23515
3,4776222,23517
3,4776222,23518
3,4776222,23519
3,4776222,23523
3,4776222,23529
3,4776222,23541
3,4776222,23551
3,4776585,24273
3,4776970,22124
3,4777024,22125
3,4777405,23417
3,4777417,23418
3,4777454,22960
3,4777824,22963
3,4777994,23421
3,4778128,24133
3,4778312,24134
3,4778381,24136
3,4778415,24137
3,4778452,24277
3,4778626,23803
3,4778626,23804
3,4778626,23805
3,4779923,23662
3,4779999,23701
3,4779999,23702
3,4779999,23703
3,4779999,23704
3,4779999,23705
3,4779999,23707
3,4779999,23708
3,4779999,23709
3,4780126,24279
3,4780220,23139
3,4780370,23875
3,4780577,24301
3,4780641,20132
3,4780641,20134
3,4780837,24141
3,4780837,24142
3,4780837,24143
3,4781484,22734
3,4781530,20190
3,4781530,20191
3,4781530,20194
3,4781530,20195
3,4781530,20196
3,4781530,22096
3,4781627,24147
3,4781708,23173
3,4781708,23218
3,4781708,23219
3,4781708,23220
3,4781708,23221
3,4781708,23222
3,4781708,23223
3,4781708,23224
3,4781708,23225
3,4781708,23232
3,4781708,23241
3,4781708,23249
3,4781708,23260
3,4781708,23261
3,4781708,23269
3,4781708,23274
3,4781708,23276
3,4781708,23278
3,4781708,23279
3,4781708,23282
3,4781708,23284
3,4781708,23285
3,4781708,23286
3,4781708,23290
3,4781708,23291
3,4781708,23292
3,4781708,23293
3,4781708,23295
3,4781708,23298
3,4781711,24641
3,4781807,24148
3,4781876,24149
3,4782167,24001
3,4782167,24002
3,4782167,24003
3,4782167,24004
3,4782167,24005
3,4782167,24006
3,4782167,24007
3,4782167,24008
3,4782167,24009
3,4782167,24010
3,4782167,24011
3,4782167,24012
3,4782167,24013
3,4782167,24014
3,4782167,24015
3,4782167,24016
3,4782167,24017
3,4782167,24022
3,4782167,24024
3,4782167,24025
3,4782167,24026
3,4782167,24027
3,4782167,24028
3,4782167,24029
3,4782167,24030
3,4782167,24031
3,4782167,24032
3,4782167,24033
3,4782167,24034
3,4782167,24035
3,4782167,24036
3,4782167,24037
3,4782167,24038
3,4782167,24040
3,4782167,24042
3,4782167,24043
3,4782691,24151
3,4782866,24281
3,4783020,20141
3,4783020,20142
3,4783160,22968
3,4783233,24368
3,4783303,24588
3,4783906,24283
3,4784112,24153
3,4784112,24155
3,4784112,24157
3,4784259,23149
3,4784275,24370
3,4784352,23150
3,4784711,24590
3,4784856,24474
3,4785167,24162
3,4785243,22849
3,4785473,22971
3,4786274,23430
3,4786274,23431
3,4786522,24592
3,4786619,23970
3,4786946,22551
3,4786946,22553
3,4787117,22150
3,4787117,22151
3,4787117,22152
3,4787117,22153
3,4787117,22156
3,4787117,22158
3,4787117,22159
3,4787117,22160
3,4787117,22161
3,4787247,22554
3,4787247,22555
3,4787247,22556
3,4787296,22973
3,4787307,22851
3,4787327,24168
3,4787440,24401
3,4787440,24402
3,4787519,22655
3,4787534,20163
3,4787534,20164
3,4787534,20165
3,4787534,20166
3,4787534,20167
3,4787974,22641
3,4787974,22657
3,4788051,24171
3,4788070,24477
3,4788158,23432
3,4788158,23433
3,4788158,23434
3,4788158,23435
3,4788158,23436
3,4788158,23437
3,4788158,23438
3,4788158,23439
3,4788171,24375
3,4788431,23883
3,4788444,23884
3,4788763,23440
3,4788822,22560
3,4788966,24651
3,4789655,22853
3,4790025,22172
3,4790661,24176
3,4791102,24482
3,4791136,23974
3,4791160,22180
3,4791160,22181
3,4791160,22182
3,4791160,22183
3,4791160,22185
3,4791237,24179
3,4791259,23450
3,4791259,23451
3,4791259,23452
3,4791259,23454
3,4791259,23455
3,4791259,23456
3,4791259,23457
3,4791259,23458
3,4791259,23459
3,4791259,23460
3,4791259,23461
3,4791259,23462
3,4791259,23463
3,4791259,23464
3,4791259,23465
3,4791259,23466
3,4791259,23467
3,4791259,23471
3,4791259,23479
3,4791861,23888
3,4792225,24484
3,4792255,20186
3,4792255,20187
3,4792255,20188
3,4792273,22572
3,4792307,22747
3,4792484,23483
3,4792494,23890
3,4792494,23891
3,4792522,22980
3,4792599,24290
3,4792878,23181
3,4793125,24486
3,4793846,23186
3,4793846,23187
3,4794120,22601
3,4794120,22604
3,4794164,23487
3,4794457,22191
3,4794457,22192
3,4794457,22193
3,4794457,22194
3,4794457,22195
3,4794529,24381
3,4794641,22664
3,4794837,24382
3,4796917,25606
3,4797041,24910
3,4797174,25003
3,4797284,26323
3,4797301,25812
3,4797549,24712
3,4797575,26704
3,4797838,25011
3,4797880,25504
3,4797975,26559
3,4798258,25813
3,4798308,25801
3,4798308,25802
3,4798532,26250
3,4798559,25015
3,4798588,26134
3,4798697,25411
3,4798883,26253
3,4799622,24701
3,4799770,25817
3,4799808,25031
3,4799944,25818
3,4800081,26330
3,4800587,26201
3,4800639,25033
3,4801156,26033
3,4801560,26527
3,4801641,25039
3,4801769,25507
3,4801828,25508
3,4801850,25414
3,4801859,25301
3,4801859,25302
3,4801859,25304
3,4801859,25305
3,4801859,25306
3,4801859,25311
3,4801859,25312
3,4801859,25313
3,4801859,25314
3,4801859,25315
3,4801859,25317
3,4801859,25320
3,4801859,25321
3,4801859,25322
3,4801859,25323
3,4801859,25324
3,4801859,25325
3,4801859,25326
3,4801859,25327
3,4801859,25328
3,4801859,25329
3,4801859,25330
3,4801859,25331
3,4801859,25332
3,4801859,25333
3,4801859,25334
3,4801859,25335
3,4801859,25336
3,4801859,25337
3,4801859,25338
3,4801859,25339
3,4801859,25350
3,4801859,25356
3,4801859,25357
3,4801859,25358
3,4801859,25360
3,4801859,25361
3,4801859,25362
3,4801859,25364
3,4801859,25365
3,4801859,25375
3,4801859,25387
3,4801859,25389
3,4801859,25392
3,4801859,25396
3,4801886,25667
3,4802316,26301
3,4802316,26302
3,4802316,26306
3,4802333,25043
3,4802417,25045
3,4802525,25823
3,4803126,26206
3,4803150,25827
3,4803183,26205
3,4803451,25510
3,4803616,25832
3,4803635,25053
3,4803685,26260
3,4803885,25670
3,4804563,25064
3,4804700,25067
3,4804927,25070
3,4804951,26143
3,4805033,26241
3,4805077,25071
3,4805226,26568
3,4805403,24902
3,4805404,26554
3,4805404,26555
3,4805596,25419
3,4805686,25840
3,4806346,26719
3,4806359,25514
3,4806504,26807
3,4806688,25515
3,4806779,24836
3,4806781,26624
3,4806809,25085
3,4807054,25086
3,4807116,26351
3,4807310,26354
3,4807374,26574
3,4807379,26534
3,4807389,26147
3,4807976,25523
3,4808281,26362
3,4808315,25524
3,4808624,26369
3,4808905,25855
3,4808945,25951
3,4809052,25625
3,4809139,25109
3,4809537,25701
3,4809537,25702
3,4809537,25703
3,4809537,25704
3,4809537,25705
3,4809537,25706
3,4809537,25707
3,4809537,25708
3,4809537,25710
3,4809537,25711
3,4809537,25712
3,4809537,25713
3,4809537,25714
3,4809537,25715
3,4809537,25716
3,4809537,25717
3,4809537,25718
3,4809537,25719
3,4809537,25720
3,4809537,25721
3,4809537,25722
3,4809537,25723
3,4809537,25724
3,4809537,25725
3,4809537,25726
3,4809537,25727
3,4809537,25728
3,4809537,25729
3,4809537,25755
3,4809537,25770
3,4809537,25771
3,4809537,25772
3,4809537,25773
3,4809537,25774
3,4809537,25775
3,4809537,25776
3,4809537,25777
3,4809537,25778
3,4809537,25779
3,4809558,25526
3,4809644,26576
3,4809881,25428
3,4810593,26275
3,4810818,25530
3,4810884,26726
3,4811007,26537
3,4811044,25628
3,4811134,24854
3,4811622,25535
3,4811968,25537
3,4812015,24901
3,4812867,25601
3,4813416,26386
3,4813512,25871
3,4813565,25130
3,4813635,25635
3,4813648,25634
3,4813666,26582
3,4813774,24954
3,4813878,25401
3,4813878,25402
3,4813878,25403
3,4813878,25404
3,4813878,25405
3,4813931,25260
3,4813942,26542
3,4813965,24860
3,4814268,26040
3,4814674,26149
3,4814823,26280
3,4815044,25541
3,4815066,26120
3,4815066,26121
3,4815066,26150
3,4815230,24737
3,4815286,26836
3,4815352,26501
3,4815352,26502
3,4815352,26504
3,4815352,26505
3,4815352,26506
3,4815352,26507
3,4815352,26508
3,4815462,26041
3,4815582,25880
3,4815582,25888
3,4816186,25882
3,4816433,26681
3,4816520,26155
3,4816522,25265
3,4816665,25143
3,4816993,25901
3,4817070,24870
3,4817246,25638
3,4817641,26101
3,4817641,26102
3,4817641,26103
3,4817641,26104
3,4817641,26106
3,4817695,26287
3,4817911,26415
3,4818024,24963
3,4818030,26847
3,4818074,26416
3,4818123,26750
3,4818227,25156
3,4818249,26419
3,4818347,24874
3,4818383,25906
3,4818689,25159
3,4818750,25550
3,4818978,25161
3,4819000,25162
3,4819067,25555
3,4819079,24739
3,4819079,24740
3,4819121,25909
3,4819307,25962
3,4819389,25438
3,4819418,26164
3,4819494,25692
3,4819599,26547
3,4819768,26261
3,4819809,26753
3,4820037,25271
3,4820129,26588
3,4820597,26757
3,4820608,24970
3,4820758,26425
3,4820828,25984
3,4820938,25177
3,4821087,26170
3,4821203,26426
3,4821800,25918
3,4821961,25442
3,4821983,25443
3,4822050,26431
3,4822313,26175
3,4822612,25186
3,4822741,25921
3,4822764,25303
3,4822764,25309
3,4822933,25276
3,4823285,25927
3,4824027,26651
3,4824118,26601
3,4824205,25647
3,4824515,26764
3,4824597,26292
3,4825447,24983
3,4825617,25202
3,4825918,25649
3,4825976,26105
3,4826431,24892
3,4826522,26181
3,4826592,25570
3,4826648,26288
3,4826660,24801
3,4826777,25571
3,4826808,26456
3,4826882,26452
3,4827104,24986
3,4827255,26767
3,4827333,25661
3,4827351,26187
3,4827506,25213
3,4828071,36311
3,4828081,36323
3,4828090,36025
3,4828193,72120
3,4828382,46131
3,4828384,62448
3,4828520,41503
3,4828677,65051
3,4828696,63089
3,4828755,38769
3,4828766,38773
3,4828862,08109
3,4828883,43107
3,4828890,45601
3,4828923,74538
3,4829206,78017
3,4829208,78016
3,4829243,77485
3,4829271,25611
3,4829274,23124
3,4829280,24348
3,4829305,76035
3,4829307,77404
3,4829307,77414
3,4829341,24293
3,4829421,26451
3,4829449,36310
3,4829588,35005
3,4829614,35540
3,4829762,35007
3,4829791,35950
3,4829791,35951
3,4829843,35010
3,4829843,35011
3,4829861,36250
3,4829885,35442
3,4829977,35013
3,4830069,35952
3,4830099,36420
3,4830198,36201
3,4830198,36202
3,4830198,36204
3,4830198,36205
3,4830198,36206
3,4830198,36207
3,4830455,35016
3,4830668,35611
3,4830668,35612
3,4830668,35613
3,4830668,35614
3,4830684,36312
3,4830687,36251
3,4830707,35953
3,4830759,36502
3,4830759,36503
3,4830759,36504
3,4830768,35954
3,4830796,36830
3,4830796,36831
3,4830796,36832
3,4830889,36003
3,4830894,36505
3,4831068,65236
3,4831085,35019
3,4831748,06058
3,4831766,06081
3,4831842,50635
3,4831950,52347
3,4831969,06807
3,4831976,61233
3,4831990,61520
3,4832038,60139
3,4832074,61048
3,4832121,06416
3,4832176,02536
3,4832272,01845
3,4832294,02151
3,4832322,02668
3,4832342,04002
3,4832353,06810
3,4832353,06811
3,4832353,06813
3,4832353,06814
3,4832353,06816
3,4832353,06817
3,4832356,03901
3,4832366,04443
3,4832408,04847
3,4832411,06239
3,4832425,06820
3,4832458,04841
3,4832484,04862
3,4832554,48141
3,4832684,63537
3,4832745,06418
3,4832810,68660
3,4832954,68662
3,4833098,13031
3,4833108,14433
3,4833123,06422
3,4833222,14543
3,4833272,14572
3,4833276,12189
3,4833348,43430
3,4833363,06423
3,4833387,06424
3,4833403,06108
3,4833403,06118
3,4833403,06128
3,4833403,06138
3,4833478,15106
3,4833661,06612
3,4833760,57241
3,4833850,54204
3,4833883,06029
3,4833942,53569
3,4834040,06082
3,4834040,06083
3,4834157,06824
3,4834157,06825
3,4834157,06828
3,4834232,06031
3,4834272,06030
3,4834272,06032
3,4834272,06034
3,4834837,06335
3,4834938,06829
3,4835003,06033
3,4835395,06830
3,4835395,06831
3,4835395,06836
3,4835461,06340
3,4835461,06349
3,4835512,06437
3,4835654,06514
3,4835654,06517
3,4835654,06518
3,4835797,06101
3,4835797,06102
3,4835797,06103
3,4835797,06104
3,4835797,06105
3,4835797,06106
3,4835797,06112
3,4835797,06114
3,4835797,06115
3,4835797,06120
3,4835797,06123
3,4835797,06126
3,4835797,06132
3,4835797,06134
3,4835797,06140
3,4835797,06141
3,4835797,06142
3,4835797,06143
3,4835797,06144
3,4835797,06145
3,4835797,06146
3,4835797,06147
3,4835797,06150
3,4835797,06151
3,4835797,06152
3,4835797,06153
3,4835797,06154
3,4835797,06155
3,4835797,06156
3,4835797,06160
3,4835797,06161
3,4835797,06167
3,4835797,06176
3,4835797,06180
3,4835797,06183
3,4835797,06199
3,4835969,06248
3,4836058,06441
3,4836993,06351
3,4837232,06757
3,4837289,06419
3,4837516,06039
3,4837648,06339
3,4837799,06759
3,4838116,06443
3,4838174,06040
3,4838174,06041
3,4838174,06042
3,4838174,06045
3,4838203,06250
3,4838524,06450
3,4838524,06451
3,4838611,06762
3,4838633,06457
3,4838633,06459
3,4838652,06460
3,4838652,06461
3,4838895,06469
3,4838928,06354
3,4839141,06355
3,4839222,06770
3,4839292,06050
3,4839292,06051
3,4839292,06052
3,4839292,06053
3,4839319,06840
3,4839345,06812
3,4839366,06501
3,4839366,06502
3,4839366,06503
3,4839366,06504
3,4839366,06505
3,4839366,06506
3,4839366,06507
3,4839366,06508
3,4839366,06509
3,4839366,06510
3,4839366,06511
3,4839366,06512
3,4839366,06513
3,4839366,06515
3,4839366,06519
3,4839366,06520
3,4839366,06521
3,4839366,06525
3,4839366,06530
3,4839366,06531
3,4839366,06532
3,4839366,06533
3,4839366,06534
3,4839366,06535
3,4839366,06536
3,4839366,06537
3,4839366,06538
3,4839366,06540
3,4839416,06320
3,4839435,06776
3,4839497,06111
3,4839497,06131
3,4839521,06357
3,4839636,06471
3,4839692,06060
3,4839704,06473
3,4839822,06850
3,4839822,06851
3,4839822,06852
3,4839822,06853
3,4839822,06854
3,4839822,06855
3,4839822,06856
3,4839822,06857
3,4839822,06858
3,4839822,06860
3,4839843,06360
3,4839921,06779
3,4839983,06870
3,4840015,06372
3,4840035,06475
3,4840104,06477
3,4840237,06478
3,4840426,06379
3,4840755,06374
3,4840767,06062
3,4840844,06782
3,4841001,06480
3,4841089,06712
3,4841187,06260
3,4841217,06262
3,4841463,06877
3,4841463,06879
3,4841527,06878
3,4842488,06420
3,4842818,06483
3,4842872,06069
3,4842898,06484
3,4842937,06784
3,4843215,06071
3,4843350,06266
3,4843353,06074
3,4843359,06267
3,4843362,06488
3,4843378,06489
3,4843395,06890
3,4843553,06075
3,4843556,06076
3,4843564,06901
3,4843564,06902
3,4843564,06903
3,4843564,06904
3,4843564,06905
3,4843564,06906
3,4843564,06907
3,4843564,06910
3,4843564,06911
3,4843564,06912
3,4843564,06913
3,4843564,06914
3,4843564,06920
3,4843564,06921
3,4843564,06922
3,4843564,06926
3,4843564,06927
3,4843735,06378
3,4843811,06614
3,4843811,06615
3,4844084,06786
3,4844181,06787
3,4844184,06277
3,4844273,06084
3,4844309,06790
3,4844309,06792
3,4844459,06611
3,4844602,06382
3,4845056,06492
3,4845056,06493
3,4845056,06494
3,4845056,06495
3,4845151,06793
3,4845193,06701
3,4845193,06702
3,4845193,06703
3,4845193,06704
3,4845193,06705
3,4845193,06706
3,4845193,06708
3,4845193,06710
3,4845193,06720
3,4845193,06721
3,4845193,06722
3,4845193,06723
3,4845193,06724
3,4845193,06725
3,4845193,06726
3,4845193,06749
3,4845245,06795
3,4845261,06387
3,4845277,06089
3,4845411,06107
3,4845411,06110
3,4845411,06117
3,4845411,06119
3,4845411,06127
3,4845411,06133
3,4845411,06137
3,4845419,06516
3,4845500,06092
3,4845585,06880
3,4845585,06881
3,4845585,06888
3,4845585,06889
3,4845612,06109
3,4845612,06129
3,4845823,06226
3,4845871,06897
3,4845889,06094
3,4845898,06280
3,4845920,06006
3,4845920,06095
3,4845926,06096
3,4845953,06098
3,4845984,06716
3,4846028,06798
3,4846317,50601
3,4846339,50002
3,4846398,50003
3,4846449,50830
3,4846461,52530
3,4846481,52201
3,4846499,51001
3,4846519,50510
3,4846529,52531
3,4846557,52202
3,4846565,50006
3,4846602,50511
3,4846691,50602
3,4846729,51002
3,4846745,51003
3,4846757,50009
3,4846834,50010
3,4846834,50011
3,4846834,50012
3,4846834,50013
3,4846834,50014
3,4846880,52205
3,4846948,50020
3,4846960,50021
3,4846960,50023
3,4846996,51004
3,4847027,50604
3,4847161,50514
3,4847187,51331
3,4847375,52206
3,4847385,50022
3,4847421,50025
3,4847460,51005
3,4847498,51521
3,4847555,50516
3,4847672,50517
3,4847819,52533
3,4847824,51006
3,4847849,50028
3,4848022,50833
3,4848106,52208
3,4848124,52031
3,4848144,50421
3,4848489,52722
3,4848774,52209
3,4848854,52537
3,4848891,52726
3,4849026,50035
3,4849051,50036
3,4849051,50037
3,4849051,50099
3,4849161,51234
3,4849349,52540
3,4849380,50423
3,4849448,52211
3,4849709,52728
3,4849715,50424
3,4849826,52601
3,4849892,50522
3,4850061,52132
3,4850204,52730
3,4850220,50046
3,4850411,50047
3,4850478,51401
3,4850514,51525
3,4850531,51510
3,4850549,52033
3,4850699,50613
3,4850699,50614
3,4850751,52401
3,4850751,52402
3,4850751,52403
3,4850751,52404
3,4850751,52405
3,4850751,52406
3,4850751,52407
3,4850751,52408
3,4850751,52409
3,4850751,52410
3,4850751,52411
3,4850751,52497
3,4850751,52498
3,4850751,52499
3,4850898,52213
3,4850961,52544
3,4850998,52214
3,4851140,50049
3,4851163,50616
3,4851247,51012
3,4851752,52216
3,4851762,51632
3,4851785,50525
3,4851785,50526
3,4851846,50619
3,4851935,50428
3,4851982,52135
3,4852022,52732
3,4852022,52733
3,4852022,52734
3,4852022,52736
3,4852065,50325
3,4852165,52218
3,4852212,50054
3,4852282,50056
3,4852321,52738
3,4852519,50621
3,4852589,50058
3,4852640,52241
3,4852711,50841
3,4852729,51016
3,4852755,50060
3,4852832,51501
3,4852832,51502
3,4852832,51503
3,4853048,51526
3,4853059,52136
3,4853078,50801
3,4853296,50529
3,4853325,50063
3,4853392,52623
3,4853423,52801
3,4853423,52802
3,4853423,52803
3,4853423,52804
3,4853423,52805
3,4853423,52806
3,4853423,52807
3,4853423,52808
3,4853423,52809
3,4853511,50530
3,4853537,50069
3,4853551,52742
3,4853608,52101
3,4853733,52037
3,4853757,51442
3,4853799,50622
3,4853828,50301
3,4853828,50302
3,4853828,50303
3,4853828,50304
3,4853828,50305
3,4853828,50306
3,4853828,50307
3,4853828,50308
3,4853828,50309
3,4853828,50310
3,4853828,50311
3,4853828,50312
3,4853828,50313
3,4853828,50314
3,4853828,50315
3,4853828,50316
3,4853828,50317
3,4853828,50318
3,4853828,50319
3,4853828,50320
3,4853828,50321
3,4853828,50328
3,4853828,50329
3,4853828,50330
3,4853828,50331
3,4853828,50332
3,4853828,50333
3,4853828,50334
3,4853828,50335
3,4853828,50336
3,4853828,50339
3,4853828,50340
3,4853828,50359
3,4853828,50360
3,4853828,50361
3,4853828,50362
3,4853828,50363
3,4853828,50364
3,4853828,50367
3,4853828,50368
3,4853828,50369
3,4853828,50380
3,4853828,50381
3,4853828,50391
3,4853828,50392
3,4853828,50393
3,4853828,50394
3,4853828,50395
3,4853828,50396
3,4853828,50936
3,4853828,50940
3,4853828,50947
3,4853828,50950
3,4853828,50980
3,4853828,50981
3,4853828,50982
3,4853828,50983
3,4853908,50070
3,4854158,50624
3,4854201,52625
3,4854215,51235
3,4854329,50071
3,4854529,52001
3,4854529,52002
3,4854529,52003
3,4854529,52004
3,4854529,52099
3,4854596,50625
3,4854634,50626
3,4854644,51529
3,4854674,52747
3,4854711,52040
3,4854718,52224
3,4854745,50533
3,4854792,50072
3,4854807,52041
3,4854812,50535
3,4855167,52553
3,4855208,52554
3,4855218,50627
3,4855248,52748
3,4855264,52141
3,4855309,51531
3,4855341,52043
3,4855358,50073
3,4855423,50075
3,4855472,50628
3,4855521,52227
3,4855595,50536
3,4855679,52045
3,4855709,51334
3,4855730,51638
3,4855806,50707
3,4855862,51338
3,4855891,50076
3,4855951,50629
3,4855958,52228
3,4855967,52556
3,4855967,52557
3,4856296,52046
3,4856426,52626
3,4856468,52142
3,4857364,50540
3,4857376,50846
3,4857406,50436
3,4857486,50501
3,4857507,52627
3,4857727,50630
3,4857795,52561
3,4857911,52749
3,4858103,52049
3,4858117,50438
3,4858152,50632
3,4858239,51237
3,4858343,50105
3,4858358,50634
3,4858381,50106
3,4858479,51534
3,4858498,51443
3,4858555,50542
3,4858687,50543
3,4858832,51342
3,4858876,50107
3,4858888,52751
3,4858917,52752
3,4858952,50109
3,4859211,50636
3,4859234,50849
3,4859329,50111
3,4859343,50112
3,4859365,51535
3,4859430,50638
3,4859491,50115
3,4859514,52052
3,4859603,51640
3,4859658,50441
3,4859802,51537
3,4859943,50118
3,4859950,51346
3,4860066,51023
3,4860206,50641
3,4860279,52563
3,4860452,52233
3,4860677,52235
3,4860738,51024
3,4860886,51025
3,4861131,52237
3,4861198,51238
3,4861279,50122
3,4861298,50643
3,4861319,51239
3,4861335,50548
3,4861422,50124
3,4861464,51445
3,4861620,50644
3,4861719,50125
3,4862001,51240
3,4862034,52240
3,4862034,52242
3,4862034,52243
3,4862034,52244
3,4862034,52245
3,4862034,52246
3,4862069,50126
3,4862204,51027
3,4862447,50647
3,4862482,50129
3,4862645,50648
3,4862659,50130
3,4862760,50131
3,4863181,52247
3,4863204,50447
3,4863273,50135
3,4863349,52632
3,4863380,52565
3,4863391,52248
3,4863425,52249
3,4863535,51028
3,4863705,50138
3,4863820,50651
3,4863906,51449
3,4863966,50450
3,4863989,51347
3,4864012,51450
3,4864105,50140
3,4864165,52151
3,4864192,51241
3,4864265,50554
3,4864305,51030
3,4864315,52753
3,4864326,50142
3,4864337,51031
3,4864471,50851
3,4864492,50144
3,4864990,52253
3,4865287,51546
3,4865338,52755
3,4865408,52756
3,4865535,50150
3,4865545,52255
3,4865871,50156
3,4865974,51551
3,4865996,52057
3,4866022,51454
3,4866032,50456
3,4866048,51455
3,4866066,50563
3,4866151,51034
3,4866164,52060
3,4866215,51035
3,4866236,52301
3,4866263,52302
3,4866371,50158
3,4866445,50401
3,4866445,50402
3,4866535,50161
3,4866830,52306
3,4866845,52637
3,4866887,50162
3,4867097,51038
3,4867236,52307
3,4867373,51351
3,4867489,50166
3,4867520,51553
3,4867597,51555
3,4867632,50169
3,4867700,52159
3,4867721,50170
3,4867775,50171
3,4867801,52310
3,4867830,52639
3,4867899,52571
3,4867973,52640
3,4868070,52572
3,4868092,50854
3,4868205,52641
3,4868251,52314
3,4868306,51039
3,4868385,50174
3,4868404,52761
3,4868498,50658
3,4868595,51559
3,4868620,50201
3,4868686,50659
3,4868704,50660
3,4868768,52645
3,4868809,50207
3,4868867,50568
3,4868882,52315
3,4868907,50208
3,4869045,50458
3,4869136,52316
3,4869195,52317
3,4869369,50459
3,4869386,50211
3,4869401,52318
3,4869614,51560
3,4869743,51458
3,4869760,50662
3,4869780,50212
3,4869801,51355
3,4869938,52320
3,4870003,51040
3,4870083,51041
3,4870184,50461
3,4870211,50213
3,4870239,52577
3,4870263,52161
3,4870282,50569
3,4870380,52501
3,4870511,52322
3,4870626,52324
3,4870654,50216
3,4870730,50665
3,4870823,51046
3,4870915,50219
3,4870988,52068
3,4871019,50220
3,4871472,50327
3,4871647,50225
3,4871727,50574
3,4871773,50226
3,4871799,50575
3,4871875,52162
3,4871942,50228
3,4872164,52069
3,4872189,51245
3,4872217,52768
3,4872337,52326
3,4872397,50230
3,4872540,50667
3,4872555,50668
3,4872593,51566
3,4872593,51591
3,4872657,50233
3,4872729,50669
3,4872752,51050
3,4872882,50466
3,4872914,52585
3,4873130,52327
3,4873263,52328
3,4873354,51246
3,4873371,51247
3,4873401,50468
3,4873424,50469
3,4873426,50579
3,4873496,50236
3,4873508,50581
3,4873774,50237
3,4873807,50238
3,4873836,51358
3,4873875,52070
3,4873884,50583
3,4874045,50472
3,4874155,50240
3,4875489,51248
3,4875666,51053
3,4875682,51461
3,4875821,51462
3,4875904,51054
3,4875990,52590
3,4876097,50475
3,4876141,51201
3,4876161,50670
3,4876179,52332
3,4876190,51601
3,4876190,51603
3,4876353,51652
3,4876378,51249
3,4876384,52591
3,4876510,51250
3,4876523,51101
3,4876523,51102
3,4876523,51103
3,4876523,51104
3,4876523,51105
3,4876523,51106
3,4876523,51108
3,4876523,51109
3,4876523,51111
3,4876556,50585
3,4876661,50244
3,4876686,51055
3,4876867,52333
3,4877138,51301
3,4877184,51360
3,4877352,52336
3,4877431,51573
3,4877440,52337
3,4877466,50247
3,4877655,50588
3,4877676,50248
3,4877714,50249
3,4877729,52076
3,4877851,50251
3,4877907,50674
3,4878051,51058
3,4878106,50590
3,4878159,52338
3,4878195,51653
3,4878229,52339
3,4878585,52340
3,4878643,52772
3,4878703,52342
3,4878795,50675
3,4878827,51575
3,4879018,50676
3,4879266,51576
3,4879881,52345
3,4879890,50322
3,4879890,50323
3,4879890,50398
3,4880024,52346
3,4880034,50261
3,4880092,50482
3,4880228,50864
3,4880268,52349
3,4880422,52773
3,4880442,52351
3,4880446,52352
3,4880468,51466
3,4880516,51577
3,4880620,52653
3,4880731,52353
3,4880889,50701
3,4880889,50702
3,4880889,50703
3,4880889,50704
3,4880981,50263
3,4880997,52172
3,4881024,50677
3,4881048,52654
3,4881096,50595
3,4881149,52356
3,4881170,50680
3,4881274,52358
3,4881322,52655
3,4881346,50265
3,4881346,50266
3,4881433,52776
3,4881492,52656
3,4881551,52175
3,4881728,52777
3,4881748,50268
3,4881869,51063
3,4882007,52361
3,4882164,52778
3,4882198,50324
3,4882211,52659
3,4882259,50273
3,4882278,50682
3,4882378,51579
3,4882453,50276
3,4882552,52362
3,4882660,50278
3,4882839,61410
3,4882920,60101
3,4883010,61230
3,4883053,61231
3,4883078,60102
3,4883187,61413
3,4883207,60803
3,4883230,61414
3,4883249,61310
3,4883311,61232
3,4883366,61234
3,4883393,60002
3,4883555,60004
3,4883555,60005
3,4883555,60006
3,4883614,60910
3,4883687,60911
3,4883701,61006
3,4883749,61501
3,4883766,61235
3,4883772,61723
3,4883806,62311
3,4883817,60502
3,4883817,60505
3,4883817,60506
3,4883817,60507
3,4883817,60568
3,4883893,61415
3,4884141,60103
3,4884192,60510
3,4884282,62618
3,4884344,60499
3,4884352,60401
3,4884434,60104
3,4884453,61008
3,4884509,60105
3,4884509,60106
3,4884562,60163
3,4884597,60402
3,4884902,60511
3,4884985,61814
3,4885110,61420
3,4885156,60108
3,4885156,60117
3,4885164,61701
3,4885164,61702
3,4885164,61704
3,4885164,61705
3,4885164,61709
3,4885164,61710
3,4885164,61791
3,4885164,61799
3,4885186,60406
3,4885265,60440
3,4885265,60490
3,4885342,60914
3,4885403,60407
3,4885411,61421
3,4885418,60915
3,4885444,60408
3,4885573,60455
3,4885603,61517
3,4885637,60155
3,4885689,60513
3,4885899,60918
3,4885907,61314
3,4885983,60459
3,4886026,60109
3,4886117,61422
3,4886188,61010
3,4886255,60409
3,4886374,61238
3,4886464,62320
3,4886584,61012
3,4886590,61239
3,4886630,61725
3,4886662,60116
3,4886662,60128
3,4886662,60132
3,4886662,60188
3,4886662,60197
3,4886662,60199
3,4886676,60110
3,4886716,62321
3,4886738,60013
3,4886790,61817
3,4886857,61013
3,4887137,61014
3,4887158,61820
3,4887158,61821
3,4887158,61822
3,4887158,61824
3,4887158,61825
3,4887158,61826
3,4887188,62627
3,4887198,60410
3,4887290,60921
3,4887330,61726
3,4887364,61016
3,4887398,60601
3,4887398,60602
3,4887398,60603
3,4887398,60604
3,4887398,60605
3,4887398,60606
3,4887398,60607
3,4887398,60608
3,4887398,60609
3,4887398,60610
3,4887398,60611
3,4887398,60612
3,4887398,60613
3,4887398,60614
3,4887398,60615
3,4887398,60616
3,4887398,60617
3,4887398,60618
3,4887398,60619
3,4887398,60620
3,4887398,60621
3,4887398,60622
3,4887398,60623
3,4887398,60624
3,4887398,60625
3,4887398,60626
3,4887398,60628
3,4887398,60629
3,4887398,60630
3,4887398,60631
3,4887398,60632
3,4887398,60633
3,4887398,60634
3,4887398,60636
3,4887398,60637
3,4887398,60638
3,4887398,60639
3,4887398,60640
3,4887398,60641
3,4887398,60642
3,4887398,60643
3,4887398,60644
3,4887398,60645
3,4887398,60646
3,4887398,60647
3,4887398,60649
3,4887398,60651
3,4887398,60652
3,4887398,60653
3,4887398,60654
3,4887398,60655
3,4887398,60656
3,4887398,60657
3,4887398,60659
3,4887398,60660
3,4887398,60661
3,4887398,60664
3,4887398,60666
3,4887398,60668
3,4887398,60669
3,4887398,60670
3,4887398,60673
3,4887398,60674
3,4887398,60675
3,4887398,60677
3,4887398,60678
3,4887398,60680
3,4887398,60681
3,4887398,60682
3,4887398,60684
3,4887398,60685
3,4887398,60686
3,4887398,60687
3,4887398,60688
3,4887398,60689
3,4887398,60690
3,4887398,60691
3,4887398,60693
3,4887398,60694
3,4887398,60695
3,4887398,60696
3,4887398,60697
3,4887398,60699
3,4887398,60701
3,4887442,60411
3,4887442,60412
3,4887492,60415
3,4887574,61523
3,4888015,60804
3,4888034,60924
3,4888080,60514
3,4888150,62324
3,4888208,60927
3,4888217,61727
3,4888270,60416
3,4888296,61240
3,4888331,62326
3,4888366,61728
3,4888432,61241
3,4888760,61242
3,4888810,60112
3,4888892,60478
3,4889089,60928
3,4889107,60403
3,4889109,60113
3,4889113,60418
3,4889120,60417
3,4889130,61610
3,4889229,60012
3,4889229,60014
3,4889229,60039
3,4889255,61427
3,4889270,60929
3,4889365,62330
3,4889370,61320
3,4889402,60930
3,4889423,61732
3,4889426,61832
3,4889426,61834
3,4889447,60561
3,4889481,61019
3,4889496,61020
3,4889553,60115
3,4889630,61733
3,4889668,60015
3,4889700,61734
3,4889761,61322
3,4889772,60016
3,4889772,60017
3,4889772,60018
3,4889772,60019
3,4889959,61021
3,4890009,60419
3,4890119,60515
3,4890119,60516
3,4890138,61736
3,4890304,61525
3,4890327,61024
3,4890359,60420
3,4890441,60518
3,4890497,61025
3,4890506,61430
3,4890536,61244
3,4890549,61611
3,4890549,61635
3,4890813,61738
3,4890835,60119
3,4890864,60120
3,4890864,60121
3,4890864,60122
3,4890864,60123
3,4890864,60124
3,4890905,61028
3,4890925,60007
3,4890925,60009
3,4891010,60126
3,4891030,61529
3,4891051,60707
3,4891077,60421
3,4891240,61250
3,4891274,60935
3,4891310,61530
3,4891382,60201
3,4891382,60202
3,4891382,60203
3,4891382,60204
3,4891382,60208
3,4891382,60209
3,4891431,60805
3,4891520,61739
3,4891559,61841
3,4891772,61842
3,4891784,61531
3,4892570,61843
3,4892637,61740
3,4892684,60422
3,4892775,60130
3,4892812,61741
3,4892818,61030
3,4892950,60020
3,4892971,60021
3,4893037,60423
3,4893061,61031
3,4893070,60131
3,4893171,61032
3,4893309,61252
3,4893384,61036
3,4893392,61401
3,4893392,61402
3,4893424,61434
3,4893472,60424
3,4893581,61254
3,4893591,60134
3,4893601,60135
3,4893700,60936
3,4893720,61847
3,4893731,60136
3,4893755,60938
3,4893801,61533
3,4893811,60137
3,4893811,60138
3,4893886,60025
3,4893886,60026
3,4893896,60425
3,4893965,62339
3,4893983,60029
3,4894056,61742
3,4894078,60022
3,4894342,61325
3,4894387,60940
3,4894410,61326
3,4894465,60030
3,4894635,61534
3,4894698,62642
3,4894753,61744
3,4894861,60031
3,4894981,62341
3,4895016,60140
3,4895027,61256
3,4895050,61536
3,4895059,61041
3,4895282,60033
3,4895298,60426
3,4895308,60706
3,4895336,62644
3,4895416,60429
3,4895484,60034
3,4895580,61327
3,4895593,61537
3,4895688,60941
3,4895708,61745
3,4895767,60457
3,4895876,60035
3,4895918,60040
3,4895971,60162
3,4895999,60520
3,4896009,61257
3,4896012,60521
3,4896012,60522
3,4896075,60169
3,4896075,60179
3,4896075,60192
3,4896333,61849
3,4896336,60491
3,4896348,60456
3,4896353,60430
3,4896390,60942
3,4896432,61747
3,4896455,60944
3,4896608,61748
3,4896691,60142
3,4897579,60042
3,4897654,60143
3,4898015,60431
3,4898015,60432
3,4898015,60433
3,4898015,60434
3,4898015,60435
3,4898015,60436
3,4898152,60458
3,4898182,60901
3,4898270,61442
3,4898349,60043
3,4898433,61443
3,4898589,60145
3,4898630,60146
3,4898632,61447
3,4898734,61448
3,4898846,60525
3,4898850,60526
3,4898856,61450
3,4898864,61330
3,4898875,61301
3,4898920,61540
3,4898927,61329
3,4898974,60044
3,4899012,60045
3,4899154,60046
3,4899170,60047
3,4899184,60156
3,4899287,61046
3,4899340,60438
3,4899471,61752
3,4899578,60531
3,4899665,61542
3,4899670,61753
3,4899739,60048
3,4899822,62656
3,4899983,60069
3,4899988,60712
3,4900080,60532
3,4900292,60441
3,4900373,60148
3,4900579,61111
3,4900579,61130
3,4900579,61131
3,4900579,61132
3,4900717,61261
3,4900749,60534
3,4900801,61115
3,4900808,61755
3,4900817,61455
3,4900885,61853
3,4900942,60150
3,4900961,60442
3,4900970,61546
3,4901006,61854
3,4901015,60950
3,4901102,60151
3,4901164,60152
3,4901208,61340
3,4901249,61756
3,4901279,61341
3,4901390,62664
3,4901436,61263
3,4901445,60443
3,4901514,60153
3,4901525,60444
3,4901663,60050
3,4901663,60051
3,4901839,60157
3,4901868,60160
3,4901868,60161
3,4901868,60164
3,4901941,62351
3,4901944,61342
3,4902065,61548
3,4902181,60445
3,4902218,61264
3,4902229,60953
3,4902279,61051
3,4902327,60537
3,4902370,61759
3,4902382,61760
3,4902386,60447
3,4902475,60448
3,4902476,61265
3,4902476,61266
3,4902486,60954
3,4902498,60449
3,4902512,61462
3,4902567,61856
3,4902706,60450
3,4902724,61270
3,4902754,61550
3,4902763,60053
3,4902883,61053
3,4902955,61054
3,4903024,60056
3,4903032,62548
3,4903184,60060
3,4903279,60540
3,4903279,60563
3,4903279,60565
3,4903279,60566
3,4903279,60567
3,4903330,62354
3,4903454,61272
3,4903535,60451
3,4903635,61465
3,4903644,60541
3,4903730,60714
3,4903780,61761
3,4903780,61790
3,4903818,60542
3,4903862,60064
3,4903862,60086
3,4904056,60062
3,4904056,60065
3,4904277,60523
3,4904286,60452
3,4904365,60453
3,4904365,60454
3,4904381,60301
3,4904381,60302
3,4904381,60303
3,4904381,60304
3,4904520,61858
3,4904574,60460
3,4904585,61859
3,4904605,61348
3,4904793,60461
3,4904809,60955
3,4904831,61467
3,4904872,61469
3,4904882,61060
3,4904898,61061
3,4904922,61273
3,4904937,60462
3,4904937,60467
3,4904996,60543
3,4905006,61350
3,4905211,60038
3,4905211,60055
3,4905211,60067
3,4905211,60074
3,4905211,60078
3,4905211,60094
3,4905211,60095
3,4905259,60463
3,4905263,60465
3,4905265,60464
3,4905337,60466
3,4905367,60068
3,4905498,61353
3,4905509,60957
3,4905559,61062
3,4905572,61063
3,4905599,61554
3,4905599,61555
3,4905599,61558
3,4905687,61601
3,4905687,61602
3,4905687,61603
3,4905687,61604
3,4905687,61605
3,4905687,61606
3,4905687,61607
3,4905687,61612
3,4905687,61613
3,4905687,61614
3,4905687,61615
3,4905687,61625
3,4905687,61629
3,4905687,61630
3,4905687,61633
3,4905687,61634
3,4905687,61636
3,4905687,61637
3,4905687,61638
3,4905687,61639
3,4905687,61641
3,4905687,61643
3,4905687,61650
3,4905687,61651
3,4905687,61652
3,4905687,61653
3,4905687,61654
3,4905687,61655
3,4905687,61656
3,4905704,61616
3,4905724,60468
3,4905770,61354
3,4905791,62675
3,4905866,61864
3,4906073,60959
3,4906125,60544
3,4906125,60585
3,4906125,60586
3,4906143,60545
3,4906421,61064
3,4906438,61764
3,4906482,61065
3,4906491,61275
3,4906527,60469
3,4906544,61865
3,4906818,61356
3,4906868,61277
3,4906882,60070
3,4907121,60960
3,4907131,61866
3,4907143,61278
3,4907422,61279
3,4907504,60071
3,4907514,60471
3,4907607,60072
3,4907637,60305
3,4907649,60171
3,4907683,60827
3,4907706,60546
3,4907773,61561
3,4907786,60472
3,4907863,61068
3,4907898,61071
3,4907907,61201
3,4907907,61204
3,4907907,61299
3,4907959,61101
3,4907959,61102
3,4907959,61103
3,4907959,61104
3,4907959,61105
3,4907959,61106
3,4907959,61107
3,4907959,61108
3,4907959,61109
3,4907959,61110
3,4907959,61112
3,4907959,61114
3,4907959,61125
3,4907959,61126
3,4907985,61072
3,4908052,60008
3,4908066,61562
3,4908068,60446
3,4908126,61073
3,4908173,60172
3,4908189,61473
3,4908209,60963
3,4908236,60073
3,4908321,62681
3,4908543,60964
3,4908819,61563
3,4909268,61873
3,4910485,62682
3,4910543,60548
3,4910652,61074
3,4910663,61874
3,4910679,61770
3,4910713,60159
3,4910713,60168
3,4910713,60173
3,4910713,60193
3,4910713,60194
3,4910713,60195
3,4910713,60196
3,4910743,60176
3,4911059,61360
3,4911157,60550
3,4911201,61078
3,4911245,61361
3,4911259,60966
3,4911289,60551
3,4911324,61281
3,4911382,61079
3,4911418,60404
3,4911455,61877
3,4911516,61282
3,4911600,60076
3,4911600,60077
3,4911802,60552
3,4911830,61080
3,4911893,60177
3,4911934,60473
3,4911982,61564
3,4912054,60474
3,4912248,60081
3,4912303,61362
3,4912372,61774
3,4912474,60475
3,4912499,61081
3,4912566,61084
3,4912583,61085
3,4912602,60165
3,4912691,60107
3,4912698,61364
3,4912725,61480
3,4912783,60554
3,4913110,60178
3,4913209,61283
3,4913555,61878
3,4913581,61285
3,4913605,60476
3,4913666,61833
3,4913723,60477
3,4913742,61368
3,4913760,61369
3,4913780,61370
3,4913799,61483
3,4913892,61568
3,4914267,60180
3,4914570,61801
3,4914570,61802
3,4914570,61803
3,4914577,62376
3,4914586,61373
3,4914725,61484
3,4914738,60061
3,4914830,60181
3,4914885,61486
3,4915294,60083
3,4915397,61376
3,4915469,61777
3,4915497,61087
3,4915525,60555
3,4915533,62379
3,4915539,60183
3,4915545,61571
3,4915669,61488
3,4915683,60556
3,4915703,60970
3,4915725,60084
3,4915734,60079
3,4915734,60085
3,4915734,60087
3,4915764,60184
3,4915884,61377
3,4915963,60185
3,4915963,60186
3,4916140,60154
3,4916161,60558
3,4916207,60559
3,4916252,61883
3,4916288,60187
3,4916288,60189
3,4916311,60090
3,4916626,61489
3,4916698,60480
3,4916709,60527
3,4916732,60091
3,4916740,60481
3,4916826,60190
3,4916843,61088
3,4916891,60093
3,4916894,60096
3,4916973,60097
3,4916975,60191
3,4916975,60399
3,4917020,61490
3,4917089,60517
3,4917123,60098
3,4917171,60482
3,4917208,61379
3,4917218,61491
3,4917250,61572
3,4917298,60560
3,4917358,60099
3,4917517,46910
3,4917520,47320
3,4917523,46701
3,4917537,46001
3,4917592,46011
3,4917592,46012
3,4917592,46013
3,4917592,46014
3,4917592,46015
3,4917592,46016
3,4917592,46017
3,4917592,46018
3,4917606,46702
3,4917614,46703
3,4917653,46030
3,4917661,46501
3,4917706,46031
3,4917707,47918
3,4917712,46706
3,4917727,46710
3,4917740,46705
3,4917857,47920
3,4918006,46711
3,4918099,46301
3,4918234,46714
3,4918302,47921
3,4918309,46504
3,4918363,46506
3,4918393,46507
3,4918406,47922
3,4918417,47923
3,4918508,47925
3,4918529,46914
3,4918548,46915
3,4918595,46721
3,4918667,46917
3,4918805,46303
3,4918899,47929
3,4918962,46304
3,4919021,46723
3,4919026,46034
3,4919059,47930
3,4919175,46035
3,4919203,46725
3,4919272,46919
3,4919349,47932
3,4919381,47933
3,4919419,46732
3,4919451,46307
3,4919451,46308
3,4919466,46511
3,4919490,47334
3,4919510,47940
3,4919553,47941
3,4919555,46310
3,4919564,46733
3,4919624,46923
3,4919798,47336
3,4919820,46311
3,4919857,46312
3,4919907,47338
3,4919987,46514
3,4919987,46515
3,4919987,46516
3,4919987,46517
3,4920041,46036
3,4920111,46524
3,4920153,46928
3,4920199,47340
3,4920380,46929
3,4920423,46801
3,4920423,46802
3,4920423,46803
3,4920423,46804
3,4920423,46805
3,4920423,46806
3,4920423,46807
3,4920423,46808
3,4920423,46809
3,4920423,46814
3,4920423,46815
3,4920423,46816
3,4920423,46818
3,4920423,46819
3,4920423,46825
3,4920423,46835
3,4920423,46845
3,4920423,46850
3,4920423,46851
3,4920423,46852
3,4920423,46853
3,4920423,46854
3,4920423,46855
3,4920423,46856
3,4920423,46857
3,4920423,46858
3,4920423,46859
3,4920423,46860
3,4920423,46861
3,4920423,46862
3,4920423,46863
3,4920423,46864
3,4920423,46865
3,4920423,46866
3,4920423,46867
3,4920423,46868
3,4920423,46869
3,4920423,46885
3,4920423,46895
3,4920423,46896
3,4920423,46897
3,4920423,46898
3,4920423,46899
3,4920452,47944
3,4920466,47946
3,4920473,46041
3,4920512,46737
3,4920523,46044
3,4920577,46932
3,4920600,46738
3,4920607,46401
3,4920607,46402
3,4920607,46403
3,4920607,46404
3,4920607,46406
3,4920607,46407
3,4920607,46408
3,4920607,46409
3,4920637,46933
3,4920641,47342
3,4920664,46740
3,4920783,47948
3,4920808,46526
3,4920808,46527
3,4920808,46528
3,4920825,46741
3,4920869,46530
3,4920961,46936
3,4920986,46319
3,4921083,46742
3,4921100,46320
3,4921100,46323
3,4921100,46324
3,4921100,46325
3,4921100,46327
3,4921161,46743
3,4921229,47348
3,4921298,46341
3,4921402,46322
3,4921450,47949
3,4921471,46745
3,4921476,46342
3,4921678,46746
3,4921686,46747
3,4921722,46748
3,4921725,46750
3,4922150,46938
3,4922252,46755
3,4922267,47951
3,4922284,46939
3,4922329,46346
3,4922345,46050
3,4922388,46901
3,4922388,46902
3,4922388,46903
3,4922388,46904
3,4922412,46347
3,4922418,46534
3,4922450,46348
3,4922452,46940
3,4922462,47901
3,4922462,47902
3,4922462,47903
3,4922462,47904
3,4922462,47905
3,4922462,47909
3,4922472,46761
3,4922541,46405
3,4922548,46349
3,4922575,46943
3,4922585,46536
3,4922624,46051
3,4922673,46052
3,4922691,46538
3,4922776,46767
3,4922830,47955
3,4922968,46947
3,4923041,46356
3,4923096,47355
3,4923210,46952
3,4923210,46953
3,4923226,46770
3,4923312,46957
3,4923433,47957
3,4923468,46539
3,4923482,46410
3,4923482,46411
3,4923509,46958
3,4923531,46360
3,4923531,46361
3,4923554,46540
3,4923559,47356
3,4923570,46542
3,4923638,46543
3,4923670,46544
3,4923670,46545
3,4923670,46546
3,4923711,47959
3,4923718,46772
3,4923735,46773
3,4923745,47960
3,4923747,47359
3,4923796,47963
3,4923997,46058
3,4924006,47302
3,4924006,47303
3,4924006,47304
3,4924006,47305
3,4924006,47306
3,4924006,47307
3,4924006,47308
3,4924014,46321
3,4924077,46550
3,4924093,46552
3,4924104,46774
3,4924135,46553
3,4924198,46060
3,4924198,46061
3,4924198,46062
3,4924242,46366
3,4924243,46554
3,4924246,46962
3,4924273,46555
3,4924538,46561
3,4924543,46777
3,4924578,47970
3,4924593,47971
3,4924636,47368
3,4924700,47369
3,4924733,46970
3,4924780,46562
3,4924970,46563
3,4925006,46368
3,4925037,47371
3,4925265,47373
3,4925304,47977
3,4925311,47978
3,4925340,47980
3,4925398,47380
3,4925483,46783
3,4925519,46975
3,4925559,46371
3,4925561,46784
3,4925591,46372
3,4925610,46065
3,4925646,46978
3,4925674,46979
3,4925793,46373
3,4926170,46375
3,4926260,47383
3,4926334,46068
3,4926353,46377
3,4926367,46069
3,4926387,46565
3,4926434,46982
3,4926563,46601
3,4926563,46613
3,4926563,46614
3,4926563,46615
3,4926563,46616
3,4926563,46617
3,4926563,46619
3,4926563,46624
3,4926563,46626
3,4926563,46628
3,4926563,46634
3,4926563,46635
3,4926563,46637
3,4926563,46660
3,4926563,46680
3,4926563,46699
3,4926629,46787
3,4926828,47983
3,4926964,46070
3,4927007,46986
3,4927017,46987
3,4927042,46567
3,4927194,46071
3,4927242,46072
3,4927264,46571
3,4927449,47390
3,4927510,46989
3,4927537,46383
3,4927537,46384
3,4927537,46385
3,4927554,46991
3,4927580,47987
3,4927746,46992
3,4927773,46573
3,4927788,46574
3,4927827,46994
3,4927832,46390
3,4927844,46792
3,4927854,46580
3,4927854,46581
3,4927854,46582
3,4927928,46793
3,4927966,47990
3,4928076,47991
3,4928096,47906
3,4928096,47907
3,4928096,47996
3,4928118,46074
3,4928137,47992
3,4928145,46391
3,4928156,46392
3,4928208,46394
3,4928274,47993
3,4928313,46996
3,4928318,47394
3,4928322,46076
3,4928337,46590
3,4928360,47995
3,4928386,46797
3,4928492,47396
3,4928503,46799
3,4928662,02351
3,4928703,01718
3,4928703,01720
3,4928720,02743
3,4928733,01220
3,4928788,01001
3,4928934,02134
3,4929004,01913
3,4929022,01002
3,4929022,01003
3,4929022,01004
3,4929055,01810
3,4929055,01812
3,4929055,01899
3,4929055,05501
3,4929055,05544
3,4929180,02474
3,4929180,02476
3,4929256,01430
3,4929262,01431
3,4929276,01330
3,4929283,01721
3,4929356,02702
3,4929376,01331
3,4929399,02703
3,4929417,01501
3,4929432,02466
3,4929476,02322
3,4929501,01432
3,4929657,01436
3,4929771,02630
3,4929785,01005
3,4930173,01223
3,4930183,01730
3,4930231,01007
3,4930266,02019
3,4930282,02478
3,4930385,02779
3,4930431,01503
3,4930437,01337
3,4930505,01915
3,4930577,01821
3,4930577,01822
3,4930738,01504
3,4930907,01740
3,4930921,01009
3,4930956,02108
3,4930956,02109
3,4930956,02110
3,4930956,02111
3,4930956,02112
3,4930956,02113
3,4930956,02114
3,4930956,02115
3,4930956,02116
3,4930956,02117
3,4930956,02118
3,4930956,02123
3,4930956,02127
3,4930956,02128
3,4930956,02133
3,4930956,02163
3,4930956,02196
3,4930956,02199
3,4930956,02201
3,4930956,02203
3,4930956,02204
3,4930956,02205
3,4930956,02206
3,4930956,02210
3,4930956,02211
3,4930956,02215
3,4930956,02217
3,4930956,02222
3,4930956,02241
3,4930956,02266
3,4930956,02283
3,4930956,02284
3,4930956,02293
3,4930956,02297
3,4930956,02298
3,4931105,01719
3,4931108,01921
3,4931127,01505
3,4931273,02631
3,4931303,02324
3,4931303,02325
3,4931353,02135
3,4931363,01010
3,4931429,02301
3,4931429,02302
3,4931429,02303
3,4931429,02304
3,4931429,02305
3,4931469,01506
3,4931482,02445
3,4931482,02446
3,4931627,01338
3,4931737,01803
3,4931737,01805
3,4931875,02532
3,4931875,02542
3,4931972,02138
3,4931972,02139
3,4931972,02140
3,4931972,02141
3,4931972,02142
3,4931972,02238
3,4932214,02021
3,4932328,01741
3,4932388,02330
3,4932587,02632
3,4932587,02634
3,4932757,01339
3,4932819,02129
3,4932823,01507
3,4932844,02633
3,4932869,01824
3,4932879,02150
3,4932915,01225
3,4932929,01011
3,4932943,01012
3,4932957,02467
3,4933002,01013
3,4933002,01014
3,4933002,01020
3,4933002,01021
3,4933002,01022
3,4933082,02535
3,4933426,01510
3,4933533,02025
3,4933660,01340
3,4933743,01742
3,4933841,01341
3,4933989,02635
3,4934321,01026
3,4934429,01226
3,4934429,01227
3,4934500,01923
3,4934664,02026
3,4934664,02027
3,4934711,01342
3,4934753,02639
3,4934827,02715
3,4934964,02121
3,4934964,02122
3,4934964,02125
3,4934999,01516
3,4935010,02030
3,4935038,01826
3,4935125,01571
3,4935195,01827
3,4935211,02331
3,4935211,02332
3,4935330,02333
3,4935347,01515
3,4935370,02641
3,4935434,01028
3,4935495,02537
3,4935578,02642
3,4935582,01027
3,4935623,02334
3,4935645,02539
3,4935939,01344
3,4935946,01929
3,4936008,02149
3,4936087,02719
3,4936159,02720
3,4936159,02721
3,4936159,02722
3,4936159,02723
3,4936159,02724
3,4936174,02540
3,4936174,02541
3,4936792,01518
3,4936812,01420
3,4937033,02644
3,4937230,01701
3,4937230,01702
3,4937230,01703
3,4937230,01704
3,4937230,01705
3,4937276,02038
3,4937557,01440
3,4937751,01354
3,4937829,01930
3,4937829,01931
3,4937982,01032
3,4938048,01519
3,4938064,01033
3,4938092,01034
3,4938157,01230
3,4938378,01301
3,4938378,01302
3,4938501,01834
3,4938574,01035
3,4938652,02338
3,4938738,01036
3,4938829,02341
3,4938836,02339
3,4938836,02340
3,4938862,01037
3,4938957,01451
3,4939004,02645
3,4939008,02646
3,4939048,01038
3,4939085,01830
3,4939085,01831
3,4939085,01832
3,4939085,01835
3,4939211,01346
3,4939549,02043
3,4939549,02044
3,4939561,01235
3,4939637,02343
3,4939647,01520
3,4939671,01521
3,4939693,01746
3,4939783,01040
3,4939783,01041
3,4939862,01747
3,4939881,01748
3,4939991,01236
3,4940075,01452
3,4940094,01749
3,4940134,02045
3,4940157,01050
3,4940190,02601
3,4940202,02136
3,4940625,01938
3,4941383,02364
3,4941635,01523
3,4941659,01237
3,4941720,01840
3,4941720,01841
3,4941720,01842
3,4941720,01843
3,4941797,01238
3,4941835,01524
3,4941853,01240
3,4941873,01453
3,4941899,01054
3,4941935,02420
3,4941935,02421
3,4942021,01773
3,4942508,01106
3,4942508,01116
3,4942618,01850
3,4942618,01851
3,4942618,01852
3,4942618,01853
3,4942618,01854
3,4942744,01056
3,4942767,01462
3,4942807,01901
3,4942807,01902
3,4942807,01903
3,4942807,01904
3,4942807,01905
3,4942807,01910
3,4942821,01940
3,4942939,02148
3,4943021,02048
3,4943097,01945
3,4943144,02738
3,4943170,01752
3,4943204,02050
3,4943213,02051
3,4943227,02648
3,4943297,02649
3,4943426,02126
3,4943432,02739
3,4943490,01754
3,4943616,02052
3,4943629,02153
3,4943629,02155
3,4943648,02053
3,4943677,02176
3,4943746,01756
3,4943784,01860
3,4943828,01844
3,4943900,01243
3,4943926,01949
3,4943958,01757
3,4944122,01527
3,4944154,01349
3,4944173,02054
3,4944189,01529
3,4944193,02186
3,4944204,02187
3,4944350,01057
3,4944383,01245
3,4944405,02553
3,4944413,01351
3,4944875,01908
3,4944903,02554
3,4944903,02584
3,4944994,01760
3,4945055,02492
3,4945121,02740
3,4945121,02741
3,4945121,02742
3,4945121,02744
3,4945121,02745
3,4945121,02746
3,4945145,01531
3,4945228,01355
3,4945256,01950
3,4945283,02458
3,4945289,02459
3,4945304,02461
3,4945310,02462
3,4945327,02464
3,4945333,02460
3,4945421,02495
3,4945453,02056
3,4945486,01247
3,4945497,01059
3,4945548,01535
3,4945608,02651
3,4945622,02556
3,4945700,02358
3,4945734,01825
3,4945734,01864
3,4945734,01889
3,4945764,02060
3,4945819,01060
3,4945819,01061
3,4945819,01063
3,4945840,01532
3,4945848,01534
3,4945878,01360
3,4945911,02766
3,4945936,02061
3,4945952,02062
3,4946056,02557
3,4946136,01068
3,4946372,02558
3,4946383,01364
3,4946410,02653
3,4946441,02655
3,4946445,01253
3,4946546,01540
3,4946620,01069
3,4946853,01612
3,4946863,01960
3,4946863,01961
3,4946990,01463
3,4947397,01866
3,4947459,01201
3,4947459,01202
3,4947459,01203
3,4947490,02762
3,4947597,02360
3,4947597,02361
3,4947597,02362
3,4947641,02367
3,4947655,02559
3,4947998,01541
3,4948087,02657
3,4948247,02169
3,4948247,02170
3,4948247,02171
3,4948247,02269
3,4948403,02368
3,4948449,02767
3,4948451,02768
3,4948462,01867
3,4948470,02137
3,4948545,02769
3,4948667,01254
3,4948875,02770
3,4948924,02370
3,4948936,01966
3,4949068,02131
3,4949144,01969
3,4949152,02120
3,4949161,01368
3,4949204,01071
3,4949245,01543
3,4949344,02561
3,4950065,01970
3,4950065,01971
3,4950092,01952
3,4950191,02563
3,4950205,01255
3,4950267,01906
3,4950301,01256
3,4950395,02066
3,4950541,02771
3,4950654,02067
3,4950749,01370
3,4950790,01770
3,4950848,01464
3,4950898,01545
3,4950898,01546
3,4950922,01072
3,4951248,02725
3,4951248,02726
3,4951257,02143
3,4951257,02144
3,4951257,02145
3,4951357,01373
3,4951359,02660
3,4951397,01075
3,4951431,01561
3,4951579,02664
3,4951582,01073
3,4951591,01772
3,4951594,01550
3,4951640,01077
3,4951699,01562
3,4951788,01101
3,4951788,01102
3,4951788,01103
3,4951788,01104
3,4951788,01105
3,4951788,01107
3,4951788,01108
3,4951788,01109
3,4951788,01111
3,4951788,01115
3,4951788,01118
3,4951788,01119
3,4951788,01128
3,4951788,01129
3,4951788,01138
3,4951788,01139
3,4951788,01144
3,4951788,01152
3,4951788,01199
3,4952005,01564
3,4952078,01262
3,4952078,01263
3,4952121,02180
3,4952206,02072
3,4952217,01775
3,4952292,01566
3,4952320,01776
3,4952444,01590
3,4952468,01907
3,4952487,02777
3,4952629,02780
3,4952629,02783
3,4952731,01468
3,4952762,01876
3,4953127,01983
3,4953221,01469
3,4953382,02666
3,4953473,01376
3,4953542,01879
3,4953794,01568
3,4953804,01569
3,4953938,02568
3,4954265,01880
3,4954292,01081
3,4954364,02081
3,4954380,02451
3,4954380,02452
3,4954380,02453
3,4954380,02454
3,4954477,01082
3,4954511,01083
3,4954537,01378
3,4954611,02471
3,4954611,02472
3,4954611,02477
3,4954654,01778
3,4954677,01570
3,4954738,02482
3,4954763,02667
3,4954794,01379
3,4954801,01984
3,4954850,01583
3,4954886,02379
3,4954912,02669
3,4954927,01585
3,4954931,02670
3,4954944,02574
3,4955030,01985
3,4955033,02465
3,4955089,01089
3,4955089,01090
3,4955098,01266
3,4955117,02575
3,4955128,02132
3,4955132,02576
3,4955143,02673
3,4955149,01581
3,4955190,01085
3,4955190,01086
3,4955219,01886
3,4955247,01441
3,4955247,01473
3,4955259,02493
3,4955317,02090
3,4955336,02188
3,4955376,01093
3,4955539,01588
3,4955544,02382
3,4955635,01095
3,4955778,01096
3,4955786,01267
3,4955840,01887
3,4955873,01475
3,4955884,01890
3,4955914,01270
3,4955993,02152
3,4956032,01801
3,4956032,01813
3,4956032,01815
3,4956032,01888
3,4956184,01601
3,4956184,01602
3,4956184,01603
3,4956184,01604
3,4956184,01605
3,4956184,01606
3,4956184,01607
3,4956184,01608
3,4956184,01609
3,4956184,01610
3,4956184,01613
3,4956184,01614
3,4956184,01615
3,4956184,01653
3,4956184,01655
3,4956266,02093
3,4956338,02675
3,4956462,04001
3,4956485,04606
3,4956545,04910
3,4956671,04535
3,4956740,04216
3,4956792,04911
3,4956929,04732
3,4956946,04912
3,4956976,04210
3,4956976,04211
3,4956976,04212
3,4957003,04330
3,4957003,04332
3,4957003,04333
3,4957003,04336
3,4957003,04338
3,4957280,04401
3,4957280,04402
3,4957320,04609
3,4957570,04530
3,4957659,04611
3,4957956,04915
3,4957962,04917
3,4958084,04217
3,4958141,04005
3,4958141,04007
3,4958327,04920
3,4958721,04614
3,4958954,04537
3,4958958,04538
3,4959024,04008
3,4959106,04410
3,4959119,04411
3,4959223,04551
3,4959233,04412
3,4959274,04735
3,4959279,04009
3,4959312,04539
3,4959356,04616
3,4959359,04921
3,4959371,04617
3,4959433,04010
3,4959464,04414
3,4959473,04011
3,4959521,04220
3,4959551,04416
3,4959658,04922
3,4959799,04093
3,4959834,04619
3,4959902,04923
3,4959908,04843
3,4960036,04924
3,4960064,04221
3,4960091,03902
3,4960140,04736
3,4960358,04015
3,4960381,04420
3,4960381,04421
3,4960682,04422
3,4960760,04622
3,4961093,04927
3,4961318,04623
3,4961493,04928
3,4961511,04020
3,4961898,04021
3,4961976,04563
3,4962015,04626
3,4962066,04543
3,4962090,04424
3,4962384,04627
3,4962442,04022
3,4962481,04929
3,4962502,04930
3,4962589,04224
3,4962596,04932
3,4963111,04739
3,4963306,04630
3,4963318,04430
3,4963478,04740
3,4963486,04631
3,4963547,04428
3,4963559,04556
3,4963642,03903
3,4963692,04605
3,4963848,04434
3,4963858,04936
3,4963932,04937
3,4963985,04105
3,4964021,04344
3,4964024,04938
3,4964605,04742
3,4964627,04743
3,4964813,04438
3,4964817,04634
3,4964856,04941
3,4964867,04032
3,4964867,04033
3,4964867,04034
3,4964919,04745
3,4964943,04547
3,4964996,04037
3,4965079,04345
3,4965101,04939
3,4965481,04038
3,4965529,04607
3,4965577,04746
3,4965671,04039
3,4965923,04418
3,4965978,04441
3,4965991,04255
3,4966320,04347
3,4966371,04444
3,4966383,04640
3,4966539,04942
3,4966576,04643
3,4966598,04040
3,4966624,04943
3,4966883,04238
3,4967237,04041
3,4967344,04429
3,4967361,04042
3,4967563,04730
3,4967652,04448
3,4967690,04449
3,4968117,04747
3,4968141,04848
3,4968168,04945
3,4968234,04239
3,4968246,04348
3,4968496,04648
3,4968499,04649
3,4968688,04450
3,4968729,04043
3,4968747,04046
3,4968894,04947
3,4968933,03905
3,4968937,03904
3,4969061,04453
3,4969280,04027
3,4969317,04455
3,4969332,04263
3,4969375,04456
3,4969398,04240
3,4969398,04241
3,4969398,04243
3,4969470,04949
3,4969529,04048
3,4969532,04750
3,4969532,04751
3,4969542,04049
3,4969547,04457
3,4969592,04849
3,4969622,04250
3,4969627,04252
3,4970214,04253
3,4970215,04254
3,4970644,04051
3,4970888,04654
3,4970903,04655
3,4970938,04756
3,4970954,04950
3,4971094,04351
3,4971187,04757
3,4971253,04758
3,4971448,04459
3,4971699,04256
3,4971734,04460
3,4971871,04257
3,4972002,04658
3,4972028,04461
3,4972220,04462
3,4972235,04463
3,4972286,04258
3,4972368,04259
3,4972373,04951
3,4972380,04464
3,4972398,04760
3,4972606,04952
3,4972784,04352
3,4973259,04260
3,4973273,04761
3,4973282,04954
3,4973282,04961
3,4973288,04955
3,4973297,04956
3,4973311,04553
3,4973333,04953
3,4973346,04056
3,4973402,04555
3,4973430,04957
3,4973463,03906
3,4973840,04268
3,4974065,04763
3,4974071,04963
3,4974108,03907
3,4974194,04064
3,4974231,04468
3,4974306,04472
3,4974313,04469
3,4974313,04473
3,4974328,04474
3,4974489,04854
3,4974537,04270
3,4974597,04965
3,4974617,04271
3,4974703,04047
3,4974775,04765
3,4974925,04666
3,4974967,04476
3,4975062,04667
3,4975080,04290
3,4975157,04562
3,4975446,04967
3,4975573,04969
3,4975603,04274
3,4975783,04068
3,4975802,04101
3,4975802,04102
3,4975802,04103
3,4975802,04104
3,4975802,04109
3,4975802,04112
3,4975802,04122
3,4975802,04123
3,4975802,04124
3,4975966,04769
3,4976035,04668
3,4976315,04346
3,4976361,04071
3,4976383,04355
3,4976528,04357
3,4976705,04671
3,4976817,04856
3,4977125,04276
3,4977194,04280
3,4977222,04072
3,4977281,04772
3,4977288,04971
3,4977361,04774
3,4977762,04073
3,4977779,04479
3,4977882,04070
3,4977882,04074
3,4978095,04973
3,4978097,04974
3,4978153,04481
3,4978242,04676
3,4978367,04076
3,4978484,04776
3,4978701,04976
3,4978861,04978
3,4978963,04979
3,4979050,03908
3,4979123,04568
3,4979220,04281
3,4979244,04106
3,4979244,04116
3,4979277,04858
3,4979295,04082
3,4979328,04576
3,4979352,04679
3,4979580,04083
3,4979819,04085
3,4979840,04488
3,4979854,04680
3,4979945,04981
3,4979975,04681
3,4980051,04983
3,4980155,04664
3,4980182,04292
3,4980248,04684
3,4980455,04984
3,4980629,04861
3,4980683,04986
3,4980927,04086
3,4981180,04987
3,4981250,04282
3,4981710,04785
3,4981745,04989
3,4981774,04360
3,4981804,04863
3,4982044,04572
3,4982086,04781
3,4982137,04864
3,4982160,04786
3,4982172,04574
3,4982218,04087
3,4982236,04901
3,4982236,04903
3,4982265,04284
3,4982671,04289
3,4982753,04092
3,4982753,04098
3,4982818,04787
3,4982975,04353
3,4983257,04294
3,4983283,04363
3,4983348,04496
3,4983355,04364
3,4983359,04578
3,4983504,04579
3,4983572,04096
3,4983611,03910
3,4983625,03911
3,4983802,49220
3,4983811,49221
3,4983886,49706
3,4983905,49224
3,4983970,48001
3,4983989,49010
3,4984016,48101
3,4984029,49401
3,4984049,48801
3,4984067,48003
3,4984075,49707
3,4984247,48103
3,4984247,48104
3,4984247,48105
3,4984247,48106
3,4984247,48107
3,4984247,48108
3,4984247,48109
3,4984247,48113
3,4984379,48005
3,4984460,48806
3,4984489,49011
3,4984500,49709
3,4984503,49905
3,4984510,48412
3,4984524,48703
3,4984562,48611
3,4984565,48321
3,4984565,48326
3,4984575,49012
3,4984640,48006
3,4984692,48413
3,4984802,49304
3,4984855,48414
3,4984863,49013
3,4984902,49908
3,4984990,49101
3,4985139,48808
3,4985153,49014
3,4985153,49015
3,4985153,49016
3,4985153,49017
3,4985153,49018
3,4985153,49037
3,4985180,48706
3,4985180,48707
3,4985180,48708
3,4985210,49711
3,4985465,48612
3,4985552,48809
3,4985583,49615
3,4985601,48111
3,4985601,48112
3,4985607,49021
3,4985620,49306
3,4985711,49022
3,4985711,49023
3,4985744,48072
3,4985761,49103
3,4985761,49104
3,4985785,49911
3,4985887,49617
3,4986020,49307
3,4986141,48415
3,4986172,48009
3,4986172,48012
3,4986398,49228
3,4986429,48301
3,4986429,48302
3,4986429,48303
3,4986429,48304
3,4986759,49712
3,4986888,48615
3,4986963,48722
3,4986977,49106
3,4986994,48114
3,4986994,48116
3,4987028,49229
3,4987045,49028
3,4987064,49230
3,4987112,48416
3,4987238,49107
3,4987287,49620
3,4987462,49030
3,4987467,48417
3,4987482,48509
3,4987482,48519
3,4987482,48529
3,4987586,48418
3,4987587,49315
3,4987617,49601
3,4987661,49316
3,4987684,49913
3,4987731,49232
3,4987990,48187
3,4987990,48188
3,4987996,48014
3,4988024,48117
3,4988059,48723
3,4988132,48724
3,4988138,48811
3,4988142,48419
3,4988197,48725
3,4988212,49915
3,4988215,48726
3,4988232,49031
3,4988362,49319
3,4988400,48015
3,4988430,49622
3,4988455,49032
3,4988575,49720
3,4988584,48813
3,4988617,49721
3,4988628,48118
3,4988671,48616
3,4988933,48617
3,4988997,48346
3,4988997,48347
3,4988997,48348
3,4989005,48017
3,4989127,49034
3,4989132,49236
3,4989133,48035
3,4989133,48036
3,4989133,48038
3,4989153,48420
3,4989266,49036
3,4989304,48618
3,4989343,49038
3,4989347,49040
3,4989376,48421
3,4989432,49321
3,4989442,49237
3,4989486,49042
3,4989596,49404
3,4989686,48817
3,4990039,48422
3,4990121,49920
3,4990327,48819
3,4990400,48423
3,4990469,48820
3,4990510,48120
3,4990510,48121
3,4990510,48123
3,4990510,48124
3,4990510,48126
3,4990510,48128
3,4990512,48125
3,4990512,48127
3,4990524,49045
3,4990528,48427
3,4990598,49238
3,4990668,49046
3,4990729,48201
3,4990729,48202
3,4990729,48204
3,4990729,48205
3,4990729,48206
3,4990729,48207
3,4990729,48208
3,4990729,48209
3,4990729,48210
3,4990729,48211
3,4990729,48213
3,4990729,48214
3,4990729,48215
3,4990729,48216
3,4990729,48217
3,4990729,48219
3,4990729,48221
3,4990729,48222
3,4990729,48223
3,4990729,48224
3,4990729,48226
3,4990729,48227
3,4990729,48228
3,4990729,48231
3,4990729,48232
3,4990729,48233
3,4990729,48234
3,4990729,48235
3,4990729,48238
3,4990729,48242
3,4990729,48243
3,4990729,48244
3,4990729,48255
3,4990729,48260
3,4990729,48264
3,4990729,48265
3,4990729,48266
3,4990729,48267
3,4990729,48268
3,4990729,48269
3,4990729,48272
3,4990729,48275
3,4990729,48277
3,4990729,48278
3,4990729,48279
3,4990729,48288
3,4990797,48130
3,4990875,48821
3,4990964,49922
3,4991076,49406
3,4991111,49047
3,4991218,48428
3,4991330,48131
3,4991364,48429
3,4991613,49727
3,4991640,48823
3,4991640,48824
3,4991640,48825
3,4991640,48826
3,4991692,48730
3,4991735,48021
3,4991753,48827
3,4991757,49111
3,4991791,48229
3,4991857,48829
3,4991879,49112
3,4991969,49629
3,4991980,48731
3,4992084,48831
3,4992232,49829
3,4992251,48732
3,4992304,49631
3,4992410,48733
3,4992519,48331
3,4992519,48332
3,4992519,48333
3,4992519,48334
3,4992519,48335
3,4992519,48336
3,4992541,48622
3,4992609,49408
3,4992612,48430
3,4992635,48220
3,4992659,49409
3,4992940,48134
3,4992982,48501
3,4992982,48502
3,4992982,48503
3,4992982,48504
3,4992982,48505
3,4992982,48506
3,4992982,48507
3,4992982,48531
3,4992982,48532
3,4992982,48550
3,4992982,48551
3,4992982,48552
3,4992982,48553
3,4992982,48554
3,4992982,48555
3,4992982,48556
3,4992982,48557
3,4993022,48433
3,4993213,48435
3,4993267,48835
3,4993272,48836
3,4993321,48734
3,4993321,48787
3,4993326,49635
3,4993335,48025
3,4993369,48026
3,4993402,48623
3,4993417,49412
3,4993417,49413
3,4993519,49415
3,4993609,49053
3,4993612,49113
3,4993659,48135
3,4993659,48136
3,4993756,49734
3,4993756,49735
3,4993981,49837
3,4993985,48624
3,4994073,49055
3,4994154,48438
3,4994320,48439
3,4994320,48480
3,4994325,49417
3,4994344,48837
3,4994358,49501
3,4994358,49502
3,4994358,49503
3,4994358,49504
3,4994358,49505
3,4994358,49506
3,4994358,49507
3,4994358,49508
3,4994358,49510
3,4994358,49512
3,4994358,49514
3,4994358,49515
3,4994358,49516
3,4994358,49518
3,4994358,49523
3,4994358,49525
3,4994358,49528
3,4994358,49530
3,4994358,49544
3,4994358,49546
3,4994358,49548
3,4994358,49555
3,4994358,49560
3,4994358,49588
3,4994358,49599
3,4994391,49418
3,4994391,49468
3,4994415,49327
3,4994483,49240
3,4994567,49637
3,4994578,49738
3,4994578,49739
3,4994763,48838
3,4994851,48138
3,4994862,48230
3,4994862,48236
3,4994999,49841
3,4995197,48212
3,4995201,49930
3,4995269,48441
3,4995285,49740
3,4995368,48225
3,4995403,48625
3,4995424,48740
3,4995436,49420
3,4995468,49057
3,4995514,48840
3,4995520,49058
3,4995664,48030
3,4995760,48626
3,4996017,48203
3,4996098,49746
3,4996107,49242
3,4996274,48442
3,4996306,48842
3,4996369,49245
3,4996456,49328
3,4996572,49931
3,4996580,48629
3,4996618,49329
3,4996655,48843
3,4996655,48844
3,4996655,48855
3,4996696,49934
3,4996718,49247
3,4996736,49426
3,4996832,48070
3,4996956,48444
3,4997086,49749
3,4997180,49643
3,4997191,48846
3,4997232,49801
3,4997238,49935
3,4997249,49938
3,4997281,49849
3,4997346,48847
3,4997384,49201
3,4997384,49202
3,4997384,49203
3,4997384,49204
3,4997500,49428
3,4997500,49429
3,4997698,49250
3,4997787,49001
3,4997787,49003
3,4997787,49004
3,4997787,49005
3,4997787,49006
3,4997787,49007
3,4997787,49008
3,4997787,49009
3,4997787,49019
3,4997787,49048
3,4997805,49646
3,4997868,48320
3,4998002,49330
3,4998189,49802
3,4998195,49649
3,4998506,48848
3,4998533,49651
3,4998569,49945
3,4998583,48849
3,4998587,48359
3,4998587,48360
3,4998587,48361
3,4998587,48362
3,4998705,48850
3,4998769,48144
3,4998830,48901
3,4998830,48906
3,4998830,48909
3,4998830,48910
3,4998830,48911
3,4998830,48912
3,4998830,48913
3,4998830,48915
3,4998830,48916
3,4998830,48918
3,4998830,48919
3,4998830,48922
3,4998830,48924
3,4998830,48929
3,4998830,48930
3,4998830,48933
3,4998830,48937
3,4998830,48951
3,4998830,48956
3,4998830,48980
3,4998842,48446
3,4998937,49064
3,4998956,49065
3,4999064,49654
3,4999122,49251
3,4999167,49756
3,4999171,48450
3,4999311,48146
3,4999360,48451
3,4999410,49252
3,4999837,48150
3,4999837,48151
3,4999837,48152
3,4999837,48153
3,4999837,48154
3,5000239,49331
3,5000306,49431
3,5000334,48157
3,5000388,48851
3,5000460,49701
3,5000500,48071
3,5000598,48158
3,5000611,49660
3,5000615,49659
3,5000625,49854
3,5000678,49663
3,5000774,48853
3,5000843,49067
3,5000873,48039
3,5000879,49665
3,5000938,48453
3,5000947,49855
3,5000996,49068
3,5001084,48040
3,5001093,48854
3,5001159,49071
3,5001199,48159
3,5001222,48744
3,5001634,48122
3,5001661,49072
3,5001669,49858
3,5001708,48637
3,5001755,48455
3,5001813,49254
3,5001924,49333
3,5001929,48640
3,5001929,48641
3,5001929,48642
3,5001929,48667
3,5001929,48670
3,5001929,48674
3,5001929,48686
3,5001962,48160
3,5001972,48380
3,5001972,48381
3,5002100,48746
3,5002197,48647
3,5002344,48161
3,5002344,48162
3,5002367,49437
3,5002411,48457
3,5002495,49256
3,5002537,48857
3,5002656,48043
3,5002656,48046
3,5002699,48458
3,5002714,48804
3,5002714,48858
3,5002714,48859
3,5003038,48860
3,5003052,48861
3,5003065,49862
3,5003132,49440
3,5003132,49441
3,5003132,49442
3,5003132,49443
3,5003132,49444
3,5003132,49445
3,5003224,49261
3,5003243,49073
3,5003294,49866
3,5003369,48047
3,5003369,48051
3,5003374,49117
3,5003383,48048
3,5003383,48050
3,5003401,48460
3,5003424,49337
3,5003435,49868
3,5003514,49120
3,5003617,48461
3,5003940,49670
3,5003956,48167
3,5003956,48168
3,5004016,49870
3,5004062,48374
3,5004062,48375
3,5004062,48376
3,5004062,48377
3,5004188,48237
3,5004359,48805
3,5004359,48864
3,5004454,49076
3,5004490,49765
3,5004518,49265
3,5004520,49953
3,5004593,48462
3,5004615,48750
3,5004644,49766
3,5004656,48463
3,5004658,49078
3,5004776,48866
3,5004792,48867
3,5004817,48370
3,5004817,48371
3,5005034,49269
3,5005126,49079
3,5005232,48466
3,5005247,49769
3,5005318,49449
3,5005401,48872
3,5005450,49270
3,5005484,49770
3,5005642,48755
3,5005703,48169
3,5005706,48650
3,5005954,49080
3,5006011,48069
3,5006059,48170
3,5006166,48340
3,5006166,48341
3,5006166,48342
3,5006166,48343
3,5006221,48467
3,5006233,48060
3,5006233,48061
3,5006244,48469
3,5006250,49002
3,5006250,49024
3,5006250,49081
3,5006314,48875
3,5006376,48876
3,5006566,48651
3,5006647,49082
3,5006658,49876
3,5006776,49676
3,5006818,49451
3,5006848,49274
3,5006917,48239
3,5006917,48240
3,5006946,49677
3,5006969,48757
3,5007015,49879
3,5007115,49083
3,5007141,48062
3,5007247,48218
3,5007323,48193
3,5007400,48306
3,5007400,48307
3,5007400,48308
3,5007400,48309
3,5007436,49341
3,5007436,49351
3,5007451,48173
3,5007477,49779
3,5007525,48065
3,5007531,48174
3,5007585,48653
3,5007595,48654
3,5007655,48066
3,5007804,48067
3,5007804,48068
3,5007804,48073
3,5007989,48601
3,5007989,48602
3,5007989,48603
3,5007989,48604
3,5007989,48605
3,5007989,48606
3,5007989,48607
3,5007989,48608
3,5007989,48609
3,5007989,48663
3,5008102,48655
3,5008207,48656
3,5008224,49781
3,5008278,48879
3,5008327,49085
3,5008414,48880
3,5008768,48176
3,5008863,49343
3,5008920,48471
3,5008936,48657
3,5008971,48881
3,5008991,49453
3,5009185,49087
3,5009277,49454
3,5009317,48759
3,5009587,49455
3,5009625,48883
3,5009635,48884
3,5010377,49680
3,5010517,49090
3,5010548,48178
3,5010587,49963
3,5010595,48179
3,5010636,48033
3,5010636,48034
3,5010636,48037
3,5010636,48075
3,5010636,48076
3,5010636,48086
3,5010646,48195
3,5010690,49345
3,5010780,49283
3,5010856,49456
3,5010899,49284
3,5010977,48079
3,5010978,48080
3,5010978,48081
3,5010978,48082
3,5011020,48658
3,5011042,48888
3,5011137,49887
3,5011145,48659
3,5011148,48310
3,5011148,48311
3,5011148,48312
3,5011148,48313
3,5011148,48314
3,5011183,49127
3,5011227,49285
3,5011428,49091
3,5011569,48890
3,5011654,49682
3,5011701,48473
3,5011900,48763
3,5011900,48764
3,5011908,48180
3,5011973,49286
3,5011985,49092
3,5011989,48182
3,5012194,49093
3,5012197,49128
3,5012495,49684
3,5012495,49685
3,5012495,49686
3,5012495,49696
3,5012521,48183
3,5012639,48007
3,5012639,48083
3,5012639,48084
3,5012639,48085
3,5012639,48098
3,5012639,48099
3,5012800,49457
3,5012895,48475
3,5012928,49094
3,5013061,48315
3,5013061,48316
3,5013061,48317
3,5013061,48318
3,5013151,49795
3,5013174,48768
3,5013210,49096
3,5013212,48476
3,5013252,49097
3,5013894,49968
3,5013911,49288
3,5013961,48390
3,5013961,48391
3,5014051,48088
3,5014051,48089
3,5014051,48090
3,5014051,48091
3,5014051,48092
3,5014051,48093
3,5014051,48397
3,5014130,48327
3,5014130,48328
3,5014130,48329
3,5014165,49098
3,5014219,49348
3,5014224,48184
3,5014278,48892
3,5014319,48893
3,5014413,48661
3,5014681,48185
3,5014681,48186
3,5014696,48894
3,5014811,49349
3,5014852,49099
3,5014913,49461
3,5015133,48895
3,5015351,48393
3,5015599,48192
3,5015618,49509
3,5015618,49519
3,5015627,48097
3,5015688,48197
3,5015688,48198
3,5015701,49464
3,5015844,56510
3,5015850,55909
3,5015882,56110
3,5015924,55001
3,5015978,56431
3,5016002,56307
3,5016024,56007
3,5016051,55301
3,5016078,56009
3,5016108,56308
3,5016250,56010
3,5016374,55304
3,5016450,55303
3,5016490,55302
3,5016496,56208
3,5016573,56713
3,5016580,55307
3,5016813,56209
3,5016826,56511
3,5016877,55705
3,5016884,55912
3,5016917,56310
3,5016937,55706
3,5016990,56621
3,5017036,56115
3,5017185,56514
3,5017195,55707
3,5017366,56515
3,5017385,56623
3,5017396,56425
3,5017416,55003
3,5017660,55308
3,5017727,56312
3,5017761,56011
3,5017822,56601
3,5017822,56619
3,5017882,56215
3,5018285,55309
3,5018516,55310
3,5018540,55708
3,5018620,56630
3,5018727,55917
3,5018751,56013
3,5019035,55709
3,5019105,55006
3,5019116,56401
3,5019168,56520
3,5019360,56316
3,5019374,56438
3,5019431,56219
3,5019445,55918
3,5019460,55312
3,5019588,55313
3,5019611,55314
3,5019665,55713
3,5019767,55306
3,5019767,55337
3,5019847,56120
3,5019890,55920
3,5019936,55921
3,5020068,55008
3,5020238,56220
3,5020281,55009
3,5020428,55718
3,5020496,55315
3,5020548,56633
3,5020733,55012
3,5020859,55316
3,5020881,55317
3,5020938,55318
3,5020946,55923
3,5021063,55013
3,5021088,55719
3,5021323,55014
3,5021351,56222
3,5021372,55924
3,5021381,56440
3,5021405,56223
3,5021427,56016
3,5021492,55319
3,5021522,56634
3,5021527,55320
3,5021577,56017
3,5021632,55720
3,5021723,55721
3,5021726,55321
3,5021769,55722
3,5021784,56321
3,5021788,56320
3,5021807,55322
3,5021974,55723
3,5022134,55016
3,5022148,56229
3,5023264,56021
3,5023465,56716
3,5023472,56441
3,5023482,56442
3,5023890,55325
3,5023932,56232
3,5023970,55327
3,5024099,56636
3,5024138,55328
3,5024193,56444
3,5024237,56501
3,5024237,56502
3,5024324,56529
3,5024423,55927
3,5024566,55929
3,5024719,55801
3,5024719,55802
3,5024719,55803
3,5024719,55804
3,5024719,55805
3,5024719,55806
3,5024719,55807
3,5024719,55808
3,5024719,55810
3,5024719,55811
3,5024719,55812
3,5024719,55814
3,5024719,55815
3,5024719,55816
3,5024756,55019
3,5024828,56446
3,5024846,56024
3,5024996,56721
3,5025219,55344
3,5025219,55346
3,5025219,55347
3,5025225,55329
3,5025249,56128
3,5025381,56531
3,5025420,55932
3,5025471,55330
3,5025513,56026
3,5025599,56027
3,5025627,55731
3,5025639,56028
3,5025681,56447
3,5025861,55733
3,5025965,56326
3,5025971,55734
3,5026042,55331
3,5026059,55934
3,5026094,55332
3,5026114,56031
3,5026291,55021
3,5026321,55024
3,5026416,56537
3,5026416,56538
3,5026445,56540
3,5026959,55736
3,5027025,56329
3,5027117,55025
3,5027135,56330
3,5027191,56542
3,5027366,56544
3,5027432,56331
3,5027555,56131
3,5027765,55334
3,5027779,56035
3,5027923,55335
3,5027943,55741
3,5028042,55336
3,5028076,56036
3,5028087,56334
3,5028126,56547
3,5028224,56037
3,5028230,55027
3,5028454,56240
3,5028500,55604
3,5028509,55936
3,5028537,55730
3,5028537,55744
3,5028537,55745
3,5028572,56241
3,5028730,55338
3,5028787,56726
3,5028935,56243
3,5029154,56728
3,5029167,56548
3,5029189,55339
3,5029224,55031
3,5029234,56244
3,5029276,55341
3,5029374,55939
3,5029405,55032
3,5029500,55033
3,5029570,56549
3,5029658,55940
3,5029756,55342
3,5029840,56044
3,5029851,56136
3,5029884,56551
3,5029962,56137
3,5030005,55746
3,5030005,55747
3,5030122,55748
3,5030180,56138
3,5030242,55037
3,5030319,56339
3,5030360,55941
3,5030382,56340
3,5030670,55305
3,5030670,55343
3,5030802,55943
3,5030832,55349
3,5030856,55750
3,5030884,55038
3,5030977,55350
3,5031404,56649
3,5031412,55076
3,5031412,55077
3,5031459,56455
3,5031489,55040
3,5031601,56342
3,5031626,56142
3,5031678,56143
3,5031749,56048
3,5031774,56144
3,5032106,55352
3,5032900,56732
3,5032909,56050
3,5032920,55944
3,5032963,55753
3,5033090,55946
3,5033113,56252
3,5033212,55353
3,5033580,55947
3,5033707,56149
3,5033727,55041
3,5033740,56055
3,5033762,55042
3,5033783,55398
3,5033883,56554
3,5033962,56150
3,5033970,55043
3,5034059,55044
3,5034084,56152
3,5034153,55949
3,5034299,56057
3,5034312,55951
3,5034325,56058
3,5034516,55354
3,5034545,55952
3,5034746,55045
3,5034813,55355
3,5034970,56345
3,5035348,56653
3,5035522,55356
3,5035635,56347
3,5035679,55046
3,5035747,55357
3,5035747,55595
3,5035747,55596
3,5035747,55597
3,5035747,55598
3,5035747,55599
3,5036062,56156
3,5036088,55953
3,5036148,55954
3,5036191,56062
3,5036210,56256
3,5036223,56063
3,5036278,56557
3,5036420,56001
3,5036420,56002
3,5036461,55955
3,5036493,55311
3,5036534,55358
3,5036557,55348
3,5036557,55359
3,5036557,55570
3,5036557,55571
3,5036557,55574
3,5036557,55576
3,5036557,55577
3,5036557,55578
3,5036557,55579
3,5036557,55593
3,5036571,56065
3,5036605,55764
3,5036663,55047
3,5036727,56258
3,5036896,55360
3,5036952,55956
3,5037044,56556
3,5037164,55049
3,5037241,56352
3,5037275,56464
3,5037456,56353
3,5037649,55401
3,5037649,55402
3,5037649,55403
3,5037649,55404
3,5037649,55405
3,5037649,55406
3,5037649,55407
3,5037649,55408
3,5037649,55409
3,5037649,55410
3,5037649,55411
3,5037649,55412
3,5037649,55413
3,5037649,55414
3,5037649,55415
3,5037649,55416
3,5037649,55417
3,5037649,55418
3,5037649,55419
3,5037649,55420
3,5037649,55422
3,5037649,55423
3,5037649,55424
3,5037649,55425
3,5037649,55426
3,5037649,55427
3,5037649,55428
3,5037649,55429
3,5037649,55430
3,5037649,55431
3,5037649,55435
3,5037649,55436
3,5037649,55437
3,5037649,55438
3,5037649,55439
3,5037649,55440
3,5037649,55441
3,5037649,55442
3,5037649,55443
3,5037649,55444
3,5037649,55445
3,5037649,55446
3,5037649,55447
3,5037649,55450
3,5037649,55454
3,5037649,55455
3,5037649,55458
3,5037649,55459
3,5037649,55460
3,5037649,55467
3,5037649,55470
3,5037649,55472
3,5037649,55474
3,5037649,55478
3,5037649,55479
3,5037649,55480
3,5037649,55483
3,5037649,55484
3,5037649,55485
3,5037649,55486
3,5037649,55487
3,5037649,55488
3,5037680,56264
3,5037717,56068
3,5037784,55345
3,5037785,55361
3,5038018,56265
3,5038035,56069
3,5038045,55362
3,5038062,55363
3,5038108,56560
3,5038108,56561
3,5038108,56562
3,5038108,56563
3,5038132,55767
3,5038195,55051
3,5038221,56266
3,5038252,56267
3,5038282,55052
3,5038330,56466
3,5038348,55364
3,5038433,55768
3,5038438,56159
3,5038917,55769
3,5038938,56566
3,5039111,56273
3,5039133,56071
3,5039144,56072
3,5039173,56073
3,5039192,56567
3,5039211,55055
3,5039244,56074
3,5039332,56468
3,5039421,55056
3,5039675,55057
3,5039798,55368
3,5040195,56277
3,5040253,56359
3,5040339,55960
3,5040365,56278
3,5040389,56360
3,5040439,55369
3,5040439,55569
3,5040527,56571
3,5040647,55060
3,5040822,56470
3,5040846,56361
3,5040936,56362
3,5041072,56572
3,5041124,56279
3,5041146,56472
3,5041188,56573
3,5041405,56364
3,5041525,55063
3,5041581,55963
3,5041664,56474
3,5041752,56164
3,5041791,55964
3,5042006,56666
3,5042330,55965
3,5042360,55371
3,5042373,55372
3,5042505,55967
3,5042586,56475
3,5042608,56668
3,5042696,56282
3,5042731,56750
3,5042773,55066
3,5042790,56670
3,5042832,56283
3,5042924,56284
3,5042998,56367
3,5043204,56368
3,5043473,55901
3,5043473,55902
3,5043473,55903
3,5043473,55904
3,5043473,55905
3,5043473,55906
3,5043510,55067
3,5043556,55373
3,5043571,56369
3,5043608,55374
3,5043638,55969
3,5043752,56751
3,5043779,55068
3,5043955,56373
3,5044005,55069
3,5044055,55971
3,5044136,56580
3,5044144,56285
3,5044347,55375
3,5044374,55972
3,5044392,56080
3,5044407,56301
3,5044407,56302
3,5044407,56303
3,5044407,56304
3,5044407,56372
3,5044407,56393
3,5044407,56395
3,5044407,56396
3,5044407,56397
3,5044407,56398
3,5044407,56399
3,5044485,55070
3,5044563,56081
3,5044896,56374
3,5045258,55376
3,5045360,55101
3,5045360,55102
3,5045360,55103
3,5045360,55104
3,5045360,55105
3,5045360,55106
3,5045360,55107
3,5045360,55108
3,5045360,55109
3,5045360,55110
3,5045360,55112
3,5045360,55113
3,5045360,55114
3,5045360,55116
3,5045360,55117
3,5045360,55119
3,5045360,55126
3,5045360,55127
3,5045360,55130
3,5045360,55131
3,5045360,55133
3,5045360,55144
3,5045360,55145
3,5045360,55146
3,5045360,55155
3,5045360,55164
3,5045360,55165
3,5045360,55170
3,5045360,55172
3,5045360,55175
3,5045360,55187
3,5045360,55188
3,5045403,55071
3,5045517,56082
3,5045651,56375
3,5045908,55072
3,5046001,56377
3,5046026,56378
3,5046038,56379
3,5046063,55378
3,5046098,55073
3,5046800,56477
3,5046984,55074
3,5046997,55379
3,5047109,56171
3,5047308,55614
3,5047352,55381
3,5047587,56172
3,5047603,56085
3,5048033,55075
3,5048161,56288
3,5048296,55974
3,5048371,55384
3,5048378,55975
3,5048394,56087
3,5048496,55078
3,5048496,55079
3,5048555,56479
3,5048587,56381
3,5048735,56757
3,5048783,55385
3,5048796,55976
3,5048814,55082
3,5048814,55083
3,5048841,55988
3,5049605,55786
3,5049767,55084
3,5049970,56701
3,5050290,56175
3,5050544,56176
3,5050603,56088
3,5050808,56584
3,5050817,55616
3,5050847,56178
3,5050875,56585
3,5051354,56481
3,5051387,55386
3,5051468,55777
3,5051468,55792
3,5051594,55981
3,5051612,56293
3,5051640,55387
3,5051659,56482
3,5051694,56387
3,5051735,56484
3,5051760,56180
3,5051806,55983
3,5051875,56762
3,5051893,56763
3,5051897,55087
3,5051902,56093
3,5052016,55388
3,5052019,56096
3,5052032,55389
3,5052104,55390
3,5052132,55391
3,5052220,56181
3,5052239,56097
3,5052352,55985
3,5052524,56183
3,5052600,56296
3,5052666,56591
3,5052916,56201
3,5053084,56101
3,5053135,56098
3,5053156,55987
3,5053185,55395
3,5053204,55396
3,5053460,56187
3,5053526,55092
3,5053812,55992
3,5053875,64402
3,5054079,64424
3,5054326,64428
3,5054390,63435
3,5054955,64446
3,5055199,64456
3,5055226,63545
3,5055742,63445
3,5055773,64463
3,5055787,63501
3,5055812,63447
3,5055815,63448
3,5055816,63549
3,5055851,63548
3,5055908,63452
3,5056172,64468
3,5056241,63555
3,5056280,63556
3,5056350,63457
3,5056381,64470
3,5056943,64673
3,5056965,63561
3,5057058,64482
3,5057401,64489
3,5057486,64491
3,5057562,64683
3,5057655,63565
3,5057756,63472
3,5058135,58413
3,5058233,58316
3,5058534,58324
3,5058552,58421
3,5058560,58012
3,5058568,58220
3,5058701,58425
3,5058868,58301
3,5058918,58225
3,5059001,58433
3,5059052,58436
3,5059103,58027
3,5059163,58102
3,5059163,58103
3,5059163,58104
3,5059163,58105
3,5059163,58106
3,5059163,58107
3,5059163,58108
3,5059163,58109
3,5059163,58121
3,5059163,58122
3,5059163,58124
3,5059163,58125
3,5059163,58126
3,5059181,58438
3,5059192,58230
3,5059237,58032
3,5059248,58335
3,5059419,58237
3,5059429,58201
3,5059429,58202
3,5059429,58203
3,5059429,58206
3,5059429,58207
3,5059429,58208
3,5059506,58040
3,5059541,58041
3,5059576,58341
3,5059583,58042
3,5059589,58240
3,5059660,58045
3,5059734,58047
3,5059836,58401
3,5059836,58402
3,5059836,58405
3,5059962,58051
3,5060008,58458
3,5060055,58344
3,5060071,58249
3,5060080,58251
3,5060141,58053
3,5060162,58054
3,5060304,58059
3,5060332,58257
3,5060458,58060
3,5060481,58261
3,5060572,58561
3,5060591,58351
3,5060614,58356
3,5060723,58267
3,5060756,58474
3,5060860,58270
3,5060887,58271
3,5061011,58274
3,5061154,58366
3,5061159,58367
3,5061221,58368
3,5061854,58068
3,5062036,58482
3,5062174,58278
3,5062292,58072
3,5062355,58074
3,5062355,58075
3,5062355,58076
3,5062370,58282
3,5062458,58078
3,5062552,58495
3,5062694,68301
3,5062769,69210
3,5062806,68620
3,5062898,68920
3,5063097,68922
3,5063172,68002
3,5063229,68003
3,5063286,68713
3,5063318,68305
3,5063342,68818
3,5063384,68924
3,5063518,68622
3,5063540,68714
3,5063564,68715
3,5063646,68310
3,5063678,68926
3,5063788,68716
3,5063805,68005
3,5063805,68123
3,5063805,68147
3,5063884,68317
3,5063890,68007
3,5063957,68927
3,5064236,68008
3,5064236,68009
3,5064284,68718
3,5064311,68930
3,5064587,68821
3,5064638,68822
3,5064937,68823
3,5064972,68722
3,5065036,68824
3,5065051,68825
3,5065296,68015
3,5065392,68724
3,5065429,68826
3,5065484,68017
3,5065769,68629
3,5065817,68933
3,5066001,68601
3,5066001,68602
3,5066355,69130
3,5066394,68729
3,5066435,68333
3,5066462,68730
3,5066637,68731
3,5066700,68632
3,5066773,68341
3,5066951,68340
3,5067037,68633
3,5067077,68832
3,5067086,68343
3,5067285,68347
3,5067505,68636
3,5067545,68022
3,5067588,68836
3,5067620,68349
3,5067646,68937
3,5067861,68351
3,5067896,68352
3,5067932,68354
3,5068052,68355
3,5068442,68358
3,5068570,68023
3,5068640,68939
3,5068725,68025
3,5068725,68026
3,5068780,68359
3,5068818,68638
3,5068953,68361
3,5068966,68640
3,5069015,68840
3,5069297,68801
3,5069297,68802
3,5069297,68803
3,5069395,68842
3,5069429,68366
3,5069480,68028
3,5069753,68739
3,5069773,68944
3,5069802,68901
3,5069802,68902
3,5069928,68370
3,5069971,68371
3,5070048,68372
3,5070216,68949
3,5070327,68030
3,5070352,68031
3,5070461,68641
3,5070522,68376
3,5070540,68642
3,5071165,68955
3,5071348,68845
3,5071348,68847
3,5071348,68848
3,5071348,68849
3,5071421,68956
3,5071665,68128
3,5071797,68745
3,5071934,68850
3,5072006,68501
3,5072006,68502
3,5072006,68503
3,5072006,68504
3,5072006,68505
3,5072006,68506
3,5072006,68507
3,5072006,68508
3,5072006,68509
3,5072006,68510
3,5072006,68512
3,5072006,68514
3,5072006,68516
3,5072006,68517
3,5072006,68520
3,5072006,68521
3,5072006,68522
3,5072006,68523
3,5072006,68524
3,5072006,68526
3,5072006,68527
3,5072006,68528
3,5072006,68529
3,5072006,68531
3,5072006,68532
3,5072006,68542
3,5072006,68544
3,5072006,68583
3,5072006,68588
3,5072362,68037
3,5072374,68853
3,5072499,68038
3,5072528,68039
3,5072532,68748
3,5072838,68041
3,5073125,68405
3,5073225,68959
3,5073661,68410
3,5073735,68756
3,5073754,68961
3,5073877,68758
3,5073965,68701
3,5073965,68702
3,5074013,68649
3,5074329,68045
3,5074472,68101
3,5074472,68102
3,5074472,68103
3,5074472,68104
3,5074472,68105
3,5074472,68106
3,5074472,68107
3,5074472,68108
3,5074472,68109
3,5074472,68110
3,5074472,68111
3,5074472,68112
3,5074472,68114
3,5074472,68116
3,5074472,68117
3,5074472,68118
3,5074472,68119
3,5074472,68120
3,5074472,68122
3,5074472,68124
3,5074472,68127
3,5074472,68130
3,5074472,68131
3,5074472,68132
3,5074472,68134
3,5074472,68135
3,5074472,68137
3,5074472,68139
3,5074472,68142
3,5074472,68144
3,5074472,68145
3,5074472,68152
3,5074472,68154
3,5074472,68155
3,5074472,68164
3,5074472,68172
3,5074472,68175
3,5074472,68176
3,5074472,68178
3,5074472,68179
3,5074472,68180
3,5074472,68182
3,5074472,68183
3,5074472,68197
3,5074472,68198
3,5074567,68862
3,5074610,68651
3,5074624,68765
3,5074704,68863
3,5074722,68967
3,5074776,68418
3,5074792,68046
3,5074792,68133
3,5074889,68420
3,5074969,68047
3,5075014,68421
3,5075148,68767
3,5075277,68769
3,5075348,68048
3,5075615,68770
3,5075991,68771
3,5076020,68869
3,5076060,68970
3,5077237,68873
3,5077686,68874
3,5078641,68661
3,5078705,68057
3,5078792,68434
3,5078878,68876
3,5079250,68776
3,5079488,68059
3,5079541,68779
3,5079617,68778
3,5079732,68666
3,5079747,68780
3,5079887,68978
3,5079910,68979
3,5079991,68446
3,5080066,68879
3,5080098,68450
3,5080113,68061
3,5080288,68781
3,5080985,68456
3,5080995,68064
3,5081041,68065
3,5081085,68783
3,5081245,68066
3,5081262,68784
3,5081329,68067
3,5081416,68069
3,5081430,68786
3,5081438,68462
3,5081454,68787
3,5081518,68463
3,5081666,68788
3,5081848,68465
3,5082084,68071
3,5082140,68791
3,5082201,68883
3,5082292,68466
3,5082331,68467
3,5082363,68073
3,5082515,03601
3,5082595,03602
3,5082602,03809
3,5082636,03031
3,5082671,03216
3,5082698,03440
3,5082756,03217
3,5082790,03811
3,5082811,03032
3,5083007,03218
3,5083023,03825
3,5083075,03740
3,5083221,03110
3,5083288,03220
3,5083330,03570
3,5083374,03574
3,5083812,03222
3,5083836,03033
3,5084151,03741
3,5084165,03034
3,5084190,03224
3,5084387,03814
3,5084457,03603
3,5084518,03036
3,5084524,03443
3,5084633,03743
3,5084820,03576
3,5084868,03301
3,5084868,03302
3,5084868,03303
3,5084868,03305
3,5084917,03229
3,5084939,03818
3,5085222,03230
3,5085244,03819
3,5085374,03038
3,5085520,03820
3,5085520,03821
3,5085520,03822
3,5085564,03444
3,5085618,03824
3,5085719,03827
3,5085825,03882
3,5085900,03748
3,5085913,03042
3,5085918,03234
3,5085966,03833
3,5086024,03835
3,5086182,03447
3,5086321,03043
3,5086325,03580
3,5086344,03235
3,5086373,03836
3,5086383,03044
3,5086544,03249
3,5086564,03237
3,5086574,03448
3,5086628,03045
3,5086700,03581
3,5086717,03752
3,5086765,03240
3,5086792,03753
3,5086911,03047
3,5086915,03840
3,5086935,03048
3,5086978,03582
3,5087105,03841
3,5087110,03842
3,5087110,03843
3,5087122,03844
3,5087168,03755
3,5087227,03450
3,5087270,03765
3,5087365,03242
3,5087435,03243
3,5087494,03451
3,5087552,03245
3,5087559,03049
3,5087616,03106
3,5087752,03051
3,5088043,03846
3,5088061,03452
3,5088090,03583
3,5088262,03431
3,5088262,03435
3,5088377,03848
3,5088438,03246
3,5088438,03247
3,5088529,03584
3,5088597,03756
3,5088597,03766
3,5088638,03605
3,5088693,03251
3,5088728,03585
3,5088753,03052
3,5088856,03561
3,5088905,03053
3,5089020,03307
3,5089108,03768
3,5089118,03082
3,5089140,03823
3,5089144,03849
3,5089178,03101
3,5089178,03102
3,5089178,03103
3,5089178,03104
3,5089178,03105
3,5089178,03108
3,5089178,03109
3,5089178,03111
3,5089236,03455
3,5089240,03456
3,5089449,03253
3,5089478,03054
3,5089546,03588
3,5089578,03055
3,5089648,03851
3,5089738,03771
3,5089746,03057
3,5089850,03254
3,5090046,03060
3,5090046,03061
3,5090046,03062
3,5090046,03063
3,5090046,03064
3,5090084,03457
3,5090096,03070
3,5090100,03854
3,5090111,03855
3,5090183,03071
3,5090189,03257
3,5090214,03255
3,5090246,03857
3,5090256,03773
3,5090268,03858
3,5090347,03860
3,5090375,03774
3,5090383,03862
3,5090441,03609
3,5090448,03262
3,5090470,03261
3,5090496,03290
3,5090662,03777
3,5090683,03864
3,5090910,03076
3,5091002,03458
3,5091082,03779
3,5091247,03592
3,5091251,03263
3,5091273,03865
3,5091310,03264
3,5091383,03801
3,5091383,03802
3,5091383,03803
3,5091383,03804
3,5091636,03077
3,5091744,03461
3,5091872,03839
3,5091872,03866
3,5091872,03867
3,5091872,03868
3,5091916,03869
3,5091981,03266
3,5092018,03870
3,5092268,03079
3,5092276,03268
3,5092338,03269
3,5092346,03872
3,5092364,03873
3,5092485,03874
3,5092813,03878
3,5093030,03284
3,5093183,03464
3,5093235,03884
3,5093309,03586
3,5093333,03445
3,5093347,03782
3,5093360,03275
3,5093422,03446
3,5093469,03886
3,5093508,03084
3,5093630,03285
3,5093669,03276
3,5093669,03298
3,5093669,03299
3,5093821,03465
3,5094235,03608
3,5094264,03279
3,5094275,03280
3,5094304,03215
3,5094329,03281
3,5094412,03282
3,5094538,03469
3,5094550,03467
3,5094647,03598
3,5094791,03287
3,5094802,03086
3,5094812,03470
3,5094817,03087
3,5094877,03894
3,5094939,03293
3,5094941,03785
3,5095124,07401
3,5095133,08501
3,5095136,08720
3,5095153,07620
3,5095195,07821
3,5095211,08801
3,5095281,07712
3,5095312,07716
3,5095325,07001
3,5095409,07920
3,5095445,07002
3,5095528,07921
3,5095549,07109
3,5095558,07718
3,5095561,07715
3,5095561,07719
3,5095571,07823
3,5095611,07621
3,5095617,07922
3,5095626,07924
3,5095691,08010
3,5095747,07825
3,5095779,07003
3,5095786,07403
3,5095791,08804
3,5095808,07603
3,5095826,07005
3,5095847,08505
3,5095860,08805
3,5095881,07720
3,5095912,07826
3,5095912,07890
3,5095947,08723
3,5095947,08724
3,5095960,08730
3,5096057,07828
3,5096075,08016
3,5096100,07405
3,5096133,07006
3,5096133,07007
3,5096141,07830
3,5096289,07072
3,5096316,07008
3,5096371,07009
3,5096387,07927
3,5096495,07928
3,5096523,07930
3,5096655,07066
3,5096686,07010
3,5096699,07011
3,5096699,07012
3,5096699,07013
3,5096699,07014
3,5096699,07015
3,5096709,08809
3,5096742,07624
3,5096798,07067
3,5096813,07722
3,5096832,08022
3,5097006,08512
3,5097017,07016
3,5097035,07626
3,5097152,08810
3,5097167,07723
3,5097224,07627
3,5097239,07834
3,5097315,07801
3,5097315,07802
3,5097349,08812
3,5097357,07628
3,5097402,08816
3,5097421,07936
3,5097441,07017
3,5097441,07018
3,5097441,07019
3,5097459,07073
3,5097482,07724
3,5097482,07799
3,5097529,08817
3,5097529,08818
3,5097529,08820
3,5097529,08837
3,5097529,08899
3,5097575,07020
3,5097598,07201
3,5097598,07202
3,5097598,07207
3,5097598,07208
3,5097627,07407
3,5097649,07630
3,5097672,07631
3,5097677,07632
3,5097686,07726
3,5097718,07021
3,5097769,07704
3,5097773,07410
3,5097778,07004
3,5097801,07022
3,5097830,07023
3,5097836,07931
3,5097844,07727
3,5098086,08518
3,5098095,07932
3,5098109,08863
3,5098124,08822
3,5098135,07024
3,5098214,07416
3,5098242,07417
3,5098278,07728
3,5098303,08825
3,5098343,07026
3,5098358,07027
3,5098418,07934
3,5098425,08826
3,5098430,07028
3,5098436,07452
3,5098706,07601
3,5098706,07602
3,5098745,07840
3,5098760,07419
3,5098787,08827
3,5098794,07508
3,5098794,07538
3,5098842,07640
3,5098863,07029
3,5098878,07604
3,5098885,07420
3,5098904,07641
3,5098909,07506
3,5098909,07507
3,5098958,08828
3,5099025,08829
3,5099057,08904
3,5099060,07732
3,5099067,08520
3,5099079,08844
3,5099087,07642
3,5099093,07205
3,5099133,07030
3,5099289,07843
3,5099312,08525
3,5099724,07111
3,5099738,08830
3,5099836,07097
3,5099836,07302
3,5099836,07303
3,5099836,07304
3,5099836,07305
3,5099836,07306
3,5099836,07307
3,5099836,07308
3,5099836,07310
3,5099836,07311
3,5099836,07395
3,5099836,07399
3,5099961,07734
3,5099967,07032
3,5099967,07099
3,5099988,08824
3,5100001,07847
3,5100007,07033
3,5100008,07735
3,5100155,07034
3,5100158,07849
3,5100269,08733
3,5100280,08701
3,5100297,08530
3,5100308,07850
3,5100362,08833
3,5100394,07737
3,5100399,07605
3,5100477,07035
3,5100498,07738
3,5100506,07036
3,5100540,07424
3,5100542,07643
3,5100559,07739
3,5100572,07039
3,5100604,07644
3,5100619,07740
3,5100640,07853
3,5100706,07071
3,5100748,07940
3,5100776,07430
3,5100776,07495
3,5100809,08736
3,5100830,08835
3,5100854,07040
3,5100886,07746
3,5100924,08836
3,5100940,07747
3,5100972,07607
3,5101073,07945
3,5101125,08840
3,5101159,08846
3,5101170,07748
3,5101178,07432
3,5101197,08848
3,5101244,08850
3,5101300,07750
3,5101312,08852
3,5101334,07042
3,5101334,07043
3,5101361,07645
3,5101376,07074
3,5101393,07751
3,5101417,07950
3,5101427,07960
3,5101427,07962
3,5101427,07963
3,5101459,07856
3,5101585,07046
3,5101601,07092
3,5101669,07752
3,5101701,07857
3,5101717,08901
3,5101717,08903
3,5101717,08906
3,5101717,08933
3,5101717,08989
3,5101737,08533
3,5101766,07646
3,5101775,07974
3,5101798,07101
3,5101798,07102
3,5101798,07103
3,5101798,07104
3,5101798,07105
3,5101798,07106
3,5101798,07107
3,5101798,07108
3,5101798,07112
3,5101798,07114
3,5101798,07175
3,5101798,07184
3,5101798,07188
3,5101798,07189
3,5101798,07191
3,5101798,07192
3,5101798,07193
3,5101798,07195
3,5101798,07198
3,5101798,07199
3,5101848,07860
3,5101873,07031
3,5101879,07047
3,5101967,07647
3,5101978,07648
3,5102076,07110
3,5102115,07755
3,5102118,07436
3,5102136,07756
3,5102147,07757
3,5102153,07439
3,5102162,08857
3,5102208,07649
3,5102213,07050
3,5102213,07051
3,5102339,07863
3,5102369,07650
3,5102378,08065
3,5102387,07652
3,5102387,07653
3,5102400,07656
3,5102427,07054
3,5102443,07055
3,5102466,07501
3,5102466,07502
3,5102466,07503
3,5102466,07504
3,5102466,07505
3,5102466,07509
3,5102466,07510
3,5102466,07513
3,5102466,07514
3,5102466,07522
3,5102466,07524
3,5102466,07533
3,5102466,07543
3,5102466,07544
3,5102515,07977
3,5102535,08534
3,5102578,08861
3,5102578,08862
3,5102615,08865
3,5102713,08854
3,5102713,08855
3,5102720,07060
3,5102720,07061
3,5102720,07062
3,5102720,07063
3,5102798,08742
3,5102825,07442
3,5102853,07758
3,5102863,07064
3,5102922,08540
3,5102922,08541
3,5102922,08542
3,5102922,08543
3,5102922,08544
3,5102940,08550
3,5103055,07065
3,5103086,07446
3,5103116,08869
3,5103159,07701
3,5103254,07657
3,5103256,07660
3,5103269,07450
3,5103269,07451
3,5103286,07456
3,5103301,07661
3,5103313,07457
3,5103335,08076
3,5103335,08077
3,5103384,07662
3,5103396,07866
3,5103424,08553
3,5103431,08554
3,5103447,08555
3,5103497,07068
3,5103500,07203
3,5103503,07204
3,5103564,07760
3,5103580,07070
3,5103635,07458
3,5103637,07663
3,5104404,08871
3,5104404,08872
3,5104473,07076
3,5104495,08750
3,5104504,07094
3,5104504,07096
3,5104552,07077
3,5104630,07078
3,5104638,07702
3,5104755,08873
3,5104755,08875
3,5104774,08876
3,5104784,08879
3,5104798,08880
3,5104836,07079
3,5104844,07080
3,5104853,08882
3,5104855,07606
3,5104882,07871
3,5104907,08884
3,5104923,07762
3,5104952,07081
3,5104986,07874
3,5105047,08559
3,5105113,07876
3,5105127,07901
3,5105127,07902
3,5105164,07461
3,5105262,07666
3,5105300,07670
3,5105455,07511
3,5105455,07512
3,5105496,08601
3,5105496,08602
3,5105496,08603
3,5105496,08604
3,5105496,08605
3,5105496,08606
3,5105496,08607
3,5105496,08608
3,5105496,08609
3,5105496,08610
3,5105496,08611
3,5105496,08618
3,5105496,08619
3,5105496,08620
3,5105496,08625
3,5105496,08628
3,5105496,08629
3,5105496,08638
3,5105496,08644
3,5105496,08645
3,5105496,08646
3,5105496,08647
3,5105496,08650
3,5105496,08666
3,5105496,08690
3,5105496,08691
3,5105496,08695
3,5105608,07083
3,5105634,07087
3,5105809,07044
3,5105835,07880
3,5105957,07463
3,5105974,07057
3,5106014,07465
3,5106057,07882
3,5106160,07470
3,5106160,07474
3,5106184,07086
3,5106275,07764
3,5106279,07480
3,5106292,07093
3,5106298,07052
3,5106331,07090
3,5106331,07091
3,5106351,07675
3,5106361,07885
3,5106365,07981
3,5106365,07999
3,5106399,08889
3,5106453,08046
3,5106529,07095
3,5106548,07677
3,5106612,08562
3,5106615,07481
3,5106719,12404
3,5106734,13605
3,5106738,13606
3,5106756,14801
3,5106788,13730
3,5106825,14001
3,5106834,12201
3,5106834,12202
3,5106834,12203
3,5106834,12204
3,5106834,12205
3,5106834,12206
3,5106834,12207
3,5106834,12208
3,5106834,12209
3,5106834,12210
3,5106834,12211
3,5106834,12212
3,5106834,12214
3,5106834,12220
3,5106834,12222
3,5106834,12223
3,5106834,12224
3,5106834,12225
3,5106834,12226
3,5106834,12227
3,5106834,12228
3,5106834,12229
3,5106834,12230
3,5106834,12231
3,5106834,12232
3,5106834,12233
3,5106834,12234
3,5106834,12235
3,5106834,12236
3,5106834,12237
3,5106834,12238
3,5106834,12239
3,5106834,12240
3,5106834,12241
3,5106834,12242
3,5106834,12243
3,5106834,12244
3,5106834,12245
3,5106834,12246
3,5106834,12247
3,5106834,12248
3,5106834,12249
3,5106834,12250
3,5106834,12252
3,5106834,12255
3,5106834,12256
3,5106834,12257
3,5106834,12260
3,5106834,12261
3,5106834,12288
3,5106857,11507
3,5106862,14411
3,5106877,14004
3,5106950,13607
3,5106955,14802
3,5106994,14706
3,5107059,14708
3,5107075,12009
3,5107082,12910
3,5107091,11930
3,5107115,12501
3,5107140,11701
3,5107152,12010
3,5107176,14806
3,5107200,14709
3,5107227,14006
3,5107253,13608
3,5107257,13732
3,5107273,11931
3,5107290,14009
3,5107311,10502
3,5107329,14807
3,5107346,10504
3,5107467,12015
3,5107473,12810
3,5107481,11509
3,5107486,14011
3,5107502,12912
3,5107505,13021
3,5107505,13022
3,5107505,13024
3,5107528,13026
3,5107561,12018
3,5107569,14809
3,5107571,14414
3,5107612,11702
3,5107659,13733
3,5107760,11510
3,5107785,13027
3,5107811,12019
3,5107812,12020
3,5107908,14012
3,5108015,12719
3,5108093,14020
3,5108093,14021
3,5108110,14810
3,5108169,11706
3,5108191,11705
3,5108202,11709
3,5108219,12508
3,5108413,13305
3,5108531,10506
3,5108541,10507
3,5108647,14711
3,5108707,11710
3,5108714,11713
3,5108728,14813
3,5108842,14416
3,5108875,13028
3,5108881,12023
3,5108955,11714
3,5109053,14814
3,5109177,13901
3,5109177,13902
3,5109177,13903
3,5109177,13904
3,5109177,13905
3,5109410,13612
3,5109479,10913
3,5109527,14024
3,5109571,13308
3,5109603,11715
3,5109694,11716
3,5109702,14715
3,5109722,12814
3,5109757,13309
3,5109797,14025
3,5109888,14026
3,5109986,14418
3,5110029,13613
3,5110067,14816
3,5110077,11717
3,5110090,13029
3,5110092,10509
3,5110108,10510
3,5110130,11932
3,5110168,11718
3,5110211,12025
3,5110227,14420
3,5110239,14716
3,5110269,10708
3,5110292,11719
3,5110302,11201
3,5110302,11202
3,5110302,11203
3,5110302,11204
3,5110302,11205
3,5110302,11206
3,5110302,11207
3,5110302,11208
3,5110302,11209
3,5110302,11210
3,5110302,11211
3,5110302,11212
3,5110302,11213
3,5110302,11214
3,5110302,11215
3,5110302,11216
3,5110302,11217
3,5110302,11218
3,5110302,11219
3,5110302,11220
3,5110302,11221
3,5110302,11222
3,5110302,11223
3,5110302,11224
3,5110302,11225
3,5110302,11226
3,5110302,11228
3,5110302,11229
3,5110302,11230
3,5110302,11231
3,5110302,11232
3,5110302,11233
3,5110302,11234
3,5110302,11235
3,5110302,11236
3,5110302,11237
3,5110302,11238
3,5110302,11239
3,5110302,11241
3,5110302,11242
3,5110302,11243
3,5110302,11245
3,5110302,11247
3,5110302,11249
3,5110302,11251
3,5110302,11252
3,5110302,11256
3,5110449,13615
3,5110506,10511
3,5110629,14201
3,5110629,14202
3,5110629,14203
3,5110629,14204
3,5110629,14205
3,5110629,14206
3,5110629,14207
3,5110629,14208
3,5110629,14209
3,5110629,14210
3,5110629,14211
3,5110629,14212
3,5110629,14213
3,5110629,14214
3,5110629,14215
3,5110629,14216
3,5110629,14217
3,5110629,14218
3,5110629,14219
3,5110629,14220
3,5110629,14221
3,5110629,14222
3,5110629,14223
3,5110629,14224
3,5110629,14225
3,5110629,14226
3,5110629,14227
3,5110629,14228
3,5110629,14231
3,5110629,14233
3,5110629,14240
3,5110629,14241
3,5110629,14260
3,5110629,14261
3,5110629,14263
3,5110629,14264
3,5110629,14265
3,5110629,14267
3,5110629,14269
3,5110629,14270
3,5110629,14272
3,5110629,14273
3,5110629,14276
3,5110629,14280
3,5111015,14422
3,5111056,12413
3,5111065,13616
3,5111073,14423
3,5111137,11933
3,5111144,12816
3,5111148,13316
3,5111347,14821
3,5111398,13317
3,5111405,14424
3,5111425,14822
3,5111427,13032
3,5111436,13743
3,5111449,14823
3,5111484,13617
3,5111490,13618
3,5111533,11514
3,5111576,10512
3,5111656,13619
3,5111713,14718
3,5111719,13318
3,5111721,14427
3,5111824,13033
3,5111833,12414
3,5111849,14719
3,5111871,13034
3,5111886,13035
3,5111974,11516
3,5111990,14720
3,5112020,11934
3,5112035,11720
3,5112038,11721
3,5112051,12035
3,5112078,11722
3,5112160,13036
3,5112162,10917
3,5112181,13319
3,5112215,12919
3,5112259,10514
3,5112327,12920
3,5112335,12037
3,5112354,13622
3,5112368,12921
3,5112395,13745
3,5112460,13320
3,5112470,10918
3,5112479,12817
3,5112559,13037
3,5112703,14428
3,5112710,13039
3,5112729,13040
3,5112769,14031
3,5112771,14032
3,5112812,13321
3,5112837,14430
3,5112861,13041
3,5112870,13624
3,5112925,13042
3,5112961,12065
3,5112965,14432
3,5112972,13323
3,5112976,12514
3,5112995,12515
3,5113059,14724
3,5113095,12043
3,5113119,12045
3,5113131,14826
3,5113142,12047
3,5113196,10516
3,5113223,11724
3,5113412,11725
3,5113500,10920
3,5113516,13748
3,5113565,13044
3,5113662,14827
3,5113664,13326
3,5113681,13626
3,5113683,11726
3,5113694,11727
3,5113721,14036
3,5113723,12822
3,5113760,14830
3,5113760,14831
3,5113775,12518
3,5113790,13045
3,5113933,12051
3,5114122,13327
3,5114128,10517
3,5114160,12052
3,5114246,12928
3,5114325,14727
3,5114401,11935
3,5114487,12929
3,5114492,14437
3,5114593,13630
3,5114666,13328
3,5114731,11729
3,5114821,14042
3,5114824,13753
3,5114831,12054
3,5114899,13632
3,5114900,14043
3,5114903,13754
3,5114982,13634
3,5115123,10522
3,5115177,13329
3,5115261,12522
3,5115275,13755
3,5115374,13053
3,5115475,14837
3,5115495,14048
3,5115534,12422
3,5115536,13054
3,5115699,14051
3,5115704,14052
3,5115860,12061
3,5115871,11937
3,5115923,11730
3,5115952,11939
3,5115960,11554
3,5115974,11940
3,5115983,12062
3,5115989,11731
3,5115990,11732
3,5116035,11942
3,5116036,14730
3,5116047,14445
3,5116049,11518
3,5116060,11733
3,5116079,13057
3,5116149,11941
3,5116215,14057
3,5116261,13335
3,5116329,14058
3,5116342,13060
3,5116380,12932
3,5116408,12428
3,5116497,14901
3,5116497,14902
3,5116497,14903
3,5116497,14904
3,5116497,14905
3,5116508,11003
3,5116512,10523
3,5116602,13760
3,5116602,13761
3,5116602,13763
3,5116603,13762
3,5116714,13637
3,5116815,14450
3,5116864,14733
3,5116900,12733
3,5116931,11735
3,5116931,11737
3,5116937,11738
3,5116968,13066
3,5117100,14735
3,5117274,12524
3,5117438,11001
3,5117438,11002
3,5117451,10921
3,5117529,12068
3,5117619,14062
3,5117657,12828
3,5117685,10922
3,5117694,13339
3,5117856,13340
3,5117891,11010
3,5117902,14737
3,5117926,14063
3,5117949,11520
3,5117961,13068
3,5118018,14738
3,5118036,14739
3,5118131,12072
3,5118136,13069
3,5118226,11530
3,5118226,11531
3,5118226,11599
3,5118235,12525
3,5118304,14067
3,5118394,14454
3,5118398,14456
3,5118429,13072
3,5118454,12526
3,5118481,12075
3,5118606,12432
3,5118626,11542
3,5118642,11545
3,5118693,12801
3,5118729,11547
3,5118743,12078
3,5118781,10526
3,5118899,14461
3,5118920,10924
3,5118939,13642
3,5118990,14070
3,5119019,14072
3,5119076,12832
3,5119194,13643
3,5119218,11020
3,5119218,11021
3,5119218,11022
3,5119218,11023
3,5119218,11024
3,5119218,11026
3,5119218,11027
3,5119232,11739
3,5119353,13778
3,5119377,11740
3,5119385,11944
3,5119398,11548
3,5119401,12083
3,5119416,12834
3,5119432,10925
3,5119513,13073
3,5119689,12835
3,5119709,12086
3,5119719,13645
3,5119833,14075
3,5119842,13346
3,5119868,14464
3,5119893,14840
3,5119897,12837
3,5119899,11946
3,5119916,13783
3,5119946,13647
3,5119947,13074
3,5120062,10926
3,5120095,10528
3,5120114,13648
3,5120131,12838
3,5120141,10530
3,5120154,13348
3,5120228,11788
3,5120238,10927
3,5120284,10532
3,5120451,14466
3,5120478,11549
3,5120478,11550
3,5120478,11551
3,5120521,14467
3,5120545,13350
3,5120588,13654
3,5120598,11557
3,5120656,11801
3,5120656,11802
3,5120656,11815
3,5120656,11819
3,5120691,12440
3,5120741,12528
3,5120752,10928
3,5120759,10930
3,5120794,10931
3,5120871,14468
3,5120987,11741
3,5121004,14080
3,5121016,14470
3,5121163,00501
3,5121163,00544
3,5121163,11742
3,5121169,13077
3,5121182,14472
3,5121230,12090
3,5121283,14843
3,5121309,14845
3,5121382,14744
3,5121509,12534
3,5121513,12839
3,5121636,11743
3,5121650,11746
3,5121679,12443
3,5121727,12538
3,5121765,13357
3,5122269,14847
3,5122279,11096
3,5122365,10533
3,5122397,11558
3,5122409,11749
3,5122413,11751
3,5122417,11752
3,5122432,14850
3,5122432,14851
3,5122432,14852
3,5122432,14853
3,5122533,11947
3,5122534,14701
3,5122534,14702
3,5122638,11753
3,5122638,11853
3,5122794,13790
3,5122833,12095
3,5122893,13080
3,5123118,10536
3,5123173,12944
3,5123309,12446
3,5123347,14478
3,5123400,12106
3,5123456,11754
3,5123477,12401
3,5123477,12402
3,5123524,13082
3,5123715,13656
3,5123723,13083
3,5123791,12845
3,5123796,11755
3,5123809,12449
3,5123815,12846
3,5123831,12946
3,5123834,12108
3,5123926,14480
3,5123929,14750
3,5123954,14086
3,5123993,14882
3,5124017,10538
3,5124045,12110
3,5124059,11948
3,5124087,11559
3,5124128,14482
3,5124276,11756
3,5124307,14092
3,5124323,12754
3,5124411,14485
3,5124482,10540
3,5124497,11757
3,5124506,14858
3,5124642,13365
3,5124889,14755
3,5124925,13088
3,5124925,13089
3,5124925,13090
3,5124931,12758
3,5124936,14487
3,5125011,14094
3,5125011,14095
3,5125041,11560
3,5125086,11561
3,5125139,12847
3,5125461,13367
3,5125523,11563
3,5125534,14098
3,5125554,14489
3,5125559,13368
3,5125591,14502
3,5125646,13660
3,5125657,10541
3,5125717,12953
3,5125734,11565
3,5125738,10543
3,5125757,14504
3,5125766,11030
3,5125790,13104
3,5125817,11949
3,5125954,13803
3,5125966,13108
3,5125985,12455
3,5126015,14505
3,5126055,12542
3,5126183,11758
3,5126187,11762
3,5126194,13662
3,5126208,11950
3,5126209,11951
3,5126239,11952
3,5126268,12543
3,5126273,12117
3,5126287,14757
3,5126510,12118
3,5126518,11763
3,5126521,14103
3,5126555,11747
3,5126555,11760
3,5126555,11775
3,5126630,11566
3,5126705,13114
3,5126787,11953
3,5126828,12122
3,5126837,14105
3,5126842,10940
3,5126842,10941
3,5126848,13406
3,5126968,11765
3,5127007,12545
3,5127043,11764
3,5127066,12546
3,5127099,12547
3,5127134,11501
3,5127147,13115
3,5127150,12956
3,5127179,13116
3,5127233,13407
3,5127302,10949
3,5127302,10950
3,5127315,10952
3,5127321,11954
3,5127353,12549
3,5127359,12701
3,5127364,14865
3,5127368,10548
3,5127474,13118
3,5127519,11955
3,5127533,13808
3,5127555,12962
3,5127561,13408
3,5127744,10549
3,5127766,14510
3,5127824,11766
3,5127835,10550
3,5127835,10551
3,5127835,10552
3,5127835,10553
3,5128266,10954
3,5128267,12458
3,5128276,14512
3,5128313,12123
3,5128368,13120
3,5128414,13410
3,5128433,11767
3,5128465,13411
3,5128481,10956
3,5128503,13413
3,5128514,11040
3,5128514,11042
3,5128539,12561
3,5128549,10801
3,5128549,10802
3,5128549,10804
3,5128549,10805
3,5128577,12553
3,5128616,13417
3,5128639,14513
3,5128644,13811
3,5128654,12550
3,5128654,12551
3,5128654,12552
3,5128654,12555
3,5128670,14108
3,5128683,13416
3,5128723,14301
3,5128723,14302
3,5128723,14303
3,5128723,14304
3,5128723,14305
3,5128833,12130
3,5128862,13667
3,5128886,11703
3,5128914,14110
3,5128996,14111
3,5129014,12853
3,5129196,14516
3,5129245,14120
3,5129290,11768
3,5129313,12134
3,5129359,13815
3,5129364,13668
3,5129425,14517
3,5129433,10960
3,5129541,11769
3,5129545,14125
3,5129603,11572
3,5129617,14869
3,5129626,13669
3,5129654,14126
3,5129662,11804
3,5129698,13420
3,5129770,11568
3,5129780,14760
3,5129837,13421
3,5129852,13820
3,5129887,14519
3,5129923,10962
3,5129951,14127
3,5129975,11957
3,5129988,13424
3,5130002,13425
3,5130045,10562
3,5130081,13126
3,5130084,13825
3,5130102,10963
3,5130258,14521
3,5130273,13827
3,5130319,13830
3,5130327,11771
3,5130394,14870
3,5130395,13428
3,5130402,12463
3,5130441,14522
3,5130532,13672
3,5130672,11772
3,5130708,12970
3,5130716,14525
3,5130719,12564
3,5130780,10965
3,5130821,11958
3,5130831,10566
3,5130854,10803
3,5130915,14527
3,5130979,14530
3,5131009,12972
3,5131073,14532
3,5131095,13673
3,5131121,12565
3,5131135,13135
3,5131248,10968
3,5131321,12566
3,5131457,12567
3,5131493,14872
3,5131614,14534
3,5131638,11803
3,5131671,12568
3,5131692,12901
3,5131692,12903
3,5131725,12569
3,5131757,10570
3,5131826,12140
3,5131837,11569
3,5131860,13431
3,5131894,10970
3,5132001,13140
3,5132002,10573
3,5132008,12466
3,5132011,12974
3,5132013,11777
3,5132015,11776
3,5132016,12771
3,5132022,13433
3,5132029,11050
3,5132029,11051
3,5132029,11052
3,5132029,11053
3,5132029,11054
3,5132029,11055
3,5132058,14769
3,5132065,14770
3,5132103,13676
3,5132103,13699
3,5132143,12601
3,5132143,12602
3,5132143,12603
3,5132143,12604
3,5132152,10576
3,5132205,14873
3,5133084,13142
3,5133101,14538
3,5133135,10577
3,5133279,12804
3,5133302,11959
3,5133416,14772
3,5133419,14131
3,5133471,12143
3,5133538,13143
3,5133545,12571
3,5133595,13437
3,5133609,13679
3,5133667,12144
3,5133742,12572
3,5133795,13439
3,5133799,13144
3,5133816,12149
3,5133832,11961
3,5133892,14775
3,5133926,11901
3,5134086,14602
3,5134086,14603
3,5134086,14604
3,5134086,14605
3,5134086,14606
3,5134086,14607
3,5134086,14608
3,5134086,14609
3,5134086,14610
3,5134086,14611
3,5134086,14612
3,5134086,14613
3,5134086,14614
3,5134086,14615
3,5134086,14616
3,5134086,14617
3,5134086,14618
3,5134086,14619
3,5134086,14620
3,5134086,14621
3,5134086,14622
3,5134086,14623
3,5134086,14624
3,5134086,14625
3,5134086,14626
3,5134086,14627
3,5134086,14638
3,5134086,14639
3,5134086,14642
3,5134086,14643
3,5134086,14644
3,5134086,14646
3,5134086,14647
3,5134086,14649
3,5134086,14650
3,5134086,14651
3,5134086,14652
3,5134086,14653
3,5134086,14692
3,5134086,14694
3,5134115,12775
3,5134203,11570
3,5134203,11571
3,5134235,11778
3,5134295,13440
3,5134295,13441
3,5134295,13442
3,5134295,13449
3,5134316,11779
3,5134323,11575
3,5134366,12776
3,5134415,11576
3,5134420,11577
3,5134479,12151
3,5134565,12979
3,5134641,14544
3,5134693,10580
3,5134736,13685
3,5134800,11963
3,5135192,11780
3,5135356,13452
3,5136088,14779
3,5136091,12865
3,5136111,12577
3,5136177,14132
3,5136263,13145
3,5136322,12983
3,5136334,12866
3,5136353,12477
3,5136368,13146
3,5136371,14879
3,5136421,11782
3,5136433,10583
3,5136449,12154
3,5136454,12301
3,5136454,12302
3,5136454,12303
3,5136454,12304
3,5136454,12305
3,5136454,12306
3,5136454,12307
3,5136454,12308
3,5136454,12309
3,5136454,12325
3,5136454,12345
3,5136465,12155
3,5136494,12157
3,5137353,12870
3,5137380,12871
3,5137392,14880
3,5137454,14546
3,5137484,11579
3,5137507,11783
3,5137600,11784
3,5137622,13148
3,5137788,13459
3,5137894,11964
3,5137895,11965
3,5137909,10587
3,5137925,13460
3,5137938,14781
3,5137957,13461
3,5138022,11967
3,5138029,12481
3,5138048,11786
3,5138071,14548
3,5138077,10588
3,5138113,13838
3,5138151,14136
3,5138211,14550
3,5138234,14782
3,5138286,13152
3,5138414,10974
3,5138437,12778
3,5138539,11787
3,5138652,14551
3,5138660,14555
3,5138704,11789
3,5138822,14138
3,5138836,12779
3,5138847,12803
3,5139030,11968
3,5139030,11969
3,5139054,11971
3,5139097,10976
3,5139102,12780
3,5139142,14883
3,5139152,14559
3,5139298,14141
3,5139301,10977
3,5139399,14778
3,5139428,12167
3,5139473,13690
3,5139568,10301
3,5139568,10302
3,5139568,10303
3,5139568,10304
3,5139568,10305
3,5139568,10306
3,5139568,10307
3,5139568,10308
3,5139568,10309
3,5139568,10310
3,5139568,10311
3,5139568,10312
3,5139568,10313
3,5139568,10314
3,5139732,12170
3,5139832,12484
3,5139865,11790
3,5139865,11794
3,5139927,10980
3,5139953,12172
3,5140009,14145
3,5140072,10901
3,5140389,13157
3,5140402,11773
3,5140402,11791
3,5140405,13201
3,5140405,13202
3,5140405,13203
3,5140405,13204
3,5140405,13205
3,5140405,13206
3,5140405,13207
3,5140405,13208
3,5140405,13209
3,5140405,13210
3,5140405,13211
3,5140405,13212
3,5140405,13214
3,5140405,13215
3,5140405,13217
3,5140405,13218
3,5140405,13219
3,5140405,13220
3,5140405,13221
3,5140405,13224
3,5140405,13225
3,5140405,13235
3,5140405,13244
3,5140405,13250
3,5140405,13251
3,5140405,13252
3,5140405,13261
3,5140405,13290
3,5140511,12485
3,5140532,10983
3,5140538,10591
3,5140784,13691
3,5140789,10984
3,5140895,10594
3,5141002,12883
3,5141025,12486
3,5141073,12583
3,5141175,14150
3,5141175,14151
3,5141366,12177
3,5141502,12180
3,5141502,12181
3,5141502,12182
3,5141508,14886
3,5141549,13159
3,5141580,12986
3,5141653,10987
3,5141796,13849
3,5141912,13160
3,5141927,11553
3,5141927,11555
3,5141927,11556
3,5141934,10988
3,5142056,13501
3,5142056,13502
3,5142056,13503
3,5142056,13504
3,5142056,13505
3,5142056,13599
3,5142073,12584
3,5142075,12184
3,5142090,10595
3,5142101,10989
3,5142109,11580
3,5142109,11581
3,5142109,11582
3,5142164,14889
3,5142269,13476
3,5142287,10596
3,5142296,13850
3,5142296,13851
3,5142315,14564
3,5142326,12884
3,5142333,13478
3,5142415,12186
3,5143016,13694
3,5143022,11792
3,5143046,11975
3,5143066,12586
3,5143097,12588
3,5143116,12589
3,5143156,13856
3,5143186,13163
3,5143198,11793
3,5143211,12590
3,5143279,12885
3,5143282,14569
3,5143285,10990
3,5143323,13479
3,5143344,10992
3,5143370,12188
3,5143380,13165
3,5143386,11976
3,5143396,13601
3,5143396,13603
3,5143405,13480
3,5143419,14891
3,5143435,14892
3,5143443,12489
3,5143495,14580
3,5143527,13166
3,5143585,14894
3,5143586,14895
3,5143630,11704
3,5143630,11707
3,5143745,12992
3,5143830,10993
3,5143832,11552
3,5143834,14586
3,5143862,12491
3,5143866,11795
3,5143946,10994
3,5143966,10996
3,5143966,10997
3,5143986,12196
3,5143988,11796
3,5144027,14171
3,5144034,13491
3,5144040,11590
3,5144083,14787
3,5144089,11977
3,5144090,11978
3,5144114,14788
3,5144140,12993
3,5144336,10601
3,5144336,10602
3,5144336,10603
3,5144336,10605
3,5144336,10606
3,5144336,10607
3,5144336,10610
3,5144375,12887
3,5144396,13492
3,5144429,13862
3,5144583,14589
3,5144606,11596
3,5144668,12996
3,5144682,12997
3,5144698,14172
3,5144781,13865
3,5144830,13697
3,5144861,14590
3,5144947,11797
3,5145028,11598
3,5145033,12789
3,5145072,12498
3,5145094,12197
3,5145131,12790
3,5145135,11798
3,5145157,12198
3,5145197,11980
3,5145215,10701
3,5145215,10702
3,5145215,10703
3,5145215,10704
3,5145215,10705
3,5145215,10710
3,5145250,14173
3,5145253,10598
3,5145257,13495
3,5145282,14174
3,5145374,45810
3,5145423,43901
3,5145476,44301
3,5145476,44302
3,5145476,44303
3,5145476,44304
3,5145476,44305
3,5145476,44306
3,5145476,44307
3,5145476,44308
3,5145476,44309
3,5145476,44310
3,5145476,44311
3,5145476,44312
3,5145476,44313
3,5145476,44314
3,5145476,44315
3,5145476,44316
3,5145476,44317
3,5145476,44319
3,5145476,44320
3,5145476,44321
3,5145476,44325
3,5145476,44326
3,5145476,44328
3,5145476,44333
3,5145476,44372
3,5145476,44396
3,5145476,44398
3,5145537,43001
3,5145547,45812
3,5145607,44601
3,5145695,44001
3,5145770,44003
3,5145788,45302
3,5145808,45303
3,5145848,45813
3,5145894,44606
3,5145938,43502
3,5145954,44804
3,5145962,45814
3,5146055,44805
3,5146080,43003
3,5146089,44004
3,5146089,44005
3,5146141,44807
3,5146149,44201
3,5146233,44202
3,5146248,44010
3,5146277,44011
3,5146286,44012
3,5146442,43804
3,5146491,44203
3,5146675,44140
3,5146697,44608
3,5146711,44122
3,5146831,44146
3,5146946,43906
3,5146955,43310
3,5146965,43311
3,5146978,44811
3,5147037,44609
3,5147057,44813
3,5147097,44017
3,5147118,43908
3,5147132,44610
3,5147140,44814
3,5147302,43719
3,5147344,44815
3,5147682,44817
3,5147713,44818
3,5147766,45817
3,5147844,44612
3,5147924,45306
3,5147968,43402
3,5147968,43403
3,5148028,45308
3,5148046,43406
3,5148115,44141
3,5148164,44613
3,5148192,43912
3,5148226,43913
3,5148273,44147
3,5148480,44212
3,5148533,43506
3,5148635,44820
3,5148773,44021
3,5148799,44822
3,5148855,43907
3,5148876,45820
3,5148892,43314
3,5149007,43725
3,5149149,44405
3,5149188,44614
3,5149205,44406
3,5149222,44701
3,5149222,44702
3,5149222,44703
3,5149222,44704
3,5149222,44705
3,5149222,44706
3,5149222,44707
3,5149222,44708
3,5149222,44709
3,5149222,44710
3,5149222,44711
3,5149222,44714
3,5149222,44718
3,5149222,44721
3,5149222,44735
3,5149222,44750
3,5149222,44767
3,5149222,44799
3,5149253,43315
3,5149257,43316
3,5149327,44615
3,5149399,44824
3,5149493,45822
3,5149595,43011
3,5149720,44022
3,5149818,44024
3,5149937,44026
3,5150016,44215
3,5150132,45389
3,5150529,44101
3,5150529,44102
3,5150529,44103
3,5150529,44104
3,5150529,44105
3,5150529,44106
3,5150529,44108
3,5150529,44109
3,5150529,44110
3,5150529,44111
3,5150529,44112
3,5150529,44113
3,5150529,44114
3,5150529,44115
3,5150529,44118
3,5150529,44119
3,5150529,44120
3,5150529,44121
3,5150529,44124
3,5150529,44125
3,5150529,44126
3,5150529,44127
3,5150529,44128
3,5150529,44129
3,5150529,44130
3,5150529,44134
3,5150529,44135
3,5150529,44143
3,5150529,44144
3,5150529,44181
3,5150529,44188
3,5150529,44190
3,5150529,44191
3,5150529,44192
3,5150529,44193
3,5150529,44194
3,5150529,44195
3,5150529,44197
3,5150529,44198
3,5150529,44199
3,5150600,44216
3,5150651,43410
3,5150725,45828
3,5150783,44826
3,5150851,44408
3,5150868,45830
3,5150986,44030
3,5151057,45831
3,5151070,45832
3,5151174,44410
3,5151186,43812
3,5151278,45318
3,5151406,44827
3,5151415,44217
3,5151587,43412
3,5151613,44221
3,5151613,44222
3,5151613,44223
3,5151633,43413
3,5151660,44618
3,5151688,43014
3,5151775,43318
3,5151861,43512
3,5151891,43015
3,5151948,43515
3,5151993,44621
3,5152017,43516
3,5152098,43917
3,5152243,44622
3,5152278,44230
3,5152291,43821
3,5152333,43016
3,5152333,43017
3,5152413,45836
3,5152579,44730
3,5152709,43920
3,5152780,44626
3,5152794,44413
3,5152833,44095
3,5152833,44097
3,5152935,43517
3,5152986,43518
3,5153177,43416
3,5153207,44035
3,5153207,44036
3,5153420,44117
3,5153420,44123
3,5153420,44132
3,5153592,44334
3,5153839,43521
3,5153924,45839
3,5153924,45840
3,5154730,43977
3,5154770,45843
3,5154859,45845
3,5154873,45846
3,5154905,44830
3,5155125,43822
3,5155139,43019
3,5155207,43420
3,5155405,43021
3,5155414,44833
3,5155438,43022
3,5155529,44231
3,5155534,44040
3,5155572,44041
3,5155687,45328
3,5155710,43431
3,5155755,44420
3,5155783,45848
3,5155897,44629
3,5156170,44044
3,5156211,43522
3,5156270,43023
3,5156371,44232
3,5156485,44630
3,5156493,45331
3,5156513,44837
3,5156743,43524
3,5157064,44632
3,5157096,43525
3,5157262,43056
3,5157449,43526
3,5157588,43026
3,5157675,44234
3,5157742,43527
3,5157759,43528
3,5157984,43976
3,5158143,44425
3,5158164,44236
3,5158164,44237
3,5158298,44839
3,5158404,44131
3,5158960,45334
3,5159071,44047
3,5159171,44840
3,5159215,43986
3,5159309,43031
3,5159421,45853
3,5159537,44240
3,5159537,44242
3,5159537,44243
3,5159554,43326
3,5159635,44637
3,5159637,44636
3,5160005,43332
3,5160041,44050
3,5160260,44250
3,5160288,43331
3,5160315,44107
3,5160392,43934
3,5160493,44430
3,5160548,44431
3,5160611,45856
3,5160622,43035
3,5160667,43532
3,5160783,45801
3,5160783,45802
3,5160783,45804
3,5160783,45805
3,5160783,45807
3,5160951,44432
3,5161142,44254
3,5161262,44052
3,5161262,44053
3,5161262,44055
3,5161340,44842
3,5161347,44641
3,5161382,44436
3,5161411,44843
3,5161429,43443
3,5161509,43533
3,5161539,44056
3,5161567,44057
3,5161684,44644
3,5161723,44901
3,5161723,44902
3,5161723,44903
3,5161723,44904
3,5161723,44905
3,5161723,44906
3,5161723,44907
3,5161742,44255
3,5161803,44137
3,5161902,43301
3,5161902,43302
3,5162013,44645
3,5162044,43935
3,5162077,43040
3,5162077,43041
3,5162097,44646
3,5162097,44647
3,5162097,44648
3,5162119,44438
3,5162137,43537
3,5162494,43044
3,5162512,44256
3,5162512,44258
3,5162631,45862
3,5162645,44060
3,5162645,44061
3,5162730,43540
3,5162831,45863
3,5162859,44062
3,5162878,44653
3,5162920,44846
3,5162952,43045
3,5163008,43447
3,5163076,44654
3,5163132,44656
3,5163137,44440
3,5163143,44657
3,5163160,43938
3,5163176,45865
3,5163244,44260
3,5163346,44847
3,5163375,43543
3,5163631,43338
3,5163799,43050
3,5163814,43340
3,5163968,44262
3,5164057,43545
3,5164101,44662
3,5164142,43940
3,5164194,44849
3,5164202,43054
3,5164239,45869
3,5164333,45871
3,5164352,44851
3,5164371,44442
3,5164390,44663
3,5164445,44854
3,5164449,44445
3,5164466,43055
3,5164466,43058
3,5164466,43093
3,5164500,43832
3,5164541,44444
3,5164582,44446
3,5164653,45872
3,5164706,44720
3,5164762,44855
3,5164812,44068
3,5164826,43060
3,5164862,44070
3,5164903,44039
3,5164916,44133
3,5164998,44067
3,5165069,43619
3,5165101,44857
3,5165215,43449
3,5165312,45873
3,5165381,45874
3,5165445,44074
3,5165635,44138
3,5165664,44862
3,5165734,43616
3,5165755,44667
3,5165763,44076
3,5165786,43061
3,5165801,45875
3,5165859,45876
3,5166009,44077
3,5166061,45877
3,5166253,45879
3,5166334,45880
3,5166372,43450
3,5166389,44264
3,5166468,44081
3,5166516,43551
3,5166516,43552
3,5166528,44864
3,5166791,43554
3,5166819,45356
3,5166865,43064
3,5166958,45359
3,5167259,43452
3,5167275,43837
3,5167350,43065
3,5167479,43342
3,5167622,43343
3,5167737,44266
3,5167750,45881
3,5167969,44867
3,5168025,44286
3,5168085,43344
3,5168205,43457
3,5168225,44270
3,5168420,44084
3,5168450,45882
3,5168491,44116
3,5168673,43460
3,5168813,43347
3,5168837,43348
3,5168839,45363
3,5169130,43950
3,5169242,45883
3,5169796,45885
3,5170013,43072
3,5170511,44460
3,5170610,43945
3,5170691,44870
3,5170691,44871
3,5171474,43988
3,5171555,44672
3,5171681,44273
3,5171856,44054
3,5171868,44875
3,5171949,43556
3,5171968,44878
3,5172048,44676
3,5172078,45365
3,5172078,45367
3,5172314,43948
3,5172321,44677
3,5172387,44139
3,5172694,44275
3,5172710,45887
3,5173048,43952
3,5173048,43953
3,5173171,44224
3,5173189,44680
3,5173210,44241
3,5173237,44136
3,5173256,44471
3,5173264,43557
3,5173354,44681
3,5173412,43074
3,5173514,43558
3,5173553,44882
3,5173572,43560
3,5173623,44278
3,5173930,44883
3,5173962,43963
3,5174035,43405
3,5174035,43601
3,5174035,43603
3,5174035,43604
3,5174035,43605
3,5174035,43606
3,5174035,43607
3,5174035,43608
3,5174035,43609
3,5174035,43610
3,5174035,43611
3,5174035,43612
3,5174035,43613
3,5174035,43614
3,5174035,43615
3,5174035,43617
3,5174035,43620
3,5174035,43623
3,5174035,43635
3,5174035,43652
3,5174035,43654
3,5174035,43656
3,5174035,43657
3,5174035,43659
3,5174035,43660
3,5174035,43661
3,5174035,43666
3,5174035,43667
3,5174035,43681
3,5174035,43682
3,5174035,43697
3,5174035,43699
3,5174095,43964
3,5174358,45373
3,5174358,45374
3,5174495,44682
3,5174550,44087
3,5174585,44683
3,5174870,43351
3,5174897,43078
3,5174913,43080
3,5175079,45891
3,5175092,45380
3,5175496,44281
3,5175496,44282
3,5175531,44889
3,5175538,43465
3,5175595,44687
3,5175670,45895
3,5175738,43844
3,5175827,44490
3,5175847,43566
3,5175865,44481
3,5175865,44482
3,5175865,44483
3,5175865,44484
3,5175865,44485
3,5175865,44486
3,5175877,43567
3,5175892,43466
3,5175935,44688
3,5175939,45896
3,5176023,44090
3,5176047,43968
3,5176283,43845
3,5176304,43357
3,5176319,43358
3,5176378,44287
3,5176423,43570
3,5176472,43081
3,5176472,43086
3,5176490,44251
3,5176517,44145
3,5176550,43569
3,5176713,43571
3,5176759,44092
3,5176830,44888
3,5176830,44890
3,5176937,44094
3,5176937,44096
3,5177082,44288
3,5177337,43469
3,5177358,44691
3,5177568,44501
3,5177568,44502
3,5177568,44503
3,5177568,44504
3,5177568,44505
3,5177568,44506
3,5177568,44507
3,5177568,44509
3,5177568,44510
3,5177568,44511
3,5177568,44512
3,5177568,44513
3,5177568,44514
3,5177568,44515
3,5177568,44555
3,5177758,16820
3,5177773,19001
3,5177826,15610
3,5177874,19501
3,5177922,17501
3,5177944,16401
3,5177944,16475
3,5177951,18011
3,5178027,15001
3,5178118,15412
3,5178127,18101
3,5178127,18102
3,5178127,18103
3,5178127,18104
3,5178127,18105
3,5178127,18106
3,5178127,18109
3,5178127,18195
3,5178137,17002
3,5178165,15101
3,5178195,16601
3,5178195,16602
3,5178195,16603
3,5178225,19002
3,5178228,15003
3,5178351,17003
3,5178450,18403
3,5178597,17921
3,5178651,18810
3,5178673,17922
3,5178686,19407
3,5178713,16720
3,5178728,15312
3,5178736,17721
3,5178749,15618
3,5178806,15005
3,5178839,17502
3,5178849,15006
3,5178883,15007
3,5178892,19004
3,5178975,19503
3,5178996,18013
3,5179193,18014
3,5179446,15009
3,5179478,15010
3,5179505,18216
3,5179558,17812
3,5179558,17843
3,5179577,15921
3,5179605,17813
3,5179614,19505
3,5179630,15522
3,5179641,18910
3,5179660,16822
3,5179794,15012
3,5179799,16823
3,5179809,17004
3,5179845,16617
3,5179995,19020
3,5180013,17814
3,5180021,15314
3,5180079,19506
3,5180102,19312
3,5180106,16112
3,5180119,18603
3,5180199,15102
3,5180225,18015
3,5180225,18016
3,5180225,18017
3,5180225,18018
3,5180225,18020
3,5180449,15715
3,5180620,19508
3,5180709,15716
3,5180834,15717
3,5180854,16826
3,5180859,19510
3,5180934,17815
3,5180948,16912
3,5180958,17506
3,5180961,19422
3,5180961,19424
3,5181063,16827
3,5181134,17007
3,5181248,15531
3,5181324,18030
3,5181326,17507
3,5181375,19512
3,5181390,15014
3,5181396,15104
3,5181405,15620
3,5181407,16701
3,5181570,18031
3,5181624,19405
3,5181636,15017
3,5181688,19007
3,5181752,15824
3,5181761,18322
3,5181828,15825
3,5181940,17508
3,5181946,15417
3,5181966,16022
3,5182059,19009
3,5182414,15021
3,5182434,17009
3,5182534,16001
3,5182534,16002
3,5182534,16003
3,5182704,15924
3,5182733,15419
3,5182768,15621
3,5182842,16403
3,5182928,17001
3,5182928,17011
3,5182928,17012
3,5182928,17089
3,5183096,17010
3,5183109,18325
3,5183161,15317
3,5183169,17724
3,5183204,18407
3,5183234,17013
3,5183234,17015
3,5183339,15722
3,5183416,17726
3,5183438,18032
3,5183443,17820
3,5183670,18034
3,5183709,15926
3,5183766,16828
3,5183803,18914
3,5183891,15022
3,5183942,19012
3,5184071,18035
3,5184082,19425
3,5184178,15024
3,5184197,16025
3,5184233,18410
3,5184396,15025
3,5184414,16829
3,5184422,16214
3,5184434,16113
3,5184490,18411
3,5184505,16625
3,5184507,15323
3,5184541,16830
3,5184686,15728
3,5184748,18218
3,5184756,16627
3,5184806,16314
3,5184853,15324
3,5184966,19426
3,5185029,17512
3,5185033,16914
3,5185044,16405
3,5185052,15927
3,5185210,16316
3,5185231,16406
3,5185237,15425
3,5185245,16027
3,5185267,19428
3,5185267,19429
3,5185284,15027
3,5185289,18219
3,5185380,18036
3,5185397,18037
3,5185408,15108
3,5185465,17016
3,5185490,16407
3,5185531,16915
3,5185798,16410
3,5185853,18326
3,5185861,16630
3,5185861,16699
3,5185866,17929
3,5186053,19021
3,5186171,15032
3,5186172,16833
3,5186266,18612
3,5186266,18690
3,5186267,18414
3,5186327,17821
3,5186327,17822
3,5186394,17018
3,5186420,15928
3,5186474,16222
3,5186696,18327
3,5186717,15626
3,5186775,15627
3,5186794,17517
3,5186852,19333
3,5186862,17730
3,5186962,17019
3,5187134,15033
3,5187215,17315
3,5187232,19335
3,5187247,18901
3,5187247,18902
3,5187286,15034
3,5187297,19025
3,5187443,18917
3,5187506,17020
3,5187508,16635
3,5187580,15110
3,5187611,18642
3,5187613,18614
3,5187727,19408
3,5187727,19415
3,5187772,16028
3,5187858,16029
3,5187889,17519
3,5187921,16637
3,5187925,18041
3,5188022,17520
3,5188029,15112
3,5188075,18301
3,5188097,15629
3,5188140,18040
3,5188140,18042
3,5188140,18043
3,5188140,18044
3,5188140,18045
3,5188193,15931
3,5188306,16412
3,5188306,16444
3,5188339,18330
3,5188377,15330
3,5188424,16731
3,5188465,15037
3,5188474,17022
3,5188482,17023
3,5188546,19027
3,5188549,16920
3,5188602,15331
3,5188609,16117
3,5188659,19520
3,5188667,17824
3,5188702,16373
3,5188708,17318
3,5188726,18049
3,5188726,18098
3,5188726,18099
3,5188737,15834
3,5188793,17025
3,5188815,17522
3,5188843,16501
3,5188843,16502
3,5188843,16503
3,5188843,16504
3,5188843,16505
3,5188843,16506
3,5188843,16507
3,5188843,16508
3,5188843,16509
3,5188843,16510
3,5188843,16511
3,5188843,16512
3,5188843,16514
3,5188843,16515
3,5188843,16522
3,5188843,16530
3,5188843,16531
3,5188843,16534
3,5188843,16538
3,5188843,16541
3,5188843,16544
3,5188843,16546
3,5188843,16550
3,5188843,16553
3,5188843,16563
3,5188843,16565
3,5188935,16033
3,5188960,15537
3,5188988,15631
3,5189019,15632
3,5189022,19341
3,5189042,18419
3,5189091,19030
3,5189124,16415
3,5189308,15840
3,5189377,16121
3,5189412,15438
3,5189828,19522
3,5189872,19031
3,5189947,16226
3,5189963,18421
3,5190089,19034
3,5190282,17931
3,5190282,17932
3,5190323,16323
3,5190438,17026
3,5190458,17827
3,5190462,15042
3,5190469,18224
3,5190486,16229
3,5190547,15541
3,5190554,17933
3,5190743,16922
3,5190769,16641
3,5190870,15336
3,5191070,15044
3,5191093,19525
3,5191101,17934
3,5191161,16417
3,5191169,17935
3,5191236,15045
3,5191279,18617
3,5191327,19038
3,5191335,15116
3,5191469,17936
3,5191476,17529
3,5191523,18424
3,5191693,15634
3,5191703,16839
3,5191719,17030
3,5191789,18821
3,5191871,18054
3,5192000,15047
3,5192019,16125
3,5192029,15601
3,5192029,15605
3,5192029,15606
3,5192184,16127
3,5192408,17032
3,5192431,18822
3,5192444,19526
3,5192657,18225
3,5192662,19438
3,5192662,19441
3,5192678,16037
3,5192726,17101
3,5192726,17102
3,5192726,17103
3,5192726,17104
3,5192726,17105
3,5192726,17106
3,5192726,17107
3,5192726,17108
3,5192726,17109
3,5192726,17110
3,5192726,17111
3,5192726,17112
3,5192726,17113
3,5192726,17120
3,5192726,17121
3,5192726,17122
3,5192726,17123
3,5192726,17124
3,5192726,17125
3,5192726,17126
3,5192726,17127
3,5192726,17128
3,5192726,17129
3,5192726,17130
3,5192726,17140
3,5192726,17177
3,5192756,16038
3,5192840,18618
3,5192841,15049
3,5192858,16646
3,5192863,19040
3,5192878,19440
3,5192914,16840
3,5192925,18428
3,5193011,18201
3,5193011,18202
3,5193095,17938
3,5193119,15745
3,5193149,18055
3,5193294,18056
3,5193305,15637
3,5193309,16148
3,5193342,17033
3,5193428,15340
3,5193622,17034
3,5193684,15444
3,5193920,16648
3,5194057,15748
3,5194067,15120
3,5194099,18431
3,5194100,19344
3,5194159,15936
3,5194177,17533
3,5194302,19044
3,5194343,15638
3,5194369,15342
3,5194377,16651
3,5194377,16698
3,5194380,16841
3,5194481,17737
3,5194512,17831
3,5194513,17036
3,5194590,16652
3,5194590,16654
3,5194656,16843
3,5194663,16328
3,5194741,15126
3,5194868,15701
3,5194868,15705
3,5194892,15052
3,5194941,17534
3,5195020,16656
3,5195024,15642
3,5195239,16134
3,5195283,15644
3,5195363,19046
3,5195377,15547
3,5195399,18433
3,5195405,15937
3,5195416,17723
3,5195416,17740
3,5195437,18434
3,5195460,18229
3,5195499,15053
3,5195549,15845
3,5195561,15901
3,5195561,15902
3,5195561,15904
3,5195561,15905
3,5195561,15906
3,5195561,15907
3,5195561,15909
3,5195561,15915
3,5195606,17038
3,5195728,16735
3,5195889,18231
3,5196059,15846
3,5196220,19406
3,5196245,18704
3,5196357,16201
3,5196465,16232
3,5196473,16928
3,5196516,16136
3,5196548,17833
3,5196601,17834
3,5196605,19443
3,5196621,19530
3,5196702,19444
3,5196767,16423
3,5196974,18625
3,5197032,16848
3,5197079,17601
3,5197079,17602
3,5197079,17603
3,5197079,17604
3,5197079,17605
3,5197079,17606
3,5197079,17607
3,5197079,17608
3,5197079,17611
3,5197079,17622
3,5197079,17699
3,5197120,17538
3,5197138,15054
3,5197140,19047
3,5197140,19048
3,5197140,19049
3,5197159,19446
3,5197163,18232
3,5197171,18626
3,5197227,15650
3,5197413,18059
3,5197419,17943
3,5197437,15055
3,5197457,16929
3,5197517,17042
3,5197517,17046
3,5197568,15656
3,5197590,19533
3,5197594,15056
3,5197673,18235
3,5197723,16851
3,5197725,17043
3,5197749,17540
3,5197796,19054
3,5197796,19055
3,5197796,19056
3,5197796,19057
3,5197796,19058
3,5197827,16738
3,5197842,17837
3,5197850,17044
3,5197989,15658
3,5198006,15938
3,5198166,16424
3,5198203,19353
3,5198218,17543
3,5198596,17045
3,5198635,17745
3,5198988,15940
3,5199209,15661
3,5199308,18709
3,5199324,17048
3,5199439,18062
3,5199494,17948
3,5199600,19355
3,5199604,15664
3,5199634,17345
3,5199648,17545
3,5199677,15665
3,5199710,16933
3,5199876,16239
3,5199879,17547
3,5199892,17832
3,5199944,16046
3,5200043,18063
3,5200055,16662
3,5200081,17053
3,5200123,18336
3,5200208,17550
3,5200220,18237
3,5200499,15131
3,5200499,15132
3,5200499,15133
3,5200499,15134
3,5200499,15135
3,5200617,15347
3,5200644,16335
3,5200644,16388
3,5200657,17050
3,5200657,17055
3,5200798,16137
3,5200849,19539
3,5200852,18630
3,5201006,17842
3,5201027,17057
3,5201045,15059
3,5201056,15060
3,5201067,17058
3,5201080,17844
3,5201085,17059
3,5201088,18631
3,5201115,16853
3,5201117,18337
3,5201126,18935
3,5201245,17751
3,5201405,17061
3,5201412,17062
3,5201421,16854
3,5201458,17846
3,5201468,17063
3,5201470,17847
3,5201518,17954
3,5201534,16856
3,5201641,19540
3,5201658,15061
3,5201665,15062
3,5201688,15063
3,5201733,18832
3,5201734,15146
3,5201740,17850
3,5201752,17752
3,5201776,18936
3,5201801,17754
3,5201805,18801
3,5201901,18507
3,5201937,19543
3,5201978,16858
3,5201996,19067
3,5202009,18444
3,5202114,17851
3,5202164,17065
3,5202198,16740
3,5202202,17552
3,5202286,15666
3,5202340,18344
3,5202382,17066
3,5202421,17347
3,5202535,18707
3,5202551,18342
3,5202566,17554
3,5202715,17756
3,5202765,15668
3,5202776,15350
3,5202820,17067
3,5202855,18634
3,5202860,15943
3,5202869,19072
3,5202903,15065
3,5202938,18064
3,5203030,18635
3,5203071,18240
3,5203094,15670
3,5203101,16140
3,5203103,17855
3,5203105,19545
3,5203107,16242
3,5203112,17068
3,5203116,15066
3,5203127,16101
3,5203127,16102
3,5203127,16103
3,5203127,16105
3,5203127,16107
3,5203127,16108
3,5203143,17856
3,5203155,15067
3,5203164,17070
3,5203168,15944
3,5203197,18938
3,5203211,15068
3,5203211,15069
3,5203221,17557
3,5203233,18834
3,5203246,17959
3,5203263,15672
3,5203269,18066
3,5203277,16142
3,5203277,16172
3,5203298,15466
3,5203311,17073
3,5203317,17074
3,5203354,18940
3,5203377,17241
3,5203404,18446
3,5203506,19401
3,5203506,19403
3,5203506,19404
3,5203519,15673
3,5203634,16428
3,5203785,15137
3,5203788,19454
3,5203788,19455
3,5203804,18067
3,5203837,15714
3,5203859,17857
3,5203886,15674
3,5203917,18636
3,5204143,15071
3,5204203,15139
3,5204278,16301
3,5204331,18518
3,5204432,19547
3,5204476,18447
3,5204476,18448
3,5204539,17859
3,5204575,19075
3,5204608,17961
3,5204622,16666
3,5204957,18071
3,5204964,17078
3,5205037,19301
3,5205052,17562
3,5205119,16049
3,5205166,18244
3,5205215,16668
3,5205339,18072
3,5205482,17862
3,5205484,18073
3,5205613,17564
3,5205638,18944
3,5205704,15473
3,5205806,16866
3,5205849,19460
3,5205883,17762
3,5206038,17963
3,5206070,16868
3,5206361,15140
3,5206379,15201
3,5206379,15202
3,5206379,15203
3,5206379,15204
3,5206379,15205
3,5206379,15206
3,5206379,15207
3,5206379,15208
3,5206379,15209
3,5206379,15210
3,5206379,15211
3,5206379,15212
3,5206379,15213
3,5206379,15214
3,5206379,15215
3,5206379,15216
3,5206379,15217
3,5206379,15218
3,5206379,15219
3,5206379,15220
3,5206379,15221
3,5206379,15222
3,5206379,15223
3,5206379,15224
3,5206379,15225
3,5206379,15226
3,5206379,15227
3,5206379,15228
3,5206379,15229
3,5206379,15230
3,5206379,15231
3,5206379,15232
3,5206379,15233
3,5206379,15234
3,5206379,15235
3,5206379,15236
3,5206379,15237
3,5206379,15238
3,5206379,15239
3,5206379,15240
3,5206379,15241
3,5206379,15242
3,5206379,15243
3,5206379,15244
3,5206379,15250
3,5206379,15251
3,5206379,15252
3,5206379,15253
3,5206379,15254
3,5206379,15255
3,5206379,15257
3,5206379,15258
3,5206379,15259
3,5206379,15260
3,5206379,15261
3,5206379,15262
3,5206379,15264
3,5206379,15265
3,5206379,15267
3,5206379,15268
3,5206379,15270
3,5206379,15272
3,5206379,15274
3,5206379,15275
3,5206379,15276
3,5206379,15277
3,5206379,15278
3,5206379,15279
3,5206379,15281
3,5206379,15282
3,5206379,15283
3,5206379,15286
3,5206379,15289
3,5206379,15290
3,5206379,15295
3,5206397,18640
3,5206397,18641
3,5206397,18643
3,5206595,16341
3,5206647,18949
3,5206659,18651
3,5206666,19462
3,5206718,18350
3,5206800,16342
3,5206933,17965
3,5206944,16870
3,5206950,17082
3,5206956,16743
3,5206961,15946
3,5206971,17864
3,5207069,19464
3,5207080,17901
3,5207263,16052
3,5207307,15767
3,5207381,18951
3,5207440,17083
3,5207698,17966
3,5207728,19601
3,5207728,19602
3,5207728,19603
3,5207728,19604
3,5207728,19605
3,5207728,19606
3,5207728,19607
3,5207728,19608
3,5207728,19609
3,5207728,19610
3,5207728,19611
3,5207728,19612
3,5207745,17567
3,5207780,18076
3,5207916,17084
3,5207989,17569
3,5208028,17764
3,5208080,15948
3,5208111,15851
3,5208119,17570
3,5208166,18954
3,5208175,17086
3,5208177,17087
3,5208198,18955
3,5208292,15853
3,5208300,18077
3,5208359,16248
3,5208381,17967
3,5208462,17868
3,5208552,16673
3,5208600,19551
3,5208613,15949
3,5208641,15074
3,5208969,15477
3,5209085,15772
3,5209132,16746
3,5209240,19468
3,5209304,16249
3,5209332,16345
3,5209347,15076
3,5209445,16433
3,5209621,17970
3,5210117,15857
3,5210699,15952
3,5210732,15681
3,5210863,16145
3,5211020,16056
3,5211023,16678
3,5211033,18353
3,5211037,18840
3,5211072,17088
3,5211128,18078
3,5211212,17972
3,5211230,19473
3,5211279,15683
3,5211303,18501
3,5211303,18502
3,5211303,18503
3,5211303,18504
3,5211303,18505
3,5211303,18508
3,5211303,18509
3,5211303,18510
3,5211303,18512
3,5211303,18515
3,5211303,18519
3,5211303,18540
3,5211303,18577
3,5211411,17870
3,5211420,18960
3,5211432,16346
3,5211506,15143
3,5211622,17872
3,5211637,17876
3,5211683,16146
3,5211712,16150
3,5211730,18708
3,5211804,16347
3,5211846,17976
3,5211936,18655
3,5212002,16748
3,5212038,17257
3,5212072,19555
3,5212286,18962
3,5212412,19474
3,5212477,18080
3,5212521,16255
3,5212532,16057
3,5212566,15078
3,5212582,16749
3,5212752,16874
3,5212853,15501
3,5212853,15510
3,5212897,18964
3,5213001,15956
3,5213188,15775
3,5213257,18968
3,5213317,19475
3,5213370,19477
3,5213393,19478
3,5213447,15144
3,5213675,15482
3,5213681,16801
3,5213681,16803
3,5213681,16804
3,5213681,16805
3,5214110,17578
3,5214214,15483
3,5214218,18083
3,5214311,16153
3,5214489,16258
3,5214543,18360
3,5214576,15082
3,5214613,16350
3,5214759,15864
3,5214775,18250
3,5214814,17801
3,5214936,18847
3,5214937,15083
3,5215087,15865
3,5215142,18252
3,5215193,18372
3,5215215,15084
3,5215235,18085
3,5215247,18517
3,5215325,19560
3,5215373,17581
3,5215538,17094
3,5215629,16351
3,5215696,16353
3,5215698,16946
3,5215715,16684
3,5215726,16354
3,5215826,19562
3,5215859,18848
3,5215886,17980
3,5215921,15085
3,5215983,17981
3,5215989,18254
3,5215995,17881
3,5216013,18087
3,5216182,16947
3,5216206,18970
3,5216260,18657
3,5216284,17772
3,5216343,15145
3,5216354,17982
3,5216514,16686
3,5216555,16948
3,5216639,16438
3,5216960,16059
3,5217039,17983
3,5217103,15690
3,5217179,15147
3,5217887,18088
3,5217925,16157
3,5218023,16365
3,5218023,16366
3,5218023,16367
3,5218069,15301
3,5218198,16441
3,5218246,17777
3,5218262,18471
3,5218268,18472
3,5218270,19080
3,5218270,19087
3,5218270,19088
3,5218270,19089
3,5218305,18255
3,5218361,15868
3,5218450,16901
3,5218485,19565
3,5218535,15376
3,5218668,16878
3,5218684,15088
3,5218796,16159
3,5218802,15122
3,5218802,15123
3,5218809,17886
3,5218822,15089
3,5218874,16160
3,5218969,16950
3,5219081,16161
3,5219189,18661
3,5219209,18473
3,5219384,17097
3,5219574,16693
3,5219585,17701
3,5219585,17702
3,5219585,17703
3,5219585,17705
3,5219592,17098
3,5219619,19090
3,5219653,15148
3,5219720,18091
3,5219722,15963
3,5219775,17889
3,5219972,19567
3,5220144,16262
3,5220150,18979
3,5220180,17368
3,5220186,18853
3,5220217,19095
3,5220236,18644
3,5220310,17099
3,5220359,17370
3,5220369,17372
3,5220401,16371
3,5220405,15697
3,5220412,15698
3,5220432,16063
3,5220705,02804
3,5220798,02806
3,5221030,02808
3,5221077,02809
3,5221261,02812
3,5221341,02863
3,5221384,02813
3,5221401,02814
3,5221637,02816
3,5221659,02910
3,5221659,02920
3,5221659,02921
3,5221703,02864
3,5221875,02818
3,5221931,02914
3,5222019,02822
3,5222169,02825
3,5222468,02827
3,5222476,02828
3,5222554,02829
3,5222569,02830
3,5222665,02832
3,5222680,02833
3,5222866,02835
3,5223006,02881
3,5223358,02842
3,5223505,02882
3,5223593,02840
3,5223593,02841
3,5223672,02852
3,5223681,02911
3,5223685,02857
3,5223687,02896
3,5223854,02859
3,5223869,02860
3,5223869,02861
3,5223869,02862
3,5224082,02871
3,5224151,02901
3,5224151,02902
3,5224151,02903
3,5224151,02904
3,5224151,02905
3,5224151,02906
3,5224151,02907
3,5224151,02908
3,5224151,02909
3,5224151,02912
3,5224151,02918
3,5224151,02940
3,5224949,02917
3,5225245,02878
3,5225502,02885
3,5225507,02886
3,5225507,02887
3,5225507,02888
3,5225507,02889
3,5225627,02893
3,5225631,02891
3,5225809,02895
3,5225857,57401
3,5225857,57402
3,5225910,57001
3,5225919,57311
3,5226035,57212
3,5226045,57313
3,5226090,57002
3,5226101,57315
3,5226143,57003
3,5226250,57004
3,5226467,57428
3,5226489,57005
3,5226523,57430
3,5226534,57006
3,5226534,57007
3,5226625,57523
3,5226708,57012
3,5226716,57013
3,5226762,57223
3,5226805,57014
3,5226824,57325
3,5226824,57326
3,5226901,57225
3,5226932,57226
3,5226984,57017
3,5226993,57018
3,5227048,57328
3,5227129,57020
3,5227237,57231
3,5227270,57022
3,5227567,57025
3,5227572,57026
3,5227651,57234
3,5227665,57437
3,5227753,57438
3,5227802,57028
3,5227856,57339
3,5227913,57029
3,5227996,57030
3,5228053,57442
3,5228222,57533
3,5228242,57445
3,5228340,57032
3,5228353,57033
3,5228476,57345
3,5228623,57349
3,5228657,57035
3,5228673,57350
3,5228673,57399
3,5228742,57451
3,5228801,57038
3,5228958,57544
3,5228984,57355
3,5229103,57356
3,5229173,57249
3,5229271,57039
3,5229276,57456
3,5229455,57548
3,5229526,57042
3,5229560,57043
3,5229694,57045
3,5229737,57252
3,5229751,57362
3,5229794,57301
3,5230076,57049
3,5230213,57052
3,5230309,57053
3,5230313,57366
3,5230463,57368
3,5230472,57369
3,5230743,57469
3,5231228,57058
3,5231735,57059
3,5231851,57101
3,5231851,57103
3,5231851,57104
3,5231851,57105
3,5231851,57106
3,5231851,57107
3,5231851,57108
3,5231851,57109
3,5231851,57110
3,5231851,57117
3,5231851,57118
3,5231851,57186
3,5231851,57193
3,5231851,57197
3,5231851,57198
3,5231863,57262
3,5232077,57062
3,5232316,57064
3,5232415,57376
3,5232489,57066
3,5232557,57068
3,5232582,57270
3,5232592,57069
3,5232604,57070
3,5232637,57071
3,5232661,57380
3,5232741,57201
3,5232748,57273
3,5232764,57274
3,5232802,57382
3,5232973,57279
3,5232994,57580
3,5233037,57385
3,5233042,57077
3,5233053,57078
3,5233303,05030
3,5233315,05250
3,5233500,05641
3,5233526,05822
3,5233526,05875
3,5233700,05823
3,5233738,05101
3,5233742,05201
3,5233794,05032
3,5233864,05734
3,5234067,05033
3,5234101,05733
3,5234141,05301
3,5234141,05302
3,5234141,05303
3,5234141,05304
3,5234183,05443
3,5234372,05401
3,5234372,05402
3,5234372,05405
3,5234372,05406
3,5234372,05408
3,5234793,05445
3,5234814,05038
3,5234827,05143
3,5234855,05737
3,5235024,05439
3,5235024,05446
3,5235024,05449
3,5235340,05739
3,5235444,05830
3,5235638,05649
3,5235919,05450
3,5235952,05452
3,5235952,05453
3,5236019,05743
3,5236108,05456
3,5236559,05654
3,5236698,05905
3,5236818,05843
3,5236879,05047
3,5237056,05461
3,5237276,05655
3,5237402,05846
3,5237436,05343
3,5237459,05464
3,5237476,05465
3,5237538,05656
3,5238077,05148
3,5238156,05149
3,5238176,05906
3,5238190,05849
3,5238203,05851
3,5238267,05254
3,5238321,05255
3,5238609,05468
3,5238678,05470
3,5238685,05601
3,5238685,05602
3,5238685,05603
3,5238685,05604
3,5238685,05609
3,5238685,05620
3,5238685,05633
3,5238717,05660
3,5238763,05661
3,5238820,05758
3,5239058,05855
3,5239071,05345
3,5239101,05257
3,5239188,05474
3,5239244,05150
3,5239255,05859
3,5239281,05663
3,5239319,05055
3,5239519,05860
3,5239668,05761
3,5239840,05762
3,5239844,05763
3,5239982,05764
3,5239997,05261
3,5240081,05346
3,5240108,05059
3,5240140,05060
3,5240267,05476
3,5240275,05477
3,5240304,05766
3,5240484,05768
3,5240509,05701
3,5240509,05702
3,5240569,05478
3,5240569,05479
3,5240656,05819
3,5240760,05769
3,5240843,05154
3,5241006,05482
3,5241223,05670
3,5241248,05403
3,5241248,05407
3,5241330,05068
3,5241423,05156
3,5241507,05487
3,5241611,05672
3,5241770,05488
3,5242023,05353
3,5242224,05491
3,5242462,05773
3,5242528,05675
3,5242565,05671
3,5242565,05676
3,5242599,05678
3,5242754,05775
3,5242764,05777
3,5242821,05161
3,5242889,05001
3,5242889,05009
3,5242952,05088
3,5242994,05679
3,5243008,05495
3,5243059,05089
3,5243081,05404
3,5243145,05091
3,5243553,53910
3,5243587,53001
3,5243653,53502
3,5243712,54201
3,5243756,53002
3,5243778,54610
3,5243794,54805
3,5243819,54720
3,5243872,54001
3,5243883,54406
3,5244010,54409
3,5244080,54911
3,5244080,54912
3,5244080,54913
3,5244080,54914
3,5244080,54915
3,5244080,54919
3,5244109,54612
3,5244125,53503
3,5244152,53911
3,5244166,53504
3,5244247,54806
3,5244312,54411
3,5244355,54412
3,5244365,54722
3,5244407,53506
3,5244570,54002
3,5244607,54810
3,5244620,54921
3,5244626,54614
3,5244638,53913
3,5244703,53507
3,5244738,54812
3,5245193,53916
3,5245314,53004
3,5245354,53508
3,5245378,53510
3,5245387,53511
3,5245387,53512
3,5245461,53803
3,5245497,54923
3,5245729,53103
3,5245989,54414
3,5246049,54106
3,5246060,53515
3,5246105,54615
3,5246172,54616
3,5246195,53516
3,5246228,54724
3,5246247,53804
3,5246270,53517
3,5246437,54107
3,5246509,53805
3,5246565,54725
3,5246568,54726
3,5246638,53919
3,5246766,54110
3,5246785,53104
3,5246832,53520
3,5246835,53005
3,5246835,53008
3,5246835,53045
3,5246849,53521
3,5246944,53006
3,5246950,54819
3,5247214,53105
3,5247307,53007
3,5247322,54927
3,5247387,54727
3,5247415,53108
3,5247528,53923
3,5247533,53523
3,5247547,54822
3,5247602,54618
3,5247648,53109
3,5247758,53010
3,5247925,53011
3,5247926,54205
3,5247945,54619
3,5247970,53806
3,5248077,54111
3,5248102,53013
3,5248171,53012
3,5248263,54824
3,5248417,54728
3,5248469,53014
3,5248511,54729
3,5248511,54774
3,5248864,54004
3,5248897,54005
3,5248933,53015
3,5248969,53525
3,5248985,54929
3,5249095,54421
3,5249135,54112
3,5249152,54730
3,5249205,53925
3,5249224,54113
3,5249428,54623
3,5249461,54732
3,5249503,53527
3,5249670,54520
3,5249741,54114
3,5249778,53528
3,5249868,53807
3,5249871,53110
3,5249896,54829
3,5250019,54931
3,5250072,53529
3,5250104,53114
3,5250121,53530
3,5250188,53532
3,5250201,54115
3,5250368,53531
3,5250393,53018
3,5250399,53115
3,5250440,53927
3,5250470,54208
3,5250593,53808
3,5250703,53533
3,5250703,53595
3,5250787,54425
3,5250847,53118
3,5250897,54009
3,5251056,54736
3,5251122,53119
3,5251171,54521
3,5251390,53120
3,5251436,54701
3,5251436,54702
3,5251436,54703
3,5251514,53019
3,5251521,54426
3,5251524,53534
3,5251662,54932
3,5251671,54738
3,5251712,54739
3,5251723,53020
3,5251729,53121
3,5251764,54011
3,5251784,53122
3,5251845,54740
3,5251866,53929
3,5252124,54627
3,5252182,53536
3,5252325,54741
3,5252463,54742
3,5252474,53932
3,5252610,53809
3,5253305,54121
3,5253352,54935
3,5253352,54936
3,5253352,54937
3,5253369,53125
3,5253379,53537
3,5253440,54123
3,5253498,53538
3,5253549,54629
3,5253638,53933
3,5253695,54214
3,5253710,53132
3,5253762,53126
3,5253772,54837
3,5253778,53021
3,5253823,54940
3,5253884,53934
3,5253998,54630
3,5254124,54631
3,5254150,53128
3,5254218,53022
3,5254298,54124
3,5254435,54013
3,5254441,54527
3,5254739,53024
3,5254880,54840
3,5254962,54301
3,5254962,54302
3,5254962,54303
3,5254962,54304
3,5254962,54305
3,5254962,54306
3,5254962,54307
3,5254962,54308
3,5254962,54311
3,5254962,54313
3,5254962,54324
3,5254962,54344
3,5255004,54941
3,5255057,53129
3,5255091,54126
3,5255102,54437
3,5255162,54128
3,5255320,53130
3,5255427,54015
3,5255628,53027
3,5255640,53029
3,5255709,54440
3,5255882,54843
3,5255902,53811
3,5256114,54441
3,5256232,53543
3,5256281,54129
3,5256376,54634
3,5256463,53031
3,5256613,54636
3,5256908,53032
3,5257002,54944
3,5257080,54016
3,5257163,54534
3,5257183,53034
3,5257353,54747
3,5257499,54945
3,5257499,54990
3,5257548,53035
3,5257551,54847
3,5257646,53036
3,5257669,53037
3,5257754,53545
3,5257754,53546
3,5257754,53547
3,5257754,53548
3,5257784,53549
3,5257996,53038
3,5258190,53039
3,5258296,54130
3,5258393,53140
3,5258393,53141
3,5258393,53142
3,5258393,53143
3,5258393,53144
3,5258448,54135
3,5258480,53040
3,5258490,54216
3,5258525,53042
3,5258575,54136
3,5258592,54946
3,5258957,54601
3,5258957,54602
3,5258957,54603
3,5258975,54639
3,5259036,54538
3,5259048,54848
3,5259140,53940
3,5259169,53147
3,5259218,53551
3,5259229,54849
3,5259448,53813
3,5259502,53046
3,5259510,54541
3,5259769,54139
3,5260115,53553
3,5260262,54140
3,5260658,53554
3,5260694,53555
3,5260732,53048
3,5260763,53556
3,5261218,54446
3,5261245,54853
3,5261340,54217
3,5261457,53701
3,5261457,53702
3,5261457,53703
3,5261457,53704
3,5261457,53705
3,5261457,53706
3,5261457,53707
3,5261457,53708
3,5261457,53711
3,5261457,53713
3,5261457,53714
3,5261457,53715
3,5261457,53716
3,5261457,53717
3,5261457,53718
3,5261457,53719
3,5261457,53725
3,5261457,53726
3,5261457,53744
3,5261457,53774
3,5261457,53777
3,5261457,53778
3,5261457,53779
3,5261457,53782
3,5261457,53783
3,5261457,53784
3,5261457,53785
3,5261457,53786
3,5261457,53788
3,5261457,53789
3,5261457,53790
3,5261457,53791
3,5261457,53792
3,5261457,53793
3,5261457,53794
3,5261556,54949
3,5261585,54220
3,5261585,54221
3,5261788,54448
3,5261852,54143
3,5261872,54950
3,5261891,53946
3,5261952,53559
3,5261969,54404
3,5261969,54449
3,5261969,54472
3,5262113,53948
3,5262137,53050
3,5262150,53560
3,5262475,54451
3,5262596,54952
3,5262624,54546
3,5262630,53051
3,5262630,53052
3,5262634,54751
3,5262649,53092
3,5262649,53097
3,5262680,54452
3,5262695,54754
3,5262708,53056
3,5262838,53562
3,5263014,54858
3,5263023,53563
3,5263045,53201
3,5263045,53202
3,5263045,53203
3,5263045,53204
3,5263045,53205
3,5263045,53206
3,5263045,53207
3,5263045,53208
3,5263045,53209
3,5263045,53210
3,5263045,53211
3,5263045,53212
3,5263045,53213
3,5263045,53214
3,5263045,53215
3,5263045,53216
3,5263045,53217
3,5263045,53218
3,5263045,53219
3,5263045,53220
3,5263045,53221
3,5263045,53222
3,5263045,53223
3,5263045,53224
3,5263045,53225
3,5263045,53226
3,5263045,53227
3,5263045,53228
3,5263045,53233
3,5263045,53234
3,5263045,53237
3,5263045,53259
3,5263045,53263
3,5263045,53267
3,5263045,53268
3,5263045,53274
3,5263045,53278
3,5263045,53288
3,5263045,53290
3,5263045,53293
3,5263045,53295
3,5263113,53565
3,5263167,54859
3,5263207,54228
3,5263301,54755
3,5263331,53566
3,5263366,53949
3,5263389,53570
3,5263397,54550
3,5263580,54455
3,5263633,53057
3,5263667,53572
3,5263965,53149
3,5264038,53573
3,5264049,53150
3,5264158,53058
3,5264221,54646
3,5264223,54956
3,5264223,54957
3,5264241,54456
3,5264253,54457
3,5264311,54150
3,5264316,53059
3,5264375,54757
3,5264381,53146
3,5264381,53151
3,5264412,53574
3,5264423,53061
3,5264423,53062
3,5264447,53950
3,5264455,54961
3,5264475,54017
3,5264522,53060
3,5264569,54151
3,5264842,53951
3,5264924,53153
3,5265065,54648
3,5265228,53154
3,5265404,53065
3,5265499,53066
3,5265515,54153
3,5265522,54154
3,5265692,54963
3,5265702,54650
3,5265748,54651
3,5265752,53070
3,5265785,53575
3,5265792,53576
3,5265824,54020
3,5265838,54901
3,5265838,54902
3,5265838,54903
3,5265838,54904
3,5265838,54906
3,5265857,54758
3,5266062,54460
3,5266093,53952
3,5266156,53156
3,5266199,53954
3,5266230,54552
3,5266483,53157
3,5266546,54759
3,5266653,54157
3,5266731,53072
3,5266764,54555
3,5267265,54466
3,5267279,53577
3,5267288,54966
3,5267332,53818
3,5267403,53158
3,5267537,54467
3,5267546,54761
3,5267585,53073
3,5267702,54864
3,5267769,54469
3,5267776,53074
3,5267785,53901
3,5267861,53820
3,5267912,53159
3,5267923,53955
3,5268002,53821
3,5268010,53578
3,5268035,54556
3,5268045,54021
3,5268096,54968
3,5268148,54162
3,5268249,53401
3,5268249,53402
3,5268249,53403
3,5268249,53404
3,5268249,53405
3,5268249,53406
3,5268249,53407
3,5268249,53408
3,5268354,53956
3,5268368,53075
3,5268544,54970
3,5268570,53958
3,5268570,53959
3,5268583,54230
3,5268605,53579
3,5268720,54501
3,5268738,54470
3,5268798,54868
3,5268838,53076
3,5268850,53581
3,5268900,53582
3,5268955,54971
3,5268977,53960
3,5268986,54022
3,5269165,54023
3,5269196,53167
3,5269319,54653
3,5269539,54974
3,5269583,54474
3,5270204,54024
3,5270249,53235
3,5271416,54232
3,5271991,53168
3,5272227,53583
3,5272249,53080
3,5272285,54976
3,5272378,54476
3,5272770,53584
3,5272776,54165
3,5272851,53585
3,5272873,54166
3,5272893,53081
3,5272893,53082
3,5272893,53083
3,5272907,53085
3,5272949,54871
3,5273018,54169
3,5273055,54170
3,5273110,53586
3,5273204,53170
3,5273324,54872
3,5273328,54234
3,5273439,53086
3,5273600,54655
3,5273607,54873
3,5273614,53171
3,5273620,54025
3,5273812,53172
3,5273927,54656
3,5273956,54479
3,5274034,54801
3,5274183,53588
3,5274288,54767
3,5274473,54768
3,5274622,54480
3,5274644,54481
3,5274644,54482
3,5274644,54492
3,5274693,53088
3,5274709,54658
3,5274787,53589
3,5274807,54484
3,5274842,54770
3,5274867,54235
3,5274885,53177
3,5274887,54173
3,5274964,53178
3,5275020,53590
3,5275020,53596
3,5275191,54880
3,5275219,54174
3,5275222,53089
3,5275589,53091
3,5275704,54771
3,5275717,54562
3,5275785,54486
3,5275871,54660
3,5275884,54487
3,5276084,54661
3,5276435,54889
3,5276542,53181
3,5276609,54241
3,5276720,53182
3,5277002,54245
3,5277142,53593
3,5277149,54489
3,5277255,54664
3,5277276,54665
3,5277667,54566
3,5277716,53183
3,5277801,53184
3,5277856,54891
3,5277989,53594
3,5278003,53185
3,5278005,53094
3,5278052,53186
3,5278052,53187
3,5278052,53188
3,5278052,53189
3,5278073,53597
3,5278083,54981
3,5278106,53963
3,5278120,54401
3,5278120,54402
3,5278120,54403
3,5278141,54177
3,5278148,54982
3,5278168,53826
3,5278257,54893
3,5278422,53090
3,5278422,53095
3,5278608,54669
3,5278652,54667
3,5278669,53964
3,5278723,54983
3,5278914,54773
3,5278927,54247
3,5278931,53190
3,5279018,54984
3,5279098,53191
3,5279272,54670
3,5279311,53598
3,5279356,54986
3,5279422,53965
3,5279436,54494
3,5279436,54495
3,5279483,54499
3,5279547,53968
3,5279667,54568
3,5279715,54028
3,5279757,54180
3,5279783,53969
3,5280069,26030
3,5280076,26031
3,5280084,26032
3,5280161,26034
3,5280285,26037
3,5280523,26047
3,5280534,26050
3,5280753,26059
3,5280814,26062
3,5280835,26070
3,5280846,26074
3,5280854,26003
3,5280920,06330
3,5280935,06470
3,5280975,01080
3,5281020,01450
3,5281020,01470
3,5281020,01471
3,5281031,01257
3,5281055,04419
3,5281077,04966
3,5281094,04094
3,5281161,68810
3,5281166,05735
3,5281184,12032
3,5281200,14471
3,5281274,18351
3,5281340,53044
3,5281348,54547
3,5281551,06401
3,5281730,06001
3,5281876,06750
3,5281915,06063
3,5282297,06801
3,5282526,06002
3,5282804,06601
3,5282804,06602
3,5282804,06604
3,5282804,06605
3,5282804,06606
3,5282804,06607
3,5282804,06608
3,5282804,06610
3,5282804,06673
3,5282804,06699
3,5282835,06010
3,5282835,06011
3,5282868,06088
3,5282922,06234
3,5283054,06405
3,5283386,06018
3,5283837,06408
3,5283837,06410
3,5283837,06411
3,5284202,06413
3,5284283,06415
3,5284335,06022
3,5284580,86025
3,5284756,93015
3,5284756,93016
3,5284832,95614
3,5284905,85603
3,5285018,95461
3,5285131,85324
3,5285480,67839
3,5285666,87732
3,5286072,84645
3,5286650,85325
3,5287262,85326
3,5287262,85396
3,5287565,86429
3,5287565,86430
3,5287565,86439
3,5287565,86442
3,5287938,85530
3,5288193,86020
3,5288261,86322
3,5288523,85377
3,5288636,85122
3,5288636,85130
3,5288636,85193
3,5288636,85194
3,5288784,85738
3,5288858,85327
3,5288858,85331
3,5289156,85531
3,5289282,85224
3,5289282,85225
3,5289282,85226
3,5289282,85244
3,5289282,85246
3,5289282,85248
3,5289282,85249
3,5289282,85286
3,5289626,86503
3,5289658,86323
3,5289812,85911
3,5290007,86324
3,5290051,85532
3,5290124,85533
3,5290463,86021
3,5290559,85332
3,5290663,85128
3,5290912,86325
3,5291033,86326
3,5292453,86535
3,5292912,86441
3,5293083,85607
3,5293083,85608
3,5293083,85655
3,5293430,85534
3,5293569,85925
3,5293951,85334
3,5293996,85335
3,5294167,85131
3,5294810,86001
3,5294810,86002
3,5294810,86003
3,5294810,86004
3,5294810,86005
3,5294810,86011
3,5294902,85132
3,5295093,86504
3,5295177,85268
3,5295177,85269
3,5295349,86022
3,5295585,86505
3,5295860,85337
3,5295903,85233
3,5295903,85234
3,5295903,85295
3,5295903,85296
3,5295903,85297
3,5295903,85298
3,5295903,85299
3,5295985,85301
3,5295985,85302
3,5295985,85303
3,5295985,85304
3,5295985,85305
3,5295985,85306
3,5295985,85307
3,5295985,85308
3,5295985,85310
3,5295985,85311
3,5295985,85312
3,5295985,85318
3,5296013,85501
3,5296013,85502
3,5296189,86413
3,5296266,85338
3,5296266,85395
3,5296391,86023
3,5296802,85614
3,5296802,85622
3,5297591,85135
3,5298887,86506
3,5298978,85616
3,5300182,86032
3,5300830,86033
3,5300854,85137
3,5301067,86401
3,5301067,86402
3,5301067,86409
3,5301281,86039
3,5301388,86403
3,5301388,86404
3,5301388,86405
3,5301388,86406
3,5301407,86342
3,5301819,86035
3,5302053,85340
3,5303304,86507
3,5303587,85618
3,5303643,86538
3,5303705,85653
3,5303752,85138
3,5303752,85139
3,5304060,86333
3,5304265,85930
3,5304306,86444
3,5304391,85201
3,5304391,85202
3,5304391,85203
3,5304391,85204
3,5304391,85205
3,5304391,85206
3,5304391,85207
3,5304391,85208
3,5304391,85209
3,5304391,85210
3,5304391,85211
3,5304391,85212
3,5304391,85213
3,5304391,85214
3,5304391,85215
3,5304391,85216
3,5304391,85274
3,5304391,85275
3,5304391,85277
3,5304640,85539
3,5305230,86440
3,5305230,86446
3,5305503,85540
3,5305996,86017
3,5306112,85620
3,5306523,85087
3,5306611,85621
3,5306611,85628
3,5306611,85662
3,5307460,85623
3,5307778,86040
3,5308049,85253
3,5308116,85344
3,5308164,86018
3,5308240,85624
3,5308281,86334
3,5308305,85541
3,5308305,85547
3,5308335,86434
3,5308480,85345
3,5308480,85380
3,5308480,85381
3,5308480,85382
3,5308480,85383
3,5308480,85385
3,5308497,85542
3,5308655,85001
3,5308655,85002
3,5308655,85003
3,5308655,85004
3,5308655,85005
3,5308655,85006
3,5308655,85007
3,5308655,85008
3,5308655,85009
3,5308655,85010
3,5308655,85011
3,5308655,85012
3,5308655,85013
3,5308655,85014
3,5308655,85015
3,5308655,85016
3,5308655,85017
3,5308655,85018
3,5308655,85019
3,5308655,85020
3,5308655,85021
3,5308655,85022
3,5308655,85023
3,5308655,85024
3,5308655,85025
3,5308655,85026
3,5308655,85027
3,5308655,85028
3,5308655,85029
3,5308655,85030
3,5308655,85031
3,5308655,85032
3,5308655,85033
3,5308655,85034
3,5308655,85035
3,5308655,85036
3,5308655,85037
3,5308655,85038
3,5308655,85039
3,5308655,85040
3,5308655,85041
3,5308655,85042
3,5308655,85043
3,5308655,85044
3,5308655,85045
3,5308655,85046
3,5308655,85048
3,5308655,85050
3,5308655,85051
3,5308655,85053
3,5308655,85054
3,5308655,85060
3,5308655,85061
3,5308655,85062
3,5308655,85063
3,5308655,85064
3,5308655,85065
3,5308655,85066
3,5308655,85067
3,5308655,85068
3,5308655,85069
3,5308655,85070
3,5308655,85071
3,5308655,85072
3,5308655,85073
3,5308655,85074
3,5308655,85075
3,5308655,85076
3,5308655,85078
3,5308655,85079
3,5308655,85080
3,5308655,85082
3,5308655,85083
3,5308655,85085
3,5308655,85086
3,5308655,85097
3,5308655,85098
3,5308867,85543
3,5308938,85544
3,5309205,86510
3,5309291,85626
3,5309842,86301
3,5309842,86302
3,5309842,86303
3,5309842,86304
3,5309842,86305
3,5309842,86313
3,5309858,86312
3,5309858,86314
3,5309858,86315
3,5310183,85346
3,5310183,85359
3,5310193,85142
3,5311414,85263
3,5311433,85648
3,5311719,86545
3,5312114,86547
3,5312393,85147
3,5312476,85546
3,5312476,85548
3,5312544,85629
3,5312572,85630
3,5312595,85936
3,5312634,86511
3,5312677,85348
3,5312844,85550
3,5312913,85349
3,5312933,85631
3,5313059,86512
3,5313457,85250
3,5313457,85251
3,5313457,85252
3,5313457,85254
3,5313457,85255
3,5313457,85256
3,5313457,85257
3,5313457,85258
3,5313457,85259
3,5313457,85260
3,5313457,85261
3,5313457,85262
3,5313457,85266
3,5313457,85267
3,5313457,85271
3,5313527,86043
3,5313667,86336
3,5313667,86339
3,5313667,86351
3,5313737,85634
3,5314201,86054
3,5314245,85901
3,5314245,85902
3,5314328,85635
3,5314328,85636
3,5314328,85650
3,5314328,85671
3,5314943,85937
3,5315062,85350
3,5315073,85637
3,5315525,85938
3,5315688,85172
3,5316201,85351
3,5316201,85372
3,5316201,85373
3,5316205,85375
3,5316205,85376
3,5316405,85173
3,5316428,85374
3,5316428,85378
3,5316428,85379
3,5316428,85387
3,5316428,85388
3,5316761,85352
3,5316960,85939
3,5317014,86514
3,5317058,85280
3,5317058,85281
3,5317058,85282
3,5317058,85283
3,5317058,85284
3,5317058,85285
3,5317058,85287
3,5317058,85288
3,5317170,85552
3,5317663,85353
3,5317714,85638
3,5317734,86044
3,5317749,85553
3,5318279,86045
3,5318288,85646
3,5318313,85701
3,5318313,85702
3,5318313,85703
3,5318313,85704
3,5318313,85705
3,5318313,85706
3,5318313,85707
3,5318313,85708
3,5318313,85709
3,5318313,85710
3,5318313,85711
3,5318313,85712
3,5318313,85713
3,5318313,85714
3,5318313,85715
3,5318313,85716
3,5318313,85717
3,5318313,85718
3,5318313,85719
3,5318313,85720
3,5318313,85721
3,5318313,85722
3,5318313,85723
3,5318313,85724
3,5318313,85725
3,5318313,85726
3,5318313,85728
3,5318313,85730
3,5318313,85731
3,5318313,85732
3,5318313,85733
3,5318313,85734
3,5318313,85735
3,5318313,85736
3,5318313,85737
3,5318313,85739
3,5318313,85740
3,5318313,85741
3,5318313,85742
3,5318313,85743
3,5318313,85744
3,5318313,85745
3,5318313,85746
3,5318313,85747
3,5318313,85748
3,5318313,85749
3,5318313,85750
3,5318313,85751
3,5318313,85752
3,5318313,85754
3,5318313,85755
3,5318313,85756
3,5318313,85757
3,5318313,85775
3,5319311,85641
3,5320160,85356
3,5320172,85357
3,5320655,85912
3,5320800,85941
3,5320871,85358
3,5320871,85390
3,5321088,85643
3,5321088,85644
3,5321098,86046
3,5321390,86515
3,5321473,86047
3,5321549,85361
3,5321849,85362
3,5322021,85554
3,5322027,85363
3,5322053,85364
3,5322053,85365
3,5322053,85366
3,5322053,85367
3,5322053,85369
3,5322317,93510
3,5322400,92301
3,5322553,91301
3,5322553,91376
3,5322636,92536
3,5322652,93601
3,5322737,94501
3,5322737,94502
3,5322794,94507
3,5322850,94706
3,5323060,91801
3,5323060,91802
3,5323060,91803
3,5323060,91804
3,5323060,91896
3,5323060,91899
3,5323163,92656
3,5323163,92698
3,5323376,93201
3,5323401,91901
3,5323401,91903
3,5323456,95701
3,5323525,91001
3,5323525,91003
3,5323694,94503
3,5323810,92801
3,5323810,92802
3,5323810,92803
3,5323810,92804
3,5323810,92805
3,5323810,92806
3,5323810,92807
3,5323810,92808
3,5323810,92809
3,5323810,92812
3,5323810,92814
3,5323810,92815
3,5323810,92816
3,5323810,92817
3,5323810,92825
3,5323810,92850
3,5323810,92899
3,5324004,95222
3,5324040,94508
3,5324105,95843
3,5324200,94509
3,5324200,94531
3,5324249,92539
3,5324363,92307
3,5324363,92308
3,5324400,95001
3,5324400,95003
3,5324457,95912
3,5324477,91006
3,5324477,91007
3,5324477,91066
3,5324477,91077
3,5324666,93202
3,5324698,95223
3,5324802,93420
3,5324802,93421
3,5324862,90701
3,5324862,90702
3,5324903,93203
3,5325111,93422
3,5325111,93423
3,5325147,94027
3,5325187,95301
3,5325211,93602
3,5325223,95602
3,5325223,95603
3,5325223,95604
3,5325305,90704
3,5325327,93204
3,5325352,95224
3,5325371,93424
3,5325423,91702
3,5325626,92309
3,5325738,93301
3,5325738,93302
3,5325738,93303
3,5325738,93304
3,5325738,93305
3,5325738,93306
3,5325738,93307
3,5325738,93308
3,5325738,93309
3,5325738,93311
3,5325738,93312
3,5325738,93313
3,5325738,93314
3,5325738,93380
3,5325738,93383
3,5325738,93384
3,5325738,93385
3,5325738,93386
3,5325738,93387
3,5325738,93388
3,5325738,93389
3,5325738,93390
3,5325866,91706
3,5326001,95914
3,5326032,92220
3,5326297,92311
3,5326297,92312
3,5326418,93604
3,5327098,92223
3,5327298,90202
3,5327319,90201
3,5327422,90706
3,5327422,90707
3,5327455,94002
3,5327522,95005
3,5327550,94510
3,5327684,94701
3,5327684,94702
3,5327684,94703
3,5327684,94704
3,5327684,94705
3,5327684,94707
3,5327684,94708
3,5327684,94709
3,5327684,94710
3,5327684,94712
3,5327684,94720
3,5327760,95916
3,5327951,94511
3,5328152,92314
3,5328163,92315
3,5328426,93513
3,5328563,93920
3,5328629,95917
3,5328724,93606
3,5328808,93514
3,5328808,93515
3,5329408,92316
3,5329649,92225
3,5329649,92226
3,5329735,94923
3,5329754,93205
3,5329830,94924
3,5329954,91902
3,5329954,91908
3,5330008,92003
3,5330040,95415
3,5330106,93516
3,5330106,93596
3,5330143,92004
3,5330222,95006
3,5330427,95416
3,5330567,92227
3,5330582,92821
3,5330582,92822
3,5330582,92823
3,5330642,94513
3,5330736,93517
3,5330810,94005
3,5330938,95007
3,5331568,93427
3,5331575,90620
3,5331575,90621
3,5331575,90622
3,5331575,90624
3,5331835,91501
3,5331835,91502
3,5331835,91503
3,5331835,91504
3,5331835,91505
3,5331835,91506
3,5331835,91507
3,5331835,91508
3,5331835,91510
3,5331835,91521
3,5331835,91522
3,5331835,91523
3,5331835,91526
3,5331920,94010
3,5331920,94011
3,5332251,93206
3,5332307,94514
3,5332374,92230
3,5332698,92231
3,5332698,92232
3,5332748,93504
3,5332748,93505
3,5332929,92233
3,5332937,94515
3,5332957,92320
3,5332975,95418
3,5333180,93010
3,5333180,93011
3,5333180,93012
3,5333207,93428
3,5333295,95709
3,5333515,95419
3,5333689,95008
3,5333689,95009
3,5333689,95011
3,5333749,91906
3,5334096,95010
3,5334223,92008
3,5334223,92009
3,5334223,92010
3,5334223,92011
3,5334223,92013
3,5334223,92018
3,5334336,95608
3,5334336,95609
3,5334374,96140
3,5334423,93013
3,5334423,93014
3,5334519,90745
3,5334519,90746
3,5334519,90747
3,5334519,90749
3,5334519,90895
3,5334575,93609
3,5334772,95420
3,5334799,91310
3,5334799,91384
3,5334928,94546
3,5334928,94552
3,5334937,95012
3,5335006,92234
3,5335006,92235
3,5335051,95306
3,5335131,93430
3,5335650,95307
3,5335663,90703
3,5336269,95926
3,5336269,95927
3,5336269,95928
3,5336269,95929
3,5336269,95973
3,5336269,95976
3,5336537,91708
3,5336537,91710
3,5336545,91709
3,5336667,93610
3,5336873,93925
3,5336899,91909
3,5336899,91910
3,5336899,91911
3,5336899,91912
3,5336899,91913
3,5336899,91914
3,5336899,91915
3,5336899,91921
3,5337561,95610
3,5337561,95611
3,5337561,95621
3,5337696,91711
3,5337841,94517
3,5337908,95422
3,5337912,95423
3,5338104,95425
3,5338122,93611
3,5338122,93612
3,5338122,93613
3,5338166,92236
3,5338196,93210
3,5338225,93614
3,5338258,95426
3,5338567,95713
3,5338707,95613
3,5338783,92324
3,5338800,95310
3,5338866,95932
3,5339066,90220
3,5339066,90221
3,5339066,90222
3,5339066,90223
3,5339066,90224
3,5339111,94518
3,5339111,94519
3,5339111,94520
3,5339111,94521
3,5339111,94522
3,5339111,94524
3,5339111,94527
3,5339111,94529
3,5339498,95228
3,5339539,93212
3,5339614,96021
3,5339631,92877
3,5339631,92878
3,5339631,92879
3,5339631,92880
3,5339631,92881
3,5339631,92882
3,5339631,92883
3,5339663,92118
3,5339663,92178
3,5339766,94925
3,5339766,94976
3,5339840,92626
3,5339840,92627
3,5339840,92628
3,5339865,94931
3,5340160,95428
3,5340175,91722
3,5340175,91723
3,5340175,91724
3,5340674,92325
3,5340758,94525
3,5341145,95014
3,5341145,95015
3,5341210,93615
3,5341256,90630
3,5341430,94014
3,5341430,94015
3,5341430,94016
3,5341430,94017
3,5341483,92629
3,5341531,94506
3,5341531,94526
3,5341704,95616
3,5341704,95617
3,5341704,95618
3,5342254,94576
3,5342353,92014
3,5342434,93616
3,5342485,93215
3,5342485,93216
3,5342522,95315
3,5342586,95316
3,5342657,91916
3,5342710,92240
3,5342710,92241
3,5342970,94528
3,5342992,91765
3,5343038,95619
3,5343171,93618
3,5343202,94505
3,5343303,95620
3,5343339,95935
3,5343728,93620
3,5343858,90239
3,5343858,90240
3,5343858,90241
3,5343858,90242
3,5343876,95936
3,5344147,91008
3,5344147,91009
3,5344147,91010
3,5344157,94568
3,5344212,93218
3,5344332,95937
3,5344359,95938
3,5344702,93219
3,5345529,92019
3,5345529,92020
3,5345529,92021
3,5345529,92022
3,5345609,92243
3,5345609,92244
3,5345623,94530
3,5345679,95762
3,5345716,94018
3,5345743,91731
3,5345743,91732
3,5345743,91734
3,5345743,91735
3,5345860,90245
3,5345888,94803
3,5345888,94820
3,5345916,95433
3,5345990,95431
3,5346111,95624
3,5346111,95757
3,5346111,95758
3,5346111,95759
3,5346342,95626
3,5346462,94608
3,5346462,94662
3,5346551,95319
3,5346646,92023
3,5346646,92024
3,5346811,95320
3,5346827,92025
3,5346827,92026
3,5346827,92027
3,5346827,92029
3,5346827,92030
3,5346827,92033
3,5346827,92046
3,5346871,95627
3,5347239,93221
3,5347287,95628
3,5347322,94930
3,5347322,94978
3,5347335,94533
3,5347335,94534
3,5347578,92028
3,5347578,92088
3,5347742,93223
3,5347903,95018
3,5348299,93622
3,5349705,95630
3,5349705,95763
3,5349755,92334
3,5349755,92335
3,5349755,92336
3,5349755,92337
3,5349956,95942
3,5349975,95631
3,5349984,95436
3,5350039,95437
3,5350057,92310
3,5350207,92708
3,5350207,92728
3,5350351,93625
3,5350605,93225
3,5350734,94536
3,5350734,94537
3,5350734,94538
3,5350734,94539
3,5350734,94555
3,5350821,95231
3,5350937,93650
3,5350937,93701
3,5350937,93702
3,5350937,93703
3,5350937,93704
3,5350937,93705
3,5350937,93706
3,5350937,93707
3,5350937,93708
3,5350937,93709
3,5350937,93710
3,5350937,93711
3,5350937,93712
3,5350937,93714
3,5350937,93715
3,5350937,93716
3,5350937,93717
3,5350937,93718
3,5350937,93720
3,5350937,93721
3,5350937,93722
3,5350937,93723
3,5350937,93724
3,5350937,93725
3,5350937,93726
3,5350937,93727
3,5350937,93728
3,5350937,93729
3,5350937,93730
3,5350937,93737
3,5350937,93740
3,5350937,93741
3,5350937,93744
3,5350937,93745
3,5350937,93747
3,5350937,93750
3,5350937,93755
3,5350937,93760
3,5350937,93761
3,5350937,93764
3,5350937,93765
3,5350937,93771
3,5350937,93772
3,5350937,93773
3,5350937,93774
3,5350937,93775
3,5350937,93776
3,5350937,93777
3,5350937,93778
3,5350937,93779
3,5350937,93786
3,5350937,93790
3,5350937,93791
3,5350937,93792
3,5350937,93793
3,5350937,93794
3,5350937,93844
3,5350937,93888
3,5351016,93626
3,5351247,92831
3,5351247,92832
3,5351247,92833
3,5351247,92834
3,5351247,92835
3,5351247,92836
3,5351247,92837
3,5351247,92838
3,5351265,95439
3,5351428,95632
3,5351515,92840
3,5351515,92841
3,5351515,92842
3,5351515,92843
3,5351515,92844
3,5351515,92845
3,5351515,92846
3,5351549,90247
3,5351549,90248
3,5351549,90249
3,5351983,95634
3,5352059,95441
3,5352214,95020
3,5352214,95021
3,5352376,95442
3,5352423,91201
3,5352423,91202
3,5352423,91203
3,5352423,91204
3,5352423,91205
3,5352423,91206
3,5352423,91207
3,5352423,91208
3,5352423,91209
3,5352423,91210
3,5352423,91221
3,5352423,91222
3,5352423,91225
3,5352423,91226
3,5352439,91740
3,5352439,91741
3,5352963,93116
3,5352963,93117
3,5352963,93118
3,5352963,93199
3,5352997,93926
3,5353181,93227
3,5353484,92313
3,5353530,95746
3,5353775,95945
3,5353775,95949
3,5353815,95444
3,5354172,93927
3,5354307,95948
3,5354546,95321
3,5354552,93433
3,5354552,93483
3,5354591,93434
3,5354655,95446
3,5354747,95322
3,5354819,91745
3,5354943,94019
3,5355074,95951
3,5355180,93230
3,5355180,93232
3,5355782,90716
3,5355828,90250
3,5355828,90251
3,5355933,94540
3,5355933,94541
3,5355933,94542
3,5355933,94543
3,5355933,94544
3,5355933,94545
3,5355933,94557
3,5356012,95448
3,5356096,92249
3,5356277,92543
3,5356277,92544
3,5356277,92545
3,5356277,92546
3,5356429,95638
3,5356451,94547
3,5356521,90254
3,5356576,92340
3,5356576,92344
3,5356576,92345
3,5356662,95323
3,5356767,95467
3,5356868,92346
3,5357499,95023
3,5357499,95024
3,5357598,92250
3,5357755,92548
3,5357990,95449
3,5358539,95326
3,5358705,92605
3,5358705,92615
3,5358705,92646
3,5358705,92647
3,5358705,92648
3,5358705,92649
3,5358736,90255
3,5358769,93234
3,5358901,92549
3,5359052,92251
3,5359054,91932
3,5359054,91933
3,5359128,93526
3,5359426,92210
3,5359446,92201
3,5359446,92202
3,5359446,92203
3,5359488,90301
3,5359488,90302
3,5359488,90303
3,5359488,90304
3,5359488,90305
3,5359488,90306
3,5359488,90307
3,5359488,90308
3,5359488,90309
3,5359488,90310
3,5359488,90311
3,5359488,90312
3,5359595,94937
3,5359623,93527
3,5359634,95640
3,5359777,92602
3,5359777,92603
3,5359777,92604
3,5359777,92606
3,5359777,92612
3,5359777,92614
3,5359777,92616
3,5359777,92617
3,5359777,92618
3,5359777,92619
3,5359777,92620
3,5359777,92623
3,5359777,92697
3,5359917,95641
3,5359959,93235
3,5360160,95642
3,5360382,95327
3,5360403,91935
3,5361298,92252
3,5361384,92036
3,5361454,93529
3,5362725,95451
3,5362864,94914
3,5362885,95452
3,5362909,93630
3,5362994,93238
3,5363042,93239
3,5363058,95328
3,5363208,93930
3,5363364,96143
3,5363429,93631
3,5363610,95645
3,5363616,94548
3,5363859,91011
3,5363859,91012
3,5363922,90631
3,5363922,90632
3,5363922,90633
3,5363933,94020
3,5363990,91941
3,5363990,91942
3,5363990,91943
3,5363990,91944
3,5364007,90637
3,5364007,90638
3,5364007,90639
3,5364022,90623
3,5364066,91744
3,5364066,91746
3,5364066,91747
3,5364066,91749
3,5364079,92247
3,5364079,92253
3,5364134,91750
3,5364199,92694
3,5364226,94549
3,5364275,92651
3,5364275,92652
3,5364306,92653
3,5364306,92654
3,5364329,92607
3,5364329,92677
3,5364369,92637
3,5364414,92352
3,5364499,92530
3,5364499,92531
3,5364499,92532
3,5364514,92630
3,5364549,93532
3,5364554,93240
3,5364753,95453
3,5364782,92040
3,5364855,90711
3,5364855,90712
3,5364855,90713
3,5364855,90714
3,5364855,90715
3,5364916,93241
3,5364940,93534
3,5364940,93535
3,5364940,93536
3,5364940,93539
3,5364940,93584
3,5364940,93586
3,5365113,94939
3,5365113,94977
3,5365425,95330
3,5365442,93242
3,5365603,90260
3,5365603,90261
3,5365660,95454
3,5365687,95333
3,5365741,93243
3,5365893,91945
3,5365893,91946
3,5365918,93245
3,5365918,93246
3,5366375,95648
3,5366582,95236
3,5366604,93247
3,5367308,93543
3,5367315,95953
3,5367427,95334
3,5367440,94550
3,5367440,94551
3,5367523,95237
3,5367565,95240
3,5367565,95241
3,5367565,95242
3,5367696,92350
3,5367696,92354
3,5367696,92357
3,5367767,90717
3,5367788,93436
3,5367788,93437
3,5367788,93438
3,5367846,93545
3,5367929,90801
3,5367929,90802
3,5367929,90803
3,5367929,90804
3,5367929,90805
3,5367929,90806
3,5367929,90807
3,5367929,90808
3,5367929,90809
3,5367929,90810
3,5367929,90813
3,5367929,90814
3,5367929,90815
3,5367929,90822
3,5367929,90831
3,5367929,90832
3,5367929,90833
3,5367929,90834
3,5367929,90835
3,5367929,90840
3,5367929,90842
3,5367929,90844
3,5367929,90846
3,5367929,90847
3,5367929,90848
3,5367929,90853
3,5367929,90899
3,5368233,95650
3,5368304,90720
3,5368304,90721
3,5368321,93440
3,5368335,94022
3,5368335,94023
3,5368335,94024
3,5368361,90001
3,5368361,90002
3,5368361,90003
3,5368361,90004
3,5368361,90005
3,5368361,90006
3,5368361,90007
3,5368361,90008
3,5368361,90009
3,5368361,90010
3,5368361,90011
3,5368361,90012
3,5368361,90013
3,5368361,90014
3,5368361,90015
3,5368361,90016
3,5368361,90017
3,5368361,90018
3,5368361,90019
3,5368361,90020
3,5368361,90021
3,5368361,90022
3,5368361,90023
3,5368361,90024
3,5368361,90025
3,5368361,90026
3,5368361,90027
3,5368361,90028
3,5368361,90029
3,5368361,90030
3,5368361,90031
3,5368361,90032
3,5368361,90033
3,5368361,90034
3,5368361,90035
3,5368361,90036
3,5368361,90037
3,5368361,90038
3,5368361,90039
3,5368361,90040
3,5368361,90041
3,5368361,90042
3,5368361,90043
3,5368361,90044
3,5368361,90045
3,5368361,90046
3,5368361,90047
3,5368361,90048
3,5368361,90049
3,5368361,90050
3,5368361,90051
3,5368361,90052
3,5368361,90053
3,5368361,90054
3,5368361,90055
3,5368361,90056
3,5368361,90057
3,5368361,90058
3,5368361,90059
3,5368361,90060
3,5368361,90061
3,5368361,90062
3,5368361,90063
3,5368361,90064
3,5368361,90065
3,5368361,90066
3,5368361,90067
3,5368361,90068
3,5368361,90070
3,5368361,90071
3,5368361,90072
3,5368361,90073
3,5368361,90074
3,5368361,90075
3,5368361,90076
3,5368361,90077
3,5368361,90078
3,5368361,90079
3,5368361,90080
3,5368361,90081
3,5368361,90082
3,5368361,90083
3,5368361,90084
3,5368361,90086
3,5368361,90087
3,5368361,90088
3,5368361,90089
3,5368361,90091
3,5368361,90093
3,5368361,90095
3,5368361,90096
3,5368361,90099
3,5368361,90134
3,5368361,90189
3,5368453,93635
3,5368518,95030
3,5368518,95031
3,5368518,95032
3,5368518,95033
3,5368559,93441
3,5368565,93402
3,5368565,93412
3,5368676,93249
3,5368980,95457
3,5369108,96118
3,5369144,95458
3,5369150,92356
3,5369367,90262
3,5369413,92358
3,5369568,93637
3,5369568,93638
3,5369568,93639
3,5369614,95653
3,5369690,95954
3,5369906,90263
3,5369906,90264
3,5369906,90265
3,5370006,93546
3,5370082,90266
3,5370082,90267
3,5370164,95336
3,5370164,95337
3,5370440,93252
3,5370493,93933
3,5370590,95338
3,5370868,94553
3,5370984,95901
3,5371159,95955
3,5371261,90270
3,5371905,95722
3,5371965,92254
3,5372153,95460
3,5372190,93640
3,5372205,92584
3,5372223,94025
3,5372223,94026
3,5372242,92359
3,5372253,95340
3,5372253,95341
3,5372253,95343
3,5372253,95344
3,5372253,95348
3,5372868,95345
3,5373121,94941
3,5373121,94942
3,5373129,94030
3,5373327,95035
3,5373327,95036
3,5373763,92690
3,5373763,92691
3,5373763,92692
3,5373900,95350
3,5373900,95351
3,5373900,95352
3,5373900,95353
3,5373900,95354
3,5373900,95355
3,5373900,95356
3,5373900,95357
3,5373900,95358
3,5373900,95397
3,5373965,93501
3,5373965,93502
3,5373997,95245
3,5374175,91016
3,5374175,91017
3,5374222,94037
3,5374232,91763
3,5374275,95462
3,5374322,90640
3,5374361,93940
3,5374361,93942
3,5374361,93943
3,5374361,93944
3,5374406,91754
3,5374406,91755
3,5374406,91756
3,5374648,93020
3,5374648,93021
3,5374671,94556
3,5374671,94570
3,5374671,94575
3,5374732,92551
3,5374732,92552
3,5374732,92553
3,5374732,92554
3,5374732,92555
3,5374732,92556
3,5374732,92557
3,5374764,95037
3,5374764,95038
3,5374871,92256
3,5374920,93442
3,5374920,93443
3,5375034,94038
3,5375187,95041
3,5375439,95246
3,5375480,94035
3,5375480,94039
3,5375480,94040
3,5375480,94041
3,5375480,94042
3,5375480,94043
3,5375883,95247
3,5375911,92562
3,5375911,92563
3,5375911,92564
3,5376095,94558
3,5376095,94559
3,5376095,94581
3,5376200,91950
3,5376200,91951
3,5376358,92363
3,5376502,95959
3,5376728,93254
3,5376803,94560
3,5376831,95658
3,5376870,95360
3,5376890,92658
3,5376890,92659
3,5376890,92660
3,5376890,92661
3,5376890,92662
3,5376890,92663
3,5376959,95464
3,5377032,92257
3,5377100,93444
3,5377199,92860
3,5377640,95660
3,5377995,90650
3,5377995,90651
3,5377995,90652
3,5378044,94945
3,5378044,94947
3,5378044,94948
3,5378044,94949
3,5378044,94998
3,5378087,92567
3,5378408,91377
3,5378481,93022
3,5378500,95361
3,5378529,93644
3,5378538,94601
3,5378538,94602
3,5378538,94603
3,5378538,94604
3,5378538,94605
3,5378538,94606
3,5378538,94607
3,5378538,94609
3,5378538,94610
3,5378538,94611
3,5378538,94612
3,5378538,94613
3,5378538,94614
3,5378538,94615
3,5378538,94617
3,5378538,94618
3,5378538,94619
3,5378538,94621
3,5378538,94622
3,5378538,94623
3,5378538,94624
3,5378538,94649
3,5378538,94659
3,5378538,94660
3,5378538,94661
3,5378538,94666
3,5378566,94561
3,5378692,95465
3,5378763,93445
3,5378763,93475
3,5378771,92049
3,5378771,92051
3,5378771,92052
3,5378771,92054
3,5378771,92056
3,5378771,92057
3,5378771,92058
3,5378880,93023
3,5378880,93024
3,5379264,95961
3,5379439,91758
3,5379439,91761
3,5379439,91762
3,5379439,91764
3,5379513,92856
3,5379513,92857
3,5379513,92859
3,5379513,92862
3,5379513,92863
3,5379513,92864
3,5379513,92865
3,5379513,92866
3,5379513,92867
3,5379513,92868
3,5379513,92869
3,5379533,93646
3,5379566,95662
3,5379678,94563
3,5379698,95963
3,5379755,93647
3,5379759,95965
3,5379759,95966
3,5380184,93030
3,5380184,93031
3,5380184,93032
3,5380184,93033
3,5380184,93034
3,5380184,93035
3,5380184,93036
3,5380420,94044
3,5380437,93950
3,5380571,95968
3,5380626,92211
3,5380626,92255
3,5380626,92260
3,5380626,92261
3,5380668,92262
3,5380668,92263
3,5380668,92264
3,5380698,93550
3,5380698,93551
3,5380698,93552
3,5380698,93590
3,5380698,93591
3,5380698,93599
3,5380748,94301
3,5380748,94302
3,5380748,94304
3,5380748,94306
3,5380748,94309
3,5381002,95967
3,5381002,95969
3,5381110,90723
3,5381325,93648
3,5381396,91101
3,5381396,91102
3,5381396,91103
3,5381396,91104
3,5381396,91105
3,5381396,91106
3,5381396,91107
3,5381396,91109
3,5381396,91110
3,5381396,91114
3,5381396,91115
3,5381396,91116
3,5381396,91117
3,5381396,91121
3,5381396,91123
3,5381396,91124
3,5381396,91125
3,5381396,91126
3,5381396,91129
3,5381396,91182
3,5381396,91184
3,5381396,91185
3,5381396,91188
3,5381396,91189
3,5381396,91199
3,5381438,93446
3,5381438,93447
3,5381515,95363
3,5381928,95946
3,5381932,94951
3,5382026,95663
3,5382146,92570
3,5382146,92571
3,5382146,92572
3,5382146,92599
3,5382215,94060
3,5382232,94952
3,5382232,94953
3,5382232,94954
3,5382232,94955
3,5382232,94975
3,5382232,94999
3,5382362,92329
3,5382362,92371
3,5382496,90660
3,5382496,90661
3,5382496,90662
3,5382514,94620
3,5382907,95665
3,5382989,93222
3,5383075,91962
3,5383187,94564
3,5383283,95666
3,5383413,93040
3,5383431,93448
3,5383431,93449
3,5383465,94565
3,5383518,93256
3,5383526,92372
3,5383527,92870
3,5383527,92871
3,5383559,95667
3,5383600,95365
3,5383720,94523
3,5383777,94566
3,5383777,94588
3,5383872,95669
3,5384018,94956
3,5384133,95726
3,5384170,91766
3,5384170,91767
3,5384170,91768
3,5384170,91769
3,5384339,93041
3,5384339,93044
3,5384438,96122
3,5384471,93257
3,5384471,93258
3,5384478,94028
3,5384602,91963
3,5384662,95469
3,5384690,92064
3,5384690,92074
3,5385487,95971
3,5385793,92065
3,5385941,95670
3,5385941,95741
3,5385941,95742
3,5385955,91701
3,5385955,91729
3,5385955,91730
3,5385955,91737
3,5385955,91739
3,5386015,92270
3,5386035,90275
3,5386073,92067
3,5386073,92091
3,5386082,92688
3,5386754,92373
3,5386754,92374
3,5386754,92375
3,5386785,90277
3,5386785,90278
3,5386834,94061
3,5386834,94062
3,5386834,94063
3,5386834,94064
3,5386834,94065
3,5386943,95470
3,5386984,93654
3,5387288,92376
3,5387288,92377
3,5387411,93261
3,5387428,94801
3,5387428,94802
3,5387428,94804
3,5387428,94805
3,5387428,94807
3,5387428,94808
3,5387428,94850
3,5387494,93555
3,5387494,93556
3,5387687,95673
3,5387749,95366
3,5387844,95367
3,5387854,93656
3,5387877,92501
3,5387877,92502
3,5387877,92503
3,5387877,92504
3,5387877,92505
3,5387877,92506
3,5387877,92507
3,5387877,92508
3,5387877,92509
3,5387877,92513
3,5387877,92514
3,5387877,92515
3,5387877,92516
3,5387877,92517
3,5387877,92519
3,5387877,92521
3,5387877,92522
3,5388319,95677
3,5388319,95765
3,5388467,94572
3,5388564,94926
3,5388564,94927
3,5388564,94928
3,5388735,93560
3,5388867,91770
3,5388867,91771
3,5388867,91772
3,5388881,95661
3,5388881,95678
3,5388881,95747
3,5388907,94957
3,5388995,95975
3,5389126,91748
3,5389288,92382
3,5389489,94203
3,5389489,94204
3,5389489,94205
3,5389489,94206
3,5389489,94207
3,5389489,94208
3,5389489,94209
3,5389489,94211
3,5389489,94229
3,5389489,94230
3,5389489,94232
3,5389489,94234
3,5389489,94235
3,5389489,94236
3,5389489,94237
3,5389489,94239
3,5389489,94240
3,5389489,94244
3,5389489,94245
3,5389489,94247
3,5389489,94248
3,5389489,94249
3,5389489,94250
3,5389489,94252
3,5389489,94254
3,5389489,94256
3,5389489,94257
3,5389489,94258
3,5389489,94259
3,5389489,94261
3,5389489,94262
3,5389489,94263
3,5389489,94267
3,5389489,94268
3,5389489,94269
3,5389489,94271
3,5389489,94273
3,5389489,94274
3,5389489,94277
3,5389489,94278
3,5389489,94279
3,5389489,94280
3,5389489,94282
3,5389489,94283
3,5389489,94284
3,5389489,94285
3,5389489,94286
3,5389489,94287
3,5389489,94288
3,5389489,94289
3,5389489,94290
3,5389489,94291
3,5389489,94293
3,5389489,94294
3,5389489,94295
3,5389489,94296
3,5389489,94297
3,5389489,94298
3,5389489,94299
3,5389489,95811
3,5389489,95812
3,5389489,95813
3,5389489,95814
3,5389489,95815
3,5389489,95816
3,5389489,95817
3,5389489,95818
3,5389489,95819
3,5389489,95820
3,5389489,95821
3,5389489,95822
3,5389489,95823
3,5389489,95824
3,5389489,95825
3,5389489,95826
3,5389489,95827
3,5389489,95828
3,5389489,95829
3,5389489,95830
3,5389489,95831
3,5389489,95832
3,5389489,95833
3,5389489,95834
3,5389489,95835
3,5389489,95836
3,5389489,95837
3,5389489,95838
3,5389489,95840
3,5389489,95841
3,5389489,95842
3,5389489,95851
3,5389489,95852
3,5389489,95853
3,5389489,95860
3,5389489,95864
3,5389489,95865
3,5389489,95866
3,5389489,95867
3,5389489,95894
3,5389489,95899
3,5390267,94574
3,5391291,95368
3,5391295,93901
3,5391295,93902
3,5391295,93905
3,5391295,93906
3,5391295,93907
3,5391295,93908
3,5391295,93912
3,5391295,93915
3,5391503,92275
3,5391597,95249
3,5391615,94960
3,5391615,94979
3,5391678,93450
3,5391710,92401
3,5391710,92402
3,5391710,92403
3,5391710,92404
3,5391710,92405
3,5391710,92406
3,5391710,92407
3,5391710,92408
3,5391710,92410
3,5391710,92411
3,5391710,92413
3,5391710,92415
3,5391710,92418
3,5391710,92423
3,5391710,92427
3,5391749,94066
3,5391760,94070
3,5391791,92672
3,5391791,92673
3,5391791,92674
3,5391811,92101
3,5391811,92102
3,5391811,92103
3,5391811,92104
3,5391811,92105
3,5391811,92106
3,5391811,92107
3,5391811,92108
3,5391811,92109
3,5391811,92110
3,5391811,92111
3,5391811,92112
3,5391811,92113
3,5391811,92114
3,5391811,92115
3,5391811,92116
3,5391811,92117
3,5391811,92119
3,5391811,92120
3,5391811,92121
3,5391811,92122
3,5391811,92123
3,5391811,92124
3,5391811,92126
3,5391811,92127
3,5391811,92128
3,5391811,92129
3,5391811,92130
3,5391811,92131
3,5391811,92132
3,5391811,92134
3,5391811,92135
3,5391811,92136
3,5391811,92137
3,5391811,92138
3,5391811,92139
3,5391811,92140
3,5391811,92142
3,5391811,92145
3,5391811,92147
3,5391811,92149
3,5391811,92150
3,5391811,92152
3,5391811,92153
3,5391811,92154
3,5391811,92155
3,5391811,92158
3,5391811,92159
3,5391811,92160
3,5391811,92161
3,5391811,92163
3,5391811,92165
3,5391811,92166
3,5391811,92167
3,5391811,92168
3,5391811,92169
3,5391811,92170
3,5391811,92171
3,5391811,92172
3,5391811,92174
3,5391811,92175
3,5391811,92176
3,5391811,92177
3,5391811,92179
3,5391811,92182
3,5391811,92186
3,5391811,92187
3,5391811,92190
3,5391811,92191
3,5391811,92192
3,5391811,92193
3,5391811,92195
3,5391811,92196
3,5391811,92197
3,5391811,92198
3,5391811,92199
3,5391891,91773
3,5391959,94102
3,5391959,94103
3,5391959,94104
3,5391959,94105
3,5391959,94107
3,5391959,94108
3,5391959,94109
3,5391959,94110
3,5391959,94111
3,5391959,94112
3,5391959,94114
3,5391959,94115
3,5391959,94116
3,5391959,94117
3,5391959,94118
3,5391959,94119
3,5391959,94120
3,5391959,94121
3,5391959,94122
3,5391959,94123
3,5391959,94124
3,5391959,94125
3,5391959,94126
3,5391959,94127
3,5391959,94129
3,5391959,94130
3,5391959,94131
3,5391959,94132
3,5391959,94133
3,5391959,94134
3,5391959,94137
3,5391959,94139
3,5391959,94140
3,5391959,94141
3,5391959,94142
3,5391959,94143
3,5391959,94144
3,5391959,94145
3,5391959,94146
3,5391959,94147
3,5391959,94151
3,5391959,94158
3,5391959,94159
3,5391959,94160
3,5391959,94161
3,5391959,94163
3,5391959,94164
3,5391959,94172
3,5391959,94177
3,5391959,94188
3,5392034,91775
3,5392034,91776
3,5392034,91778
3,5392090,92581
3,5392090,92582
3,5392090,92583
3,5392114,93660
3,5392171,95025
3,5392171,95101
3,5392171,95103
3,5392171,95106
3,5392171,95108
3,5392171,95109
3,5392171,95110
3,5392171,95111
3,5392171,95112
3,5392171,95113
3,5392171,95115
3,5392171,95116
3,5392171,95117
3,5392171,95118
3,5392171,95119
3,5392171,95120
3,5392171,95121
3,5392171,95122
3,5392171,95123
3,5392171,95124
3,5392171,95125
3,5392171,95126
3,5392171,95127
3,5392171,95128
3,5392171,95129
3,5392171,95130
3,5392171,95131
3,5392171,95132
3,5392171,95133
3,5392171,95134
3,5392171,95135
3,5392171,95136
3,5392171,95138
3,5392171,95139
3,5392171,95141
3,5392171,95148
3,5392171,95150
3,5392171,95151
3,5392171,95152
3,5392171,95153
3,5392171,95154
3,5392171,95155
3,5392171,95156
3,5392171,95157
3,5392171,95158
3,5392171,95159
3,5392171,95160
3,5392171,95161
3,5392171,95164
3,5392171,95170
3,5392171,95172
3,5392171,95173
3,5392171,95190
3,5392171,95191
3,5392171,95192
3,5392171,95193
3,5392171,95194
3,5392171,95196
3,5392215,95045
3,5392229,92675
3,5392229,92693
3,5392263,94577
3,5392263,94578
3,5392263,94579
3,5392281,94580
3,5392323,93401
3,5392323,93403
3,5392323,93405
3,5392323,93406
3,5392323,93407
3,5392323,93408
3,5392323,93409
3,5392323,93410
3,5392368,92069
3,5392368,92078
3,5392368,92079
3,5392368,92096
3,5392400,91108
3,5392400,91118
3,5392408,95046
3,5392423,94401
3,5392423,94402
3,5392423,94403
3,5392423,94404
3,5392423,94497
3,5392448,93451
3,5392508,94806
3,5392567,94901
3,5392567,94903
3,5392567,94912
3,5392567,94913
3,5392567,94915
3,5392593,94582
3,5392593,94583
3,5392868,93657
3,5392900,92701
3,5392900,92702
3,5392900,92703
3,5392900,92704
3,5392900,92705
3,5392900,92706
3,5392900,92707
3,5392900,92711
3,5392900,92712
3,5392900,92735
3,5392900,92799
3,5392952,93101
3,5392952,93102
3,5392952,93103
3,5392952,93105
3,5392952,93106
3,5392952,93107
3,5392952,93108
3,5392952,93109
3,5392952,93110
3,5392952,93111
3,5392952,93120
3,5392952,93121
3,5392952,93130
3,5392952,93140
3,5392952,93150
3,5392952,93160
3,5392952,93190
3,5393015,95050
3,5393015,95051
3,5393015,95052
3,5393015,95053
3,5393015,95054
3,5393015,95055
3,5393015,95056
3,5393049,91350
3,5393049,91380
3,5393049,91382
3,5393049,91383
3,5393049,91390
3,5393052,95060
3,5393052,95061
3,5393052,95062
3,5393052,95063
3,5393052,95064
3,5393052,95065
3,5393128,90670
3,5393128,90671
3,5393154,93453
3,5393180,93454
3,5393180,93455
3,5393180,93456
3,5393180,93457
3,5393180,93458
3,5393212,90401
3,5393212,90402
3,5393212,90403
3,5393212,90404
3,5393212,90405
3,5393212,90406
3,5393212,90407
3,5393212,90408
3,5393212,90409
3,5393212,90410
3,5393212,90411
3,5393245,93060
3,5393245,93061
3,5393287,95401
3,5393287,95402
3,5393287,95403
3,5393287,95404
3,5393287,95405
3,5393287,95406
3,5393287,95407
3,5393287,95409
3,5393388,93460
3,5393429,92071
3,5393429,92072
3,5393485,95070
3,5393485,95071
3,5393611,94965
3,5393611,94966
3,5393971,95066
3,5393971,95067
3,5394086,90740
3,5394136,93955
3,5394165,95472
3,5394165,95473
3,5394279,92273
3,5394329,93662
3,5394842,93263
3,5394892,93461
3,5394970,93664
3,5395351,95682
3,5395622,91024
3,5395622,91025
3,5395754,90755
3,5396003,93062
3,5396003,93063
3,5396003,93065
3,5396003,93094
3,5396003,93099
3,5396974,92075
3,5397018,93960
3,5397059,93463
3,5397059,93464
3,5397095,95476
3,5397108,95684
3,5397165,95370
3,5397166,95073
3,5397227,95372
3,5397374,93665
3,5397376,91733
3,5397603,90280
3,5397664,96150
3,5397664,96151
3,5397664,96152
3,5397664,96154
3,5397664,96155
3,5397664,96156
3,5397664,96157
3,5397664,96158
3,5397717,91030
3,5397717,91031
3,5397765,94080
3,5397765,94083
3,5398166,93962
3,5398277,91976
3,5398277,91977
3,5398277,91978
3,5398277,91979
3,5398318,93265
3,5398563,94305
3,5398630,90680
3,5398988,94970
3,5399020,95201
3,5399020,95202
3,5399020,95203
3,5399020,95204
3,5399020,95205
3,5399020,95206
3,5399020,95207
3,5399020,95208
3,5399020,95209
3,5399020,95210
3,5399020,95211
3,5399020,95212
3,5399020,95213
3,5399020,95214
3,5399020,95215
3,5399020,95219
3,5399020,95267
3,5399020,95269
3,5399020,95296
3,5399020,95297
3,5399292,93266
3,5399305,93267
3,5399786,93067
3,5399792,93666
3,5400075,94085
3,5400075,94086
3,5400075,94087
3,5400075,94088
3,5400075,94089
3,5400093,94586
3,5400376,95982
3,5400400,95685
3,5400877,93268
3,5400943,96148
3,5400996,95481
3,5401297,93561
3,5401297,93581
3,5401395,92589
3,5401395,92590
3,5401395,92591
3,5401395,92592
3,5401395,92593
3,5401469,91780
3,5401516,93465
3,5401670,93270
3,5402152,92274
3,5402388,95686
3,5402405,91358
3,5402405,91360
3,5402405,91362
3,5402415,92276
3,5402740,93272
3,5402961,90290
3,5403022,90501
3,5403022,90502
3,5403022,90503
3,5403022,90504
3,5403022,90505
3,5403022,90506
3,5403022,90507
3,5403022,90508
3,5403022,90509
3,5403022,90510
3,5403172,92678
3,5403172,92679
3,5403191,95304
3,5403191,95376
3,5403191,95377
3,5403191,95378
3,5403191,95391
3,5403269,93668
3,5403297,93673
3,5403676,96160
3,5403676,96161
3,5403676,96162
3,5403783,93274
3,5403783,93275
3,5404024,95380
3,5404024,95381
3,5404024,95382
3,5404119,92780
3,5404119,92781
3,5404119,92782
3,5404141,95383
3,5404198,92277
3,5404198,92278
3,5404476,95482
3,5404555,94587
3,5404915,91784
3,5404915,91785
3,5404915,91786
3,5405038,95485
3,5405228,95687
3,5405228,95688
3,5405228,95696
3,5405288,91354
3,5405288,91355
3,5405288,91385
3,5405380,94589
3,5405380,94590
3,5405380,94591
3,5405380,94592
3,5405430,92082
3,5405554,95252
3,5405878,93001
3,5405878,93002
3,5405878,93003
3,5405878,93004
3,5405878,93005
3,5405878,93006
3,5405878,93007
3,5405878,93009
3,5406222,92392
3,5406222,92393
3,5406222,92394
3,5406222,92395
3,5406337,92861
3,5406567,93277
3,5406567,93278
3,5406567,93279
3,5406567,93290
3,5406567,93291
3,5406567,93292
3,5406602,92081
3,5406602,92083
3,5406602,92084
3,5406602,92085
3,5406976,91788
3,5406976,91789
3,5406990,94595
3,5406990,94596
3,5406990,94597
3,5406990,94598
3,5407004,95690
3,5407463,95386
3,5407529,95076
3,5407529,95077
3,5407744,93283
3,5407933,91790
3,5407933,91791
3,5407933,91792
3,5407933,91793
3,5408168,95255
3,5408211,95605
3,5408211,95691
3,5408211,95798
3,5408211,95799
3,5408400,95387
3,5408406,92683
3,5408406,92684
3,5408406,92685
3,5408445,92281
3,5408617,95692
3,5409059,90601
3,5409059,90602
3,5409059,90603
3,5409059,90604
3,5409059,90605
3,5409059,90606
3,5409059,90607
3,5409059,90608
3,5409059,90609
3,5409059,90610
3,5409260,92595
3,5409417,95987
3,5409500,95490
3,5409777,95988
3,5409941,95693
3,5409959,92596
3,5410004,95492
3,5410125,95694
3,5410144,95388
3,5410227,93285
3,5410338,94973
3,5410350,95258
3,5410416,93286
3,5410430,95695
3,5410430,95776
3,5410682,92397
3,5410851,92398
3,5410902,92885
3,5410902,92886
3,5410902,92887
3,5410999,94599
3,5411015,95991
3,5411015,95992
3,5411015,95993
3,5411046,92399
3,5411079,92284
3,5411079,92286
3,5411479,81101
3,5411479,81102
3,5411988,81120
3,5412199,80001
3,5412199,80002
3,5412199,80003
3,5412199,80004
3,5412199,80005
3,5412199,80006
3,5412199,80007
3,5412230,81611
3,5412230,81612
3,5412347,80011
3,5412347,80019
3,5412347,80040
3,5412347,80042
3,5412347,80045
3,5412396,81620
3,5412400,81022
3,5412500,80421
3,5412822,81621
3,5412887,81636
3,5412939,81122
3,5413465,80102
3,5414872,80424
3,5414941,80601
3,5414941,80602
3,5414941,80603
3,5415035,80023
3,5415306,81211
3,5415502,80807
3,5415685,80103
3,5415826,80808
3,5416005,81212
3,5416005,81215
3,5416113,81623
3,5416329,80104
3,5416329,80108
3,5416329,80109
3,5416516,81413
3,5416565,81125
3,5416606,80427
3,5416855,80810
3,5417258,81520
3,5417522,81624
3,5417561,81019
3,5417598,80901
3,5417598,80902
3,5417598,80903
3,5417598,80904
3,5417598,80905
3,5417598,80906
3,5417598,80907
3,5417598,80908
3,5417598,80909
3,5417598,80910
3,5417598,80911
3,5417598,80912
3,5417598,80913
3,5417598,80914
3,5417598,80915
3,5417598,80916
3,5417598,80917
3,5417598,80918
3,5417598,80919
3,5417598,80920
3,5417598,80921
3,5417598,80922
3,5417598,80923
3,5417598,80924
3,5417598,80925
3,5417598,80926
3,5417598,80927
3,5417598,80928
3,5417598,80929
3,5417598,80930
3,5417598,80931
3,5417598,80932
3,5417598,80933
3,5417598,80934
3,5417598,80935
3,5417598,80936
3,5417598,80937
3,5417598,80938
3,5417598,80939
3,5417598,80941
3,5417598,80942
3,5417598,80944
3,5417598,80946
3,5417598,80947
3,5417598,80949
3,5417598,80950
3,5417598,80951
3,5417598,80960
3,5417598,80962
3,5417598,80970
3,5417598,80977
3,5417598,80995
3,5417598,80997
3,5417737,80022
3,5417737,80037
3,5417805,81129
3,5418104,81321
3,5418493,81130
3,5418523,81224
3,5418523,81225
3,5418552,80813
3,5419289,80105
3,5419302,81132
3,5419334,81416
3,5419384,80201
3,5419384,80202
3,5419384,80203
3,5419384,80204
3,5419384,80205
3,5419384,80206
3,5419384,80207
3,5419384,80208
3,5419384,80209
3,5419384,80210
3,5419384,80211
3,5419384,80212
3,5419384,80216
3,5419384,80217
3,5419384,80218
3,5419384,80219
3,5419384,80220
3,5419384,80222
3,5419384,80223
3,5419384,80224
3,5419384,80227
3,5419384,80230
3,5419384,80231
3,5419384,80235
3,5419384,80236
3,5419384,80237
3,5419384,80238
3,5419384,80239
3,5419384,80243
3,5419384,80244
3,5419384,80246
3,5419384,80247
3,5419384,80248
3,5419384,80249
3,5419384,80250
3,5419384,80251
3,5419384,80252
3,5419384,80256
3,5419384,80257
3,5419384,80259
3,5419384,80261
3,5419384,80262
3,5419384,80263
3,5419384,80264
3,5419384,80265
3,5419384,80266
3,5419384,80271
3,5419384,80273
3,5419384,80274
3,5419384,80281
3,5419384,80290
3,5419384,80291
3,5419384,80293
3,5419384,80294
3,5419384,80299
3,5419606,80435
3,5419755,81323
3,5419913,81324
3,5420241,81301
3,5420241,81302
3,5420241,81303
3,5420323,81036
3,5420328,81631
3,5420885,81632
3,5420964,80025
3,5421001,80107
3,5421250,80110
3,5421250,80111
3,5421250,80112
3,5421250,80113
3,5421250,80150
3,5421250,80151
3,5421250,80155
3,5421418,80437
3,5421418,80439
3,5421506,80440
3,5421941,80815
3,5422018,81226
3,5422018,81290
3,5422191,80817
3,5422254,81039
3,5422376,80442
3,5422503,80443
3,5422534,81521
3,5422889,80444
3,5423092,81601
3,5423092,81602
3,5423294,80401
3,5423294,80402
3,5423294,80403
3,5423294,80419
3,5423573,81501
3,5423573,81502
3,5423573,81503
3,5423573,81504
3,5423573,81505
3,5423573,81506
3,5423573,81507
3,5424099,81230
3,5424099,81231
3,5424152,81637
3,5425247,81047
3,5425619,81419
3,5425680,81233
3,5425757,80821
3,5425911,80452
3,5425934,81137
3,5426044,80454
3,5427408,80117
3,5427540,80457
3,5427698,81140
3,5427705,81050
3,5427734,81055
3,5427771,80026
3,5427796,81235
3,5427957,81052
3,5428055,81054
3,5428184,80461
3,5428504,80826
3,5428504,80828
3,5429032,80120
3,5429032,80121
3,5429032,80122
3,5429032,80160
3,5429032,80161
3,5429032,80165
3,5429032,80166
3,5429120,81524
3,5429522,80027
3,5429969,81141
3,5429982,81328
3,5430023,80829
3,5431423,81645
3,5431661,81144
3,5431710,81401
3,5431710,81402
3,5431710,81403
3,5431740,80132
3,5432368,81422
3,5432410,80466
3,5432549,81647
3,5433140,81423
3,5433165,81424
3,5433349,81425
3,5433564,81063
3,5433676,81427
3,5433784,81147
3,5433784,81157
3,5433806,81526
3,5433828,80133
3,5433904,81635
3,5434006,80134
3,5434006,80138
3,5434318,81240
3,5435047,81242
3,5435464,81001
3,5435464,81002
3,5435464,81003
3,5435464,81004
3,5435464,81005
3,5435464,81006
3,5435464,81007
3,5435464,81008
3,5435464,81009
3,5435464,81010
3,5435464,81011
3,5435464,81012
3,5436353,81432
3,5436363,81650
3,5436808,81067
3,5437349,81149
3,5437555,81201
3,5437682,81152
3,5437819,81151
3,5438708,81652
3,5438878,80497
3,5438878,80498
3,5438881,81433
3,5438888,80835
3,5439284,81615
3,5440032,81073
3,5440516,80136
3,5440525,80836
3,5440958,81077
3,5441199,81435
3,5441492,80241
3,5441792,81334
3,5442007,81082
3,5442727,81657
3,5442727,81658
3,5443206,81089
3,5443210,81090
3,5443889,81252
3,5443910,80030
3,5443910,80031
3,5443910,80035
3,5443910,80036
3,5443948,80033
3,5443948,80034
3,5444579,80482
3,5444689,80863
3,5444689,80866
3,5444997,67730
3,5445194,67701
3,5445270,67838
3,5445298,67801
3,5445338,67950
3,5445419,67844
3,5445439,67846
3,5445479,67735
3,5445487,67736
3,5445612,67851
3,5445627,67740
3,5445636,67951
3,5445688,67855
3,5445780,67860
3,5445813,67861
3,5445820,67901
3,5445820,67905
3,5445952,67864
3,5445989,67865
3,5446098,67749
3,5446185,67869
3,5446259,67752
3,5446345,67756
3,5446410,67870
3,5446450,67871
3,5446453,67758
3,5446613,67878
3,5446617,67877
3,5446643,67879
3,5446683,67880
3,5454627,88310
3,5454627,88311
3,5454711,87101
3,5454711,87102
3,5454711,87103
3,5454711,87104
3,5454711,87105
3,5454711,87106
3,5454711,87107
3,5454711,87108
3,5454711,87109
3,5454711,87110
3,5454711,87111
3,5454711,87112
3,5454711,87113
3,5454711,87114
3,5454711,87115
3,5454711,87116
3,5454711,87119
3,5454711,87120
3,5454711,87121
3,5454711,87122
3,5454711,87123
3,5454711,87125
3,5454711,87131
3,5454711,87151
3,5454711,87153
3,5454711,87154
3,5454711,87158
3,5454711,87176
3,5454711,87181
3,5454711,87184
3,5454711,87185
3,5454711,87187
3,5454711,87190
3,5454711,87191
3,5454711,87192
3,5454711,87193
3,5454711,87194
3,5454711,87195
3,5454711,87196
3,5454711,87197
3,5454711,87198
3,5454711,87199
3,5454807,87001
3,5455214,87710
3,5455381,88021
3,5455650,88022
3,5455775,87514
3,5455796,88210
3,5455796,88211
3,5456049,87410
3,5456682,88023
3,5456975,87002
3,5457146,88024
3,5457198,87004
3,5458067,87413
3,5458548,87068
3,5460322,88316
3,5460459,88220
3,5460459,88221
3,5460567,88301
3,5460905,87008
3,5461240,87520
3,5461255,88027
3,5461645,87522
3,5461879,87311
3,5462076,87714
3,5462269,88415
3,5462377,88317
3,5462393,88101
3,5462393,88102
3,5462489,87083
3,5462683,88029
3,5463237,87048
3,5463890,87313
3,5464806,88030
3,5464806,88031
3,5464936,88230
3,5465133,87527
3,5465262,88032
3,5465650,87528
3,5466336,87015
3,5466535,87530
3,5466605,87935
3,5467024,87532
3,5467024,87533
3,5467102,87016
3,5467187,88231
3,5467227,88033
3,5467328,87401
3,5467328,87402
3,5467328,87499
3,5467905,87415
3,5468133,88119
3,5468773,87301
3,5468773,87302
3,5468773,87305
3,5469841,87020
3,5470519,88232
3,5470850,87937
3,5471232,87537
3,5471578,88240
3,5471578,88241
3,5471578,88242
3,5471578,88244
3,5472433,88043
3,5473083,88252
3,5473163,87023
3,5473297,87024
3,5474539,87417
3,5474895,88337
3,5474922,88044
3,5474950,87418
3,5475044,87026
3,5475352,88001
3,5475352,88003
3,5475352,88004
3,5475352,88005
3,5475352,88006
3,5475352,88007
3,5475352,88011
3,5475352,88012
3,5475352,88013
3,5475433,87701
3,5476526,88426
3,5476799,88045
3,5476825,87544
3,5476825,87545
3,5476913,87031
3,5477080,88256
3,5477090,88260
3,5477673,87825
3,5478550,87032
3,5478771,88124
3,5478949,88340
3,5478971,88046
3,5479038,88048
3,5479418,87021
3,5479546,88049
3,5480181,87035
3,5480275,87733
3,5480395,87036
3,5480831,87328
3,5483680,87552
3,5483779,87041
3,5483803,87553
3,5483884,87042
3,5484613,87043
3,5484874,88130
3,5485658,87556
3,5486551,88054
3,5486761,87557
3,5486795,87740
3,5487396,87830
3,5487811,87124
3,5487811,87144
3,5488441,88201
3,5488441,88202
3,5488441,88203
3,5488598,88345
3,5488598,88355
3,5488600,88346
3,5489265,87941
3,5489804,88058
3,5489890,87051
3,5490223,88026
3,5490263,87501
3,5490263,87502
3,5490263,87503
3,5490263,87504
3,5490263,87505
3,5490263,87506
3,5490263,87507
3,5490263,87508
3,5490263,87509
3,5490263,87592
3,5490263,87594
3,5490338,88435
3,5490374,88008
3,5490385,87052
3,5491288,87420
3,5491487,88061
3,5491487,88062
3,5491999,87801
3,5492762,87747
3,5493403,88063
3,5493811,87571
3,5493846,88267
3,5494156,87574
3,5494197,88135
3,5494395,87323
3,5494507,87575
3,5494549,87059
3,5494714,87325
3,5494790,87060
3,5495238,87578
3,5495292,87901
3,5495360,88401
3,5495380,88352
3,5495766,88065
3,5496286,88072
3,5496554,87582
3,5497190,87421
3,5497876,87547
3,5499105,89001
3,5500539,89005
3,5500539,89006
3,5500947,89007
3,5501155,89008
3,5501344,89701
3,5501344,89702
3,5501344,89703
3,5501344,89706
3,5501344,89711
3,5501344,89712
3,5501344,89713
3,5501344,89714
3,5501344,89721
3,5502732,89403
3,5503694,89301
3,5503694,89315
3,5503804,89316
3,5503914,89406
3,5503914,89407
3,5503914,89496
3,5504003,89408
3,5504468,89410
3,5504468,89460
3,5504531,89411
3,5504812,89013
3,5505321,89415
3,5505411,89002
3,5505411,89009
3,5505411,89011
3,5505411,89012
3,5505411,89014
3,5505411,89015
3,5505411,89016
3,5505411,89044
3,5505411,89052
3,5505411,89053
3,5505411,89074
3,5505411,89077
3,5505963,89450
3,5505963,89451
3,5505963,89452
3,5506040,89018
3,5506040,89070
3,5506956,89101
3,5506956,89102
3,5506956,89103
3,5506956,89104
3,5506956,89105
3,5506956,89106
3,5506956,89107
3,5506956,89108
3,5506956,89109
3,5506956,89110
3,5506956,89111
3,5506956,89112
3,5506956,89113
3,5506956,89114
3,5506956,89115
3,5506956,89116
3,5506956,89117
3,5506956,89118
3,5506956,89119
3,5506956,89120
3,5506956,89121
3,5506956,89122
3,5506956,89123
3,5506956,89124
3,5506956,89125
3,5506956,89126
3,5506956,89127
3,5506956,89128
3,5506956,89129
3,5506956,89130
3,5506956,89131
3,5506956,89132
3,5506956,89133
3,5506956,89134
3,5506956,89135
3,5506956,89136
3,5506956,89137
3,5506956,89138
3,5506956,89139
3,5506956,89140
3,5506956,89141
3,5506956,89142
3,5506956,89143
3,5506956,89144
3,5506956,89145
3,5506956,89146
3,5506956,89147
3,5506956,89148
3,5506956,89149
3,5506956,89150
3,5506956,89151
3,5506956,89152
3,5506956,89153
3,5506956,89154
3,5506956,89155
3,5506956,89156
3,5506956,89157
3,5506956,89158
3,5506956,89159
3,5506956,89160
3,5506956,89161
3,5506956,89162
3,5506956,89164
3,5506956,89165
3,5506956,89166
3,5506956,89169
3,5506956,89170
3,5506956,89173
3,5506956,89177
3,5506956,89178
3,5506956,89179
3,5506956,89180
3,5506956,89183
3,5506956,89185
3,5506956,89193
3,5506956,89195
3,5506956,89199
3,5507016,89028
3,5507016,89029
3,5508180,89024
3,5508180,89027
3,5508180,89034
3,5508379,89423
3,5509403,89030
3,5509403,89031
3,5509403,89032
3,5509403,89033
3,5509403,89036
3,5509403,89081
3,5509403,89084
3,5509403,89085
3,5509403,89086
3,5509403,89087
3,5509851,89041
3,5509851,89048
3,5509851,89060
3,5509851,89061
3,5509909,89042
3,5510323,89043
3,5511077,89501
3,5511077,89502
3,5511077,89503
3,5511077,89504
3,5511077,89505
3,5511077,89506
3,5511077,89507
3,5511077,89508
3,5511077,89509
3,5511077,89510
3,5511077,89511
3,5511077,89512
3,5511077,89513
3,5511077,89515
3,5511077,89519
3,5511077,89520
3,5511077,89521
3,5511077,89523
3,5511077,89533
3,5511077,89555
3,5511077,89557
3,5511077,89570
3,5511077,89595
3,5511077,89599
3,5511928,89427
3,5511977,89046
3,5512373,89429
3,5512520,89430
3,5512862,89431
3,5512862,89432
3,5512862,89434
3,5512862,89435
3,5512862,89436
3,5512862,89437
3,5512862,89441
3,5512994,89449
3,5513307,89433
3,5513795,89049
3,5514359,89439
3,5514428,89440
3,5514479,89442
3,5515507,89447
3,5515553,89448
3,5515591,73932
3,5515613,73933
3,5515714,73938
3,5515734,73939
3,5515743,73942
3,5515773,73945
3,5515940,73949
3,5515949,73951
3,5516203,79830
3,5516203,79831
3,5516203,79832
3,5516233,79101
3,5516233,79102
3,5516233,79103
3,5516233,79104
3,5516233,79105
3,5516233,79106
3,5516233,79107
3,5516233,79108
3,5516233,79111
3,5516233,79116
3,5516233,79117
3,5516233,79120
3,5516233,79124
3,5516233,79159
3,5516233,79166
3,5516233,79168
3,5516233,79172
3,5516233,79174
3,5516233,79178
3,5516233,79185
3,5516233,79189
3,5516259,79312
3,5516288,79714
3,5516368,79821
3,5516487,79502
3,5516643,79718
3,5517030,76932
3,5517061,79720
3,5517061,79721
3,5517424,79005
3,5517469,79007
3,5517469,79008
3,5517500,79009
3,5517550,78832
3,5517649,76933
3,5517675,79316
3,5518011,79012
3,5518084,79013
3,5518199,78833
3,5518214,79014
3,5518232,79835
3,5518239,79015
3,5518239,79016
3,5518318,76934
3,5518692,79018
3,5518758,79201
3,5518860,76935
3,5519031,79226
3,5519055,79019
3,5519108,79836
3,5519127,79511
3,5519254,79512
3,5519648,79731
3,5519719,79322
3,5519862,79022
3,5520076,78840
3,5520076,78841
3,5520076,78842
3,5520076,78847
3,5520110,79323
3,5520196,79229
3,5520201,79027
3,5520552,79029
3,5520677,78852
3,5520677,78853
3,5520687,79031
3,5520993,79901
3,5520993,79902
3,5520993,79903
3,5520993,79904
3,5520993,79905
3,5520993,79906
3,5520993,79907
3,5520993,79908
3,5520993,79910
3,5520993,79911
3,5520993,79912
3,5520993,79913
3,5520993,79914
3,5520993,79915
3,5520993,79917
3,5520993,79920
3,5520993,79922
3,5520993,79923
3,5520993,79924
3,5520993,79925
3,5520993,79926
3,5520993,79927
3,5520993,79928
3,5520993,79929
3,5520993,79930
3,5520993,79931
3,5520993,79932
3,5520993,79934
3,5520993,79935
3,5520993,79936
3,5520993,79937
3,5520993,79938
3,5520993,79940
3,5520993,79941
3,5520993,79942
3,5520993,79943
3,5520993,79944
3,5520993,79945
3,5520993,79946
3,5520993,79947
3,5520993,79948
3,5520993,79949
3,5520993,79950
3,5520993,79951
3,5520993,79952
3,5520993,79953
3,5520993,79954
3,5520993,79955
3,5520993,79958
3,5520993,79960
3,5520993,79961
3,5520993,79968
3,5520993,79976
3,5520993,79978
3,5520993,79980
3,5520993,79990
3,5520993,79995
3,5520993,79996
3,5520993,79997
3,5520993,79998
3,5520993,79999
3,5520993,88510
3,5520993,88511
3,5520993,88512
3,5520993,88513
3,5520993,88514
3,5520993,88515
3,5520993,88517
3,5520993,88518
3,5520993,88519
3,5520993,88520
3,5520993,88521
3,5520993,88523
3,5520993,88524
3,5520993,88525
3,5520993,88526
3,5520993,88527
3,5520993,88528
3,5520993,88529
3,5520993,88530
3,5520993,88531
3,5520993,88532
3,5520993,88533
3,5520993,88534
3,5520993,88535
3,5520993,88536
3,5520993,88538
3,5520993,88539
3,5520993,88540
3,5520993,88541
3,5520993,88542
3,5520993,88543
3,5520993,88544
3,5520993,88545
3,5520993,88546
3,5520993,88547
3,5520993,88548
3,5520993,88549
3,5520993,88550
3,5520993,88553
3,5520993,88554
3,5520993,88555
3,5520993,88556
3,5520993,88557
3,5520993,88558
3,5520993,88559
3,5520993,88560
3,5520993,88561
3,5520993,88562
3,5520993,88563
3,5520993,88565
3,5520993,88566
3,5520993,88567
3,5520993,88568
3,5520993,88569
3,5520993,88570
3,5520993,88571
3,5520993,88572
3,5520993,88573
3,5520993,88574
3,5520993,88575
3,5520993,88576
3,5520993,88577
3,5520993,88578
3,5520993,88579
3,5520993,88580
3,5520993,88581
3,5520993,88582
3,5520993,88583
3,5520993,88584
3,5520993,88585
3,5520993,88586
3,5520993,88587
3,5520993,88588
3,5520993,88589
3,5520993,88590
3,5520993,88595
3,5521036,76936
3,5521233,79838
3,5521353,79325
3,5521646,79235
3,5521715,79734
3,5521724,79839
3,5521746,79735
3,5521905,79035
3,5521912,79036
3,5521972,79738
3,5522004,79739
3,5522019,79758
3,5522525,79039
3,5522580,79236
3,5522714,79041
3,5522811,79042
3,5522876,79043
3,5522885,79044
3,5523074,79045
3,5523659,79329
3,5523798,79744
3,5523963,79528
3,5524527,79745
3,5524641,79052
3,5524849,79331
3,5524979,79054
3,5525042,79336
3,5525042,79338
3,5525295,79339
3,5525346,79241
3,5525452,79532
3,5525455,79343
3,5525577,79401
3,5525577,79402
3,5525577,79403
3,5525577,79404
3,5525577,79406
3,5525577,79407
3,5525577,79408
3,5525577,79409
3,5525577,79410
3,5525577,79411
3,5525577,79412
3,5525577,79413
3,5525577,79414
3,5525577,79415
3,5525577,79416
3,5525577,79423
3,5525577,79424
3,5525577,79430
3,5525577,79452
3,5525577,79453
3,5525577,79457
3,5525577,79464
3,5525577,79490
3,5525577,79491
3,5525577,79493
3,5525577,79499
3,5525775,79843
3,5525856,79244
3,5526070,79057
3,5526107,79345
3,5526145,79245
3,5526156,79754
3,5526164,79536
3,5526174,76941
3,5526233,79059
3,5526337,79701
3,5526337,79702
3,5526337,79703
3,5526337,79704
3,5526337,79705
3,5526337,79706
3,5526337,79707
3,5526337,79708
3,5526337,79710
3,5526337,79711
3,5526337,79712
3,5526399,76861
3,5526514,79756
3,5526657,79346
3,5526805,79347
3,5526964,79350
3,5527554,79760
3,5527554,79761
3,5527554,79762
3,5527554,79763
3,5527554,79764
3,5527554,79765
3,5527554,79766
3,5527554,79768
3,5527554,79769
3,5527759,79064
3,5527870,76943
3,5527891,79248
3,5527953,79065
3,5527953,79066
3,5527980,79068
3,5528182,79772
3,5528274,79070
3,5528302,79250
3,5528440,79355
3,5528450,79072
3,5528450,79073
3,5528596,79356
3,5528669,79845
3,5528921,79778
3,5528928,79366
3,5529397,76945
3,5529438,79543
3,5529514,78880
3,5529571,79545
3,5529609,79546
3,5530022,76901
3,5530022,76902
3,5530022,76903
3,5530022,76904
3,5530022,76905
3,5530022,76906
3,5530022,76909
3,5530058,79849
3,5530210,79848
3,5530403,79359
3,5530452,79360
3,5530549,79363
3,5530555,79079
3,5530688,79851
3,5530728,79257
3,5530825,79364
3,5530921,79549
3,5530921,79550
3,5531255,76950
3,5531553,79081
3,5531683,79782
3,5531747,76951
3,5531793,79083
3,5531815,79084
3,5531850,79371
3,5531919,79372
3,5531929,79086
3,5531968,79556
3,5532037,79373
3,5532226,79087
3,5532423,79853
3,5532610,79088
3,5532924,79855
3,5532945,79092
3,5533240,79095
3,5533560,79096
3,5533571,79097
3,5533680,79788
3,5534053,79789
3,5534109,79382
3,5534441,84510
3,5534455,84711
3,5534620,84620
3,5534882,84713
3,5535484,84511
3,5536511,84513
3,5536630,84720
3,5536630,84721
3,5536743,84722
3,5536953,84723
3,5538080,84624
3,5538882,84724
3,5538927,84627
3,5538929,84725
3,5538942,84726
3,5538969,84628
3,5539005,84629
3,5539059,84523
3,5539097,84631
3,5539372,84632
3,5539726,84633
3,5539937,84525
3,5540026,84634
3,5540351,84526
3,5540444,84784
3,5540460,84635
3,5540810,84528
3,5540831,84737
3,5541061,84738
3,5541403,84740
3,5541458,84741
3,5541871,84746
3,5541966,84639
3,5542323,84747
3,5542758,84642
3,5542893,84643
3,5543146,84751
3,5543268,84752
3,5543307,84532
3,5543360,84754
3,5543377,84535
3,5543462,84646
3,5543514,84647
3,5543853,84648
3,5544228,84649
3,5544402,84537
3,5544411,84758
3,5544525,84759
3,5544575,84760
3,5544619,84761
3,5545269,84501
3,5545640,84652
3,5545710,84701
3,5546220,84770
3,5546220,84771
3,5546220,84790
3,5546220,84791
3,5546253,84654
3,5546441,84765
3,5546452,84655
3,5547460,84662
3,5547516,84767
3,5548621,84774
3,5548718,84776
3,5549106,84779
3,5549222,84780
3,5549349,84542
3,5550161,85336
3,5550352,95681
3,5550366,93271
3,5550368,93280
3,5550409,81428
3,5550452,67835
3,5550492,87013
3,5550561,89003
3,5550611,79313
3,5550634,79040
3,5550669,79357
3,5550683,79370
3,5550722,84622
3,5550954,85320
3,5550996,85321
3,5551535,85117
3,5551535,85119
3,5551535,85120
3,5551535,85178
3,5551646,85601
3,5551665,85123
3,5552241,67867
3,5552301,85323
3,5552301,85392
3,5552575,86321
3,5553284,85602
3,5553755,80758
3,5553955,83858
3,5554072,99801
3,5554072,99802
3,5554072,99803
3,5554072,99811
3,5554072,99812
3,5554072,99850
3,5554194,99830
3,5554419,58621
3,5554428,99901
3,5554428,99950
3,5554477,58579
3,5554566,99925
3,5554955,97885
3,5555097,84653
3,5555129,84339
3,5555695,99926
3,5556338,99833
3,5557293,99835
3,5557317,99840
3,5558586,99929
3,5558829,96101
3,5558857,96007
3,5558953,95518
3,5558953,95521
3,5559320,95524
3,5559575,96008
3,5560020,95525
3,5560655,96013
3,5561173,96104
3,5561279,96020
3,5561894,96022
3,5562087,95531
3,5562087,95532
3,5562199,95534
3,5562772,96023
3,5562799,96024
3,5562818,96109
3,5562961,96025
3,5563382,96027
3,5563397,95501
3,5563397,95502
3,5563397,95503
3,5563484,96028
3,5563573,95536
3,5563819,95538
3,5563826,96032
3,5563839,95540
3,5564067,95542
3,5564098,95543
3,5564132,96035
3,5564488,95947
3,5564730,96039
3,5564893,96041
3,5565589,95547
3,5565862,96114
3,5566060,96048
3,5566342,95548
3,5566668,96052
3,5567069,95551
3,5567220,96055
3,5567687,96057
3,5567770,95519
3,5568071,96062
3,5568092,95553
3,5568152,96064
3,5568295,96067
3,5569157,96073
3,5570065,96080
3,5570160,96001
3,5570160,96002
3,5570160,96003
3,5570160,96049
3,5570160,96099
3,5570171,95560
3,5570299,95562
3,5570950,95565
3,5571092,96087
3,5571109,96019
3,5571109,96079
3,5571109,96089
3,5571232,96088
3,5571553,95567
3,5572400,96127
3,5572400,96130
3,5572979,96134
3,5573443,96093
3,5573449,96094
3,5573576,96137
3,5573817,95573
3,5574093,96097
3,5574199,80720
3,5574257,80510
3,5574410,80610
3,5574704,80513
3,5574991,80301
3,5574991,80302
3,5574991,80303
3,5574991,80304
3,5574991,80305
3,5574991,80306
3,5574991,80307
3,5574991,80308
3,5574991,80309
3,5574991,80310
3,5574991,80314
3,5575194,80723
3,5576064,81625
3,5576064,81626
3,5576177,80514
3,5576690,80615
3,5576882,80511
3,5576882,80517
3,5576909,80620
3,5577008,80520
3,5577147,80521
3,5577147,80522
3,5577147,80523
3,5577147,80524
3,5577147,80525
3,5577147,80526
3,5577147,80527
3,5577147,80528
3,5577147,80553
3,5577153,80621
3,5577158,80701
3,5577217,80530
3,5577350,80623
3,5577516,80446
3,5577592,80631
3,5577592,80632
3,5577592,80633
3,5577592,80634
3,5577592,80638
3,5577592,80639
3,5577851,80731
3,5577864,81639
3,5578099,80734
3,5578171,80451
3,5578235,80642
3,5578536,80534
3,5578567,80737
3,5578653,80643
3,5578683,80644
3,5578775,80459
3,5578793,80645
3,5578877,80535
3,5579198,80705
3,5579276,80501
3,5579276,80502
3,5579276,80503
3,5579368,80537
3,5579368,80538
3,5579368,80539
3,5579453,80540
3,5579737,80542
3,5579761,81641
3,5579899,80543
3,5580305,80544
3,5580519,80467
3,5580868,80650
3,5580947,80651
3,5581213,81648
3,5581845,80546
3,5582371,80477
3,5582371,80487
3,5582371,80488
3,5582392,80751
3,5582779,80547
3,5583139,80480
3,5583250,80549
3,5583400,80654
3,5583509,80550
3,5583509,80551
3,5583657,80759
3,5583714,83210
3,5583981,83211
3,5584200,83213
3,5584299,83420
3,5584330,83801
3,5585265,83313
3,5586093,83221
3,5586437,83701
3,5586437,83702
3,5586437,83703
3,5586437,83704
3,5586437,83705
3,5586437,83706
3,5586437,83707
3,5586437,83708
3,5586437,83709
3,5586437,83711
3,5586437,83712
3,5586437,83713
3,5586437,83715
3,5586437,83716
3,5586437,83717
3,5586437,83719
3,5586437,83720
3,5586437,83722
3,5586437,83724
3,5586437,83725
3,5586437,83726
3,5586437,83728
3,5586437,83729
3,5586437,83731
3,5586437,83732
3,5586437,83735
3,5586437,83756
3,5586437,83799
3,5586496,83805
3,5587232,83316
3,5587385,83318
3,5587698,83605
3,5587698,83606
3,5587698,83607
3,5588068,83320
3,5588160,83611
3,5588524,83226
3,5588915,83811
3,5589173,83814
3,5589173,83815
3,5589173,83816
3,5589394,83230
3,5589704,83522
3,5589857,83612
3,5590694,83823
3,5591362,83825
3,5591365,83234
3,5591399,83422
3,5591649,83423
3,5591778,83616
3,5592562,83617
3,5592697,83327
3,5592973,83328
3,5593399,83203
3,5593543,83237
3,5593708,83619
3,5593814,83714
3,5593940,83832
3,5594092,83623
3,5594307,83330
3,5594400,83241
3,5594474,83530
3,5594703,83626
3,5594937,83332
3,5594956,83333
3,5595086,83334
3,5595320,83835
3,5595378,83335
3,5595591,83336
3,5595881,83628
3,5596116,83629
3,5596462,83631
3,5596475,83401
3,5596475,83402
3,5596475,83403
3,5596475,83404
3,5596475,83405
3,5596475,83406
3,5596475,83415
3,5596729,83245
3,5596741,83427
3,5597034,83338
3,5597306,83535
3,5597538,83536
3,5597606,83837
3,5597711,83340
3,5597783,83341
3,5597920,83840
3,5597934,83539
3,5597955,83634
3,5598185,83540
3,5598538,83501
3,5600035,83252
3,5600229,83639
3,5600363,83638
3,5600375,83250
3,5600664,83641
3,5600672,83434
3,5600685,83642
3,5600685,83680
3,5600890,83644
3,5601299,83254
3,5601462,83256
3,5601538,83843
3,5601538,83844
3,5601615,83647
3,5601667,83845
3,5601806,83846
3,5601827,83650
3,5601933,83651
3,5601933,83652
3,5601933,83653
3,5601933,83686
3,5601933,83687
3,5602080,83655
3,5602128,83543
3,5602660,83656
3,5602729,83346
3,5602909,83544
3,5602934,83849
3,5603240,83261
3,5603310,83660
3,5603391,83347
3,5603393,83661
3,5603860,83850
3,5604033,83851
3,5604045,83201
3,5604045,83202
3,5604045,83204
3,5604045,83205
3,5604045,83206
3,5604045,83209
3,5604222,83852
3,5604353,83854
3,5604353,83877
3,5604394,83855
3,5604473,83263
3,5604510,83856
3,5605242,83440
3,5605242,83441
3,5605242,83460
3,5605321,83442
3,5605403,83443
3,5605493,83444
3,5606000,83350
3,5606187,83445
3,5606232,83861
3,5606275,83467
3,5606401,83864
3,5607051,83274
3,5607205,83352
3,5607662,83868
3,5607916,83276
3,5608388,83869
3,5608754,83669
3,5609169,83448
3,5609286,83353
3,5609286,83354
3,5609851,83451
3,5610655,83871
3,5610810,83301
3,5610810,83303
3,5610980,83454
3,5611251,83455
3,5611375,83873
3,5611730,83672
3,5611758,83355
3,5612431,83676
3,5636523,59001
3,5637146,59711
3,5637581,59821
3,5637757,59003
3,5637757,59004
3,5638252,59313
3,5639364,59714
3,5639462,59412
3,5640121,59520
3,5640193,59716
3,5640214,59011
3,5640284,59911
3,5640350,59101
3,5640350,59102
3,5640350,59103
3,5640350,59104
3,5640350,59105
3,5640350,59106
3,5640350,59107
3,5640350,59108
3,5640350,59111
3,5640350,59112
3,5640350,59114
3,5640350,59115
3,5640350,59116
3,5640350,59117
3,5640683,59414
3,5641473,59632
3,5641727,59715
3,5641727,59717
3,5641727,59718
3,5641727,59719
3,5641727,59771
3,5641727,59772
3,5641974,59014
3,5642048,59317
3,5642247,59417
3,5642870,59016
3,5642934,59701
3,5642934,59702
3,5642934,59703
3,5642934,59707
3,5642934,59750
3,5643915,59421
3,5644629,59522
3,5644801,59523
3,5644844,59422
3,5645114,59215
3,5645169,59634
3,5645454,59825
3,5645832,59323
3,5645859,59912
3,5645893,59019
3,5646101,59425
3,5646332,59913
3,5646474,59828
3,5647159,59022
3,5647366,59218
3,5647469,59427
3,5647774,59829
3,5648267,59722
3,5648657,59725
3,5650245,59635
3,5650548,59324
3,5651062,59729
3,5651208,59917
3,5651382,59436
3,5651400,59221
3,5652509,59833
3,5652699,59327
3,5652763,59442
3,5653377,59834
3,5653639,59730
3,5653731,59030
3,5654320,59230
3,5654391,59330
3,5655240,59401
3,5655240,59403
3,5655240,59404
3,5655240,59405
3,5655240,59406
3,5655959,59840
3,5656170,59034
3,5656197,59526
3,5656214,59036
3,5656497,59501
3,5656718,59527
3,5656778,59448
3,5656882,59601
3,5656882,59602
3,5656882,59604
3,5656882,59620
3,5656882,59623
3,5656882,59624
3,5656882,59625
3,5656882,59626
3,5658166,59845
3,5658395,59919
3,5658541,59038
3,5659931,59041
3,5659996,59337
3,5660340,59901
3,5660340,59903
3,5660340,59904
3,5661473,59922
3,5661538,59043
3,5661766,59044
3,5662162,59457
3,5662190,59923
3,5662396,59639
3,5663049,59047
3,5663257,59847
3,5664486,59538
3,5664535,59741
3,5664683,59925
3,5664774,59926
3,5666176,59301
3,5666639,59801
3,5666639,59802
3,5666639,59803
3,5666639,59804
3,5666639,59806
3,5666639,59807
3,5666639,59808
3,5666639,59812
3,5670441,59855
3,5670635,59063
3,5671240,59858
3,5671528,59841
3,5671710,59859
3,5671807,59254
3,5671996,59860
3,5672096,59255
3,5672477,59065
3,5672630,59066
3,5673390,59068
3,5674601,59864
3,5674878,59072
3,5674878,59073
3,5675156,59074
3,5675755,59865
3,5676740,59263
3,5676910,59868
3,5677433,59474
3,5677483,59079
3,5677498,59749
3,5677735,59270
3,5678822,59932
3,5680222,59479
3,5680485,59870
3,5681215,59872
3,5681948,59349
3,5682278,59873
3,5682364,59752
3,5682902,59644
3,5683071,59934
3,5683250,59935
3,5683793,59485
3,5684218,59486
3,5684372,59487
3,5684455,59875
3,5684558,59755
3,5684927,59756
3,5685767,59758
3,5686092,59645
3,5686121,59937
3,5686153,59759
3,5686290,59353
3,5686862,59087
3,5687028,59201
3,5687258,59088
3,5687696,58620
3,5687809,58521
3,5687901,58622
3,5687937,58718
3,5688003,58523
3,5688025,58501
3,5688025,58502
3,5688025,58503
3,5688025,58504
3,5688025,58505
3,5688025,58506
3,5688025,58507
3,5688106,58318
3,5688119,58721
3,5688127,58623
3,5688259,58722
3,5688331,58528
3,5688351,58529
3,5688397,58530
3,5688604,58730
3,5688789,58601
3,5688789,58602
3,5688861,58329
3,5688962,58533
3,5689173,58538
3,5689239,58540
3,5689296,58631
3,5689557,58545
3,5689578,58638
3,5689618,58639
3,5689936,58746
3,5689955,58640
3,5690186,58552
3,5690366,58554
3,5690373,58757
3,5690380,58642
3,5690418,58463
3,5690471,58645
3,5690532,58701
3,5690532,58702
3,5690532,58703
3,5690532,58707
3,5690557,58761
3,5690627,58646
3,5690694,58647
3,5690709,58563
3,5690711,58763
3,5690958,58770
3,5691210,58849
3,5691280,58652
3,5692337,58784
3,5692342,58571
3,5692466,58785
3,5692590,58852
3,5692611,58788
3,5692691,58576
3,5692741,58575
3,5692751,58790
3,5692806,58577
3,5692814,58854
3,5692947,58801
3,5692947,58802
3,5692947,58803
3,5693164,69301
3,5693267,69120
3,5693294,69121
3,5693459,69334
3,5693530,69021
3,5693833,69336
3,5694019,69022
3,5694163,69337
3,5694218,69129
3,5694579,69339
3,5694629,69024
3,5694650,69025
3,5695604,69341
3,5695713,69343
3,5695743,69138
3,5695792,69140
3,5695970,69345
3,5695974,69346
3,5696028,69347
3,5696040,69032
3,5696083,69348
3,5696121,69143
3,5696337,69350
3,5696354,69033
3,5696393,69034
3,5696715,69145
3,5697604,69356
3,5697633,69357
3,5697709,69358
3,5697774,69152
3,5697939,69101
3,5697939,69103
3,5698040,69153
3,5698120,69154
3,5698120,69190
3,5698227,69155
3,5698819,69360
3,5699404,69361
3,5699404,69363
3,5699552,69160
3,5699552,69162
3,5699840,69163
3,5699898,69042
3,5699979,69165
3,5700094,69166
3,5700168,69044
3,5700218,69167
3,5700344,69201
3,5700501,69045
3,5701361,89820
3,5702255,89822
3,5703670,89801
3,5703670,89802
3,5703670,89803
3,5705218,89825
3,5705957,89419
3,5707081,89832
3,5708894,89815
3,5709967,89835
3,5710035,89883
3,5710360,89445
3,5710360,89446
3,5710756,97321
3,5710756,97322
3,5711224,97101
3,5711672,97812
3,5711789,97520
3,5711847,97103
3,5711861,97813
3,5711906,97002
3,5711918,97325
3,5712169,97814
3,5712417,97411
3,5712430,97106
3,5712837,97107
3,5713224,97004
3,5713376,97003
3,5713376,97005
3,5713376,97006
3,5713376,97007
3,5713376,97008
3,5713376,97075
3,5713376,97076
3,5713376,97077
3,5713376,97078
3,5713376,97079
3,5713587,97701
3,5713587,97702
3,5713587,97703
3,5713587,97707
3,5713587,97708
3,5713587,97709
3,5714964,97818
3,5715905,97415
3,5716061,97327
3,5716833,97720
3,5717758,97013
3,5717789,97110
3,5717822,97820
3,5717887,97417
3,5717982,97111
3,5718132,97014
3,5718340,97523
3,5718601,97502
3,5719022,97624
3,5719308,97015
3,5719397,97016
3,5720167,97018
3,5720282,97823
3,5720495,97420
3,5720575,97423
3,5720639,97113
3,5720727,97330
3,5720727,97331
3,5720727,97333
3,5720727,97339
3,5720755,97424
3,5721027,97824
3,5721551,97426
3,5721865,97734
3,5722064,97338
3,5722088,97089
3,5722326,97114
3,5722917,97341
3,5723639,97020
3,5723833,97435
3,5724285,97021
3,5724352,97115
3,5724581,97524
3,5725044,97826
3,5725293,97827
3,5725721,97828
3,5725801,97023
3,5725846,97401
3,5725846,97402
3,5725846,97403
3,5725846,97404
3,5725846,97405
3,5725846,97408
3,5725846,97440
3,5726018,97024
3,5726184,97344
3,5727032,97439
3,5727190,97116
3,5727319,97830
3,5728034,97118
3,5728080,97119
3,5728264,97026
3,5728429,97027
3,5728491,97442
3,5728531,97443
3,5728665,97525
3,5728972,97347
3,5729080,97526
3,5729080,97527
3,5729080,97528
3,5729485,97030
3,5729485,97080
3,5729974,97348
3,5730048,97121
3,5730389,97446
3,5731035,97836
3,5731070,97838
3,5731371,97123
3,5731371,97124
3,5731371,97129
3,5731397,97738
3,5731777,97031
3,5732311,97032
3,5732763,97351
3,5733120,97844
3,5733409,97530
3,5733532,97352
3,5733770,97845
3,5734100,97846
3,5734198,97448
3,5734711,97307
3,5734881,97531
3,5735238,97601
3,5735238,97602
3,5735238,97603
3,5735537,97850
3,5735549,97739
3,5735609,97127
3,5735724,97034
3,5735724,97035
3,5735782,97449
3,5735792,97630
3,5736218,97355
3,5736645,97367
3,5738222,97452
3,5738587,97358
3,5738690,97741
3,5738861,97632
3,5738937,97130
3,5739936,97128
3,5740099,97501
3,5740099,97504
3,5740247,97532
3,5740261,97633
3,5740602,97360
3,5741182,97038
3,5741227,97361
3,5741231,97456
3,5741487,97039
3,5741646,97362
3,5741722,97865
3,5742096,97042
3,5742332,97457
3,5742346,97458
3,5742668,97143
3,5742726,97132
3,5742750,97365
3,5742974,97459
3,5743413,97133
3,5743612,97913
3,5743787,97462
3,5743796,97463
3,5743896,97044
3,5744166,97914
3,5744253,97045
3,5744635,97135
3,5745380,97801
3,5745647,97370
3,5745656,97535
3,5745782,97868
3,5746486,97465
3,5746545,97201
3,5746545,97202
3,5746545,97203
3,5746545,97204
3,5746545,97205
3,5746545,97206
3,5746545,97207
3,5746545,97208
3,5746545,97209
3,5746545,97210
3,5746545,97211
3,5746545,97212
3,5746545,97213
3,5746545,97214
3,5746545,97215
3,5746545,97216
3,5746545,97217
3,5746545,97218
3,5746545,97219
3,5746545,97220
3,5746545,97221
3,5746545,97227
3,5746545,97228
3,5746545,97230
3,5746545,97231
3,5746545,97232
3,5746545,97233
3,5746545,97236
3,5746545,97238
3,5746545,97239
3,5746545,97240
3,5746545,97242
3,5746545,97250
3,5746545,97251
3,5746545,97252
3,5746545,97253
3,5746545,97254
3,5746545,97256
3,5746545,97258
3,5746545,97266
3,5746545,97280
3,5746545,97282
3,5746545,97283
3,5746545,97286
3,5746545,97290
3,5746545,97292
3,5746545,97293
3,5746545,97294
3,5746545,97296
3,5746769,97466
3,5746793,97869
3,5746901,97754
3,5747402,97048
3,5747882,97756
3,5747941,97467
3,5748229,97469
3,5749022,97136
3,5749213,97537
3,5749352,97470
3,5749352,97471
3,5750041,97051
3,5750162,97301
3,5750162,97302
3,5750162,97303
3,5750162,97305
3,5750162,97306
3,5750162,97308
3,5750162,97309
3,5750162,97310
3,5750162,97311
3,5750162,97312
3,5750162,97313
3,5750162,97314
3,5750162,97317
3,5750477,97055
3,5750663,97056
3,5750831,97374
3,5750984,97138
3,5751096,97538
3,5751253,97539
3,5751600,97378
3,5751632,97140
3,5751919,97380
3,5752024,97381
3,5752129,97759
3,5754005,97475
3,5754005,97477
3,5754005,97478
3,5754308,97875
3,5754464,97383
3,5754988,97385
3,5755474,97479
3,5755674,97386
3,5755890,97540
3,5755975,97389
3,5756260,97760
3,5756304,97058
3,5756777,97141
3,5757007,97391
3,5757207,97541
3,5757477,97060
3,5757506,97062
3,5757706,97392
3,5758052,97882
3,5758113,97883
3,5758413,97918
3,5758566,97487
3,5758599,97064
3,5758901,97394
3,5759199,97761
3,5759261,97053
3,5759289,97146
3,5760009,97068
3,5760158,97886
3,5760396,97503
3,5760923,97396
3,5760956,97544
3,5761287,97070
3,5761481,97496
3,5761708,97071
3,5761937,97498
3,5761959,97148
3,5762118,97499
3,5762718,57717
3,5762836,57620
3,5763011,57719
3,5763144,57720
3,5763910,57730
3,5764048,57732
3,5764313,57623
3,5764369,57625
3,5764489,57735
3,5764864,57532
3,5765609,57745
3,5765751,57747
3,5766162,57543
3,5766307,57752
3,5766425,57754
3,5766453,57638
3,5766888,57551
3,5767144,57555
3,5767189,57601
3,5767241,57646
3,5767295,57559
3,5767383,57761
3,5767392,57760
3,5767610,57764
3,5767686,57564
3,5767789,57566
3,5767896,57567
3,5767912,57769
3,5767918,57501
3,5767939,57770
3,5768046,57772
3,5768099,57568
3,5768233,57701
3,5768233,57702
3,5768233,57703
3,5768233,57709
3,5768556,57570
3,5768705,57572
3,5768946,57472
3,5769288,57783
3,5769288,57799
3,5769489,57785
3,5769772,57656
3,5770098,57790
3,5770124,57577
3,5770357,57579
3,5770393,57793
3,5770732,84004
3,5771179,84301
3,5771826,84010
3,5771826,84011
3,5771960,84302
3,5772654,84014
3,5772927,84305
3,5772959,84015
3,5772959,84016
3,5772959,84089
3,5773066,84017
3,5773230,84307
3,5774001,84020
3,5774135,84021
3,5774159,84022
3,5774215,84005
3,5774381,84310
3,5774662,84025
3,5774915,84026
3,5775057,84028
3,5775081,84312
3,5775346,84029
3,5775699,84032
3,5775747,84033
3,5775782,84096
3,5776087,84314
3,5776092,84315
3,5776212,84317
3,5776221,84318
3,5776228,84319
3,5776692,84036
3,5776715,84037
3,5777107,84040
3,5777107,84041
3,5777224,84043
3,5777224,84048
3,5777244,84320
3,5777332,84042
3,5777544,84321
3,5777544,84322
3,5777544,84323
3,5777544,84341
3,5777793,84044
3,5777855,84046
3,5777881,84324
3,5777915,84664
3,5778154,84325
3,5778244,84047
3,5778261,84049
3,5778379,84326
3,5778518,84050
3,5778794,84052
3,5778890,84327
3,5779068,84054
3,5779170,84055
3,5779206,84201
3,5779206,84244
3,5779206,84401
3,5779206,84402
3,5779206,84403
3,5779206,84404
3,5779206,84405
3,5779206,84407
3,5779206,84408
3,5779206,84409
3,5779206,84412
3,5779206,84414
3,5779206,84415
3,5779334,84057
3,5779334,84058
3,5779334,84059
3,5779334,84097
3,5779423,84328
3,5779451,84060
3,5779451,84068
3,5779451,84098
3,5779548,84651
3,5779816,84062
3,5780020,84332
3,5780026,84601
3,5780026,84602
3,5780026,84603
3,5780026,84604
3,5780026,84605
3,5780026,84606
3,5780154,84064
3,5780388,84333
3,5780539,84334
3,5780557,84065
3,5780699,84066
3,5780802,84067
3,5780993,84101
3,5780993,84102
3,5780993,84103
3,5780993,84104
3,5780993,84105
3,5780993,84106
3,5780993,84107
3,5780993,84108
3,5780993,84109
3,5780993,84110
3,5780993,84111
3,5780993,84112
3,5780993,84113
3,5780993,84114
3,5780993,84115
3,5780993,84116
3,5780993,84117
3,5780993,84118
3,5780993,84121
3,5780993,84122
3,5780993,84123
3,5780993,84124
3,5780993,84125
3,5780993,84126
3,5780993,84127
3,5780993,84129
3,5780993,84130
3,5780993,84131
3,5780993,84132
3,5780993,84133
3,5780993,84134
3,5780993,84136
3,5780993,84138
3,5780993,84139
3,5780993,84141
3,5780993,84143
3,5780993,84145
3,5780993,84147
3,5780993,84148
3,5780993,84150
3,5780993,84151
3,5780993,84152
3,5780993,84157
3,5780993,84158
3,5780993,84165
3,5780993,84170
3,5780993,84171
3,5780993,84180
3,5780993,84184
3,5780993,84189
3,5780993,84190
3,5780993,84199
3,5781061,84070
3,5781061,84090
3,5781061,84091
3,5781061,84092
3,5781061,84093
3,5781061,84094
3,5781087,84045
3,5781551,84335
3,5781770,84009
3,5781770,84095
3,5781860,84660
3,5781993,84663
3,5782149,84071
3,5782391,84075
3,5783695,84074
3,5783768,84337
3,5783772,84338
3,5784154,84078
3,5784154,84079
3,5784492,84083
3,5784549,84081
3,5784549,84084
3,5784549,84088
3,5784607,84119
3,5784607,84120
3,5784607,84128
3,5784852,84340
3,5785116,84087
3,5785243,98520
3,5785378,99001
3,5785407,99102
3,5785552,98524
3,5785614,98601
3,5785657,98221
3,5785868,98223
3,5785933,99402
3,5785965,98001
3,5785965,98002
3,5785965,98071
3,5785965,98092
3,5786485,98604
3,5786848,98528
3,5786882,98004
3,5786882,98005
3,5786882,98006
3,5786882,98007
3,5786882,98008
3,5786882,98009
3,5786882,98015
3,5786899,98225
3,5786899,98226
3,5786899,98227
3,5786899,98228
3,5786899,98229
3,5786990,99320
3,5787305,98605
3,5787423,98010
3,5787475,98230
3,5787475,98231
3,5787776,98391
3,5787829,98011
3,5787829,98041
3,5788054,98310
3,5788054,98311
3,5788054,98312
3,5788054,98314
3,5788054,98337
3,5788077,98812
3,5788111,98813
3,5788142,98320
3,5788290,98606
3,5788409,98321
3,5788413,98530
3,5788416,98921
3,5788497,99323
3,5788531,98322
3,5788539,98233
3,5788822,98607
3,5789158,98323
3,5789180,98324
3,5789198,98014
3,5789244,98610
3,5789342,98815
3,5789381,98611
3,5789448,98612
3,5789683,98531
3,5789817,98532
3,5789826,98816
3,5789856,99004
3,5789920,99109
3,5790218,99403
3,5790229,98922
3,5790344,98236
3,5790554,99111
3,5790562,99324
3,5790660,99114
3,5790718,98237
3,5790756,99326
3,5790966,98537
3,5791095,99115
3,5791102,99116
3,5791132,98239
3,5791724,98617
3,5791791,98241
3,5791805,99122
3,5791896,99328
3,5792143,99006
3,5792869,98327
3,5792990,98019
3,5793271,98802
3,5793321,98328
3,5793427,98020
3,5793427,98026
3,5793551,99123
3,5793639,98926
3,5793687,98541
3,5793817,98822
3,5793822,98022
3,5793832,98823
3,5793933,98201
3,5793933,98203
3,5793933,98204
3,5793933,98206
3,5793933,98207
3,5793933,98208
3,5793933,98213
3,5794011,98247
3,5794059,99012
3,5794114,98024
3,5794245,98003
3,5794245,98023
3,5794245,98063
3,5794245,98093
3,5794276,98248
3,5794761,98331
3,5794882,99014
3,5794940,98333
3,5795025,98249
3,5795104,98250
3,5795263,99130
3,5795355,98824
3,5795440,98329
3,5795440,98332
3,5795440,98335
3,5795678,98251
3,5795741,98620
3,5795906,98338
3,5795924,99133
3,5795969,98930
3,5795972,98932
3,5795991,98252
3,5796049,98546
3,5796112,98547
3,5796685,98340
3,5796789,98933
3,5797430,98025
3,5797693,98550
3,5798171,98624
3,5798318,98342
3,5798487,98027
3,5798487,98029
3,5799410,98625
3,5799571,98626
3,5799587,98028
3,5799610,99336
3,5799610,99337
3,5799610,99338
3,5799625,98030
3,5799625,98031
3,5799625,98032
3,5799625,98035
3,5799625,98042
3,5799625,98064
3,5799625,98089
3,5799687,99141
3,5799696,98345
3,5799815,98346
3,5799841,98033
3,5799841,98034
3,5799841,98083
3,5799869,98934
3,5800069,98629
3,5800074,98257
3,5800112,98503
3,5800112,98509
3,5800317,98258
3,5800420,98439
3,5800420,98496
3,5800420,98497
3,5800420,98498
3,5800420,98499
3,5800475,98260
3,5800683,98826
3,5800870,99019
3,5801015,99341
3,5801520,98631
3,5801595,98351
3,5801617,98632
3,5801666,99148
3,5802035,98264
3,5802049,98036
3,5802049,98037
3,5802049,98046
3,5802049,98087
3,5802087,98935
3,5802247,98353
3,5802291,98831
3,5802340,98038
3,5802570,98270
3,5802570,98271
3,5802636,99349
3,5802758,98557
3,5802893,98558
3,5802984,99021
3,5803066,99022
3,5803092,98039
3,5803139,98040
3,5803457,98082
3,5803556,98354
3,5803786,98272
3,5803818,98563
3,5803964,98356
3,5803990,98837
3,5804022,98564
3,5804127,98273
3,5804127,98274
3,5804191,98043
3,5804306,98275
3,5804430,98937
3,5804467,98565
3,5804537,98357
3,5804694,99156
3,5804860,98276
3,5804915,98045
3,5804921,98639
3,5805441,98277
3,5805441,98278
3,5805476,98568
3,5805503,98640
3,5805505,98569
3,5805518,99159
3,5805550,98840
3,5805687,98501
3,5805687,98502
3,5805687,98504
3,5805687,98505
3,5805687,98506
3,5805687,98507
3,5805687,98508
3,5805687,98512
3,5805687,98513
3,5805687,98516
3,5805687,98599
3,5805734,98841
3,5805747,98570
3,5805838,98844
3,5805849,98360
3,5805879,99344
3,5806017,98047
3,5806298,99301
3,5806298,99302
3,5806391,98572
3,5807107,98281
3,5807169,99347
3,5807212,98362
3,5807212,98363
3,5807228,98365
3,5807236,98366
3,5807236,98367
3,5807239,98368
3,5807337,98370
3,5807487,99350
3,5807540,99163
3,5807540,99164
3,5807575,98371
3,5807575,98372
3,5807575,98373
3,5807575,98374
3,5807575,98375
3,5807678,98376
3,5807713,98848
3,5807825,98576
3,5807972,98051
3,5807986,98577
3,5808079,98052
3,5808079,98053
3,5808079,98073
3,5808189,98055
3,5808189,98056
3,5808189,98057
3,5808189,98058
3,5808189,98059
3,5808201,99166
3,5808276,99352
3,5808276,99354
3,5808311,98642
3,5808453,99169
3,5808524,98579
3,5808589,98850
3,5808796,99170
3,5808841,98941
3,5808931,98580
3,5808939,99357
3,5809226,99171
3,5809402,98074
3,5809402,98075
3,5809562,98583
3,5809806,98380
3,5809844,98101
3,5809844,98102
3,5809844,98103
3,5809844,98104
3,5809844,98105
3,5809844,98106
3,5809844,98107
3,5809844,98108
3,5809844,98109
3,5809844,98111
3,5809844,98112
3,5809844,98113
3,5809844,98114
3,5809844,98115
3,5809844,98116
3,5809844,98117
3,5809844,98118
3,5809844,98119
3,5809844,98121
3,5809844,98122
3,5809844,98124
3,5809844,98125
3,5809844,98126
3,5809844,98127
3,5809844,98129
3,5809844,98131
3,5809844,98133
3,5809844,98134
3,5809844,98136
3,5809844,98138
3,5809844,98139
3,5809844,98141
3,5809844,98144
3,5809844,98145
3,5809844,98146
3,5809844,98148
3,5809844,98154
3,5809844,98155
3,5809844,98158
3,5809844,98160
3,5809844,98161
3,5809844,98164
3,5809844,98165
3,5809844,98166
3,5809844,98168
3,5809844,98170
3,5809844,98174
3,5809844,98175
3,5809844,98177
3,5809844,98178
3,5809844,98181
3,5809844,98185
3,5809844,98188
3,5809844,98190
3,5809844,98191
3,5809844,98194
3,5809844,98195
3,5809844,98198
3,5809844,98199
3,5809928,98942
3,5809983,98382
3,5810176,98584
3,5810490,98315
3,5810490,98383
3,5810988,98290
3,5810988,98291
3,5810988,98296
3,5810995,98065
3,5811089,98851
3,5811211,98586
3,5811236,98943
3,5811567,98386
3,5811581,98387
3,5811696,99201
3,5811696,99202
3,5811696,99203
3,5811696,99204
3,5811696,99205
3,5811696,99206
3,5811696,99207
3,5811696,99208
3,5811696,99209
3,5811696,99210
3,5811696,99211
3,5811696,99212
3,5811696,99213
3,5811696,99214
3,5811696,99215
3,5811696,99216
3,5811696,99217
3,5811696,99218
3,5811696,99219
3,5811696,99220
3,5811696,99223
3,5811696,99224
3,5811696,99228
3,5811696,99251
3,5811696,99252
3,5811696,99256
3,5811696,99258
3,5811696,99260
3,5811995,98292
3,5812017,98293
3,5812092,98388
3,5812177,98648
3,5812483,98294
3,5812494,98295
3,5812543,98352
3,5812543,98390
3,5812604,98944
3,5812723,98392
3,5812944,98401
3,5812944,98402
3,5812944,98403
3,5812944,98404
3,5812944,98405
3,5812944,98406
3,5812944,98407
3,5812944,98408
3,5812944,98409
3,5812944,98411
3,5812944,98412
3,5812944,98413
3,5812944,98415
3,5812944,98416
3,5812944,98417
3,5812944,98418
3,5812944,98419
3,5812944,98421
3,5812944,98422
3,5812944,98424
3,5812944,98431
3,5812944,98433
3,5812944,98443
3,5812944,98444
3,5812944,98445
3,5812944,98446
3,5812944,98447
3,5812944,98448
3,5812944,98464
3,5812944,98465
3,5812944,98466
3,5812944,98471
3,5812944,98481
3,5812944,98490
3,5812944,98493
3,5812994,98587
3,5813161,99033
3,5813207,98589
3,5813532,98947
3,5813681,98591
3,5813726,98855
3,5813747,98948
3,5813832,98393
3,5813973,98650
3,5814095,98511
3,5814307,98856
3,5814406,98592
3,5814450,98467
3,5814542,98593
3,5814616,98660
3,5814616,98661
3,5814616,98662
3,5814616,98663
3,5814616,98664
3,5814616,98665
3,5814616,98666
3,5814616,98668
3,5814616,98682
3,5814616,98683
3,5814616,98684
3,5814616,98685
3,5814616,98686
3,5814616,98687
3,5814647,98070
3,5814663,98394
3,5814871,99361
3,5814916,99362
3,5814992,98951
3,5815020,98857
3,5815136,98671
3,5815184,98858
3,5815213,98395
3,5815342,98801
3,5815342,98807
3,5815599,99353
3,5815665,98595
3,5815842,98672
3,5815850,98952
3,5815966,99185
3,5816314,98596
3,5816320,98110
3,5816449,98072
3,5816457,98674
3,5816582,98675
3,5816605,98901
3,5816605,98902
3,5816605,98903
3,5816605,98904
3,5816605,98907
3,5816605,98908
3,5816605,98909
3,5816656,98597
3,5816719,98953
3,5816861,83110
3,5817073,83128
3,5817340,82510
3,5817923,82410
3,5818702,83113
3,5819881,82834
3,5820291,82412
3,5820705,82601
3,5820705,82602
3,5820705,82604
3,5820705,82605
3,5820705,82609
3,5821086,82001
3,5821086,82002
3,5821086,82003
3,5821086,82006
3,5821086,82007
3,5821086,82008
3,5821086,82009
3,5821086,82010
3,5821593,82414
3,5821618,83114
3,5822154,82420
3,5822752,82836
3,5823199,83116
3,5823516,82633
3,5823819,82513
3,5824805,82930
3,5824805,82931
3,5824810,82636
3,5825424,82514
3,5826027,82716
3,5826027,82717
3,5826027,82718
3,5826088,82637
3,5826559,82935
3,5826603,82426
3,5826723,82214
3,5826986,82327
3,5828648,83001
3,5828648,83002
3,5829425,83101
3,5829816,83123
3,5830007,82520
3,5830062,82070
3,5830062,82071
3,5830062,82072
3,5830062,82073
3,5831176,82431
3,5831333,82225
3,5831346,82937
3,5832481,82644
3,5832698,82721
3,5832901,82939
3,5833349,82701
3,5835069,82082
3,5835178,82941
3,5835606,82435
3,5835955,82839
3,5836068,82301
3,5836399,82943
3,5836665,82501
3,5836898,82901
3,5836898,82902
3,5837593,82331
3,5838198,82801
3,5838312,82649
3,5840065,82842
3,5840284,82729
3,5840846,82443
3,5841207,82240
3,5841818,82730
3,5842753,82201
3,5843239,83014
3,5843495,82401
3,5843515,82732
3,5843997,97444
3,5844096,84003
3,5844154,98846
3,5844156,99161
3,5845544,99921
3,5846901,99827
3,5847155,99829
3,5847387,96731
3,5847411,96732
3,5847411,96733
3,5847486,96734
3,5847662,96741
3,5848189,96744
3,5848308,96755
3,5848621,96747
3,5848652,96748
3,5848956,96750
3,5849164,96752
3,5849297,96753
3,5849346,96754
3,5849616,96756
3,5849961,96760
3,5849996,96761
3,5849996,96767
3,5850059,96763
3,5850128,96764
3,5850181,96765
3,5850248,96766
3,5850616,96768
3,5851253,96771
3,5851275,96772
3,5851902,96777
3,5851916,96778
3,5851942,96779
3,5852275,96782
3,5852322,96783
3,5852602,96722
3,5852697,96788
3,5853971,96785
3,5853992,96786
3,5854171,96791
3,5854189,96792
3,5854410,96738
3,5854496,96793
3,5854532,96795
3,5854564,96796
3,5854686,96797
3,5854851,96854
3,5855471,96713
3,5855631,96716
3,5855841,96719
3,5855927,96720
3,5855927,96721
3,5856050,96725
3,5856195,96801
3,5856195,96802
3,5856195,96803
3,5856195,96804
3,5856195,96805
3,5856195,96806
3,5856195,96807
3,5856195,96808
3,5856195,96809
3,5856195,96810
3,5856195,96811
3,5856195,96812
3,5856195,96813
3,5856195,96814
3,5856195,96815
3,5856195,96816
3,5856195,96817
3,5856195,96818
3,5856195,96819
3,5856195,96820
3,5856195,96821
3,5856195,96822
3,5856195,96823
3,5856195,96824
3,5856195,96825
3,5856195,96826
3,5856195,96828
3,5856195,96830
3,5856195,96836
3,5856195,96837
3,5856195,96838
3,5856195,96839
3,5856195,96840
3,5856195,96841
3,5856195,96843
3,5856195,96844
3,5856195,96846
3,5856195,96847
3,5856195,96848
3,5856195,96849
3,5856195,96850
3,5856229,96728
3,5857121,96703
3,5857264,96704
3,5859114,99563
3,5859888,99574
3,5860524,99737
3,5860695,99576
3,5861117,99692
3,5861187,99577
3,5861668,99581
3,5861769,99725
3,5861897,99701
3,5861897,99706
3,5861897,99707
3,5861897,99708
3,5861897,99709
3,5861897,99710
3,5861897,99711
3,5861897,99712
3,5861897,99775
3,5861897,99790
3,5862371,99740
3,5862664,99742
3,5862837,99587
3,5863850,99743
3,5864145,99603
3,5864197,99604
3,5864312,99694
3,5865891,99609
3,5865896,99610
3,5866063,99611
3,5866308,99612
3,5866390,99614
3,5866583,99615
3,5866583,99619
3,5866583,99697
3,5866719,99620
3,5866726,99752
3,5866985,99621
3,5869366,99632
3,5869587,99633
3,5869874,99636
3,5869956,99635
3,5870043,99639
3,5870091,99761
3,5870133,99762
3,5870154,99763
3,5870294,99705
3,5870502,99641
3,5871146,99645
3,5871601,99650
3,5871791,99766
3,5872126,99734
3,5872343,99655
3,5873349,99661
3,5873445,99769
3,5873474,99662
3,5873663,99770
3,5873776,99664
3,5874015,99772
3,5874678,99669
3,5875125,99671
3,5875173,99672
3,5875745,99676
3,5876357,99678
3,5876363,99780
3,5876385,99637
3,5877035,99716
3,5877192,99684
3,5877208,99685
3,5877389,99686
3,5877543,99782
3,5877641,99623
3,5877641,99629
3,5877641,99654
3,5877641,99687
3,5878102,99688
3,5878990,99551
3,5879048,99553
3,5879057,99554
3,5879400,99501
3,5879400,99502
3,5879400,99503
3,5879400,99504
3,5879400,99507
3,5879400,99508
3,5879400,99509
3,5879400,99510
3,5879400,99511
3,5879400,99513
3,5879400,99514
3,5879400,99515
3,5879400,99516
3,5879400,99517
3,5879400,99518
3,5879400,99519
3,5879400,99520
3,5879400,99521
3,5879400,99522
3,5879400,99523
3,5879400,99524
3,5879400,99529
3,5879400,99530
3,5879400,99599
3,5879400,99695
3,5879403,99556
3,5879487,99557
3,5880568,99559
3,5880661,99652
3,6332739,20625
3,6332745,07041
3,6690773,91381
3,6941080,28307
3,6941080,28310
3,6946944,08902
3,6957263,96707
3,6957263,96709
3,7121608,55020
3,7121608,55054
3,7225903,84783
3,7257540,02184
3,7257540,02185
3,7257618,03244
3,7257902,22060
3,7257905,13602
3,7257908,23801
3,7257914,21005
3,7257935,20762
3,7258318,22121
3,7259265,65473
3,7259489,62225
3,7259637,65305
3,7259771,40121
3,7259771,40122
3,7259778,31314
3,7259778,31315
3,7261152,99011
3,7261282,79916
3,7261282,79918
3,7261353,85118
3,7261445,88330
3,7262027,87566
3,7262401,86556
3,7262790,96857
3,7262863,99731
3,7263003,99714
3,7310164,85140
3,7310164,85143
3,7310164,85144
3,7315256,67221
3,7536026,94571
3,8260172,02817
3,8299576,08807
3,8449910,46350
3,8449910,46352
3,8469294,46556
3,8469295,07869
3,8479429,78584
3,8480031,06385
3,8480032,01434
3,8531960,02865
3,8531961,96790
3,8604682,02919
3,8604824,84006
3,8604827,84013
3,8605043,72099
3,8605044,72648
3,8643098,16066
3,9036748,23185
3,9036748,23188
