level,code,postal_code
2,1213498,20611
2,1213498,20612
2,1213498,20613
2,1213498,20614
2,1213498,20615
2,1213498,20616
2,1213498,20621
2,1213498,20622
2,1213498,20623
2,1213498,20624
2,1213498,20625
2,1213498,20626
2,1213498,20627
2,1213498,20628
2,1213498,20631
2,1213498,20632
2,1213498,20633
2,1213498,20634
2,1213498,20636
2,1213518,22562
2,1213518,22563
2,1213518,22564
2,1213518,22565
2,1213518,22611
2,1213518,22612
2,1213518,22613
2,1213518,22614
2,1213518,22615
2,1213518,22616
2,1213518,22617
2,1213518,22618
2,1213518,22651
2,1213518,22654
2,1213519,22732
2,1213519,22733
2,1213519,22735
2,1213519,22738
2,1213519,22742
2,1213519,22747
2,1213519,22758
2,1213519,22773
2,1213519,22774
2,1213546,21311
2,1213546,21312
2,1213546,21313
2,1213546,21314
2,1213546,21315
2,1213546,21316
2,1213546,21321
2,1213546,21322
2,1213546,21323
2,1213546,21324
2,1213546,21325
2,1213546,21331
2,1213546,21332
2,1213546,21333
2,1213546,21334
2,1213546,21335
2,1213546,21341
2,1213546,21342
2,1213546,21343
2,1213546,21344
2,1213546,21345
2,1213546,21361
2,1213546,21362
2,1213546,21364
2,1213546,21365
2,1213546,21366
2,1213546,21367
2,1213546,21368
2,1213546,21369
2,1213765,21151
2,1213765,21153
2,1213765,21154
2,1213765,21155
2,1213765,21156
2,1213765,21157
2,1213765,21161
2,1213765,21162
2,1213765,21163
2,1213765,21165
2,1213765,21167
2,1213765,21168
2,1213765,21171
2,1213765,21172
2,1213765,21173
2,1213765,21174
2,1213765,21181
2,1213765,21182
2,1213765,21183
2,1213765,21184
2,1213765,21186
2,1213765,21187
2,1213854,22511
2,1213854,22512
2,1213854,22513
2,1213854,22514
2,1213854,22521
2,1213854,22522
2,1213854,22523
2,1213854,22524
2,1213854,22531
2,1213854,22532
2,1213854,22533
2,1213854,22534
2,1213854,22535
2,1213854,22536
2,1213854,22537
2,1213854,22538
2,1214025,23511
2,1214025,23512
2,1214025,23513
2,1214025,23514
2,1214025,23515
2,1214025,23516
2,1214025,23517
2,1214025,23518
2,1214025,23521
2,1214025,23522
2,1214025,23523
2,1214025,23524
2,1214025,23525
2,1214025,23526
2,1214025,23527
2,1214025,23528
2,1214025,23529
2,1214203,21111
2,1214203,21112
2,1214203,21113
2,1214203,21114
2,1214203,21115
2,1214203,21116
2,1214203,21117
2,1214203,21118
2,1214203,21121
2,1214203,21122
2,1214203,21123
2,1214203,21124
2,1214203,21125
2,1214203,21126
2,1214203,21127
2,1214203,21128
2,1214203,21129
2,1214203,21131
2,1214203,21132
2,1214203,21133
2,1214203,21134
2,1214203,21135
2,1214203,21136
2,1214203,21137
2,1214203,21139
2,1214203,21141
2,1214203,21142
2,1214203,21143
2,1214203,21144
2,1214203,21145
2,1214203,21146
2,1214203,21147
2,1214405,22815
2,1214405,22851
2,1214405,22852
2,1214405,22854
2,1214405,22861
2,1214405,22871
2,1214405,22872
2,1214405,22876
2,1214519,20111
2,1214519,20112
2,1214519,20113
2,1214519,20114
2,1214519,20115
2,1214519,20116
2,1214519,20117
2,1214519,20118
2,1214519,20119
2,1214519,20121
2,1214519,20122
2,1214519,20123
2,1214519,20124
2,1214519,20125
2,1214519,20126
2,1214519,20127
2,1214519,20128
2,1214519,20131
2,1214519,20132
2,1214519,20133
2,1214519,20134
2,1214519,20135
2,1214519,20136
2,1214519,20137
2,1214519,20138
2,1214519,20141
2,1214519,20142
2,1214519,20143
2,1214519,20144
2,1214519,20145
2,1214519,20146
2,1214519,20147
2,1214519,20148
2,1214519,20149
2,1214519,20151
2,1214519,20152
2,1214519,20153
2,1214519,20154
2,1214519,20155
2,1214519,20156
2,1214519,20157
2,1214519,20158
2,1214519,20159
2,1214519,20211
2,1214519,20212
2,1214519,20213
2,1214519,20214
2,1214519,20215
2,1214519,20216
2,1214519,20217
2,1214519,20218
2,1214519,20219
2,1214519,20221
2,1214519,20222
2,1214519,20223
2,1214519,20224
2,1214519,20225
2,1214519,20226
2,1214519,20227
2,1214519,20228
2,1214519,20229
2,1214519,20231
2,1214519,20232
2,1214519,20233
2,1214519,20234
2,1214519,20235
2,1214519,20236
2,1214519,20237
2,1214519,20238
2,1214519,20239
2,1214519,20241
2,1214519,20242
2,1214519,20243
2,1214519,20244
2,1214519,20245
2,1214519,20250
2,1214519,20251
2,1214519,20252
2,1214519,20253
2,1214519,20254
2,1214519,20255
2,1214519,20256
2,1214519,20411
2,1214519,20412
2,1214519,20414
2,1214519,20415
2,1214519,20524
2,1214519,20525
2,1214728,20761
2,1214728,20762
2,1214728,20771
2,1214728,20772
2,1214728,20773
2,1214728,20774
2,1214728,20811
2,1214728,20812
2,1214728,20813
2,1214728,20815
2,1214728,20816
2,1214728,20851
2,1214728,20852
2,1214728,20853
2,1214728,20854
2,1214728,20855
2,1214728,20856
2,1214728,20857
2,1214728,20858
2,1214728,20859
2,1214728,20881
2,1214801,21411
2,1214801,21412
2,1214801,21413
2,1214801,21414
2,1214801,21415
2,1214801,21416
2,1214801,21417
2,1214801,21418
2,1214801,21419
2,1214801,21421
2,1214801,21422
2,1214801,21423
2,1214801,21424
2,1214801,21425
2,1214801,21426
2,1214801,21427
2,1214801,21428
2,1214801,21429
2,1214801,21451
2,1214801,21462
2,1214801,21471
2,1214801,21472
2,1214801,21473
2,1214929,22111
2,1214929,22112
2,1214929,22113
2,1214929,22114
2,1214929,22115
2,1214929,22152
2,1214929,22153
2,1214929,22154
2,1214929,22155
2,1214929,22161
2,1214929,22162
2,1214929,22163
2,1214929,22164
2,1214929,22165
2,1214929,22171
2,1214929,22172
2,1214929,22173
2,1215200,20351
2,1215200,20353
2,1215200,20354
2,1215200,20355
2,1215200,20356
2,1215200,20357
2,1215200,20358
2,1215200,20361
2,1215200,20362
2,1215200,20363
2,1215200,20371
2,1215200,20372
2,1215200,20373
2,1215200,20374
2,1215200,20511
2,1215200,20512
2,1215200,20513
2,1215200,20514
2,1215200,20515
2,1215200,20516
2,1215200,20517
2,1215200,20518
2,1215200,20551
2,1215200,20552
2,1215200,20553
2,1215200,20581
2,1215200,20582
2,1215200,20583
2,1215200,20585
2,1215221,22211
2,1215221,22212
2,1215221,22213
2,1215221,22214
2,1215221,22215
2,1215221,22216
2,1215221,22217
2,1215221,22218
2,1215221,22219
2,1215221,22251
2,1215221,22252
2,1215221,22253
2,1215221,22254
2,1215221,22261
2,1215221,22262
2,1215221,22263
2,1215221,22281
2,1215221,22282
2,1215221,22283
2,1215501,23111
2,1215501,23112
2,1215501,23114
2,1215501,23115
2,1215501,23116
2,1215501,23117
2,1215501,23118
2,1215501,23119
2,1215501,23121
2,1215501,23122
2,1215501,23123
2,1215501,23124
2,1215501,23125
2,1215501,23126
2,1215501,23127
2,1215501,23128
2,1215501,23129
2,1215501,23230
2,1215501,23231
2,1215501,23232
2,1215501,23233
2,1215501,23234
2,1215501,23235
2,1215501,23236
2,1215501,23238
2,1215501,23239
2,1215501,23241
2,1215501,23242
2,1215501,23243
2,1215501,23244
2,1215501,23245
2,1215501,23246
2,1215501,23247
2,1215501,23248
2,1215501,23249
2,1215554,21211
2,1215554,21212
2,1215554,21213
2,1215554,21214
2,1215554,21215
2,1215554,21216
2,1215554,21217
2,1215554,21218
2,1215554,21219
2,1215554,21221
2,1215554,21222
2,1215554,21223
2,1215554,21224
2,1215554,21225
2,1215554,21226
2,1215554,21227
2,1215554,21228
2,1215554,21229
2,1215554,21261
2,1215554,21262
2,1215554,21263
2,1215554,21264
2,1215554,21271
2,1215554,21272
2,1215554,21273
2,1215554,21274
2,1215554,21352
2,1215554,21381
2,1215630,24313
2,1215630,24352
2,1215630,24354
2,1215630,24355
2,1215630,24371
2,1215630,24372
2,1215630,24373
2,1215630,24374
2,1215630,24376
2,1215630,24377
2,1215630,24381
2,1215630,24382
2,1215630,24385
2,1215630,24386
2,1215630,24391
2,1215630,24392
2,1215630,24393
2,1215630,24394
2,1215631,24452
2,1215631,24453
2,1215631,24454
2,1215631,24455
2,1215631,24456
2,1215631,24457
2,1215631,24458
2,1215631,24461
2,1215632,24651
2,1215632,24652
2,1215632,24653
2,1215632,24661
2,1215632,24671
2,1215632,24673
2,1215632,24678
2,1215633,24511
2,1215633,24512
2,1215633,24513
2,1215633,24514
2,1215633,24515
2,1215633,24516
2,1215633,24517
2,1215633,24518
2,1215633,24519
2,1215633,24552
2,1215633,24561
2,1215633,24562
2,1215633,24563
2,1215633,24568
2,1215633,24571
2,1215634,23711
2,1215634,23712
2,1215634,23713
2,1215634,23714
2,1215634,23715
2,1215634,23716
2,1215634,23717
2,1215634,23718
2,1215634,23752
2,1215634,23753
2,1215634,23754
2,1215634,23755
2,1215634,23757
2,1215634,23758
2,1215634,23761
2,1215634,23771
2,1215634,23772
2,1215634,23773
2,1215634,23774
2,1215634,23776
2,1215635,23351
2,1215635,23352
2,1215635,23353
2,1215635,23354
2,1215635,23361
2,1215635,23362
2,1215635,23363
2,1215635,23371
2,1215635,23372
2,1215635,23373
2,1215635,23381
2,1215635,23391
2,1215635,23911
2,1215635,23912
2,1215635,23913
2,1215635,23915
2,1215635,23917
2,1215635,23918
2,1215635,23919
2,1215635,23951
2,1215635,23952
2,1215636,23611
2,1215636,23612
2,1215636,23613
2,1215636,23614
2,1215636,23615
2,1215636,23616
2,1215636,23617
2,1215636,23618
2,1215636,23652
2,1215636,23654
2,1215636,23681
2,1215636,23682
2,1215636,23683
2,1621175,55111
2,1621175,55112
2,1621175,55121
2,1621175,55122
2,1621175,55131
2,1621175,55132
2,1621175,55133
2,1621175,55141
2,1621175,55142
2,1621175,55143
2,1621175,55151
2,1621175,55152
2,1621175,55153
2,1621175,55161
2,1621175,55162
2,1621175,55163
2,1621175,55164
2,1621175,55165
2,1621175,55166
2,1621175,55167
2,1621175,55171
2,1621175,55172
2,1621175,55173
2,1621175,55211
2,1621175,55212
2,1621175,55213
2,1621175,55221
2,1621175,55222
2,1621175,55223
2,1621175,55224
2,1621175,55225
2,1621175,55231
2,1621175,55232
2,1621175,55233
2,1621175,55241
2,1621175,55242
2,1621175,55243
2,1621175,55244
2,1621175,55251
2,1621175,55252
2,1621175,55253
2,1621175,55261
2,1621175,55262
2,1621175,55271
2,1621175,55272
2,1621238,98261
2,1621238,98262
2,1621238,98263
2,1621430,57611
2,1621430,57612
2,1621430,57613
2,1621430,57614
2,1621430,57615
2,1621430,57652
2,1621430,57661
2,1621430,57662
2,1621430,57663
2,1621430,57664
2,1621430,57671
2,1621430,57672
2,1621430,57673
2,1621430,57674
2,1621430,57675
2,1621430,57677
2,1621430,57678
2,1621430,57681
2,1621430,57682
2,1621430,57683
2,1621430,57691
2,1621430,57692
2,1621430,57693
2,1621430,57694
2,1621430,57695
2,1621430,57696
2,1621430,57697
2,1621430,57698
2,1622267,90911
2,1622267,90912
2,1622267,90913
2,1622267,90914
2,1622267,90915
2,1622267,90916
2,1622267,90917
2,1622267,90918
2,1622267,90951
2,1622267,90952
2,1622267,90953
2,1622267,90954
2,1622267,90961
2,1622267,90971
2,1622267,90981
2,1622267,90982
2,1622267,90983
2,1622267,90984
2,1622267,90991
2,1622267,90992
2,1622267,90993
2,1622785,90111
2,1622785,90112
2,1622785,90113
2,1622785,90114
2,1622785,90115
2,1622785,90121
2,1622785,90122
2,1622785,90123
2,1622785,90125
2,1622785,90126
2,1622785,90131
2,1622785,90132
2,1622785,90133
2,1622785,90134
2,1622785,90135
2,1622785,90141
2,1622785,90142
2,1622785,90143
2,1622785,90144
2,1622785,90145
2,1622785,90151
2,1622785,90152
2,1622785,90153
2,1622785,90154
2,1622785,90155
2,1622785,90156
2,1622785,90157
2,1622785,90161
2,1622785,90162
2,1622785,90163
2,1622785,90164
2,1622785,90165
2,1622785,90166
2,1622785,90167
2,1622785,90168
2,1622785,90171
2,1622785,90172
2,1622785,90173
2,1622785,90174
2,1622785,90211
2,1622785,90212
2,1622785,90213
2,1622785,90214
2,1622785,90215
2,1622785,90216
2,1622785,90217
2,1622785,90221
2,1622785,90222
2,1622785,90223
2,1622785,90224
2,1622785,90225
2,1622785,90231
2,1622785,90232
2,1622785,90233
2,1622785,90234
2,1622785,90235
2,1622785,90241
2,1622785,90242
2,1622785,90243
2,1622785,90244
2,1622785,90245
2,1623079,66212
2,1623079,66213
2,1623079,66214
2,1623079,66215
2,1623079,66216
2,1623079,66217
2,1623079,66218
2,1623079,66219
2,1623079,66221
2,1623079,66222
2,1623079,66223
2,1623079,66224
2,1623079,66225
2,1623079,66226
2,1623079,66227
2,1623079,66228
2,1623079,66229
2,1623079,66231
2,1623079,66232
2,1623079,66233
2,1623079,66234
2,1623079,66235
2,1623079,66252
2,1623079,66253
2,1623079,66254
2,1623079,66261
2,1623079,66262
2,1623079,66263
2,1623079,66272
2,1623079,66273
2,1623079,66274
2,1623079,66275
2,1623079,66281
2,1623079,66283
2,1623079,66284
2,1623079,66291
2,1623079,66292
2,1623079,66293
2,1623178,62311
2,1623178,62312
2,1623178,62313
2,1623178,62314
2,1623178,62315
2,1623178,62316
2,1623178,62317
2,1623178,62318
2,1623178,62319
2,1623178,62352
2,1623178,62353
2,1623178,62354
2,1623178,62355
2,1623178,62356
2,1623178,62357
2,1623178,62361
2,1623178,62362
2,1623178,62363
2,1623178,62364
2,1623178,62365
2,1623178,62366
2,1623178,62371
2,1623178,62372
2,1623178,62381
2,1623178,62382
2,1623178,62383
2,1623178,62391
2,1623250,66311
2,1623250,66312
2,1623250,66313
2,1623250,66314
2,1623250,66315
2,1623250,66316
2,1623250,66317
2,1623250,66318
2,1623250,66319
2,1623250,66351
2,1623250,66352
2,1623250,66361
2,1623250,66362
2,1623250,66363
2,1623250,66364
2,1623250,66365
2,1623250,66371
2,1623250,66372
2,1623250,66373
2,1623250,66381
2,1623250,66382
2,1623839,85611
2,1623839,85612
2,1623839,85613
2,1623839,85614
2,1623839,85615
2,1623839,85616
2,1623839,85617
2,1623839,85651
2,1623839,85661
2,1623839,85671
2,1623839,85681
2,1623839,85682
2,1623840,85511
2,1623840,85514
2,1623840,85515
2,1623840,85516
2,1623840,85517
2,1623840,85519
2,1623840,85551
2,1623840,85552
2,1623840,85561
2,1623840,85562
2,1623840,85563
2,1623840,85571
2,1623840,85572
2,1623840,85573
2,1623840,85574
2,1623840,85575
2,1624237,56211
2,1624237,56212
2,1624237,56213
2,1624237,56214
2,1624237,56215
2,1624237,56216
2,1624237,56217
2,1624237,56218
2,1624237,56221
2,1624237,56222
2,1624237,56223
2,1624237,56224
2,1624237,56225
2,1624237,56226
2,1624237,56227
2,1624237,56228
2,1624237,56229
2,1624237,56252
2,1624237,56253
2,1624237,56254
2,1624237,56255
2,1624237,56256
2,1624237,56257
2,1624237,56258
2,1624237,56259
2,1624237,56261
2,1624237,56262
2,1624237,56263
2,1624237,56264
2,1624237,56265
2,1624237,56266
2,1624237,56271
2,1624237,56272
2,1624237,56281
2,1624237,56282
2,1624237,56283
2,1624493,52111
2,1624493,52112
2,1624493,52114
2,1624493,52115
2,1624493,52117
2,1624493,52121
2,1624493,52122
2,1624493,52123
2,1624493,52124
2,1624493,52125
2,1624493,52131
2,1624493,52132
2,1624493,52133
2,1624493,52134
2,1624493,52135
2,1624493,52136
2,1624493,52137
2,1624493,52138
2,1624493,52141
2,1624493,52143
2,1624493,52144
2,1624493,52146
2,1624493,52147
2,1624493,52181
2,1624493,52182
2,1624493,52183
2,1624493,52184
2,1624493,52192
2,1624493,52193
2,1624493,52194
2,1624493,52411
2,1624493,52412
2,1624493,52413
2,1624493,52414
2,1624493,52415
2,1624493,52416
2,1624493,52418
2,1624493,52419
2,1624493,52451
2,1624493,52461
2,1624493,52462
2,1624493,52463
2,1624493,52464
2,1624493,52465
2,1624493,52466
2,1624493,52471
2,1624493,52472
2,1624493,52473
2,1624646,46111
2,1624646,46112
2,1624646,46113
2,1624646,46114
2,1624646,46115
2,1624646,46121
2,1624646,46122
2,1624646,46123
2,1624646,46124
2,1624646,46125
2,1624646,46126
2,1624646,46131
2,1624646,46132
2,1624646,46133
2,1624646,46134
2,1624646,46151
2,1624646,46153
2,1624646,46155
2,1624646,46156
2,1624646,46158
2,1624646,46168
2,1624646,46175
2,1624646,46181
2,1624646,46182
2,1624646,46183
2,1624646,46184
2,1624646,46185
2,1624646,46186
2,1624646,46187
2,1624646,46188
2,1624646,46189
2,1624646,46192
2,1624646,46193
2,1624646,46194
2,1624646,46195
2,1624646,46196
2,1624646,46197
2,1624646,46198
2,1624646,46411
2,1624646,46412
2,1624646,46413
2,1624646,46414
2,1624646,46415
2,1624646,46416
2,1624646,46417
2,1624646,46418
2,1624646,46461
2,1624646,46462
2,1624646,46463
2,1624646,46464
2,1624646,46465
2,1624646,46466
2,1624646,46471
2,1624646,46473
2,1624646,46474
2,1624646,46475
2,1624750,71111
2,1624750,71112
2,1624750,71113
2,1624750,71114
2,1624750,71152
2,1624750,71153
2,1624750,71154
2,1624750,71161
2,1624750,71162
2,1624750,71171
2,1624750,71181
2,1624750,71183
2,1624750,71184
2,1624750,71185
2,1624750,71191
2,1624916,35111
2,1624916,35112
2,1624916,35113
2,1624916,35115
2,1624916,35116
2,1624916,35117
2,1624916,35118
2,1624916,35119
2,1624916,35121
2,1624916,35122
2,1624916,35123
2,1624916,35124
2,1624916,35125
2,1624916,35126
2,1624916,35127
2,1624916,35128
2,1624916,35129
2,1624916,35131
2,1624916,35132
2,1624916,35133
2,1624916,35134
2,1624916,35135
2,1624916,35136
2,1624916,35141
2,1624916,35142
2,1624916,35143
2,1624916,35144
2,1624916,35145
2,1624916,35146
2,1624916,35147
2,1624916,35148
2,1624916,35149
2,1624916,35151
2,1624916,35152
2,1624916,35153
2,1624916,35154
2,1624916,35155
2,1624916,35156
2,1624916,35157
2,1624916,35158
2,1624916,35159
2,1624916,35211
2,1624916,35212
2,1624916,35213
2,1624916,35214
2,1624916,35215
2,1624916,35221
2,1624916,35222
2,1624916,35223
2,1624916,35224
2,1624916,35225
2,1624916,35226
2,1624916,35227
2,1624916,35228
2,1624916,35229
2,1624916,35231
2,1624916,35232
2,1624916,35233
2,1624916,35234
2,1624916,35235
2,1624916,35236
2,1624916,35237
2,1624916,35238
2,1624916,35239
2,1624916,35241
2,1624916,35242
2,1624916,35243
2,1624916,35244
2,1624916,35245
2,1624916,35246
2,1625083,15111
2,1625083,15112
2,1625083,15113
2,1625083,15114
2,1625083,15115
2,1625083,15116
2,1625083,15117
2,1625083,15118
2,1625083,15119
2,1625083,15121
2,1625083,15122
2,1625083,15123
2,1625083,15124
2,1625083,15125
2,1625083,15126
2,1625083,15127
2,1625083,15128
2,1625083,15129
2,1625083,15131
2,1625083,15132
2,1625083,15133
2,1625083,15134
2,1625083,15135
2,1625083,15136
2,1625083,15137
2,1625083,15138
2,1625083,15139
2,1625083,15141
2,1625083,15142
2,1625083,15143
2,1625083,15144
2,1625083,15145
2,1625083,15146
2,1625083,15147
2,1625083,15148
2,1625083,15151
2,1625083,15152
2,1625083,15153
2,1625083,15154
2,1625083,15155
2,1625083,15156
2,1625083,15157
2,1625083,15158
2,1625083,15159
2,1625083,15211
2,1625083,15212
2,1625083,15213
2,1625083,15214
2,1625083,15215
2,1625083,15330
2,1625083,15331
2,1625083,15332
2,1625083,15334
2,1625083,15335
2,1625083,15336
2,1625083,15337
2,1625083,15338
2,1625083,15339
2,1625083,15340
2,1625083,15341
2,1625083,15342
2,1625083,15343
2,1625083,15344
2,1625083,15345
2,1625083,15510
2,1625083,15520
2,1625083,15530
2,1625083,15540
2,1625083,15550
2,1625083,15560
2,1625083,15570
2,1625083,15610
2,1625083,15620
2,1625083,15710
2,1625083,15720
2,1625083,15730
2,1625083,15810
2,1625083,15820
2,1625123,91811
2,1625123,91812
2,1625123,91813
2,1625123,91814
2,1625123,91815
2,1625123,91817
2,1625123,91854
2,1625123,91856
2,1625123,91861
2,1625123,91862
2,1625123,91871
2,1625123,91872
2,1625123,91873
2,1625123,91881
2,1625166,70812
2,1625166,70814
2,1625166,70815
2,1625166,70852
2,1625166,70853
2,1625166,70854
2,1625166,70861
2,1625166,70871
2,1625166,70881
2,1625166,70882
2,1625166,70883
2,1625545,92211
2,1625545,92221
2,1625545,92231
2,1625545,92232
2,1625545,92252
2,1625545,92254
2,1625545,92255
2,1625545,92261
2,1625707,82111
2,1625707,82112
2,1625707,82113
2,1625707,82114
2,1625707,82115
2,1625707,82121
2,1625707,82123
2,1625707,82152
2,1625707,82161
2,1625707,82162
2,1625707,82163
2,1625707,82181
2,1625707,82191
2,1625714,71512
2,1625714,71513
2,1625714,71514
2,1625714,71515
2,1625714,71552
2,1625714,71553
2,1625714,71554
2,1625714,71555
2,1625714,71561
2,1625714,71571
2,1625714,71572
2,1625714,71573
2,1625714,71574
2,1625714,71575
2,1625714,72167
2,1625820,60111
2,1625820,60112
2,1625820,60113
2,1625820,60114
2,1625820,60115
2,1625820,60116
2,1625820,60117
2,1625820,60118
2,1625820,60119
2,1625820,60121
2,1625820,60122
2,1625820,60123
2,1625820,60124
2,1625820,60125
2,1625820,60126
2,1625820,60127
2,1625820,60128
2,1625820,60129
2,1625820,60131
2,1625820,60132
2,1625820,60133
2,1625820,60134
2,1625820,60135
2,1625820,60136
2,1625820,60137
2,1625820,60138
2,1625820,60141
2,1625820,60142
2,1625820,60143
2,1625820,60144
2,1625820,60145
2,1625820,60151
2,1625820,60152
2,1625820,60153
2,1625820,60154
2,1625820,60155
2,1625820,60161
2,1625820,60162
2,1625820,60163
2,1625820,60164
2,1625820,60165
2,1625820,60171
2,1625820,60172
2,1625820,60173
2,1625820,60174
2,1625820,60175
2,1625820,60176
2,1625820,60177
2,1625820,60178
2,1625820,60179
2,1625820,60182
2,1625820,60183
2,1625820,60184
2,1625820,60185
2,1625820,60186
2,1625820,60187
2,1625820,60188
2,1625820,60189
2,1625820,60191
2,1625820,60192
2,1625820,60193
2,1625820,60195
2,1625820,60196
2,1625820,60197
2,1625820,60198
2,1625820,60199
2,1625820,60211
2,1625820,60212
2,1625820,60213
2,1625820,60214
2,1625820,60215
2,1625820,60216
2,1625820,60217
2,1625820,60218
2,1625820,60219
2,1625820,60221
2,1625820,60222
2,1625820,60223
2,1625820,60224
2,1625820,60225
2,1625820,60226
2,1625820,60227
2,1625820,60228
2,1625820,60229
2,1625820,60231
2,1625820,60232
2,1625820,60233
2,1625820,60234
2,1625820,60235
2,1625820,60236
2,1625820,60237
2,1625820,60238
2,1625820,60239
2,1625820,60241
2,1625820,60242
2,1625820,60243
2,1625820,60244
2,1625820,60245
2,1625820,60246
2,1625820,60251
2,1625820,60252
2,1625820,60253
2,1625820,60254
2,1625820,60255
2,1625820,60256
2,1625820,60261
2,1625820,60262
2,1625820,60263
2,1625820,60264
2,1625820,60265
2,1625820,60271
2,1625820,60272
2,1625820,60273
2,1625820,60274
2,1625820,60275
2,1625820,60281
2,1625820,60282
2,1625820,60283
2,1625820,60284
2,1625820,60285
2,1625820,60286
2,1625820,60291
2,1625820,60292
2,1625820,60293
2,1625820,60294
2,1625820,60295
2,1625820,60296
2,1625820,60297
2,1625820,60298
2,1625820,60299
2,1626102,45311
2,1626102,45313
2,1626102,45314
2,1626102,45315
2,1626102,45321
2,1626102,45322
2,1626102,45323
2,1626102,45353
2,1626102,45354
2,1626102,45355
2,1626102,45356
2,1626102,45361
2,1626102,45362
2,1626102,45363
2,1626102,45364
2,1626102,45365
2,1626102,45366
2,1626102,45371
2,1626102,45372
2,1626102,45373
2,1626102,45375
2,1626102,45376
2,1626102,45377
2,1626102,45381
2,1626102,45382
2,1626102,45383
2,1626102,45391
2,1626102,45392
2,1626102,45393
2,1626190,87111
2,1626190,87112
2,1626190,87113
2,1626190,87114
2,1626190,87115
2,1626190,87116
2,1626190,87152
2,1626190,87153
2,1626190,87161
2,1626190,87171
2,1626190,87172
2,1626190,87181
2,1626190,87182
2,1626193,87211
2,1626193,87212
2,1626193,87213
2,1626193,87214
2,1626193,87215
2,1626193,87216
2,1626193,87217
2,1626193,87257
2,1626193,87271
2,1626193,87272
2,1626193,87284
2,1626271,57161
2,1626271,57163
2,1626271,57164
2,1626271,57165
2,1626271,57166
2,1626271,57168
2,1626271,57169
2,1626271,57511
2,1626271,57512
2,1626271,57513
2,1626271,57514
2,1626271,57516
2,1626271,57519
2,1626271,57521
2,1626271,57524
2,1626271,57527
2,1626271,57528
2,1626271,57551
2,1626271,57552
2,1626271,57554
2,1626271,57555
2,1626271,57556
2,1626271,57557
2,1626271,57561
2,1626271,57562
2,1626271,57563
2,1626271,57571
2,1626379,43111
2,1626379,43112
2,1626379,43113
2,1626379,43114
2,1626379,43115
2,1626379,43116
2,1626379,43121
2,1626379,43122
2,1626379,43123
2,1626379,43131
2,1626379,43132
2,1626379,43133
2,1626379,43134
2,1626379,43135
2,1626379,43141
2,1626379,43142
2,1626379,43143
2,1626379,43144
2,1626379,43145
2,1626379,43151
2,1626379,43152
2,1626379,43153
2,1626379,43154
2,1626379,43155
2,1626379,43156
2,1626379,43157
2,1626379,43161
2,1626379,43162
2,1626379,43165
2,1626379,43166
2,1626379,43167
2,1626379,43168
2,1626379,43169
2,1626379,43171
2,1626379,43172
2,1626379,43173
2,1626379,43174
2,1626379,43175
2,1626379,43176
2,1626379,43177
2,1626379,43178
2,1626379,43179
2,1626379,43181
2,1626379,43182
2,1626379,43183
2,1626379,43184
2,1626379,43185
2,1626379,43186
2,1626379,43187
2,1626379,43191
2,1626379,43192
2,1626379,43193
2,1626379,43194
2,1626379,43196
2,1626379,43197
2,1626379,43351
2,1626379,43353
2,1626379,43354
2,1626379,43355
2,1626379,43356
2,1626379,43357
2,1626379,43358
2,1626379,43359
2,1626379,43361
2,1626379,43362
2,1626379,43363
2,1626379,43364
2,1626379,43365
2,1626379,43366
2,1626379,43367
2,1626379,43368
2,1626645,27311
2,1626645,27312
2,1626645,27313
2,1626645,27314
2,1626645,27315
2,1626645,27316
2,1626645,27317
2,1626645,27321
2,1626645,27322
2,1626645,27323
2,1626645,27324
2,1626645,27325
2,1626645,27326
2,1626645,27355
2,1626645,27356
2,1626645,27361
2,1626645,27365
2,1626645,27371
2,1626645,27372
2,1626645,27373
2,1626645,27381
2,1626645,27383
2,1626645,27387
2,1626645,27388
2,1626886,78611
2,1626886,78612
2,1626886,78613
2,1626886,78614
2,1626886,78615
2,1626886,78616
2,1626886,78617
2,1626886,78618
2,1626886,78619
2,1626886,78652
2,1626886,78653
2,1626886,78654
2,1626886,78655
2,1626886,78656
2,1626886,78661
2,1626886,78662
2,1626886,78663
2,1626886,78683
2,1626886,78684
2,1626886,78691
2,1626886,78693
2,1626886,78694
2,1626894,91671
2,1626894,92611
2,1626894,92612
2,1626894,92613
2,1626894,92614
2,1626894,92615
2,1626894,92616
2,1626894,92652
2,1626894,92653
2,1626894,92654
2,1626894,92661
2,1626894,92662
2,1626894,92671
2,1627182,86111
2,1627182,86112
2,1627182,86113
2,1627182,86114
2,1627182,86115
2,1627182,86116
2,1627182,86118
2,1627182,86152
2,1627182,86153
2,1627182,86161
2,1627182,86171
2,1627182,86181
2,1627182,86183
2,1627182,86215
2,1627252,61212
2,1627252,61213
2,1627252,61214
2,1627252,61215
2,1627252,61216
2,1627252,61217
2,1627252,61218
2,1627252,61219
2,1627252,61223
2,1627252,61224
2,1627252,61225
2,1627252,61226
2,1627252,61228
2,1627252,61231
2,1627252,61233
2,1627252,61234
2,1627252,61252
2,1627252,61253
2,1627252,61254
2,1627252,61256
2,1627252,61257
2,1627252,61258
2,1627252,61261
2,1627252,61262
2,1627252,61263
2,1627252,61264
2,1627252,61265
2,1627252,61271
2,1627252,61272
2,1627252,61273
2,1627252,61274
2,1627252,61275
2,1627252,61276
2,1627443,74213
2,1627443,74214
2,1627443,74215
2,1627443,74261
2,1627443,74271
2,1627443,74281
2,1627443,74291
2,1627545,42111
2,1627545,42112
2,1627545,42113
2,1627545,42114
2,1627545,42115
2,1627545,42116
2,1627545,42117
2,1627545,42118
2,1627545,42119
2,1627545,42121
2,1627545,42122
2,1627545,42123
2,1627545,42124
2,1627545,42125
2,1627545,42126
2,1627545,42127
2,1627545,42128
2,1627545,42161
2,1627545,42162
2,1627545,42163
2,1627545,42164
2,1627545,42165
2,1627545,42166
2,1627545,42167
2,1627545,42168
2,1627545,42171
2,1627545,42172
2,1627545,42173
2,1627545,42174
2,1627545,42175
2,1627545,42176
2,1627545,42177
2,1627545,42178
2,1627545,42181
2,1627545,42182
2,1627545,42183
2,1627545,42184
2,1627545,42185
2,1627545,42186
2,1627545,42191
2,1627545,42192
2,1627545,42193
2,1627545,42194
2,1627545,42195
2,1627545,42196
2,1627545,42453
2,1627545,42454
2,1627545,42455
2,1628471,27411
2,1628471,27412
2,1628471,27413
2,1628471,27415
2,1628471,27416
2,1628471,27418
2,1628471,27419
2,1628471,27421
2,1628471,27422
2,1628471,27423
2,1628471,27424
2,1628471,27425
2,1628471,27427
2,1628471,27431
2,1628471,27432
2,1628471,27433
2,1628471,27434
2,1628471,27435
2,1628471,27441
2,1628471,27442
2,1628471,27443
2,1628471,27444
2,1628471,27445
2,1628471,27446
2,1628471,27447
2,1628471,27448
2,1628471,27449
2,1628580,37382
2,1628580,37481
2,1628580,37482
2,1628580,37485
2,1628580,37491
2,1628580,37492
2,1628775,95811
2,1628775,95812
2,1628775,95813
2,1628775,95814
2,1628775,95815
2,1628775,95816
2,1628775,95817
2,1628775,95818
2,1628775,95852
2,1628775,95853
2,1628775,95854
2,1628775,95855
2,1628775,95856
2,1628775,95857
2,1628775,95858
2,1628799,78511
2,1628799,78512
2,1628799,78513
2,1628799,78514
2,1628799,78515
2,1628799,78516
2,1628799,78552
2,1628799,78553
2,1628799,78554
2,1628799,78555
2,1628799,78556
2,1628799,78557
2,1628799,78561
2,1628799,78562
2,1628799,78563
2,1628799,78564
2,1628799,78571
2,1628799,78572
2,1628799,78581
2,1628799,78591
2,1628896,69212
2,1628896,69215
2,1628896,69216
2,1628896,69252
2,1628896,69253
2,1628896,69254
2,1628896,69261
2,1628896,69262
2,1628896,69263
2,1628896,69271
2,1628896,69272
2,1628896,69273
2,1628896,69281
2,1628896,69291
2,1628978,79154
2,1628978,79417
2,1628978,79452
2,1628978,79453
2,1628978,79454
2,1628978,79461
2,1628978,79462
2,1628978,79463
2,1628978,79465
2,1628978,79466
2,1628978,79467
2,1629000,75111
2,1629000,75112
2,1629000,75113
2,1629000,75114
2,1629000,75115
2,1629000,75116
2,1629000,75117
2,1629000,75118
2,1629000,75119
2,1629000,75121
2,1629000,75122
2,1629000,75123
2,1629000,75124
2,1629000,75125
2,1629000,75126
2,1629000,75127
2,1629000,75128
2,1629000,75131
2,1629000,75133
2,1629000,75241
2,1629000,75242
2,1629000,75243
2,1629000,75253
2,1629000,77111
2,1629746,59211
2,1629746,59212
2,1629746,59213
2,1629746,59214
2,1629746,59215
2,1629746,59217
2,1629746,59218
2,1629746,59219
2,1629746,59252
2,1629746,59253
2,1629746,59254
2,1629746,59255
2,1629746,59261
2,1629746,59262
2,1629746,59263
2,1629746,59264
2,1629746,59265
2,1629746,59271
2,1629746,59272
2,1629746,59273
2,1629746,59274
2,1629764,39111
2,1629764,39112
2,1629764,39113
2,1629764,39114
2,1629764,39115
2,1629764,39116
2,1629764,39117
2,1629764,39118
2,1629764,39119
2,1629764,39121
2,1629764,39123
2,1629764,39124
2,1629764,39125
2,1629764,39152
2,1629764,39153
2,1629764,39182
2,1629764,39183
2,1630210,98481
2,1630210,98482
2,1630210,98483
2,1630210,98484
2,1630324,54112
2,1630324,54113
2,1630324,54114
2,1630324,54115
2,1630324,54116
2,1630324,54117
2,1630324,54118
2,1630324,54119
2,1630324,54151
2,1630324,54171
2,1630324,54172
2,1630324,54173
2,1630324,54174
2,1630324,54175
2,1630324,54181
2,1630324,54183
2,1630324,54191
2,1630324,54211
2,1630324,54212
2,1630324,54214
2,1630324,54215
2,1630324,54222
2,1630324,54223
2,1630324,54224
2,1630324,54251
2,1630324,54261
2,1630324,54262
2,1630324,54263
2,1630324,54264
2,1630324,54265
2,1630340,41111
2,1630340,41112
2,1630340,41113
2,1630340,41114
2,1630340,41115
2,1630340,41116
2,1630340,41117
2,1630340,41118
2,1630340,41119
2,1630340,41151
2,1630340,41152
2,1630340,41161
2,1630340,41162
2,1630340,41163
2,1630340,41164
2,1630340,41165
2,1630340,41166
2,1630340,41167
2,1630340,41171
2,1630340,41172
2,1630340,41174
2,1630340,41175
2,1630340,41181
2,1630633,67211
2,1630633,67212
2,1630633,67213
2,1630633,67214
2,1630633,67215
2,1630633,67216
2,1630633,67217
2,1630633,67218
2,1630633,67219
2,1630633,67221
2,1630633,67222
2,1630633,67223
2,1630633,67224
2,1630633,67225
2,1630633,67226
2,1630633,67227
2,1630633,67228
2,1630633,67229
2,1630633,67231
2,1630633,67232
2,1630633,67233
2,1630633,67236
2,1630633,67237
2,1630633,67238
2,1630633,67239
2,1630633,67251
2,1630633,67252
2,1630633,67253
2,1630633,67254
2,1630633,67255
2,1630633,67261
2,1630633,67262
2,1630633,67263
2,1630633,67271
2,1630633,67272
2,1630633,67273
2,1630633,67274
2,1630633,67275
2,1630633,67276
2,1630633,67281
2,1630633,67282
2,1630633,67283
2,1630633,67284
2,1630633,67287
2,1630633,67288
2,1630633,67291
2,1630633,67292
2,1630633,67293
2,1630720,94611
2,1630720,94612
2,1630720,94613
2,1630720,94614
2,1630720,94615
2,1630720,94616
2,1630720,94617
2,1630720,94618
2,1630720,94619
2,1630720,94652
2,1630720,94653
2,1630720,94654
2,1630720,94661
2,1630720,94663
2,1630720,94664
2,1630787,78111
2,1630787,78112
2,1630787,78113
2,1630787,78114
2,1630787,78115
2,1630787,78116
2,1630787,78117
2,1630787,78121
2,1630787,78122
2,1630787,78123
2,1630787,78124
2,1630787,78132
2,1630787,78137
2,1630787,78231
2,1630787,78233
2,1630787,78234
2,1630787,78235
2,1630787,78236
2,1630787,78241
2,1630787,78242
2,1630787,78243
2,1630787,78244
2,1630787,78351
2,1630787,78353
2,1630787,78361
2,1630787,78371
2,1630787,78911
2,1630787,78912
2,1630787,78913
2,1630787,78914
2,1630787,78915
2,1630787,78916
2,1630787,78917
2,1630787,78918
2,1630787,78919
2,1630797,63411
2,1630797,63412
2,1630797,63413
2,1630797,63414
2,1630797,63415
2,1630797,63416
2,1630797,63417
2,1630797,63418
2,1630797,63419
2,1630797,63451
2,1630797,63453
2,1630797,63454
2,1630797,63455
2,1630797,63456
2,1630797,63461
2,1630797,63462
2,1630797,63463
2,1630797,63464
2,1630797,63471
2,1630797,63472
2,1630797,63473
2,1630797,63474
2,1630797,63475
2,1630797,63481
2,1630797,63482
2,1630797,63491
2,1630797,63492
2,1630797,63493
2,1630933,91311
2,1630933,91312
2,1630933,91313
2,1630933,91314
2,1630933,91315
2,1630933,91351
2,1630933,91352
2,1630933,91353
2,1630933,91354
2,1630933,91355
2,1630933,91412
2,1630933,91413
2,1630933,96365
2,1631102,91211
2,1631102,91212
2,1631102,91213
2,1631102,91214
2,1631102,91215
2,1631102,91216
2,1631102,91217
2,1631102,91218
2,1631102,91219
2,1631102,91221
2,1631102,91252
2,1631102,91253
2,1631102,91254
2,1631102,91256
2,1631102,91261
2,1631102,91262
2,1631102,91271
2,1631102,91272
2,1631300,25651
2,1631300,25652
2,1631300,25654
2,1631300,25661
2,1631300,25662
2,1631300,25663
2,1631300,25666
2,1631300,25668
2,1631300,25673
2,1631300,25674
2,1631647,52311
2,1631647,52312
2,1631647,52313
2,1631647,52314
2,1631647,52315
2,1631647,52316
2,1631647,52317
2,1631647,52318
2,1631647,52319
2,1631647,52352
2,1631647,52353
2,1631647,52354
2,1631647,52355
2,1631647,52356
2,1631647,52357
2,1631647,52361
2,1631647,52362
2,1631647,52363
2,1631647,52364
2,1631647,52365
2,1631647,52371
2,1631760,28111
2,1631760,28112
2,1631760,28114
2,1631760,28115
2,1631760,28116
2,1631760,28121
2,1631760,28122
2,1631760,28123
2,1631760,28124
2,1631760,28125
2,1631760,28126
2,1631760,28127
2,1631760,28128
2,1631760,28131
2,1631760,28141
2,1631760,28142
2,1631760,28143
2,1631760,28144
2,1631760,28151
2,1631760,28152
2,1631760,28153
2,1631760,28154
2,1631760,28155
2,1631760,28156
2,1631760,28261
2,1631760,28262
2,1631760,28263
2,1631760,28264
2,1631760,28265
2,1631760,28266
2,1631760,28267
2,1631760,28281
2,1631760,28282
2,1631760,28284
2,1631760,28285
2,1631760,28286
2,1631760,28287
2,1631760,28288
2,1631760,28289
2,1631760,28291
2,1631760,28292
2,1631760,28293
2,1631760,28294
2,1631763,51111
2,1631763,51112
2,1631763,51113
2,1631763,51116
2,1631763,51117
2,1631763,51118
2,1631763,51119
2,1631763,51122
2,1631763,51123
2,1631763,51124
2,1631763,51126
2,1631763,51127
2,1631763,51128
2,1631763,51129
2,1631763,51132
2,1631763,51133
2,1631763,51134
2,1631763,51135
2,1631763,51136
2,1631763,51137
2,1631763,51138
2,1631763,51139
2,1631763,51141
2,1631763,51143
2,1631763,51144
2,1631763,51145
2,1631763,51146
2,1631763,51147
2,1631763,51148
2,1631763,51149
2,1631763,51151
2,1631763,51152
2,1631763,51153
2,1631763,51155
2,1631763,51156
2,1631763,51161
2,1631763,51162
2,1631763,51163
2,1631763,51164
2,1631763,51171
2,1631763,51173
2,1631763,51174
2,1631763,51181
2,1631763,51182
2,1631763,51183
2,1631763,51191
2,1631763,51192
2,1631763,51193
2,1631789,99511
2,1631789,99552
2,1631789,99554
2,1631789,99557
2,1631789,99566
2,1631904,26211
2,1631904,26212
2,1631904,26213
2,1631904,26214
2,1631904,26215
2,1631904,26216
2,1631904,26217
2,1631904,26218
2,1631904,26219
2,1631904,26221
2,1631904,26222
2,1631904,26223
2,1631904,26224
2,1631904,26225
2,1631904,26226
2,1631904,26227
2,1631904,26228
2,1631904,26229
2,1631904,26231
2,1631904,26232
2,1631904,26233
2,1631904,26235
2,1631904,26236
2,1631904,26237
2,1631990,59111
2,1631990,59112
2,1631990,59113
2,1631990,59114
2,1631990,59115
2,1631990,59116
2,1631990,59117
2,1631990,59118
2,1631990,59119
2,1631990,59152
2,1631990,59153
2,1631990,59154
2,1631990,59155
2,1631990,59156
2,1631990,59157
2,1631990,59158
2,1631990,59161
2,1631990,59162
2,1631990,59163
2,1631990,59171
2,1631990,59172
2,1631990,59173
2,1631990,59174
2,1631990,59181
2,1631990,59182
2,1631990,59183
2,1631990,59184
2,1631990,59185
2,1631990,59186
2,1632032,67111
2,1632032,67112
2,1632032,67113
2,1632032,67114
2,1632032,67115
2,1632032,67116
2,1632032,67117
2,1632032,67118
2,1632032,67123
2,1632032,67124
2,1632032,67125
2,1632032,67126
2,1632032,67127
2,1632032,67128
2,1632032,67129
2,1632032,67131
2,1632032,67132
2,1632032,67133
2,1632032,67134
2,1632032,67135
2,1632032,67136
2,1632032,67137
2,1632032,67138
2,1632032,67139
2,1632032,67151
2,1632032,67152
2,1632032,67153
2,1632032,67154
2,1632032,67155
2,1632032,67156
2,1632032,67157
2,1632032,67161
2,1632032,67162
2,1632032,67163
2,1632032,67165
2,1632032,67171
2,1632032,67172
2,1632032,67173
2,1632032,67174
2,1632032,67175
2,1632032,67176
2,1632032,67177
2,1632032,67181
2,1632032,67182
2,1632032,67183
2,1632032,67184
2,1632032,67185
2,1632032,67186
2,1632352,91111
2,1632352,91112
2,1632352,91113
2,1632352,91114
2,1632352,91121
2,1632352,91122
2,1632352,91123
2,1632352,91125
2,1632352,91131
2,1632352,91132
2,1632352,91133
2,1632622,98711
2,1632622,98712
2,1632622,98713
2,1632622,98714
2,1632622,98715
2,1632622,98716
2,1632622,98717
2,1632622,98718
2,1632622,98719
2,1632622,98721
2,1632622,98722
2,1632622,98723
2,1632622,98724
2,1632622,98725
2,1632622,98726
2,1632622,98763
2,1632622,98766
2,1632622,98769
2,1632622,98782
2,1632653,33111
2,1632653,33113
2,1632653,33115
2,1632653,33116
2,1632653,33117
2,1632653,33118
2,1632653,33119
2,1632653,33121
2,1632653,33123
2,1632653,33124
2,1632653,33125
2,1632653,33127
2,1632653,33132
2,1632653,33133
2,1632653,33134
2,1632653,33135
2,1632653,33136
2,1632653,33137
2,1632653,33138
2,1632653,33139
2,1632653,33141
2,1632653,33142
2,1632653,33143
2,1632653,33145
2,1632653,33146
2,1632653,33147
2,1632653,33148
2,1632653,33149
2,1632723,90561
2,1632723,90611
2,1632723,90612
2,1632723,90613
2,1632723,90614
2,1632723,90615
2,1632723,90616
2,1632723,90617
2,1632723,90618
2,1632723,90619
2,1632723,90651
2,1632723,90653
2,1632723,90654
2,1632723,90655
2,1632723,90661
2,1632723,90671
2,1632723,90672
2,1632723,90673
2,1632822,42211
2,1632822,42212
2,1632822,42213
2,1632822,42214
2,1632822,42215
2,1632822,42216
2,1632822,42217
2,1632822,42218
2,1632822,42219
2,1632822,42251
2,1632822,42252
2,1632822,42253
2,1632822,42261
2,1632822,42262
2,1632822,42263
2,1632822,42264
2,1632822,42265
2,1632822,42271
2,1632822,42272
2,1632822,42273
2,1632822,42274
2,1632822,42275
2,1632822,42276
2,1632822,42277
2,1632822,42281
2,1632822,42282
2,1632822,42283
2,1632822,42284
2,1632822,42285
2,1632822,42286
2,1632902,68311
2,1632902,68312
2,1632902,68313
2,1632902,68314
2,1632902,68315
2,1632902,68316
2,1632902,68321
2,1632902,68322
2,1632902,68323
2,1632902,68351
2,1632902,68352
2,1632902,68353
2,1632902,68354
2,1632902,68355
2,1632902,68356
2,1632902,68357
2,1632902,68358
2,1632902,68359
2,1632902,68362
2,1632902,68363
2,1632902,68371
2,1632902,68372
2,1632902,68373
2,1632902,68374
2,1632977,69311
2,1632977,69312
2,1632977,69314
2,1632977,69316
2,1632977,69317
2,1632977,69321
2,1632977,69323
2,1632977,69352
2,1632977,69353
2,1632977,69354
2,1632977,69355
2,1632977,69356
2,1632977,69361
2,1632977,69362
2,1632977,69363
2,1632977,69371
2,1632977,69382
2,1632977,69383
2,1633033,94111
2,1633033,94115
2,1633033,94116
2,1633033,94118
2,1633033,94119
2,1633033,94141
2,1633033,94142
2,1633033,94143
2,1633033,94145
2,1633033,94146
2,1633033,94147
2,1633033,94148
2,1633033,94221
2,1633033,94222
2,1633033,94223
2,1633033,94225
2,1633033,94226
2,1633033,94227
2,1633033,94228
2,1633033,94229
2,1633033,94231
2,1633033,94232
2,1633033,94233
2,1633033,94234
2,1633033,94235
2,1633033,94236
2,1633033,94237
2,1633033,94238
2,1633033,94239
2,1633069,30111
2,1633069,30112
2,1633069,30113
2,1633069,30114
2,1633069,30115
2,1633069,30116
2,1633069,30117
2,1633069,30118
2,1633069,30119
2,1633069,30121
2,1633069,30122
2,1633069,30123
2,1633069,30124
2,1633069,30125
2,1633069,30126
2,1633069,30127
2,1633069,30128
2,1633069,30129
2,1633069,30131
2,1633069,30132
2,1633069,30133
2,1633069,30134
2,1633069,30135
2,1633069,30136
2,1633069,30137
2,1633069,30138
2,1633069,30139
2,1633069,30141
2,1633069,30142
2,1633069,30143
2,1633069,30144
2,1633069,30145
2,1633069,30146
2,1633069,30147
2,1633069,30148
2,1633069,30149
2,1633069,30151
2,1633069,30153
2,1633069,30154
2,1633069,30155
2,1633069,30161
2,1633069,30162
2,1633069,30163
2,1633069,30164
2,1633069,30165
2,1633069,30251
2,1633069,30252
2,1633069,30253
2,1633069,30254
2,1633069,30255
2,1633069,30257
2,1633069,30258
2,1633069,30259
2,1633069,30261
2,1633069,30262
2,1633069,30263
2,1633069,30264
2,1633069,30265
2,1633069,30266
2,1633069,30267
2,1633069,30268
2,1633117,73111
2,1633117,73112
2,1633117,73113
2,1633117,73114
2,1633117,73118
2,1633117,73221
2,1633117,73222
2,1633117,73223
2,1633117,73224
2,1633117,73225
2,1633117,73226
2,1633117,73227
2,1633117,73228
2,1633117,73229
2,1633373,25552
2,1633373,25561
2,1633373,25563
2,1633373,25564
2,1633373,25571
2,1633373,25572
2,1633373,25573
2,1633373,25581
2,1633373,25582
2,1633373,25584
2,1633373,25586
2,1633374,27111
2,1633374,27112
2,1633374,27113
2,1633374,27114
2,1633374,27115
2,1633374,27116
2,1633374,27117
2,1633374,27118
2,1633374,27121
2,1633374,27122
2,1633374,27123
2,1633374,27124
2,1633374,27125
2,1633374,27126
2,1633374,27127
2,1633374,27128
2,1633407,25111
2,1633407,25112
2,1633407,25114
2,1633407,25115
2,1633407,25117
2,1633407,25118
2,1633407,25119
2,1633407,25121
2,1633407,25122
2,1633407,25123
2,1633407,25125
2,1633407,25126
2,1633407,25129
2,1633407,25132
2,1633407,25133
2,1633407,25134
2,1633407,25136
2,1633407,25137
2,1633407,25139
2,1633407,25142
2,1633407,25143
2,1633407,25144
2,1633407,25145
2,1633407,25146
2,1633407,25147
2,1633407,25151
2,1633407,25152
2,1633407,25153
2,1633407,25154
2,1633407,25155
2,1633407,25156
2,1633407,25157
2,1633407,25158
2,1633407,25159
2,1633407,25161
2,1633407,25162
2,1633407,25163
2,1633407,25164
2,1633407,25166
2,1633407,25168
2,1633407,25171
2,1633407,25172
2,1633407,25173
2,1633407,25175
2,1633407,25176
2,1633407,25211
2,1633407,25212
2,1633407,25213
2,1633407,25214
2,1633407,25215
2,1633407,25216
2,1633407,25217
2,1633407,25221
2,1633407,25222
2,1633407,25223
2,1633407,25224
2,1633407,25225
2,1633407,25226
2,1633407,25227
2,1633407,25231
2,1633407,25232
2,1633407,25233
2,1633407,25234
2,1633407,25235
2,1633407,25236
2,1633407,25237
2,1633438,63511
2,1633438,63512
2,1633438,63513
2,1633438,63514
2,1633438,63515
2,1633438,63516
2,1633438,63517
2,1633438,63518
2,1633438,63552
2,1633438,63553
2,1633438,63554
2,1633438,63561
2,1633438,63571
2,1633438,63572
2,1633438,63573
2,1633438,63581
2,1633438,63582
2,1633438,63583
2,1633438,63584
2,1633658,32111
2,1633658,32112
2,1633658,32113
2,1633658,32114
2,1633658,32115
2,1633658,32116
2,1633658,32117
2,1633658,32121
2,1633658,32122
2,1633658,32123
2,1633658,32124
2,1633658,32125
2,1633658,32126
2,1633658,32151
2,1633658,32152
2,1633658,32155
2,1633658,32156
2,1633658,32157
2,1633658,32158
2,1633658,32159
2,1633658,32191
2,1633658,32192
2,1633659,30611
2,1633659,30612
2,1633659,30613
2,1633659,30614
2,1633659,30615
2,1633659,30616
2,1633659,30617
2,1633659,30618
2,1633659,30652
2,1633659,30654
2,1633659,30655
2,1633659,30656
2,1633659,30657
2,1633659,30658
2,1633659,30659
2,1633659,30671
2,1633659,30672
2,1633659,30673
2,1633659,30681
2,1634130,64311
2,1634130,64312
2,1634130,64313
2,1634130,64314
2,1634130,64315
2,1634130,64391
2,1634130,64392
2,1634130,64393
2,1634130,64394
2,1634130,64395
2,1634130,64411
2,1634130,64413
2,1634130,64415
2,1634130,64416
2,1634130,64417
2,1634130,64418
2,1634130,64419
2,1634130,64451
2,1634130,64452
2,1634130,64453
2,1634130,64461
2,1634130,64462
2,1634130,64471
2,1634130,64472
2,1634130,64473
2,1634130,64474
2,1634130,64475
2,1634130,64481
2,1634130,64482
2,1634130,64484
2,1634193,86411
2,1634193,86412
2,1634193,86413
2,1634193,86414
2,1634193,86415
2,1634193,86416
2,1634193,86417
2,1634193,86418
2,1634193,86419
2,1634193,86452
2,1634193,86461
2,1634643,30771
2,1634643,31625
2,1634643,31652
2,1634643,31654
2,1634643,31655
2,1634643,31656
2,1634643,31657
2,1634643,31658
2,1634643,31661
2,1634643,31662
2,1634643,31663
2,1634643,31665
2,1634643,31666
2,1634643,31667
2,1634643,31668
2,1634643,31669
2,1634644,30711
2,1634644,30752
2,1634644,30754
2,1634644,30755
2,1634644,30756
2,1634644,30757
2,1634644,30758
2,1634644,30759
2,1634654,73911
2,1634654,73961
2,1634654,73971
2,1634654,73981
2,1634654,73991
2,1634727,93611
2,1634727,93612
2,1634727,93613
2,1634727,93614
2,1634727,93615
2,1634727,93616
2,1634727,93618
2,1634727,93652
2,1634727,93653
2,1634727,93654
2,1634727,93655
2,1634727,93656
2,1634727,93657
2,1634727,93658
2,1634727,93659
2,1634727,93661
2,1634727,93662
2,1634727,93663
2,1634727,93664
2,1634727,93671
2,1634727,93674
2,1635109,61311
2,1635109,61312
2,1635109,61313
2,1635109,61314
2,1635109,61315
2,1635109,61316
2,1635109,61317
2,1635109,61318
2,1635109,61319
2,1635109,61321
2,1635109,61322
2,1635109,61323
2,1635109,61324
2,1635109,61325
2,1635109,61326
2,1635109,61327
2,1635109,61328
2,1635109,61351
2,1635109,61352
2,1635109,61353
2,1635109,61354
2,1635109,61361
2,1635109,61362
2,1635109,61363
2,1635109,61364
2,1635109,61371
2,1635109,61372
2,1635109,61373
2,1635109,61374
2,1635109,61375
2,1635109,61381
2,1635109,61382
2,1635109,61383
2,1635109,61384
2,1635109,61385
2,1635387,99611
2,1635387,99612
2,1635387,99613
2,1635387,99614
2,1635387,99615
2,1635387,99616
2,1635387,99651
2,1635387,99652
2,1635387,99654
2,1635387,99655
2,1635387,99656
2,1635881,83112
2,1635881,83113
2,1635881,83114
2,1635881,83115
2,1635881,83116
2,1635881,83117
2,1635881,83118
2,1635881,83121
2,1635881,83122
2,1635881,83123
2,1635881,83124
2,1635881,83125
2,1635881,83126
2,1635881,83127
2,1635881,83232
2,1635881,83233
2,1635881,83236
2,1635881,83237
2,1635881,83238
2,1635881,83239
2,1635881,83511
2,1636028,90511
2,1636028,90512
2,1636028,90513
2,1636028,90514
2,1636028,90515
2,1636028,90516
2,1636028,90552
2,1636028,90553
2,1636028,90554
2,1636028,90561
2,1636028,90562
2,1636028,90563
2,1636028,92754
2,1636306,98311
2,1636306,98312
2,1636306,98313
2,1636306,98314
2,1636306,98315
2,1636306,98352
2,1636306,98354
2,1636306,98356
2,1636306,98357
2,1636422,86511
2,1636422,86512
2,1636422,86513
2,1636422,86514
2,1636422,86515
2,1636422,86516
2,1636422,86517
2,1636422,86518
2,1636422,86519
2,1636422,86561
2,1636422,86591
2,1636422,86592
2,1636543,95111
2,1636543,95112
2,1636543,95113
2,1636543,95114
2,1636543,95115
2,1636543,95116
2,1636543,95117
2,1636543,95118
2,1636543,95119
2,1636543,95121
2,1636543,95122
2,1636543,95123
2,1636543,95124
2,1636543,95125
2,1636543,95126
2,1636543,95127
2,1636543,95128
2,1636543,95129
2,1636543,95161
2,1636543,95162
2,1636543,95163
2,1636543,95231
2,1636543,95232
2,1636543,95234
2,1636543,95238
2,1636543,95239
2,1636543,95246
2,1636543,95249
2,1636543,95251
2,1636543,95252
2,1636543,95253
2,1636543,95254
2,1636543,95256
2,1636543,95257
2,1636543,95258
2,1636543,95259
2,1636555,91352
2,1636555,91511
2,1636555,91512
2,1636555,91513
2,1636555,91514
2,1636555,91515
2,1636555,91561
2,1636555,91562
2,1636555,91563
2,1636625,97611
2,1636625,97615
2,1636625,97661
2,1636712,65111
2,1636712,65112
2,1636712,65113
2,1636712,65115
2,1636712,65116
2,1636712,65117
2,1636712,65118
2,1636712,65119
2,1636712,65121
2,1636712,65122
2,1636712,65123
2,1636712,65124
2,1636712,65125
2,1636712,65126
2,1636712,65132
2,1636712,65133
2,1636712,65134
2,1636712,65135
2,1636712,65136
2,1636712,65137
2,1636712,65138
2,1636712,65139
2,1636712,65141
2,1636712,65142
2,1636712,65143
2,1636712,65144
2,1636712,65145
2,1636712,65146
2,1636712,65147
2,1636712,65148
2,1636712,65149
2,1636712,65151
2,1636712,65152
2,1636712,65153
2,1636712,65154
2,1636712,65155
2,1636712,65156
2,1636712,65157
2,1636712,65158
2,1636712,65162
2,1636712,65163
2,1636712,65164
2,1636712,65165
2,1636712,65166
2,1636712,65167
2,1636712,65168
2,1636712,65171
2,1636712,65172
2,1636712,65173
2,1636712,65174
2,1636712,65175
2,1636712,65176
2,1636712,65178
2,1636712,65179
2,1636712,65181
2,1636712,65182
2,1636712,65183
2,1636712,65211
2,1636712,65213
2,1636712,65214
2,1636712,65215
2,1636712,65216
2,1636712,65391
2,1636712,65392
2,1636712,65393
2,1636805,91411
2,1636805,91412
2,1636805,91413
2,1636805,91414
2,1636805,91415
2,1636805,91451
2,1636805,91452
2,1636805,91453
2,1636815,45411
2,1636815,45412
2,1636815,45414
2,1636815,45415
2,1636815,45416
2,1636815,45417
2,1636815,45418
2,1636815,45419
2,1636815,45452
2,1636815,45453
2,1636815,45454
2,1636815,45455
2,1636815,45456
2,1636815,45457
2,1636815,45458
2,1636815,45459
2,1636815,45461
2,1636815,45462
2,1636815,45463
2,1636815,45464
2,1636815,45465
2,1636815,45466
2,1636815,45467
2,1636815,45468
2,1636815,45471
2,1636815,45472
2,1636815,45473
2,1636815,45474
2,1636815,45475
2,1636815,45476
2,1636882,56111
2,1636882,56112
2,1636882,56113
2,1636882,56114
2,1636882,56115
2,1636882,56116
2,1636882,56117
2,1636882,56121
2,1636882,56122
2,1636882,56123
2,1636882,56124
2,1636882,56125
2,1636882,56126
2,1636882,56127
2,1636882,56151
2,1636882,56152
2,1636882,56153
2,1636882,56161
2,1636882,56162
2,1636882,56163
2,1636882,56172
2,1636882,56191
2,1636882,56192
2,1636882,56193
2,1636882,56194
2,1636882,56195
2,1636882,56196
2,1636882,56411
2,1636882,56412
2,1636882,56413
2,1636882,56414
2,1636882,56415
2,1636882,56481
2,1636882,56482
2,1636882,56483
2,1636882,56484
2,1636882,56485
2,1636882,56511
2,1636882,56512
2,1636882,56553
2,1636927,63111
2,1636927,63112
2,1636927,63113
2,1636927,63117
2,1636927,63118
2,1636927,63119
2,1636927,63121
2,1636927,63122
2,1636927,63123
2,1636927,63125
2,1636927,63126
2,1636927,63127
2,1636927,63128
2,1636927,63129
2,1636927,63131
2,1636927,63132
2,1636927,63133
2,1636927,63134
2,1636927,63135
2,1636927,63136
2,1636927,63138
2,1636927,63139
2,1636927,63151
2,1636927,63152
2,1636927,63153
2,1636927,63154
2,1636927,63155
2,1636927,63156
2,1636927,63157
2,1636927,63161
2,1636927,63162
2,1636927,63171
2,1636927,63172
2,1636927,63173
2,1636927,63174
2,1636927,63181
2,1636927,63182
2,1637089,67311
2,1637089,67312
2,1637089,67313
2,1637089,67314
2,1637089,67315
2,1637089,67316
2,1637089,67352
2,1637089,67353
2,1637089,67354
2,1637089,67355
2,1637089,67356
2,1637089,67357
2,1637089,67358
2,1637089,67359
2,1637089,67361
2,1637089,67371
2,1637089,67372
2,1637089,67373
2,1637089,67374
2,1637089,67375
2,1637089,67381
2,1637089,67382
2,1637089,67383
2,1637365,83611
2,1637365,83612
2,1637365,83613
2,1637365,83614
2,1637365,83615
2,1637365,83616
2,1637365,83617
2,1637365,83618
2,1637365,83619
2,1637365,83652
2,1637365,83653
2,1637365,83654
2,1637365,83656
2,1637365,83661
2,1637365,83662
2,1637365,83663
2,1637365,83671
2,1637365,83672
2,1637366,83511
2,1637366,83512
2,1637366,83513
2,1637366,83514
2,1637366,83515
2,1637366,83516
2,1637366,83518
2,1637366,83519
2,1637366,83521
2,1637366,83522
2,1637366,83523
2,1637366,83552
2,1637366,83553
2,1637366,83554
2,1637366,83561
2,1637366,83562
2,1637366,83571
2,1637366,83572
2,1637366,83573
2,1637366,83581
2,1637366,83582
2,1637367,83351
2,1637367,83355
2,1637367,83361
2,1637367,83362
2,1637367,83363
2,1637367,83364
2,1637367,83365
2,1637367,83371
2,1638238,42311
2,1638238,42312
2,1638238,42313
2,1638238,42314
2,1638238,42315
2,1638238,42316
2,1638238,42317
2,1638238,42318
2,1638238,42319
2,1638238,42352
2,1638238,42353
2,1638238,42354
2,1638238,42355
2,1638238,42356
2,1638238,42357
2,1638238,42361
2,1638238,42362
2,1638238,42363
2,1638238,42364
2,1638238,42371
2,1638238,42372
2,1638238,42381
2,1638238,42391
2,1638238,42392
2,1638238,42393
2,1638238,42394
2,1638238,42395
2,1638238,42396
2,1638531,34511
2,1638531,34513
2,1638531,34514
2,1638531,34515
2,1638531,34516
2,1638531,34517
2,1638531,34518
2,1638531,34519
2,1638531,34554
2,1638531,34555
2,1638531,34556
2,1638531,34557
2,1638531,34558
2,1638531,34559
2,1638531,34581
2,1638531,34582
2,1638531,34583
2,1638532,34152
2,1638532,34153
2,1638532,34155
2,1638532,34156
2,1638532,34157
2,1638532,34158
2,1638532,34159
2,1638532,34161
2,1638532,34162
2,1638532,34163
2,1638532,34164
2,1638532,34166
2,1638532,34167
2,1638532,34168
2,1638532,34169
2,1638532,34171
2,1638532,34172
2,1638532,34173
2,1638532,34174
2,1638532,34175
2,1638532,34176
2,1638532,34179
2,1638532,35213
2,1638532,35513
2,1639093,45511
2,1639093,45512
2,1639093,45513
2,1639093,45514
2,1639093,45515
2,1639093,45516
2,1639093,45517
2,1639093,45518
2,1639093,45521
2,1639093,45552
2,1639093,45553
2,1639093,45554
2,1639093,45555
2,1639093,45556
2,1639093,45557
2,1639093,45558
2,1639093,45559
2,1639093,45561
2,1639093,45562
2,1639093,45563
2,1639093,45564
2,1639093,45565
2,1639093,45566
2,1639093,45571
2,1639093,45572
2,1639093,45573
2,1639093,45574
2,1639093,45575
2,1639093,45576
2,1639093,45581
2,1639093,45582
2,1639093,45583
2,1639093,45584
2,1639093,45585
2,1639093,45586
2,1639093,45587
2,1639093,45588
2,1639093,45591
2,1639093,45592
2,1639093,45593
2,1639093,45594
2,1639093,45595
2,1639214,59311
2,1639214,59312
2,1639214,59313
2,1639214,59314
2,1639214,59315
2,1639214,59316
2,1639214,59317
2,1639214,59318
2,1639214,59319
2,1639214,59321
2,1639214,59322
2,1639214,59323
2,1639214,59324
2,1639214,59325
2,1639214,59326
2,1639214,59327
2,1639214,59332
2,1639214,59333
2,1639214,59341
2,1639214,59342
2,1639214,59343
2,1639214,59344
2,1639214,59346
2,1639214,59347
2,1639214,59348
2,1639214,59349
2,1639214,59353
2,1639214,59372
2,1639214,59381
2,1639214,59382
2,1639475,74311
2,1639475,74312
2,1639475,74313
2,1639475,74314
2,1639475,74315
2,1639475,74316
2,1639475,74321
2,1639475,74322
2,1639475,74323
2,1639475,74324
2,1639475,74325
2,1639475,74326
2,1639475,74352
2,1639475,74353
2,1639475,74354
2,1639475,74355
2,1639475,74356
2,1639475,74361
2,1639475,74362
2,1639475,74363
2,1639476,74111
2,1639476,74112
2,1639476,74113
2,1639476,74114
2,1639476,74115
2,1639476,74116
2,1639476,74117
2,1639476,74152
2,1639476,74161
2,1639476,74181
2,1639476,74183
2,1639476,74184
2,1639532,72111
2,1639532,72112
2,1639532,72113
2,1639532,72114
2,1639532,72115
2,1639532,72116
2,1639532,72117
2,1639532,72152
2,1639532,72153
2,1639532,72154
2,1639532,72155
2,1639532,72156
2,1639532,72161
2,1639532,72162
2,1639532,72163
2,1639532,72164
2,1639532,72165
2,1639532,72166
2,1639532,72167
2,1639532,72168
2,1639532,72169
2,1639532,72181
2,1639753,93511
2,1639753,93512
2,1639753,93514
2,1639753,93515
2,1639753,93517
2,1639753,93518
2,1639753,93519
2,1639753,93552
2,1639753,93561
2,1639753,93562
2,1639753,93563
2,1639753,93571
2,1639753,93572
2,1639753,93573
2,1639753,93575
2,1639753,93915
2,1639849,80711
2,1639849,80712
2,1639849,80713
2,1639849,80716
2,1639849,80752
2,1639849,80761
2,1639849,80771
2,1639899,57411
2,1639899,57412
2,1639899,57413
2,1639899,57414
2,1639899,57415
2,1639899,57416
2,1639899,57417
2,1639899,57418
2,1639899,57419
2,1639899,57421
2,1639899,57422
2,1639899,57423
2,1639899,57424
2,1639899,57425
2,1639899,57426
2,1639899,57432
2,1639899,57433
2,1639899,57434
2,1639899,57435
2,1639899,57437
2,1639899,57438
2,1639899,57451
2,1639899,57452
2,1639899,57454
2,1639899,57455
2,1639899,57461
2,1639899,57462
2,1639899,57463
2,1639899,57464
2,1639899,57465
2,1639899,57466
2,1639899,57467
2,1639899,57468
2,1639899,57471
2,1639899,57472
2,1639899,57473
2,1639899,57474
2,1639899,57475
2,1639899,57481
2,1639899,57482
2,1639899,57483
2,1639899,57484
2,1639899,57485
2,1639899,57486
2,1640126,78811
2,1640126,78812
2,1640126,78813
2,1640126,78821
2,1640126,78822
2,1640126,78854
2,1640126,78862
2,1640126,78863
2,1640126,78864
2,1640126,78871
2,1640126,78872
2,1640126,78873
2,1640126,78874
2,1640126,78876
2,1640224,37152
2,1640224,37161
2,1640224,37162
2,1640224,37163
2,1640224,37171
2,1640224,37172
2,1640224,37173
2,1640224,37174
2,1640224,37175
2,1640342,93111
2,1640342,93112
2,1640342,93113
2,1640342,93114
2,1640342,93115
2,1640342,93116
2,1640342,93117
2,1640342,93118
2,1640342,93121
2,1640342,93122
2,1640342,93123
2,1640342,93124
2,1640342,93125
2,1640342,93126
2,1640342,93127
2,1640342,93128
2,1640342,93129
2,1640342,93231
2,1640342,93232
2,1640342,93233
2,1640342,93234
2,1640342,93235
2,1640342,93236
2,1640342,93237
2,1640342,93238
2,1640657,64111
2,1640657,64112
2,1640657,64113
2,1640657,64114
2,1640657,64115
2,1640657,64116
2,1640657,64117
2,1640657,64118
2,1640657,64119
2,1640657,64121
2,1640657,64122
2,1640657,64123
2,1640657,64124
2,1640657,64125
2,1640657,64126
2,1640657,64127
2,1640657,64128
2,1640657,64129
2,1640657,64131
2,1640657,64132
2,1640657,64133
2,1640657,64134
2,1640657,64135
2,1640657,64136
2,1640657,64137
2,1640657,64138
2,1640657,64139
2,1640657,64151
2,1640657,64152
2,1640657,64153
2,1640657,64154
2,1640657,64155
2,1640657,64156
2,1640657,64157
2,1640657,64161
2,1640657,64162
2,1640657,64171
2,1640657,64172
2,1640657,64173
2,1640657,64174
2,1640657,64175
2,1640657,64176
2,1640657,64181
2,1640657,64182
2,1640657,64183
2,1640657,64211
2,1640657,64212
2,1640657,64213
2,1640657,64214
2,1640657,64215
2,1640657,64216
2,1640657,64217
2,1640657,64218
2,1640657,64219
2,1640657,64221
2,1640657,64222
2,1640657,64223
2,1640657,64224
2,1640657,64225
2,1640657,64226
2,1640657,64227
2,1640657,64228
2,1640657,64229
2,1640657,64291
2,1640657,64292
2,1640657,64293
2,1640657,64294
2,1640948,74413
2,1640948,74452
2,1640948,74453
2,1640948,74454
2,1640948,74455
2,1640948,74456
2,1640948,74457
2,1640948,74461
2,1640948,74462
2,1640948,74463
2,1641133,41311
2,1641133,41312
2,1641133,41314
2,1641133,41315
2,1641133,41316
2,1641133,41352
2,1641133,41353
2,1641133,41354
2,1641133,41355
2,1641133,41356
2,1641133,41357
2,1641133,41358
2,1641133,41361
2,1641133,41362
2,1641133,41363
2,1641133,41371
2,1641133,41372
2,1641133,41373
2,1641133,41374
2,1641133,41381
2,1641133,41382
2,1641133,41383
2,1641133,41384
2,1641133,41385
2,1641395,78714
2,1641395,78715
2,1641395,78716
2,1641395,78752
2,1641395,78753
2,1641395,78754
2,1641395,78755
2,1641395,78756
2,1641395,78757
2,1641395,78758
2,1641395,78759
2,1641395,78761
2,1641395,78762
2,1641395,78763
2,1641395,78764
2,1641395,78765
2,1641395,78766
2,1641395,78767
2,1641395,78768
2,1641395,78769
2,1641395,78771
2,1641395,78772
2,1641395,78773
2,1641395,78774
2,1641395,78775
2,1641398,73511
2,1641398,73512
2,1641398,73513
2,1641398,73514
2,1641398,73515
2,1641398,73516
2,1641398,73521
2,1641398,73522
2,1641398,73523
2,1641398,73524
2,1641398,73525
2,1641398,73552
2,1641398,73553
2,1641398,73554
2,1641398,73555
2,1641398,73564
2,1641398,73581
2,1641398,73583
2,1641398,73592
2,1641398,73593
2,1641398,74581
2,1642413,61411
2,1642413,61412
2,1642413,61413
2,1642413,61415
2,1642413,61416
2,1642413,61417
2,1642413,61418
2,1642413,61419
2,1642413,61452
2,1642413,61453
2,1642413,61454
2,1642413,61455
2,1642413,61456
2,1642413,61457
2,1642413,61461
2,1642413,61462
2,1642413,61463
2,1642413,61471
2,1642413,61473
2,1642413,61474
2,1642413,61475
2,1642413,61476
2,1642413,61481
2,1642413,61482
2,1642413,61483
2,1642413,61484
2,1642413,61485
2,1642545,59411
2,1642545,59412
2,1642545,59413
2,1642545,59414
2,1642545,59415
2,1642545,59416
2,1642545,59417
2,1642545,59418
2,1642545,59419
2,1642545,59421
2,1642545,59422
2,1642545,59423
2,1642545,59424
2,1642545,59425
2,1642545,59426
2,1642545,59427
2,1642545,59428
2,1642545,59429
2,1642545,59431
2,1642545,59432
2,1642545,59451
2,1642545,59452
2,1642545,59453
2,1642545,59454
2,1642545,59455
2,1642545,59461
2,1642545,59462
2,1642545,59463
2,1642545,59464
2,1642545,59465
2,1642545,59466
2,1642569,92311
2,1642569,92312
2,1642569,92313
2,1642569,92314
2,1642569,92315
2,1642569,92316
2,1642569,92351
2,1642569,92352
2,1642569,92361
2,1642569,92371
2,1642569,92516
2,1642569,92572
2,1642584,82211
2,1642584,82212
2,1642584,82213
2,1642584,82214
2,1642584,82215
2,1642584,82216
2,1642584,82218
2,1642584,82252
2,1642584,82261
2,1642584,82262
2,1642587,68111
2,1642587,68112
2,1642587,68113
2,1642587,68114
2,1642587,68116
2,1642587,68117
2,1642587,68118
2,1642587,68121
2,1642587,68122
2,1642587,68124
2,1642587,68125
2,1642587,68126
2,1642587,68131
2,1642587,68132
2,1642587,68133
2,1642587,68135
2,1642587,68136
2,1642587,68137
2,1642587,68151
2,1642587,68152
2,1642587,68153
2,1642587,68154
2,1642587,68155
2,1642587,68156
2,1642587,68157
2,1642587,68161
2,1642587,68162
2,1642587,68164
2,1642587,68165
2,1642587,68166
2,1642587,68167
2,1642587,68168
2,1642587,68171
2,1642587,68172
2,1642587,68173
2,1642587,68174
2,1642587,68175
2,1642587,68181
2,1642587,68182
2,1642587,68184
2,1642587,68191
2,1642587,68192
2,1642587,68193
2,1642587,68194
2,1642587,68195
2,1642587,68196
2,1642857,36111
2,1642857,36112
2,1642857,36121
2,1642857,36122
2,1642857,36123
2,1642857,36124
2,1642857,36125
2,1642857,36126
2,1642857,36127
2,1642857,36128
2,1642857,36129
2,1642857,36131
2,1642857,36132
2,1642857,36133
2,1642857,36134
2,1642857,36135
2,1642857,36136
2,1642857,36137
2,1642857,36138
2,1642857,36139
2,1642857,36141
2,1642857,36142
2,1642857,36143
2,1642857,36144
2,1642857,36145
2,1642857,36146
2,1642857,36147
2,1642857,36148
2,1642857,36149
2,1642857,36251
2,1642857,36252
2,1642857,36253
2,1642857,36254
2,1642857,36255
2,1642857,36256
2,1642857,36261
2,1642857,36262
2,1642857,36263
2,1642857,36264
2,1642857,36265
2,1642903,14110
2,1642903,14120
2,1642903,14130
2,1642903,14140
2,1642903,14150
2,1642903,14210
2,1642903,14230
2,1642903,14240
2,1642903,14250
2,1642903,14260
2,1642903,14270
2,1642903,14310
2,1642903,14320
2,1642903,14330
2,1642903,14340
2,1642903,14350
2,1642903,14360
2,1642903,14370
2,1642903,14410
2,1642903,14420
2,1642903,14430
2,1642903,14440
2,1642903,14450
2,1642903,14460
2,1642903,14470
2,1642904,13110
2,1642904,13120
2,1642904,13130
2,1642904,13140
2,1642904,13150
2,1642904,13210
2,1642904,13220
2,1642904,13230
2,1642904,13240
2,1642904,13250
2,1642904,13260
2,1642904,13310
2,1642904,13320
2,1642904,13330
2,1642904,13340
2,1642904,13350
2,1642904,13410
2,1642904,13420
2,1642904,13430
2,1642904,13440
2,1642904,13450
2,1642904,13460
2,1642904,13470
2,1642904,13510
2,1642904,13520
2,1642904,13530
2,1642904,13540
2,1642904,13550
2,1642904,13560
2,1642904,13570
2,1642904,13610
2,1642904,13620
2,1642904,13630
2,1642904,13640
2,1642904,13650
2,1642904,13710
2,1642904,13720
2,1642904,13730
2,1642904,13740
2,1642904,13750
2,1642904,13760
2,1642904,13770
2,1642904,13780
2,1642904,13790
2,1642904,13810
2,1642904,13820
2,1642904,13830
2,1642904,13840
2,1642904,13850
2,1642904,13860
2,1642904,13870
2,1642904,13880
2,1642904,13890
2,1642904,13910
2,1642904,13920
2,1642904,13930
2,1642904,13940
2,1642904,13950
2,1642904,13960
2,1642905,12110
2,1642905,12120
2,1642905,12130
2,1642905,12140
2,1642905,12150
2,1642905,12160
2,1642905,12170
2,1642905,12180
2,1642905,12190
2,1642905,12210
2,1642905,12220
2,1642905,12230
2,1642905,12240
2,1642905,12250
2,1642905,12260
2,1642905,12270
2,1642905,12310
2,1642905,12320
2,1642905,12330
2,1642905,12410
2,1642905,12420
2,1642905,12430
2,1642905,12440
2,1642905,12450
2,1642905,12510
2,1642905,12520
2,1642905,12530
2,1642905,12540
2,1642905,12550
2,1642905,12560
2,1642905,12620
2,1642905,12630
2,1642905,12640
2,1642905,12710
2,1642905,12720
2,1642905,12730
2,1642905,12740
2,1642905,12750
2,1642905,12760
2,1642905,12770
2,1642905,12780
2,1642905,12790
2,1642905,12810
2,1642905,12820
2,1642905,12830
2,1642905,12840
2,1642905,12850
2,1642905,12860
2,1642905,12870
2,1642905,12910
2,1642905,12920
2,1642905,12930
2,1642905,12940
2,1642905,12950
2,1642905,12960
2,1642905,12970
2,1642905,12980
2,1642908,10110
2,1642908,10120
2,1642908,10130
2,1642908,10140
2,1642908,10150
2,1642908,10160
2,1642908,10210
2,1642908,10220
2,1642908,10230
2,1642908,10240
2,1642908,10250
2,1642908,10260
2,1642908,10270
2,1642908,10310
2,1642908,10320
2,1642908,10330
2,1642908,10340
2,1642908,10350
2,1642908,10410
2,1642908,10420
2,1642908,10430
2,1642908,10440
2,1642908,10450
2,1642908,10460
2,1642908,10510
2,1642908,10520
2,1642908,10530
2,1642908,10540
2,1642908,10550
2,1642908,10560
2,1642908,10570
2,1642908,10610
2,1642908,10620
2,1642908,10630
2,1642908,10640
2,1642908,10650
2,1642908,10710
2,1642908,10720
2,1642908,10730
2,1642908,10740
2,1642908,10750
2,1642909,11110
2,1642909,11120
2,1642909,11130
2,1642909,11140
2,1642909,11150
2,1642909,11160
2,1642909,11170
2,1642909,11180
2,1642909,11210
2,1642909,11220
2,1642909,11230
2,1642909,11240
2,1642909,11250
2,1642909,11260
2,1642909,11270
2,1642909,11310
2,1642909,11320
2,1642909,11330
2,1642909,11410
2,1642909,11420
2,1642909,11430
2,1642909,11440
2,1642909,11450
2,1642909,11460
2,1642909,11470
2,1642909,11480
2,1642909,11510
2,1642909,11520
2,1642909,11530
2,1642909,11540
2,1642909,11550
2,1642909,11560
2,1642909,11610
2,1642909,11620
2,1642909,11630
2,1642909,11640
2,1642909,11650
2,1642909,11710
2,1642909,11720
2,1642909,11730
2,1642909,11740
2,1642909,11750
2,1642909,11810
2,1642909,11820
2,1642909,11830
2,1642909,11840
2,1642909,11850
2,1643077,45211
2,1643077,45212
2,1643077,45213
2,1643077,45214
2,1643077,45215
2,1643077,45216
2,1643077,45217
2,1643077,45218
2,1643077,45219
2,1643077,45221
2,1643077,45222
2,1643077,45223
2,1643077,45224
2,1643077,45225
2,1643077,45226
2,1643077,45227
2,1643077,45228
2,1643077,45229
2,1643077,45252
2,1643077,45253
2,1643077,45254
2,1643077,45255
2,1643077,45256
2,1643077,45257
2,1643077,45258
2,1643077,45261
2,1643077,45262
2,1643077,45263
2,1643077,45264
2,1643077,45265
2,1643077,45271
2,1643077,45272
2,1643077,45273
2,1643077,45274
2,1643077,45281
2,1643077,45282
2,1643077,45283
2,1643077,45284
2,1643077,45285
2,1643077,45365
2,1643081,29311
2,1643081,29312
2,1643081,29313
2,1643081,29314
2,1643081,29316
2,1643081,29317
2,1643081,29318
2,1643081,29319
2,1643081,29335
2,1643081,29344
2,1643081,29345
2,1643081,29351
2,1643081,29352
2,1643081,29353
2,1643081,29354
2,1643081,29355
2,1643081,29363
2,1643081,29371
2,1643082,29211
2,1643082,29212
2,1643082,29213
2,1643082,29214
2,1643082,29252
2,1643082,29253
2,1643082,29254
2,1643082,29255
2,1643082,29256
2,1643082,29261
2,1643082,29271
2,1643082,29272
2,1643082,29273
2,1643082,29274
2,1643082,29281
2,1643082,29282
2,1643244,71412
2,1643244,71413
2,1643244,71414
2,1643244,71416
2,1643244,71417
2,1643244,71418
2,1643244,71419
2,1643244,71452
2,1643244,71453
2,1643244,71454
2,1643244,71455
2,1643244,71471
2,1643245,71311
2,1643245,71312
2,1643245,71313
2,1643245,71314
2,1643245,71315
2,1643245,71352
2,1643245,71361
2,1643245,71362
2,1643245,71363
2,1643245,71371
2,1643245,71372
2,1643245,71381
2,1643245,71382
2,1643245,71391
2,1643246,71211
2,1643246,71213
2,1643246,71214
2,1643246,71215
2,1643246,71216
2,1643246,71217
2,1643246,71252
2,1643246,71253
2,1643246,71261
2,1643246,71262
2,1643246,71271
2,1643246,71281
2,1643246,71282
2,1643246,71291
2,1643246,71292
2,1643475,97853
2,1643475,97854
2,1643597,74511
2,1643597,74552
2,1643597,74553
2,1643597,74561
2,1643597,74562
2,1643597,74571
2,1643604,55811
2,1643604,55813
2,1643604,55851
2,1643604,55852
2,1643604,55853
2,1643604,55854
2,1643604,55861
2,1643604,55862
2,1643604,55863
2,1643604,55871
2,1643604,55872
2,1643604,55881
2,1643604,55883
2,1643604,55891
2,1643604,55892
2,1643604,55893
2,1643768,58111
2,1643768,58112
2,1643768,58113
2,1643768,58114
2,1643768,58152
2,1643768,58153
2,1643768,58154
2,1643768,58161
2,1643768,58162
2,1643768,58163
2,1643768,58164
2,1643768,58165
2,1643768,58166
2,1643768,58167
2,1643768,58171
2,1643768,58172
2,1643768,58181
2,1643768,58182
2,1643768,58183
2,1643768,58191
2,1643768,58192
2,1643768,58193
2,1643807,90225
2,1643807,90244
2,1643807,92111
2,1643807,92112
2,1643807,92113
2,1643807,92114
2,1643807,92115
2,1643807,92116
2,1643807,92117
2,1643807,92118
2,1643807,92119
2,1643807,92152
2,1643807,92153
2,1643807,92161
2,1643807,92171
2,1643807,92173
2,1643807,92174
2,1643807,92175
2,1643807,92176
2,1643807,92215
2,1643836,96111
2,1643836,96112
2,1643836,96113
2,1643836,96114
2,1643836,96115
2,1643836,96116
2,1643836,96117
2,1643836,96118
2,1643836,96119
2,1643836,96121
2,1643836,96122
2,1643836,96123
2,1643836,96124
2,1643836,96125
2,1643836,96126
2,1643836,96127
2,1643836,96128
2,1643836,96129
2,1643836,96131
2,1643836,96132
2,1643836,96133
2,1643836,96134
2,1643836,96135
2,1643836,96136
2,1643836,96137
2,1643836,96138
2,1643836,96139
2,1643836,96181
2,1643836,96211
2,1643836,96212
2,1643836,96213
2,1643836,96214
2,1643836,96215
2,1643836,96216
2,1643836,96217
2,1643836,96218
2,1643836,96219
2,1643836,96251
2,1643836,96264
2,1643836,96271
2,1643836,96272
2,1644098,80511
2,1644098,80512
2,1644098,80513
2,1644098,80515
2,1644098,80552
2,1644098,80561
2,1644098,80571
2,1644098,80572
2,1644098,80581
2,1644098,80582
2,1644408,44111
2,1644408,44112
2,1644408,44113
2,1644408,44114
2,1644408,44115
2,1644408,44116
2,1644408,44117
2,1644408,44118
2,1644408,44119
2,1644408,44151
2,1644408,44152
2,1644408,44153
2,1644408,44161
2,1644408,44162
2,1644408,44163
2,1644408,44164
2,1644408,44165
2,1644408,44166
2,1644408,44167
2,1644408,44168
2,1644408,44171
2,1644408,44172
2,1644408,44173
2,1644408,44174
2,1644408,44175
2,1644408,44176
2,1644408,44177
2,1644408,44178
2,1644408,44181
2,1644408,44182
2,1644408,44183
2,1644408,44184
2,1644408,44185
2,1644408,44186
2,1644408,44187
2,1644408,44188
2,1644408,44191
2,1644408,44192
2,1644408,44193
2,1644743,86211
2,1644743,86212
2,1644743,86213
2,1644743,86214
2,1644743,86215
2,1644743,86216
2,1644743,86217
2,1644743,86219
2,1644743,86252
2,1644743,86253
2,1644743,86261
2,1644743,86262
2,1644743,86271
2,1644743,86272
2,1644905,91711
2,1644905,91712
2,1644905,91752
2,1644905,91753
2,1644905,91754
2,1644905,91761
2,1645322,94351
2,1645322,94352
2,1645322,94353
2,1645322,94354
2,1645322,94355
2,1645322,94356
2,1645322,94362
2,1645527,80111
2,1645527,80112
2,1645527,80113
2,1645527,80114
2,1645527,80115
2,1645527,80116
2,1645527,80117
2,1645527,80118
2,1645527,80119
2,1645527,80221
2,1645527,80222
2,1645527,80223
2,1645527,80224
2,1645527,80225
2,1645527,80226
2,1645527,80227
2,1645527,80228
2,1645527,80229
2,1645527,80231
2,1645527,80232
2,1645527,80233
2,1645527,80234
2,1645527,80235
2,1645527,80236
2,1645527,80237
2,1645527,80238
2,1645527,80239
2,1646169,45111
2,1646169,45112
2,1646169,45113
2,1646169,45114
2,1646169,45115
2,1646169,45116
2,1646169,45117
2,1646169,45118
2,1646169,45121
2,1646169,45122
2,1646169,45123
2,1646169,45131
2,1646169,45132
2,1646169,45133
2,1646169,45134
2,1646169,45141
2,1646169,45142
2,1646169,45143
2,1646169,45144
2,1646169,45145
2,1646169,45151
2,1646169,45152
2,1646169,45153
2,1646169,45154
2,1646169,45155
2,1646169,45156
2,1646169,45161
2,1646169,45162
2,1646169,45163
2,1646169,45164
2,1646169,45165
2,1646169,45166
2,1646169,45167
2,1646169,45171
2,1646169,45172
2,1646169,45173
2,1646169,45181
2,1646169,45182
2,1646169,45183
2,1646169,45185
2,1646169,45186
2,1646169,45187
2,1646169,45188
2,1646169,45189
2,1646169,45191
2,1646169,45192
2,1646169,45193
2,1646169,45611
2,1646169,45612
2,1646169,45613
2,1646169,45651
2,1646169,45652
2,1646446,40511
2,1646446,40512
2,1646446,40513
2,1646446,40514
2,1646446,40521
2,1646446,40522
2,1646446,40523
2,1646446,40524
2,1646446,40525
2,1646446,40526
2,1646446,40531
2,1646446,40532
2,1646446,40533
2,1646446,40534
2,1646446,40535
2,1647148,46211
2,1647148,46212
2,1647148,46213
2,1647148,46214
2,1647148,46215
2,1647148,46216
2,1647148,46217
2,1647148,46218
2,1647148,46219
2,1647148,46252
2,1647148,46253
2,1647148,46254
2,1647148,46255
2,1647148,46256
2,1647148,46258
2,1647148,46261
2,1647148,46262
2,1647148,46263
2,1647148,46264
2,1647148,46268
2,1647148,46271
2,1647148,46272
2,1647148,46273
2,1647148,46274
2,1647148,46352
2,1647148,46361
2,1647148,46365
2,1647148,46381
2,1647148,46382
2,1647148,46383
2,1647148,46385
2,1647148,46386
2,1647148,46387
2,1647148,46388
2,1647498,93752
2,1647498,93753
2,1647498,93754
2,1647498,93755
2,1647498,93756
2,1647498,93761
2,1647498,93762
2,1647498,93763
2,1647498,93781
2,1647571,94563
2,1647571,94564
2,1647571,94565
2,1647571,94566
2,1647571,94567
2,1647571,94568
2,1647738,92511
2,1647738,92513
2,1647738,92514
2,1647738,92517
2,1647738,92518
2,1647738,92552
2,1647738,92561
2,1647738,92571
2,1647738,92572
2,1647738,92573
2,1647738,92574
2,1647738,92661
2,1647803,81111
2,1647803,81112
2,1647803,81113
2,1647803,81114
2,1647803,81115
2,1647803,81116
2,1647803,81117
2,1647803,81118
2,1647803,81119
2,1647803,81152
2,1647803,81153
2,1647803,81154
2,1647803,81155
2,1647803,81161
2,1647803,81171
2,1647803,81172
2,1647803,81173
2,1647865,26111
2,1647865,26112
2,1647865,26113
2,1647865,26114
2,1647865,26115
2,1647865,26116
2,1647865,26117
2,1647865,26121
2,1647865,26122
2,1647865,26123
2,1647865,26124
2,1647865,26125
2,1647865,26126
2,1647865,26127
2,1647865,26128
2,1647865,26129
2,1647865,26131
2,1647865,26132
2,1647865,26133
2,1647865,26134
2,1647865,26135
2,1647865,26136
2,1647865,26137
2,1647865,26138
2,1648064,52211
2,1648064,52212
2,1648064,52213
2,1648064,52214
2,1648064,52215
2,1648064,52216
2,1648064,52217
2,1648064,52218
2,1648064,52219
2,1648064,52221
2,1648064,52222
2,1648064,52252
2,1648064,52253
2,1648064,52254
2,1648064,52255
2,1648064,52261
2,1648064,52262
2,1648064,52263
2,1648064,52264
2,1648064,52265
2,1648064,52266
2,1648064,52271
2,1648064,52272
2,1648064,52273
2,1648064,52274
2,1648064,52275
2,1648064,52276
2,1648083,57311
2,1648083,57312
2,1648083,57313
2,1648083,57314
2,1648083,57315
2,1648083,57316
2,1648083,57321
2,1648083,57322
2,1648083,57323
2,1648083,57331
2,1648083,57352
2,1648083,57362
2,1648083,57363
2,1648083,57372
2,1648083,57373
2,1648083,57374
2,1648083,57375
2,1648083,57376
2,1648083,57377
2,1648083,57378
2,1648083,57381
2,1648083,57382
2,1648083,57383
2,1648083,57384
2,1648083,57385
2,1648083,57391
2,1648256,90225
2,1648256,91671
2,1648256,92711
2,1648256,92712
2,1648256,92713
2,1648256,92714
2,1648256,92715
2,1648256,92716
2,1648256,92717
2,1648256,92718
2,1648256,92719
2,1648256,92721
2,1648256,92731
2,1648256,92732
2,1648256,92733
2,1648256,92734
2,1648256,92735
2,1648256,92752
2,1648256,92753
2,1648256,92754
2,1648256,92755
2,1648256,92761
2,1648256,92762
2,1648256,92763
2,1648256,92764
2,1648256,92765
2,1648256,92766
2,1648256,92767
2,1648256,92768
2,1648256,92771
2,1648256,92772
2,1648256,92773
2,1648256,92774
2,1648256,92775
2,1648256,92776
2,1648256,92781
2,1648450,62111
2,1648450,62112
2,1648450,62113
2,1648450,62114
2,1648450,62115
2,1648450,62118
2,1648450,62119
2,1648450,62152
2,1648450,62153
2,1648450,62154
2,1648450,62155
2,1648450,62161
2,1648450,62162
2,1648450,62164
2,1648450,62165
2,1648450,62166
2,1648450,62167
2,1648450,62168
2,1648450,62171
2,1648450,62172
2,1648450,62181
2,1648450,62182
2,1648450,62183
2,1648450,62184
2,1648450,62191
2,1648450,62192
2,1648450,62193
2,1648450,62194
2,1648450,62195
2,1648471,16110
2,1648471,16111
2,1648471,16112
2,1648471,16113
2,1648471,16114
2,1648471,16115
2,1648471,16116
2,1648471,16117
2,1648471,16118
2,1648471,16119
2,1648471,16120
2,1648471,16121
2,1648471,16122
2,1648471,16123
2,1648471,16124
2,1648471,16125
2,1648471,16126
2,1648471,16128
2,1648471,16129
2,1648471,16131
2,1648471,16132
2,1648471,16133
2,1648471,16134
2,1648471,16135
2,1648471,16136
2,1648471,16137
2,1648471,16138
2,1648471,16139
2,1648471,16141
2,1648471,16142
2,1648471,16143
2,1648471,16144
2,1648471,16145
2,1648471,16146
2,1648471,16151
2,1648471,16152
2,1648471,16153
2,1648471,16154
2,1648471,16155
2,1648471,16156
2,1648471,16157
2,1648471,16158
2,1648471,16161
2,1648471,16162
2,1648471,16164
2,1648471,16165
2,1648471,16166
2,1648471,16167
2,1648471,16168
2,1648471,16169
2,1648471,16310
2,1648471,16320
2,1648471,16330
2,1648471,16340
2,1648471,16350
2,1648471,16360
2,1648471,16370
2,1648471,16610
2,1648471,16620
2,1648471,16630
2,1648471,16640
2,1648471,16650
2,1648471,16660
2,1648471,16670
2,1648471,16680
2,1648471,16710
2,1648471,16720
2,1648471,16730
2,1648471,16740
2,1648471,16750
2,1648471,16770
2,1648471,16810
2,1648471,16820
2,1648471,16830
2,1648471,16840
2,1648471,16911
2,1648471,16912
2,1648471,16913
2,1648471,16914
2,1648471,16915
2,1648471,16916
2,1648471,16917
2,1648471,16918
2,1648471,16920
2,1648471,16921
2,1648471,16922
2,1648471,16923
2,1648471,16960
2,1648471,16961
2,1648471,16962
2,1648471,16963
2,1648471,16964
2,1648471,16965
2,1648471,16966
2,1648471,16967
2,1648471,16968
2,1648471,16969
2,1648567,58211
2,1648567,58212
2,1648567,58213
2,1648567,58214
2,1648567,58215
2,1648567,58216
2,1648567,58217
2,1648567,58218
2,1648567,58219
2,1648567,58252
2,1648567,58253
2,1648567,58254
2,1648567,58255
2,1648567,58256
2,1648567,58257
2,1648567,58261
2,1648567,58262
2,1648567,58311
2,1648567,58312
2,1648567,58313
2,1648567,58314
2,1648567,58315
2,1648567,58371
2,1648567,58372
2,1648567,58381
2,1648567,58382
2,1648567,58383
2,1648567,58384
2,1648578,66113
2,1648578,66114
2,1648578,66115
2,1648578,66116
2,1648578,66117
2,1648578,66121
2,1648578,66122
2,1648578,66124
2,1648578,66125
2,1648578,66126
2,1648578,66133
2,1648578,66134
2,1648578,66135
2,1648578,66136
2,1648578,66137
2,1648578,66151
2,1648578,66152
2,1648578,66153
2,1648578,66154
2,1648578,66155
2,1648578,66161
2,1648578,66163
2,1648578,66171
2,1648578,66172
2,1648578,66173
2,1648578,66174
2,1648578,66181
2,1648578,66182
2,1648578,66183
2,1648578,66184
2,1648578,66186
2,1648578,66187
2,1648578,66191
2,1648578,66192
2,1648578,66193
2,1648578,66194
2,1648633,95511
2,1648633,95512
2,1648633,95513
2,1648633,95514
2,1648633,95515
2,1648633,95516
2,1648633,95521
2,1648633,95522
2,1648633,95523
2,1648633,95524
2,1648633,95525
2,1648633,95526
2,1648633,95527
2,1648633,95528
2,1648633,95529
2,1648633,95531
2,1648633,95532
2,1648633,95533
2,1648633,95535
2,1648633,95536
2,1648633,95537
2,1648633,95538
2,1648633,95539
2,1648633,95541
2,1648633,95542
2,1648633,95543
2,1648633,95544
2,1648633,95545
2,1648633,95546
2,1648633,95547
2,1648633,95551
2,1648633,95552
2,1648633,95553
2,1648633,95554
2,1648633,95555
2,1648633,95556
2,1648633,95557
2,1648633,95558
2,1648633,95559
2,1648725,20711
2,1648725,20712
2,1648725,20713
2,1648725,20714
2,1648725,20715
2,1648725,20716
2,1648725,20717
2,1648725,20718
2,1648725,20719
2,1648725,20721
2,1648725,20722
2,1648725,20723
2,1648725,20724
2,1648725,20725
2,1648725,20726
2,1648725,20727
2,1648725,20728
2,1648725,20731
2,1648725,20732
2,1648725,20733
2,1648725,20734
2,1648725,20735
2,1648725,20736
2,1648725,20737
2,1648725,20741
2,1648725,20742
2,1648725,20743
2,1648725,20744
2,1648725,20745
2,1648725,20746
2,1648725,20747
2,1648725,20748
2,1648725,20749
2,1649040,77311
2,1649040,77312
2,1649040,77313
2,1649040,77315
2,1649040,77352
2,1649040,77361
2,1649040,77362
2,1649040,77371
2,1649040,77372
2,1649040,77373
2,1649040,77381
2,1649145,38326
2,1649145,38361
2,1649145,38363
2,1649145,38373
2,1649145,38374
2,1649145,38387
2,1649145,38575
2,1649145,38611
2,1649145,38612
2,1649145,38614
2,1649145,38617
2,1649145,38618
2,1649145,38619
2,1649145,38653
2,1649145,38655
2,1649145,38656
2,1649145,38657
2,1649146,38511
2,1649146,38512
2,1649146,38513
2,1649146,38514
2,1649146,38515
2,1649146,38516
2,1649146,38517
2,1649146,38518
2,1649146,38552
2,1649146,38553
2,1649146,38571
2,1649148,38113
2,1649148,38114
2,1649148,38115
2,1649148,38116
2,1649148,38117
2,1649148,38118
2,1649148,38119
2,1649148,38121
2,1649148,38122
2,1649148,38125
2,1649148,38126
2,1649148,38211
2,1649148,38213
2,1649148,38214
2,1649148,38215
2,1649148,38216
2,1649148,38221
2,1649148,38222
2,1649148,38223
2,1649148,38224
2,1649148,38225
2,1649148,38226
2,1649148,38227
2,1649148,38228
2,1649148,38229
2,1649264,85711
2,1649264,85712
2,1649264,85713
2,1649264,85714
2,1649264,85715
2,1649264,85716
2,1649264,85717
2,1649264,85718
2,1649264,85752
2,1649264,85761
2,1649264,85762
2,1649264,85763
2,1649264,85764
2,1649264,85765
2,1649264,85766
2,1649264,85771
2,1649264,85772
2,1649264,85773
2,1649281,33411
2,1649281,33412
2,1649281,33413
2,1649281,33414
2,1649281,33415
2,1649281,33417
2,1649281,33451
2,1649281,33452
2,1649281,33481
2,1649863,36611
2,1649863,36612
2,1649863,36613
2,1649863,36614
2,1649863,36653
2,1649863,36654
2,1649863,36655
2,1649863,36656
2,1649863,36657
2,1649879,51211
2,1649879,51212
2,1649879,51214
2,1649879,51215
2,1649879,51216
2,1649879,51252
2,1649879,51253
2,1649879,51254
2,1649879,51255
2,1649879,51261
2,1649879,51262
2,1649879,51271
2,1649879,51272
2,1649879,51273
2,1649879,51274
2,1649879,51281
2,1649975,90711
2,1649975,90712
2,1649975,90752
2,1649975,90753
2,1649975,90761
2,1649975,90762
2,1649989,73811
2,1649989,73812
2,1649989,73813
2,1649989,73814
2,1649989,73852
2,1649989,73861
2,1649989,73862
2,1649989,73871
2,1649989,73881
2,1649990,73612
2,1649990,73613
2,1649990,73614
2,1649990,73615
2,1649990,73617
2,1649990,73618
2,1649990,73652
2,1649990,73653
2,1649990,73661
2,1649990,73671
2,1649990,73681
2,1649991,73711
2,1649991,73712
2,1649991,73713
2,1649991,73751
2,1649991,73752
2,1649991,73753
2,1649991,73761
2,1649991,73762
2,1649991,73763
2,1649992,70511
2,1649992,70512
2,1649992,70513
2,1649992,70552
2,1649992,70553
2,1649992,70561
2,1649992,70562
2,1649992,70563
2,1649992,70564
2,1649992,70565
2,1649992,70566
2,1649992,70567
2,1649992,70568
2,1649992,70571
2,1649992,70581
2,1649992,70582
2,1650076,68411
2,1650076,68412
2,1650076,68413
2,1650076,68414
2,1650076,68415
2,1650076,68416
2,1650076,68417
2,1650076,68418
2,1650076,68419
2,1650076,68421
2,1650076,68422
2,1650076,68423
2,1650076,68424
2,1650076,68425
2,1650076,68431
2,1650076,68432
2,1650076,68453
2,1650076,68454
2,1650076,68455
2,1650076,68461
2,1650076,68462
2,1650076,68463
2,1650076,68464
2,1650076,68465
2,1650076,68466
2,1650076,68467
2,1650076,68468
2,1650076,68471
2,1650076,68472
2,1650076,68482
2,1650076,68483
2,1650076,68484
2,1650076,68485
2,1650076,68486
2,1650076,68487
2,1650076,68488
2,1650094,53111
2,1650094,53112
2,1650094,53113
2,1650094,53114
2,1650094,53115
2,1650094,53116
2,1650094,53121
2,1650094,53122
2,1650094,53123
2,1650094,53124
2,1650094,53125
2,1650094,53126
2,1650094,53127
2,1650094,53131
2,1650094,53132
2,1650094,53133
2,1650094,53134
2,1650094,53135
2,1650094,53136
2,1650094,53137
2,1650094,53141
2,1650094,53142
2,1650094,53144
2,1650094,53145
2,1650094,53146
2,1650094,53147
2,1650094,53151
2,1650094,53152
2,1650094,53161
2,1650094,53162
2,1650094,53163
2,1650094,53164
2,1650094,53165
2,1650094,53171
2,1650094,53172
2,1650094,53173
2,1650094,53174
2,1650094,53175
2,1650094,53176
2,1650094,53177
2,1650094,53181
2,1650094,53182
2,1650094,53183
2,1650094,53191
2,1650094,53192
2,1650094,53193
2,1650094,53194
2,1650094,53195
2,1650094,53196
2,1650117,55181
2,1650117,55182
2,1650117,55183
2,1650117,55184
2,1650117,55185
2,1650117,55186
2,1650117,55188
2,1650117,55191
2,1650117,55192
2,1650117,55193
2,1650117,55194
2,1650117,55195
2,1650117,55196
2,1650117,55197
2,1650117,55198
2,1650117,55711
2,1650117,55712
2,1650117,55713
2,1650117,55714
2,1650117,55715
2,1650117,55751
2,1650117,55752
2,1650117,55761
2,1650117,55762
2,1650117,55763
2,1650117,55764
2,1650117,55771
2,1650117,55772
2,1650117,55781
2,1650117,55782
2,1650117,55783
2,1650117,55791
2,1650117,55792
2,1650183,92411
2,1650183,92412
2,1650183,92413
2,1650183,92414
2,1650183,92415
2,1650183,92451
2,1650183,92461
2,1650211,70111
2,1650211,70112
2,1650211,70113
2,1650211,70114
2,1650211,70115
2,1650211,70116
2,1650211,70117
2,1650211,70118
2,1650211,70119
2,1650211,70121
2,1650211,70122
2,1650211,70123
2,1650211,70124
2,1650211,70125
2,1650211,70126
2,1650211,70127
2,1650211,70128
2,1650211,70129
2,1650211,70231
2,1650211,70233
2,1650211,70234
2,1650211,70235
2,1650211,70236
2,1650211,70237
2,1650211,70238
2,1650211,70239
2,1650211,70241
2,1650211,70242
2,1650211,70243
2,1650211,70244
2,1650211,70245
2,1650211,70246
2,1650211,70247
2,1650211,70248
2,1650211,70249
2,1650231,70611
2,1650231,70612
2,1650231,70613
2,1650231,70614
2,1650231,70615
2,1650231,70616
2,1650231,70617
2,1650231,70618
2,1650231,70619
2,1650231,70652
2,1650231,70653
2,1650231,70654
2,1650231,70655
2,1650231,70661
2,1650231,70671
2,1650231,70672
2,1650231,70673
2,1650231,70674
2,1650231,70675
2,1650263,80611
2,1650263,80612
2,1650263,80613
2,1650263,80614
2,1650263,80652
2,1650263,80661
2,1650263,80671
2,1650297,69112
2,1650297,69113
2,1650297,69114
2,1650297,69115
2,1650297,69116
2,1650297,69118
2,1650297,69119
2,1650297,69121
2,1650297,69151
2,1650297,69152
2,1650297,69153
2,1650297,69154
2,1650297,69155
2,1650297,69156
2,1650297,69161
2,1650297,69162
2,1650297,69163
2,1650297,69165
2,1650297,69166
2,1650297,69172
2,1650297,69173
2,1650297,69174
2,1650297,69175
2,1650314,33172
2,1650314,33173
2,1650314,33179
2,1650314,33211
2,1650314,33212
2,1650314,33213
2,1650314,33214
2,1650314,33215
2,1650314,33251
2,1650314,33252
2,1650314,33253
2,1650314,33255
2,1650526,76111
2,1650526,76112
2,1650526,76113
2,1650526,76114
2,1650526,76115
2,1650526,76116
2,1650526,76117
2,1650526,76118
2,1650526,76121
2,1650526,76122
2,1650526,76123
2,1650526,76124
2,1650526,76125
2,1650526,76127
2,1650526,76128
2,1650526,76129
2,1650526,76131
2,1650526,76132
2,1650526,76133
2,1650526,76134
2,1650526,76136
2,1650818,80351
2,1650818,80352
2,1650818,80353
2,1650818,80361
2,1651530,97111
2,1651530,97112
2,1651530,97113
2,1651530,97114
2,1651530,97115
2,1651530,97116
2,1651530,97117
2,1651530,97118
2,1651530,97121
2,1651530,97122
2,1651530,97123
2,1651530,97124
2,1651530,97125
2,1651530,97126
2,1651530,97127
2,1651530,97128
2,1651530,97129
2,1651530,97231
2,1651530,97232
2,1651530,97233
2,1651530,97234
2,1651530,97235
2,1651530,97236
2,1651530,97237
2,1651608,85811
2,1651608,85812
2,1651608,85813
2,1651608,85814
2,1651608,85815
2,1651608,85816
2,1651608,85817
2,1651608,85819
2,1651608,85851
2,1651608,85861
2,1651608,85871
2,1651608,85872
2,1651608,85881
2,1651856,26151
2,1651856,26152
2,1651856,26161
2,1651856,26162
2,1651856,26164
2,1651856,26181
2,1651856,26191
2,1651856,26192
2,1651856,26451
2,1651856,26471
2,1651856,26473
2,2057084,85111
2,2057084,85112
2,2057084,85116
2,2057084,85118
2,2057084,85119
2,2057084,85141
2,2057084,85142
2,2057084,85143
2,2057084,85144
2,2057084,85146
2,2057084,85147
2,2057084,85148
2,2057084,85221
2,2057084,85223
2,2057084,85225
2,2057084,85226
2,2057084,85227
2,2057084,85228
2,2057084,85229
2,2057084,85231
2,2057084,85232
2,2057084,85233
2,2057084,85234
2,2057084,85235
2,2057084,85236
2,2057084,85237
2,2057084,85238
2,2057084,85239
2,2057084,85351
2,2057084,85353
2,2057084,85361
2,2057084,85362
2,2057084,85363
2,2057084,85364
2,2057084,85365
2,2057084,85367
2,2057084,85368
2,2057084,85369
2,2057084,85391
2,6257933,50711
2,6257933,50712
2,6257933,50713
2,6257933,50714
2,6257933,50715
2,6257933,50716
2,6257933,50721
2,6257933,50722
2,6257933,50723
2,6257933,50724
2,6257933,50732
2,6257933,50733
2,6257933,50734
2,6257933,50735
2,6257933,50736
2,6257933,50741
2,6257933,50742
2,6257933,50743
2,6257933,50744
2,6257933,50745
2,6257933,50746
2,6258231,55264
2,6258231,55281
2,6258231,55282
2,6258231,55283
2,6258231,55284
2,6258231,55285
2,6258231,55286
2,6258231,55287
2,6258231,55288
2,6258231,55291
2,6258231,55293
2,6258231,55294
2,6258231,55295
2,6258231,55511
2,6258231,55512
2,6258231,55513
2,6258231,55514
2,6258231,55515
2,6258231,55551
2,6258231,55552
2,6258231,55561
2,6258231,55562
2,6258231,55563
2,6258231,55571
2,6258231,55572
2,6258231,55573
2,6258231,55581
2,6258231,55582
2,6258231,55583
2,6258231,55584
2,6258231,55592
2,6266177,57211
2,6266177,57212
2,6266177,57213
2,6266177,57214
2,6266177,57215
2,6266177,57216
2,6266177,57221
2,6266177,57222
2,6266177,57252
2,6266177,57253
2,6266177,57254
2,6266177,57256
2,6266177,57261
2,6266177,57262
2,6266177,57263
2,6266177,57271
2,6266177,57272
2,6266177,57274
2,6266177,57275
2,6266177,57276
2,6266177,57277
2,6266177,57281
2,6266177,57282
2,6266177,57283
2,6266177,57292
2,6266177,57293
2,6376498,54311
2,6376498,54312
2,6376498,54313
2,6376498,54314
2,6376498,54315
2,6376498,54316
2,6376498,54317
2,6376498,54352
2,6376498,54353
2,6376498,54361
2,6376498,54362
2,6376498,54363
2,6376498,54364
2,6376498,54365
2,6376498,54366
2,6376498,54381
2,6376498,54382
2,6376498,54383
2,6376498,54391
2,6376498,54392
2,6376498,54393
2,6376498,54394
2,6376498,54395
2,6376498,54411
2,6376498,54412
2,6376498,54413
2,6376498,54414
2,6376498,54416
2,6376498,54421
2,6376498,54472
2,6376498,54473
2,6376498,54474
2,6380795,53411
2,6380795,53412
2,6380795,53413
2,6380795,53414
2,6380795,53416
2,6380795,53417
2,6380795,53418
2,6380795,53452
2,6380795,53453
2,6380795,53454
2,6380795,53455
2,6380795,53456
2,6380795,53457
2,6380795,53458
2,6380795,53461
2,6380795,53462
2,6380795,53463
2,6380795,53471
2,6380795,53472
2,6380795,53473
2,6380795,53474
2,6380795,53475
2,6380795,53481
2,6380795,53482
2,6384572,53211
2,6384572,53212
2,6384572,53213
2,6384572,53215
2,6384572,53221
2,6384572,53222
2,6384572,53223
2,6384572,53224
2,6384572,53225
2,6384572,53231
2,6384572,53232
2,6384572,53233
2,6384572,53234
2,6384572,53235
2,6384572,53252
2,6384572,53253
2,6384572,53254
2,6384572,53255
2,6384572,53256
2,6384572,53257
2,6384572,53261
2,6384572,53262
2,6384572,53263
2,6384572,53264
2,6384572,53265
2,6384572,53266
2,6384572,53271
2,6384572,53272
2,6384572,53273
2,6384572,53274
2,6384572,53281
2,6384572,53282
2,6384572,53283
2,6390578,53311
2,6390578,53312
2,6390578,53313
2,6390578,53314
2,6390578,53315
2,6390578,53316
2,6390578,53317
2,6390578,53318
2,6390578,53319
2,6390578,53321
2,6390578,53331
2,6390578,53352
2,6390578,53353
2,6390578,53354
2,6390578,53355
2,6390578,53356
2,6390578,53357
2,6390578,53361
2,6390578,53362
2,6390578,53371
2,6390578,53372
2,6390578,53381
2,6390578,53382
2,6390578,53391
2,6390578,53392
2,6390578,53393
2,6405140,56311
2,6405140,56312
2,6405140,56313
2,6405140,56314
2,6405140,56315
2,6405140,56316
2,6405140,56317
2,6405140,56318
2,6405140,56319
2,6405140,56351
2,6405140,56352
2,6405140,56353
2,6405140,56354
2,6405140,56361
2,6405140,56362
2,6405140,56364
2,6405140,56365
2,6405140,56371
2,6405140,56372
2,6405140,56373
2,6405140,56374
2,6409167,63137
2,6409167,63311
2,6409167,63312
2,6409167,63313
2,6409167,63315
2,6409167,63316
2,6409167,63317
2,6409167,63318
2,6409167,63319
2,6409167,63351
2,6409167,63352
2,6409167,63361
2,6409167,63362
2,6409167,63371
2,6409167,63372
2,6409167,63382
2,6409167,63383
2,6409167,63384
2,6409167,63391
2,6409167,63392
2,6409167,63395
2,6410477,63211
2,6410477,63212
2,6410477,63214
2,6410477,63215
2,6410477,63216
2,6410477,63217
2,6410477,63218
2,6410477,63252
2,6410477,63253
2,6410477,63254
2,6410477,63256
2,6410477,63257
2,6410477,63261
2,6410477,63262
2,6410477,63263
2,6410477,63264
2,6410477,63271
2,6410477,63281
2,6410477,63282
2,6410477,63283
2,6410477,63284
2,6410477,63285
2,6410701,50111
2,6410701,50112
2,6410701,50113
2,6410701,50115
2,6410701,50116
2,6410701,50117
2,6410701,50118
2,6410701,50122
2,6410701,50123
2,6410701,50124
2,6410701,50125
2,6410701,50126
2,6410701,50131
2,6410701,50132
2,6410701,50133
2,6410701,50134
2,6410701,50135
2,6410701,50137
2,6410701,50138
2,6410701,50139
2,6410701,50141
2,6410701,50144
2,6410701,50145
2,6410701,50146
2,6410701,50147
2,6410701,50148
2,6410701,50149
2,6410701,50151
2,6410701,50152
2,6410701,50154
2,6410701,50155
2,6410701,50156
2,6410701,50162
2,6410701,50163
2,6410701,50164
2,6410701,50166
2,6410701,50171
2,6410701,50172
2,6410701,50173
2,6410701,50174
2,6410701,50175
2,6410701,50176
2,6410701,50177
2,6410701,50178
2,6410701,50179
2,6410701,50181
2,6410701,50182
2,6410701,50183
2,6410701,50184
2,6410701,50185
2,6410701,50186
2,6410701,50187
2,6410701,50188
2,6410701,50189
2,6410701,50192
2,6410701,50194
2,6410701,50196
2,6410701,50197
2,6410701,50198
2,6410701,50199
2,6410701,50211
2,6410701,50212
2,6410701,50213
2,6410701,50214
2,6410701,50215
2,6410701,50216
2,6410701,50217
2,6410701,50218
2,6410701,50219
2,6410701,50221
2,6410701,50222
2,6410701,50223
2,6410701,50224
2,6410701,50225
2,6410701,50226
2,6410701,50227
2,6410701,50228
2,6410701,50229
2,6410701,50231
2,6410701,50232
2,6410701,50233
2,6410701,50235
2,6410701,50237
2,6410701,50241
2,6410701,50242
2,6410701,50244
2,6410701,50245
2,6410701,50246
2,6410701,50248
2,6410701,50249
2,6410701,50252
2,6410701,50253
2,6410701,50254
2,6410701,50255
2,6410701,50256
2,6410701,50257
2,6410701,50261
2,6410701,50262
2,6410701,50263
2,6410701,50264
2,6410701,50265
2,6410701,50266
2,6410701,50267
2,6410701,50268
2,6410701,50269
2,6410701,50271
2,6410701,50272
2,6410701,50273
2,6410701,50274
2,6410701,50275
2,6410701,50276
2,6410701,50277
2,6410701,50278
2,6410701,50279
2,6410701,50511
2,6410701,50512
2,6410701,50513
2,6410701,50514
2,6410701,50515
2,6410701,50516
2,6410701,50517
2,6410701,50518
2,6410701,50519
2,6410701,50551
2,6410701,50552
2,6410701,50611
2,6410701,50612
2,6410701,50613
2,6410701,50614
2,6410701,50661
2,6410701,50662
2,6410701,50663
2,6410701,50664
2,6410701,50771
2,6410701,50772
2,6410701,50773
2,6410701,50774
2,6410701,50775
2,6410701,50776
2,6410701,50777
2,6559695,40111
2,6559695,40112
2,6559695,40113
2,6559695,40114
2,6559695,40115
2,6559695,40116
2,6559695,40117
2,6559695,40121
2,6559695,40122
2,6559695,40123
2,6559695,40124
2,6559695,40125
2,6559695,40131
2,6559695,40132
2,6559695,40133
2,6559695,40134
2,6559695,40135
2,6559695,40141
2,6559695,40142
2,6559695,40143
2,6559695,40151
2,6559695,40152
2,6559695,40153
2,6559695,40154
2,6559695,40161
2,6559695,40162
2,6559695,40163
2,6559695,40164
2,6559695,40171
2,6559695,40172
2,6559695,40173
2,6559695,40174
2,6559695,40175
2,6559695,40181
2,6559695,40182
2,6559695,40183
2,6559695,40184
2,6559695,40191
2,6559695,40192
2,6559695,40193
2,6559695,40195
2,6559695,40196
2,6559695,40197
2,6559695,40198
2,6559695,40211
2,6559695,40212
2,6559695,40213
2,6559695,40214
2,6559695,40215
2,6559695,40216
2,6559695,40217
2,6559695,40218
2,6559695,40221
2,6559695,40222
2,6559695,40223
2,6559695,40224
2,6559695,40225
2,6559695,40226
2,6559695,40227
2,6559695,40228
2,6559695,40229
2,6559695,40231
2,6559695,40232
2,6559695,40233
2,6559695,40234
2,6559695,40235
2,6559695,40236
2,6559695,40237
2,6559695,40238
2,6559695,40239
2,6559695,40241
2,6559695,40242
2,6559695,40243
2,6559695,40251
2,6559695,40252
2,6559695,40253
2,6559695,40254
2,6559695,40255
2,6559695,40256
2,6559695,40257
2,6559695,40258
2,6559695,40261
2,6559695,40262
2,6559695,40263
2,6559695,40264
2,6559695,40265
2,6559695,40266
2,6559695,40267
2,6559695,40271
2,6559695,40272
2,6559695,40273
2,6559695,40274
2,6559695,40275
2,6559695,40281
2,6559695,40282
2,6559695,40283
2,6559695,40284
2,6559695,40285
2,6559695,40286
2,6559695,40287
2,6559695,40288
2,6559695,40291
2,6559695,40292
2,6559695,40293
2,6559695,40294
2,6559695,40295
2,6559695,40374
2,6559695,40375
2,6559695,40376
2,6559695,40377
2,6559695,40378
2,6559695,40379
2,6559695,40381
2,6559695,40382
2,6559695,40383
2,6559695,40384
2,6559695,40385
2,6559695,40386
2,6559695,40394
2,6559695,40395
2,6559695,40396
2,6559695,40611
2,6559695,40614
2,6559695,40615
2,6559695,40616
2,6559695,40617
2,6559695,40618
2,6559695,40619
2,6559695,40621
2,6559695,40622
2,6559695,40623
2,6559695,40624
2,6559695,40625
2,6559695,40626
2,6559695,40911
2,6559695,40912
2,6559695,40913
2,6559695,40914
2,6559695,40915
2,6559695,40921
2,6559695,40972
2,6559695,40973
2,6560140,57171
2,6560140,57172
2,6560140,57173
2,6560140,57174
2,6560140,57175
2,6560140,57176
2,6560140,57177
2,6560140,57178
2,6560140,57179
2,6560140,57181
2,6560140,57188
2,6560140,57711
2,6560140,57712
2,6560140,57713
2,6560140,57714
2,6560140,57715
2,6560140,57716
2,6560140,57721
2,6560140,57722
2,6560140,57731
2,6560140,57752
2,6560140,57753
2,6560140,57762
2,6560140,57781
2,6560140,57782
2,6560140,57783
2,6560140,57784
2,6560140,57785
2,6560140,57791
2,6560140,57792
2,6560140,57793
2,6560140,57794
2,6581948,41211
2,6581948,41212
2,6581948,41213
2,6581948,41215
2,6581948,41251
2,6581948,41252
2,6581948,41253
2,6581948,41254
2,6581948,41255
2,6581948,41256
2,6581948,41257
2,6581948,41258
2,6581948,41259
2,6581948,41261
2,6581948,41262
2,6581948,41263
2,6581948,41271
2,6581948,41272
2,6581948,41281
2,6581948,41282
2,6581948,41283
2,6581948,41284
2,6581948,41285
2,6581948,41286
2,6588980,43211
2,6588980,43212
2,6588980,43213
2,6588980,43214
2,6588980,43215
2,6588980,43216
2,6588980,43252
2,6588980,43253
2,6588980,43254
2,6588980,43261
2,6588980,43262
2,6588980,43263
2,6588980,43264
2,6588980,43265
2,6588980,43266
2,6588980,43267
2,6588980,43268
2,6588980,43269
2,6588980,43271
2,6588980,43272
2,6588980,43273
2,6588980,43274
2,6588980,43275
2,6588980,43281
2,6588980,43282
2,6588980,43283
2,6588980,43284
2,6588980,43285
2,6588980,43291
2,6588980,43292
2,6599302,17111
2,6599302,17112
2,6599302,17113
2,6599302,17114
2,6599302,17115
2,6599302,17116
2,6599302,17117
2,6599302,17121
2,6599302,17122
2,6599302,17123
2,6599302,17124
2,6599302,17125
2,6599302,17131
2,6599302,17132
2,6599302,17133
2,6599302,17134
2,6599302,17135
2,6599302,17136
2,6599302,17141
2,6599302,17142
2,6599302,17143
2,6599302,17144
2,6599302,17145
2,6599302,17146
2,6599302,17147
2,6599302,17148
2,6599302,17151
2,6599302,17152
2,6599302,17153
2,6599302,17154
2,6599302,17155
2,6599302,17156
2,6599302,17157
2,6599302,17158
2,6599302,17211
2,6599302,17212
2,6599302,17213
2,6599302,17214
2,6599302,17215
2,6599302,17216
2,6599302,17217
2,6599302,17218
2,6599302,17320
2,6599302,17330
2,6599302,17340
2,6599302,17350
2,6599302,17352
2,6599302,17356
2,6599302,17411
2,6599302,17412
2,6599302,17413
2,6599302,17414
2,6599302,17415
2,6599302,17421
2,6599302,17422
2,6599302,17423
2,6599302,17424
2,6599302,17425
2,6599302,17426
2,6599302,17431
2,6599302,17432
2,6599302,17433
2,6599302,17434
2,6599302,17435
2,6599302,17510
2,6599302,17520
2,6599302,17530
2,6599302,17540
2,6599302,17610
2,6599302,17620
2,6599302,17630
2,6599302,17710
2,6599302,17720
2,6599302,17730
2,6619356,98611
2,6619356,98652
2,6619356,98661
2,6619356,98662
2,6698251,95352
2,6698251,95355
2,6698251,95357
2,6698251,95953
2,6698251,95954
2,6698251,95955
2,6698251,95956
2,6698251,95958
2,6698251,95959
2,6698251,95999
2,6701575,24471
2,6701575,24472
2,6701575,24473
2,6701575,24474
2,6701575,24475
2,6701575,24476
2,6701575,24477
2,6701575,24478
2,6701674,23762
2,6701674,23763
2,6701674,23764
2,6701674,23765
2,6701674,23766
2,6701674,23767
2,6703019,23661
2,6703019,23662
2,6703019,23671
2,6703019,23672
2,6704825,23891
2,6704825,23892
2,6704825,23893
2,6704825,23894
2,6705241,23653
2,6705241,23654
2,6705241,23655
2,6705241,23656
2,6705241,23657
2,6712486,24553
2,6712486,24581
2,6712486,24582
2,6713333,24783
2,6713333,24784
2,6713333,24785
2,6713333,24791
2,6715130,20984
2,6715130,20986
2,6715130,20987
2,6715130,20991
2,6715130,20992
2,6715130,20993
2,6715130,20994
2,6715130,20995
2,6715130,20996
2,6715130,20997
2,6715130,20998
2,6719204,24311
2,6719204,24313
2,6719204,24314
2,6719204,24315
2,6719204,24351
2,6719204,24352
2,6719204,24375
2,6722476,28554
2,6722476,28555
2,6722476,28556
2,6722476,28557
2,6722476,28558
2,6722476,28559
2,6722476,28565
2,6724202,28411
2,6724202,28412
2,6724202,28451
2,6724202,28452
2,6724202,28453
2,6724202,28458
2,6724202,28461
2,6724202,28462
2,6724202,28463
2,6724202,28464
2,6724202,28471
2,6725176,22271
2,6725176,22272
2,6726149,22411
2,6726149,22412
2,6726149,22413
2,6726149,22414
2,6726149,22415
2,6726149,22416
2,6726149,22417
2,6726149,22418
2,6726149,22419
2,6726149,22452
2,6726149,22453
2,6726149,22458
2,6726149,22461
2,6726149,22463
2,6726149,22465
2,6726149,22466
2,6726149,22471
2,6726149,22472
2,6726149,22473
2,6726149,22474
2,6726149,22476
2,6729814,24251
2,6729814,24261
2,6729814,24262
2,6729814,24263
2,6729814,24264
2,6729814,24356
2,6729814,24357
2,6739766,59511
2,6739766,59512
2,6739766,59513
2,6739766,59514
2,6739766,59515
2,6739766,59516
2,6739766,59517
2,6739766,59552
2,6739766,59554
2,6739766,59561
2,6739766,59563
2,6739766,59565
2,6739766,59566
2,6739766,59567
2,6739766,59571
2,6739766,59573
2,6739766,59581
2,6739766,59582
2,6739766,59583
2,6745680,51311
2,6745680,51312
2,6745680,51313
2,6745680,51314
2,6745680,51315
2,6745680,51316
2,6745680,51317
2,6745680,51318
2,6745680,51319
2,6745680,51351
2,6745680,51352
2,6745680,51353
2,6745680,51354
2,6745680,51355
2,6745680,51356
2,6745680,51357
2,6745680,51361
2,6745680,51362
2,6745680,51363
2,6745680,51364
2,6745680,51371
2,6745680,51372
2,6745680,51381
2,6745680,51382
2,6745680,51383
2,6751097,16411
2,6751097,16412
2,6751097,16413
2,6751097,16414
2,6751097,16415
2,6751097,16416
2,6751097,16417
2,6751097,16418
2,6751097,16421
2,6751097,16422
2,6751097,16423
2,6751097,16424
2,6751097,16425
2,6751097,16426
2,6751097,16431
2,6751097,16432
2,6751097,16433
2,6751097,16434
2,6751097,16435
2,6751097,16436
2,6751097,16437
2,6751097,16438
2,6751097,16439
2,6751097,16451
2,6751097,16452
2,6751097,16453
2,6751097,16454
2,6751097,16455
2,6751097,16456
2,6751097,16457
2,6751097,16458
2,6751097,16459
2,6751097,16511
2,6751097,16512
2,6751097,16513
2,6751097,16514
2,6751097,16515
2,6751097,16516
2,6751097,16517
2,6751097,16518
2,6751097,16519
2,6755517,95371
2,6755517,95611
2,6755517,95612
2,6755517,95613
2,6755517,95614
2,6755517,95615
2,6755517,95616
2,6755517,95617
2,6755517,95618
2,6755517,95619
2,6755517,95651
2,6755517,95661
2,6755517,95681
2,6755517,95682
2,6755517,95683
2,6755517,95684
2,6755517,95691
2,6755517,95692
2,6755517,95693
2,6755517,95694
2,6758625,42411
2,6758625,42412
2,6758625,42413
2,6758625,42414
2,6758625,42415
2,6758625,42416
2,6758625,42417
2,6758625,42418
2,6758625,42419
2,6758625,42422
2,6758625,42423
2,6758625,42424
2,6758625,42425
2,6758625,42426
2,6758625,42427
2,6758625,42431
2,6758625,42433
2,6758625,42434
2,6758625,42436
2,6758625,42437
2,6758625,42438
2,6758625,42439
2,6758625,42441
2,6758625,42442
2,6758625,42443
2,6758625,42444
2,6758625,42445
2,6758625,42446
2,6758625,42447
2,6775904,61111
2,6775904,61112
2,6775904,61113
2,6775904,61114
2,6775904,61115
2,6775904,61116
2,6775904,61117
2,6775904,61118
2,6775904,61119
2,6775904,61121
2,6775904,61122
2,6775904,61123
2,6775904,61124
2,6775904,61151
2,6775904,61152
2,6775904,61153
2,6775904,61154
2,6775904,61155
2,6775904,61156
2,6775904,61162
2,6775904,61171
2,6775904,61172
2,6775904,61173
2,6775904,61174
2,6775904,61175
2,6775904,61176
2,6775904,61177
2,6775904,61181
2,6775904,61182
2,6829652,68211
2,6829652,68212
2,6829652,68213
2,6829652,68214
2,6829652,68215
2,6829652,68216
2,6829652,68217
2,6829652,68218
2,6829652,68219
2,6829652,68251
2,6829652,68252
2,6829652,68253
2,6829652,68261
2,6829652,68262
2,6829652,68263
2,6829652,68271
2,6829652,68272
2,6829652,68281
2,6829652,68282
2,6829652,68283
2,6829652,68284
2,6829652,68285
2,6829652,68286
2,6829652,68287
2,6829652,68288
2,6829652,68291
2,6965895,91921
2,6965895,91951
2,6965895,91952
2,6965895,91991
2,6965895,91992
2,6965895,91993
2,6965895,91994
2,6965895,91995
2,6965895,91996
2,6965895,91997
2,6965895,91998
2,6965895,91999
2,6983688,94711
2,6983688,94712
2,6983688,94713
2,6983688,94717
2,6983688,94723
2,6983688,94752
2,6983688,94753
2,6983688,94761
2,6983688,94762
2,6983688,94765
2,6983688,94771
2,6983688,94772
2,6983688,94773
2,6984549,84454
2,6984549,84455
2,6984549,84456
2,6984549,84457
2,6984549,84458
2,7057508,84211
2,7057508,84212
2,7057508,84213
2,7057508,84214
2,7057508,84216
2,7057508,84217
2,7057508,84218
2,7057508,84219
2,7057508,84251
2,7057508,84252
2,7057508,84253
2,7057508,84261
2,7057508,84271
2,7057508,84272
2,7063566,90811
2,7063566,90812
2,7063566,90813
2,7063566,90814
2,7063566,90852
2,7063566,90853
2,7063566,90861
2,7063566,90862
2,7063566,90871
2,7086954,80811
2,7086954,80813
2,7086954,80852
2,7086954,80853
2,7086954,80861
2,7086954,80862
2,7086954,80863
2,7086954,80864
2,7086954,80871
2,7862296,35353
2,7862296,35356
2,7862296,35357
2,7862296,35361
2,7862296,35362
2,7862296,35365
2,7862296,35452
2,7862296,35551
2,7862296,35552
2,7862296,35592
2,7862296,35594
2,7862296,35596
2,7862296,35597
2,7910336,40391
2,7910336,40551
2,7910336,40552
2,7910336,40553
2,7910336,40554
2,7910336,40556
2,7910336,40558
2,7910336,40559
2,7910336,40561
2,7910336,40562
2,7910336,40563
2,7910336,40564
2,7910336,40565
2,7910336,40566
2,7910349,37211
2,7910349,37216
2,7910349,37252
2,7910349,37255
2,7910349,37257
2,7910349,37261
2,7910349,37262
2,7910349,37263
2,7910905,98653
2,7910905,98654
2,7910905,98655
2,7910905,98656
2,7910908,98361
2,7910908,98362
2,7910924,98454
2,7910924,98455
2,7910924,98456
2,7910927,97756
2,7910927,97781
2,7910927,97782
2,7910927,97783
2,7910927,97791
2,7910927,97792
2,7910930,55651
2,7910930,55652
2,7910930,55653
2,7910930,55654
2,7910930,55655
2,7910930,55661
2,7910930,55663
2,7910930,55664
2,7910930,55671
2,7910930,55672
2,7910930,55673
2,7910930,55674
2,7910935,97711
2,7910935,97712
2,7910935,97713
2,7910935,97714
2,7910935,97715
2,7910935,97716
2,7910935,97717
2,7910935,97718
2,7910935,97719
2,7910935,97721
2,7910935,97722
2,7910935,97723
2,7910935,97724
2,7910935,97725
2,7910935,97726
2,7910935,97727
2,7910935,97728
2,7910935,97729
2,7910935,97751
2,7910936,99111
2,7910936,99112
2,7910936,99113
2,7910936,99114
2,7910936,99115
2,7910936,99116
2,7910936,99117
2,7910936,99221
2,7910936,99222
2,7910936,99223
2,7910936,99224
2,7910936,99225
2,7910936,99226
2,7910936,99351
2,7910936,99352
2,7910936,99353
2,7910936,99354
2,7910936,99356
2,7910936,99357
2,7910936,99358
2,7910936,99359
2,7910936,99361
2,7910936,99362
2,7910936,99364
2,7910937,98811
2,7910937,98812
2,7910937,98813
2,7910937,98814
2,7910937,98815
2,7910937,98816
2,7910937,98817
2,7910937,98818
2,7910937,98852
2,7910937,98853
2,7910937,98854
2,7910937,98856
2,7910937,98861
2,7910939,91361
2,7910939,91362
2,7910939,91363
2,7910939,91364
2,7910939,91365
2,7910939,91366
2,7910939,91371
2,7910939,91372
2,7910939,91373
2,7910943,99572
2,7910943,99573
2,7910943,99574
2,7910943,99575
2,7910943,99576
2,7910943,99577
2,7932494,31511
2,7932494,31512
2,7932494,31513
2,7932494,31514
2,7932494,31515
2,7932494,31516
2,7932494,31517
2,7932494,31519
2,7932494,31521
2,7932494,31522
2,7932494,31526
2,7932494,31527
2,7932494,31529
2,7932494,31551
2,7932496,31111
2,7932496,31112
2,7932496,31113
2,7932496,31115
2,7932496,31116
2,7932496,31117
2,7932496,31121
2,7932496,31122
2,7932496,31123
2,7932496,31124
2,7932496,31125
2,7932496,31126
2,7932496,31127
2,7932496,31131
2,7932496,31132
2,7932496,31133
2,7932496,31134
2,7932496,31135
2,7932496,31141
2,7932496,31142
2,7932496,31143
2,7932496,31144
2,7932496,31145
2,7932496,31146
2,8080464,62211
2,8080464,62212
2,8080464,62213
2,8080464,62214
2,8080464,62215
2,8080464,62216
2,8080464,62217
2,8080464,62218
2,8080464,62252
2,8080464,62253
2,8080464,62254
2,8080464,62255
2,8080464,62256
2,8080464,62257
2,8080464,62261
2,8080464,62262
2,8080464,62263
2,8080464,62264
2,8080464,62265
2,8080464,62271
2,8080464,62272
2,8080464,62273
2,8080464,62274
2,8080464,62275
2,8080464,62276
2,8080464,62281
2,8080464,62282
2,8080464,62283
2,8080464,62284
2,8080464,62291
2,8080464,62292
2,8080464,62293
2,8224053,24410
2,8224053,24411
2,8224053,24412
2,8224053,24413
2,8224053,24414
2,8224053,24415
2,8224053,24416
2,8224053,24451
2,8224054,24653
2,8224054,24654
2,8224054,24655
2,8224054,24656
2,8224055,24111
2,8224055,24112
2,8224055,24113
2,8224055,24114
2,8224055,24115
2,8224055,24116
2,8224055,24118
2,8224055,24119
2,8224055,24151
2,8224055,24152
2,8224055,24153
2,8224055,24161
2,8224055,24162
2,8224055,24163
2,8224055,24164
2,8224055,24165
2,8224055,24166
2,8224055,24167
2,8224055,24171
2,8224055,24172
2,8224055,24173
2,8224055,24174
2,8224055,24181
2,8224055,24182
2,8224055,24183
2,8224055,24186
2,8224057,22864
2,8224057,22865
2,8224057,22866
2,8224057,22867
2,8224057,22873
2,8224057,22874
2,8224057,22881
2,8521769,31171
2,8521769,31172
2,8521769,31173
2,8521769,31211
2,8521769,31212
2,8521769,31213
2,8521769,31214
2,8521769,31311
2,8521769,31312
2,8521769,31313
2,8521769,31314
2,8521769,31315
2,8521769,31351
2,8521769,31352
2,8521769,31355
2,8521769,31356
2,8521769,31357
2,8521769,31626
2,8521769,31711
2,8521769,31712
2,8521769,31713
2,8530432,98111
2,8530432,98112
2,8530432,98113
2,8530432,98114
2,8530432,98115
2,8530432,98116
2,8530432,98118
2,8530432,98119
2,8530432,98152
2,8530432,98153
2,8530432,98154
2,8530432,98155
2,8530432,98156
2,8530432,98157
2,8530432,98158
2,8530432,98171
2,8530432,98172
2,8531251,99355
2,8531251,99371
2,8531251,99372
2,8531251,99373
2,8531251,99374
2,8531252,99465
2,8531252,99466
2,8531252,99467
2,8531252,99468
2,8531252,99469
2,8541464,69412
2,8541464,69413
2,8541464,69414
2,8541464,69415
2,8541464,69416
2,8541464,69417
2,8541464,69451
2,8541464,69452
2,8541464,69453
2,8541464,69454
2,8541464,69455
2,8541464,69456
2,8541464,69457
2,8541464,69461
2,8541464,69462
2,8541464,69463
2,8541464,69465
2,8541464,69466
2,8541464,69467
2,8541464,69471
2,8541464,69472
2,8541464,69473
2,8541464,69474
2,8541464,69481
2,8541464,69482
2,8541464,69483
2,8541464,69484
2,8541464,69485
2,8541464,69491
2,8541464,69492
2,8541464,69493
2,8552411,34598
2,8552411,34684
2,8552411,34696
2,8552411,34697
2,8552411,34698
2,8571637,24184
2,8571637,24185
2,8571637,24186
2,8571637,24187
2,8571637,24188
2,8571638,24782
2,8571638,24786
2,8594735,84311
2,8594735,84312
2,8594735,84313
2,8594735,84314
2,8594735,84315
2,8594735,84316
2,8594735,84317
2,8594735,84318
2,8594735,84352
2,8594735,84353
2,8594735,84361
2,8594735,84371
2,8594735,84372
2,8594735,84373
2,8594735,84381
2,8594735,84382
2,8594735,84383
2,8594735,84384
2,8594799,27151
2,8594799,27211
2,8594799,27213
2,8594799,27216
2,8594799,27261
2,8594799,27262
2,8594799,27263
2,8594799,27264
2,8594799,27265
2,8594799,27271
2,8594799,27281
2,8594799,27282
2,8594799,27292
2,8594799,27294
2,8597074,28711
2,8597074,28712
2,8597074,28713
2,8597074,28714
2,8597074,28754
2,8597074,28761
2,8597074,28771
2,8597074,28781
2,8597074,28784
2,8611929,21461
2,8611929,21463
2,8611929,21464
2,8611929,21465
2,8613334,77111
2,8613334,77112
2,8613334,77113
2,8613334,77114
2,8613334,77115
2,8613334,77116
2,8613334,77123
2,8613334,77124
2,8613334,77125
2,8613334,77126
2,8613353,77155
2,8613353,77554
2,8613353,77555
2,8613353,77562
2,8613353,77571
2,8613353,77572
2,8613353,77573
2,8613360,77453
2,8613360,77456
2,8613360,77457
2,8613360,77482
2,8613360,77483
2,8613361,77152
2,8613361,77453
2,8659092,83352
2,8659092,83353
2,8659092,83354
2,8659101,84111
2,8659101,84112
2,8659101,84113
2,8659101,84114
2,8659101,84115
2,8659101,84116
2,8659101,84117
2,8659101,84118
2,8659101,84119
2,8659101,84152
2,8659101,84153
2,8659101,84161
2,8659101,84162
2,8659101,84171
2,8659101,84172
2,8659101,84173
2,8659101,84181
2,8659101,84182
2,8659101,84191
2,8739779,29871
2,8739779,29872
2,8739779,29873
2,8739779,29874
2,8739779,29875
2,8740062,79355
2,8740062,79356
2,8740062,79357
2,8740062,79358
2,8740062,79362
2,8740062,79363
2,8740062,79364
2,8740062,79365
2,8740062,79366
2,8740062,79367
2,8740064,79181
2,8740064,79211
2,8740064,79212
2,8740064,79213
2,8740064,79214
2,8740064,79251
2,8740064,79271
2,8740064,79281
2,8740064,79283
2,8740064,79284
2,8740064,79285
2,8740064,79286
2,8740093,29781
2,8740093,29782
2,8740093,29783
2,8740093,29784
2,8740094,25391
2,8740094,25392
2,8740094,25393
2,8740094,25394
2,8740095,29783
2,8740095,29791
2,8740095,29792
2,8741175,74812
2,8741175,74813
2,8741175,74816
2,8741175,74821
2,8741175,74831
2,8741175,74841
2,8741175,74861
2,8741175,74862
2,8741175,74863
2,8741175,74871
2,8741175,74872
2,8741175,74873
2,8741175,74874
2,9034776,29132
2,9034776,29133
2,9034776,29134
2,9034776,29135
2,9034776,29136
2,9034776,29151
2,9034776,29152
2,9034776,29193
2,9161518,22911
2,9161518,22912
2,9161518,22913
2,9161518,22915
2,9161518,22916
2,9161518,22917
2,9161518,22918
2,9161518,22919
2,9161518,22952
2,9161518,22976
2,9161518,22977
2,9161518,22978
2,9161518,22983
2,9161518,22987
2,9161518,22988
2,9161518,22989
2,9161518,22994
2,9161518,22998
2,9162086,22454
2,9162086,22455
2,9162086,22456
2,9162086,22457
2,9162086,22475
2,9162842,22391
2,9162842,22392
2,9162842,22393
2,9162842,22394
2,9162842,22395
2,9162842,22396
2,9163115,26311
2,9163115,26318
2,9163115,26352
2,9163115,26353
2,9163115,26381
2,9163116,26366
2,9163116,26561
2,9163116,26566
2,9163116,26567
2,9163116,26571
2,9163116,26572
2,9163116,26573
2,9163118,29511
2,9163118,29512
2,9163118,29513
2,9163118,29514
2,9163118,29515
2,9163118,29553
2,9163118,29555
2,9163118,29556
2,9163118,29561
2,9163118,29563
2,9163118,29564
2,9163118,29565
2,9163118,29566
2,9163207,28353
2,9163207,28381
2,9163207,28382
2,9163207,28383
2,9163207,28384
2,9163311,30653
2,9163311,30661
2,9163311,30664
2,9163311,30812
2,9163311,30813
2,9163311,30814
2,9163311,30815
2,9163311,30816
2,9163311,30817
2,9163311,30862
2,9163311,30865
2,9163311,30866
2,9163311,30867
2,9163311,30868
2,9163311,30869
2,9163828,34761
2,9163828,34762
2,9163828,34763
2,9163828,34764
2,9163828,34765
2,9163828,34766
2,9163828,34767
2,9163828,34768
2,9163828,34769
2,9164018,34595
2,9164018,34596
2,9164018,34611
2,9164018,34613
2,9164018,34614
2,9164018,34615
2,9164018,34616
2,9164018,34617
2,9164018,34618
2,9164018,34619
2,9164018,34681
2,9164018,34682
2,9165593,86611
2,9165593,86612
2,9165593,86613
2,9165593,86615
2,9165593,86616
2,9165593,86681
2,9165593,86682
2,9165593,86683
2,9165593,86684
2,9165593,86685
2,9165593,86691
2,9165593,86692
2,9165681,86752
2,9165681,86753
2,9165681,86754
2,9165681,86756
2,9165681,86757
2,9165684,71614
2,9165684,71616
2,9165684,71617
2,9165684,71618
2,9165684,71661
2,9165684,71662
2,9165684,71663
2,9165684,71664
2,9165684,71665
2,9165684,71666
2,9165685,96582
2,9165685,96583
2,9165685,96584
2,9165685,96585
2,9165686,96261
2,9165686,96262
2,9165686,96263
2,9165686,96264
2,9165686,96265
2,9165687,96265
2,9165687,96266
2,9165687,96466
2,9165687,96467
2,9165687,96468
2,9165687,96469
2,9165688,94681
2,9165688,94682
2,9165688,94683
2,9165688,94684
2,9165688,94691
2,9165688,94692
2,9165690,94471
2,9165690,94473
2,9165690,94474
2,9165690,94475
2,9165690,94476
2,9165690,94479
2,9165691,94714
2,9165691,94881
2,9165691,94882
2,9165691,94883
2,9165691,94884
2,9165691,94885
2,9165691,94891
2,9165691,94892
2,9165694,94965
2,9165694,94966
2,9165694,94971
2,9165694,94972
2,9165694,94973
2,9165694,94974
2,9165694,94975
2,9165694,94976
2,9165704,91981
2,9165704,92932
2,9165704,92933
2,9165704,92935
2,9165704,92936
2,9165704,92937
2,9165704,92971
2,9165704,92972
2,9165704,92973
2,9165704,92975
2,9165704,92981
2,9165704,92982
2,9165704,92983
2,9165704,92985
2,9165705,93911
2,9165705,93912
2,9165705,93913
2,9165705,93914
2,9165705,93915
2,9165705,93916
2,9165705,93954
2,9165705,93955
2,9165705,93956
2,9165705,93957
2,9165705,93958
2,9165706,97662
2,9165706,97663
2,9165706,97664
2,9165706,97665
2,9165706,97666
2,9165706,97667
2,9165706,97668
2,9165708,97752
2,9165708,97753
2,9165708,97754
2,9165708,97755
2,9165710,99853
2,9165710,99871
2,9165710,99872
2,9165710,99874
2,9165710,99875
2,9165710,99881
2,9165711,99766
2,9165711,99773
2,9165711,99776
2,9165711,99777
2,9165711,99778
2,9165711,99779
2,9165711,99782
2,9165729,76141
2,9165729,76142
2,9165729,76143
2,9165729,76144
2,9165729,76145
2,9165729,76146
2,9165729,76147
2,9165729,76148
2,9165729,76149
2,9165729,76284
2,9165729,76285
2,9165769,22311
2,9165769,22312
2,9165769,22313
2,9165769,22314
2,9165769,22315
2,9165769,22316
2,9165769,22381
2,9165769,22382
2,9165769,22383
2,9165769,22384
2,9165769,22385
2,9165769,22386
2,9165770,27775
2,9165770,27776
2,9165770,27777
2,9165770,27778
2,9165770,27779
2,9165775,30911
2,9165775,30912
2,9165775,30913
2,9165775,30914
2,9165775,30915
2,9165775,30916
2,9165775,30953
2,9165775,30958
2,9165775,30959
2,9165775,30961
2,9165775,30962
2,9165775,30967
2,9165775,30968
2,9165775,30971
2,9165775,30972
2,9165775,30974
2,9165775,30975
2,9165778,34182
2,9165778,34192
2,9165778,34194
2,9165778,34196
2,9165778,34198
2,9165778,34199
2,9165778,34331
2,9165778,34332
2,9165778,34333
2,9165778,34335
2,9165778,34371
2,9165778,34372
2,9165778,34373
2,9165778,34375
2,9165778,34376
2,9165778,34377
2,9165778,34381
2,9165778,34382
2,9165778,34384
2,9165778,34385
2,9165778,34386
2,9165778,34387
2,9165778,34388
2,9165778,34389
2,9165778,34391
2,9165778,34396
2,9165782,85912
2,9165782,85913
2,9165782,85914
2,9165782,85916
2,9165782,85917
2,9165782,85918
2,9165782,85972
2,9165782,85973
2,9165782,85974
2,9165782,85981
2,9165782,85982
2,9165782,85983
2,9165788,91854
2,9165788,91966
2,9165788,92912
2,9165788,92913
2,9165788,92914
2,9165788,92915
2,9165788,92916
2,9165788,92917
2,9165788,92953
2,9165788,92954
2,9165788,92955
2,9165788,92956
2,9165788,92957
2,9165788,92961
2,9165788,92963
2,9165788,92964
2,9165788,92965
2,9165798,97752
2,9165798,97755
2,9165798,97761
2,9165798,97762
2,9165798,97764
2,9165840,86111
2,9165840,86312
2,9165840,86313
2,9165840,86314
2,9165840,86315
2,9165840,86316
2,9165840,86317
2,9165840,86318
2,9165840,86319
2,9165840,86352
2,9165840,86353
2,9165840,86361
2,9165840,86362
2,9165840,86371
2,9165840,86372
2,9165840,86374
2,9165840,86375
2,9165840,86376
2,9165840,86377
2,9165840,86378
2,9165840,86379
2,9165840,86381
2,9165840,86382
2,9165866,96252
2,9165866,96253
2,9165866,96254
2,9165866,96524
2,9165866,96525
2,9165868,95371
2,9165868,95372
2,9165868,95373
2,9165868,95375
2,9165868,95376
2,9165868,95377
2,9165868,95378
2,9165868,95379
2,9165982,97511
2,9165982,97512
2,9165982,97513
2,9165982,97514
2,9165982,97515
2,9165982,97516
2,9165982,97553
2,9165982,97557
2,9165982,97558
2,9165982,97581
2,9165982,97582
2,9165982,97591
2,9165982,97592
2,9165982,97593
2,9165987,97561
2,9165987,97562
2,9165987,97566
2,9165987,97567
2,9165989,32211
2,9165989,32264
2,9165989,32265
2,9165989,32272
2,9165989,32273
2,9165989,32274
2,9165989,32276
2,9165989,32277
2,9165989,32278
2,9165989,32279
2,9165993,74162
2,9165993,74611
2,9165993,74612
2,9165993,74663
2,9165993,74664
2,9165994,97571
2,9165994,97572
2,9165994,97574
2,9165995,97862
2,9165995,97863
2,9165996,93791
2,9165996,93792
2,9165996,93793
2,9165996,93794
2,9165996,93795
2,9165997,93351
2,9165997,93353
2,9165997,93354
2,9165997,93393
2,9165997,93411
2,9165997,93412
2,9165997,93413
2,9165997,93414
2,9165997,93415
2,9165997,93416
2,9165997,93417
2,9165997,93418
2,9165997,93419
2,9165997,93452
2,9165997,93461
2,9165997,93463
2,9165997,93464
2,9165997,93771
2,9165998,93395
2,9165998,93811
2,9165998,93812
2,9165998,93813
2,9165998,93814
2,9165998,93815
2,9165998,93816
2,9165998,93818
2,9165998,93819
2,9165998,93871
2,9165998,93873
2,9165998,93874
2,9165998,93875
2,9165998,93881
2,9165998,93883
2,9165998,93884
2,9165998,93885
2,9165998,93891
2,9165998,93892
2,9165999,97554
2,9165999,97555
2,9165999,97594
2,9165999,97595
2,9165999,97596
2,9165999,97597
2,9165999,97598
2,9165999,97599
2,9166001,99661
2,9166001,99662
2,9166001,99663
2,9166001,99664
2,9166001,99665
2,9166002,98363
2,9166002,98364
2,9166002,98365
2,9166002,98373
2,9166041,27573
2,9166041,27678
2,9166041,27681
2,9166041,27684
2,9166049,31356
2,9166049,31411
2,9166049,31412
2,9166049,31413
2,9166049,31414
2,9166049,31415
2,9166049,31416
2,9166049,31417
2,9166049,31418
2,9166049,31419
2,9166049,31452
2,9166049,31453
2,9166049,31461
2,9166049,31462
2,9166049,31471
2,9166049,31581
2,9166049,31591
2,9166051,32184
2,9166051,32185
2,9166051,32311
2,9166051,32312
2,9166051,32313
2,9166051,32314
2,9166051,32315
2,9166051,32361
2,9166051,32362
2,9166051,32366
2,9166051,32367
2,9166051,32381
2,9166051,32382
2,9166051,32383
2,9166051,32384
2,9166051,32385
2,9166051,32386
2,9166051,32387
2,9166059,34811
2,9166059,34812
2,9166059,34813
2,9166059,34814
2,9166059,34815
2,9166059,34816
2,9166059,34817
2,9166059,34818
2,9166059,34871
2,9166059,34872
2,9166059,34876
2,9166059,34879
2,9166059,34881
2,9166059,34882
2,9166059,34884
2,9166059,34885
2,9166118,79511
2,9166118,79512
2,9166118,79513
2,9166118,79514
2,9166118,79515
2,9166118,79516
2,9166118,79582
2,9166118,79583
2,9166118,79584
2,9166118,79585
2,9166118,79586
2,9166118,79587
2,9166118,79588
2,9166125,74171
2,9166125,74172
2,9166125,74173
2,9170724,93771
2,9170724,93772
2,9170724,93773
2,9170724,93774
2,9170724,93781
2,9170724,93783
2,9172043,97792
2,9172043,97793
2,9172043,97794
2,9172043,97795
2,9172047,98161
2,9172047,98162
2,9172049,99910
2,9172049,99963
2,9172049,99964
2,9172049,99965
2,9172049,99966
2,9172049,99967
2,9172049,99968
2,9172049,99971
2,9172049,99972
2,9172049,99973
2,9172049,99974
2,9172050,98911
2,9172050,98912
2,9172050,98913
2,9172050,98914
2,9172050,98915
2,9172050,98916
2,9172050,98917
2,9172050,98918
2,9780988,72211
2,9780988,72212
2,9780988,72213
2,9780988,72214
2,9780988,72215
2,9780988,72216
2,9780988,72217
2,9780988,72218
2,9780988,72271
2,9780988,72272
2,9780988,72273
2,9780988,72274
2,9780988,72275
2,9781856,94112
2,9781856,94361
2,9781856,94362
2,9781856,94363
2,9781856,94364
2,9782270,36361
2,9782270,36364
2,9782270,36365
2,9782270,36371
2,9782270,36373
2,9782270,36381
2,9782270,36382
2,9821904,33777
2,9821904,33778
2,9821904,33782
2,9821904,33783
2,9821904,33791
2,9821905,33674
2,9821905,33675
2,9821905,33681
2,9821905,33684
2,9821906,33311
2,9821906,33312
2,9821906,33313
2,9821906,33351
2,9821906,33362
2,9821906,33364
2,9821906,33365
2,9821906,33366
2,9821907,33511
2,9821907,33512
2,9821907,33513
2,9821907,33514
2,9821907,33515
2,9821907,33516
2,9821907,33517
2,9821907,33561
2,9821907,33562
2,9821907,33571
2,9821909,29661
2,9821909,29662
2,9821909,29663
2,9821909,29664
2,9821910,22733
2,9821910,22741
2,9821910,22747
2,9821910,22753
2,9821910,22756
2,9821910,22762
2,9821911,21252
2,9821911,21253
2,9821911,21254
2,9821911,21255
2,9821911,21256
2,9821911,21257
2,9821911,21258
2,9821912,22742
2,9821912,22755
2,9821912,22762
2,9821912,22763
2,9821912,22765
2,9821912,22774
2,9821913,21452
2,9821913,21454
2,9821913,21455
2,9821913,21457
2,9821913,21474
2,9821913,21475
2,9821946,38371
2,9821946,38372
2,9821946,38375
2,9821946,38376
2,9821946,38377
2,9821946,38378
2,9821946,38379
2,9821946,38382
2,9821946,38383
2,9821946,38385
2,9821946,38386
2,9821949,95774
2,9821949,95775
2,9821950,95775
2,9821950,95781
2,9821950,95782
2,9821951,95762
2,9821951,95763
2,9821951,95764
2,9821951,95765
2,9821952,75311
2,9821952,75312
2,9821952,75313
2,9821952,75314
2,9821952,75321
2,9821952,75324
2,9821952,75325
2,9821952,75383
2,9821953,97512
2,9821953,97572
2,9821953,97573
2,9821953,97574
2,9821954,93671
2,9821954,93672
2,9821954,93673
2,9821955,28811
2,9821955,28812
2,9821955,28813
2,9821955,28814
2,9821955,28815
2,9821955,28816
2,9821955,28821
2,9821955,28822
2,9821955,28823
2,9821955,28824
2,9821955,28825
2,9821955,28826
2,9821955,28882
2,9821957,98854
2,9821957,98857
2,9821957,98862
2,9821957,98863
2,9821958,31453
2,9821958,31592
2,9821958,31593
2,9821958,31594
2,9821958,31595
2,9821958,31596
2,9827967,98353
2,9827967,98355
2,9827967,98359
2,9827974,46267
2,9827974,46365
2,9827974,46371
2,9827974,46372
2,9827974,46384
2,9827974,46391
2,9827974,46392
2,9827974,46393
2,9827974,46394
2,9827974,46395
2,9827974,46396
2,9827974,46397
2,9828026,98315
2,9828026,98352
2,9828026,98354
2,9828026,98357
2,9828026,98358
2,9828026,98359
2,9828028,34871
2,9828028,34874
2,9828028,34875
2,9828028,34876
2,9828028,34877
2,9828028,34878
2,9828028,34883
2,9828030,38955
2,9828030,38956
2,9828030,38961
2,9828030,38962
2,9828030,38963
2,9828030,38964
2,9828030,38965
2,9828031,78852
2,9828031,78853
2,9828031,78855
2,9828031,78856
2,9828031,78857
2,9828032,39371
2,9828032,39372
2,9828032,39373
2,9828032,39374
2,9828033,28752
2,9828033,28753
2,9828033,28755
2,9828034,95871
2,9828034,95872
2,9828034,95881
2,9828034,95882
2,9828034,95883
2,9828034,95884
2,9828034,95885
2,9828035,93352
2,9828035,93353
2,9828036,95711
2,9828036,95712
2,9828036,95713
2,9828036,95714
2,9828036,95715
2,9828036,95716
2,9828036,95717
2,9828036,95718
2,9828036,95719
2,9828037,78234
2,9828037,78355
2,9828037,78381
2,9828037,78382
2,9828037,78383
2,9828037,78384
2,9828037,78385
2,9828037,78391
2,9828037,78392
2,9828037,78393
2,9828038,75576
2,9828038,75763
2,9828038,75765
2,9828038,75766
2,9828038,75767
2,9828038,75768
2,9828038,75769
2,9828038,75772
2,9828038,75773
2,9828038,75774
2,9828038,75775
2,9828038,75776
2,9828038,75777
2,9828038,75778
2,9828038,75779
2,9828039,75251
2,9828039,75254
2,9828039,75256
2,9828039,75261
2,9828039,75262
2,9828039,75263
2,9828039,75264
2,9828039,75265
2,9828039,75266
2,9828039,75267
2,9828039,75271
2,9828039,75273
2,9828039,75274
2,9828039,75276
2,9828039,75277
2,9828039,75279
2,9828039,75381
2,9828039,75382
2,9828039,75385
2,9828039,75391
2,9828039,75511
2,9828039,75512
2,9828039,75513
2,9828039,75514
2,9828039,75515
2,9828039,75517
2,9828039,75552
2,9828039,75553
2,9828039,75557
2,9828039,75558
2,9828039,75559
2,9828039,75561
2,9828039,75562
2,9828039,75564
2,9828039,75571
2,9828039,75572
2,9828039,76131
2,9828040,99555
2,9828040,99556
2,9828040,99563
2,9828040,99567
2,9828041,39261
2,9828041,39262
2,9828041,39263
2,9828041,39264
2,9828041,39265
2,9828041,39267
2,9828041,39268
2,9828041,39269
2,9828043,97128
2,9828043,97452
2,9828043,97454
2,9828043,97652
2,9828704,97453
2,9828704,97463
2,9828704,97464
2,9828781,98262
2,9828781,99375
2,9828781,99376
2,9828781,99377
2,9828820,99553
2,9828820,99557
2,9828820,99558
2,9828890,91512
2,9828890,91571
2,9828890,91572
2,9828890,91573
2,9828890,91574
2,9828927,86571
2,9828927,86572
2,9828927,86581
2,9828927,86582
2,9828927,86583
2,9828927,86584
2,9828956,98461
2,9828956,98462
2,9828956,98463
2,9828956,98652
2,9828958,79671
2,9828958,79672
2,9828958,79673
2,9828958,79674
2,9828958,79675
2,9828958,79681
2,9828958,79682
2,9828959,37311
2,9828959,37312
2,9828959,37313
2,9828959,37314
2,9828959,37352
2,9828959,37353
2,9828959,37354
2,9828959,37356
2,9828959,37361
2,9828959,37371
2,9828959,37372
2,9828960,34111
2,9828960,34112
2,9828960,34113
2,9828960,34114
2,9828960,34117
2,9828960,34118
2,9828960,34119
2,9828960,34121
2,9828960,34122
2,9828960,34123
2,9828960,34124
2,9828960,34125
2,9828962,95995
2,9828962,95996
2,9828962,95997
2,9828962,95998
2,9828965,86462
2,9828965,86463
2,9828965,86464
2,9828965,86472
2,9828977,99564
2,9828977,99565
2,9828977,99571
2,9828978,22812
2,9828978,22814
2,9828978,22862
2,9828978,22863
2,9828978,22864
2,9828978,22867
2,9828978,22875
2,9843567,22814
2,9843567,22816
2,9843567,22817
2,9843567,22851
2,9843567,22852
2,9843567,22853
2,9843567,22857
2,9843567,22861
2,9843582,91911
2,9843582,91912
2,9843582,91913
2,9843582,91914
2,9843582,91921
2,9843582,91922
2,9843582,91923
2,9843582,91924
2,9843582,91925
2,9843582,91926
2,9843582,91958
2,9843582,91959
2,9843591,25511
2,9843591,25512
2,9843591,25513
2,9843591,25514
2,9843591,25515
2,9843591,25516
2,9843591,25517
2,9843591,25518
2,9843591,25519
2,9843591,25521
2,9843591,25522
2,9843591,25523
2,9843591,25524
2,9843591,25526
2,9843591,25529
2,9843591,25531
2,9843591,25532
2,9843591,25533
2,9843591,25534
2,9843591,25535
2,9843591,25536
2,9843591,25537
2,9843591,25538
2,9843591,25539
2,9843600,76251
2,9843600,76252
2,9843600,76253
2,9843600,76261
2,9843600,76271
2,9843600,76281
2,9843600,76282
2,9843600,76283
2,9843606,35353
2,9843606,35363
2,9843606,35366
2,9843606,35367
2,9843606,35368
2,9843606,35451
2,9843606,35453
2,9844898,35372
2,9844898,35373
2,9844898,35375
2,9844898,35376
2,9844898,35674
2,9844898,35682
2,9844899,97771
2,9844899,97772
2,9844899,97773
2,9844899,97774
2,9844899,97775
2,9844899,97776
2,9844899,97777
2,9844900,28911
2,9844900,28912
2,9844900,28913
2,9844900,28914
2,9844900,28953
2,9844900,28983
2,9844900,28991
2,9844900,28992
2,9844901,28654
2,9844901,28662
2,9844901,28671
2,9844901,28685
2,9844901,28686
2,9844901,28763
2,9844901,28772
2,9844901,28773
2,9844902,85391
2,9844902,85392
2,9844902,85393
2,9845356,38873
2,9845356,38874
2,9845356,38875
2,9845356,38876
2,9845356,38877
2,9845356,38878
2,9845356,38881
2,9845356,38882
2,9845356,38883
2,9845356,38884
2,9845356,38885
2,9845356,38886
2,9845356,38887
2,9845356,38888
2,9845433,79111
2,9845433,79112
2,9845433,79113
2,9845433,79114
2,9845433,79115
2,9845433,79116
2,9845433,79121
2,9845433,79122
2,9845433,79123
2,9845433,79124
2,9845433,79151
2,9845433,79163
2,9845433,79251
2,9845465,98411
2,9845465,98412
2,9845465,98413
2,9845465,98414
2,9845465,98415
2,9845465,98416
2,9845465,98417
2,9845465,98418
2,9845465,98419
2,9845465,98451
2,9845465,98452
2,9845465,98453
2,9845465,98456
2,9845465,98457
2,9845465,98471
2,9845465,98472
2,9845472,87252
2,9845472,87253
2,9845472,87254
2,9845472,87255
2,9845472,87261
2,9845472,87262
2,9845472,87263
2,9845473,87258
2,9845473,87282
2,9845473,87283
2,9845477,98371
2,9845477,98372
2,9845477,98472
2,9845477,98473
2,9845477,98474
2,9845480,15220
2,9845480,15221
2,9845480,15222
2,9845480,15223
2,9845480,15224
2,9845480,15225
2,9845480,15226
2,9845480,15227
2,9845480,15228
2,9845480,15229
2,9845480,15310
2,9845480,15311
2,9845480,15312
2,9845480,15313
2,9845480,15314
2,9845480,15315
2,9845480,15318
2,9845480,15320
2,9845480,15321
2,9845480,15322
2,9845480,15323
2,9845480,15324
2,9845480,15325
2,9845480,15326
2,9845480,15411
2,9845480,15412
2,9845480,15413
2,9845480,15414
2,9845480,15415
2,9845480,15416
2,9845480,15417
2,9845480,15418
2,9845480,15419
2,9845482,35374
2,9845482,35377
2,9845482,35378
2,9845482,35379
2,9845482,35382
2,9845482,35384
2,9845482,35386
2,9845482,35387
2,9845482,35611
2,9845482,35613
2,9845482,35675
2,9845482,35679
2,9845482,35682
2,9845482,35683
2,9845482,35684
2,9845482,35686
2,9845496,36511
2,9845496,36514
2,9845496,36552
2,9845496,36553
2,9845496,36554
2,9845496,36555
2,9845498,36572
2,9845498,36761
2,9845498,36763
2,9845498,36764
2,9845498,36771
2,9845498,36772
2,9845498,36773
2,9845500,37259
2,9845500,37553
2,9845500,37554
2,9845500,37571
2,9845500,37572
2,9845500,37573
2,9845501,97811
2,9845501,97812
2,9845501,97813
2,9845501,97852
2,9846653,99561
2,9846653,99562
2,9846653,99568
2,9846653,99569
2,9846654,94511
2,9846654,94512
2,9846654,94513
2,9846654,94514
2,9846654,94515
2,9846654,94516
2,9846654,94517
2,9846654,94518
2,9846654,94552
2,9846654,94553
2,9846654,94554
2,9846654,94561
2,9846654,94562
2,9846655,95411
2,9846655,95412
2,9846655,95413
2,9846655,95414
2,9846655,95415
2,9846655,95416
2,9846655,95417
2,9846655,95418
2,9846655,95419
2,9846655,95421
2,9846655,95422
2,9846655,95423
2,9846655,95424
2,9846655,95425
2,9846655,95431
2,9846655,95432
2,9846655,95433
2,9846655,95434
2,9846655,95435
2,9846655,95436
2,9846655,95437
2,9846655,95438
2,9846655,95439
2,9846655,95441
2,9846655,95442
2,9846655,95443
2,9846655,95444
2,9846655,95445
2,9846655,95446
2,9846655,95447
2,9846655,95449
2,9846656,91831
2,9846656,91832
2,9846656,91833
2,9846656,91834
2,9846656,91835
2,9846656,91852
2,9846656,91853
2,9846656,91854
2,9846656,91855
2,9846656,91862
2,9846656,92119
2,9846657,97611
2,9846657,97652
2,9846658,34388
2,9846658,34594
2,9846658,34683
2,9846658,34691
2,9846658,34693
2,9846659,99571
2,9846659,99578
2,9846659,99582
2,9846662,99583
2,9846662,99584
2,9846662,99585
2,9846662,99586
2,9846662,99587
2,9846663,22811
2,9846663,22812
2,9846663,22814
2,9846663,22851
2,9846663,22871
2,9846664,98767
2,9846664,98768
2,9846664,98769
2,9846664,98783
2,9846664,98784
2,9846668,75555
2,9846668,75556
2,9846668,75618
2,9846668,75619
2,9846668,75654
2,9846668,75655
2,9846668,75656
2,9846668,75683
2,9846668,75684
2,9846668,75685
2,9846669,98971
2,9846669,98972
2,9846669,98973
2,9846669,98976
2,9849812,65311
2,9849812,65312
2,9849812,65313
2,9849812,65314
2,9849812,65315
2,9849812,65316
2,9849812,65317
2,9849812,65318
2,9849812,65321
2,9849812,65322
2,9849812,65323
2,9849812,65324
2,9849812,65325
2,9849812,65326
2,9849812,65327
2,9849812,65331
2,9849812,65332
2,9849812,65333
2,9849812,65334
2,9849812,65335
2,9849812,65336
2,9849812,65337
2,9849812,65338
2,9849917,29412
2,9849917,29413
2,9849917,29414
2,9849917,29416
2,9849917,29422
2,9849917,29424
2,9849917,29425
2,9849917,29426
2,9849917,29427
2,9849917,29428
2,9849917,29431
2,9849917,29432
2,9849917,29433
2,9849917,29437
2,9849917,29438
2,9849917,29439
2,9849917,29441
2,9849917,29443
2,9849917,29444
2,9849917,29445
2,9849917,29452
2,9849917,29453
2,9849917,29454
2,9849917,29458
2,9849917,29461
2,9849917,29464
2,9849917,29465
2,9849917,29466
2,9849917,29467
2,9849917,29468
2,9849917,29471
2,9849917,29472
2,9849917,29473
2,9849917,29474
2,9849917,29475
2,9849917,29476
2,9849917,29481
2,9849917,29482
2,9849917,29483
2,9849917,29484
2,9849917,29485
2,9849917,29486
2,9849917,29487
2,9849940,29111
2,9849940,29112
2,9849940,29113
2,9849940,29114
2,9849940,29115
2,9849940,29122
2,9849940,29123
2,9849940,29124
2,9849940,29125
2,9855467,46311
2,9855467,46312
2,9855467,46313
2,9855467,46314
2,9855467,46315
2,9855467,46316
2,9855467,46317
2,9855467,46321
2,9855467,46322
2,9855467,46323
2,9855467,46324
2,9855467,46325
2,9855467,46326
2,9855467,46327
2,9855467,46331
2,9855467,46332
2,9855467,46333
2,9855467,46334
2,9855467,46335
2,9855467,46342
2,9855467,46343
2,9855467,46344
