parent_code,code,name,aliases
6941773,3985710,Cabo San Lucas,
6941773,11121204,Colonia del Sol,
6941773,8859159,La Playa,
6941773,4000444,La Ribera,
6941773,8858141,Las Palmas,
6941773,8858156,Las Veredas,
6941773,3995741,Miraflores,
6941773,3986172,San José del Cabo,
6942825,3998287,Loreto,
6942826,4022333,Chametla,
6942826,8858277,El Centenario,
6942826,4022368,El Pescadero,
6942826,4000900,La Paz,
6942826,3998075,Los Barriles,
6942826,8858983,Melitón Albáñez Domínguez,
6942826,3981432,Todos Santos,
6942828,4021921,Bahía Asunción,
6942828,3991337,Bahía Tortugas,
6942828,8859501,El Silencio,
6942828,8858981,Las Margaritas,
6942828,3995236,Mulegé,
6942828,8858668,San Francisco,
6942828,3983805,Santa Rosalía,
6942828,8858204,Villa Alberto Andrés Alvarado Arámburo,
6942829,4013723,Ciudad Constitución,
6942829,4011574,Ciudad Insurgentes,
6942829,3999504,Puerto Adolfo López Mateos,
6942829,3987485,Puerto San Carlos,
6942829,4022149,Villa Morelos,
6942830,8858215,Benito García (El Zorrillo),
6942830,3979216,Camalú,
6942830,8859223,Colonia Gómez Morín,
6942830,8858331,Colonia Lomas de San Ramón (Triquis),
6942830,8858398,Colonia Nueva Era,
6942830,8859528,Ejido General Leandro Valle,
6942830,4011621,El Porvenir,
6942830,4007790,El Rosario de Arriba,
6942830,4007503,El Sauzal de Rodríguez,
6942830,8858241,Emiliano Zapata,
6942830,4006702,Ensenada,
6942830,8859812,Fraccionamiento del Valle,
6942830,3979407,Francisco Zarco,
6942830,8859389,La Providencia,
6942830,8859743,Las Brisas,
6942830,3979174,Lázaro Cárdenas,
6942830,3979252,Licenciado Gustavo Díaz Ordaz,
6942830,8858622,Luis Rodríguez (El Vergel),
6942830,8859128,Poblado Chulavista (El Chorizo),
6942830,8859865,Pueblo Benito García,
6942830,8858472,Rancho Verde,
6942830,3996737,Rodolfo Sánchez Taboada,
6942830,8859038,Salvador Rosas Magallón,
6942830,3985665,San Luis,
6942830,3984997,San Quintín,
6942830,3980349,San Vicente,
6942830,8675522,Santa Fe,
6942830,4013292,Vicente Guerrero,
6942831,3979554,Benito Juárez,
6942831,3979494,Ciudad Coahuila,
6942831,8858249,Ciudad Coahuila (Kilómetro Cincuenta y Siete),
6942831,3979505,Ciudad Guadalupe Victoria,
6942831,3979503,Colonia Venustiano Carranza,
6942831,3979510,Delta,
6942831,3979497,Doctor Alberto Oviedo Mota,
6942831,8580999,Ejido Doctor Alberto Oviedo Mota (El Indiviso),
6942831,4011652,Ejido Durango,
6942831,4011587,Ejido Hermosillo,
6942831,4011565,Ejido Jiquilpan,
6942831,4011530,Ejido Lázaro Cárdenas,
6942831,8859784,Ejido Netzahualcóyotl,
6942831,8859050,Ejido Pátzcuaro,
6942831,4011476,Ejido Plan de Ayala,
6942831,4011468,Ejido Quintana Roo,
6942831,4011460,Ejido Saltillo,
6942831,3979527,Ejido Sinaloa,
6942831,4011426,Ejido Sonora,
6942831,4011420,Ejido Tabasco,
6942831,4011419,Ejido Toluca,
6942831,4011591,Ejido Vicente Guerrero,
6942831,4011403,Ejido Yucatán,
6942831,3979507,Estación Pescaderos,
6942831,3979569,Islas Agrarias Grupo A,
6942831,3979563,Islas Agrarias Grupo B,
6942831,3998214,Los Algodones,
6942831,3996069,Mexicali,
6942831,4011511,Michoacán de Ocampo,
6942831,4011493,Nuevo León,
6942831,8578672,Poblado Lázaro Cárdenas (La Veintiocho),
6942831,3979439,Progreso,
6942831,4011469,Puebla,
6942831,3987224,San Felipe,
6942831,3979442,Santa Isabel,
6942831,3982215,Tecolotes,
6942831,8858549,Viñas del Sol,
6942832,8859509,Alfonso Garzón [Granjas Familiares],
6942832,8858300,Cereso del Hongo,
6942832,8858793,Hacienda Tecate,
6942832,4000390,La Rumorosa,
6942832,8858214,Lomas de Santa Anita,
6942832,8859452,Maclovio Herrera (Colonia Aviación),
6942832,3982266,Tecate,
6942833,8858858,Buenos Aires,
6942833,8859591,Colinas del Sol,
6942833,8599113,Ejido Javier Rojo Gómez,
6942833,8599116,Ejido Ojo de Agua,
6942833,8858170,El Niño,
6942833,8859532,La Esperanza [Granjas Familiares],
6942833,3990040,La Joya,
6942833,8599061,Las Delicias,
6942833,8859723,Lomas de Tlatelolco,
6942833,8858411,Los Valles,
6942833,8858197,Maclovio Rojas,
6942833,8858094,Pórticos de San Antonio,
6942833,8858242,Quinta del Cedro,
6942833,8599025,San Luis,
6942833,8858106,Terrazas del Valle,
6942833,3981609,Tijuana,
6942833,8858130,Villa del Campo,
6942833,8858111,Villa del Prado 2da Sección,
6942834,8858711,Ciudad Morelos,
6942834,8859224,Colinas del Sol,
6942834,3979430,Primo Tapia,
6942834,3988392,Rosarito,
6942834,8859329,Santa Anita,
6942835,4019233,Aguascalientes,
6942835,4021320,Arellano,
6942835,8858553,Cartagena [Fraccionamiento],
6942835,4021159,Centro de Arriba,
6942835,4021336,Cotorina,
6942835,8859257,Cumbres III,
6942835,4021305,El Refugio de Peñuelas,
6942835,8896716,Hacienda San Marcos [Fraccionamiento],
6942835,4021415,Jaltomate,
6942835,8859040,La Loma de los Negritos,
6942835,4021384,Las Norias de Ojocaliente,
6942835,8859579,Los Caños,
6942835,4021283,Montoro,
6942835,4021395,Norias del Paso Hondo,
6942835,4021322,Peñuelas (El Cienegal),
6942835,8858262,Pocitos,
6942835,3987642,San Antonio de Peñuelas,
6942835,4021264,San Ignacio,
6942835,8858799,San Sebastián [Fraccionamiento],
6942835,8858289,Villa Licenciado Jesús Terán (Calvillito),
6942836,4018100,Asientos,
6942836,4017108,Bimbaletes Aguascalientes (El Álamo),
6942836,4013873,Ciénega Grande,
6942836,4007089,El Tule,
6942836,4021469,Guadalupe de Atlas,
6942836,8859835,Jarillas,
6942836,4021468,Lázaro Cárdenas,
6942836,8859451,Molinos,
6942836,4021452,Noria del Borrego (Norias),
6942836,8859261,Pilotos,
6942836,4021449,Villa Juárez,
6942837,4016086,Calvillo,
6942837,4021051,Crucero las Pilas,
6942837,8858601,El Cuervero (Cuerveros),
6942837,4021039,Jaltiche de Arriba,
6942837,4021082,La Labor,
6942837,4021078,La Panadera,
6942837,4021094,Malpaso,
6942837,3996138,Mesa Grande,
6942837,4021095,Ojocaliente,
6942837,3984430,San Tadeo,
6942837,8858735,Valle Huejúcar (Fraccionamiento Popular) [Fraccionamiento],
6942838,4012699,Cosío,
6942838,4021333,El Refugio de Providencia (Providencia),
6942838,4007725,El Salero,
6942838,4021293,La Punta,
6942838,4021334,Santa María de la Paz,
6942839,8858387,Arboledas Paso Blanco [Fraccionamiento],
6942839,8858408,Corral de Barrancos,
6942839,8859864,Ejido la Guayana (Rancho Seco),
6942839,8858530,El Llano,
6942839,4021182,General Ignacio Zaragoza,
6942839,3996585,Jesús Gómez Portugal,
6942839,4021296,Jesús Gómez Portugal (Margaritas),
6942839,4003995,Jesús María,
6942839,3998117,Los Arquitos,
6942839,4021272,Maravillas,
6942839,8859766,Miravalle,
6942839,8858980,Paseos de las Haciendas [Fraccionamiento],
6942839,8858900,Paso Blanco,
6942839,4021270,San Antonio de los Horcones,
6942839,8858920,Tepetates,
6942839,4021276,Valladolid,
6942840,4021287,Emiliano Zapata,
6942840,4000294,Las Ánimas,
6942840,3993985,Pabellón de Arteaga,
6942840,3985617,San Luis de Letras,
6942840,8859780,Santa Isabel [Fraccionamiento],
6942840,3983681,Santiago,
6942841,4011064,El Bajío,
6942841,3993984,Pabellón de Hidalgo,
6942841,4006678,Pablo Escaleras,
6942841,3988651,Rincón de Romos,
6942841,4021357,San Jacinto,
6942843,3993402,Paredes,
6942843,4021177,San Antonio de los Ríos,
6942843,4013459,San José de Gracia,
6942844,4015451,Carboneras,
6942844,4010417,El Chayote,
6942844,3987877,San Antonio,
6942844,3981944,Tepezalá,
6942845,3997885,Los Conos,
6942845,4021488,Ojo de Agua de Crucitas,
6942845,3993763,Palo Alto,
6942845,8859818,Santa Rosa (El Huizache),
6942846,8858366,Ex-Viñedos Guadalupe,
6942846,4021285,La Concepción,
6942846,4021337,La Escondida,
6942846,8858680,Macario J. Gómez [Colonia],
6942846,4021321,Paseos de la Providencia [Fraccionamiento],
6942846,4021342,Puertecito de la Virgen,
6942846,3986985,San Francisco de los Romo,
6942857,3532466,Bacabchén,
6942857,3532326,Bécal,
6942857,3531793,Calkiní,
6942857,3529650,Dzitbalché,
6942857,3522514,Nunkiní,
6942857,3519691,San Antonio Sahcabchén,
6942857,3517582,Santa Cruz Ex-Hacienda,
6942857,3517585,Santa Cruz Pueblo,
6942857,3516309,Tankuché,
6942857,3515925,Tepakán,
6942858,3820784,Alfredo V. Bonfil,
6942858,3531732,Campeche,
6942858,3820753,Castamay,
6942858,3530840,Chiná,
6942858,3527160,Hampolol,
6942858,3524388,Lerma,
6942858,8858630,Los Laureles,
6942858,3521580,Pich,
6942858,3526280,San Francisco Kobén,
6942858,8858932,Tikinmul,
6942859,3820944,Abelardo L. Rodríguez,
6942859,3532647,Atasta,
6942859,3530990,Chicbul,
6942859,3530599,Ciudad del Carmen,
6942859,3820889,Colonia Emiliano Zapata,
6942859,3821217,El Aguacatal,
6942859,3526766,Isla Aguada,
6942859,8859415,Licenciado Gustavo Díaz Ordaz (18 de Marzo),
6942859,3821075,Mamantel,
6942859,3820891,Nuevo Progreso,
6942859,3520161,Sabancuy,
6942859,3820892,San Antonio Cárdenas,
6942860,3820847,Carrillo Puerto,
6942860,3531177,Champotón,
6942860,3527067,Hool,
6942860,3820795,La Joya,
6942860,9084213,Maya Tecún I,
6942860,3820862,San Pablo Pixtún,
6942860,3820798,Santo Domingo Kesté,
6942860,3516685,Seybaplaya,
6942860,3516661,Sihochac,
6942860,3820793,Villa Madero,
6942860,8675023,Xbacab,
6942861,3529889,Cumpich,
6942861,3527149,Hecelchakán,
6942861,3521319,Pocboc,
6942861,3521283,Pomuch,
6942861,3820739,Santa Cruz,
6942863,3522156,Palizada,
6942864,3516017,Tenabo,
6942865,3821030,Altamira de Zináparo,
6942865,3821047,División del Norte,
6942865,8674961,Don Samuel,
6942865,3527795,Escárcega,
6942865,3821049,Haro,
6942865,3821041,La Libertad,
6942865,3523468,Matamoros,
6942866,3820990,Constitución,
6942866,3821007,Xpujil,
6942866,3821010,Zoh-Laguna,
6942867,3821253,Benito Juárez Uno,
6942867,3821244,El Naranjo,
6951543,3533143,Ahuehuetzingo,
6951543,3528965,El Estudiante,
6951543,3521051,Puente de Ixtla,
6951543,3514634,San José Vista Hermosa,
6951543,3515570,Tilzapotla,
6951543,3514398,Xoxocotla,
6955066,3533491,Acacoyagua,
6955066,3527128,Hidalgo,
6955067,3533483,Acala,
6955067,8858690,Nuevo Vicente Guerrero (El Chichonal),
6955067,3816605,Unión Buena Vista,
6955067,3816055,Veinte de Noviembre,
6955068,3533466,Acapetahua,
6955068,3529442,El Arenal,
6955068,3514940,El Consuelo Ulapa,
6955068,8859649,Jiquilpan (Estación Bonanza),
6955068,3516612,Soconusco,
6955069,3816150,Aldama,
6955070,3816251,Altamirano,
6955070,3816285,La Laguna,
6955070,8859566,Morelia (Victórico Rodolfo Grajales),
6955071,3532930,Amatán,
6955071,8859567,Reforma y Planada,
6955072,3532926,Amatenango de la Frontera,
6955072,3528566,El Pacayal,
6955072,3527280,Guadalupe Victoria,
6955072,3525318,Nueva Morelia,
6955072,3522563,Nuevo Amatenango,
6955072,3521236,Potrerillo,
6955073,3532925,Amatenango del Valle,
6955074,3527581,Francisco I. Madero,
6955074,3532856,Jaltenango de la Paz,
6955074,3522616,Nueva Colombia,
6955074,3522610,Nueva Independencia,
6955074,3522605,Nueva Palestina,
6955074,3816887,Querétaro,
6955075,3816739,Arriaga,
6955075,3816740,Azteca,
6955075,3816758,Emiliano Zapata,
6955075,3816757,La Gloria,
6955075,3816756,La Línea,
6955075,3816735,Lázaro Cárdenas,
6955076,3532314,Bejucal de Ocampo,
6955077,3532300,Bella Vista,
6955077,8859430,Emiliano Zapata,
6955077,8859744,La Rinconada,
6955077,3530982,Las Chicharras,
6955077,3522532,Nuevo Pacayal,
6955077,3518891,San José las Chicharras,
6955078,3816362,Benemérito de las Américas,
6955078,3527621,Flor de Cacao,
6955079,3532254,Berriozábal,
6955079,3815970,Las Maravillas,
6955080,3816085,Ajilhó,
6955080,3532182,Bochil,
6955080,3816084,El Copal,
6955080,8859678,Luis Espinoza,
6955081,3529372,El Bosque,
6955081,3521348,Los Plátanos,
6955081,8858817,San Cayetano,
6955081,8858790,San Pedro Nichtalucum,
6955082,3533180,Agustín de Iturbide,
6955082,3533170,Ahuacatlán,
6955082,8859097,Benito Juárez,
6955082,3531904,Cacahoatán,
6955082,3529481,El Águila,
6955082,3527652,Faja de Oro,
6955082,3523129,Mixcum,
6955082,3514910,Salvador Urbina,
6955082,3514912,Unión Roja,
6955083,3531421,Catazajá,
6955083,3815528,Loma Bonita,
6955083,3815527,Punta Arena,
6955084,3518137,Chalchihuitán,
6955084,8858970,Chiquinshulum,
6955085,8859679,Arvenza Uno,
6955085,8859533,Bautista Chico,
6955085,8859278,Catishtic,
6955085,3531172,Chamula,
6955085,8858976,Chicumtantic,
6955085,8858865,Cruztón,
6955085,8859346,Cuchulumtic,
6955085,3816136,Las Ollas,
6955085,9628050,Macvilhó,
6955085,8859116,Majomut,
6955085,8859087,Muquén,
6955085,8859822,Pugchén Mumuntic,
6955085,8859292,Romerillo,
6955085,8859243,Saclamantón,
6955085,8859642,Tentic,
6955085,3816158,Tzontehuitz,
6955085,3816080,Yaltem,
6955086,8858200,Chanal,
6955087,3531115,Chapultenango,
6955088,3816149,Belisario Domínguez,
6955088,3531040,Chenalhó,
6955088,8859669,Miguel Utrilla (Los Chorros),
6955088,8859404,Puebla,
6955088,8858697,Tzeltal,
6955088,8859327,Yibeljoj,
6955089,3816058,América Libre,
6955089,3531013,Chiapa de Corzo,
6955089,8859092,El Palmar (San Gabriel),
6955089,3816039,Galecio Narcia,
6955089,8859183,Ignacio Allende,
6955089,8858450,Jardínes del Grijalva,
6955089,8859144,Juan del Grijalva,
6955089,3816607,Julián Grajales,
6955089,8858990,Las Flechas,
6955089,3816056,Narciso Mendoza,
6955089,3816043,Nicolás Bravo,
6955089,8859911,Nuevo Carmen Tonapac,
6955089,3816036,Salvador Urbina,
6955089,3816028,Venustiano Carranza,
6955090,3531010,Chiapilla,
6955091,3530940,Chicoasén,
6955092,3530935,Chicomuselo,
6955092,3524420,Lázaro Cárdenas,
6955092,3522619,Nueva América,
6955092,3522225,Pablo L. Sidar,
6955092,3521512,Piedra Labrada,
6955092,3514919,Unión Buenavista,
6955093,3532462,Bachajón,
6955093,3815701,Chilón,
6955093,8859698,Chiquinival,
6955093,3815664,El Mango,
6955093,3816221,Guaquitepec,
6955093,8859473,San Antonio Bulujib,
6955093,3815650,San Jerónimo Tulijá,
6955093,8859505,Tacuba Nueva,
6955093,3815724,Tzajalá,
6955094,8858633,Cereso 14 (El Amate),
6955094,3530617,Cintalapa de Figueroa,
6955094,3815888,Emiliano Zapata,
6955094,3815893,Francisco I. Madero,
6955094,3815882,Lázaro Cárdenas,
6955094,8859166,Mérida,
6955094,8858946,Nueva Tenochtitlán (Rizo de Oro),
6955094,3815881,Pomposo Castellanos,
6955094,3816731,Villamorelos,
6955095,8859489,Buenavista (Matasanos),
6955095,3530546,Coapilla,
6955096,3816512,Cash,
6955096,3816529,Chacaljocóm,
6955096,3530367,Comitán,
6955096,3816527,Efraín A. Gutiérrez,
6955096,3816504,Francisco Sarabia,
6955096,3816197,La Floresta,
6955096,3816528,Los Riegos,
6955096,3514241,San José Yocnajab,
6955096,3816513,Señor del Pozo,
6955096,3816514,Villahermosa Yaluma,
6955096,3816523,Zaragoza la Montaña,
6955097,3816584,Benito Juárez,
6955097,3816590,Diamante de Echeverría,
6955097,3529733,Dolores Jaltenango,
6955097,8858521,El Ámbar (El Ámbar de Echeverría),
6955097,8859808,El Ramal (Porvenir),
6955097,3526802,Ignacio Zaragoza,
6955097,3816588,Independencia,
6955097,3525950,La Concordia,
6955097,3524561,La Tigrilla,
6955097,3816583,Nueva Libertad,
6955097,8858871,Plan de Agua Prieta,
6955097,3525076,Reforma,
6955097,3520230,Rizo de Oro,
6955098,8859102,Ángel Albino Corzo (Guadalupe),
6955098,3815797,Benito Juárez,
6955098,3530267,Copainalá,
6955099,3527983,El Triunfo,
6955099,3527768,Escuintla,
6955099,3515508,San Felipe Tizapa,
6955100,3815810,San Miguel la Sardina,
7733376,3483339,Alfredo V. Bonfil,
7733376,3527117,Hidalgo,
7733376,3531400,Los Cavazos,
7733376,3520339,Reynosa,
7733376,8858847,Vamos Tamaulipas,
7778819,3982082,Temósachic,
7778820,3980834,Tuxpan de Bolaños,
7778821,3823536,Chavaxtla,
7778821,3528571,Elotepec,
7778821,3526993,Huatusco,
7778821,3526705,Ixpila,
7778821,3515405,Tlamatoca,
7778823,3816134,La Candelaria,
7778823,8859311,Mitzitón,
7778823,8858646,San Antonio del Monte,
7778823,3519537,San Cristóbal de las Casas,
7778823,8859675,San José Yashitinín,
7778824,3985446,San Miguel de Cruces,
7778824,3982292,Tayoltita,
7778825,3518258,San Miguel Mimlapan,
7778825,3514013,Santa María Zolotepec,
7778825,3827429,Santiago Tejocotillos,
7778825,3514409,Xonacatlán,
7828734,8858939,Barrio San Miguel Dorami,
7828734,8859602,Chimalpa Viejo,
7828734,8859081,Ejido del Tejocote,
7828734,8859792,Ejido el Castillo,
7828734,8859024,La Rosa,
7828734,8859840,Llano de las Flores (Barrio del Hueso),
7828734,3522790,Naucalpan de Juárez,
7828734,8859480,Rincón Verde,
7828734,3530852,San Francisco Chimalpa,
7828734,8858527,San José Tejamanil,
8133398,3529612,Ecatepec de Morelos,
8133398,3827600,Santo Tomás Chiconautla,
8379113,3533404,Acolman de Netzahualcóyotl,
8379113,8858418,Prados de San Juan,
8379113,3817744,San Pedro Tepetitlán,
8379113,3817756,Santa Catarina,
8379113,3817746,Tepexpan,
8379113,3514414,Xometla,
8379115,3532899,Amecameca,
8379115,3519492,San Diego Huehuecalco,
8379115,3817614,San Pedro Nexapa,
8379115,3517401,Santa Isabel Chalma,
8379115,3817619,Santiago Cuautenco,
8379115,3817626,Zentlalpan,
8379115,3519676,Zoyatzingo,
8379116,3532803,Apaxco de Ocampo,
8379116,8859338,Colonia 3 de Mayo (La Cruz),
8379116,8859249,Colonia Juárez,
8379116,3517288,Santa María Apaxco,
8379127,8858362,Colonia el Salado,
8379127,8858237,Granjas Ampliación Santa Rosa,
8379127,8858264,La Pastoría,
8379127,8858269,Nueva Santa Rosa,
8379127,3817729,San Cristóbal Nexquipayac,
8379127,3517832,San Salvador Atenco,
8379127,8858457,Zapotlán,
8379128,3532624,Ciudad López Mateos,
8379129,3532601,Atlautla,
8379129,3817611,Popo Park,
8379129,3515452,San Andrés Tlalamac,
8379129,3817610,San Juan Tehuixtitlán,
8379129,3817599,San Juan Tepecoculco,
8379130,3532548,Axapusco,
8379130,8859475,Colonia los Remedios,
8379130,3526599,Jaltepec,
8379130,3817803,Santo Domingo Aztacameca,
8379131,3532525,Ayapango,
8379131,8859496,La Colonia,
8379132,3532497,Azcapotzalco,
8379133,3827406,Benito Juarez,
8379134,8858675,Barrio de Guadalupe,
8379134,8858814,Caserío de Cortés,
8379134,3531200,Chalco,
8379134,8859853,El Recodo de San José Axalco,
8379134,3817639,La Candelaria Tlapala,
8379134,8859236,Lomas de San Pablo,
8379134,3761194,Miraflores,
8379134,3519214,San Gregorio Cuautzingo,
8379134,3517956,San Juan y San Pedro Tezompa,
8379134,3817647,San Lucas Amalinalco,
8379134,3817656,San Marcos Huixtoco,
8379134,3817649,San Martín Cuautlalpan,
8379134,3817641,San Mateo Huitzilzingo,
8379134,3518139,San Pablo Atlazalpan,
8379134,3517673,Santa Catarina Ayotzingo,
8379134,3817648,Santa María Huexoculco,
8379363,8859830,Atenguillo,
8379363,3531007,Chiautla,
8379363,8858385,Ocopulco,
8379363,8858341,Santiago Chimalpa (Chimalpa),
8379364,3530937,Chicoloapan,
8379365,3530932,Chiconcuac,
8379365,8859736,Ejido San Cristóbal,
8379366,3517270,Santa María Chimalhuacán,
8379367,3530569,Coacalco,
8379368,3530494,Cocotitlán,
8379368,3817637,San Andrés Metla,
8379369,3530139,Coyoacán,
8379370,3530123,Coyotepec,
8379370,8858537,La Planada,
8379371,3530049,Delegación Cuajimalpa de Morelos,
8379372,3827409,Cuauhtémoc,
8379373,8858389,Barrio Tlatenco,
8379373,3529986,Cuautitlán,
8379373,8859455,Fracción San Roque (El Prieto),
8379373,8858330,La Providencia,
8379373,8859817,La Trinidad,
8379373,8858828,San José del Puente,
8379373,3518379,San Mateo Ixtacalco,
8379373,3517338,Santa María Huecatitla,
8379375,3529609,Ecatzingo de Hidalgo,
8379375,3817597,San Juan Tlacotompa (Tlacotompa),
8379375,3516135,San Marcos Tecomaxusco,
8379376,3514674,Gustavo Adolfo Madero,
8379377,8858994,Casa Nueva,
8379377,3526606,Ex-hacienda de Xalpa,
8379377,3526957,Huehuetoca,
8379377,8858568,Jorobas,
8379377,3827565,San Bartolo,
8379377,3827566,San Pedro Xalpa,
8379377,8858090,Santa Teresa,
8379377,3827554,Unidad San Miguel Jagüeyes,Unidad San Miguel Jagueeyes
8379377,8858356,Villa URBI del Rey,
8379378,3827561,Emiliano Zapata (San José Bata),
8379378,3526928,Hueypoxtla,
8379378,3526499,Jilotzingo,
8379378,3517293,Santa María Ajoloapan,
8379379,8859057,Barrio de Canales,
8379379,8859859,Barrio de San Ramón,
8379379,8859042,Cerro de San Francisco,
8379379,8858908,El Cerrito,
8379379,8858428,El Hielo,
8379379,8859357,El Palacio,
8379379,3827414,Huixquilucan,
8379379,3526858,Huixquilucan de Degollado,
8379379,3827411,Ignacio Allende,
8379379,8858103,Jesús del Monte,
8379379,8859339,La Glorieta,
8379379,3523759,La Magdalena Chichicaspa,
8379379,8858507,Paraje el Mirador,
8379379,8859130,Paraje la Pera,
8379379,8859791,Paraje Trejo (El Chaparral),
8379379,3827418,San Bartolomé Coatepec,
8379379,8858369,San Francisco Ayotuzco,
8379379,3519104,San Jacinto,
8379379,3818008,Santiago Yancuitlalpan,
8379379,3827416,Zacamulpa,
8379380,8858308,Axotlán,
8379380,3515807,Cuautitlán Izcalli,
8379380,3827588,Huilango,
8379380,8859160,San Pablo de los Gallos,
8379381,3817676,Coatepec,
8379381,3526682,Ixtapaluca,
8379381,8858166,Jorge Jiménez Cantú,
8379381,3520260,Río Frío de Juárez,
8379381,8858089,San Buenaventura,
8379381,3519290,San Francisco Acuautla,
8379381,8858091,San Jerónimo Cuatro Vientos,
8379381,3513988,Zoquiapan,
8379454,3526700,Iztacalco,
8379455,3526683,Iztapalapa,
8379456,8858123,Alborada Jaltenco,
8379456,3526600,Jaltenco,
8379457,3526355,Juchitepec,
8379457,3817616,San Matías Cuijingo,
8379458,3523760,Magdalena Contreras,
8379459,8858353,Colonia 2 de Septiembre,
8379459,3827586,Melchor Ocampo,
8379459,3515958,San Francisco Tenopalco,
8379460,3827408,Miguel Hidalgo,
8379461,3523202,Milpa Alta,
8379461,8858100,San Antonio Tecómitl,
8379461,3519658,San Bartolome Xicomulco,
8379461,8858142,San Francisco Tecoxpa,
8379461,3827381,San Lorenzo Tlacoyucan,
8379461,3522246,San Pablo Oztotepec,
8379461,3827380,San Pedro Atocpan,
8379461,3827382,San Salvador Cuauhtenco,
8379461,3517728,Santa Ana Tlacotenco,
8379462,8859032,Colonia los Aguiluchos,
8379462,8858267,Ex-Hacienda Santa Inés,
8379462,8858518,Prados San Francisco,
8379462,8858349,San Miguel Jaltocan,
8379462,3517731,Santa Ana Nextlalpan,
8379463,3530589,Ciudad Nezahualcoyotl,
8379463,8858391,Colonia Gustavo Baz Prada,
8379463,8858557,Polígonos,
8379464,3827475,Caja de Agua,
8379464,8859540,Colonia el Mirador,
8379464,8858534,Colonia Morelos,
8379464,8858801,El Esclavo,
8379464,3827486,El Puerto Magú,
8379464,8859353,Loma de Guadalupe (La Biznaga),
8379464,8858540,Loma de San José,
8379464,3827468,Loma del Río,
8379464,8858315,Loma Larga,
8379464,3522732,Nicolás Romero,
8379464,3521111,Progreso Industrial,
8379464,8858239,Quinto Barrio (Ejido Cahuacán),
8379464,3827477,San Francisco Magú,
8379464,3827476,San José el Vidrio,
8379464,3827472,San Miguel Hila,
8379464,3517236,Santa María Magdalena Cahuacán,
8379464,3515170,Transfiguración,
8379464,8858134,Veintidós de Febrero,
8379465,3517225,Nopaltepec,
8379465,3817802,San Felipe Teotitlán,
8379466,3532309,Belem,
8379466,3817773,Cuautlacingo,
8379466,3522265,Otumba,
8379466,3522245,Oxtotipac,
8379466,8858686,San Francisco Tlaltica,
8379466,8858937,San Martín Ahuatepec,
8379466,3817771,Santiago Tolman,
8379467,3522232,Ozumba de Alzate,
8379467,3515470,San José Tlacotitlán,
8379467,3518366,San Mateo Tecalco,
8379467,3817604,San Vicente Chimalhuacán,
8379467,3817605,Santiago Mamalhuazuca,
8379468,3521925,Papalotla,
8379469,8859058,Cozotlán Norte,
8379469,3817780,San Antonio de las Palmas,
8379469,3817775,San Francisco Mazapa,
8379469,3518414,San Martín de las Pirámides,
8379469,3817776,San Pablo Ixquitlán,
8379470,8858737,Fraccionamiento Hacienda del Bosque,
8379470,3827598,Ojo de Agua,
8379470,3523900,Reyes Acozac,
8379470,8858092,San Martín Azcatepec,
8379470,3518122,San Pablo Tecalco,
8379470,3817809,Santa María Ajoloapan,
8379470,3517524,Tecámac,
8379470,8858121,Tecámac de Felipe Villanueva,
8379471,8859711,El Cabi,
8379471,3523901,Los Reyes Acatlixhuayán,
8379471,3516056,Temamatla,
8379471,3817638,Zula,
8379472,3817818,Ixtlahuaca de Cuauhtémoc,
8379472,8859889,Las Pintas,
8379472,3817791,San Luis Tecuhautitlán,
8379472,3817786,San Miguel Atlamajac,
8379472,3817790,Santa Ana Tlachiahualpa,
8379472,3516050,Temascalapa,
8379473,3817629,San Juan Coxtocan,
8379473,9870444,Santiago Tepopula,
8379473,3515991,Tenango del Aire,
8379474,3827582,San Bartolo Tlaxihuicalco,
8379474,3827581,San Sebastián,
8379474,3515942,Teoloyucan,
8379475,3532602,Atlatongo,
8379475,3518618,Teotihuacán,
8379475,8858102,Teotihuacán de Arista,
8379476,8858774,Colonia Tulteca Teopan,
8379476,3817706,San Juan Totolapan,
8379476,3515862,Tepetlaoxtoc de Hidalgo,
8379477,8858113,Don Antonio,
8379477,8858526,El Cid,
8379477,3526884,Huitzila,
8379477,3814474,Tepojaco,
8379477,3515505,Tizayuca,
8379477,11962026,Valle de Plata,
8379478,3523124,San Andrés Mixquic,
8379478,3518650,San Juan Ixtayopan,
8379478,3517649,Santa Catarina Yecahuizotl,
8379478,3515758,Tetelco,
8379478,3515463,Tláhuac,
8379479,8859188,Lomas de Tepemecatl,
8379479,3518293,San Miguel Ajusco,
8379479,3515259,San Miguel Topilejo,
8379479,3515428,Tlalpan,
8379481,3514450,Xochimilco,
8379482,3827483,Cañada de Cisneros,
8379482,8859524,Colonia Guadalupe,
8379482,8859099,La Concepción,
8379482,3518361,San Mateo Xoloc,
8379482,3827479,Santa Cruz,
8379482,8858208,Santa Cruz del Monte,
8379482,3517449,Santa Gertrudis,
8379482,3529983,Santiago Cuautlalpan,
8379482,3515827,Tepotzotlán,
8379483,8858887,Colonia Guadalupe Victoria,
8379483,8858826,Colonia Lázaro Cárdenas,
8379483,3817712,La Purificación,
8379483,3523034,Montecillo,
8379483,3519620,San Bernardino,
8379483,3817705,San Jerónimo Amanalco,
8379483,3519032,San Joaquín Coapango,
8379483,3518277,San Miguel Coatlinchán,
8379483,3817702,San Miguel Tlaixpan,
8379483,3518126,San Pablo Ixayoc,
8379483,3517685,Santa Catarina del Monte,
8379483,3817703,Santa María Tecuanulco,
8379483,8858613,Santa Martha,
8379483,3817685,Santiago Cuautlalpan,
8379483,3817693,Tequexquináhuac,
8379483,3515715,Texcoco de Mora,
8379483,3817714,Tulantongo,
8379483,3519487,Xochimanca,
8379483,3817701,Xocotlán,
8379484,3817731,Tezoyuca,
8379485,8858153,Puerto Escondido (Tepeolulco Puerto Escondido),
8379485,3515431,Tlalnepantla,
8379486,8859425,San Antonio Xahuento,
8379486,3827596,Santiago Teyahualco,
8379486,3515044,Tultepec,
8379488,8858118,Ampliación San Mateo,
8379488,3827606,Buenavista,
8379488,8858379,Colonia Lázaro Cárdenas (Los Hornos),
8379488,8858086,Fuentes del Valle,
8379488,3518135,San Pablo de las Salinas,
8379488,8858718,Sierra de Guadalupe,
8379488,3515042,Tultitlán de Mariano Escobedo,
8379489,3514519,Xico,
8379490,8858259,Arbolada los Sauces,
8379490,8858729,Barrio de España,
8379490,8858918,El Llano Santa María,
8379490,8859030,Ex-Hacienda de Guadalupe,
8379490,8858158,Fraccionamiento la Trinidad,
8379490,8858647,Loma Larga (Barrio de Loma Larga),
8379490,8858160,Paseos de San Juan,
8379490,3519644,San Bartolo Cuautlalpan,
8379490,3518593,San Juan Zitlaltepec,
8379490,3517377,Sanata Lucía,
8379490,3529926,Santa María Cuevas,
8379490,8858303,Santa María de Guadalupe,
8379490,8858312,Villas de la Laguna,
8379490,3513966,Zumpango,
8379491,3519457,Cuecuecuatitla,
8379491,3522765,Nepantla de Sor Juana Inés de la Cruz,
8379491,3817608,Tepetlixpa,
8379492,8859402,Colonia Wenceslao Labra,
8379492,3515794,Tequixquiac,
8379493,3827495,El Ocotal,
8379493,3827504,La Cruz y Carrizal,
8379493,3827169,La Esperanza,
8379493,3827493,Llano de Zacapexco,
8379493,3827490,Loma Alta,
8379493,8858848,Loma Alta Taxhimay,
8379493,3817950,Los Arana,
8379493,3521074,Pueblo Nuevo,
8379493,3817945,San Luis Anáhuac (Toriles),
8379493,3827506,San Luis Taxhimay,
8379493,3518417,San Martín Cachihuapan,
8379493,3514680,Villa del Carbón,
8581696,3971904,Florencia,
8581698,4013392,Jecopaco,
8581698,3993394,Paredón Colorado,
8581698,3993387,Paredoncito,
8581698,3980161,Villa Juárez,
8581703,3526661,1ra. Sección de Izapa,
8581703,8858305,2da. Sección de Medio Monte,
8581703,3816971,El Sacrificio,
8581703,3527284,Guadalupe Victoria,
8581703,3523601,Manuel Lazos,
8581703,3522334,Omoa,
8581703,3588574,Talismán,
8581703,3515002,Tuxtla Chico,
8581704,8859604,San José del Caliche (El Caliche),
8581704,3981475,Tlacuitapan,
8581704,3980799,Unión de San Antonio,
8581705,4004278,Ixtlahuacán,
8581706,4016025,Camotlán de Miraflores,
8581706,4010273,El Colomo,
8581706,4009047,El Naranjo,
8581706,4004160,Jalipa,
8581706,4003048,La Central,
8581706,3996663,Manzanillo,
8581706,3982450,Tapeixtles,
8581706,3980392,Venustiano Carranza,
8581707,3822723,Alfredo V. Bonfil,
8581707,3531673,Cancún,
8581707,3822745,Leona Vicario,
8581708,4027573,Arenal de Álvarez (Arenal de Paco),
8581708,4027572,Hacienda de Cabañas,
8581708,4027578,Las Tunas,
8581708,3986553,San Jerónimo de Juárez,
8581709,3972265,Piedra Gorda,
8581709,3972266,Rancho Nuevo,
8581709,3985008,San Pedro Piedra Gorda,
8581710,3533079,Aldama,
8581711,8859427,Colonia Hidalgo (El Tecolote),
8581711,3972225,Crisóstomos,
8581711,8859386,Ejido Hidalgo,
8581711,3998291,Loreto,
8581711,3972229,San Blas,
8581711,3985570,San Marcos,
8581711,3972228,Santa María de los Ángeles,
8581711,3981672,Tierra Blanca,
8581714,3818581,Coronel Tito Hernández,
8581714,3818579,Venustiano Carranza,
8581714,3818580,Villa Lázaro Cárdenas,
8581715,4012139,Cumuatillo,
8581715,4009841,El Fortín,
8581715,4001034,La Palma,
8581715,3980390,San Pedro Cahro,
8581716,3533300,Aguacatenango,
8581716,3816556,El Puerto,
8581716,8858854,Guadalupe Victoria,
8581716,3816571,Mariano Matamoros,
8581716,3816579,Miguel Hidalgo,
8581716,3816566,Paraíso del Grijalva,
8581716,3816580,Presidente Echeverría (Laja Tendida),
8581716,3816576,Ricardo Flores Magón,
8581716,8858579,San Francisco (El Calvito),
8581716,3816561,San Francisco Pujiltic,
8581716,3516507,Soyatitán,
8581716,3514785,Venustiano Carranza,
8581716,3816575,Vicente Guerrero,
8581717,3531006,Chiautla de Tapia,
8581717,3818957,Ciudad de Chiautla de Tapia,
8581717,3818940,Tlancualpican,
8581718,4003873,Allende,
8581718,4004004,Jesús María,
8581718,3986192,San José de la Paz,
8581719,3516769,San Vicente Coyotepec,
8581720,3527541,Frontera Hidalgo,
8581720,3526803,Ignacio Zaragoza,
8581720,3816987,Texcaltic,
8581721,3525707,La Grandeza,
8581722,3531170,Chamulapita,
8581722,9532425,Estación Huehuetán,
8581722,3527366,Guadalupe,
8581722,3526966,Huehuetán,
8581722,3521382,Plan de Ayala,
8581723,3816206,Carmen Yalchuch,
8581723,3531168,Chanal,
8581723,3526857,Huixtán,
8581723,8859525,Lázaro Cárdenas (Chilil),
8581723,3816190,Los Pozos,
8581724,3526888,Huitiupán,
8581724,3815755,José María Morelos y Pavón,
8581724,3815773,La Competencia,
8581724,3815754,Zacatonal de Juárez,
8581725,4018845,Alcaraces,
8581725,4012408,Cuauhtémoc,
8581725,4007146,El Trapiche,
8581725,4000524,Quesería,
8581726,3524848,Cantón las Delicias,
8581726,3520589,Cantón Rancho Nuevo,
8581726,8859145,Colonia Obrera,
8581726,3527582,Francisco I. Madero,
8581726,3526855,Huixtla,
8581727,8859178,Buenavista,
8581727,3816465,El Triunfo,
8581727,3816490,Emiliano Zapata,
8581727,8859063,Francisco Sarabia,
8581727,3816510,La Independencia,
8581727,3816487,La Patria,
8581727,3816452,Ojo de Agua,
8581727,3816431,Río Blanco,
8581727,3816428,San Antonio Buenavista,
8581727,3816491,Venustiano Carranza,
8581728,3815775,Chapallal Grande,
8581728,8859445,Ignacio Zaragoza,
8581728,3526769,Ixhuatán,
8581729,3526698,Ixtacomitán,
8581730,3816068,Aztlán,
8581730,3531874,Cacaté,
8581730,3816075,Concepción,
8581730,3528620,El Nopal,
8581730,3816076,El Zapotillo,
8581730,3526687,Ixtapa,
8581731,3526680,Ixtapangajoya,
8581731,3815784,La Gloria,
8581732,3815880,Cuauhtémoc,
8581732,3526488,Jiquipilas,
8581732,3815878,José María Pino Suárez,
8581732,3816696,Julián Grajales,
8581732,3816687,Nueva Palestina,
8581732,8859409,Quintana Roo,
8581732,3816728,Tierra y Libertad,
8581732,3816729,Tiltepec,
8581732,3815916,Vicente Guerrero,
8581733,8859506,Cálido,
8581733,8858525,Carmen Zacatal,
8581733,8859562,El Ámbar,
8581733,3526486,Jitotol,
8581733,3815768,Las Maravillas,
8581734,8859600,El Triunfo 1ra. Sección (Cardona),
8581734,3815488,Juárez,
8581734,3815476,Nuevo Volcán Chichonal,
8581735,3525004,Larráinzar,
8581736,3803192,La Libertad,
8581737,3523590,Mapastepec,
8581737,8858839,Nuevo Milenio Valdivia,
8581738,3532444,Bajucu,
8581738,3816447,El Edén,
8581738,8859929,El Progreso,
8581738,3527946,El Vergel,
8581738,3816483,Francisco I. Madero,
8581738,3816475,Jalisco,
8581738,3816264,Justo Sierra,
8581738,3524744,Las Margaritas,
8581738,3816517,Lomantán,
8581738,3522518,Nuevo San Juan Chamula,
8581738,3816518,Plan de Ayala,
8581738,3816474,Rafael Ramírez,
8581738,3816477,Saltillo,
8581738,8858642,Veinte de Noviembre,
8581738,8859789,Veracruz,
8581738,3816516,Yasha,
8581739,3523420,Mazapa,
8581740,3816951,Aquiles Serdán,
8581740,3816950,Buenos Aires,
8581740,3523528,Marte R. Gómez,
8581740,3523418,Mazatán,
8581741,3523307,Metapa,
8581742,3816161,Chalam,
8581742,8859598,Chimhucum,
8581742,8859851,Oxinam,
8581742,8859308,Tzoeptic,
8581743,8858717,Belisario Domínguez,
8581743,3522926,Motozintla,
8581744,3522731,Nicolás Ruiz,
8581745,3533507,Abasolo,
8581745,3816322,Agua Azul,
8581745,3532996,Altamirano,
8581745,3815621,Arroyo Granizo,
8581745,3530620,Cintalapa,
8581745,8858954,Cristóbal Colón,
8581745,3815635,Damasco,
8581745,3816321,El Censo,
8581745,3528796,El Limonar,
8581745,8859098,El Sibal,
8581745,3815630,El Tumbo,
8581745,3514103,El Zapotal,
8581745,3816366,Frontera Corozal,
8581745,3815628,Lacandón,
8581745,8859199,Las Tazas,
8581745,8859757,Los Pinos,
8581745,8858155,Nueva Palestina,
8581745,3815618,Nuevo Francisco León,
8581745,3522484,Ocosingo,
8581745,8859334,Patria Nueva (San José el Contento),
8581745,3521630,Perla de Acapulco,
8581745,3520857,Ramón F. Balboa,
8581745,3517929,San Quintín,
8581745,3816311,Santa Elena,
8581745,3815622,Santo Domingo,
8581745,3816231,Sibacá,
8581745,8858682,Taniperla,
8581745,8858290,Tenango,
8581745,3815624,Ubilio García,
8581745,3815629,Zaragoza,
8581746,3522468,Ocotepec,
8581746,8859146,San Pablo Huacano,
8581747,3815914,Alfonso Moguel,
8581747,3815952,Guadalupe Victoria,
8581747,3815941,Hermenegildo Galeana,
8581747,3815942,Ignacio Zaragoza (El Morro),
8581747,8859523,La Independencia (Las Pilas),
8581747,3522444,Ocozocoautla de Espinosa,
8581747,3815992,Vicente Guerrero,
8581748,3527378,Nuevo Juan del Grijalva,
8581748,3815804,Nuevo Xochimilco,
8581748,3522293,Ostuacán,
8581748,3815805,Plan de Ayala,
8581749,3522516,Osumacinta,
8581750,8858982,El Tzay,
8581750,3522256,Oxchuc,
8581750,8859405,Tzopilja,
8581750,8858344,Yoshib,
8581751,3815591,Agua Blanca Serranía,
8581751,8859392,Arimatea,
8581751,8859275,Doctor Samuel León Brindis,
8581751,3522164,Palenque,
8581751,8859534,Profesor Roberto Barrios,
8581751,3815604,Río Chancalá,
8581752,3815726,Aurora Esquipulas,
8581752,3517659,Pantelhó,
8581753,3521948,Pantepec,
8581753,8859293,San Isidro las Banderas,
8581754,3815489,Nuevo Nicapa,
8581754,3521574,Pichucalco,
8581754,3516472,Sunuapa,
8581755,3816870,El Carmen,
8581755,3816859,El Palmarcito,
8581755,3816873,Hermenegildo Galeana,
8581755,8858963,Joaquín Miguel Gutiérrez (Margaritas),
8581755,3816933,La Esperanza,
8581755,8859857,La Esperanza (El Zapotal),
8581755,3816872,Las Brisas,
8581755,3521476,Pijijiapan,
8581755,3816816,San Isidro,
8581755,3816795,Tamaulipas,
8581756,3528433,El Porvenir de Velasco Suárez,
8581757,3527129,Hidalgo,
8581757,3524421,Lázaro Cárdenas,
8581757,3514685,Villa Comaltitlán,
8581757,3524428,Zacualpa,
8581758,3815771,Arroyo Grande,
8581758,8859607,Aurora Ermita,
8581758,3521070,Pueblo Nuevo,
8581758,3815772,Rincón Chamula,
8581758,8858705,San José Chapayal,
8581759,3520428,Rayón,
8581760,8858656,El Carmen (El Limón),
8581760,8859803,Miguel Hidalgo,
8581760,3815463,Rafael Pascacio Gamboa,
8581760,3520407,Reforma,
8581761,3524618,Las Rosas,
8581762,8859436,Buenavista,
8581762,8859946,Cristóbal Colón,
8581762,8859368,El Calvario,
8581762,8859735,El Paraíso,
8581762,3815745,Los Naranjos,
8581762,8859447,Majastic,
8581762,3522919,Moyos,
8581762,3520156,Sabanilla,
8581763,8859606,Arroyo Palenque,
8581763,8859187,Belisario Domínguez,
8581763,8859932,Cenobio Aguilar (La Trinidad),
8581763,3815589,Egipto,
8581763,8859575,Estrella de Belén,
8581763,3815676,Ignacio Zaragoza,
8581763,8859576,Jerusalén,
8581763,8859490,Río Jordán,
8581763,3520020,Salto de Agua,
8581763,3815672,San Miguel,
8581763,3815674,Santa María,
8581764,8859628,Álvaro Obregón,
8581764,3816017,Benito Juárez,
8581764,8858712,El Copalar,
8581764,8858485,El Progreso,
8581764,8858732,Francisco I. Madero,
8581764,3816022,Gabriel Esquinca,
8581764,3519396,San Fernando,
8581764,3815980,Viva Cárdenas,
8581765,3518510,Capitán Luis Ángel Vidal,
8581765,3522121,El Palmar Grande,
8581765,3527075,Honduras de la Sierra,
8581765,3524376,Libertad Ventanas,
8581765,3516654,Siltepec,
8581765,3514840,Vega del Rosario,
8581766,8859691,Constitución,
8581766,3815741,El Jardín,
8581766,8859934,Joltealal,
8581766,3815739,La Ceiba,
8581766,8858868,La Pimienta,
8581766,3815738,Maravillas,
8581766,3815723,Nuevo Sitalá,
8581766,3516651,Simojovel de Allende,
8581767,8858876,Sitalá,
8581768,3516614,Socoltenango,
8581768,8859683,Tzinil,
8581769,3516549,Solosuchiapa,
8581770,8858384,Francisco Sarabia,
8581770,3516511,Soyaló,
8581771,3816007,Pacú,
8581771,3516499,Suchiapa,
8581772,3516497,Brisas Barra de Suchiate,
8581772,3530595,Ciudad Hidalgo,
8581772,3526807,Ignacio López Rayón,
8581772,3525491,La Libertad,
8581774,3532958,Álvaro Obregón,
8581774,8859823,Cantón Villaflor,
8581774,3531510,Carrillo Puerto,
8581774,8859194,Cebadilla 1ra. Sección,
8581774,8859947,Cebadilla 2da. Sección,
8581774,3525079,Congregación Reforma,
8581774,8858884,El Encanto,
8581774,8858991,Llano de la Lima,
8581774,8858421,Los Cafetales,
8581774,8859458,Los Palacios,
8581774,8859140,Nuevo Pumpuapa (Cereso),
8581774,8859634,Octavio Paz,
8581774,3521744,Pavencul,
8581774,3520989,Puerto Madero,
8581774,3520430,Raymundo Enríquez,
8581774,3516266,Tapachula,
8581774,8859807,Tinajas 1ra. Sección,
8581774,3514833,Veinte de Noviembre,
8581774,8858217,Vida Mejor I,
8581774,3514625,Viva México,
8581775,3516263,Tapalapa,
8581776,8859271,San Francisco Jaconá,
8581776,3516252,Tapilula,
8581777,3815813,Adolfo López Mateos,
8581777,3815814,Francisco I. Madero,
8581777,3815816,Luis Espinoza,
8581777,8859650,Nuevo Naranjo,
8581777,8858206,Raudales Malpaso,
8581777,3516125,Tecpatán,
8581778,3531674,Cancuc,
8581778,8859107,Chacoma,
8581778,8859052,Chixtontic,
8581778,8859672,Jomanichim,
8581778,8858550,Kotolte,
8581778,8858977,Matzam,
8581778,8859511,Ococh,
8581778,8859157,Sibaniljá Pocolum,
8581778,3515981,Tenejapa,
8581778,8859437,Tres Cerros,
8581778,8858659,Tz'Aquiviljok,
8581778,3816171,Tzajalchén,
8581778,8858780,Yashanal,
8581779,8858623,Betania,
8581779,3816572,Nuevo León,
8581779,3515938,Teopisca,
8581780,8859148,Cantioc,
8581780,3530871,Chilón,
8581780,8859629,Chulum Cárdenas,
8581780,8858673,Chulum Juárez,
8581780,3815714,El Limar,
8581780,3815722,Joljá,
8581780,8859692,Jolsibaquil,
8581780,8859720,Misija,
8581780,3815720,Nueva Esperanza,
8581780,3815712,Nuevo Limar,
8581780,3521610,Petalcingo,
8581780,8858889,Shoctic,
8581780,3515600,Tila,
8581780,8858700,Tocob Leglemal,
8581780,8859906,Unión Juárez,
8581780,8859117,Usipa,
8581781,3531915,Cabeza de Toro,
8581781,3816770,Doctor Belisario Domínguez (La Barra),
8581781,3816748,Huizachal,
8581781,3816745,Ignacio Ramírez,
8581781,3816778,Manuel Ávila Camacho (Ponte Duro),
8581781,3816753,Paredón,
8581781,3816752,San Luqueño,
8581781,3816721,Tonalá,
8581781,3515120,Tres Picos,
8581782,3515202,Totolapa,
8581783,3816460,Álvaro Obregón,
8581783,3816497,Chihuahua,
8581783,3816464,El Porvenir Agrarista,
8581783,3816494,El Progreso,
8581783,3816457,José María Morelos,
8581783,3816463,La Esperanza,
8581783,8858792,La Gloria,
8581783,3524527,La Trinitaria,
8581783,3524846,Las Delicias,
8581783,3816461,Lázaro Cárdenas,
8581783,3816454,Miguel Hidalgo,
8581783,8859517,Nueva Libertad (El Colorado),
8581783,3520879,Rodulfo Figueroa,
8581783,3517346,Santa Rita,
8581783,3816425,Tziscao,
8581783,3816496,Unión Juárez,
8581784,3815705,Hidalgo Joshil,
8581784,8858415,Joshil,
8581784,8859844,Mariscal Subikuski,
8581784,3515036,Tumbala,
8581785,3530248,Copoya,
8581785,3816009,El Jobo,
8581785,3515001,Tuxtla,
8581786,9532420,Estación Tuzantán,
8581786,8859093,Primer Cantón,
8581786,3514994,Tuzantán,
8581786,3514668,Villa Hidalgo,
8581786,3514453,Xochiltepec,
8581787,3524367,Héroes de Chapultepec,
8581787,3816535,Ochusjob,
8581787,8858515,San Vicente la Mesilla,
8581787,3514972,Tzimol,
8581788,3522331,Once de Abril,
8581788,3516893,Santo Domingo,
8581788,3514915,Unión Juárez,
8581789,3816612,El Parral,
8581789,3816640,Emiliano Zapata,
8581789,3816598,Jericó,
8581789,3816625,Manuel Ávila Camacho,
8581789,3522993,Monterrey,
8581789,3816586,Nuevo Vicente Guerrero,
8581789,3816623,Revolución Mexicana,
8581789,3518014,San Pedro Buenavista,
8581789,3514684,Villa Corzo,
8581790,3816684,Agrónomos Mexicanos,
8581790,3532284,Benito Juárez,
8581790,3816655,Calzada Larga,
8581790,3816681,Cristóbal Obregón,
8581790,3816643,Cuauhtémoc,
8581790,3816616,Dieciséis de Septiembre,
8581790,3816674,Doctor Domingo Chanona,
8581790,3816659,Francisco Villa,
8581790,3816645,Ignacio Zaragoza,
8581790,3816654,Jesús María Garza,
8581790,3816675,Joaquín Miguel Gutiérrez,
8581790,3816683,Libertad Melchor Ocampo,
8581790,3816680,Nuevo México,
8581790,3816650,Roblada Grande,
8581790,3816615,Villa Hidalgo,
8581790,3514677,Villaflores,
8581791,3815704,Amado Nervo,
8581791,8859577,Lázaro Cárdenas,
8581791,3514349,Yajalón,
8581792,3527920,San Lucas,
8581793,8859079,Apas,
8581793,8859718,Bochojbo Alto,
8581793,8858396,Nachig,
8581793,3816105,Navenchauc,
8581793,3816106,Pasté,
8581793,3816104,Patosil,
8581793,8859484,Zequentic,
8581793,3514026,Zinacantán,
8581794,8858577,Chiloljá,
8581794,8858861,El Pozo,
8581794,3816173,San Juan Cancuc,
8581794,3516005,Tenango,
8581795,3523577,Maravilla Tenejapa,
8581795,8859400,Santo Domingo de las Palmas,
8581796,3816393,Emiliano Zapata,
8581796,3521566,Zamora Pico de Oro,
8581797,3525671,Laguna del Cofre,
8581797,3523031,Montecristo,
8581798,3815756,San Andrés Duraznal,
8581799,3516987,Santiago el Pinar,
8581800,3980207,Miguel Ahumada,
8581801,3991583,Pueblito de Allende,
8581801,3980627,Valle de Ignacio Allende,
8581802,8858719,Ninguno [CERESO],
8581802,4018365,Santa Eulalia,
8581803,4018109,Ascención,
8581803,4003582,Ascensión,
8581803,4005372,Guadalupe Victoria,
8581803,3991350,Puerto Palomas de Villa,
8581804,4017791,Bachíniva,
8581805,4006957,Ejido el Vergel,
8581805,3985178,Mariano Balleza,
8581807,4016951,Bocoyna,
8581807,4012593,Creel,
8581807,3985819,San Juanito,
8581807,3983013,Sisoguichi,
8581808,3975280,Constitución,
8581808,3976059,Ejido Benito Juárez,
8581808,3988500,Rodrigo M. Quevedo,
8581808,4016722,San Buenaventura,
8581809,4013724,Santa Rosalía de Camargo,
8581810,4015411,Carichí,
8581811,4015076,Casas Grandes,
8581811,4003756,Colonia Juárez,
8581812,3975903,José Esteban Coronado,
8581813,4012672,Santiago de Coyame,
8581814,4002731,La Cruz,
8581815,4012092,Cusihuiriachi,
8581816,4014338,Chihuahua,
8581816,4007522,El Sauz,
8581817,4014238,Chínipas de Almada,
8581818,4013720,Ciudad Delicias,
8581818,4013481,Colonia Abraham González (La Quemada),
8581818,8858596,Colonia Campesina,
8581818,4013346,Colonia Nicolás Bravo (Kilómetro Noventa y Dos),
8581818,8858314,Colonia Revolución,
8581818,3981853,Colonia Terrazas,
8581818,4003656,Kilómetro Noventa y Nueve,
8581818,8858455,Miguel Hidalgo,
8581819,4011872,San Lorenzo,
8581820,8744429,Abdenago C. García,
8581820,3975370,Hermenegildo Galeana,
8581821,4005858,Santa Isabel,
8581822,3993058,Peña Blanca,
8581822,4005777,Valentín Gómez Farías,
8581823,4005584,San Nicolás de Carretas,
8581824,4005545,Guachochi,
8581824,3988044,Samachique,
8581825,4005405,Guadalupe,
8581826,4017860,Baborigame,
8581826,4005370,Guadalupe y Calvo,
8581826,8859487,Las Yerbitas [Aserradero],
8581827,3982084,Témoris,
8581828,3976161,Adolfo López Mateos,
8581828,4017326,Basúchil,
8581828,4013716,Ciudad Guerrero,
8581828,4001792,La Junta,
8581828,3981381,Tomochi,
8581829,4018543,Colonia Anáhuac,
8581829,4012406,Cuauhtémoc,
8581829,4000530,La Quemada,
8581830,4018831,Juan Aldama,
8581831,3996446,Matachí,
8581832,3974900,Mariano Matamoros,
8581833,4013377,Colonia Emiliano Zapata,
8581833,3975402,Colonia Felipe Ángeles,
8581833,4012962,Estación Consuelo,
8581833,4005375,Guadalupe Victoria,
8581833,3975096,Lázaro Cárdenas,
8581833,3996234,Pedro Meoqui,
8581834,3988901,Morelos,
8581835,3995356,Moris,
8581836,3976058,Benito Juárez,
8581836,4000033,Cruces,
8581836,4009141,El Molino,
8581836,4007281,El Terrero,
8581836,3975342,Independencia,
8581836,3995134,Namiquipa,
8581836,3984699,Santa Ana,
8581837,3994858,Nonoava,
8581838,3994616,Nuevo Casas Grandes,
8581839,4017356,Basaseachi,
8581839,3994533,Melchor Ocampo,
8581840,8858105,Manuel Ojinaga,
8581840,3994469,Ojinaga,
8581841,4008440,El Porvenir,
8581841,3991869,Praxedis G. Guerrero,
8581841,3974771,Praxédis Guerrero,
8581843,3988564,San Andrés,
8581844,4012985,Congregación Ortíz,
8581844,4009144,El Molino,
8581844,3988430,Santa Cruz de Rosales,
8581845,3980610,Valle del Rosario,
8581846,3987002,San Francisco de Borja,
8581847,8859513,Boquilla de Babisas (La Boquilla de Conchos),
8581847,3987001,San Francisco de Conchos,
8581848,3986990,San Francisco del Oro,
8581849,3984629,Santa Bárbara,
8581851,4013030,Estación Conchos,
8581851,3999161,Las Varas,
8581851,3995142,Naica,
8581851,3988943,Orranteño,
8581851,3983312,Saucillo,
8581852,4007071,El Tule,
8581853,4014829,Cerocahui,
8581853,3974602,San Rafael,
8581853,3980769,Urique,
8581854,3980761,Uruachi,
8581855,3980603,Valle de Zaragoza,
8581856,4015683,Canatlán,
8581856,3984207,José Guadalupe Aguilera (Santa Lucía),
8581856,3994954,Nicolás Bravo,
8581856,3988732,Ricardo Flores Magón,
8581856,3986226,San José de Gracia,
8581856,3980388,Venustiano Carranza,
8581857,4015640,Canelas,
8581858,4012992,Coneto de Comonfort,
8581858,3994897,Nogales,
8581859,4012407,Cuauhtémoc,
8581859,4012344,Cuencamé de Ceniceros,
8581859,4006816,Emiliano Zapata,
8581859,3993321,Pasaje,
8581859,3993130,Pedriceña,
8581859,4020432,Ramón Corona,
8581859,3980502,Velardeña,
8581860,4003541,Banderas del Águila,
8581860,4013785,Cinco de Febrero,
8581860,4013779,Cinco de Mayo,
8581860,4013402,Colonia Hidalgo,
8581860,4018287,El Arenal,
8581860,4009028,El Nayar,
8581860,3978263,José María Pino Suárez,
8581860,8859369,José Refugio Salcido,
8581860,3998501,Llano Grande,
8581860,3983642,Santiago Bayacora,
8581860,8858895,Sebastián Lerdo de Tejada,
8581860,4011743,Victoria de Durango,
8581860,3978276,Villa Montemorelos,
8581861,4005860,General Simón Bolívar,
8581861,3979712,Ignacio Zaragoza,
8581861,3986431,San José de Zaragoza,
8581862,4018317,Arcinas,
8581862,4018123,Arturo Martínez Adame,
8581862,4016122,California,
8581862,3980339,El Vergel,
8581862,4006618,Esmeralda,
8581862,8859485,Eureka de Media Luna (Eureka),
8581862,4005775,Gómez Palacio,
8581862,4003939,Jiménez,
8581862,4002376,La Flor,
8581862,4000731,La Popular,
8581862,3993233,Pastor Rovaix,
8581862,8858285,San Felipe,
8581862,3986091,San José de Viñedo,
8581862,3984492,Santa Cruz Luján,
8581862,3978737,Seis de Octubre,
8581862,4007148,Transporte,
8581862,3980453,Venecia,
8581862,4005579,Villa Gregorio García,
8581863,4018438,Antonio Amaro,
8581863,4006334,Felipe Carrillo Puerto,
8581863,4005872,General Calixto Contreras,
8581863,4005380,Guadalupe Victoria,
8581863,4004430,Ignacio Allende,
8581863,4004424,Ignacio Ramírez,
8581863,3992957,José Guadalupe Rodríguez,
8581864,4005275,Guanaceví,
8581865,3980166,Villa Hidalgo,
8581866,4004392,Indé,
8581867,8859229,Álvaro Obregón,
8581867,8858482,El Huarache (El Guarache),
8581867,4008150,El Rayo,
8581867,4003789,Juan E. García,
8581867,4002227,La Goma,
8581867,4001562,La Loma,
8581867,3978726,La Luz,
8581867,4000001,Las Cuevas,
8581867,3998629,León Guzmán,
8581867,4013706,Lerdo,
8581867,3998148,Los Ángeles,
8581867,3995010,Nazareno,
8581867,3992769,Picardías,
8581867,9075944,San Jacinto,
8581867,3983426,Sapioris,
8581867,4007496,Seis de Enero,
8581867,8858593,Villa de Guadalupe,
8581867,3980162,Villa Juárez,
8581868,4017144,Bermejillo,
8581868,4014938,Ceballos,
8581868,3996647,Mapimí,
8581869,3996017,San Francisco del Mezquital,
8581870,3978605,General Lázaro Cárdenas,
8581870,3995005,Nazas,
8581870,3993256,Paso Nacional,
8581871,8859380,Gabriel Hernández (Mancinas),
8581871,3994863,Nombre de Dios,
8581872,3980135,Villa Ocampo,
8581873,3984078,Santa María del Oro,
8581874,3984070,Otaéz,
8581875,3980151,Francisco I. Madero,
8581875,3993492,Pánuco de Coronado,
8581876,3992967,Peñón Blanco,
8581877,4013848,Cieneguilla,
8581877,8858823,La Joya,
8581877,3995080,Narciso Mendoza,
8581877,8859114,Orizaba,
8581877,8858808,San Atenógenes (La Villita),
8581877,3980124,Villa Unión,
8581878,4007673,El Salto,
8581878,4002902,La Ciudad,
8581878,4007676,Pueblo Nuevo,
8581878,3995882,San Bernardino de Milpillas Chico,
8581879,4019868,Abasolo,
8581879,3988515,Rodeo,
8581880,3987553,San Bernardo,
8581881,3985888,San Juan de Guadalupe,
8581882,4011929,Diez de Octubre,
8581882,3985855,San Juan del Rio del Centauro del Norte,
8581883,3985618,San Luis del Cordero,
8581884,3985034,San Pedro del Gallo,
8581885,3984558,Santa Clara,
8581886,4002965,Ciénega de Nuestra Señora de Guadalupe,
8581886,4014256,José María Morelos,
8581886,3983631,Santiago Papasquiaro,
8581887,3982768,Súchil,
8581888,4011723,El Durazno,
8581888,3982574,Tamazula de Victoria,
8581889,3984571,Santa Catarina de Tepehuanes,
8581890,8859763,Banco Nacional,
8581890,4009366,El Lucero,
8581890,3978721,Jauja,
8581890,3986998,San Francisco de Horizonte (Horizonte),
8581890,8859824,San Julio,
8581890,3981469,Tlahualilo de Zaragoza,
8581891,3981352,Topia,
8581892,3986977,San Francisco Javier,
8581892,4005857,Vicente Guerrero,
8581893,4006621,Esfuerzos Unidos,
8581893,4005178,Guatimapé,
8581893,3994607,Nuevo Ideal,
8581894,4019869,Abasolo,
8581894,4016854,Boquillas,
8581894,4023967,El Varal,
8581894,4024356,Estación Joaquín,
8581894,4024886,Huitzatarito,
8581894,4003842,La Joya de Calvillo,
8581894,4023986,Labor de Peralta,
8581894,8859184,Las Masas (La Luz Masas),
8581894,4024368,Loma de la Esperanza,
8581894,4024915,Peralta,
8581894,3992624,Piedras Negras,
8581894,4024366,Rancho Nuevo de la Cruz,
8581894,8859431,San Bernardo Peña Blanca,
8581894,3982575,Tamazula,
8581894,4023980,Zapote de Peralta,
8581895,4019827,Acámbaro,
8581895,4014597,Chamácuaro,
8581895,4004331,Irámuco,
8581895,4024768,La Ortiga,
8581895,4024776,Los Desmontes,
8581895,3994545,Obrajuelo,
8581895,3993455,Parácuaro,
8581895,3987347,San Diego de Alcalá,
8581895,4023814,San Juan Jaripeo,
8581896,4018839,Alcocer,
8581896,4014799,Cerritos,
8581896,8858484,Colonia San Luis Rey,
8581896,4024707,Corral de Piedras de Arriba,
8581896,8859872,Corralejo de Arriba,
8581896,4024656,Don Francisco,
8581896,3982559,Guadalupe de Támbula,
8581896,4024665,La Cieneguita,
8581896,4024663,La Cruz del Palmar,
8581896,3997750,Los Galvanes,
8581896,3997205,Los Rodríguez,
8581896,8859594,Nigromante,
8581896,4023058,Palo Colorado,
8581896,3989003,Rancho Viejo,
8581896,3985344,San Miguel de Allende,
8581896,8859074,Santa Teresita de Don Diego,
8581897,4018404,Apaseo el Alto,
8581897,4024116,El Espejo,
8581897,4024120,El Salto de Espejo,
8581897,4024067,La Cuevita,
8581897,3996514,Marroquín,
8581897,4024094,Ojo de Agua de la Trinidad,
8581897,4024112,San Antonio Calichar,
8581897,8858333,San Bartolomé Aguas Calientes,
8581897,4024119,San Isidro de Gamboa,
8581897,9511674,San Juan del Llanito,
8581898,4018579,Amexhe,
8581898,4018403,Apaseo el Grande,
8581898,4024153,Caleras de Amexhe,
8581898,8858846,Coachiti,
8581898,4009064,El Nacimiento,
8581898,4024154,El Tunal,
8581898,4006947,El Vicario,
8581898,4024143,Estancia del Llano,
8581898,4024155,Guadalupe del Monte,
8581898,4024157,Jocoqui,
8581898,4001770,La Labor,
8581898,4024148,La Norita,
8581898,4001032,La Palma,
8581898,8859463,La Purísima,
8581898,3994544,Obrajuelo,
8581898,3986471,San José Agua Azul,
8581898,8859267,San José Viborillas,
8581898,3985006,San Pedro Tenango,
8581898,4024145,San Pedro Tenango el Nuevo,
8581899,3797740,Atarjea,
8581900,4014875,Celaya,
8581900,8859721,Colonia Fraccionamiento el Puente,
8581900,8859466,Colonia Patria Nueva,
8581900,8859022,Colonia Pedro María Anaya,
8581900,4024041,El Puesto,
8581900,4024047,El Sauz (El Sauz de Villaseñor),
8581900,4006399,Estrada,
8581900,4024196,Gasca,
8581900,4004049,Jáuregui,
8581900,4003771,Juan Martín,
8581900,8858514,La Aurora,
8581900,8858866,La Cruz,
8581900,4001662,La Laja,
8581900,8859542,La Palmita (La Palmita de San Gabriel),
8581900,8859781,La Trinidad,
8581900,8859317,Los Mancera,
8581900,3994245,Ojo Seco,
8581900,3992376,Plancarte,
8581900,4024183,Presa Blanca,
8581900,4012589,Primera Fracción de Crespo,
8581900,3988648,Rincón de Tamayo,
8581900,3988449,Roque,
8581900,8858371,San Antonio Gallardo,
8581900,4014967,San Cayetano,
8581900,3987293,San Elías,
8581900,4024184,San Isidro de la Concepción,
8581900,4024199,San José de Guanajuato,
8581900,8859396,San José el Nuevo,
8581900,3985878,San Juan de la Vega,
8581900,3985768,San Lorenzo,
8581900,3985307,San Miguel Octopan,
8581900,8859213,Santa Anita,
8581900,3984076,Santa María del Refugio,
8581900,4024195,Santa Teresa,
8581900,3982051,Tenería del Santuario,
8581900,3979853,Yustis,
8581901,4024450,Calzada del Tepozán,
8581901,4013705,Ciudad Manuel Doblado,
8581901,4024465,Frías,
8581902,4013094,Comonfort,
8581902,4024215,Delgado de Abajo,
8581902,4024214,Delgado de Arriba,
8581902,4024216,Don Diego,
8581902,4006804,Empalme Escobedo,
8581902,4004141,Jalpilla,
8581902,4024648,Landín,
8581902,8859129,Las Trojas,
8581902,3995421,Morales,
8581902,3994968,Neutla,
8581902,3994142,Orduña de Abajo,
8581902,4024678,Palmillas de San Juan,
8581902,4024172,Picacho,
8581902,8859476,San Antonio de Corrales,
8581903,4012842,Coroneo,
8581904,4015747,Cañada de Caracheo,
8581904,8859901,Colonia la Calzada (La Olla),
8581904,4012721,Cortazar,
8581904,8859666,De Parral,
8581904,4009613,El Huizache,
8581904,4002267,La Gavia,
8581904,3996224,Merino,
8581904,8859860,Santa Fe de la Purísima,
8581904,3981656,Tierra Fría,
8581906,4012341,Cuerámaro,
8581906,3986909,San Gregorio,
8581906,3980878,Tupátaro,
8581907,4022983,Doctor Mora,
8581908,8859771,Adjuntas del Río,
8581908,8859655,Colonia Padre Hidalgo,
8581908,4023117,Dolores Hidalgo,
8581908,8859268,Ejido Jesús María,
8581908,4023114,El Gallinero,
8581908,4009411,El Llanito,
8581908,4004129,Jamaica,
8581908,4023073,La Sabana,
8581908,8859921,Rancho de Guadalupe,
8581908,4023109,Río Laja,
8581908,3986953,San Gabriel,
8581908,4023070,San Isidro de la Estacada,
8581908,3982911,Soledad Nueva,
8581908,3981880,Tequisquiapan,
8581908,3986078,Xoconoxtle el Grande,
8581909,4024608,Cañada de Bustos,
8581909,4024582,Capulín de Bustos,
8581909,8859667,Fraccionamiento Villas de Guanajuato,
8581909,4005270,Guanajuato,
8581909,4000237,La Sauceda,
8581909,4023202,Los Lorenzos,
8581909,8859085,Los Nicolases,
8581909,3996595,Marfil,
8581909,4023203,Mineral de la Luz,
8581909,8859507,Paso de Pirules,
8581909,4024607,Puentecillas,
8581909,8858953,San José de Cervera,
8581909,4024570,San José de Llanos,
8581909,4024610,San José del Rodeo,
8581909,4023176,Santa Rosa de Lima,
8581909,3983764,Santa Teresa,
8581909,3979923,Yerbabuena,
8581909,8859227,Zangarro (Zangarro Nuevo),
8581910,4004688,Huanímaro,
8581910,4023970,La Lobera,
8581910,4023973,Los Otates,
8581910,8859770,Monte Blanco,
8581910,4024912,San José de Ayala,
8581910,4024906,San Juan Grande,
8581911,4018835,Aldama,
8581911,4018347,Arandas,
8581911,4024325,Colonia Morelos de Guadalupe de Rivera,
8581911,8858434,Cuarta Brigada,
8581911,4024321,Cuchicuato,
8581911,4010681,El Carmen,
8581911,4024305,El Carrizal Grande,
8581911,4024306,El Carrizalito,
8581911,4024303,El Copalillo,
8581911,8859141,Ex-Hacienda del Copal,
8581911,8859051,Fraccionamiento las Liebres,
8581911,4005394,Guadalupe de Paso Blanco,
8581911,4005522,Guadalupe de Rivera,
8581911,3996525,Hacienda de Márquez,
8581911,4004330,Irapuato,
8581911,4024316,La Caja,
8581911,4003270,La Calera,
8581911,3999519,La Soledad,
8581911,4024340,Laguna Larga,
8581911,8859393,Las Huertas Tercera Sección,
8581911,8858292,Lo de Juárez,
8581911,4024571,Molino de Santa Ana,
8581911,4024304,Peñuelas,
8581911,3991229,Purísima de Covarrubias,
8581911,8858757,Purísima del Progreso,
8581911,8859935,Rancho Nuevo del Llanito,
8581911,4024291,San Antonio de Chico,
8581911,4024572,San Antonio el Rico,
8581911,3987383,San Cristóbal,
8581911,4024339,San Ignacio de Rivera (Ojo de Agua),
8581911,4024319,San Javier,
8581911,8859488,San José de Bernalejo (El Guayabo),
8581911,9511458,San Nicolás Temascatío,
8581911,4024289,San Roque,
8581911,3983483,San Vicente,
8581911,3983119,Serrano,
8581911,4024564,Taretán,
8581911,4024288,Tomelopitos,
8581911,4024301,Valencianita,
8581911,8858258,Villas de Irapuato,
8581912,4003439,Hacienda de la Bolsa,
8581912,4004092,Jaral del Progreso,
8581912,4024013,Providencia,
8581912,8858728,San José del Cerrito de Camargo,
8581912,4024944,Santiago Capitiro,
8581912,4024946,Victoria de Cortazar,
8581913,4024131,El Fresno,
8581913,4023766,Estanzuela de Romero,
8581913,4004026,Jerécuaro,
8581913,3994401,Ojo de Agua de Mendoza,
8581913,4024062,Piedras de Lumbre,
8581913,3991222,Puruagua,
8581913,3985713,San Lucas,
8581914,4023249,Alfaro,
8581914,4017406,Barretos,
8581914,8858096,Centro Familiar la Soledad,
8581914,8858742,Colonia Latinoamericana,
8581914,4011755,Duarte,
8581914,4001848,Ejido la Joya,
8581914,8858988,El CERESO,
8581914,8859563,Fraccionamiento Paraíso Real,
8581914,8858775,Fraccionamiento Paseo de las Torres,
8581914,4023271,Hacienda Arriba,
8581914,4023253,Ibarrilla,
8581914,8858107,La Ermita,
8581914,4001757,La Laborcita,
8581914,8858943,Ladrilleras del Refugio,
8581914,3998655,León de los Aldama,
8581914,4023263,Los Arcos,
8581914,4023265,Los Ramírez,
8581914,4023233,Loza de los Padres,
8581914,8859457,Lucio Blanco (Los Gavilanes),
8581914,3996814,Malagana (San Antonio del Monte),
8581914,3996299,Medina,
8581914,4023262,Plan de Ayala,
8581914,4024521,Plan Guanajuato (La Sandía),
8581914,3989549,Rancho Nuevo de la Luz,
8581914,8858489,Rizos de la Joya (Rizos del Saucillo),
8581914,8859656,San Antonio de los Tepetates,
8581914,4023239,San Francisco de Durán,
8581914,11179947,San Isidro de los Sauces,
8581914,8859510,San José de Durán (Los Troncoso),
8581914,4023248,San José del Potrero,
8581914,4023244,San Juan de Abajo,
8581914,3994030,San Juan de Otates,
8581914,8858741,Santa Ana,
8581915,3995343,Moroleón,
8581915,3992512,Piñícuaro,
8581915,8859829,Rinconadas del Bosque,
8581916,4006090,Gachupines,
8581916,4023721,La Escondida,
8581916,3994535,Ocampo,
8581916,4023291,San José del Torreón,
8581916,4004453,San Pedro de Ibarra,
8581916,3984641,Santa Bárbara,
8581917,4024857,Buenavista de Cortés,
8581917,4014164,Churipitzeo,
8581917,4024858,Colonia Morelos,
8581917,8859922,Estación Corralejo,
8581917,8859635,Estación la Piedad,
8581917,4024891,Estación Pénjamo,
8581917,4024865,La Estrella,
8581917,4002110,Laguna Larga de Cortés,
8581917,4023926,Las Ánimas,
8581917,4024864,Los Ocotes,
8581917,4023912,Mezquite de Luna,
8581917,3992986,Pénjamo,
8581917,3986873,San Gabriel y San Ignacio,
8581917,3984690,Santa Ana Pacueco,
8581917,4023960,Zapote de Barajas,
8581917,4023948,Zapote de Cestau,
8581918,3991567,Pueblo Nuevo,
8581919,4015738,Cañada de Negros,
8581919,4007349,El Tecolote,
8581919,8858727,Monte Grande,
8581919,4024753,Potrerillos (Guanajal),
8581919,3991226,Purísima de Bustos,
8581919,3987919,San Ángel,
8581919,3987555,San Bernardo,
8581920,8859887,Colonia Rafael Corrales Ayala,
8581920,4024536,El Escoplo,
8581920,4024531,El Jaguey,
8581920,4024544,Gavia de Rionda,
8581920,4000249,La Sardina,
8581920,4024576,Las Liebres,
8581920,4024558,Mezquite Gordo,
8581920,3988462,Romita,
8581920,4024550,Santa Rosa de Rivas,
8581921,4017377,Barrón,
8581921,4015430,Cárdenas,
8581921,4014740,Cerro Gordo,
8581921,4024255,El Divisador,
8581921,8858582,El Recuerdo de Ancón (Xoconoxtle de Arriba),
8581921,4024283,La Capilla,
8581921,4024272,La Luz,
8581921,4001070,La Ordeña,
8581921,4024275,La Tinaja,
8581921,3998337,Loma Pelada,
8581921,4024280,Los Prietos,
8581921,3988214,Salamanca,
8581921,8859204,San Bernardo,
8581921,4024256,San José de la Montaña,
8581921,3996246,San José de Mendoza,
8581921,3986082,San José Temascatío,
8581921,4024292,San Vicente de Flores,
8581921,3982824,Sotelo,
8581921,3980692,Valencia de Cerro Gordo,
8581921,3980580,Valtierrilla,
8581921,8859676,Zapote de Palomas,
8581922,4012131,Cupareo,
8581922,4010707,El Capulín,
8581922,4024942,El Sabino,
8581922,8859477,El Salvador (Ranchito San José del Carmen),
8581922,4024049,La Calera,
8581922,4006439,La Estancia de San José del Carmen,
8581922,4024035,La Luz,
8581922,4023835,Maravatío del Encinal,
8581922,3994339,Ojo de Agua de Ballesteros,
8581922,4024009,Puerta del Monte,
8581922,3988050,Salvatierra,
8581922,4024817,San Antonio Eménguaro,
8581922,4006830,San Miguel Eménguaro,
8581922,3985248,San Nicolás de los Agustinos,
8581922,3985176,San Pablo Pejo,
8581922,3985031,San Pedro de los Naranjos,
8581922,3983528,Santo Tomás Huatzindeo,
8581922,4023831,Urireo,
8581923,4000235,La Sauceda,
8581923,3987309,San Diego de la Unión,
8581923,3985804,San Juan Pan de Arriba,
8581924,4023644,Chirimoya (Estación Chirimoya),
8581924,4023635,El Carretón,
8581924,4023631,El Tejocote (El Domingo),
8581924,4023653,El Zapote,
8581924,4023630,Fábrica de Melchor,
8581924,4023652,Guadalupe,
8581924,4002135,Laguna de Guadalupe,
8581924,8859810,Molino de San José,
8581924,3987591,San Bartolo de Berrios,
8581924,3987246,San Felipe,
8581924,4023646,San Francisco,
8581924,8859535,San José de Rancho Nuevo (Los Arrieros),
8581924,4023639,Santa Catarina,
8581924,4023642,Santa Rosa,
8581925,8859726,Barrio de Guadalupe del Mezquitillo,
8581925,4009338,El Maguey,
8581925,4024500,El Mezquitillo,
8581925,8859601,Estación de San Francisco,
8581925,8859848,Fraccionamiento la Mezquitera,
8581925,8859263,Fraccionamiento Villa Jardín,
8581925,4024504,Jesús del Monte,
8581925,3992960,Peñuelas,
8581925,3987381,San Cristóbal,
8581925,3986984,San Francisco del Rincón,
8581925,3986792,San Ignacio de Hidalgo,
8581925,8858812,San Roque de Montes,
8581925,3984832,San Roque de Torres,
8581925,4024498,Silva,
8581926,4010728,El Capulín,
8581926,4022976,Ojo de Agua del Refugio,
8581926,8859472,Prados del Rosario,
8581926,3986088,San José Iturbide,
8581926,4023017,San Sebastián del Salitre,
8581926,4022977,Santa Anita,
8581926,9510347,Tulillo de Abajo,
8581927,8859880,Derramadero Segundo (Infiernillo),
8581927,4023520,La Ciénega,
8581927,8858844,Los Dolores (Las Quince Letras),
8581927,3995699,Misión de Chichimecas,
8581927,9510317,San Antonio Primero,
8581927,8859474,San Ignacio,
8581927,3985621,San Luis de la Paz,
8581927,3985244,San Nicolás del Cármen,
8581928,4024745,Santa Catarina,
8581929,4024244,Cerrito de Gasca,
8581929,3995107,El Naranjillo,
8581929,4024207,Franco Tavera,
8581929,4003662,Juventino Rosas,
8581929,8859374,Los Dulces Nombres,
8581929,3991899,Pozos,
8581929,4024211,Rincón de Centeno,
8581929,4024198,San Antonio de Morales,
8581929,3988468,San Antonio de Romerillo,
8581929,4024241,San José de las Pilas,
8581929,3983641,Santiago de Cuenda,
8581930,3983635,Santiago Maravatío,
8581931,8859876,Aguas Buenas,
8581931,4014383,Chichimequillas,
8581931,9816309,Coecillo,
8581931,8859543,Colonia Francisco Javier Mina,
8581931,4024597,Colonias Nuevo México,
8581931,4013117,Comanjilla,
8581931,4023238,El Refugio de los Sauces,
8581931,4023212,El Salitrillo,
8581931,4006180,Franco,
8581931,4003618,La Aldea,
8581931,8859758,Loma de Yerbabuena,
8581931,4024603,Los Rodríguez,
8581931,4024528,Loza de Barrera,
8581931,4024585,Medio Sitio,
8581931,4024592,Medranos,
8581931,3996239,Menores,
8581931,4023237,Mezquite de Sotelo,
8581931,4008693,Paxtle,
8581931,4023209,Providencia de Nápoles,
8581931,4023208,San Agustín de las Flores,
8581931,8858878,San Antonio Texas,
8581931,4024589,San Diego el Grande,
8581931,8858710,San Francisco (Baños de Agua Caliente),
8581931,8859418,San Miguel del Arenal,
8581931,3983058,Silao de la Victoria,
8581932,3982401,Tarandacuao,
8581933,4024989,El Acebuche,
8581933,4024055,Galera de Panales,
8581933,4001301,La Moncada,
8581933,4024808,Los Fierros,
8581933,8858631,Panales Jamaica (Cañones),
8581933,4024056,San Juan Bautista Cacalote,
8581933,4023830,San Nicolás de la Condesa,
8581933,3982364,Tarimoro,
8581934,4022973,La Cuesta de Peñones,
8581934,4022960,Rincón del Cano,
8581934,3981676,Tierra Blanca,
8581935,3980777,Uriangato,
8581936,4024924,Cerro Colorado,
8581936,4014477,Charco de Pantoja,
8581936,8859819,Hoya de Cintora (La Hoya de Arriba),
8581936,4024949,La Compañía,
8581936,4000152,Las Cañas,
8581936,3999758,Las Jícamas,
8581936,3998322,Loma Tendida,
8581936,3996894,Magdalena de Araceo,
8581936,3988652,Rincón de Parangueo,
8581936,4023985,San Felipe Quiriceo,
8581936,4023990,San Ignacio de San José Parangueo,
8581936,3986554,San Jerónimo de Araceo,
8581936,3985239,San Nicolás Parangueo,
8581936,8859630,Santa Ana,
8581936,8859801,Santa Bárbara,
8581936,3980605,Valle de Santiago,
8581936,4024952,Zapotillo de Mogotes,
8581937,4013858,Cieneguilla,
8581937,4022968,Los Remedios,
8581937,4022970,Victoria,
8581938,8858703,Colonia 18 de Marzo,
8581938,4024205,El Caracol,
8581938,8859029,El Chinaco (El Pujido),
8581938,8859156,Fraccionamiento Praderas de la Venta,
8581938,8858843,Los Ángeles,
8581938,4024264,Mexicanos,
8581938,3981270,San Salvador Torrecillas,
8581938,3983934,Santa Rosa,
8581938,4024263,Sarabia,
8581938,3982765,Suchitlán,
8581938,3980174,Villagrán,
8581939,3984588,Xichú,
8581940,4014842,Cerano,
8581940,8859564,El Canario,
8581940,4024834,El Moral,
8581940,4024940,La Angostura,
8581940,4003274,La Calera,
8581940,4024941,Loma de Zempoala,
8581940,3993417,Parangarico,
8581940,8859193,San Andrés Enguaro,
8581940,3982127,Tejocote de Calera,
8581940,3979855,Yuriria,
8581941,8859815,10 de Abril,
8581941,3533462,Acapulco de Juárez,
8581941,8858934,Aguas Calientes,
8581941,8858390,Amatillo,
8581941,8859216,Apalani,
8581941,8859538,Barrio Nuevo de los Muertos,
8581941,3821745,Campanario,
8581941,3821734,Cerro de Piedra,
8581941,8859896,Colonia Alborada,
8581941,8859877,Colonia Nueva Revolución,
8581941,3529710,Dos Arroyos,
8581941,3529535,Ejido Nuevo,
8581941,3821729,El Arenal,
8581941,3821728,El Bejuco,
8581941,8859729,El Metlapil,
8581941,3821748,El Salto,
8581941,8858219,Kilómetro 30,
8581941,8859725,Kilómetro 40,
8581941,3525974,La Concepción,
8581941,3821730,La Estación,
8581941,8859913,Las Plazuelas,
8581941,3821732,Lomas de Chapultepec,
8581941,3821754,Lomas de San Juan,
8581941,3523952,Los Órganos de San Agustín,
8581941,8859747,Nueva Frontera,
8581941,8859858,Pueblo Madero (El Playón),
8581941,3520154,Sabanillas,
8581941,8859259,San Andrés Playa Encantada (El Podrido),
8581941,8858603,San Isidro Gallinero (El Gallinero),
8581941,8859237,San Pedro Cacahuatepec,
8581941,3821727,San Pedro las Playas,
8581941,3515727,Texca,
8581941,3821726,Tres Palos,
8581941,8858531,Tuncingo,
8581941,3514583,Xaltianguis,
8581942,3533164,Ahuacuotzingo,
8581942,8858815,Alpuyecancingo de las Montañas,
8581942,3821842,Oztotitlán,
8581942,3821844,Pochutla,
8581942,3821826,Tecolcuautla,
8581942,8859005,Xocoyolzintla,
8581943,4019039,Ajuchitlán del Progreso,
8581943,8858419,Changata,
8581943,8858413,Corral Falso,
8581943,3987388,San Cristóbal,
8581943,4027251,San Jerónimo el Grande,
8581943,3985770,San Lorenzo,
8581943,4020749,Villa Nicolás Bravo,
8581944,3533083,Alcozauca de Guerrero,
8581944,3822078,Cuyuxtlahuaca,
8581944,8859923,Melchor Ocampo,
8581944,3518267,San Miguel el Grande,
8581944,8858768,San Vicente Zoyatlán,
8581944,8859314,Tlahuapa,
8581944,3822087,Xochapa,
8581945,3533022,Alpoyeca,
8581945,3526731,Ixcateopan,
8581946,3532802,Ciudad Apaxtla de Castrejón,
8581947,4018320,Arcelia,
8581947,4027615,El Escondido,
8581948,3532638,Atenango del Río,
8581948,3821561,Tequicuilco,
8581949,3822104,Zilacayotitlán,
8581950,3532591,Atlixtac,
8581950,8859632,Caxitepec,
8581950,8859307,San Pedro Huitzapula Norte (Huitzapula Norte),
8581950,3515365,Tlatlauquitepec,
8581950,8859080,Zoquitlán,
8581951,4018842,Alcholoa,
8581951,4017984,Atoyac de Álvarez,
8581951,4016342,Cacalutla,
8581951,4027580,Corral Falso,
8581951,4027699,El Paraíso,
8581951,4027555,El Ticui,
8581951,3979821,Zacualpan,
8581952,8859288,Ahuacachahue (Ndog'yo Itún Tichi),
8581952,8859868,Apantla,
8581952,3532499,Ayutla de los Libres,
8581952,8858739,El Cortijo,
8581952,3821982,El Mesón,
8581952,8859446,El Refugio,
8581952,8858761,La Azozuca,
8581952,8859897,La Concordia,
8581952,3821938,Los Tepetates,
8581952,8858905,San José la Hacienda,
8581952,8858660,Tonalá,
8581952,8859759,Tutepec,
8581953,3532758,Arcelia del Progreso,
8581953,3532490,Azoyú,
8581953,3822176,Cuanacaxtitlán,
8581953,8858770,Huehuetán,
8581953,3520912,Quetzalapa,
8581954,3531972,Buenavista de Cuéllar,
8581954,3522092,Palmillas,
8581954,3517458,Santa Fe Tepetlapa,
8581955,4013677,Coahuayutla de Guerrero,
8581956,3532795,Apipilulco,
8581956,3530482,Cocula,
8581956,3532423,Nuevo Balsas,
8581957,3530264,Copala,
8581958,3530259,Copalillo,
8581958,3821805,San Francisco Oxtutla,
8581958,3515446,Tlalcozotitlán,
8581959,3530254,Copanatoyac,
8581959,8859686,Ocotequila,
8581959,8859424,Patlicha,
8581959,8859171,Santa Anita,
8581960,4027747,Aguas Blancas,
8581960,3532446,Bajos del Ejido,
8581960,4027760,Colonia Luces en el Mar,
8581960,4012608,Coyuca de Benítez,
8581960,3529512,Ejido Viejo,
8581960,4010527,El Cayaco,
8581960,3821706,El Conchero,
8581960,8859218,El Embarcadero,
8581960,8859816,El Espinalillo,
8581960,4008740,El Papayo,
8581960,3821682,Las Compuertas,
8581960,8859300,Las Lomas,
8581960,4027757,Los Mogotes,
8581960,3821712,Ocotillo,
8581960,3521355,Platanillo,
8581960,3821700,Pueblo Viejo,
8581960,3981947,Tepetixtla,
8581960,3981492,Tixtlancingo,
8581960,3821707,Valle del Río,
8581960,3821702,Yetla,
8581961,8858486,Amuco de la Reforma,
8581961,4012607,Coyuca de Catalán,
8581961,8858627,Paso de Arena,
8581961,3993209,Patambo,
8581961,3997299,Placeres del Oro,
8581961,4027170,Santa Teresa,
8581962,3522205,Pacula,
8581963,3530046,Cuajinicuilapa,
8581963,3822198,El Pitahayo,
8581963,3523033,Montecillos,
8581963,3518214,San Nicolás,
8581964,3531008,Chiaucingo,
8581964,3530043,Cualác,
8581965,3530561,Coacoyulichán,
8581965,3529994,Cuautepec,
8581965,3822003,Jalapa,
8581965,3821992,La Dicha,
8581966,3530892,Chilacachapa,
8581966,3529933,Cuetzala del Progreso,
8581967,4012085,Cutzamala de Pinzón,
8581967,4027096,Zacapuato,
8581968,3821876,Acalco,
8581968,3533447,Acatlán,
8581968,8859639,Ahuexotitlán,
8581968,8859276,Ahuihuiyuco,
8581968,8859312,Alcozacán,
8581968,8858850,Atenxoxola,
8581968,3532564,Atzacoaloya,
8581968,3532534,Ayahualulco,
8581968,3530886,Chilapa de Álvarez,
8581968,3821860,Cuauhtenango,
8581968,8858942,Cuonetzingo,
8581968,8858834,La Mohonera,
8581968,8859845,Lodo Grande,
8581968,8858316,Nejapa,
8581968,8858578,Pantitlán,
8581968,3821877,San Ángel,
8581968,8859745,San Marcos,
8581968,3821861,Santa Catarina,
8581968,8859388,Tepozcuautla,
8581968,8859219,Tlacoaxtla,
8581968,3515404,Tlamixtlahuacan,
8581968,8858787,Tlaxinga (Clatzinga),
8581968,3516524,Zelocotitlán,
8581968,8859416,Zizicazapa,
8581969,3533487,Acahuizotla,
8581969,3821694,Buena Vista de la Salud,
8581969,8859210,Cajelitos,
8581969,3530870,Chilpancingo,
8581969,3821679,Coacoyulillo,
8581969,3821660,El Fresno,
8581969,3526608,Jaleaca de Catalán,
8581969,3821693,Julián Blanco (Dos Caminos),
8581969,3523412,Mazatlán,
8581969,3523096,Mohoneras,
8581969,3528601,Ocotito,
8581969,3522061,Palo Blanco,
8581969,3521607,Petaquillas,
8581969,3519560,San Cristóbal,
8581969,3516791,San Vicente,
8581969,8859088,Tepechicotlán,
8581970,3530066,Cruz Grande,
8581971,4019820,Acapetlahuaya,
8581972,8859432,Izotepec,
8581972,4027682,Pueblo Viejo,
8581972,3515477,Tlacotepec,
8581973,8859608,Coyahualco,
8581973,3527017,Huamuxtitlán,
8581973,3822047,Santa Cruz,
8581973,3515371,Tlaquiltepec,
8581974,3531068,Chaucingo,
8581974,3526864,Ciudad de Huitzuco,
8581974,3529934,Paso Morelos,
8581974,3521300,Pololcingo,
8581974,3519358,San Francisco Ozomatlán,
8581974,3821537,San Miguel de las Palmas,
8581974,3515346,Tlaxmalac,
8581974,3821572,Tulimán,
8581975,3530563,Coacoyula de Álvarez,
8581975,8859111,Fermín Rabadán Cervantes,
8581975,3526798,Iguala de la Independencia,
8581975,3523295,Metlapa,
8581975,3761745,Santa Teresa,
8581975,3515016,Tuxpan,
8581975,3821533,Zacacoyuca,
8581976,3531268,Chacalapa,
8581976,3526797,Igualapa,
8581977,3526730,Ixcateopan de Cuauhtémoc,
8581977,3522215,San Martín Pachivia (Pachivia),
8581978,4017384,Barrio Nuevo,
8581978,8858960,Colonia Aeropuerto,
8581978,4010311,El Coacoyul,
8581978,4004294,Ixtapa,
8581978,3979673,Ixtapa-Zihuatanejo,
8581978,8859554,Los Achotes,
8581978,4026975,Los Almendros,
8581978,4026952,Pantla,
8581978,4026954,San José Ixtapa (Barrio Viejo),
8581978,8859782,San Miguelito,
8581978,8858726,Vallecitos de Zaragoza,
8581978,8859041,Villa Hermosa (Las Pozas),
8581979,3821917,El Terrero,
8581979,3821769,La Palma,
8581979,3515643,Tierra Colorada,
8581980,3530955,Chichihualco,
8581980,3514246,Yextla,
8581981,3821948,Colombia de Guadalupe,
8581981,8858763,Cuatzoquitengo,
8581981,8859108,El Potrerillo (Potrerillo del Rincón),
8581981,8858566,El Rincón (Santa Cruz del Rincón),
8581981,3822084,El Tejocote,
8581981,3523683,Malinaltepec,
8581981,8859930,Moyotepec (Moyotepec de Juárez),
8581981,3822099,Paraje Montero (Paraje Montero de Zaragoza),
8581982,3532813,Apango,
8581982,8858958,Hueyitlalpan,
8581982,3525837,La Esperanza,
8581982,9172513,San Juan Totolcintla,
8581982,3821834,Zotoltitlán,
8581983,3523292,Metlatónoc,
8581983,3822109,San Pablo Atzompa,
8581984,3523113,Mochitlán,
8581984,3821879,San Martín,
8581985,3522364,Olinalá,
8581985,8858931,San Antonio Coyahuacán,
8581985,3822033,Zumpango,
8581986,3533458,Acatepec,
8581986,3531872,Cochoapa,
8581986,8859453,Cumbre de Barranca Honda,
8581986,3526896,Huixtepec,
8581986,3525702,La Guadalupe,
8581986,3522343,Ometepec,
8581986,3517343,Santa María,
8581986,3514144,Zacoalpan,
8581987,3526733,Ixcapuzalco,
8581988,4027358,Coyuquilla Norte,
8581988,3993612,Palos Blancos,
8581988,3992842,Petatlán,
8581988,3986600,San Jeronimito,
8581989,8859626,La Concepción (La Concha),
8581989,3817354,Pilcaya,
8581990,4013727,Ciudad Altamirano,
8581990,8859027,Querendas,
8581990,3984651,Santa Bárbara,
8581990,8859240,Sinahua,
8581990,3982544,Tanganhuato,
8581991,3530393,Colotlipa,
8581991,3520922,Quechultenango,
8581991,8859873,Tonalapa,
8581991,8859234,Xochitepec,
8581992,3822149,Buena Vista,
8581992,3821955,Horcasitas,
8581992,8859016,Jolotichán,
8581992,8859441,Pascala del Oro,
8581992,3822147,Pueblo Hidalgo,
8581992,3821952,Tlaxcalixtlahuaca,
8581992,3514219,Yoloxóchitl,
8581993,3821765,El Cortés,
8581993,3821783,Las Cruces,
8581993,3524733,Las Mesas,
8581993,3821997,Las Vigas,
8581993,3821741,Llano de la Puerta,
8581993,3821782,Llano Grande,
8581993,8859651,Rancho Viejo,
8581993,3518461,San Marcos,
8581994,4027265,El Terrero,
8581994,3985303,San Miguel Totolapan,
8581994,4027264,Valle Luz,
8581994,8859341,Villa Hidalgo (El Cubo),
8581995,3533473,Acamixtla,
8581995,3533381,Acuitlapán,
8581995,3532546,Axixintla,
8581995,3531885,Cacalotenango,
8581995,8858912,Paintla,
8581995,3821494,San Juan de Dios (Naranjas de Dios),
8581995,3516225,Taxco de Alarcón,
8581995,3516224,Taxco el Viejo,
8581995,3516184,Tecalpulco,
8581995,8858592,Tehuilotepec,
8581995,3515410,Tlamacazapa,
8581996,3821968,Buenavista de Allende,
8581996,3530396,Colotepec,
8581996,3821967,Cruz Quemada,
8581996,8858855,El Limón,
8581996,3821971,El Pericón,
8581996,3821972,Huamuchapa,
8581996,3821941,Lagunillas,
8581996,3821969,Las Ánimas,
8581996,3821970,Los Saucitos,
8581996,3821784,Ocotlán,
8581996,3821773,Pochotillo,
8581996,3821940,San Francisco,
8581996,9618707,Tecoanapa,
8581996,8859231,Villa Hermosa,
8581996,3821939,Xalpatláhuac,
8581997,8858201,El Súchil,
8581997,3994561,Nuxco,
8581997,3993475,Papanoa,
8581997,4027374,San Luis de La Loma,
8581997,4027456,San Luis San Pedro,
8581997,3982170,Técpan de Galeana,
8581997,3982049,Tenexpa,
8581997,4027482,Tetitlán,
8581997,8859177,Villa Rotaria,
8581998,3533461,Acatempan,
8581998,3530528,Coatepec Costales,
8581998,8859011,Colonia el Pedregal,
8581998,3516749,Los Sauces,
8581998,3522294,Oxtotitlán,
8581998,3821441,Tehuixtla,
8581998,3516060,Teloloapan,
8581999,3533148,Ahuehuepan,
8581999,3821566,Maxela,
8581999,3523431,Mayanalán,
8581999,3519975,San Agustín Oapan,
8581999,3518336,San Miguel Tecuiciapan,
8581999,3522169,San Vicente Palapa,
8581999,3821554,Tecuexcontitlán (Tecoescontitlán),
8581999,3515900,Tepecoacuilco de Trujano,
8581999,3821521,Tierra Colorada,
8581999,3515273,Tonalapa del Sur,
8581999,3514599,Xalitla,
8582000,3530750,Chontalcoatlán,
8582000,3821490,San Gregorio,
8582000,3515746,Tetipac,
8582001,8858720,Acatempa,
8582001,3533042,Almolonga,
8582001,3532597,Atliaca,
8582001,3821859,El Durazno,
8582001,3515510,Tixtla de Guerrero,
8582001,8859191,Zoquiapa,
8582002,3526517,Jicayán de Tovar,
8582002,3822140,Rancho Viejo (Rancho Nuevo de la Democracia),
8582002,3519561,San Cristóbal,
8582002,8859398,San Pedro Cuitlapan,
8582002,3800799,Santa Cruz Yucucani,
8582002,3515490,Tlacoachistlahuaca,
8582003,8859076,Tlacoapa,
8582003,3515191,Totomixtlahuaca,
8582004,3981466,Tlalchapa,
8582004,4027124,Villa Madero,
8582005,8859383,La Luz de Juárez,
8582005,3822062,Santa Cruz,
8582005,3515441,Tlalixtaquilla,
8582006,3533160,Ahuatepec Pueblo,
8582006,8858877,Atlamajac,
8582006,8859438,Atlamajalcingo del Río,
8582006,3532511,Ayotzinapa,
8582006,3822069,Chiepetepec,
8582006,3822055,Coachimalco,
8582006,8859514,Colonia Constitución,
8582006,3532540,San Miguel Axoxuca,
8582006,3515384,Tlapa de Comonfort,
8582006,3822058,Tlatzala,
8582006,3822072,Tototepec,
8582006,3822073,Xalatzala,
8582007,4027145,Morelita,
8582007,8859167,Nuevo Guerrero,
8582007,4027144,San Antonio de las Huertas,
8582007,4027138,San José Poliutla,
8582007,3981462,Tlapehuala,
8582008,4009054,El Naranjito,
8582008,3998919,La Unión,
8582008,4002071,Lagunillas,
8582008,3992846,Petacalco,
8582008,3979826,Zacatula,
8582009,3531854,Cahuatache,
8582009,3514592,Xalpatláhuac,
8582010,3514454,Xochihuehuetlán,
8582011,8859319,Colonia Renacimiento,
8582011,3822156,El Carmen,
8582011,8858604,Guadalupe Victoria,
8582011,8859303,La Soledad,
8582011,8859705,Los Liros,
8582011,3514440,Xochistlahuaca,
8582012,8859491,Escalerilla Lagunas,
8582012,8858894,Zapotitlán Tablas,
8582013,4018333,Aratichanguio,
8582013,4026864,Guayameo,
8582013,3979647,Zirándaro de los Chávez,
8582014,8858412,Pochahuizco,
8582014,8859433,Rancho de las Lomas,
8582014,8859044,Tlaltempanapa,
8582014,3821841,Topiltepec,
8582014,3821836,Yetlancingo,
8582014,3514021,Zitlala,
8582015,3821623,Axaxacualco,
8582015,3821601,Carrizalillo,
8582015,3526877,Huitziltepec,
8582015,3523260,Mezcala,
8582015,8859344,Tlanipatla,
8582015,3514444,Xochipala,
8582015,3513967,Zumpango del Río,
8582016,8858634,Acatepec,
8582017,3822105,Cochoapa el Grande,
8582017,8859348,San Rafael,
8582018,3526931,Hueycantenango,
8582018,8859197,Ixcatla,
8582019,3822193,Agua Zarca,
8582019,3822192,Juchitán,
8582020,3526792,Iliatenco,
8582021,3533445,Acatlán,
8582021,8859325,Almoloya,
8582021,8858852,Colonia 28 de Mayo (Santa Rosa),
8582021,8859354,Metepec Primero,
8582022,3533432,Acaxochitlán,
8582022,8858721,Chimalapa,
8582022,3814314,La Bóveda,
8582022,3523905,Los Reyes,
8582022,8859000,San Francisco Atotonilco,
8582022,3518396,San Mateo,
8582022,3518081,San Pedro Tlachichilco,
8582022,3514986,Santa Ana Tzacuala,
8582022,3515876,Tepepa,
8582022,8859924,Tlacpac,
8582022,3514187,Zacacuautla,
8582023,3533389,Actopan,
8582023,3531001,Chicavasco,
8582023,3813949,Dajiedhi,
8582023,8858483,El Boxtha,
8582023,9086057,El Daxtha,
8582023,8858466,El Huaxtho,
8582023,3525805,La Estancia,
8582024,3533330,Agua Blanca de Iturbide,
8582025,3761012,Ajacuba,
8582025,3761009,San Nicolás Tecomatlán,
8582025,3516915,Santiago Tezontlale,
8582025,3814162,Vicente Guerrero,
8582026,3533071,Alfajayucan,
8582026,8859687,Santa María Xigui,
8582026,3513978,Zozea,
8582027,3533036,Almoloya,
8582028,3532815,Apan,
8582028,3814404,Chimalpa Tlalayote,
8582028,3525540,La Laguna,
8582028,3524417,Lázaro Cárdenas,
8582028,3513980,Zotoluca,
8582029,3529437,El Arenal,
8582029,3814175,El Jiadi,
8582029,3813947,El Rincón,
8582029,8859796,La Sala (La Caliente),
8582030,3532627,Atitalaquia,
8582030,3814144,Cardonal,
8582030,8858416,Tezoquipa,
8582030,3814145,Tlalminulpa,
8582030,8858392,Tlamaco (San Gerónimo Tlamaco),
8582030,8858681,Unidad Habitacional Antonio Osorio de León (Bojay),
8582031,3532607,Atlapexco,
8582031,3813425,Pahactla,
8582031,3813428,Tecacahuaco,
8582032,3532577,Atotonilco el Grande,
8582032,8859086,La Estancia,
8582032,3813923,Los Sabinos,
8582032,3532948,Santa María Amajac,
8582032,3515572,Tiltepec,
8582033,3532576,Atotonilco de Tula,
8582033,3530303,Conejos,
8582033,3520398,El Refugio,
8582033,3814475,La Cañada,
8582033,3814141,Ocampo,
8582033,8859616,Paseos de la Pradera,
8582033,8859777,Praderas del Potrero,
8582033,8858564,Progreso,
8582033,8859849,Zacamulpa,
8582034,3531789,Calnali,
8582034,3521919,Papatlatla,
8582034,8859336,San Andrés (San Andrés Chichayotla),
8582035,3531570,Cardonal,
8582035,3813727,El Bingú,
8582035,3521157,Pozuelos,
8582036,8858498,Almoloya,
8582036,3529989,Cuautepec,
8582036,3814300,El Capulín,
8582036,3814306,El Tepeyac,
8582036,3814302,Guadalupe Victoria,
8582036,8859252,San Juan Hueyapan,
8582036,3814325,San Lorenzo Sayula,
8582036,3814324,Santa Elena Paliseca,
8582036,3522793,Santa María Nativitas,
8582036,8858811,Texcaltepec,
8582037,3531139,Chapantongo,
8582037,3814101,San Bartolo Ozocalpan,
8582037,3532900,Santa María Amealco,
8582038,3531118,Chapulhuacán,
8582038,3517739,Santa Ana de Allende,
8582039,3530880,Chilcuautla,
8582039,3525804,La Estancia,
8582039,3813984,Santa Ana Batha,
8582039,3515720,Texcatepec,
8582039,3515027,Tunititlán,
8582040,3528567,Eloxochitlán,
8582040,3813774,Hualula,
8582041,3527876,Emiliano Zapata,
8582041,8859370,José María Morelos (San José),
8582041,3814411,Santa Bárbara,
8582041,8859001,Santa Clara,
8582042,3527806,Epazoyucan,
8582042,3518609,San Juan Tizahuapan,
8582042,3517160,Santa Mónica,
8582042,8859522,Xolostitla de Morelos (Xolostitla),
8582043,3813981,Dengantzha,
8582043,3814172,El Rosario,
8582043,3528728,Lázaro Cárdenas,
8582043,8859843,San José Boxay,
8582043,3518617,San Juan Tepa,
8582043,3515909,Tepatepec,
8582044,3527004,Huasca de Ocampo,
8582044,3814254,Río Seco Puente de Doria,
8582044,3814233,San José Ocotillos,
8582044,3515345,Tlaxocoyucan,
8582045,3813423,Acatepec,
8582045,3526989,Huautla,
8582046,3813291,Chiatipán,
8582046,3813355,San Francisco,
8582047,3813844,Barrio Aztlán,
8582047,3526960,Huehuetla,
8582047,3519819,San Antonio el Grande,
8582047,3519461,San Esteban,
8582047,3519222,San Gregorio,
8582047,3533413,San Lorenzo Achiotepec,
8582047,3813847,Santa Úrsula,
8582048,3813344,Acuapa,
8582048,3813363,Chalahuiyapa,
8582048,8722488,Chililico,
8582048,3530560,Coacuilco,
8582048,3813313,Cuapaxtitla,
8582048,3528458,El Pintor,
8582048,3526952,Huejutla de Reyes,
8582048,3526722,Ixcatlán,
8582048,8722379,Machetla,
8582048,3522199,Pahuatlán,
8582048,8858882,Parque de Poblamiento Solidaridad,
8582048,3813359,Santa Catarina,
8582048,3517572,Santa Cruz,
8582048,3516103,Tehuetlán,
8582048,3813343,Tepexititla,
8582048,3813351,Xiquila,
8582049,3532158,Bondojito,
8582049,3529855,Dantzibojay,
8582049,3526923,Huichapan,
8582049,3526459,Jonacapa,
8582049,3814051,La Sabinita,
8582049,8858650,Llano Largo,
8582049,3523651,Mamithí,
8582049,3518902,San José Atlán,
8582049,3814073,Tlaxcalilla,
8582049,3814061,Zothé,
8582050,3813988,Bangandhó,
8582050,8859609,Cantinela,
8582050,3813991,Dios Padre,
8582050,8859592,El Barrido,
8582050,3813989,El Nith,
8582050,3813992,El Tephé,
8582050,3526708,Ixmiquilpan,
8582050,3813976,Julián Villagrán,
8582050,3523735,Maguey Blanco,
8582050,3522303,Orizabita,
8582050,3521967,Panales,
8582050,3813990,Pueblo Nuevo,
8582050,3813987,Taxadho,
8582051,3526646,Jacala,
8582052,3526591,Jaltocán,
8582053,3526371,Juárez Hidalgo,
8582054,3526667,Ixtlahuaco,
8582054,3524275,Lolotla,
8582055,8859133,Estación de Apulco,
8582055,3523301,Metepec,
8582056,3531525,Carpinteros,
8582056,3523288,Mezquititlán,
8582057,3527599,Fontezuelas,
8582057,3523287,Metztitlán,
8582058,3814193,Benito Juárez,
8582058,3814226,Carboneras,
8582058,3527692,La Estanzuela,
8582058,3523181,Mineral del Chico,
8582059,3523180,Mineral del Monte,
8582060,3525381,La Misión,
8582061,3814155,Cañada,
8582061,8858663,Colonia Morelos (El Nueve),
8582061,3814156,Colonia Teñhe,
8582061,8859573,Jagüey Blanco,Jagueey Blanco
8582061,3523127,Mixquiahuala de Juárez,
8582061,3522928,Motobatha,
8582061,3814158,Palmillas,
8582061,3515889,Tepeitic,
8582062,3523078,Molango de Escamilla,
8582063,3522736,Nicolás Flores,
8582064,3528854,El Jagüey,El Jagueey
8582064,3522658,Nopala de Villagrán,
8582064,3517800,San Sebastián Tenochtitlán,
8582065,3522335,Omitlán de Juárez,
8582065,8859244,San Antonio el Paso,
8582066,3533195,Ahuatitla,
8582066,3813281,Huitzitzilingo,
8582066,3524646,Las Piedras,
8582066,3522302,San Felipe Orizatlán,
8582066,3516417,Talol,
8582067,3814224,Camelia (Barrio la Camelia),
8582067,3814208,El Huixmí,
8582067,3522210,Pachuca de Soto,
8582067,3531346,San Miguel Cerezo (El Cerezo),
8582067,3516914,Santiago Tlapacoya,
8582068,3521412,Pisaflores,
8582069,8859879,El Moreno (San Miguel Moreno),
8582069,3521103,Progreso de Obregón,
8582069,3814002,Xochitlán,
8582070,8858223,Campestre Villas del Álamo,
8582070,3814221,Carboneras,
8582070,8858678,Cipreses,
8582070,8858273,Colinas de Plata,
8582070,8858845,Colonia Militar,
8582070,8859737,El Roble,
8582070,8858439,El Saucillo,
8582070,8858340,El Saucillo (Fraccionamiento),
8582070,3530433,El Venado,
8582070,8858347,Forjadores de Pachuca,
8582070,8858746,Guadalupe Minerva,
8582070,8858433,La Colonia,
8582070,8858117,La Providencia Siglo XXI,
8582070,8858266,Los Tuzos,
8582070,8858654,Magisterio Digno,
8582070,8858477,Manuel Ávila Camacho,
8582070,3814220,Nuevo Centro de Población Agrícola el Chacón,
8582070,3522208,Pachuquilla,
8582070,8858372,PRI Chacón,
8582070,8859372,Privada del Álamo,
8582070,8858476,Rinconada de los Ángeles,
8582070,8859910,Rinconadas de San Francisco,
8582070,8859764,Rinconadas del Venado I,
8582070,8859136,Rio de la Soledad,
8582070,8859586,San Cristóbal Chacón,
8582070,3814216,Santa María la Calera,
8582070,8858821,Santiago Jaltepec,
8582070,8858628,Tulipanes,
8582070,8858244,Unidad Minera 11 de Julio,
8582071,3526742,Ixcuinquitlapilco,
8582071,8859936,Oriental de Zapata,
8582071,3519972,San Agustín Tlaxiaca,
8582071,3518623,San Juan Solís,
8582071,3515581,San Juan Tilcuautla,
8582072,3519949,San Andrés,
8582072,3519631,San Bartolo Tutotepec,
8582073,3813959,Caxuxi,
8582073,8859142,Déxtho de Victoria,
8582073,8859754,El Colorado,
8582073,8859790,El Olvera,
8582073,3525644,Lagunilla,
8582073,3519678,San Antonio Zaragoza,
8582073,3517836,San Salvador,
8582073,3517291,Santa María Amajac,
8582073,3813977,Teofani,
8582074,8859296,Cerritos,
8582074,3813966,Patria Nueva,
8582074,3516957,Santiago de Anaya,
8582074,3514222,Yolotepec,
8582075,8858709,Colonia Felipe Ángeles,
8582075,3523896,Los Romeros,
8582075,3521738,Paxtepec,
8582075,3516982,Santiago Tulantepec,
8582075,8858381,Unidades Habitacionales,
8582075,8859580,Ventoquipa,
8582076,3814270,El Susto,
8582076,3516642,Singuilucan,
8582077,3531780,Caltimacán,
8582077,3521263,Portezuelo,
8582077,3516236,Tasquillo,
8582078,3813632,Bomanxotha,
8582078,3813634,Gandho,
8582078,3813631,La Esquina,
8582078,3523315,La Mesilla,
8582078,8858655,Pañhé,
8582078,3519816,San Antonio,
8582078,3519340,San Francisco,
8582078,3519030,San Joaquín,
8582078,3516127,Tecozautla,
8582079,3518203,San Nicolás,
8582079,3813851,San Pablo el Grande,
8582079,3517159,Santa Mónica,
8582079,3515992,Tenango de Doria,
8582080,3530587,Fray Bernardino de Sahagún,
8582080,3814415,Irolo,
8582080,3814420,Los Cides,
8582080,3515902,Tepeapulco,
8582081,3813509,Acoxcatlán,
8582081,3533396,Acoyotla,
8582081,3530016,Cuatolol,
8582081,3813256,Cuazáhuatl,
8582081,3813254,La Reforma,
8582081,3813255,San Juan Ahuehueco,
8582081,3515897,Tepehuacán de Guerrero,
8582081,3515721,Texcapa,
8582081,3813261,Zacualtipanito,
8582082,3827530,Cañada de Madero,
8582082,3827525,Cantera de Villagrán,
8582082,3528165,Melchor Ocampo,
8582082,3827512,Ojo de Agua,
8582082,3519599,San Buenaventura,
8582082,3827521,San Ignacio Nopala,
8582082,3814481,San Ildefonso,
8582082,3814488,Santa Ana Atzcapotzaltongo,
8582082,3827531,Santa María Magdalena,
8582082,3517218,Santa María Quelites,
8582082,3516984,Santiago Tlaltepoxco,
8582082,3827522,Santiago Tlapanaloya,
8582082,3515360,Santiago Tlautla,
8582082,3515887,Tepeji del Río de Ocampo,
8582082,8858284,Tianguistengo (La Romera),
8582082,3814496,Tinajas,
8582083,3814120,General Pedro María Anaya,
8582083,8859760,José María Pino Suárez,
8582083,3525461,La Loma,
8582083,3517261,Pino Suárez,
8582083,3515867,Tepetitlán,
8582084,3515751,Tetepango,
8582085,3814460,Benito Juárez,
8582085,8859429,Colonia Guadalupe,
8582085,8859330,Colonia Morelos,
8582085,3515691,Tezontepec,
8582086,3532634,Atengo,
8582086,8859297,Colonia San Juan,
8582086,3814127,Huitel,
8582086,3814129,La Cruz,
8582086,3814126,Mangas,
8582086,8858291,Panuaya,
8582086,3814128,Presas,
8582086,3519237,San Gabriel,
8582086,3814125,San Juan Achichilco,
8582086,3814124,Santa María Batha,
8582086,3533425,Santiago Acayutlán,
8582086,3814123,Tenango,
8582086,3515690,Tezontepec de Aldama,
8582087,3515678,Tianguistengo,
8582088,3814151,Munitepec de Madero,
8582088,3515459,Tlahuelilpan,
8582089,13418553,Tlahuiltepa,
8582090,3814422,San Isidro,
8582090,3515399,Tlanalapa,
8582091,3533488,Acahuasco,
8582091,3530979,Chichatla,
8582091,3526936,Hueyapa,
8582091,3526890,Huitepec,
8582091,3526605,Jalpa,
8582091,3813283,Pueblo Hidalgo,
8582091,8722345,San José,
8582091,3516054,Temango,
8582091,3515397,Tlanchinol,
8582092,3529689,Doxey,
8582092,3814150,Teltipán de Juárez,
8582092,9091728,Teocalco,
8582092,3515351,Tlaxcoapan,
8582093,8858334,General Felipe Ángeles (Los Ángeles),
8582093,3515321,Tolcayuca,
8582093,3814466,Vicente Guerrero (San Javier),
8582094,3814140,Bomintzha,
8582094,8859269,Colonia Sesenta y Dos,
8582094,3528788,El Llano,
8582094,3814139,Ignacio Zaragoza,
8582094,8859179,La Amistad,
8582094,3523230,Michimaloya,
8582094,8859037,Monte Alegre,
8582094,3814117,Nantzha,
8582094,8859693,Residencial Arboledas,
8582094,3519952,San Andrés,
8582094,3518454,San Marcos,
8582094,3827537,San Miguel Vindho,
8582094,3517744,Santa Ana Ahuehuepan,
8582094,3814482,Santa María Ilucan,
8582094,3517237,Santa María Macua,
8582094,3515064,Tula de Allende,
8582094,3814118,Xiteje de Zapata,
8582095,3814276,Ahuehuetitla,
8582095,3814274,El Pedregal de San José,
8582095,8859899,Fraccionamiento Carlos Salinas de Gortari,
8582095,8859281,Fraccionamiento del Magisterio Tulancinguense,
8582095,3526598,Jaltepec,
8582095,8858225,Javier Rojo Gómez,
8582095,3525530,La Lagunilla,
8582095,8858227,Parque Urbano Napateco,
8582095,8858436,Rincones de la Hacienda,
8582095,3518180,San Nicolás el Chico,
8582095,3517735,Santa Ana Hueytlalpan,
8582095,3814290,Santa María Asunción,
8582095,3515062,Tulancingo,
8582096,3813408,Ohuatipa,
8582096,3522216,Pachiquitla,
8582096,3514462,Xochiatipan,
8582097,3813490,Texcaco,
8582097,3514459,Xochicoatlán,
8582098,3523398,Mecatlán,
8582098,8859459,Oxeloco,
8582098,3517007,Santa Teresa,
8582098,3813438,Tepetitla,
8582098,3813439,Tlalchiyahualica,
8582098,3514395,Xoxolpa,
8582098,3514351,Yahualica,
8582098,3813433,Zoquitipán,
8582099,3515458,Tlahuelompa (San Francisco Tlahuelompa),
8582099,3514134,Zacualtipán,
8582100,3533428,Acayuca,
8582100,3514060,Zapotlán de Juárez,
8582101,8858807,El Mirador,
8582101,8858395,Jagüey de Téllez (Estación Téllez),Jagueey de Tellez (Estacion Tellez)
8582101,3814454,La Trinidad,
8582101,8858658,Lindavista,
8582101,3519971,San Agustín Zapotlán,
8582101,3527526,San Gabriel Azteca,
8582101,3515374,San Pedro Tlaquilpan,
8582101,3515840,Santiago Tepeyahualco,
8582101,3516824,Santo Tomás,
8582101,3514043,Zempoala,
8582102,3813666,Álvaro Obregón,
8582102,3813689,Francisco I. Madero,
8582102,3524416,Lázaro Cárdenas,
8582102,3514031,Zimapán,
8582103,4019807,Acatic,
8582103,4008078,El Refugio,
8582103,8859020,Tierras Coloradas,
8582104,4019790,Acatlán de Juárez,
8582104,4017199,Bellavista,
8582104,4008535,El Plan,
8582104,3971782,Tenayuca,
8582104,8859070,Villa de los Niños,
8582105,4019082,Ahualulco de Mercado,
8582105,4010680,El Carmen,
8582105,3992194,Portes Gil,
8582105,3984447,Santa Cruz de Bárcenas,
8582106,4018636,Amacueca,
8582106,3981983,Tepec,
8582107,4018597,Amatitán,
8582107,3983619,Santiaguito,
8582108,4018582,Ameca,
8582108,4010867,El Cabezón,
8582108,3997283,Los Pocitos,
8582108,3991274,San Antonio Puerta de la Vega,
8582109,4018435,Antonio Escobedo,
8582109,4018436,San Juanito de Escobedo,
8582110,4018348,Arandas,
8582110,3984072,Santa María del Valle,
8582110,3983616,Santiaguito (Santiaguito de Velázquez),
8582111,4011119,El Arenal,
8582111,4004651,Huaxtla,
8582111,3984440,Santa Cruz del Astillero,
8582112,4018043,Atemajac de Brizuela,
8582112,4014178,Chiquilistlán,
8582113,4018038,Atengo,
8582113,3982792,Soyatlán del Oro,
8582114,4018033,Atenguillo,
8582114,4007684,El Salto,
8582115,4017992,Atotonilco el Alto,
8582115,4009063,El Nacimiento,
8582115,3996587,Margaritas,
8582115,3995914,Milpillas,
8582115,8859670,Ojo de Agua de Morán,
8582115,3987682,San Antonio de Fernández,
8582115,8858256,San Francisco de Asís,
8582115,8858337,Vistas del Maguey [Fraccionamiento],
8582116,4017987,Atoyac,
8582117,4017957,Autlán de Navarro,
8582117,4010455,El Chante,
8582117,4012896,El Corcovado,
8582117,4009286,El Mentidero,
8582118,4017936,Ayotlán,
8582118,4017125,Betania,
8582118,4002817,La Concepción,
8582118,4001907,La Isla,
8582118,4000432,La Ribera,
8582118,3984027,Santa Rita,
8582119,4010682,El Carmen,
8582119,4009369,El Loreto Occidental,
8582119,4005399,Guadalupe de Lerma,
8582119,4003526,La Barca,
8582119,4000880,La Paz de Ordaz,
8582119,3986181,Moras,
8582119,3992191,Portezuelo,
8582119,3987896,San Antonio de Rivas,
8582119,3987138,San Francisco de Rivas,
8582119,3986258,San José Casas Caídas,
8582119,3980191,Villa de García Márquez,
8582119,3988210,Zalamea,
8582120,4007102,El Tuito,
8582121,4015040,La Resolana,
8582121,3998473,Lo Arado,
8582121,3992660,Piedra Pesada,
8582121,3982208,Tecomates,
8582122,4003520,Barra de Navidad,
8582122,3976999,Cihuatlán,
8582122,8858819,Emiliano Zapata (El Ranchito),
8582122,4004132,Jaluco,
8582122,3985168,San Patricio,
8582123,4013714,Ciudad Guzmán,
8582123,8859724,Ciudad Guzmán [CERESO],
8582124,4013579,Cocula,
8582124,4000238,La Sauceda,
8582125,4013136,Colotlán,
8582125,8859611,Las Golondrinas [Fraccionamiento],
8582126,4013045,Concepción de Buenos Aires,
8582127,4014645,Chacala,
8582127,4012402,Cuautitlán,
8582127,3982114,Telcruz,
8582127,3981888,Tequesquitlán,
8582128,4012400,Cuautla,
8582129,4012121,Cuquío,
8582129,8859214,Lázaro Cárdenas,
8582129,3986954,San Gabriel,
8582130,4019054,Ajijic,
8582130,4017990,Atotonilquillo,
8582130,4014553,Chapala,
8582130,3985247,San Nicolás de Ibarra,
8582130,3984441,Santa Cruz de la Soledad,
8582132,4014179,Chiquilistlán,
8582133,4012045,Degollado,
8582133,4004656,Huáscato,
8582134,4011399,Ejutla,
8582135,3977203,Bajío de San José,
8582135,3977202,El Tecuán,
8582135,4006783,Encarnación de Díaz,
8582135,3977187,Mesón de los Sauces,
8582135,3984086,Santa María de Enmedio,
8582135,3977102,Santa María Transpontina,
8582136,4006380,Etzatlán,
8582136,3994517,Oconahua,
8582136,3983814,Santa Rosalía,
8582137,4009697,El Grullo,
8582138,4005548,Guachinango,
8582140,4005539,Guadalajara,
8582141,4004738,Hostotipaquillo,
8582142,4004618,Huejúcar,
8582143,4004616,Huejuquilla el Alto,
8582144,4006822,Emiliano Zapata,
8582144,4001947,La Huerta,
8582144,4001463,La Manzanilla,
8582145,4018027,Atequiza,
8582145,4016702,Buenavista,
8582145,4007844,El Rodeo,
8582145,4004275,Ixtlahuacán de los Membrillos,
8582145,4014894,Los Cedros,
8582145,8858191,Los Olivos,
8582145,8858560,Rinconada la Loma [Fraccionamiento],
8582145,3983936,Santa Rosa,
8582145,8859090,Valle de los Girasoles [Fraccionamiento],
8582146,4004274,Ixtlahuacán del Río,
8582146,3993619,Palos Altos,
8582146,3987655,San Antonio de los Vázquez,
8582146,3981125,Trejos,
8582147,4004153,Jalostotitlán,
8582148,4004126,Jamay,
8582148,3988026,San Agustín,
8582148,3985337,San Miguel de la Paz,
8582149,4003944,Jilotlán de los Dolores,
8582149,8859809,Los Olivos,
8582149,3982289,Tazumbos,
8582150,4009155,El Molino,
8582150,4004624,Huejotitán,
8582150,4003908,Jocotepec,
8582150,3992126,Potrerillos,
8582150,3987364,San Cristóbal Zapotitlán,
8582150,3985913,San Juan Cosalá,
8582150,3985005,San Pedro Tesistán,
8582150,3979725,Zapotitán de Hidalgo,
8582151,4003810,Juanacatlán,
8582152,4003737,Juchitlán,
8582153,3977205,Betulia,
8582153,8858359,Cristeros [Fraccionamiento],
8582153,3977078,Dieciocho de Marzo,
8582153,8859944,El Bajío (La Laguna),
8582153,8859587,El Ojuelo,
8582153,4008255,El Puesto,
8582153,8859394,Francisco Primo de Verdad (Ciénega de Mata),
8582153,8858869,Geovillas Laureles del Campanario,
8582153,8859313,Granadillas (La Colonia),
8582153,4002224,Lagos de Moreno,
8582153,3977179,Los Azulitos,
8582153,3977161,Paso de Cuarenta,
8582153,8859471,Primero de Mayo (Chupaderos),
8582153,3987379,San Cristóbal,
8582154,4009465,El Limón,
8582154,4003001,La Ciénega,
8582155,4000539,La Quemada,
8582155,3996910,Magdalena,
8582155,3987951,San Andrés,
8582156,3996679,Santa María del Oro,
8582157,4001460,La Manzanilla de la Paz,
8582158,3996472,Mascota,
8582159,3996336,Mazamitla,
8582160,3996047,Mexticacán,
8582161,3995973,Mezquitic,
8582161,8859279,San Andrés Cohamiata,
8582162,3995676,Mixtlán,
8582163,8859797,Joconoxtle (La Tuna),
8582163,3994489,Ocotlán,
8582163,3979593,San Martín de Zula,
8582163,3983489,San Vicente,
8582164,4014249,Chinampas,
8582164,3977171,Guadalupe Victoria,
8582164,3977177,La Paz,
8582164,4000706,La Presa,
8582164,3996423,Matancillas (San Isidro Matancillas),
8582164,3996411,Matanzas,
8582164,3994216,Ojuelos de Jalisco,
8582164,3977175,Vaquerías,
8582165,3992599,Pihuamo,
8582166,4012196,Cuitzeo (La Estancia),
8582166,8858657,El Romereño (INFONAVIT),
8582166,3996039,Mezcala,
8582166,3992212,Poncitlán,
8582166,3986638,San Jacinto,
8582166,3985799,San Juan Tecomatlán,
8582166,3985623,San Luis del Agua Caliente,
8582166,3985302,San Miguel Zapotitlán,
8582166,3985024,San Pedro Itzicán,
8582166,3984432,Santa Cruz el Grande,
8582167,8859283,Banus Vallarta (Verde Vallarta),
8582167,4010259,El Colorado,
8582167,4008213,El Ranchito,
8582167,4004293,Ixtapa,
8582167,3999735,Las Juntas,
8582167,3991328,Puerto Vallarta,
8582168,3991246,Purificación,
8582169,3991100,Quitupan,
8582169,3998701,San Diego,
8582170,8858984,El Muey,
8582170,4007682,El Salto,
8582170,8858167,Galaxia Bonito Jalisco,
8582170,8858766,Hacienda Vieja del Castillo (Castillo Viejo),
8582170,8858098,Las Pintitas,
8582170,3986165,San José del Castillo,
8582171,3987365,San Cristóbal de la Barranca,
8582172,3987310,San Diego de Alejandría,
8582173,8858376,Colonia Santa Cecilia (La Sauceda),
8582173,8858996,Mezquitic de la Magdalena,
8582173,3985865,San Juan de los Lagos,
8582174,8858992,Colonia Veintitrés de Mayo,
8582174,3985797,San Julián,
8582175,3985573,San Marcos,
8582176,4016934,San Martín de Bolaños,
8582177,4016699,Buenavista,
8582177,4012559,El Crucero de Santa María,
8582177,4007716,El Salitre,
8582177,3985504,San Martín Hidalgo,
8582177,3984445,Santa Cruz de las Flores,
8582177,3981138,Trapiche de Abra,
8582178,3977081,San José de los Reynoso,
8582178,3985323,San Miguel el Alto,
8582179,3987923,San Andrés Ixtlán,
8582179,4005780,San Sebastián del Sur,
8582180,3987205,San Felipe de Híjar,
8582180,3984804,San Sebastián del Oeste,
8582181,3984077,Santa María de los Ángeles,
8582182,3983216,Sayula,
8582182,3980756,Usmajac,
8582183,4019067,Ahuisculco,
8582183,4015006,Castro Urdiales,
8582183,4012209,Cuisillos,
8582183,4012083,Cuxpala,
8582183,4008080,El Refugio,
8582183,3995041,Las Navajas,
8582183,8858193,Los Ruiseñores,
8582183,3986643,San Isidro Mazatepec,
8582183,3985870,San Juan de los Arcos,
8582183,3982616,Tala,
8582184,3982589,Talpa de Allende,
8582185,4002285,La Garita,
8582185,3983492,San Vicente,
8582185,8859023,Soyatlán de Afuera,
8582185,3982567,Tamazula de Gordiano,
8582185,3980044,Vista Hermosa,
8582186,4018073,Atacco,
8582186,4003813,Juanacatlán,
8582186,3982461,Tapalpa,
8582187,3982269,Tecalitlán,
8582188,4017930,Ayotitlán,
8582188,3982566,Tamazulita,
8582188,3982217,Tecolotlán,
8582189,3982263,Techaluta de Montenegro,
8582190,3982065,Tenamaxtlán,
8582191,4017205,Belén del Refugio,
8582191,3995954,Mechoacanejo,
8582191,3982034,Teocaltiche,
8582192,4013733,Citala,
8582192,3982028,Teocuitatlán de Corona,
8582193,4015546,Capilla de Guadalupe,
8582193,3995913,Capilla de Milpillas,
8582193,3996037,Mezcala,
8582193,3993118,Pegueros,
8582193,3986228,San José de Gracia,
8582193,3981984,Tepatitlán de Morelos,
8582194,4007638,El Salvador,
8582194,3983765,Santa Teresa,
8582194,3981885,Tequila,
8582195,4006415,La Estanzuela,
8582195,3998874,La Vega,
8582195,3981727,Teuchitlán,
8582196,3981491,Tizapán el Alto,
8582196,3980185,Villa Emiliano Zapata,
8582197,8858701,Altus Bosques,
8582197,4016700,Buenavista,
8582197,4016272,Cajititlán,
8582197,4015514,Capulín,
8582197,8858620,Cima del Sol (Fraccionamiento Cima del Sol),
8582197,4013561,Cofradía,
8582197,8858236,Colinas del Roble,
8582197,4012319,Cuexcomatitlán,
8582197,8859730,El Cortijo,
8582197,8858245,Galaxia la Noria,
8582197,8858286,Hacienda los Fresnos,
8582197,8858085,Hacienda Santa Fe,
8582197,8858365,Jardines de San Sebastián,
8582197,8858813,Jardines del Edén,
8582197,8858169,La Alameda,
8582197,4003271,La Calera,
8582197,8858600,La Roca,
8582197,8858138,La Tijera,
8582197,3998907,La Unión del Cuatro,
8582197,8858139,Lomas de San Agustín,
8582197,8858108,Lomas del Sur,
8582197,8858274,Palomar,
8582197,8859694,Paseos del Valle [Fraccionamiento],
8582197,8858179,Rancho Alegre [Fraccionamiento],
8582197,8858129,Real del Valle (El Paraíso) [Fraccionamiento],
8582197,3985712,San Lucas Evangelista,
8582197,4012080,San Miguel Cuyutlán,
8582197,8859320,Santa Cruz de la Loma (Tepetates),
8582197,3984444,Santa Cruz de las Flores,
8582197,3984437,Santa Cruz del Valle,
8582197,3981467,Tlajomulco de Zúñiga,
8582197,8858161,Valle Dorado Inn,
8582197,8858144,Villas de la Hacienda [Fraccionamiento],
8582198,8858276,Paseo del Prado,
8582198,3984679,Santa Anita,
8582198,3981461,Tlaquepaque,
8582199,4012934,Copala,
8582199,3981407,Tolimán,
8582200,4015974,Campo Acosta,
8582200,4007092,El Tule,
8582200,4005946,Gargantillo,
8582200,4003867,José María Morelos,
8582200,8858536,José María Pino Suárez (Nuevo Nahuapa),
8582200,4002700,La Cruz de Loreto,
8582200,4007287,Tequesquite,
8582200,3981391,Tomatlán,
8582201,8858133,Centro de Readaptación Social,
8582201,8859467,Colonia Guadalupana,
8582201,4012605,Coyula,
8582201,4000597,La Punta,
8582201,8858599,Mismaloya (Fraccionamiento Pedregal de Santa Martha),
8582201,8858749,Paseo de las Cañadas,
8582201,8858496,Paseo Puente Viejo,
8582201,4003574,Puente Grande,
8582201,3981369,Tonalá,
8582202,3981365,Tonaya,
8582203,3985576,San Marcos,
8582203,3981362,Tonila,
8582204,8859153,Temastián (La Cantera),
8582204,3981175,Totatiche,
8582205,8859939,Nuevo Refugio de Afuera (Nuevo Refugio),
8582205,3981165,Tototlán,
8582206,3980849,Tuxcacuesco,
8582207,3985603,San Luis Soyatlán,
8582207,3980847,Tuxcueca,
8582208,4001999,La Higuera,
8582208,3980844,Tuxpan,
8582209,3987399,San Clemente,
8582209,3980798,Unión de Tula,
8582210,3980617,Valle de Guadalupe,
8582211,3980614,Valle de Juárez,
8582212,4018764,Alista,
8582212,4009524,El Jazmín,
8582212,4003925,Jiquilpan,
8582212,8859881,Las Primaveras [Invernadero],
8582212,3980391,San Gabriel,
8582213,4017991,Atotonilco el Bajo,
8582213,4006400,Estipac,
8582213,4003782,Juan Gil Preciado,
8582213,3980198,Villa Corona,
8582214,3980172,Villa Guerrero,
8582215,3981903,Tepusco,
8582215,3980169,Villa Hidalgo,
8582216,3980136,Cañadas de Obregón,
8582216,3979755,El Zapote,
8582217,3996757,Manalisco,
8582217,3979982,Yahualica de González Gallo,
8582218,8859659,Barranca de Otates (Barranca de Otatán),
8582218,4005874,General Andrés Figueroa,
8582218,3985574,San Marcos,
8582218,3979822,Zacoalco de Torres,
8582219,8858288,Campestre las Palomas [Fraccionamiento],
8582219,8858715,Campo Real,
8582219,8858896,La Cuchilla (Extramuros de Tesistán),
8582219,4000660,La Primavera,
8582219,3998858,La Venta del Astillero,
8582219,3994969,Nextipac,
8582219,3994604,Nuevo México,
8582219,8859443,Puerta del Llano,
8582219,8858342,San Esteban (San Miguel Tateposco),
8582219,8859122,San Isidro,
8582219,3979770,Zapopan,
8582219,6692163,Zapopan2,
8582220,4007913,El Rincón,
8582220,3979727,Zapotiltic,
8582221,3979723,Zapotitlán de Vadillo,
8582222,8858358,Barrio Cuarto (La Loma),
8582222,3827138,San Bartolo Morelos,
8582222,3817959,San Lorenzo Malacota,
8582222,3827145,San Marcos Tlazalpan,
8582222,3827157,San Sebastián Buenos Aires,
8582222,3827158,Santa Clara de Juárez,
8582222,3827122,Xhinte de Lagos,
8582223,8859595,Colonia el Pirame,
8582223,3827363,Colonia Juárez,
8582223,8859529,El Llano del Compromiso,
8582223,8858287,El Pedregal de Guadalupe Hidalgo,
8582223,8859589,Loma Bonita,
8582223,3522445,Ocoyoacac,
8582223,8859696,San Antonio el Llanito,
8582223,3533422,San Jerónimo Acazulco,
8582223,3827358,San Pedro Cholula,
8582224,3531196,Chalma,
8582224,3531193,Chalmita,
8582224,8859748,Colonia Doctor Gustavo Baz,
8582224,3522442,Ocuilan de Arteaga,
8582224,8859315,Plaza Nueva,
8582224,3827323,San Bartolo del Progreso,
8582224,8858940,Santa Ana,
8582224,3827318,Santa Lucía,
8582224,8858452,Santa Mónica,
8582225,4026664,Colonia Cuauhtémoc,
8582225,4008868,El Oro de Hidalgo,
8582225,4026649,San Nicolás el Oro,
8582225,4026654,Santa Rosa de Lima,
8582225,3983633,Santiago Oxtempan,
8582226,4026559,Otzoloapan,
8582227,8859019,Barrio de la Barranca,
8582227,8859039,Barrio de San Juan,
8582227,8858573,Ejido de Mozoquilpan,
8582227,3827233,La Concepción de Hidalgo,
8582227,3827234,La Huanica,
8582227,8858971,La Y,
8582227,3827235,San Agustín Mimbres,
8582227,3827231,San Mateo Capulhuac,
8582227,3827237,San Mateo Mozoquilpan,
8582227,3827428,Santa Ana Jilotzingo,
8582227,3523426,Santa Ana Mayorazgo,
8582227,3514683,Villa Cuauhtémoc,
8582228,3817834,Celayita,
8582228,3521297,Polotitlán de la Ilustración,
8582229,8859245,Colonia Emiliano Zapata,
8582229,3517217,Santa María Rayón,
8582230,8858180,Ex-Rancho San Dimas,
8582230,3519833,San Antonio la Isla,
8582231,3515868,Barrio Tepetitlán Emilio Portes Gil,
8582231,3826992,Calvario Buenavista,
8582231,4026682,Calvario del Carmen,
8582231,4026717,Dios Padre,
8582231,3826989,Dolores Hidalgo,
8582231,4026671,Dotegiare,
8582231,3826994,El Carmen Ocotepec,
8582231,8859444,El Obraje,
8582231,3827012,Emilio Portes Gil,
8582231,3826972,Fresno Nichi,
8582231,8858964,Guadalupe Coté,
8582231,8858922,La Cabecera Concepción,
8582231,8858764,Palmillas,
8582231,4009297,Purísima Concepción Mayorazgo,
8582231,4026670,Rincón de los Pirules,
8582231,3827000,San Agustín Mextepec,
8582231,3826980,San Antonio de las Huertas,
8582231,3519412,San Felipe del Progreso,
8582231,3826984,San Jerónimo Bonchete,
8582231,3826983,San Juan Cote Ejido,
8582231,3826998,San Juan Jalpa Centro,
8582231,3826993,San Lucas Ocotepec,
8582231,4026719,San Nicolás Guadalupe,
8582231,8859469,Santa Ana Nichi Ejido,
8582231,3826987,Santa Cruz Mextepec,
8582231,4026724,Tres Estrellas,
8582232,3532625,Atizapán,
8582232,3518387,San Mateo Atenco,
8582232,8858304,Santa María la Asunción,
8582233,3984772,San Simón de Guerrero,
8582234,3983506,Santo Tomás de los Plátanos,
8582235,3817904,San Agustín Buenavista,
8582235,3817893,San Juan Daxthi,
8582235,3516510,Soyaniquilpan,
8582236,3531604,Capula,
8582236,3817423,Santa Cruz,
8582236,3516480,Sultepec,
8582237,3998067,Bejucos,
8582237,8859765,Rincón de Aguirre,
8582237,4026402,Rincón de Jaimes,
8582237,8858904,San Andrés Ocotepec,
8582237,9521317,San Miguel Ixtapan,
8582237,3982121,Tejupilco de Hidalgo,
8582237,4026474,Tenería,
8582238,3533171,Ahuacatitlán Cuarto y Quinto Cuartel,
8582238,3817933,La Magdalena,
8582238,4026616,San Antonio Solís,
8582238,4026626,San Francisco Solis,
8582238,3827067,San Mateo el Viejo,
8582238,3517998,San Pedro el Alto,
8582238,4026634,Santa María Canchesdá,
8582238,4026635,Santiago Coachochitlan,
8582238,3516049,Temascalcingo,
8582239,8859622,La Albarrada (San Francisco la Albarrada),
8582239,3826851,San Andrés de los Gama,
8582239,3519260,San Francisco Oxtotilpan,
8582239,3985684,San Lucas del Pulque,
8582239,3515803,San Martín Tequesquipan (Tequesquipan),
8582239,3518388,San Mateo Almomoloha,
8582239,3518256,San Miguel Oxtotilpan,
8582239,4026531,San Pedro Tenayac,
8582239,3982098,Temascaltepec de González,
8582240,3827238,Ejido de Dolores,
8582240,3827219,Enthavi,
8582240,8858516,Fraccionamiento Rinconada del Valle,
8582240,8859053,La Cañada,
8582240,8859342,La Magdalena Tenexpan,
8582240,8858538,Llano de la Y,
8582240,8858296,Molino Abajo,
8582240,3827221,Pothé,
8582240,3827209,San José las Lomas,
8582240,3827239,San José Pathé,
8582240,3518538,San Lorenzo Oyamel,
8582240,3827229,San Pedro Abajo,
8582240,3518020,San Pedro Arriba,
8582240,8858851,San Pedro Arriba 3ra. Sección,
8582240,8858910,Solalpan 1ra. Sección,
8582240,3516030,Temoaya,
8582240,8859220,Tierra Blanca,
8582241,3817485,Acatzingo (Acatzingo de la Piedra),
8582241,3817532,Chalchihuapan,
8582241,8858563,Colonia Emiliano Zapata Ejido de Tenancingo,
8582241,8858626,Colonia San Ramón,
8582241,3817486,El Carmen (El Desierto del Carmen),
8582241,3817531,El Salitre,
8582241,8858458,La Ciénega,
8582241,8858327,La Trinidad,
8582241,8859230,Pueblo Nuevo,
8582241,8859738,Quetzalapa,
8582241,3827298,San Gabriel Zepayautla,
8582241,3817437,San José Chalmita,
8582241,8858272,San José el Cuartel,
8582241,8858585,San José Tenería (Tenería),
8582241,8858454,San Martín Coapaxtongo,
8582241,3761638,San Miguel Tecomatlán,
8582241,3817497,San Nicolás,
8582241,3517785,San Simonito,
8582241,3517763,Santa Ana Ixtlahuatzingo (Santa Ana),
8582241,3516006,Tenancingo de Degollado,
8582241,3817499,Tepalcatepec,
8582241,8858551,Tepetzingo,
8582241,3817534,Tepoxtepec,
8582241,8859413,Tierra Blanca,
8582241,3513969,Zumpahuacán,
8582242,8858959,Colonia Azteca,
8582242,8859270,El Coloso,
8582242,8859799,La Herradura,
8582242,8858832,Monte Calvario,
8582242,3532604,San Bartolomé Atlatlahuca,
8582242,3827285,San Francisco Putla,
8582242,3519251,San Francisco Tepexoxica,
8582242,3817579,San Francisco Tetetla,
8582242,3518286,San Miguel Balderas,
8582242,3517954,San Pedro Tlanixco,
8582242,3827299,San Pedro Zictepec,
8582242,3817581,Santa Cruz Pueblo Nuevo (Pueblo Nuevo),
8582242,3827304,Santa María Jajalpa,
8582242,3515993,Tenango de Arista,
8582243,3817523,San Agustín,
8582243,3516917,Texcaltitlán,
8582243,3817525,Texcapilla,
8582244,3515722,Texcalyacac,
8582245,8858842,Coamilpa de Juárez,
8582245,3518183,Coatepec,
8582245,8859152,La Magdalena de los Reyes (La Magdalena),
8582245,8859904,Pueblo Nuevo,
8582245,3827336,San Felipe el Mirasol,
8582245,8859900,San José Mezapa Sección I,
8582245,3827327,San Lorenzo Huehuetitlán,
8582245,3518364,San Mateo Texcalyacac,
8582245,3827278,San Pedro Tlaltizapan,
8582245,3515679,Santiago Tianguistenco de Galeana,
8582245,3827335,Santiago Tílapa,
8582245,3827326,Tlacomulco,
8582245,8859931,Tlaminca,
8582246,3827114,El Palmito,
8582246,3519909,San Andrés Timilpan,
8582246,3827083,Tercera Manzana de Zaragoza,
8582247,3516819,Atzingo,
8582247,3817622,San Antonio Tlaltecahuacán,
8582247,3761195,San Lorenzo Tlalmimilolpan,
8582247,3517917,San Rafael,
8582247,3515438,Tlalmanalco,
8582248,3987908,San Antonio del Rosario,
8582248,4026200,San Pedro Limón,
8582248,4026204,Santa Ana Zicatecoyan,
8582248,3981460,Tlatlaya,
8582249,8858209,Arenal,
8582249,8858465,Bosques de la Magdalena,
8582249,8858182,El Pino,
8582249,8858099,Emiliano Zapata,
8582249,8858243,Lomas de Altavista,
8582249,3523908,Los Reyes Acaquilpan,
8582249,8858157,Profesor Carlos Hank González,
8582249,8858095,San Isidro,
8582249,8858731,Techachaltitla,
8582249,8858275,Unidad Acaquilpan,
8582250,8858643,Barrio de Centro del Cerrillo,
8582250,8859869,Barrio de Puentecillas,
8582250,3826978,Barrio de San Isidro,
8582250,8859217,Barrio el Vivero,
8582250,4026753,Cerritos del Pilar,
8582250,8859017,Colonia Doctor Gustavo Baz,
8582250,3826977,Cuadrilla Vieja,
8582250,4026755,El Espinal,
8582250,4026759,El Potrero de San Diego,
8582250,3826930,Jesús María,
8582250,4026754,La Puerta del Pilar,
8582250,3826931,Las Peñas,
8582250,3826973,Mina Vieja,
8582250,3993884,Palizada,
8582250,4026789,San Agustín Berros,
8582250,4026751,San Diego del Cerrito,
8582250,3826944,San Joaquín del Monte,
8582250,3826935,San Marcos de la Loma,
8582250,4026752,San Pedro del Rincón,
8582250,8859333,San Roque,
8582250,3516955,Santiago del Monte,
8582250,8858478,Sitio Ejido,
8582250,3826901,Turcio Segunda Sección,
8582250,3522463,Venta de Ocotillos,
8582250,3514658,Villa Victoria,
8582251,4026541,Zacazonapan,
8582252,3817367,Huitzoltepec,
8582252,3514138,Zacualpan,
8582253,8858194,Barrio de México,
8582253,8859740,Cerro del Murciélago,
8582253,3817584,Cerro La Calera,
8582253,3817587,Colonia Cuauhtémoc,
8582253,9521224,Colonia Morelos,
8582253,8858612,Colonia Ricardo Flores Magón,
8582253,8858224,Conjunto Urbano la Loma I,
8582253,8858186,Ejido San Lorenzo Cuauhtenco,
8582253,3530279,El Contadero de Matamoros,
8582253,8858230,El Cóporo,
8582253,8858617,El Curtidor,
8582253,8859049,El Porvenir I,
8582253,8858332,La Joya,
8582253,8859391,Loma de San Francisco,
8582253,3826879,Ojo de Agua,
8582253,3533490,San Antonio Acahualco,
8582253,8858602,San Bartolo del Llano (San Isidro),
8582253,3826906,San Bartolo el Viejo,
8582253,8859918,San José Barbabosa,
8582253,3518702,San Juan de las Huertas,
8582253,3826904,San Pedro Tejalpa,
8582253,3517543,Santa Cruz Cuauhtenco,
8582253,3517256,Santa María del Monte,
8582253,3826903,Tejalpa,
8582253,3518221,Zinacantepec,
8582254,3515377,Guadalupe Tlapizalco,
8582254,3817376,San Gaspar,
8582254,3817438,San Pablo Tejalpa,
8582254,11085957,Zumpahuacán,
8582255,8858192,Villa Luvianos,
8582256,4026690,Cedro de la Manzana,
8582256,4026705,Concepción del Monte,
8582256,4026694,Concepción la Venta,
8582256,8858591,Ejido la Soledad,
8582256,4026710,Fábrica Concepción,
8582256,4026711,Guadalupe Buenavista,
8582256,4026738,La Mesa,
8582256,4026733,Las Rosas,
8582256,4026704,San José del Rincón Centro,
8582256,4026716,San Miguel Agua Bendita,
8582256,4026673,San Miguel del Centro,
8582257,8858451,Colonia la Asunción,
8582257,3827597,Tonanitla,
8582258,4019757,Acuitzio del Canje,
8582259,4019152,Aguililla,
8582259,8858635,Bonifacio Moreno (El Aguaje),
8582260,4019623,Agua Caliente,
8582260,4018518,Angamacutiro de la Unión,
8582260,3996768,El Maluco,
8582261,8859581,Colonia Independencia,
8582261,3995789,Mineral de Angangueo,
8582262,4018400,Apatzingán,
8582262,4014857,Cenobio Moreno,
8582262,3991842,Presa del Rosario,
8582262,3987636,San Antonio la Labor,
8582262,3985859,San Juan de los Plátanos,
8582263,4018382,Aporo,
8582264,4018373,Aquila,
8582264,4025998,La Placita de Morelos,
8582265,4018254,Ario de Rosales,
8582266,4018128,Arteaga,
8582266,4026117,Infiernillo (Morelos de Infiernillo),
8582266,4025786,Las Cañas,
8582267,4016756,Briseñas de Matamoros,
8582267,4012138,Cumuato,
8582267,4004454,Ibarra,
8582267,3993291,Paso de Hidalgo (Paso de Álamos),
8582268,4016599,Buenavista Tomatlán,
8582268,4011942,Dieciocho de Marzo,
8582268,4011882,División del Norte,
8582268,4006337,Felipe Carrillo Puerto,
8582268,3992443,Pizándaro,
8582268,3984700,Santa Ana Amatlán,
8582269,4015471,Carácuaro de Morelos,
8582269,8859397,Paso de Núñez (Buenavista),
8582270,4025994,Coahuayana de Hidalgo,
8582270,4013679,Coahuayana Viejo,
8582271,4013669,Coalcomán de Vázquez Pallares,
8582272,4017203,Bellas Fuentes,
8582272,4013568,Coeneo de la Libertad,
8582272,4013120,Comanja,
8582272,4017918,Santiago Azajo,
8582273,8859180,Atotonilco,
8582273,4012957,Contepec,
8582273,8859460,El Césped,
8582273,8859697,La Higuerilla (Los Lirios),
8582273,3988057,Salto de Tepuxtepec,
8582273,8859195,Zaragoza (Puerto de Medina),
8582274,4012917,Copándaro de Galeana,
8582274,3988028,San Agustín del Maíz,
8582275,4012685,Cotija de la Paz,
8582276,4012467,Cuamio,
8582276,4012462,Cuaracurio,
8582276,4012194,Cuitzeo del Porvenir,
8582276,3986886,Doctor Miguel Silva (San Guillermo),
8582276,4025182,Mariano Escobedo,
8582276,3987986,San Agustín del Pulque,
8582276,8858513,San Juan Benito Juárez (San Juan Tararameo),
8582277,4014508,Charapan,
8582277,4013580,Cocucho,
8582277,3987247,San Felipe de los Herreros,
8582278,4014450,Charo,
8582278,4025175,Irapeo,
8582278,4025193,Jaripeo,
8582278,4002231,La Goleta,
8582278,4025157,Zurumbeneo,
8582279,4014420,Chavinda,
8582279,4002510,La Esperanza,
8582280,4014409,Cherán,
8582280,3982552,Tanaco,
8582281,4014296,Chilchota,
8582281,8858325,Ichán,
8582281,3997421,Los Nogales,
8582281,3983529,Santo Tomás,
8582281,3982649,Tacuro (Santa María Tacuro),
8582281,4025319,Zopoco,
8582282,3980120,Villa Victoria,
8582283,4014056,Chucándiro,
8582284,4013966,Churintzio,
8582285,3994614,Churumuco de Morelos,
8582285,3991990,Poturo,
8582286,4011703,Ecuandureo,
8582287,4025048,San Antonio Molinos,
8582288,4006682,Erongarícuaro,
8582288,4004096,Jarácuaro,
8582288,3991602,Puácuaro,
8582288,3980775,San Francisco Uricho,
8582289,4014507,Charapendo,
8582289,4009695,El Huaco,
8582289,3998318,Lombardía,
8582289,4025374,Los Cajones,
8582289,4020736,Santa Casilda,
8582290,4004834,Higueras,
8582291,4019701,Agostitlán,
8582291,4013712,Ciudad Hidalgo,
8582291,8858859,Colonia Antorcha Campesina (Santa Rosa),
8582291,8859384,Colonia Aquiles Córdoba Morán,
8582291,8859241,Colonia Ecológica Asociación de Lucha Social (Lucha Social),
8582291,8859841,Colonia el Mirador (Llano del Ejido),
8582291,4004703,Huajúmbaro,
8582291,8859067,Rincón de Cedeños (Rincón de Dolores),
8582291,4025136,San Antonio Villalongín,
8582291,4012202,San Bartolo Cuitareo,
8582291,8858862,San Isidro Alta Huerta,
8582291,8859247,San Lucas Huarirapeo (La Mesa de San Lucas),
8582291,3985022,San Pedro Jácuaro,
8582291,8859646,Tierras Coloradas (San Pedro),
8582292,8859544,Cupuán del Río,
8582292,4025824,El Cháuz,
8582292,4001956,La Huacana,
8582292,4025811,Zicuirán,
8582293,4015567,Capacho,
8582293,4004690,Huandacareo,
8582293,8859106,San José Cuaro,
8582294,4004686,Huaniqueo de Morales,
8582295,4004555,Huetamo de Núñez,
8582295,4025638,Purechucho,
8582296,8859536,El Pedregal,
8582296,4004524,Huiramba,
8582297,8859571,Colonia de Guadalupe,
8582297,4004394,Indaparapeo,
8582297,8858420,San Lucas Pío,
8582298,4025093,Irimbo,
8582298,8858543,San Lorenzo Queréndaro,
8582298,3980829,Tzintzingareo,
8582299,4004271,Ixtlán de los Hervores,
8582299,4006195,La Plaza del Limón,
8582300,4004198,Jacona de Plancarte,
8582300,3982584,Tamándaro,
8582301,11057060,Caurio de Guadalupe,
8582301,4012918,Copándaro (Copándaro del Cuatro),
8582301,8858301,Villa Jiménez,
8582302,4006189,Francisco Sarabia (Cerrito Pelón),
8582302,4003923,Jiquilpan de Juárez,
8582302,3981172,San Martín Totolán,
8582303,9520604,Benito Juárez,
8582303,4025568,Cerro Colorado,
8582303,4025594,Parícuaro,
8582303,8859559,Santa Ana de Guerrero (El Cascabel),
8582304,4025571,Huanguitío,
8582304,4003703,Jungapeo de Juárez,
8582304,4025575,Lázaro Cárdenas,
8582305,4002068,Lagunillas,
8582306,4006382,Etúcuaro,
8582306,3980152,Villa Madero,
8582307,8858778,Apeo,
8582307,3996626,Maravatío de Ocampo,
8582307,8858781,Santa Elena,
8582307,8858351,Santiago Puriatzícuaro,
8582307,8858282,Tungareo,
8582307,3979640,Tziritzícuaro,
8582307,4025111,Uripitio,
8582308,3994275,Ojo de Rana,
8582308,3994104,San José de Gracia,
8582309,8858162,Buenos Aires,
8582309,4026082,Ciudad Lázaro Cárdenas,
8582309,4026074,La Mira,
8582309,4001056,La Orilla,
8582309,4026075,Las Guacamayas,
8582310,4018059,Atapaneo,
8582310,4025215,Capula,
8582310,4014177,Chiquimitío,
8582310,8858150,Conjunto Habitacional Villas del Pedregal,
8582310,8859893,Cuto de la Esperanza,
8582310,4025195,El Durazno,
8582310,8858174,Fraccionamiento Misión del Valle,
8582310,8859940,Iratzio,
8582310,4025194,Jesús del Monte,
8582310,8858228,La Aldea,
8582310,8859874,La Mintzita (Piedra Dura),
8582310,8858569,Lomas de la Maestranza,
8582310,8859625,Montaña Monarca (Punta Altozano),
8582310,3995402,Morelia,
8582310,8858132,Morelos,
8582310,8858441,Puerto de Buenavista (Lázaro Cárdenas),
8582310,8858323,San Antonio,
8582310,4004304,San Juanito Itzícuaro,
8582310,4025210,San Nicolás Obispo,
8582310,3983629,Santiago Undameo,
8582310,3982684,Tacícuaro,
8582310,3981498,Tiripetío,
8582310,8858283,Villa Magna,
8582310,8858295,Villas de la Loma,
8582312,4025816,Cuatro Caminos,
8582312,4010506,El Ceñidor,
8582312,4025819,El Letrero,
8582312,4025820,Gámbara,
8582312,3994674,Nueva Italia de Ruiz,
8582313,4018341,Arantepacua,
8582313,4015520,Capula,
8582313,4013131,Comachuén,
8582313,4025313,La Mojonera,
8582313,3995146,Nahuatzen,
8582313,3983107,Sevina,
8582313,3980865,Turícuaro,
8582314,3994911,Nocupétaro de Morelos,
8582315,3994594,Nuevo San Juan Parangaricutiro,
8582316,8859295,La Ibérica (La Gotera),
8582316,3994588,Nuevo Urecho,
8582317,4015736,Cañada de Ramírez,
8582317,3994581,Numarán,
8582318,8859850,Cuartel la Mesa (El Asoleadero),
8582318,4025080,Ejido el Rosario,
8582318,4025081,Manzana de San Luis,
8582318,8859837,Manzana la Cofradía,
8582318,3994536,Ocampo,
8582319,3993459,El Paracho,
8582319,4001543,La Luz,
8582319,3993926,Pajacuarán,
8582319,3986910,San Gregorio,
8582319,3982210,Tecomatán,
8582320,4012112,Curimeo,
8582320,3993519,Panindícuaro,
8582320,4025009,San Miguel Epejan,
8582321,4018430,Antúnez,
8582321,8858168,Antúnez (Morelos),
8582321,4016589,Buenos Aires,
8582321,3993456,Parácuaro,
8582321,3980755,Uspero,
8582322,4019068,Ahuirán,
8582322,4018340,Aranza,
8582322,8858590,Cherán Atzicuirín (Cheranástico),
8582322,3994563,Nurio,
8582322,3993457,Paracho de Verduzco,
8582322,3992230,Pomacuarán,
8582322,3991137,Quinceo,
8582323,4019038,Ajuno,
8582323,8858424,Colonia Vista Bella (Lomas del Peaje),
8582323,4012466,Cuanajo,
8582323,4004318,Janitzio,
8582323,3993179,Pátzcuaro,
8582323,8859831,Santa Ana Chapitiro,
8582323,4025397,Santa Juana,
8582323,8858522,Santa María Huiramangaro (San Juan Tumbio),
8582324,4018454,Ansihuacuaro,
8582324,4024997,Guándaro,
8582324,3992987,Penjamillo de Degollado,
8582324,3984335,Santa Fe del Río,
8582324,4025011,Ziquítaro,
8582325,4012866,Corona,
8582325,8859109,Gildardo Magaña (Los Ángeles),
8582325,3992919,Peribán de Ramos,
8582325,3986971,San Francisco Peribán,
8582326,4000821,La Piedad de Cabadas,
8582326,8858636,Las Cañadas,
8582326,3997724,Los Guajes,
8582326,8858730,Río Grande,
8582327,3991253,Purépero de Echáiz,
8582328,4025025,Isaac Arriaga (Santa Ana Mancera),
8582328,8859448,Las Letras,
8582328,3999282,Las Ranas,
8582328,8858772,Manuel Villalongín,
8582328,3991219,Puruándiro,
8582328,8858979,San Lorenzo,
8582328,3984563,Santa Clara,
8582328,3980201,Villachuato,
8582329,4025153,Pueblo Viejo,
8582329,3991170,Queréndaro,
8582330,3991110,Quiroga,
8582330,3987955,San Andrés Ziróndaro,
8582330,3986594,San Jerónimo Purenchécuaro,
8582330,3984340,Santa Fe de la Laguna,
8582331,4013522,Cojumatlán de Régules,
8582332,4018061,Atapan,
8582332,8859221,La Higuerita (Colonia San Rafael),
8582332,3997594,Los Limones,
8582332,3997211,Los Reyes de Salgado,
8582332,3993557,Pamatácuaro,
8582332,3987580,San Benito,
8582332,3986683,San Isidro,
8582332,3984806,San Sebastián,
8582332,3983092,Sicuicho,
8582333,8859574,Fraccionamiento Colinas Universidad,
8582333,8858491,Fraccionamiento San Miguel,
8582333,3988258,Sahuayo de Morelos,
8582334,4025648,Salguero,
8582334,3985716,San Lucas,
8582335,3984691,Santa Ana Maya,
8582336,4025404,Chapa,
8582336,8859004,Istaro,
8582336,3994164,Opopeo,
8582336,4025405,Paramuén,
8582336,4025399,San Gregorio,
8582336,3980184,Santa Clara del Cobre,
8582336,3979649,Zirahuén,
8582337,3983138,Senguio,
8582338,4017164,Benito Juárez,
8582338,4025597,Rancho Viejo,
8582338,3982748,Susupuato de Guerrero,
8582339,4025444,Chupio,
8582339,3993155,Pedernales,
8582339,4025424,San Juan de Viña,
8582339,9278974,San Rafael Tecario,
8582339,3982693,Tacámbaro de Codallos,
8582339,3982268,Tecario,
8582340,4018391,Apo,
8582340,4013017,Condémbaro,
8582340,3993364,Pareo,
8582340,3984591,Santa Catarina,
8582340,3982548,Tancítaro,
8582341,3983630,Santiago Tangamandapio,
8582342,8858587,Colonia las Malvinas (Colonia Antorcha),
8582342,4006381,Etúcuaro,
8582342,3982545,Tangancícuaro de Arista,
8582343,4000079,Las Cieneguitas,
8582343,3997962,Los Charcos,
8582343,3982542,Tanhuato de Guerrero,
8582344,4025370,Emiliano Zapata,
8582344,3982377,Taretan,
8582344,3981387,Tomendán,
8582345,3982367,Campestre Tarímbaro,
8582345,8859546,Colonia Miguel Hidalgo,
8582345,8859131,Conjunto Habitacional el Trébol,
8582345,4025179,Cuparátaro,
8582345,4025185,Cuto del Porvenir,
8582345,8859518,El Colegio,
8582345,8859620,El Cuitzillo Grande,
8582345,8859590,Ex-Hacienda de Guadalupe,
8582345,8858232,Fraccionamiento Galaxia Tarímbaro,
8582345,8859321,Fraccionamiento Laureles Eréndira,
8582345,8858234,Fraccionamiento Metrópolis II,
8582345,8859684,Fraccionamiento Privadas del Sol,
8582345,4025186,Jamaica,
8582345,8859786,La Palma (Las Palmas),
8582345,4025188,Mesón Nuevo (Cañada de la Magdalena),
8582345,8859715,Peña del Panal,
8582345,8858318,Real Hacienda (Metrópolis),
8582345,8858915,San Bernabé de las Canteras,
8582345,8858760,San Pedro de los Sauces,
8582345,11962662,Tarímbaro,
8582345,8858520,Uruétaro,
8582346,3982007,Tepalcatepec,
8582347,3986970,San Francisco Pichátaro,
8582347,3981517,Tingambato,
8582348,4018648,Álvaro Obregón,
8582348,4025181,Felipe Carrillo Puerto,
8582348,8859246,Lázaro Cárdenas (La Purísima),
8582348,8859062,Tzintzimeo,
8582349,3982691,Tacátzcuaro,
8582349,3981516,Tingüindín,Tingueindin
8582350,3981505,Tiquicheo,
8582351,8859631,San Isidro,
8582351,4025059,Santa María de los Ángeles,
8582351,3981464,Tlalpujahua de Rayón,
8582353,4000054,General Francisco Villa,
8582353,3980910,Tumbiscatío de Ruiz,
8582354,8858776,El Cahulote de Santa Ana,
8582354,8858544,La Ermita (Nueva Jerusalén),
8582354,3991218,Puruarán,
8582354,4020724,Tavera,
8582354,3980866,Turicato,
8582355,8859596,La Soledad,
8582355,8859262,Santa Ana,
8582355,3980843,Tuxpan,
8582356,3980833,Tuzantla,
8582357,4012355,Cucuchucho,
8582357,4004407,Ihuatzio,
8582357,3980828,Tzintzuntzan,
8582358,4025509,Tafetán,
8582358,3980827,Tzitzio,
8582359,4018519,Angahuan,
8582359,4016092,Caltzontzin,
8582359,4015566,Capácuaro,
8582359,4013581,Corupo,
8582359,4003733,Jucutácato,
8582359,3979638,Nuevo Zirosto,
8582359,3985769,San Lorenzo,
8582359,3984685,Santa Ana Zirosto,
8582359,8858355,Santa Rosa (Santa Bárbara),
8582359,8858354,Toreo Bajo (El Toreo Bajo),
8582359,3980760,Uruapan,
8582360,4008529,El Platanal,
8582360,3980149,Villamar,
8582361,4011165,El Alvareño,
8582361,4010492,El Capulín,
8582361,4024991,El Cuenqueño,
8582361,4003607,La Angostura,
8582361,3997321,Los Pilares,
8582361,3980037,Vista Hermosa de Negrete,
8582362,4007286,El Tequesquite,
8582362,3995480,Monteleón,
8582362,3979856,Yurécuaro,
8582363,4015597,Cantabria,
8582363,3995112,Naranja de Tapia,
8582363,3982374,San Antonio Tariácuri,
8582363,3982380,Tarejero,
8582363,3981500,Tiríndaro,
8582363,3979846,Zacapu,
8582364,4018370,Aquiles Serdán,
8582364,4018255,Ario de Rayón,
8582364,4018070,Atacheo de Regalado,
8582364,8858393,Atecucario de la Constitución (Atecuario),
8582364,4000240,El Cerro de la Sauceda,
8582364,8859069,El Sauz de Abajo,
8582364,8858512,Fraccionamiento Ex-Hacienda el Refugio,
8582364,8858755,Fraccionamiento Monte Olivo,
8582364,4002430,La Estancia de Amezcua,
8582364,4000433,La Rinconada,
8582364,3988464,Romero de Guzmán,
8582364,3988463,Romero de Torres,
8582364,3979802,Zamora de Hidalgo,
8582365,3979666,Zináparo,
8582366,4018334,Araró,
8582366,4025152,Belisario Domínguez,
8582366,8858695,Bocaneo (San Pedro),
8582366,8859709,Francisco Villa,
8582366,4025109,Huajúmbaro,
8582366,8858872,José María Morelos (La Yegüería),Jose Maria Morelos (La Yegueeria)
8582366,4025146,Ojo de Agua de Bucio,
8582366,8859266,Santa Clara del Tule,
8582366,3980820,Ucareo,
8582366,3979665,Zinapécuaro de Figueroa,
8582367,3993181,Patuán,
8582367,4025354,San Andrés Coru,
8582367,4025369,Zirimícuaro,
8582368,4025590,Aputzio de Juárez,
8582368,8859883,Camémbaro,
8582368,8858784,Colonia Emiliano Zapata (San Juan Zitácuaro),
8582368,8858901,Crescencio Morales (San Mateo),
8582368,4025580,Donaciano Ojeda,
8582368,8858754,El Rincón de San Felipe (Tercera Manzana San Felipe),
8582368,8859861,El Tigre (Segunda Manzana de Crescencio Morales),
8582368,3987618,Francisco Serrato (San Bartolo),
8582368,4004885,Heróica Zitácuaro,
8582368,4002574,La Encarnación,
8582368,8858881,La Fundición (Quinta Manzana),
8582368,8859331,La Mesa (La Mesa de Cedano),
8582368,4025582,Macho de Agua,
8582368,8859498,Macutzio,
8582368,4025574,Ocurio,
8582368,8859854,Puentecillas (Tercera Manzana de Zirahuato),
8582368,9520792,Rincón de Curungueo,
8582368,8858222,Rincón de Nicolás Romero (Cedros Tercera Manzana),
8582368,8858475,San Felipe los Alzati (Colonia Nueva),
8582368,3987147,San Francisco Curungueo,
8582368,8858965,Valle Verde,
8582368,3979652,Zirahuato de los Bernal,
8582369,8858938,Héroes de Chapultepec (Rodeo de San Antonio),
8582369,8859304,La Calera (Nacimientos),
8582369,4023964,Pastor Ortiz,
8582369,4025023,San José Huipana,
8582369,3981075,Tres Mezquites,
8582370,3532951,Amacuzac,
8582370,3531470,Casahuatlán,
8582370,8859825,Coahuixtla,
8582370,3527028,Huajintlán,
8582370,3519238,San Gabriel las Palmas,
8582371,3532603,Atlatlahucan,
8582371,8859937,Colonia San Francisco,
8582371,3515724,San Juan Texcalpan,
8582371,3761693,Tlaltetelco (San Miguel Tlaltetelco),
8582372,3532622,Atlacahualoya,
8582372,3532545,Axochiapan,
8582372,8858797,Marcelino Rodríguez (San Ignacio),
8582372,3520927,Quebrantadero,
8582372,3516063,Telixtac,
8582373,8858753,Abelardo L. Rodríguez,
8582373,3532858,Anenecuilco,
8582373,3530835,Chinameca,
8582373,3532530,Ciudad Ayala,
8582373,8859168,Colonia las Arboledas,
8582373,8858750,Constancio Farfán (La Pascuala),
8582373,8859688,El Salitre,
8582373,3526878,Huitzililla,
8582373,3526607,Jaloxtoc,
8582373,3522917,Moyotepec,
8582373,8858822,Olintepec,
8582373,8858610,San Juan Ahuehueyo,
8582373,3532808,San Pedro Apatlaco,
8582373,3516788,San Vicente de Juárez,
8582373,8858185,Tenextepango,
8582373,8859031,Unidad Habitacional 10 de Abril,
8582373,8859805,Unidad Habitacional Mariano Matamoros,
8582374,3531065,Chavarría,
8582374,3530519,Coatlán del Río,
8582374,3530489,Cocoyotla,
8582374,3525570,La Joya,
8582374,3821482,Michapa,
8582375,3529982,Cuautla,
8582375,3527042,Ex-Hacienda el Hospital,
8582375,8858972,Narciso Mendoza,
8582375,8858326,Peña Flores (Palo Verde),
8582375,8859094,Puxtla,
8582375,8859813,Tierra Larga (Campo Nuevo),
8582376,8859772,Colonia los Cerritos,
8582376,3529947,Cuernavaca,
8582376,8858171,Fraccionamiento Lomas de Ahuatlán,
8582376,8858800,Fraccionamiento Universo,
8582376,3533156,Lomas de Ahuatepec,
8582376,8858374,Villa Santiago,
8582377,3527879,Emiliano Zapata,
8582377,3515857,Tepetzingo,
8582377,3515766,Tetecalita,
8582377,3515685,Tezoyuca,
8582377,8858112,Tres de Mayo,
8582378,3526883,Huitzilac,
8582378,3827341,Tres Marías,
8582379,3532903,Amayuca,
8582379,3531206,Chalcatzingo,
8582379,3526584,Jantetelco,
8582379,3516004,Tenango,
8582380,8858254,Calera Chica,
8582380,8858688,Cliserio Alanís (San Gaspar),
8582380,8858196,Independencia,
8582380,3526485,Jiutepec,
8582380,8858125,Progreso,
8582381,3761664,Higuerón,
8582381,3761663,Jicarero,
8582381,3526467,Jojutla,
8582381,8858250,Pedro Amaro,
8582381,3516098,Tehuixtla,
8582381,3515801,Tequesquitengo,
8582381,3515369,Tlatenchi,
8582381,8858348,Unidad Habitacional José María Morelos y Pavón,
8582382,8858605,Amacuitlapilco,
8582382,3526458,Jonacatepec de Leandro Valle,
8582382,3515756,Tetelilla,
8582383,8859925,Colonia el Florido,
8582383,3530003,Cuauchichinola,
8582383,3523415,Mazatepec,
8582384,3530523,Coatetelco,
8582384,8859189,El Mirador,
8582384,3528239,El Rodeo,
8582384,3523247,Miacatlán,
8582384,8859225,Xochicalco (Cirenio Longares),
8582385,3761710,Huecahuasco,
8582385,3526951,Huepalcalco (San Miguel),
8582385,3526347,Jumiltepec,
8582385,8858524,Metepec,
8582385,8859255,Ocoxaltepec,
8582385,3522439,Ocuituco,
8582386,3529951,Cuentepec,
8582386,3516035,Temixco,
8582387,3532581,Atotonilco,
8582387,3526895,Huitchila,
8582387,8859254,Ixtlilco el Chico,
8582387,3515921,Tepalcingo,
8582387,8858893,Zacapalco,
8582388,3532910,Amatlán de Quetzalcóatl,
8582388,8859426,Colonia Ángel Bocanegra (Adolfo López Mateos),
8582388,8859282,Colonia Obrera,
8582388,8858606,Loma Bonita,
8582388,8859196,San Andrés de la Cal,
8582388,3517687,Santa Catarina,
8582388,3522461,Santo Domingo Ocotitlán,
8582388,3515811,Tepoztlán,
8582388,8859119,Tetecolala,
8582388,8858404,Unidad Habitacional Rinconada Acolapa,
8582389,3515767,Tetecala,
8582390,3526934,Barrio de San Miguel,
8582390,3515763,Tetela del Volcán,
8582391,8859256,Felipe Neri (Cuatepec),
8582391,3515434,Tlalnepantla,
8582392,3533474,Acamilpa,
8582392,3532157,Bonifacio García,
8582392,8859907,Colonia Palo Prieto (Chipitongo),
8582392,3526999,Huatecalco,
8582392,3522584,Pueblo Nuevo,
8582392,3517872,San Rafael Zaragoza,
8582392,3515163,Santa Rosa Treinta,
8582392,3516037,Temimilcingo,
8582392,3515663,Ticumán,
8582392,3515415,Tlaltizapán,
8582393,8858698,Alfredo V. Bonfil (Chacampalco),
8582393,3515373,Tlaquiltenango,
8582393,3524045,Valle de Vázquez,
8582394,3761686,Cuauhtempan (San Andrés Cuauhtempan),
8582394,3515343,Tlayacapan,
8582395,3522763,Nepopualco,
8582395,3515195,Totolapan,
8582396,3533020,Alpuyeca,
8582396,3532621,Atlacholoaya,
8582396,8858199,Chiconcuac,
8582396,8858555,Ninguno [Centro de Readaptación Social de Atlacholoaya],
8582396,8858154,Unidad Habitacional José María Morelos y Pavón,
8582396,3514437,Xochitepec,
8582397,3530492,Cocoyoc,
8582397,8859647,Emiliano Zapata (Casahuates),
8582397,8859547,Ignacio Bastida (Santa Catarina Tlayca),
8582397,3526744,Itzamatitlán,
8582397,11228715,La Joya,
8582397,8859056,Lázaro Cárdenas (El Empalme),
8582397,8858252,Los Arcos,
8582397,3522513,Oacalco,
8582397,3522505,Oaxtepec,
8582397,3514321,Yautepec,
8582398,3533417,Achichipico,
8582398,8858136,Juan Morales,
8582398,8859377,Mixtlalcingo,
8582398,3516200,Tecajec,
8582398,3515726,Texcala,
8582398,3514432,Xochitlán,
8582398,3514278,Yecapixtla,
8582399,8859337,San Antonio Chiverías,
8582399,3761660,San Nicolás Galeana,
8582399,3514163,Zacatepec de Hidalgo,
8582400,3515475,Tlacotepec,
8582400,8858368,Zacualpan de Amilpas,
8582401,3532892,Amilcingo,
8582401,3526977,Huazulco,
8582401,3516031,Temoac,
8582402,4019819,Acaponeta,
8582402,4005209,La Guásima,
8582402,4020474,San José de Gracia,
8582402,3983211,Sayulilla,
8582403,4019089,Ahuacatlán,
8582403,3984257,Santa Isabel,
8582403,3981734,Tetitlán,
8582403,3980752,Uzeta,
8582404,4018592,Amatlán de Cañas,
8582404,4007813,El Rosario,
8582405,8858562,Colonia Paraíso Escondido,
8582405,4013085,Compostela,
8582405,4006336,Felipe Carrillo Puerto,
8582405,4004285,Ixtapa de la Concepción,
8582405,4003787,Juan Escutia (Borbollón),
8582405,3992996,La Peñita de Jaltemba,
8582405,3999162,Las Varas,
8582405,3995472,Monteón,
8582405,3988681,Rincón de Guayabitos,
8582405,3979819,Zacualpan,
8582405,3979763,Zapotán,
8582406,4004708,Huajicori,
8582407,4004267,Ixtlán del Río,
8582407,3996051,Mexpan,
8582408,4004170,Jala,
8582408,4003886,Jomulco,
8582408,3998263,Los Aguajes,
8582408,4000411,Rosa Blanca,
8582409,4018368,Aquiles Serdán,
8582409,4006819,Emiliano Zapata,
8582409,3993514,Pantanal,
8582409,4008076,Testerazo,
8582409,4004159,Xalisco,
8582410,3995013,Jesús María,
8582410,3996168,Mesa del Nayar,
8582410,3983756,Santa Teresa,
8582411,4014305,Chilapa,
8582411,4007409,El Tamarindo,
8582411,4028646,Llano del Tigre,
8582411,3992910,Pericos,
8582411,3988421,Rosamorada,
8582411,3985936,San Juan Bautista,
8582411,3983481,San Vicente,
8582412,4006988,El Venado,
8582412,3988361,Ruiz,
8582412,3980714,Vado de San Pedro,
8582413,4018023,Aticama,
8582413,4017959,Aután,
8582413,4009404,El Llano,
8582413,4005381,Guadalupe Victoria,
8582413,4004161,Jalcocotán,
8582413,4001615,La Libertad,
8582413,4001031,La Palma,
8582413,3996318,Mecatán,
8582413,3995038,Navarrete,
8582413,3987544,San Blas,
8582414,3985019,San Pedro Lagunillas,
8582415,4014544,Chapalilla,
8582415,4001767,La Labor,
8582415,3995610,San José de Mojarras,
8582415,3984079,Santa María del Oro,
8582415,3981895,Tequepexpan,
8582415,3979759,Zapotanito,
8582416,4018624,Amapa,
8582416,8858948,Cañada del Tabaco,
8582416,4028786,Colonia Emiliano Zapata,
8582416,4010920,El Botadero,
8582416,4015529,El Capomal,
8582416,4012719,El Corte,
8582416,4007213,El Tizate,
8582416,4000705,La Presa,
8582416,3997369,Los Otates,
8582416,4012399,Palmar de Cuautla,
8582416,4004452,Pozo de Ibarra,
8582416,3991483,Puerta de Mangos,
8582416,3984515,Santa Cruz,
8582416,3983636,Santiago Ixcuintla,
8582416,3979694,Sauta,
8582416,3983135,Sentispac,
8582416,3980168,Villa Hidalgo,
8582416,3980163,Villa Juárez,
8582416,3979983,Yago,
8582417,4020478,Camalotita,
8582417,4020480,La Presa,
8582417,3995919,Milpas Viejas,
8582417,3991141,Quimichis,
8582417,3987245,San Felipe Aztatán,
8582417,3982168,Tecuala,
8582418,4018018,Atonalisco,
8582418,4017198,Bellavista,
8582418,4016040,Camichín de Jauja,
8582418,4011366,El Ahuacate,
8582418,4009517,El Jicote,
8582418,4006205,Francisco I. Madero,
8582418,4003147,La Cantera,
8582418,8859717,La Corregidora,
8582418,4002350,La Fortuna,
8582418,3998408,Lo de Lamedo,
8582418,3987423,San Cayetano,
8582418,3985615,San Luis de Lozada,
8582418,3992260,Santiago de Pochotitán,
8582418,3981941,Tepic,
8582419,4013665,Coamiles,
8582419,8858586,Palma Grande,
8582419,3980841,Tuxpan,
8582419,3998908,Unión de Corrientes,
8582420,4004706,Huajimic,
8582420,3998730,La Yesca,
8582421,4016734,Bucerías,
8582421,8858616,Corral del Risco (Punta de Mita),
8582421,11072073,Cruz de Huanacaxtle,
8582421,4029309,El Porvenir,
8582421,4004852,Higuera Blanca,
8582421,4029337,Las Jarretaderas,
8582421,3985572,Lo de Marcos,
8582421,3996030,Mezcales,
8582421,6615376,Nuevo Vallarta,
8582421,8859884,San Clemente de Lima,
8582421,3987135,San Francisco,
8582421,4029308,San José del Valle,
8582421,3985912,San Juan de Abajo,
8582421,4029310,San Vicente,
8582421,3983210,Sayulita,
8582421,3980622,Valle de Banderas,
8582422,4019867,Abasolo,
8582423,3533223,Agualeguas,
8582425,4018762,Ciudad de Allende,
8582426,4013726,Anáhuac,
8582427,8858867,Artemio Treviño,
8582427,4018390,Ciudad Apodaca,
8582427,8858473,Entronque Laredo-Salinas Victoria,
8582427,8858430,Fraccionamiento Cosmópolis Octavo Sector,
8582427,8858499,Fraccionamiento Misión de San Javier,
8582427,8858248,Loma la Paz,
8582427,8858184,Misión San Pablo,
8582427,3983895,Santa Rosa,
8582428,3532769,Aramberri,
8582428,3532675,La Ascención,
8582429,4016484,Bustamante,
8582430,3531865,Cadereyta,
8582430,3531862,Cadereyta Jiménez,
8582430,3521071,Pueblo Nuevo,
8582430,3518766,San Juan,
8582431,8858313,Alianza Real,
8582431,8858818,Buena Vista,
8582431,4015392,Carmen,
8582432,3531342,Ciudad Cerralvo,
8582433,4013892,Ciénega de Flores,
8582433,8858495,Portal de las Salinas,
8582433,8858233,Real del Sol,
8582434,3530839,China,
8582435,4011873,Doctor Arroyo,
8582437,3529758,Doctor González,
8582438,4008420,Catarino Rodríguez,
8582438,4006081,Galeana,
8582438,3986099,San José de Raíces,
8582438,3984951,San Rafael,
8582439,3980190,García,
8582439,8859915,Las Torres de Guadalupe,
8582439,8858875,Los Parques,
8582439,8858110,Mitras Poniente,
8582439,8858109,Parque Industrial Ciudad Mitras,
8582439,8858240,Valle de Lincoln,
8582440,4005937,San Pedro Garza García,
8582441,3527457,General Bravo,
8582442,4005867,Ciudad General Escobedo,
8582442,8858930,Monclova Primer Sector,
8582442,8859464,Praderas de San Francisco,
8582442,8859903,Unión Agropecuarios Lázaro Cárdenas del Norte,
8582443,3527451,Ciudad General Terán,
8582444,3527450,General Treviño,
8582445,3514048,General Zaragoza,
8582446,8858093,Fraccionamiento Real Palmas,
8582446,4005856,General Zuazua,
8582446,8858346,Hacienda San Pedro,
8582446,8858253,Villas de Alcalá,
8582447,4005492,Guadalupe,
8582448,3524049,Los Herreras,
8582449,3527021,Hualahuises,
8582450,3526745,Iturbide,
8582451,8858829,Bosques de San Pedro,
8582451,4003757,Ciudad Benito Juárez,
8582451,8858238,Héctor Caballero,
8582451,8858088,Jardines de la Silla,
8582451,8858246,Monte Kristal,
8582451,3987822,San Antonio,
8582451,8859653,Valle de Juárez,
8582451,8858445,Valle de Vaquerías,
8582452,4001240,Lampazos de Naranjo,
8582453,3527321,Guadalupe,
8582453,3524348,Linares,
8582453,3525358,Río Verde,
8582454,3996548,Marín,
8582455,3514181,Zacapala,
8582456,3995946,Mier y Noriega,
8582457,3995847,Mina,
8582458,3791868,Congregación Calles,
8582458,3523011,Montemorelos,
8582459,3995465,Monterrey,
8582461,8858335,Colinas del Aeropuerto,
8582461,8858676,Ladrillera (Entronque Pesquería),
8582461,8859264,Lomas de San Martín,
8582461,8859047,Paseo de San Javier,
8582461,3992857,Pesquería,
8582462,3523914,Los Ramones,
8582464,3988327,Ciudad Sabinas Hidalgo,
8582465,4022722,Ciudad Satélite del Norte,
8582465,8858226,Emiliano Zapata,
8582465,8858270,Las Torres,
8582465,3988163,Salinas Victoria,
8582465,8858407,Simeprodeso (Colectivo Nuevo),
8582466,3985241,San Nicolás de los Garza,
8582467,4022735,Hidalgo,
8582468,3984583,Santa Catarina,
8582469,3983671,Santiago,
8582471,3980158,Ciudad de Villaldama,
8582472,3533502,Abejones,
8582473,3533439,Acatlán de Pérez Figueroa,
8582473,8859025,Arroyo de Enmedio,
8582473,3801282,La Tabaquera,
8582473,8859919,Rancho Grande,
8582473,3801269,Tetela,
8582473,3801271,Vicente Camalote,
8582473,8858924,Zona Urbana Ejidal,
8582476,3532658,Asunción Ixtaltepec,
8582476,3800239,Lázaro Cárdenas,
8582476,8859548,Santiago Ixtaltepec,
8582477,3532656,Asunción Nochixtlán,
8582478,3532655,Asunción Ocotlán,
8582479,3532654,Asunción Tlacolulita,
8582480,3532510,Ayotzintepec,
8582480,8858841,San Pedro Ozumacín,
8582481,8858487,Colonia Progreso,
8582481,3800267,El Barrio de la Soledad,
8582482,3531799,Calihualá,
8582483,3531658,Candelaria Loxicha,
8582484,3530662,Ciénega de Zimatlán,
8582485,3526674,Ixtepec,
8582486,3530538,Coatecas Altas,
8582486,3800293,Santa María Velato,
8582487,3800876,El Jicaral,
8582488,3801847,Agua del Espino,
8582491,3530285,Constancia del Rosario,
8582492,3801227,Almolonga,
8582493,3801169,Cosoltepec,
8582494,3529915,Cuilápam de Guerrero,
8582496,3531221,Chahuite,
8582496,3531218,Chahuites,
8582497,8859769,Progreso,
8582497,3531207,Villa Chalcatongo de Hidalgo,
8582498,3530807,Chiquihuitlán de Benito Juárez,
8582499,3529510,Heroica Ciudad de Ejutla de Crespo,
8582499,3517165,Santa Martha Chichihualtepec,
8582500,3528570,Eloxochitlán de Flores Magón,
8582501,3527737,El Espinal,
8582502,8858467,Tamazulápam del Espíritu Santo,
8582504,3801596,Guadalupe Etla,
8582509,3527112,Villa Hidalgo Yalálag,
8582510,3527023,Ciudad de Huajuapan de León,
8582510,3801085,El Molino,
8582510,8859902,La Junta,
8582510,8859838,Santiago Chilixtlahuaca,
8582510,8858955,Vista Hermosa,
8582511,3518266,Huautepec,
8582512,8859832,Loma Chapultepec,
8582512,3801187,San Andrés Hidalgo,
8582512,3801186,Santa Cruz de Juárez,
8582512,3801193,Xochitonalco,
8582513,3526665,Ixtlán de Juárez,
8582514,3800169,Álvaro Obregón,
8582514,3530992,Chicapa de Castro,
8582514,3526357,Heroica Ciudad de Juchitán de Zaragoza,
8582514,3524476,La Venta,
8582514,3524469,La Ventosa,
8582515,3824996,Loma Bonita,
8582515,8859731,San Benito Encinal,
8582516,8858583,Fraccionamiento Ex-Hacienda Catano,
8582516,3762772,Magdalena Apasco,
8582517,3523754,Magdalena Jaltepec,
8582519,3523750,Magdalena Mixtepec,
8582520,3523749,Magdalena Ocotlán,
8582522,3523745,Magdalena Teitipac,
8582523,3523744,Magdalena Tequisistlán,
8582524,3523742,Magdalena Tlacotepec,
8582525,3800929,Magdalena Zahuatlán,
8582526,3801116,Mariscala de Juárez,
8582528,3520281,Colonia Rincón Viejo,
8582528,3801537,Cuauhtémoc,
8582528,3801510,Donaji,
8582528,3801497,Los Ángeles,
8582528,3523450,Matías Romero Avendaño,
8582528,3522013,Palomares,
8582529,3523411,Mazatlán Villa de Flores,
8582530,3527189,Guixé,
8582530,3523240,Miahuatlán de Porfirio Díaz,
8582530,8858914,Santa Catarina Roatina,
8582535,3801865,El Camarón,
8582535,3522770,Nejapa de Madero,
8582536,3800963,Ixpantepec Nieves,
8582537,3522728,Niltepec,
8582538,3522507,Oaxaca,
8582538,3514689,Trinidad de Viguera,
8582539,3522451,Ocotlán de Morelos,
8582539,8858997,Praxedis de Guerrero,
8582540,3801845,La Pe,
8582541,3521424,Pinotepa de Don Luis,
8582542,3521327,Pluma Hidalgo,
8582543,3519000,San José del Progreso,
8582543,3801842,San José la Garzona,
8582544,3520935,Putla Villa de Guerrero,
8582544,3530998,San Andrés Chicahuaxtla,
8582544,3800653,San Juan Lagunas,
8582546,3520399,Reforma de Pineda,
8582547,3800788,La Reforma,
8582548,3520341,Reyes Etla,
8582549,3801591,Rojas de Cuauhtémoc,
8582550,3520064,Salina Cruz,
8582551,3519983,San Agustín Amatengo,
8582552,3801032,San Agustín Atenango,
8582553,3531055,San Agustín Chayuco,
8582554,3520000,San Agustin de las Juntas,
8582556,8859826,El Camalote,
8582556,3800601,Quelové,
8582556,3519977,San Agustín Loxicha,
8582556,3800608,San Francisco Loxicha,
8582558,3514270,San Agustín Yatareni,
8582560,3801041,San Andrés Dinicuiti,
8582561,3800392,Rancho Viejo,
8582561,3519927,San Andrés Huaxpaltepec,
8582562,3519926,San Andrés Huayápam,
8582563,3519924,San Andrés Ixtlahuaca,
8582566,3519918,San Andrés Paxtlán,
8582567,3519916,San Andrés Sinaxtla,
8582568,3519915,San Andrés Solaga,
8582569,3762703,Flor Batavia,
8582569,3519913,San Andrés Teotilalpam,
8582570,3519911,San Andrés Tepetlapa,
8582571,3519906,San Andrés Yaá,
8582573,3519903,San Andrés Zautla,
8582574,3801621,San Antonino Castillo Velasco,
8582576,8858804,San Miguel Monteverde,
8582578,3526138,San Antonio de la Cal,
8582579,3526893,San Antonio Huitepec,
8582579,3800680,Santiago Huaxolotipac,
8582580,3519704,San Antonio Nanahuatípam,
8582582,3800359,San Antonio Tepetlapa,
8582582,8858890,San Pedro Tulixtlahuaca,
8582583,3519666,San Baltazar Chichicápam,
8582584,3519664,San Baltazar Loxicha,
8582585,3514323,San Baltazar Yatzachi el Bajo,
8582586,3523611,Reyes Mantecón,
8582586,9613543,San Bartolo Coyotepec,
8582587,3519640,San Bartolomé Ayautla,
8582588,3519638,San Bartolomé Loxicha,
8582589,3801610,San Bartolomé Quialana,
8582592,3800983,San Bartolo Soyaltepec,
8582593,3519630,San Bartolo Yautepec,
8582594,3519608,San Bernardo Mixtepec,
8582595,3801960,Heroica Villa de San Blas Atempa,
8582595,3800170,Santa Rosa,
8582596,3519579,San Carlos Yautepec,
8582596,3520903,Santiago Quiavicuzas,
8582597,3519539,San Cristóbal Amatlán,
8582598,3519538,San Cristóbal Amoltepec,
8582599,3519536,San Cristóbal Lachirioag,
8582601,3972149,El Nigromante,
8582601,3972147,El Obraje,
8582601,3972136,El Sitio,
8582601,3972194,Estancia de Guadalupe,
8582601,3972140,Jaula de Abajo,
8582601,3972185,La Pendencia,
8582601,3972196,La Victoria,
8582601,3972199,Pedregoso,
8582601,3992485,Pinos,
8582601,3972123,San José de Castellanos,
8582601,3984749,Santa Ana,
8582601,3984417,Santa Elena,
8582601,3983679,Santiago,
8582602,3801980,Huamúchil,
8582602,3519481,San Dionisio del Mar,
8582603,3519665,San Baltazar Guelavila,
8582603,3519480,San Dionisio Ocotepec,
8582604,3519479,San Dionisio Ocotlán,
8582605,3519459,San Esteban Atatlahuca,
8582606,8859530,Arroyo Zapotillo,
8582606,8859612,Colonia la Central,
8582606,8859350,Playa Chica,
8582606,3519409,San Felipe Jalapa de Díaz,
8582606,8859071,Santo Tomás,
8582607,3516093,San Felipe Tejalápam,
8582608,3519402,San Felipe Usila,
8582610,3519285,San Francisco Cajonos,
8582612,3519282,San Francisco Chindúa,
8582613,3801981,San Francisco del Mar,
8582613,3519274,San Francisco del Mar Viejo,
8582614,3519269,San Francisco Huehuetlán,
8582615,3526715,San Francisco Ixhuatan,
8582616,3800931,San Francisco Jaltepetongo,
8582617,3519266,San Francisco Lachigoló,
8582618,3519265,San Francisco Logueche,
8582619,3800932,San Francisco Nuxaño,
8582620,3519259,San Francisco Ozolotepec,
8582621,3519256,San Francisco Sola,
8582622,3519255,San Francisco Telixtlahuaca,
8582625,3519228,San Gabriel Mixtepec,
8582626,3519190,San Ildefonso Amatlán,
8582628,3519189,San Ildefonso Villa Alta,
8582629,3801595,San Jacinto Amilpas,
8582631,3800429,San Cristóbal Honduras,
8582631,3519064,San Jerónimo Coatlán,
8582632,3519059,San Jerónimo Silacayoapilla,
8582633,3519058,San Jerónimo Sosola,
8582634,3519057,San Jerónimo Taviche,
8582635,3519056,San Jerónimo Tecóatl,
8582636,3801028,San Jorge Nuchita,
8582637,3518899,San José Ayuquila,
8582638,8858998,Arroyo Choápam,
8582638,3762710,Pueblo Viejo,
8582638,3518889,San José Chiltepec,
8582640,3518848,San José Estancia Grande,
8582642,3518841,San José Lachiguiri,
8582643,3518824,San José Tenango,
8582644,3518742,San Juan Achiutla,
8582645,3518737,San Juan Atepec,
8582646,3518732,Ánimas Trujano,
8582648,3518730,San Juan Bautista Coixtlahuaca,
8582649,3518729,Cuicatlan,
8582650,8858788,Fraccionamiento San Miguel,
8582651,3976785,Adolfo Ruiz Cortines,
8582651,4017788,Bachoco,
8582651,4017604,Bamoa,
8582651,8859222,Buen Retiro (El Retiro),
8582651,4003290,Caimanero,
8582651,4015159,Casa Blanca,
8582651,8859078,Colonia 24 de Febrero,
8582651,4012873,Corerepe,
8582651,4012508,Cruz Blanca,
8582651,4010897,El Burrión,
8582651,3976792,El Huitusi,
8582651,3996600,El Marcol,
8582651,3992420,El Pitahayal,
8582651,3976761,El Progreso,
8582651,4007757,El Sabino,
8582651,8858494,El Varal (San Sebastián Número Uno),
8582651,9023824,Estación Bamoa,
8582651,3998014,Estación Capomas,
8582651,3976775,Gabriel Leyva Solano,
8582651,4011599,Gambino,
8582651,4005219,Guasave,
8582651,4005218,Guasavito,
8582651,8859143,Javier Rojo Gómez,
8582651,4005864,Juan José Ríos,
8582651,4003317,La Brecha,
8582651,4001141,La Noria,
8582651,3998956,La Trinidad,
8582651,8859442,Ladrilleras de Ocoro,
8582651,3976748,Las Brisas,
8582651,3999573,Las Moras,
8582651,3999287,Las Quemazones,
8582651,3998147,Los Ángeles,
8582651,3994932,Nío,
8582651,8859172,Orba (Infiernito),
8582651,3993581,Palos Verdes,
8582651,3992175,Portugués de Gálvez,
8582651,3991553,Pueblo Viejo,
8582651,3976780,Ranchito de Castro,
8582651,3985128,San Pedro Guasave,
8582651,3984945,San Rafael,
8582651,3982573,Tamazula,
8582652,3526560,San Juan Bautista Jayacatlán,
8582653,3518727,San Juan Bautista Lo de Soto,
8582655,3518724,San Juan Bautista Tlacoatzintepec,
8582656,3518725,San Juan Bautista Tlachichilco,
8582657,3762713,Arroyo Limón,
8582657,3801309,Benemérito Juárez,
8582657,3762711,Bethania,
8582657,8859006,Camelia Roja,
8582657,3762708,La Mina,
8582657,3801322,Macín Chico,
8582657,3801305,Papaloapan,
8582657,3801323,Paso Canoa,
8582657,8858375,San Bartolo,
8582657,3518723,Tuxtepec,
8582658,3519702,San Antonio Ocotlán,
8582658,3518720,San Juan Cacahuatepec,
8582660,3518711,San Juan Coatzospam,
8582661,3800348,San Juan Colorado,
8582663,3801472,El Porvenir,
8582663,3526596,Jaltepec de Candoyoc,
8582663,3801460,María Lombardo de Caso,
8582663,3801461,San Felipe Cihualtepec,
8582663,3518708,San Juan Cotzocón,
8582663,3762752,Santa María Puxmetacán,
8582665,3518714,San Juan Chilateca,
8582666,3518700,San Juan del Estado,
8582667,3518695,San Juan del Río,
8582668,3518682,San Juan Diuxi,
8582670,3518677,San Juan Guelavía,
8582671,3800286,El Chocolate,
8582671,3801535,El Zarzal,
8582671,3801584,Encinal Colorado,
8582671,8859104,Estación Mogoñé,
8582671,3801536,Paso Real de Sarabia,
8582671,8859462,Piedra Blanca,
8582671,3800283,Río Pachiñe,
8582671,3518676,San Juan Guichicovi,
8582671,3517772,Santa Ana,
8582671,3801660,Zacatal,
8582672,3518670,San Juan Ihualtepec,
8582673,3801666,Guadalupe Victoria,
8582673,3518646,San Juan Juquila Mixes,
8582674,3518645,San Juan Juquila Vijanos,
8582675,3800498,San Juan Lachao,
8582676,3518643,San Juan Lachigalla,
8582678,8859232,Ignacio Zaragoza,
8582678,3762733,Montenegro la Lana,
8582678,3762725,San José Río Manzo,
8582678,8859499,San Lorenzo,
8582679,3518639,San Juan de los Cués,
8582680,3801490,Constitución Mexicana,
8582680,3518874,San José de las Flores,
8582680,3518637,San Juan Mazatlán,
8582680,3762754,Santiago Malacatepec,
8582681,3518634,San Juan Mixtepec,
8582682,3518635,San Juan Mixtepec Distrito Veintiséis,
8582683,8859908,Peña Colorada,
8582683,3800903,San Juan Ñumí,
8582684,3518632,San Juan Ozolotepec,
8582685,3801405,San Juan Petlapa,
8582686,3530655,Cieneguilla,
8582686,3518627,San Juan Quiahue,
8582687,3518626,San Juan Quiotepec,
8582688,3800935,San Juan Sayultepec,
8582689,3801427,San Juan Tabaá,
8582692,3516095,San Juan Teitipac,
8582695,3518601,San Juan Yaeé,
8582696,3518599,San Juan Yatzona,
8582697,3762749,San Juan Yucuita,
8582698,3518578,San Lorenzo,
8582698,3518234,San Miguel Tetepelcingo,
8582699,3801685,San Lorenzo Albarradas,
8582700,3527353,Guadalupe Hidalgo,
8582700,3531875,San Lorenzo Cacaotepec,
8582700,8858293,Santiago Etla,
8582701,3518570,San Lorenzo Cuaunecuiltitla,
8582702,3800314,El Arador,
8582702,3518532,San Lorenzo Texmelúcan,
8582703,3801026,San Lorenzo Victoria,
8582704,3517355,Margarita Huitepec,
8582704,3518519,San Lucas Camotlán,
8582705,3801300,Mazín Grande,
8582705,3518518,San Lucas Ojitlán,
8582706,3518517,San Lucas Quiaviní,
8582707,3801180,San Lucas Zoquiápam,
8582708,3518490,San Luis Amatlán,
8582709,3518463,San Marcial Ozolotepec,
8582710,3801037,San Marcos Arteaga,
8582711,3518413,Heroica San Martín de los Cansecos,
8582712,3518412,San Martín Huamelúlpam,
8582713,8859345,San Martín Itunyoso,
8582714,3526034,San Martín Lachila,
8582716,3515582,San Martín Tilcajete,
8582717,3518404,San Martín Toxpalan,
8582719,8859299,Álvaro Obregón (Santa Cruz),
8582719,8859798,Álvaro Obregón 2da. Sección (El Lechugal),
8582719,3802133,Benito Juárez,
8582719,8858785,Caparroso,
8582719,8859060,Chichicastle 1ra. Sección,
8582719,3527545,Frontera,
8582719,3802129,Gobernador Cruz,
8582719,3533054,Ignacio Allende,
8582719,8858609,Ignacio Zaragoza,
8582719,3802135,Jalapita,
8582719,3801997,La Estrella,
8582719,8859494,La Sábana,
8582719,3524449,La Victoria,
8582719,3516755,Simón Sarlat,
8582719,3802144,Vicente Guerrero,
8582720,3518386,San Mateo Cajonos,
8582722,3526378,Colonia Juárez,
8582722,3526978,Huazantlán del Río,
8582722,3518382,San Mateo del Mar,
8582723,3518380,San Mateo Yoloxochitlán,
8582724,3800934,San Mateo Etlatongo,
8582725,3518374,San Mateo Nejápam,
8582727,3518370,San Mateo Piñas,
8582729,3518368,Sindihui,
8582731,3532248,San Melchor Betaza,
8582732,3518295,San Miguel Achiutla,
8582733,3801021,San Miguel Ahuehuetitlán,
8582734,3518292,San Miguel Aloápam,
8582735,3801125,San Lorenzo Vista Hermosa,
8582737,3518278,San Miguel Coatlán,
8582738,3800981,San Miguel Chicahua,
8582739,3518279,San Miguel Chimalapa,
8582740,3801749,Merced del Potrero,
8582740,3518274,San Miguel del Puerto,
8582740,3517191,Santa María Xadani,
8582742,3518270,San Miguel Ejutla,
8582743,3518269,San Miguel el Grande,
8582744,3762698,San Miguel Huautla,
8582745,3800692,San Miguel Mixtepec,
8582746,3518253,San Miguel Panixtlahuaca,
8582747,3518252,San Miguel Peras,
8582749,3518249,San Miguel Quetzaltepec,
8582751,3518244,Villa Sola de Vega,
8582752,8859435,Arroyo Chical (Nuevo Arroyo Chicali),
8582752,8859010,Benito Juárez II (San Martín),
8582752,8859778,Corral de Piedra,
8582752,8859761,El Capulín (La Nueva Pochota),
8582752,3801262,Isla Soyaltepec,
8582752,11098100,La Reforma,
8582752,3801292,Las Margaritas,
8582752,8858649,Nuevo Paso Nazareno (Chichicazapa),
8582752,3801256,Piedra de Amolar,
8582752,3801261,Temascal,
8582753,3518242,San Miguel Suchixtepec,
8582754,3518241,Villa Talea de Castro,
8582755,3762777,San Miguel Tecomatlán,
8582756,3518236,San Miguel Tenango,
8582758,3518233,San Miguel Tilquiápam,
8582759,3518232,San Miguel Tlacamama,
8582760,3800947,San Miguel Tlacotepec,
8582763,3800305,San Nicolás,
8582765,3519281,San Francisco Coatlán,
8582765,3518136,San Pablo Coatlán,
8582766,3800683,San Pablo Cuatro Venados,
8582767,3527179,Hacienda Blanca,
8582767,3518132,San Pablo Etla,
8582767,3517809,San Sebastián Etla,
8582768,3518129,San Pablo Huitzo,
8582769,3518128,San Pablo Huixtepec,
8582770,3518125,San Pablo Macuiltianguis,
8582772,3518117,San Pablo Villa de Mitla,
8582772,3514611,Xaagá,
8582773,3518116,San Pablo Yaganiza,
8582774,3532878,San Pedro Amuzgos,
8582775,3518021,San Pedro Apóstol,
8582776,3518018,San Pedro Atoyac,
8582777,3518013,San Pedro Cajonos,
8582778,3800927,San Pedro Coxcaltepec Cántaros,
8582779,3530369,San Pedro Comitancillo,
8582780,8859610,Los Naranjos Esquipulas,
8582781,3801758,El Coyul,
8582781,3517996,San Pedro Huamelula,
8582781,3517348,Santa María,
8582781,3800225,Tapanalá,
8582782,3517994,San Pedro Huilotepec,
8582783,8859640,Cerro Quemado,
8582783,8859657,San Felipe Tílpam,
8582783,3517993,San Pedro Ixcatlán,
8582784,3517991,San Pedro Ixtlahuaca,
8582785,3517989,San Pedro Jaltepetongo,
8582786,3800353,San Juan Jicayán,
8582786,3517988,San Pedro Jicayán,
8582788,3517986,San Pedro Juchaltengo,
8582789,3801837,San Pedro Mártir,
8582790,3517981,San Pedro Mártir Quiechapa,
8582791,3514200,San Pedro Mártir Yucuxaco,
8582792,3800562,Bajos de Chila,
8582792,3520994,Puerto Escondido,
8582792,3517979,San Pedro Mixtepec Distrito Veintidós,
8582793,3517978,San Pedro Mixtepec Distrito Veintiséis,
8582796,3801184,San Pedro Ocopetatillo,
8582797,3517973,San Pedro Ocotepec,
8582798,3532287,Benito Juárez,
8582798,3521014,Puerto Ángel,
8582798,3519109,San Isidro Apango,
8582798,3531273,San José Chacalapa,
8582798,3800640,San Miguel Figueroa,
8582798,3517970,San Pedro Pochutla,
8582798,3520208,San Roque,
8582799,3801703,La Soledad Salinas,
8582799,3517968,San Pedro Quiatoni,
8582800,9621612,San Juan Sautla,
8582800,8859773,San Juan Zapotitlán,
8582800,3801364,San Pedro Sochiápam,
8582801,3517962,San Pedro Tapanatepec,
8582802,3517961,San Pedro Taviche,
8582804,3517957,Teutila,
8582805,3517955,San Pedro Tidaá,
8582806,3517952,San Pedro Topiltepec,
8582807,3517951,San Pedro Totolápam,
8582808,3800518,La Luz,
8582808,3520259,Río Grande,
8582808,3800523,San José del Progreso,
8582808,9624895,Santa María Acatepec,
8582808,8858645,Santa Rosa de Lima,
8582808,3516947,Santiago Jocotepec,
8582810,3517943,San Pedro Yólox,
8582811,3517938,San Pedro y San Pablo Ayutla,
8582812,3519979,San Agustín Etla,
8582812,3517937,Villa de Etla,
8582813,3517935,San Pedro y San Pablo Tequixtepec,
8582813,3517936,Teposcolula,
8582816,3517859,San Raymundo Jalpan,
8582817,3517812,San Sebastián Abasolo,
8582818,3517811,San Sebastián Coatlán,
8582819,3800795,Camotinchan,
8582819,3517806,Ixcapa,
8582820,3800969,San Sebastián Nicananduta,
8582820,3517273,Santa María Chilapa de Díaz,
8582821,3517803,San Sebastián Río Hondo,
8582822,3517802,Tecomaxtlahuaca,
8582823,3517801,San Sebastián Teitipac,
8582824,3520194,El Rosario,
8582824,3801590,San Sebastián Tutla,
8582825,3517788,San Simón Almolongas,
8582827,3517776,Santa Ana,
8582830,3517736,Santa Ana del Valle,
8582832,3517727,Santa Ana Tlapacoyan,
8582834,3801609,Santa Ana Zegache,
8582836,3517671,Santa Catarina Cuixtla,
8582838,3800513,San Marcos Zacatepec,
8582838,3517669,Santa Catarina Juquila,
8582840,3517666,Santa Catarina Loxicha,
8582841,3517665,Santa Catarina Mechoacán,
8582842,3517664,Santa Catarina Minas,
8582843,3517658,Santa Catarina Quiané,
8582844,3517655,Santa Catarina Tayata,
8582846,3526564,Jaumave,
8582846,9179585,Juamave,
8582849,3801185,Santa Cruz Acatepec,
8582850,8858159,Santa Cruz Amilpas,
8582851,3801016,Santa Cruz de Bravo,
8582852,3800733,Zaragoza,
8582853,3517533,Santa Cruz Mixtepec,
8582854,3517529,Santa Cruz Nundaco,
8582855,3521923,Santa Cruz Papalutla,
8582856,3517527,Santa Cruz Tacache de Mina,
8582858,3517525,Santa Cruz Tayata,
8582859,3517519,Santa Cruz Xitla,
8582860,3532726,San Antonio Arrazola,
8582860,8859549,San Francisco Javier,
8582860,8858986,San Isidro Monjas,
8582860,9626582,San Juan Bautista la Raya,
8582860,3517517,Santa Cruz Xoxocotlán,
8582861,3800327,Quinicuena,
8582862,3517454,Santa Gertrudis,
8582863,3517424,Santa Inés del Monte,
8582864,3801626,Santa Inés Yatzeche,
8582865,9622411,San Francisco Tutla,
8582866,3517363,Santa Lucía,
8582867,3517805,Nopalera,
8582868,9621865,Santa Lucía Ocotlán,
8582869,3517292,Santa María Alotepec,
8582870,3517289,Santa María Apazco,
8582871,8859677,Llano de Agua,
8582871,3517242,Santa María la Asunción,
8582872,8859280,Barrio San Diego,
8582872,3517285,Heroica Ciudad de Tlaxiaco,
8582873,3517281,Ayoquezco de Aldama,
8582874,8859500,Fraccionamiento Riberas de San Jerónimo,
8582874,8859852,La Cañada,
8582874,8858857,San Jerónimo Yahuiche,
8582874,3517280,Santa María Atzompa,
8582875,3517278,Santa María Camotlán,
8582876,8858164,Brisas de Zicatela,
8582876,3800571,La Barra de Colotepec,
8582876,3517266,Santa María Colotepec,
8582879,3517277,Santa María Chachoápam,
8582882,8858542,Santa María Chimalapa,
8582883,3800909,Santa María del Rosario,
8582884,3517254,Santa María del Tule,
8582885,3517253,Santa María Ecatepec,
8582885,3801741,Santa María Zapotitlán,
8582886,3801820,Santa María Guelacé,
8582887,3517252,Santa María Guenagati,
8582888,8858124,Crucecita,
8582888,8859373,Cuapinolito (Azulillo),
8582888,3801799,La Erradura,
8582888,3517251,Santa María Huatulco,
8582888,8858459,Sector H Tres,
8582889,3800385,José María Morelos,
8582889,3517274,Santa María Chicometepec,
8582889,3517250,Santa María Huazolotitlán,
8582890,3517249,Ipalapa,
8582890,3800728,Zocoteaca de León,
8582892,3517245,Santa María Jacatepec,
8582892,8859343,Vega del Sol,
8582893,3801642,Santa María Jalapa del Marqués,
8582895,3800765,Santa María Lachixío,
8582896,3523120,Santa María Mixtequilla,
8582897,3517230,Santa María Nativitas,
8582898,3517227,Santa María Nduayaco,
8582899,3517528,Santa Cruz Ozolotepec,
8582900,3762701,Santa María Pápalo,
8582902,3800275,El Bajío,
8582902,8858561,Llano Suchiapa,
8582902,3517220,Santa María Petapa,
8582903,3520902,Santa María Quiegolani,
8582904,3517216,Santa María Sola,
8582906,3517210,Tecomavaca,
8582907,3762739,Santa María Temaxcalapa,
8582908,3517208,Temaxcaltepec,
8582909,3517206,Santa María Teopoxco,
8582910,3517205,Santa María Tepantlali,
8582911,3801056,Santa María Texcatitlán,
8582912,3517198,Santa María Tlahuitoltepec,
8582914,3800596,San Francisco Cozoaltepec,
8582914,3517196,Santa María Tonameca,
8582916,3514576,Santa María Xadani,
8582917,3517184,Santa María Yalina,
8582918,3517183,Santa María Yavesía,
8582921,3800813,Santa María Yucuhiti,
8582922,3800731,San Juan Cabeza del Río,
8582922,3800724,San Vicente Piñas,
8582922,3517178,Zacatepec,
8582923,3517176,Zaniza,
8582924,3517173,Santa María Zoquitlán,
8582925,3516971,Santiago Amoltepec,
8582926,3516970,Santiago Apoala,
8582927,3516627,Santiago Apóstol,
8582928,3516969,Santiago Astata,
8582930,3516966,Santiago Ayuquililla,
8582931,3531883,Santiago Cacaloxtepec,
8582932,3530844,Santiago Camotlán,
8582933,3516959,Santiago Comaltepec,
8582934,3516964,Villa de Santiago Chazumba,
8582935,3762729,San Juan del Río,
8582935,3516963,Santiago Choápam,
8582937,3516952,Santiago Huajolotitlán,
8582938,3516951,Santiago Huauclilla,
8582940,3516949,Santiago Ixcuintepec,
8582941,3800782,La Humedad,
8582941,3526677,Santiago Ixtayutla,
8582942,3516948,Santiago Jamiltepec,
8582943,3801451,Río Chiquito,
8582943,8858951,San Antonio las Palmas,
8582944,3514203,Santa María Yucunicoco,
8582944,8859866,Santa Rosa Caxtlahuaca,
8582944,3516945,Santiago Juxtlahuaca,
8582945,3516944,Santiago Lachiguiri,
8582946,3516943,Santiago Lalopa,
8582947,3516942,Santiago Laollaga,
8582948,3516940,Santiago Laxopa,
8582949,3517264,Santa María Cortijo,
8582949,3800368,Santiago Llano Grande,
8582950,3518131,San Pablo Guilá,
8582950,3516937,Santiago Matatlán,
8582951,3516934,Santiago Miltepec,
8582954,3516931,Santiago Nejapilla,
8582955,3516930,Santiago Nundiche,
8582956,3516929,Santiago Nuyoó,
8582957,3530142,Collantes,
8582957,3529090,Corralero,
8582957,3531484,El Carrizo,
8582957,3529143,El Ciruelo,
8582957,3523637,Mancuernas,
8582957,3516926,Pinotepa Nacional,
8582957,3517243,Santa María Jicaltepec,
8582958,3517535,Santa Cruz Lachixolana,
8582958,3516923,Santiago Suchilquitongo,
8582959,3801025,Santiago Tamazola,
8582960,3516922,Santiago Tapextla,
8582961,8859890,Villa Tejúpam de la Unión,
8582962,3800919,Santiago Tenango,
8582964,3800404,Santiago Tetepec,
8582965,3516918,Santiago Texcalcingo,
8582966,3800745,Santiago Textitlán,
8582967,3800912,Santiago Tilantongo,
8582968,3515576,Santiago Tillo,
8582970,3801747,Santiago Xanica,
8582972,3516909,Santiago Yaitepec,
8582973,3518647,San Juan Jaltepec,
8582974,3800940,Santiago Yolomécatl,
8582975,3800706,Santiago Yosondúa,
8582977,8858944,La Candelaria,
8582977,3523298,San Juan Metaltepec,
8582977,3516906,Zacatepec,
8582978,3516904,Santiago Zoochila,
8582980,3801892,La Blanca,
8582981,3516859,Santo Domingo Albarradas,
8582982,3800370,Santo Domingo Armenta,
8582983,3516855,Santo Domingo Chihuitán,
8582984,3800625,San José Piedras Negras,
8582984,3800610,Santo Domingo de Morelos,
8582987,3522238,Santo Domingo Ozolotepec,
8582988,3516846,Santo Domingo Petapa,
8582989,3801425,Santo Domingo Roayaga,
8582990,8859519,Colonia Jordán,
8582990,8859870,Colonia San Luis,
8582990,8858575,La Noria,
8582990,3522938,Morro de Mazatán,
8582990,3520288,Rincón Moreno,
8582990,3517440,Santa Gertrudis Miramar,
8582990,3516843,Santo Domingo Tehuantepec,
8582991,3800767,Santo Domingo Teojomulco,
8582992,3516842,Santo Domingo Tepuxtepec,
8582993,3516840,Santo Domingo Tlatayápam,
8582994,3515270,Santo Domingo Tomaltepec,
8582995,3516720,San Sebastián del Monte,
8582995,3801034,Santo Domingo Tonalá,
8582995,3801030,Yetla de Juárez,
8582997,3516838,Santo Domingo Xagacía,
8582998,3514328,Santo Domingo Yanhuitlán,
8582999,3800995,Santo Domingo Yodohino,
8583000,3801901,General Pascual Fentes,
8583000,3516837,Santo Domingo Zanatepec,
8583001,3800506,Cerro del Aire,
8583001,3800507,Santa Lucía Teotepec,
8583001,3517235,Santa María Tiltepec,
8583001,3529907,Santiago Cuixtla,
8583001,3800500,Santos Reyes Nopala,
8583002,3516833,Santos Reyes Pápalo,
8583003,3516831,Santos Reyes Tepejillo,
8583005,3517641,Santa Cecilia Jalieza,
8583005,3516848,Santo Domingo Jalieza,
8583005,3516812,Santo Tomás Jalieza,
8583006,3516810,Mazaltepec,
8583008,3800449,Santo Tomás Tamazulapam,
8583009,3516770,San Vicente Coatlán,
8583010,8859238,Acachapan y Colmena 3ra. Sección,
8583010,8858263,Anacleto Canabal 2da. Sección,
8583010,8858523,Anacleto Canabal 3ra. Sección,
8583010,8859708,Barrancas y Amate 3ra. Sección,
8583010,8858429,Buena Vista 1ra. Sección,
8583010,8858479,Constitución,
8583010,3802683,Dos Montes,
8583010,8859641,El Bajío,
8583010,3802682,Emiliano Zapata,
8583010,8858278,Fraccionamiento Ocuiltzapotlán Dos,
8583010,8859055,Gaviotas Sur (El Cedral),
8583010,6690612,Huapinol,
8583010,8859302,Jolochero 2da. Sección,
8583010,3802411,La Ceiba,
8583010,8858247,La Lima,
8583010,8859316,La Manga 2da. Sección (El Jobal),
8583010,3802685,La Palma,
8583010,8858765,Lagartera 1ra. Sección,
8583010,8859704,Los Sauces,
8583010,3523828,Luis Gil Pérez,
8583010,3523794,Macultepec,
8583010,3802417,Medellín y Madero Segunda Sección,
8583010,8859395,Pablo L. Sidar,
8583010,3802710,Parrilla,
8583010,3802723,Playas del Rosario,
8583010,3802719,Pueblo Nuevo de las Raíces,
8583010,3802698,Río Viejo Primera Sección,
8583010,6690611,Santa Fé,
8583010,3516344,Tamulté de las Sabanas,
8583010,3514670,Villahermosa,
8583011,3516766,San Vicente Lachixío,
8583012,3800937,San Vicente Nuñú,
8583013,3800962,Silacayoápam,
8583014,3800458,Sitio de Xitlapehua,
8583016,3801045,Tamazulapam Villa del Progreso,
8583017,3515972,Tanetze de Zaragoza,
8583018,3801849,Taniche,
8583019,3800411,Tataltepec de Valdés,
8583019,3800412,Tepenixtlahuaca,
8583020,3801415,Teococuilco de Marcos Pérez,
8583021,3801145,Teotitlán de Flores Magón,
8583022,3515933,Teotitlán del Valle,
8583025,3515694,Tezoatlán de Segura y Luna,
8583026,8858509,Macuilxóchitl de Artigas Carranza,
8583026,3515488,San Jerónimo Tlacochahuaya,
8583027,8858580,Fraccionamiento Ciudad Yagul,
8583027,3515484,Tlacolula de Matamoros,
8583029,3515442,Tlalixtac de Cabrera,
8583030,3515188,Totontepec Villa de Morelos,
8583031,3515086,Trinidad Zaachila,
8583033,3514916,Unión Hidalgo,
8583035,3801366,Arroyo de Banco,
8583035,8859360,Cerro Armadillo Grande,
8583035,3518722,San Juan Bautista Valle Nacional,
8583035,8859665,Santa Fe y la Mar,
8583036,3801447,San Miguel del Valle,
8583036,3529778,Villa Díaz Ordaz,
8583037,3514292,Yaxe,
8583038,3514238,Magdalena Yodocono de Porfirio Díaz,
8583039,3514234,Yogana,
8583040,3514192,Yutanduchi de Guerrero,
8583041,8858827,Fraccionamiento Real del Valle,
8583041,8858131,Vicente Guerrero,
8583041,3514189,Villa de Zaachila,
8583043,3801099,Zapotitlán Lagunas,
8583044,3514064,Zapotitlán Palmas,
8583046,3801822,San Nicolás Quialana,
8583046,3801829,Valdeflores,
8583046,3514027,Zimatlán de Álvarez,
8583047,3533486,Acajete,
8583047,8858552,Apango de Zaragoza,
8583047,3523752,La Magdalena Tetela Morelos,
8583047,11087403,San Agustín Tlaxco,
8583047,11087421,San Antonio Tlacamilco,
8583047,3519061,San Jerónimo Ocotitla,
8583047,3515806,San Juan Tepulco,
8583047,11087404,Santa María Nenetzintla,
8583047,3515906,Tepatlaxco de Hidalgo,
8583047,3818748,Tlacamilco,
8583048,3518905,San José Acateno,
8583049,3533440,Acatlán de Osorio,
8583049,3532911,Amatitlán de Azueta,
8583049,3819010,Hermenegildo Galeana,
8583049,8859322,Las Nieves,
8583049,3532146,San Vicente Boquerón,
8583049,8859862,Tetelcingo,
8583050,3533433,Acatzingo,
8583050,3818846,Actipan de Morelos,
8583050,8859428,Carmen Serdán,
8583050,8859800,Guadalupe Morelos,
8583050,11087507,Nicolás Bravo,
8583050,8858724,Progreso de Juárez,
8583050,3818752,San Sebastián Teteles,
8583050,3517797,Villanueva,
8583051,3533395,Acteopan,
8583051,3530461,Cohuecán,
8583052,3533168,Ahuacatlán,
8583052,8859555,Pochálcatl,
8583052,8859134,San Jerónimo Coaltepec,
8583052,3528568,San Marcos Eloxochitlán,
8583052,3515473,Tlacotepec (San Mateo),
8583052,3515341,Tlayehualancingo,
8583052,3818619,Xochicuautla,
8583053,3533153,Ahuatlán,
8583053,3518515,Tejaluca,
8583054,3533150,Ahuazotepec,
8583054,3532270,Beristain,
8583055,3533146,Ahuehuetitla,
8583056,3533126,Ajalpan,
8583056,8859515,Chichicapa,
8583056,8859242,Coxolico,
8583056,8858880,Cuautotolapan (San José),
8583056,8858849,Cuaxuxpa,
8583056,8859211,Huitzmaloc,
8583056,8859762,San José Buena Vista,
8583056,11097880,San Sebastián Alcomunga,
8583056,8858661,Tecpantzacoalco,
8583057,3533431,Acaxtlahuacán de Albino Zertuche,
8583058,3533058,Aljojuca,
8583058,3518238,San Miguel Tecuitlapa,
8583059,3532989,Altepexi,
8583060,3532890,Amixtlán,
8583060,3529976,Cuautotola,
8583061,3532881,Amozoc de Mota,
8583061,8858116,Casa Blanca,
8583061,3530328,Concepción Capulac (La Ex-Hacienda),
8583062,3532772,Aquixtla,
8583063,8858909,Apatauyan,
8583063,3532639,Atempan,
8583063,8859206,Atzalán,
8583063,8859233,Cala Norte,
8583063,8858548,Cala Sur,
8583063,8858302,Tacopan,
8583063,8859355,Tanhuixco,
8583063,8858820,Tezhuatepec,
8583065,3532592,Atlixco,
8583065,3518019,Ciudad de Atlixco,
8583065,8858777,Colonia Agrícola de Ocotepec (Colonia San José),
8583065,8858652,El Encanto del Cerril,
8583065,3519978,San Agustín Huixaxtla,
8583065,3519401,San Félix Hidalgo,
8583065,3818905,San Isidro Huilotepec,
8583065,11095456,San Jerónimo Coyula,
8583065,3518620,San Juan Tejaluca,
8583065,8858409,San Pedro Benito Juárez,
8583065,3818895,Santa Lucía Cosamaloapan,
8583065,3516856,Santo Domingo Atoyatempan,
8583066,3532569,Atoyatempan,
8583067,3532563,Atzala,
8583068,3518739,San Juan Amecac,
8583068,8859681,San Miguel Aguacomulican,
8583068,3516967,Santiago Atzitzihuacán,
8583068,3518619,Tejupa,
8583069,3532560,Atzitzintla,
8583069,3818806,Paso Carretas,
8583069,3815428,San Miguel Analco,
8583069,8859502,Santa Cruz Texmalaquilla,
8583070,3532537,Axutla,
8583071,3532514,Ayotoxco de Guerrero,
8583071,9093093,Buena Vista,
8583072,3519930,San Andrés Calpan,
8583072,9870940,San Lucas Atzala,
8583072,3522240,San Mateo Ozolco,
8583074,3531743,Camocuautla,
8583075,3531398,Caxhuacán,
8583077,3530514,Coatzingo,
8583080,3517265,Coronango,
8583080,8858205,San Antonio Mihuacán,
8583080,3522454,San Francisco Ocotlán,
8583081,3819040,Calipan,
8583081,3530150,Coxcatlán,
8583081,3522457,Ocotlamanic,
8583081,3515594,San José Tilapa,
8583081,3516151,Tecoltepec,
8583082,3517263,Coyomeapan,
8583082,3518707,San Juan Cuautla,
8583082,8859265,Tlixco,
8583083,3530032,Cuapiaxtla de Madero,
8583083,8859882,Miguel Negrete,
8583084,3519458,Cuautempan,
8583084,3526664,Ixtolco de Morelos,
8583085,3529988,Cuautinchán,
8583085,8858558,San Jerónimo Almoloya,
8583086,3518543,Almecatla,
8583086,8858702,Barrio de Nuevo León,
8583086,3529981,Cuautlancingo,
8583086,8858317,La Trinidad Chautenco,
8583086,3519531,Sanctorum,
8583087,3518008,San Pedro Cuayuca,
8583088,8858235,Ciudad de Cuetzalan,
8583088,8859682,Cuauhtamazaco,
8583088,3529932,Cuetzalan,
8583088,3514331,Santiago Yancuictlalpan,
8583088,8859294,Tepetitán Reyeshogpan de Hidalgo,
8583088,3514970,Tzinacapan,
8583088,8859617,Xiloxochico de Rafael Ávila Camacho,
8583089,3818659,Allende,
8583089,3529866,Cuyoaco,
8583089,3519917,San Andrés Payuca,
8583089,3518175,Temextla,
8583090,3533155,Ahuatepec de Camino,
8583090,3530584,Ciudad Serdán,
8583090,3818808,El Veladero,
8583090,3818804,San Francisco Cuautlancingo,
8583090,3518409,San Martín Ojo de Agua,
8583090,3818799,San Miguel Ocotenco,
8583090,3818842,San Pedro Temamatla,
8583090,3517211,Techachalco,
8583091,3818819,Chapulco,
8583092,3818729,San Agustín Atzompa,
8583092,3818733,San Antonio Tlatenco,
8583092,3518613,San Juan Tetla,
8583092,3518542,San Lorenzo Chiautzingo,
8583092,8858528,San Nicolás Zecalacoayan,
8583093,3530930,Chiconcuautla,
8583093,8858748,San Lorenzo Tlaxipehuala,
8583093,3515355,Tlaxco (Santiago Tlaxco),
8583093,8859034,Toxtla,
8583093,3514042,Zempoala,
8583094,3530944,Chichiquila,
8583094,8859007,El Palmar,
8583094,3526986,Huaxcaleca,
8583094,8859875,Nenehuaca,
8583095,3532636,Atencingo,
8583095,3530913,Chietla,
8583096,3530909,Chigmecatitlán,
8583097,3530908,Chignahuapan,
8583097,8858461,Ixtlahuaca Barrio,
8583097,9022789,Loma Alta,
8583097,3523444,Matlahuacales Aquiles Serdán,
8583097,3523236,Michac,
8583097,8859461,San Antonio Matlahuacales,
8583097,3818708,Villa Cuauhtémoc,
8583098,3530907,Chinautla,
8583098,8858533,Coahuixco,
8583098,8858547,San Isidro,
8583098,8858363,Sosa,
8583098,8859827,Yopi,
8583099,3801163,Chila,
8583100,3530890,Chila de la Sal,
8583101,3530895,Chila de Juárez,
8583101,9092176,Honey,
8583101,3525426,La Magdalena,
8583101,8859406,Tonalixco,
8583102,8859568,El Carmen,
8583102,3818790,Francisco I. Madero,
8583102,8859938,Ignacio Zaragoza,
8583102,3520876,Rafael J. García,
8583102,3519830,San Antonio,
8583102,8859719,San José Manzanitos,
8583103,3530833,Chinantla,
8583104,3529730,Domingo Arenas,
8583105,3528569,Eloxochitlán,
8583105,8859871,Loma Bonita,
8583106,3518680,San Juan Epatlán,
8583106,3517732,Santa Ana Necoxtla,
8583107,3527748,Esperanza,
8583107,3818813,San José Cuyachapa,
8583108,3526882,Huitzilac,
8583108,3818574,Jaltocan,
8583108,3761109,La Pahua,
8583108,3523296,Metlaltoyuca,
8583109,8859905,Candelaria Portezuelo,
8583109,8858364,San Antonio Portezuelo,
8583109,3518134,San Pablo de las Tunas,
8583109,3516001,Santiago Tenango,
8583110,3527349,Guadalupe Santa Ana,
8583111,3818786,Guadalupe Victoria,
8583111,3520924,Quechulac,
8583112,3532246,Bienvenido,
8583113,3531888,Cacaloxúchitl,
8583113,3527006,Huaquechula,
8583113,3818921,San Diego el Organal,
8583113,3526910,San Juan Huiluco,
8583113,3517740,Santa Ana Coatepec,
8583113,3818907,Soledad Morelos,
8583113,3818906,Teacalco de Dorantes (San José Teacalco),
8583113,3515692,Tezonteopan de Bonilla,
8583113,8859151,Tronconal,
8583114,3526995,Huatlatlauca,
8583114,3818882,Tepetzitzintla,
8583115,8858802,Ahuacatlán,
8583115,3818607,Cuacuila,
8583115,3526992,Huauchinango,
8583115,3526917,Huilacapixtla,
8583115,8858400,Las Colonias de Hidalgo,
8583115,8858708,Papatlazolco,
8583115,8858195,Tenango de las Flores,
8583115,3818600,Venta Grande,
8583115,3514588,Xaltepec,
8583115,3514501,Xilocuautla,
8583116,8858782,Cinco de Mayo,
8583116,3526961,Huehuetla,
8583116,8858779,Leacaman,
8583116,8859082,Lipuntahuaca,
8583116,3522241,Ozelonacaxtla,
8583116,8859274,Putlunichuchut (Vista Hermosa),
8583116,8858684,Xonalpu,
8583117,3818938,Huehuetlan el Chico,
8583117,3818941,Tzicatlán,
8583118,3526953,Huejotzingo,
8583118,8859371,Los Encinos,
8583118,8859095,San Juan Pancoac,
8583118,3530116,San Luis Coyotzingo,
8583118,8858608,San Mateo Capultitlán,
8583118,8858597,San Miguel Tianguizolco,
8583118,3514597,Santa Ana Xalmimilulco,
8583118,3532631,Santa María Atexcac,
8583118,3818734,Santa María Nepopualco,
8583119,3818645,Hueyapán,
8583119,8859706,Nexpan,
8583119,8858883,Tanamacoyan,
8583120,8859298,El Progreso,
8583120,3526927,Hueytamalco,
8583121,3526925,Hueytlalpan,
8583122,3526880,Huitzilan,
8583122,8858581,San Miguel del Progreso,
8583122,8859779,Zoyotla,
8583123,3818865,Dolores Hidalgo,
8583123,3517741,Santa Ana Coapan,
8583123,3517619,Santa Clara Huitziltepec,
8583124,3532598,Atlequizayan,
8583124,8859527,Ignacio Allende (Concepción),
8583125,3818963,Ixcamilpa,
8583126,3518651,San Juan Ixcaquixtla,
8583127,8859855,Calpanería Atezquilla,
8583127,8859492,El Mirador,
8583127,3526699,Ixtacamaxtitlán,
8583127,8859309,La Unión Ejido Mexcaltepec,
8583128,3818621,Ixtepec,
8583129,3532506,Ayutla,
8583129,3530390,Colucan,
8583129,3526657,Izúcar de Matamoros,
8583129,8858309,La Galarza,
8583129,3523442,Matzaco,
8583129,3818916,San Carlos,
8583129,8859250,San Juan Colón,
8583129,3818912,San Juan Raboso,
8583129,11097028,San Nicolás Tolentino,
8583129,3514372,Xuchapa,
8583130,3532809,Apapantilla,
8583131,3818946,Huachinantla,
8583131,3819050,Jolalpan,
8583131,3818949,Xochitepec,
8583132,3526454,Jonotla,
8583133,8858899,Buenos Aires,
8583133,3530925,Chicontla,
8583133,3526452,Jopala,
8583133,3521759,Patla,
8583133,3515389,San Pedro Tlaolantongo,
8583134,3530040,Cuanalá,
8583134,8858137,Santa María Zacatepec,
8583135,3522777,Necaxa,
8583135,9092178,Nuevo Necaxa,
8583136,3532637,Juan N. Méndez,
8583137,8859198,Cuauhtémoc,
8583137,3818785,González Ortega,
8583137,3520024,Saltillo,
8583137,3515401,Tlanalapan,
8583138,3526118,La Cañada,
8583138,3524374,Libres,
8583138,3818776,Nuevo México,
8583138,8859289,Progreso,
8583138,3519585,San Carlos,
8583140,3818762,Mazapiltepec,
8583141,3519262,Mixtla,
8583142,3518881,San José de Gracia,
8583142,3526876,Santa Cruz Huitziltepec,
8583143,3518844,Ixtapa,
8583143,8859623,Los Garcías,
8583143,3522959,Morelos Cañada,
8583143,3818814,San Antonio Soledad,
8583144,3530253,Copila,
8583144,3818597,Icxotitla,
8583144,3522789,Naupan,
8583144,3818598,Tlaxpanaloya,
8583145,3522785,Nauzontla,
8583146,3522781,Nealtican,
8583147,3517151,Santander Jiménez,
8583148,3532469,Azumbilla,
8583148,3522741,Nicolás Bravo,
8583149,8859375,Colonia Obrera,
8583149,8858255,El Rincón Citlaltépetl,
8583149,3522645,Nopalucán,
8583149,3517246,Santa María Ixtiyucán,
8583149,8859755,Unidad Grajales INFONAVIT,
8583150,8859045,Guadalupe Victoria,
8583150,3522466,Ocotepec,
8583151,9515129,Chalchihuapan,
8583151,8859310,Francisco Sarabia,
8583151,8858294,San Bernabé Temoxtitla,
8583151,3517618,Santa Clara Ocoyucan,
8583151,3523697,Santa María Malacatepec,
8583151,8858941,Santa Martha Hidalgo,
8583152,8859584,Chipahuatlán,
8583152,8859648,Lacapan Camallagne,
8583152,3522363,Olintla,
8583152,8859077,Vicente Guerrero,
8583153,3818770,Miravalles,
8583153,3522317,Oriental,
8583153,3514643,San Antonio Virreyes,
8583153,3514162,Zacatepec,
8583154,3818596,Atla,
8583154,3522198,Pahuatlán de Valle,
8583154,3518174,San Pablito,
8583154,3818595,Xolotla,
8583155,8858554,Bellavista de Victoria (San José Bellavista),
8583155,3530056,Cuacnopalan,
8583155,3818810,Cuesta Blanca,
8583155,8858462,Jesús Nazareno,
8583155,3818839,La Purísima,
8583155,3522130,Palmar de Bravo,
8583155,8859176,San Isidro Monterrosas,
8583155,3514589,Xaltepec,
8583156,3532897,Ameluca,
8583156,3523404,Mecapalapa,
8583156,3521947,Pantepec,
8583157,3521597,Petlalcingo,
8583157,3819054,Texcalapa de Juárez,
8583158,3521592,Piaxtla,
8583158,3521112,Progreso,
8583159,8859863,18 de Marzo,
8583159,8859228,Artículo Primero Constitucional,
8583159,8859537,Buenavista Tetela,
8583159,3516818,Chautla,
8583159,8859894,El Capulo (La Quebradora),
8583159,8858456,Galaxia la Calera,
8583159,3520356,La Resurrección,
8583159,3524160,Los Ángeles Tetela,
8583159,8858978,Primero de Mayo,
8583159,3521081,Puebla,
8583159,8858178,San Andrés Azumiatla,
8583159,3518281,San Miguel Canoa,
8583159,8858624,San Miguel Espejo,
8583159,8858324,San Pedro Zacachimalpa,
8583159,8858211,San Sebastián de Aparicio,
8583159,3516165,Santa María Guadalupe Tecola,
8583159,3517190,Santa María Xonacatepec,
8583160,3818840,Guadalupe Enríquez,
8583160,11096605,La Compañia,
8583160,3522118,Palmarito Tochapan,
8583160,3520926,Quecholac,
8583160,3818841,San Bartolomé,
8583160,3517786,San Simón,
8583160,8858637,Santa Catarina Villanueva,
8583160,3514988,Tuzuapan,
8583161,8859867,Buenavista,
8583161,8859775,Rincón de los Reyes,
8583161,3515393,Tlanepantla,
8583161,3515182,Tozihuic,
8583161,3514145,Xacaxomulco,
8583162,3520875,Grajales,
8583162,11087535,Juan de la Granja,
8583162,3818758,Máximo Serdán,
8583163,11087502,Benito Juárez,
8583163,8858783,Buenavista de Juárez,
8583163,3523909,Los Reyes de Juárez,
8583163,8858469,Santiago Acozac,
8583164,3818742,San Andrés Cholula,
8583164,3515358,San Bernardino Tlaxcalancingo,
8583164,3518479,San Luis Tehuiloyocan,
8583165,3519456,Necoxcalco,
8583165,3519732,San Antonio Cañada,
8583167,3532562,San Matías Atzala,
8583167,3519405,Teotlaltzingo,
8583169,3519230,San Gabriel Chilac,
8583169,3518735,San Juan Atzingo,
8583170,8858367,Chipilo de Francisco Javier Mina,
8583170,3519216,San Gregorio Atzompa,
8583171,8858906,Los Reyes Tlanechicolpan,
8583171,8859036,San Miguel Papaxtla,
8583171,3519055,Tecuanipan,
8583172,3519053,San Jerónimo Xayacatlán,
8583173,3518892,San José Chiapa,
8583173,8859035,San José Ozumba,
8583174,3819032,Axuxco,
8583174,3518835,Miahuatlán,
8583174,3519065,San Jerónimo Axochitlán,
8583174,3517958,San Pedro Tetitlán,
8583175,3518738,San Juan Atenco,
8583176,3518734,San Juan Atzompa,
8583177,3517231,Moyotzingo,
8583177,8858310,San Buenaventura Tecaltzingo,
8583177,8858306,San Francisco Tepeyecac,
8583177,9082399,San Juan Tuxco,
8583177,3518407,San Martin Texmelucan de Labastida,
8583177,8858120,San Rafael Tlanalapan,
8583177,9870876,Tianguismanalco,
8583178,3518405,Totoltepec,
8583179,8858410,Juárez Coronaco,
8583179,8859124,San Francisco Tláloc,
8583179,3518352,San Matias Tlalancaleca,
8583180,3518259,San Miguel Ixitlán,
8583181,3518224,San Miguel Xoxtla,
8583182,3818769,Emilio Portes Gil,
8583182,3518182,San Nicolas Buenos Aires,
8583183,3518181,San Nicolás de los Ranchos,
8583183,8858490,San Pedro Yancuitlalpan,
8583183,3514598,Xalitzintla,
8583184,3518141,San Pablo Anicano,
8583185,3517294,Acuexcomac,
8583185,3530757,Cholula,
8583185,9870980,San Francisco Cuapa,
8583185,3523061,Santiago Momoxpan,
8583185,9870991,Zacapechpan,
8583186,3516478,Suma de Hidalgo,
8583188,8859732,Guadalupe Victoria,
8583188,3517831,San Salvador El Seco,
8583188,3530532,Santa Maria Coatepec,
8583189,8858546,Analco de Ponciano Arriaga (Santa Cruz Analco),
8583189,3519925,San Andrés Hueyacatitla,
8583189,8858539,San Gregorio Aztotoacan,
8583189,8858177,San Lucas el Grande,
8583189,3517830,San Salvador el Verde,
8583189,9082282,San Simón Atzitzintla,
8583189,8858584,Tlacotepec de José Manzo,
8583190,3517829,Huixcolotla,
8583191,8859749,San Martín Mazateopan,
8583191,3515471,Tlacotepec,
8583192,3517652,Santa Catarina Tlaltempan,
8583193,3517426,Ahuatempan,
8583194,8858949,San Martín Tlamapa,
8583194,3818898,San Pablo Ahuatempa,
8583194,3517745,Santa Ana Acozautla,
8583194,3517400,Santa Isabel Cholula,
8583195,3516936,Miahuatlán,
8583195,8858406,San Isidro Vista Hermosa,
8583195,8858683,San José Monte Chiquito,
8583196,3818890,San Miguel Atlapulco,
8583196,3516851,Santo Domingo Huehuetlán,
8583197,3516813,Hueyotlipan,
8583197,3518222,Zacaola,
8583198,3818754,Libertad Álvaro Obregón,
8583198,3818753,San Mateo Soltepec,
8583198,3516552,Soltepec,
8583199,3533157,Ahuatepec,
8583199,3818875,Concepción Cuautla,
8583199,8858968,La Trinidad Tianguismanalco,
8583199,3818871,San Buenaventura,
8583199,11096412,San Luis Ajajalpan,
8583199,3818874,Santa Cruz Ajajalpan,
8583199,3516191,Tecali,
8583200,11096541,Francisco Villa,
8583200,8859135,La Laguna,
8583200,3818867,La Purísima,
8583200,8859776,La Soledad,
8583200,8859722,Lomas de Romero,
8583200,8859503,Lomas de Santa Cruz,
8583200,8858795,San Antonio la Portilla,
8583200,8858736,San Antonio Tecolco,
8583200,3818868,Santa Rosa,
8583200,3516973,Santiago Alseseca,
8583200,3516188,Tecamachalco,
8583200,3518363,Tlaixpan,
8583200,8858529,Xochimilco,
8583201,3516139,Tecomatlán,
8583202,3523756,Magdalena Cuayucatepec,
8583202,3819030,Necoxtla,
8583202,3517660,Santa Catarina Otzolotepec,
8583202,8858803,Santa Cruz Acapa,
8583202,3516109,Tehuacán,
8583202,3517729,Teloxtoc,
8583202,3518121,Tepetzingo,
8583203,3818985,Tehuitzingo,
8583204,3531276,El Chacal,
8583204,3516009,Tenampulco,
8583205,3515939,Teopantlán,
8583206,3818942,Teotlalco,
8583207,3819027,Francisco Ignacio Madero,
8583207,3519931,San Andrés Cacaloapan,
8583207,3518477,Temalacayuca,
8583207,3519632,Teontepec,
8583207,3515915,Tepanco,
8583208,3515911,Tepango,
8583210,11096473,Actipan,
8583210,3818750,Álvaro Obregón,
8583210,8859700,Guadalupe Calderón,
8583210,8858796,San Bartolomé Hueyapan,
8583210,8859335,San Cristóbal Hidalgo,
8583210,8859456,San Cristóbal los Nava,
8583210,3519207,San Hipólito,
8583210,8858611,San José Carpinteros,
8583210,8858962,San Lorenzo Joya de Rodríguez,
8583210,3518371,San Mateo Parra,
8583210,8858361,San Nicolás Zoyapetlayoca,
8583210,3518410,San Pedro la Joya,
8583210,3516975,Santiago Acatlán,
8583210,3515904,Tepeaca,
8583210,8858743,Zahuatlán de Morelos (San José),
8583212,3515877,Tepeojuma,
8583213,3515855,Tepetzintla,
8583213,8858756,Tlamanca de Hernández,
8583213,3518227,Tonalixco,
8583213,3519667,Xochitlaxco (San Baltazar),
8583214,3531790,Calmeca,
8583214,3515849,Tepexco,
8583215,3533040,Almolonga,
8583215,3818855,El Progreso,
8583215,3527026,Huajoyuca,
8583215,3526955,Huejonapan,
8583215,3519408,San Felipe Otlaltepec,
8583215,3515848,Tepexi,
8583215,3818856,Tula,
8583216,3518904,Alchichica,
8583216,3818782,Chichicuautla,
8583216,3818780,El Fuerte de la Unión,
8583216,3818656,Guadalupe Sarabia,
8583216,3818781,Itzoteno,
8583216,3515842,Tepeyehualco de Hidalgo,
8583217,3515844,Tepeyahualco,
8583218,3532278,Benito Juárez,
8583218,3515762,Tetela de Ocampo,
8583218,8859378,Zoyatitla,
8583219,3515757,Teteles de Avila Castillo,
8583220,8858260,Atoluca,
8583220,8859155,Cuaxoxpan,
8583220,8859291,Ixtahuiata (La Legua),
8583220,8859014,Ixticpan,
8583220,8859788,Ixtlahuaca,
8583220,3523280,Mexcalcuautla,
8583220,3518743,San Acateno,
8583220,8858713,San Diego,
8583220,8859597,San Juan Tezongo,
8583220,3517821,San Sebastián,
8583220,8859376,Sección 23,
8583220,3515696,Teziutlan,
8583220,8858427,Xoloateno,
8583221,3519670,San Baltazar Atlimeyaya,
8583221,3518406,San Martín Tlapala,
8583221,3518611,Tianguismanalco,
8583222,3529920,Cuexpala,
8583222,8859658,San Félix Rijo,
8583222,3515592,Tilapa,
8583222,8859556,Zolonquiapa,
8583223,3818832,Pericotepec,
8583223,3818833,San José Buenavista,
8583223,3518823,San José Tlacuitlapan,
8583223,3518513,San Lucas el Viejo,
8583223,3518439,San Marcos Tlacoyalco,
8583223,3818836,San Martín Esperilla,
8583223,3517241,Santa María la Alta,
8583223,8858414,Santo Nombre,
8583223,3818849,Tepazolco,
8583223,3515864,Tepetlacolco,
8583223,3515476,Tlacotepec,
8583224,3521928,Papaloctipan,
8583224,3517971,San Pedro Petlacotla,
8583224,3515465,Tlacuilotepec,
8583225,8859203,Álamos Tepetitlán,
8583225,3520906,Emancipación Quetzalapa,
8583225,3818789,Guadalupe Libertad,
8583225,3818797,José María Morelos,
8583225,8859512,Lázaro Cárdenas,
8583225,8859806,Manuel Edgardo Ávalos (San Isidro),
8583225,3521803,Paso Nacional,
8583225,8858511,San Francisco Independencia (Santa María Aserradero),
8583225,3818798,San Miguel Zoapan,
8583225,3515869,Santa Cecilia Tepetitlán,
8583225,3517421,Santa Inés Varela la Luz,
8583225,3515496,Tlachichuca,
8583226,8858463,Guadalupe Zaragoza,
8583226,8859174,Ignacio Manuel Altamirano,
8583226,3818726,San Juan Cuauhtémoc,
8583226,8858388,San Miguel Tianguistenco,
8583226,8859328,San Pedro Matamoros,
8583226,3517875,San Rafael Ixtapalucan,
8583226,8859636,Santa Cruz Otlatla,
8583226,8858339,Santa María Texmelucan,
8583226,3517095,Santa Rita Tlahuapan,
8583226,3516960,Santiago Coltzingo,
8583227,3515420,Tlaltenango,
8583228,3515394,Tlanepantla,
8583229,8858506,Chicahuaxtla,
8583229,3818609,Quamila,
8583229,3818615,Tlaltepango,
8583229,3818616,Tlaola,
8583229,3514584,Xaltepuxtla,
8583229,3514446,Xochinanacatlán,
8583230,8859926,Tlamaya Grande,
8583231,3530535,Coatepec,
8583231,3515910,Tepapayeca,
8583231,3818920,Tlapanalá,
8583232,3818673,Ciudad de Tlatlauquitepec,
8583232,3818672,El Mirador,
8583232,8858967,Gómez Poniente,
8583232,3523414,Mazatepec,
8583232,3522453,Ocotlán de Betancourt,
8583232,3522244,Oyameles de Hidalgo,
8583232,8859212,Pezmatlán,
8583232,8858745,Tatauzoquico,
8583232,8859207,Tepeteno de Iturbide,
8583232,3515363,Tlatlauquitepec,
8583232,3818671,Xonocuautla,
8583233,3515354,Tlaxco,
8583234,3525421,La Magdalena Yancuitlalpan,
8583234,3533025,San Antonio Alpanocan,
8583234,3818923,Santa Cruz Cuautomatitla,
8583234,3518239,Tecuanipa,
8583234,3515332,Tochimilco,
8583234,3515057,Tulcingo,
8583235,3518539,Ometepec,
8583235,3531782,San Martín Caltenco,
8583235,3515330,Tochtepec,
8583236,3515192,Totoltepec de Guerrero,
8583237,3515056,Tulcingo de Valle,
8583238,3514997,Tuzamapan,
8583239,3818876,San Antonio Juárez,
8583239,3514978,Tzicatlacoyan,
8583240,3818822,Alhuaca,
8583240,8859420,Cuatro Caminos,
8583240,8859186,Rancho Nuevo,
8583240,3519617,San Bernardino Lagunas,
8583240,3517257,Santa María del Monte,
8583240,3819034,Telpatlán,
8583240,3819035,Tepetzitzintla,
8583240,8859516,Tulimanca,
8583241,3514566,Xayacatlán de Bravo,
8583242,8724362,Ahuaxintitla,
8583242,3525551,Gilberto Camacho,
8583242,8724360,San Antonio Ocopetlatlán,
8583242,8724319,San Lorenzo,
8583242,3517992,San Pedro Itztla,
8583242,3818585,Santa Rita,
8583242,8859741,Tierra Negra,
8583242,3515357,Tlaxcalantongo,
8583242,3761111,Villa Avila Camacho,
8583242,3514510,Xicotepec de Juárez,
8583243,3818966,Xicotlán,
8583244,3818653,Atecax,
8583244,8858618,San Andrés,
8583244,8859072,San Antonio,
8583244,8858422,San Francisco,
8583244,8858747,San José,
8583244,3518602,San Juan Xiutetelco,
8583244,8859003,San Martín,
8583244,8858595,San Salvador (Naranjillo),
8583244,8859110,Santiago,
8583244,8859414,Tomaquilapa,
8583245,3514463,Xochiapulco,
8583246,3532536,Ayotla,
8583246,3514452,Xochiltepec,
8583247,3527033,Huahuaxtla,
8583247,8858535,Zoatecpan,
8583248,3514433,Xochitlan Todos Santos,
8583249,3514326,Yaonahuac,
8583250,8858995,Ocotlán de Venustiano Carranza,
8583250,8858898,Rancho Chico,
8583250,3515735,San Gabriel Tetzoyocán,
8583250,3514272,Yehualtepec,
8583250,3518220,Zozutla,
8583251,3818674,Ahuacatlán,
8583251,3532653,Atalpan,
8583251,3530378,Comaltepec,
8583251,8859105,El Molino,
8583251,8858435,La Libertad,
8583251,3524751,Las Lomas,
8583251,8859008,Los Cristales (Talican),
8583251,8859654,Nexticapan,
8583251,8858687,San Francisco Zacapexpan,
8583251,3516426,San Juan Tahitic,
8583251,8859028,Santa Cruz Xaltetela,
8583251,8858299,Tatoxcac,
8583251,8859839,Texocoyohuac,
8583251,3818675,Xalacapan de Lucke,
8583251,8859468,Xalticpac,
8583251,3514179,Zacapoaxtla,
8583252,8858380,Atzingo (La Cumbre),
8583252,3531742,Camotepec,
8583252,3526516,Jicolapa,
8583252,8859147,Jilotzingo,
8583252,3818717,Las Lajas,
8583252,8859750,San Cristóbal Xochimilpa,
8583252,8859367,San Miguel Tenango,
8583252,8858833,San Pedro Atmatla,
8583252,3515888,Tepexco,
8583252,3818699,Tlatempa,
8583252,3515288,Tomatlán,
8583252,8858722,Xoxonacatla,
8583252,3514148,Zacatlán,
8583253,3519685,Texcala,
8583253,3514063,Zapotitlán,
8583254,3818622,Nanacatlán,
8583254,3515004,Tuxtla,
8583254,3514065,Zapotitlán,
8583255,8859767,Acuaco,
8583255,8859169,Morelos,
8583255,3514051,Zaragoza,
8583256,8859009,Emilio Carranza (Santa Cruz),
8583256,8859895,San Andrés Yahuitlalpan,
8583256,3518235,San Miguel Tenextatiloyan,
8583256,3515407,Tlamanca,
8583256,3516905,Zautla,
8583257,3818590,La Unión,
8583257,3514033,Zihuateutla,
8583258,3517795,Zinacatepec,
8583259,3514007,Zongozotla,
8583260,3513986,Zoquiopan,
8583261,3819039,Acatepec,
8583261,3514494,Xitlama,
8583261,3513984,Zoquitlán,
8583262,4018584,Amealco de Bonfil,
8583262,8859421,La Soledad,
8583262,4029692,Mesillas,
8583262,3519191,San Ildefonso Tultepec,
8583262,3986089,San José Ithó,
8583262,3985340,San Miguel Dehetí,
8583262,3998988,San Nicolás de la Torre,
8583262,4029679,Santiago Mexquititlán Barrio 4to.,
8583262,3825971,Yosphí,
8583263,8858831,Ahuacatlán de Guadalupe,
8583263,3521440,Pinal de Amoles,
8583264,3532686,Arroyo Seco,
8583264,3530354,Concá,
8583264,3520943,Purísima de Arista,
8583265,8858752,Bella Vista del Río,
8583265,3825908,Boxasní,
8583265,3532112,Boyé,
8583265,3531863,Cadereyta de Montes,
8583265,3528549,El Palmar,
8583265,3528260,El Rincón,
8583265,3527105,Higuerillas,
8583265,8859943,Puerto de Chiquihuite,
8583265,3514989,San Javier,
8583265,3825816,San Martín Florida,
8583265,3825915,Villa Guerrero,
8583265,3514624,Vizarrón de Montes,
8583266,4019042,Ajuchitlán,
8583266,4013487,Colón,
8583266,4010946,El Blanco,
8583266,4029549,El Gallo,
8583266,3979801,El Zamorano,
8583266,4006600,Esperanza,
8583266,4006064,Galeras,
8583266,4029381,La Carbonera,
8583266,8859662,Los Benitos,
8583266,8859096,Purísima de Cubos (La Purísima),
8583266,4029512,San Ildefonso,
8583266,3825864,San Martín,
8583266,3983486,San Vicente el Alto,
8583266,3825868,Santa Rosa de Lima,
8583266,4029540,Urecho,
8583266,3980308,Viborillas,
8583267,4029634,Bravo,
8583267,4029623,Charco Blanco,
8583267,4029461,Colonia los Ángeles,
8583267,4029629,El Jaral,
8583267,3980187,El Pueblito,
8583267,4029619,La Cueva,
8583267,4001188,La Negreta,
8583267,4029463,Los Olvera,
8583267,3997037,Lourdes,
8583267,9511750,San José de los Olvera,
8583267,8858122,Venceremos,
8583268,3532263,Bernal,
8583268,3529150,El Ciervo,
8583268,3527656,Ezequiel Montes,
8583268,8858885,San José del Jagüey,San Jose del Jagueey
8583268,3825909,Villa Progreso,
8583269,4029614,Apapátaro,
8583269,4003052,Ceja de Bravo,
8583269,4029615,El Milagro,
8583269,3980212,El Vegil,
8583269,4004529,Huimilpan,
8583269,9512860,La Ceja,
8583269,4029467,La Noria,
8583269,4002062,Lagunillas,
8583269,3999251,Las Taponas,
8583269,8858956,Los Cues,
8583269,3999246,San José Tepuzas,
8583269,3985151,San Pedro,
8583270,3526601,Jalpan de Serra,
8583271,3533187,Agua Zarca,
8583271,3525350,Landa de Matamoros,
8583272,4029523,Agua Azul,
8583272,4018812,Alfajayucan,
8583272,4018601,Amazcala,
8583272,4018017,Atongo,
8583272,4016200,Calamanda,
8583272,4014384,Chichimequillas,
8583272,4012616,Coyotillos,
8583272,4029472,El Carmen,
8583272,4009373,El Lobo,
8583272,4029510,El Paraíso,
8583272,8859449,El Pozo,
8583272,4029469,El Rosario,
8583272,4010260,General Lázaro Cárdenas,
8583272,8858298,General Lázaro Cárdenas (El Colorado),
8583272,8858594,Hacienda la Cruz [Fraccionamiento],
8583272,4029500,Jesús María,
8583272,4003211,La Cañada,
8583272,4002207,La Griega,
8583272,8859326,La Loma,
8583272,4029501,La Piedad,
8583272,8858213,La Pradera,
8583272,4029416,Las Lajitas,
8583272,3997282,Los Pocitos,
8583272,3993764,Palo Alto,
8583272,8859253,Paseos del Marqués,
8583272,4029397,Presa de Rayas,
8583272,4029498,Saldarriaga,
8583272,3995731,San Isidro Miranda,
8583272,8859565,San Miguel Amazcala,
8583272,3984979,San Rafael,
8583272,3983439,San Vicente Ferrer,
8583272,3984519,Santa Cruz,
8583272,4029488,Santa María Begoña,
8583272,4029415,Santa María de los Baños,
8583272,3981677,Tierra Blanca,
8583273,4019040,Ajuchitlancito,
8583273,4007554,El Sauz,
8583273,4019095,Epigmenio González,
8583273,4006655,Escolásticas,
8583273,4005383,Guadalupe Septién,
8583273,4009088,Ignacio Pérez,
8583273,4029583,La D,
8583273,4001597,La Lira,
8583273,4001033,La Palma,
8583273,4029514,Noria Nueva,
8583273,3993126,Pedro Escobedo,
8583273,3987398,San Clemente,
8583274,3825633,Agua Fría,
8583274,3521677,Peñamiller,
8583275,4016696,Buenavista,
8583275,4029436,Cerro de la Cruz,
8583275,8858382,Colinas de Santa Cruz Segunda Sección,
8583275,8858567,El Nabo,
8583275,3988149,El Salitre,
8583275,4029431,Jofrito,
8583275,4003675,Juriquilla,
8583275,4029434,La Barreta,
8583275,4002473,La Estacada,
8583275,4029412,La Gotera,
8583275,4029430,La Luz,
8583275,4001298,La Monja,
8583275,4029485,La Solana,
8583275,8858773,La Versolilla,
8583275,3995529,Mompaní,
8583275,4029417,Montenegro,
8583275,8859026,Ninguno [CERESO],
8583275,4029432,Palo Alto,
8583275,8858570,Paseos del Pedregal,
8583275,8859483,Patria Nueva,
8583275,4029421,Pie de Gallo,
8583275,8859846,Pintillo,
8583275,4008561,Pinto,
8583275,4029693,Puerto de Aguirre,
8583275,8858907,Rancho Bellavista [Fraccionamiento],
8583275,8858825,San Francisco de la Palma,
8583275,4029419,San Isidro Buenavista,
8583275,4029484,San José Buenavista,
8583275,3986090,San José el Alto,
8583275,3985317,San Miguelito,
8583275,4029453,San Pedro Mártir,
8583275,4029418,Santa Catarina,
8583275,4029456,Santa María Magdalena,
8583275,3983820,Santa Rosa Jáuregui,
8583275,3991164,Santiago de Querétaro,
8583275,8859417,Sergio Villaseñor,
8583275,3981483,Tlacote el Bajo,
8583276,3519026,San Joaquín,
8583277,4029582,Arcila,
8583277,9512968,Casa Blanca,
8583277,3531311,Cerro Gordo,
8583277,4029570,Dolores Cuadrilla de Enmedio,
8583277,3529235,El Cazadero,
8583277,4012683,El Coto,
8583277,8858921,El Jazmín,
8583277,4029578,El Organal,
8583277,4029573,El Rosario,
8583277,4006056,Galindo,
8583277,4002462,La Estancia,
8583277,3825948,La Llave,
8583277,4029579,La Valla,
8583277,4029588,Laguna de Vaquerías,
8583277,4029574,Loma Linda,
8583277,4029551,Ojo de Agua,
8583277,3522090,Palmillas,
8583277,3825958,Paso de Mata,
8583277,3521030,Puerta de Palmillas,
8583277,3518692,San Juan del Río,
8583277,3517810,San Sebastián de las Barrancas Sur,
8583277,3525904,Santa Bárbara de la Cueva,
8583277,3825951,Santa Cruz Escandón,
8583277,3984054,Santa Matilde,
8583277,3517022,Santa Rosa Xajay,
8583277,8858751,Villas Fundadores [Fraccionamiento],
8583277,8859120,Vista Hermosa (Cuasinada),
8583277,3825946,Visthá,
8583278,3825877,Bordo Blanco,
8583278,4007319,El Tejocote,
8583278,3527536,Fuentezuelas,
8583278,4002325,La Fuente,
8583278,3525523,La Laja,
8583278,3524544,La Tortuga,
8583278,3825875,La Trinidad,
8583278,4029543,Los Cerritos,
8583278,3825871,San José de la Laja,
8583278,3518200,San Nicolás,
8583278,3516897,Santillán,
8583278,3515796,Tequisquiapan,
8583279,3519724,San Antonio de la Cal,
8583279,3518118,San Pablo Tolimán,
8583279,3515314,Tolimán,
8583280,3530103,Cozumel,
8583281,3530691,Chunhuhub,
8583281,3529628,Dzula,
8583281,3527639,Felipe Carrillo Puerto,
8583281,3521293,Polyuc,
8583281,3823040,Presidente Juárez,
8583281,8859774,Santa Rosa Segundo,
8583281,3516702,Señor,
8583281,3822825,Tepich,
8583281,3822809,Tihosuco,
8583281,3823035,X-Hazil Sur,
8583281,3514388,X-pichil,
8583282,3526756,Isla Mujeres,
8583282,8858500,Zona Urbana Ejido Isla Mujeres,
8583283,3823190,Álvaro Obregón,
8583283,3532465,Bacalar,
8583283,3531879,Cacao,
8583283,3531816,Calderitas,
8583283,3531617,Caobas,
8583283,3823167,Carlos A. Madrazo,
8583283,3531023,Chetumal,
8583283,3530490,Cocoyol,
8583283,3526981,Huay-Pix,
8583283,8858444,Javier Rojo Gómez,
8583283,3823188,Jose Narciso Rovirosa,
8583283,3526380,Juan Sarabia,
8583283,3823201,La Union,
8583283,8674884,Morocoy,
8583283,3522742,Nicolás Bravo,
8583283,3521086,Pucté,
8583283,3520151,Sabidos,
8583283,3516699,Sergio Butrón Casas,
8583283,3516500,Subteniente López,
8583283,3522437,Ucum,
8583283,3514362,Xul-Ha,
8583284,3529630,Dziuche,
8583284,3822885,Huay Max,
8583284,3822989,José María Morelos,
8583284,3531679,Kancabchén,
8583284,3822985,La Presumida,
8583284,3520170,Saban,
8583284,3822881,X Cabil,
8583284,3822871,Zacalaca,
8583285,3822691,Chiquilá,
8583285,8859756,El Tintal,
8583285,8858639,Ignacio Zaragoza,
8583285,3823208,Isla Holbox,
8583285,3822702,Kantunilkín,
8583285,8859621,Nuevo Xcán,
8583285,3822700,San Angel,
8583286,3521342,Playa del Carmen,
8583286,6690747,Puerto Aventuras,
8583287,3533116,Akumal,
8583287,8859208,Ciudad Chemuyil,
8583287,3530506,Coba,
8583287,3515040,Tulum,
8583288,3823087,Los Divorciados,
8583288,8674836,Maya Balam,
8583289,4019085,Ahualulco del Sonido Trece,
8583289,8859349,Paso Bonito,
8583290,3533102,Alaquines,
8583290,3523518,Martinez,
8583291,3516427,Tahdziu,
8583292,3532774,Aquismón,
8583292,3516406,Tamápatz,
8583292,3483637,Tamcuime,
8583292,3483646,Tampate,
8583292,3516357,Tampemoche,
8583292,3516276,Tanute,
8583293,4018237,Armadillo de los Infante,
8583294,3531574,Cárdenas,
8583294,3483798,Higinio Olivo,
8583295,7732683,Real de Catorce,
8583296,4014914,Cedral,
8583296,3986749,San Isidro,
8583297,4014795,Cerritos,
8583297,3973766,Ojo de Agua,
8583298,4014742,Cerro de San Pedro,
8583298,3992189,Portezuelo,
8583299,3530598,Ciudad del Maíz,
8583299,3532954,Colonia Álvaro Obregón,
8583299,3522010,Palomas,
8583299,3484000,Zamachihue,
8583300,3530596,Ciudad Fernández,
8583300,3973619,Colonia Veinte de Noviembre,
8583300,3973715,La Reforma,
8583300,3994382,Ojo de Agua de Solano,
8583301,3483566,Las Armas,
8583301,3527454,Tancanhuitz,
8583302,8858805,Ampliación la Hincada,
8583302,3483849,Ciudad Valles,
8583302,8858993,La Lima,
8583302,3483704,La Subida,
8583302,3483842,Laguna del Mante,
8583302,3530090,Nuevo Crucitas,
8583302,3483720,Ojo de Agua,
8583302,3483723,Rascón,
8583303,3530147,Coxcatlán,
8583303,8859673,Tazaquil,
8583304,4014501,Charcas,
8583305,8708777,Aurelio Manrique,
8583305,3529619,Ébano,
8583305,8708781,Ponciano Arriaga,
8583305,8711865,Pujal-Coy,
8583306,8859103,Entronque de Matehuala (El Huizache),
8583306,4005535,Guadalcázar,
8583306,3994992,Negritas,
8583306,3994749,Norias del Refugio,
8583307,3526959,Huehuetlán,
8583307,3526921,Huichihuayan,
8583307,8859209,Tandzumadz,
8583308,3525640,Lagunillas,
8583309,3996387,Matehuala,
8583310,8859637,Agua Señora,
8583310,8859618,Cerrito de Jaral,
8583310,4010619,El Carrizal,
8583310,8859201,Estanzuela,
8583310,8859572,Guadalupe Victoria,
8583310,3996619,Maravillas,
8583310,3996049,Mexquitic de Carmona,
8583310,3973880,Monte Obscuro,
8583310,8859126,Paisanos,
8583310,3973903,Palmar Primero,
8583310,8859891,Paso Blanco,
8583310,8859362,Puerto de Providencia,
8583310,8859550,Rincón del Porvenir,
8583310,3973879,Suspiro Picacho,
8583311,3995648,Moctezuma,
8583312,3520427,Rayón,
8583313,3973594,El Capulín,
8583313,4004260,El Jabalí,
8583313,3993238,Pastora,
8583313,8858670,Progreso,
8583313,3520235,Rioverde,
8583313,3973609,San Diego,
8583313,3519332,San Francisco,
8583313,3516262,San José del Tapanco,
8583313,3517117,Santa Rita,
8583314,3974104,Palma Pegada,
8583314,3988169,Salinas de Hidalgo,
8583315,3519799,San Antonio,
8583315,8859793,Tocoy,
8583316,3519570,San Ciro de Acosta,
8583317,4018145,Arroyos,
8583317,4016960,Bocas,
8583317,4014801,Cerrito de Zavala,
8583317,8859121,Ciudad Satélite,
8583317,3973781,El Jaralito,
8583317,4008672,El Peñasco,
8583317,4006677,Escalerillas,
8583317,8859021,Fracción Milpillas,
8583317,3973865,La Mesa de los Conejos,
8583317,4000811,La Pila,
8583317,3984018,Laguna de Santa Rita,
8583317,3973866,Pozuelos,
8583317,3988702,Rinconada,
8583317,3985606,San Luis Potosí,
8583318,8859795,Ocuiltzapoyo,
8583318,3518416,San Martín Chalchicuautla,
8583319,3985237,San Nicolás Tolentino,
8583319,3984587,Santa Catarina,
8583320,3517681,Santa Catarina,
8583321,3983601,Ejido la Pitahaya (Santo Domingo),
8583321,4009791,El Fuerte,
8583321,3973671,Enramadas,
8583321,3994444,Ojo Caliente,
8583321,3973653,Sánchez,
8583321,3984074,Santa María del Río,
8583321,3979921,Yerbabuena,
8583322,4004404,Illescas,
8583322,3974340,Jesús María,
8583322,3983548,Santo Domingo,
8583323,3483569,San Francisco Cuayalab,
8583324,3973815,Enrique Estrada,
8583324,3973814,Rancho Nuevo,
8583324,3982912,Soledad de Graciano Sánchez,
8583325,3533327,Agua Buena,
8583325,3483867,Damian Carmona,
8583325,3516396,Tamasopo,
8583325,3516384,Tambaca,
8583326,3483486,Pemucho,
8583326,3483497,San Francisco,
8583326,8859699,Santiago Centro,
8583326,3516408,Tamán,
8583326,3516385,Tamazunchale,
8583326,8859828,Tlacuilola,
8583326,8858559,Tlalnepantla,
8583327,8859422,Chiconamel,
8583327,3526940,El Huexco,
8583327,3516368,Tampacán,
8583328,3516361,Tampamolón Corona,
8583329,8859200,Ejido los Huastecos,
8583329,8711778,Estación Tamuín,
8583329,3483823,Las Palmas,
8583329,3483609,Nueva Primavera,
8583329,3483819,Nuevo Tampaón,
8583329,3482946,Santa Martha,
8583329,3516347,Tamuín,
8583330,8859340,Ejido San José Xilatzén,
8583330,3518192,San Nicolás,
8583330,3516296,Tanlajás,
8583331,3516281,Tanquián de Escobedo,
8583332,3981652,Tierra Nueva,
8583333,3980575,Vanegas,
8583334,3980487,Venado,
8583335,3981955,El Tepetate,
8583335,3987128,San Francisco,
8583335,4018209,Villa de Arriaga,
8583336,3980189,Villa de Guadalupe,
8583337,4000901,Villa de la Paz,
8583338,3974329,Dulce Grande,
8583338,4011005,El Barril,
8583338,4004881,La Herradura,
8583338,3974149,Los Zacatones,
8583338,3988153,Salitral de Carrera,
8583338,3983239,Sauz de Calera,
8583338,3991052,Villa de Ramos,
8583339,3973689,Alberto Carrera Torres,
8583339,4017009,Bledos,
8583339,4015342,Carranco,
8583339,3983327,Ejido el Saucillo,
8583339,4005807,Ejido Gogorrón (Ex-Hacienda de Gogorrón),
8583339,3973645,El Rosario,
8583339,3973682,Emiliano Zapata,
8583339,3998844,La Ventilla,
8583339,4002118,Laguna de San Vicente,
8583339,3973674,Pardo,
8583339,3973675,Rodrigo,
8583339,3982982,Socavón (El Carmen),
8583339,3980186,Villa de Reyes,
8583340,4012895,Corcovado,
8583340,3992942,Peotillos,
8583340,3980188,Villa Hidalgo,
8583341,4005586,Granjenal,
8583341,8859318,Palo Seco (El Gato),
8583341,3983599,Santo Domingo,
8583341,3973756,Villa Juárez,
8583342,3533067,Axtla de Terrazas,
8583342,3483512,Jalpilla,
8583342,3483511,Picholco,
8583342,8858969,Temalacaco,
8583342,8859531,Tenexio,
8583343,8859351,Iztacapa,
8583343,8859399,La Herradura,
8583343,3514502,Xilitla,
8583343,8859359,Zapuyo,
8583344,3973687,Cerro Gordo,
8583344,3973778,La Esperanza,
8583344,3979714,Villa Zaragoza,
8583345,4012000,Derramaderos,
8583345,4018251,Villa de Arista,
8583346,8859707,Ahuehueyo Primero Centro,
8583346,8858357,Chalchocoyo,
8583346,3483506,Matlapa,
8583347,3483997,El Naranjo,
8583347,3523517,Maitinez,
8583348,4019098,Ahome,
8583348,8858370,Alfonso G. Calderón (Poblado Siete),
8583348,4017783,Bachomobampo Número Dos,
8583348,4017764,Bacorehuis,
8583348,8858902,Campo la Arrocera,
8583348,8859440,CERESO Nuevo,
8583348,8858493,Cerrillos (Campo 35),
8583348,3976938,Chihuahuita,
8583348,3976884,Cinco de Mayo,
8583348,4013532,Cohuibampo,
8583348,4013081,Compuertas,
8583348,4015839,Ejido Benito Juárez,
8583348,3996349,Ejido Mayocoba,
8583348,3994473,Ejido Ohuira,
8583348,3981187,Ejido Tosalibampo,
8583348,4011326,El Aguajito,
8583348,4010248,El Colorado,
8583348,4009659,El Guayabo,
8583348,3976907,El Refugio,
8583348,4006339,Felipe Ángeles,
8583348,4006283,Flor Azul,
8583348,8859118,Gabriel Leyva Solano (Zapotillo Dos),
8583348,8858704,Heriberto Valdez Romero (El Guayabo),
8583348,4004850,Higuera de Zaragoza,
8583348,4005832,Jitzámuri,
8583348,4011969,La Despensa,
8583348,3999855,Las Grullas Margen Derecha,
8583348,3999856,Las Grullas Margen Izquierda,
8583348,3997479,Los Mochis,
8583348,3996993,Macapule,
8583348,4011508,Mochis,
8583348,8858426,Nuevo San Miguel,
8583348,3992369,Plan de Ayala (Campo Cinco),
8583348,3991692,Primero de Mayo,
8583348,8858733,Ricardo Flores Magón,
8583348,8858975,San Isidro,
8583348,3985301,San Miguel Zapotitlán,
8583348,3981345,Topolobampo,
8583348,8859703,Vallejo (Porvenir Vallejo),
8583349,4018786,Alhuey,
8583349,4018499,Angostura,
8583349,8858492,Colonia Agrícola México (Palmitas),
8583349,4012696,Costa Azul,
8583349,3976684,Gustavo Díaz Ordaz,
8583349,4002500,La Esperanza,
8583349,4001011,La Palma,
8583349,4000490,La Reforma,
8583350,4017743,Badiraguato,
8583351,3976324,Concordia,
8583351,3976306,El Huajote,
8583351,4006968,El Verde,
8583351,3976331,La Concepción,
8583351,3996117,Mesillas,
8583352,4012707,Cosalá,
8583353,8858251,Adolfo López Mateos (El Tamarindo),
8583353,4017796,Bachigualatito,
8583353,4017197,Bellavista,
8583353,4012693,Costa Rica,
8583353,4012176,Culiacán,
8583353,4012173,Culiacancito,
8583353,8858203,El Diez,
8583353,4004847,El Higueral,
8583353,3976594,El Limón de los Ramos,
8583353,4007812,El Rosario,
8583353,4007740,El Salado,
8583353,3976535,Eldorado,
8583353,8858957,Estación Obispo,
8583353,4006484,Estación Rosales,
8583353,3976531,Guadalupe Victoria,
8583353,4004830,Higueras de Abuya,
8583353,4003988,Jesús María,
8583353,4001568,La Loma (La Loma de Quila),
8583353,8859481,La Palmita y Anexos (La Presita),
8583353,4000246,Las Arenitas,
8583353,8859033,Miguel Valdez Quintero (El Corazón),
8583353,3976534,Portaceli,
8583353,3976558,Pueblo Nuevo,
8583353,8858621,Pueblos Unidos,
8583353,3991148,Quilá,
8583353,3987339,San Diego,
8583353,3976513,San Francisco de Tacuichamona,
8583353,3987966,Sanalona,
8583354,4019598,Agua Caliente Grande (De Gastélum),
8583354,4014109,Choix,
8583355,4014649,Ceuta,
8583355,4010589,Ejido la Ventana,
8583355,3976461,El Saladito,
8583355,8859358,Empaque Tarriba,
8583355,4002745,La Cruz,
8583355,3992144,Potrerillo del Norote,
8583355,8858903,Pueblo Nuevo,
8583355,3976469,Tanques,
8583356,3976187,Cristo Rey,
8583356,4006622,Escuinapa de Hidalgo,
8583356,3976232,Isla del Bosque,
8583356,4013063,La Concha (La Concepción),
8583356,3976175,Ojo de Agua de Palmillas,
8583356,3993774,Palmito del Verde,
8583356,3982287,Teacapán,
8583356,3976229,Tecualilla,
8583357,3976893,Benito Juárez (Vinatería),
8583357,4014504,Charay,
8583357,4014220,Chinobampo,
8583357,4002789,Constancia,
8583357,4011774,Dos de Abril,
8583357,3976887,El Carricito,
8583357,4009788,El Fuerte,
8583357,3992268,El Pochotal,
8583357,4004611,Huepaco,
8583357,3999819,Las Higueras de los Natoches,
8583357,3976894,Lázaro Cárdenas,
8583357,3997113,Los Taxtes,
8583357,3995671,Mochicahui,
8583357,3987538,San Blas,
8583357,3976868,Tres Garantías,
8583358,4017376,Barrón,
8583358,4010541,El Castillo,
8583358,4009646,El Habal,
8583358,4008244,El Quelite,
8583358,4007858,El Roble,
8583358,4006931,El Walamo,
8583358,3976316,Escamillas,
8583358,8858221,Fraccionamiento los Ángeles,
8583358,4001155,La Noria de San Antonio,
8583358,3996322,Mazatlán,
8583358,3983023,Siqueros,
8583358,3980125,Villa Unión,
8583359,4016290,Caimanero,
8583359,4014787,Cerro Agudo,
8583359,8859381,Higuera de los Vega,
8583359,3976663,Melchor Ocampo,
8583359,3995652,Mocorito,
8583359,3992908,Pericos,
8583359,8859478,Potrero de los Sánchez (Estación Techa),
8583359,3988887,Recoveco,
8583360,4019219,Agua Verde,
8583360,4018387,Apoderado,
8583360,4016358,Cacalotán,
8583360,4014579,Chametla,
8583360,8858873,Ejido Cajón Ojo de Agua Número Dos,
8583360,8858744,El Pozole,
8583360,3988416,El Rosario,
8583360,8859674,Los Pozos,
8583361,4005297,Guamúchil,
8583362,4012611,Coyotitán,
8583362,3976405,Piaxtla de Abajo,
8583362,3986862,San Ignacio,
8583363,8859251,Alfredo V. Bonfil (Siete Ejidos),
8583363,4017852,Baburía,
8583363,4017760,Bacubirito,
8583363,8859739,Concentración 5 de Febrero,
8583363,3976854,Cubiri de Portelas,
8583363,3995093,Estación Naranjo,
8583363,8858545,Gabriel Leyva Velázquez,
8583363,8858378,Genaro Estrada,
8583363,3976782,La Presita,
8583363,3998498,Llano Grande,
8583363,3996543,Maripa,
8583363,3983032,Sinaloa de Leyva,
8583364,4018691,Altata,
8583364,4017496,Bariometo,
8583364,4015968,Campo Balbuena,
8583364,4013553,Cofradía de Navolato (Cofradía de los Rocha),
8583364,4015886,Colonia Michoacana,
8583364,3976595,Dautillos,
8583364,4009148,El Molino,
8583364,4008404,El Potrero de Sataya,
8583364,8858163,General Ángel Flores (La Palma),
8583364,8858448,Juan Aldama (El Tigre),
8583364,3976570,Las Aguamitas,
8583364,8858101,Licenciado Benito Juárez,
8583364,3976583,Lo de Jesús (Campo Romero),
8583364,3995017,Navolato,
8583365,4019764,Aconchi,
8583366,4019260,Agua Prieta,
8583367,4018904,Álamos,
8583367,3987551,San Bernardo,
8583368,4018699,Altar,
8583369,4018243,Arivechi,
8583370,4018238,Arizpe,
8583371,4018022,Átil,
8583372,4017837,Bacadéhuachi,
8583373,4017826,Bacanora,
8583374,4017806,Bacerac,
8583375,4017773,Bacoachi,
8583376,4017758,Bácum,
8583376,3970561,Francisco Javier Mina,
8583376,3998357,Loma de Bácum,
8583376,3991691,Primero de Mayo,
8583376,3986396,San José de Bácum,
8583377,4017582,Banámichi,
8583378,4017249,Baviácora,
8583379,4017239,Bavispe,
8583380,4017152,Benjamín Hill,
8583381,3990546,El Coyote,
8583381,3971610,El Diamante (La Retranca),
8583381,4004887,Heroica Caborca,
8583381,8858343,Plutarco Elías Calles (La Y Griega),
8583382,8859132,31 de Octubre,
8583382,4013478,Allende,
8583382,4013316,Antonio Rosales,
8583382,4013704,Ciudad Obregón,
8583382,4013593,Cócorit,
8583382,8858510,Cuauhtémoc (Campo Cinco),
8583382,4011668,Esperanza,
8583382,8858840,Estación Corral,
8583382,3998356,Loma de Guamúchil,
8583382,8858173,Marte R. Gómez (Tobarito),
8583382,4015831,Mora Villalobos,
8583382,8859539,Progreso (Campo 47),
8583382,8754520,Providencia,
8583382,3991547,Pueblo Yaqui,
8583382,3991203,Quetchehueca,
8583382,3980293,Vicente Guerrero,
8583383,4015700,Cananea,
8583384,8764398,Carbó,
8583385,4002828,La Colorada,
8583386,4012353,Cucurpe,
8583387,4012143,Cumpas,
8583387,3997663,Los Hoyos,
8583388,4011908,Divisaderos,
8583389,3970762,Antonio Rosales,
8583389,4006806,Empalme,
8583389,3970764,José María Morelos y Pavón,
8583389,8755659,La Palma,
8583389,3970760,Mi Patria es Primero,
8583389,3970768,Santa María de Guaymas,
8583390,3970531,Bacame Nuevo,
8583390,4017354,Bacobampo,
8583390,4017353,Basconcobe,
8583390,4017233,Buaysiacobe,
8583390,4014055,Chucarit,
8583390,3988511,El Rodeo,
8583390,4006388,Etchojoa,
8583390,4014158,Jitonhueca,
8583390,4016966,La Bocana,
8583390,3988274,Sahuaral,
8583390,3985011,San Pedro Nuevo,
8583391,4006532,Esqueda,
8583391,4006133,Fronteras,
8583392,4005715,Granados,
8583393,8858836,Guásimas (De Belem),
8583393,4005143,Heroica Guaymas,
8583393,3994076,Ortiz,
8583393,3992154,Pótam,
8583393,3970677,San Carlos,
8583393,3986214,San José de Guaymas,
8583393,3970634,Vicam,
8583394,4017728,Bahía de Kino,
8583394,4004898,Hermosillo,
8583394,3991622,La Providencia,
8583394,3998807,La Victoria,
8583394,3970972,Miguel Alemán (La Doce),
8583394,8752934,Molino de Camou,
8583394,8759355,Zamora,
8583395,4004716,Huachinera,
8583396,4004662,Huásabas,
8583397,4019713,Agiabampo Uno,
8583397,4006387,Etchoropo,
8583397,4004647,Huatabampo,
8583397,4003685,Júpare,
8583397,3998913,La Unión,
8583397,4000196,Las Bocas,
8583397,3995341,Moroncárit,
8583397,3991931,Pozo Dulce,
8583397,3988270,Sahuaral de Otero,
8583397,3979962,Yavaros,
8583398,4004612,Huépac,
8583399,4015963,Campo Carretero,
8583399,4004399,Imuris,
8583400,3996893,Magdalena de Kino,
8583400,3986826,San Ignacio,
8583401,3996328,Mazatán,
8583402,3995647,Moctezuma (Sonora),
8583403,3995171,Naco,
8583404,3995165,Nácori Chico,
8583405,3995157,Nacozari de García,
8583405,3995155,Nacozari Viejo,
8583406,4017847,Bacabachi,
8583406,8770151,Buayums,
8583406,8859820,El Recodo,
8583406,3970484,El Saneal,
8583406,4013702,El Siviral,
8583406,8859885,El Siviral (Jigica),
8583406,4005913,Guaymitas,
8583406,8859927,Loma del Refugio,
8583406,8859301,Los Bahuises,
8583406,3996457,Masiaca,
8583406,3995019,Navojoa,
8583406,8858532,Pueblo Mayo,
8583406,3988431,Rosales,
8583406,3984082,Santa María del Buaraje,
8583406,3983037,Sinahuisa,
8583406,3981664,Tierra Blanca,
8583407,8858644,Centro de Readaptación Social Nuevo,
8583407,8858431,La Mesa,
8583407,4004886,Nogales,
8583408,3994182,Onavas,
8583409,3994167,Opodepe,
8583409,3991160,Querobabi,
8583410,3994155,Oquitoa,
8583411,4001610,La Libertad,
8583411,3992405,Pitiquito,
8583412,3991347,Puerto Peñasco,
8583413,3991118,Quiriego,
8583414,3988925,Rayón,
8583415,3970591,Rosario,
8583416,3988265,Sahuaripa,
8583417,3987226,San Felipe de Jesús,
8583418,3986609,San Javier,
8583419,4009717,Golfo de Santa Clara,
8583419,4011573,Islita,
8583419,4002038,Lagunitas,
8583419,8859149,Nuevo Michoacán (Estación Riíto),
8583419,3985604,San Luis Río Colorado,
8583420,8859588,Las Mercedes [Agropecuaria],
8583420,3992858,Pesqueira,
8583420,3985338,San Miguel de Horcasitas,
8583421,3985039,San Pedro de la Cueva,
8583422,4009394,Estación Llano,
8583422,3984717,Santa Ana,
8583423,3994777,Santa Cruz,
8583424,3983403,Sáric,
8583424,4019722,Sásabe,
8583425,3982789,Soyopa,
8583426,3982776,Suaqui Grande,
8583427,3982016,Tepache,
8583428,3999210,Trincheras,
8583429,3980960,Tubutama,
8583430,3980782,Ures municipality,
8583431,3971332,Villa Hidalgo,
8583432,3980132,Villa Pesqueira,
8583433,3979954,Yécora,
8583434,3982837,Sonoyta,
8583435,3970558,San Ignacio Río Muerto,
8583436,3532806,Apatzingán,
8583436,3532443,Balancán,
8583436,8858879,Capitán Felipe Castellanos Díaz (San Pedro),
8583436,3514678,El Triunfo,
8583436,8859821,General Luis Felipe Domínguez Suárez,
8583436,3529226,Los Cenotes,
8583436,3523801,Mactún,
8583436,3522888,Multé,
8583436,3522761,Netzahualcóyotl,
8583437,3802619,Arroyo Hondo Abejonal,
8583437,8859138,Benito Juárez (La Playita),
8583437,3531576,Cárdenas,
8583437,8859059,Encrucijada 3ra. Sección (Las Calzadas),
8583437,8858945,Habanero 1ra. Sección (Venustiano Carranza),
8583437,8859048,La Península,
8583437,8858329,Melchor Ocampo,
8583437,8859248,Miguel Hidalgo 2da. Sección B (La Natividad),
8583437,3802235,Poblado C-11 José María Morelos y Pavón,
8583437,8858619,Poblado C-21 Licenciado Benito Juárez García,
8583437,8858468,Poblado C-33 20 de Noviembre,
8583437,3517029,Santa Rosalía,
8583437,8858891,Santana 2da. Sección B (La Palma),
8583438,3533082,Aldama,
8583438,8858423,Arena 1ra. Sección,
8583438,8859560,Arena 6ta. Sección (La Bolsa),
8583438,8859633,Betania,
8583438,3802121,Chichicapa,
8583438,3802049,Cocohital,
8583438,3530385,Comalcalco,
8583438,3529884,Cupilco,
8583438,8858952,Gobernadores,
8583438,3802254,Ignacio Gutiérrez Gómez,
8583438,8859814,Ignacio Zaragoza 1ra. Sección,
8583438,3802082,Miguel Hidalgo,
8583438,8859073,Norte 1ra. Sección (San Julián),
8583438,3802059,Occidente 4ta. Sección,
8583438,8859408,Oriente 1ra. Sección (Santo Domingo),
8583438,8859479,Oriente 2da. Sección (San Cayetano),
8583438,8859182,Oriente 6ta. Sección (Los Mulatos),
8583438,8859306,Potrerillo,
8583438,8859752,Sargento López 2da. Sección (El Chuzo),
8583438,3516149,Tecolutilla,
8583438,3802056,Transito Tular,
8583439,3802294,Amado Gómez,
8583439,8858767,Ceiba 1ra. Sección (Jahuactal),
8583439,3529954,Cucuyulapa,
8583439,3802355,Cúlico 2da. Sección,
8583439,3802392,Cumuapa 1ra. Sección,
8583439,3529886,Cunduacán,
8583439,3802386,Dos Ceibas,
8583439,3802287,El Tular,
8583439,3802384,Gregorio Méndez,
8583439,3802380,Huacapa y Amestoy,
8583439,3802279,La Lucha,
8583439,3802278,Libertad,
8583439,8858685,Morelos Piedra 3ra. Sección,
8583439,8859603,Pechucalco,
8583439,8859521,Pechucalco 2da. Sección (Las Cruces),
8583439,3802376,Rancho Nuevo,
8583439,3802269,Reforma,
8583439,8859585,Río Seco 2da. Sección (Santiaguito),
8583440,3531290,Chablé,
8583440,3527880,Emiliano Zapata,
8583441,3532219,Blasillo 1ra. Sección (Nicolás Bravo),
8583441,8858319,C-32 (Licenciado Francisco Trujillo Gurría),
8583441,8858350,C-41 (Licenciado Carlos A. Madrazo),
8583441,8859920,Caobanal 1ra. Sección (Mezcalapa),
8583441,3530749,Chontalpa,
8583441,8859878,El Dorado,
8583441,8859064,Francisco Rueda,
8583441,3802541,Huapacal 1ra. Sección,
8583441,3526908,Huimanguillo,
8583441,3802196,La Venta,
8583441,3802638,Libertad,
8583441,3523401,Mecatepec,
8583441,3802635,Ocuapan,
8583441,3802224,Palo Mulato,
8583441,8859173,Paso de la Mina 2da. Sección (Barrial),
8583441,3802583,Paso de la Mina 3ra. Sección,
8583441,8858830,Pejelagartero 1ra. Sección (Plataforma),
8583441,3802591,Tecominoacán,
8583441,3802529,Tres Bocas 1ra. Sección,
8583442,3802773,Aquiles Serdán 1ra. Sección,
8583442,3532669,Astapa,
8583442,3802765,Benito González,
8583442,3803064,Jalapa,
8583442,3802739,Río de Teapa,
8583442,8859470,Tequila 1ra. Sección (La Aurora),
8583443,3532526,Ayapa,
8583443,8859569,Boquiapa,
8583443,3802117,El Recreo,
8583443,8859685,Gregorio Méndez,
8583443,8858791,Hermenegildo Galeana 2da. Sección,
8583443,8858874,Huapacal 2da. Sección (Punta Brava),
8583443,8858443,Iquinuapa,
8583443,3526603,Jalpa de Méndez,
8583443,3802358,Jalupa,
8583443,3802330,Mecoacán,
8583443,8858835,Mecoacán 2da. Sección (San Lorenzo),
8583443,3802349,Nicolás Bravo,
8583443,3802338,Pueblo Viejo,
8583443,3516509,Soyataco,
8583444,3526453,Jonuta,
8583444,3802798,Monte Grande,
8583445,3532779,Aquiles Serdán,
8583445,8858281,Aquiles Serdán (San Fernando),
8583445,3532310,Belén,
8583445,3532281,Benito Juárez,
8583445,8858947,Buena Vista (Apasco),
8583445,8859162,Buena Vista (Puxcatán),
8583445,3532053,Buenavista,
8583445,3802817,El Congo,
8583445,8859886,José Colomo,
8583445,3802806,La Curva,
8583445,8858707,La Escalera,
8583445,3802807,La Unión,
8583445,3523791,Macuspana,
8583445,8859123,Monte Largo 1ra. Sección,
8583445,3803125,Nicolás Bravo,
8583445,8858966,Nueva División del Bayo (Guatemala),
8583445,3803140,Palomas,
8583445,3530588,Pemex,
8583445,3515871,Tepetitán,
8583445,3802771,Veinte de Noviembre,
8583446,8859385,Banderas (Guatacalca 2da. Sección),
8583446,8858176,Bosque de Saloya,
8583446,8858693,Brisas del Carrizal,
8583446,8859061,Corriente 1ra. Sección,
8583446,3802438,El Cedro,
8583446,8858641,El Tigre,
8583446,3802405,Guatacalca,
8583446,3527232,Guaytalpa,
8583446,3802402,Jiménez,
8583446,8858190,La Selva,
8583446,3802428,Lomitas,
8583446,3802398,Mazateupa,
8583446,3522865,Nacajuca,
8583446,3522368,Olcuatitán,
8583446,3522253,Oxiacaque,
8583446,8858151,Pomoca,
8583446,3802431,Saloya 2da. Sección,
8583446,8858377,Samarkanda,
8583446,3517791,San Simón,
8583446,3516249,Tapotzingo,
8583446,8858716,Taxco,
8583446,3802125,Tecoluta 2da. Sección,
8583446,3802400,Tucta,
8583447,3802092,Aquiles Serdán,
8583447,8859671,El Bellote (Miguel de la Madrid),
8583447,8859551,El Escribano,
8583447,3802101,Francisco I. Madero,
8583447,3802114,Nicolás Bravo,
8583447,8859324,Nicolás Bravo 5ta. Sección (Punta Brava),
8583447,3802085,Nuevo Torno Largo,
8583447,3519349,Occidente (San Francisco),
8583447,3802100,Oriente 1ra. Sección,
8583447,8859450,Oriente 2da. Sección (Palma Huaca),
8583447,3521912,Paraiso,
8583447,8858936,Pénjamo,
8583447,3802066,Potreritos,
8583447,3802094,Puerto Ceiba,
8583447,3802097,Quintín Arauz,
8583448,3803262,La Raya Zaragoza,
8583448,3803261,Libertad,
8583448,3522250,Oxolotán,
8583448,3520934,Puxcatán,
8583448,3516439,Tacotalpa,
8583448,3516253,Tapijulapa,
8583448,3514515,Xicoténcatl,
8583449,3803053,Andrés Quintana Roo,
8583449,8859046,Eureka y Belén,
8583449,3516210,Teapa,
8583449,3803113,Vicente Guerrero,
8583450,3803273,Arena de Hidalgo,
8583450,3527686,Estapilla,
8583450,3515956,Tenosique,
8583451,3533505,Abasolo,
8583451,3483109,Guadalupe Victoria,
8583451,3522068,Nicolás Bravo,
8583452,3533005,Altamira,
8583452,8858589,Carrillo Puerto,
8583452,3482886,Cuauhtémoc,
8583452,3482884,Esteros,
8583452,3482878,La Colonia,
8583452,3525228,La Pedrera,
8583452,3524222,Lomas del Real,
8583452,3482873,Maclovio Herrera,
8583452,3523149,Miramar,
8583452,8859561,Nuevo Cereso Regional de Altamira,
8583452,3520331,Ricardo Flores Magón,
8583452,8859928,Unidos Avanzamos,
8583453,3532824,Antiguo Morelos,
8583454,3531944,Burgos,
8583455,3531933,Bustamante,
8583456,3530602,Ciudad Camargo,
8583456,3530383,Comales,
8583457,3531467,Casas,
8583458,3530594,Ciudad Madero,
8583459,3530088,Cruillas,
8583460,3483009,Loma Alta,
8583461,3523608,Estación Manuel,
8583461,3482929,González,
8583461,3482935,Graciano Sánchez,
8583461,3482919,López Rayón,
8583461,3519694,San Antonio Rayón,
8583462,3527224,Güémez,
8583463,3522617,Nueva Ciudad Guerrero,
8583464,3483393,Ciudad Gustavo Díaz Ordaz,
8583464,3514886,Valadeces,
8583465,8669542,Estación Santa Engracia,
8583465,3517482,Guillermo Zúñiga,
8583465,3527119,Hidalgo,
8583466,3524292,Llera de Canales,
8583467,3514666,Villa Mainero,
8583468,3528756,Ciudad Mante,
8583468,3482989,El Abra,
8583468,3528797,El Limón,
8583468,3482943,Los Aztecas,
8583468,3482942,Nueva Apolonia,
8583468,3482945,Nuevo Tantoán,
8583468,8711536,Plan de Ayala,
8583468,3520885,Quintero,
8583469,8858696,CEFERESO Número 3,
8583469,3483328,El Control,
8583469,3528949,El Galaneño,
8583469,3523466,Heroica Matamoros,
8583469,8529629,Las Higuerillas,
8583469,3483327,Ramírez,
8583469,3517783,Santa Adelaida,
8583470,3523365,Méndez,
8583471,3523222,Mier,
8583472,3530590,Ciudad Miguel Alemán,
8583472,3524051,Los Guerra,
8583473,3523171,Miquihuana,
8583474,8858202,El Campanario y Oradel,
8583474,3522551,Nuevo Laredo,
8583475,3522534,Nuevo Morelos,
8583476,3522493,Ocampo,
8583477,3532358,Barretal,
8583477,3522531,Nueva Villa de Padilla,
8583478,3522087,Palmillas,
8583479,3520271,Ciudad Río Bravo,
8583479,3522525,Nuevo Progreso,
8583479,3483310,Santa Apolonia,
8583480,3519583,San Carlos,
8583481,3483269,Alfredo V. Bonfil,
8583481,3526078,Carboneras,
8583481,8529670,El Barrancón del Tío Blas (El Barrancón),
8583481,3483197,San Fernando,
8583481,3519225,San Germán,
8583482,3518189,San Nicolás,
8583483,3525200,La Pesca,
8583483,3516522,Soto la Marina,
8583483,3516349,Tampiquito,
8583484,3516355,Tampico,
8583485,3515068,Ciudad Tula,
8583485,3971764,Lázaro Cárdenas,
8583485,3483055,Magdaleno Cedillo,
8583486,3532869,Anáhuac,
8583486,3528341,El Realito,
8583486,3514868,Valle Hermoso,
8583487,3530580,Ciudad Victoria,
8583487,3525482,La Libertad,
8583487,3525379,La Misión,
8583488,3514676,Villagrán,
8583489,3482978,Primero de Mayo,
8583489,3483063,Xicoténcatl,
8583490,3519622,Amaxac de Guerrero,
8583491,8858402,Belén Atzitzimititlán,
8583491,3815178,San Matías Tepetomatitlán,
8583491,8858460,Tlatempan,
8583492,3814972,Atlangatepec,
8583492,3518003,San Pedro Ecatepec,
8583492,3814976,Zumpango,
8583493,3533393,Altzayanca,
8583493,3532588,Atlzayanca,
8583493,3815275,Concepción Hidalgo,
8583493,3815257,Felipe Carrillo Puerto,
8583493,8859332,Ranchería de Pocitos,
8583493,3815273,Santa Cruz Pocitos,
8583494,3532792,Apizaco,
8583494,8858576,Colonia San Isidro,
8583494,3815459,Guadalupe Texcalac,
8583494,3815187,José María Morelos,
8583494,3815194,San Luis Apizaquito,
8583494,3517734,Santa Anita Huiloac,
8583494,3517203,Texcalac,
8583495,3531784,Calpulalpan,
8583495,3815051,La Soledad,
8583495,3523423,Mazapa,
8583495,8859661,San Felipe Sultepec,
8583496,3815299,Villa de El Carmen Tequexquitla,
8583497,8858913,Colonia Ignacio Allende,
8583497,3530033,Cuapiaxtla,
8583497,3815302,San Francisco Cuexcontzi,
8583498,3519726,Cuaxomulco,
8583498,3815198,San Lorenzo Xaltelulco,
8583499,8858336,San Bartolomé Cuahuixmatlac,
8583499,3815357,San Pedro Muñoztla,
8583499,3815353,San Pedro Xochiteotla,
8583499,8858725,San Rafael Tepatlaxco,
8583499,8858497,Santa Cruz Tetela,
8583499,3815415,Tlaxcala,
8583500,3815162,Muñoz,
8583500,3530042,San José Cuamantzingo,
8583501,3527760,Españita,
8583502,3532279,Benito Juárez,
8583502,3815336,Colonia Cuauhtémoc,
8583502,3815224,El Carmen Xalpatlahuaya,
8583502,3815324,Huamantla,
8583502,3815325,Ignacio Zaragoza,
8583502,3815337,José María Morelos,
8583502,3815219,Lázaro Cárdenas,
8583502,3815333,Los Pilares,
8583502,3815278,San José Xicohténcatl,
8583503,3526929,Hueyotlipan,
8583503,3815027,Ignacio Zaragoza,
8583503,3815140,San Simeón Xipetzingo,
8583504,3815149,La Trinidad Tenexyecac,
8583504,8858280,Santa Justina Ecatepec,
8583504,3519410,Villa Mariano Matamoros,
8583504,3815442,Xocoyucan,
8583505,3518649,Ixtenco,
8583506,3523416,Mazatecochco,
8583507,3518140,Apetatitlán Antonio Carbajal,
8583507,3530276,Contla,
8583507,3815352,San José Aztatla,
8583508,3515870,Tepetitla,
8583508,3815444,Villa Alta,
8583509,3815031,Francisco Villa,
8583509,3519530,Sanctórum,
8583510,3522855,Ciudad de Nanacamilpa,
8583510,3815040,Francisco I. Madero,
8583511,3815369,Acuamanala,
8583511,3815368,Concepción Chimalpa,
8583511,8859356,Guadalupe Hidalgo,
8583512,8859847,Jesús Tepactepec,
8583512,3522795,Natívitas,
8583512,8858927,San José Atoyatenco,
8583512,3815427,San Miguel del Milagro,
8583512,3815430,San Miguel Xochitecatitla,
8583512,3815432,San Rafael Tenanyecac,
8583512,3516935,Santiago Michac,
8583512,3525948,Santo Tomás la Concordia,
8583513,8859043,Fraccionamiento la Virgen,
8583513,3517513,Huiloapan,
8583513,3521951,Panotla,
8583513,8858629,San Francisco Temetzontla,
8583513,3815423,San Jorge Tezoquipan,
8583514,3815455,San Isidro Buen Suceso,
8583514,3815453,Villa Vicente Guerrero,
8583515,3527342,Guadalupe Tlachco,
8583515,3815197,Jesús Huitznahuac,
8583515,3815196,San Lucas Tlacochcalco,
8583515,3518230,San Miguel Contla,
8583515,3517538,Santa Cruz Tlaxcala,
8583516,3815451,Tenancingo,
8583517,3815360,Acxotla del Monte,
8583517,3529269,El Carmen Aztama,
8583517,3518475,Teolocholco,
8583518,3815374,La Aurora,
8583518,3815371,San Cosme Atlamaxac,
8583518,8858714,San Pedro Xalcaltzinco,
8583518,8859733,Santiago Tlacochcalco,
8583518,3815389,Tepeyanco,
8583519,3815233,Nicolás Bravo,
8583519,8859127,San José Villarreal,
8583519,3515782,Terrenate,
8583519,3815235,Toluca de Guadalupe,
8583520,3519289,Atexcatzingo,
8583520,3814926,Capula,
8583520,3516919,Tetla,
8583521,3815408,San Bartolomé Tenango,
8583521,3815407,Santa Cruz Aquiahuac,
8583521,3815401,Tetlatlahuca,
8583522,3533380,Acuitlapilco,
8583522,8858699,San Buenaventura Atempan,
8583522,3519455,San Esteban Tizatlán,
8583522,3815417,San Hipólito Chimalpa,
8583522,3517742,Santa Ana Chiautempan,
8583522,3815382,Santa María Ixtulco,
8583523,3533399,Acopinalco del Peñón,
8583523,3814983,El Rosario,
8583523,3814981,Lagunilla,
8583523,3814979,San José Tepeyahualco,
8583523,3814990,San Lorenzo Sóltepec,
8583523,3515349,Tlaxco,
8583523,8858640,Unión Ejidal Tierra y Libertad,
8583524,3515333,Tocatlán,
8583525,8858565,Acxotla del Río,
8583525,8858985,La Candelaria Teotlalpan,
8583525,8859495,La Trinidad Chimalpa,
8583525,3815153,Los Reyes Quiahuixtlan,
8583525,8859916,San Miguel Tlamahuco,
8583525,8859054,Santiago Tepeticpac,
8583525,3815419,Totolac,
8583525,8859018,Zaragoza,
8583526,3815329,Zitlaltépec,
8583527,3815201,San Andrés Ahuashuatepec,
8583527,3815200,San Juan Quetzalcoapan,
8583527,3514963,Tzompantepec,
8583528,3815214,Colonia Venustiano Carranza,
8583528,3815213,San Pedro Tlacotepec,
8583528,3514595,Xaloztoc,
8583529,3815171,San Simón Tlatlahuquitepec,
8583529,3815170,Topilco de Juárez,
8583529,3518403,Xaltocan,
8583530,3815447,Papalotla,
8583530,9872120,San Marcos Contla,
8583531,3815363,Xicohtzinco,
8583532,8858519,Hualcaltzinco,
8583532,3815184,San Benito Xaltocan,
8583532,8858734,San Francisco Tlacuilohcan,
8583532,3815186,San José Tetel,
8583532,3517282,Santa María Atlihuetzian,
8583532,3519477,Yauhquemehcan,
8583532,3815185,Zimatepec,
8583533,3815392,Zacatelco,
8583534,3814918,Emiliano Zapata,
8583535,3814922,Lázaro Cárdenas,
8583536,3815375,La Magdalena Tlaltelulco,
8583537,3815412,San Damián Texoloc,
8583538,3519250,San Francisco Tetlanohcan,
8583538,3815359,Tetlanohcán,
8583539,3815390,San Jerónimo Zacualpan,
8583540,3815199,San José Teacalco,
8583541,3815391,San Juan Huactzinco,
8583542,8858268,San Lorenzo Axocomanitla,
8583543,3518516,San Lucas Tecopilco,
8583544,3815433,Santa Ana Nopalucan,
8583545,3517713,Santa Apolonia Teacalco,
8583546,8858187,Santa Catarina Ayometla,
8583547,3532521,Ayometitla,
8583548,3516763,Santa Isabel Xiloxoxtla,
8583549,3533485,Acajete,
8583549,3525568,La Joya,
8583550,3533446,Acatlán,
8583551,3533426,Acayucan,
8583551,8859833,Campo de Águila,
8583551,3823923,Comején,
8583551,3824118,Congregación Hidalgo,
8583551,3530200,Corral Nuevo,
8583551,3824119,Dehesa,
8583551,3823921,Ixhuapan,
8583551,3520904,Quiamoloapan,
8583552,3533390,Actopan,
8583552,3531312,Cerro Gordo,
8583552,3530917,Chicuasen,
8583552,3527048,Hornitos,
8583552,3524038,Los Ídolos,
8583552,3522914,Mozomboa,
8583552,3522282,Otates,
8583552,3522107,Palmas de Abajo,
8583552,3519157,San Isidro,
8583552,3517071,Santa Rosa,
8583552,8858689,Tinajitas,
8583552,3515165,Trapiche del Rosario,
8583553,3533379,Acula,
8583554,8859352,Acatla,
8583554,3533376,Acultzingo,
8583554,3824940,El Potrero,
8583554,8859599,Sierra de Agua,
8583554,3516187,Tecamalucan,
8583555,3514660,Camarón de Tejeda,
8583555,3823595,Rincón de Barrabás,
8583556,3533024,Alpatláhuac,
8583556,3532523,Ayahualulco,
8583557,3532975,Alto Lucero,
8583557,3532232,Blanca Espuma,
8583557,3823285,La Reforma,
8583557,3823286,Mesa de Guadalupe,
8583557,3824730,Monte Verde Chivería,
8583557,3824755,Palma Sola,
8583558,8859165,Adolfo Moreno,
8583558,3824689,Ahueyahualco,
8583558,3532969,Altotonga,
8583558,3824690,Gutiérrez Zamora,
8583558,3824687,Ignacio Zaragoza,
8583558,3526391,Juan Marcos (San José Buenavista),
8583558,3824691,San Miguel Tlalpoalán,
8583558,8859181,Veintiuno de Agosto,
8583558,3514473,Xoampolco,
8583559,3532964,Alvarado,
8583559,3532821,Antón Lizardo,
8583559,3532763,Arbolillo,
8583559,8858789,Paso Nacional,
8583559,8859497,Playa de la Libertad,
8583559,3520059,Salinas,
8583560,3532914,Amatitlán,
8583560,3529705,Dos Bocas,
8583560,3529085,El Corte,
8583561,3532908,Amatlán,
8583561,3522804,Naranjos,
8583562,3532909,Amatlán de los Reyes,
8583562,3531897,Cacahuatal,
8583562,8859836,Centro de Readaptación Social,
8583562,3527345,Guadalupe,
8583562,3823815,Manuel León,
8583562,3823818,Paraje Nuevo,
8583562,3823816,Peñuela,
8583562,3521188,Potrero Viejo,
8583562,3823817,San Rafael Río Seco,
8583562,3823828,Trapiche Viejo,
8583563,3532852,Ángel R. Cabada,
8583563,3824820,Chonegal,
8583563,3524011,Los Lirios,
8583563,3518697,San Juan de los Reyes (Luis Valenzuela),
8583563,3516164,Tecolapan,
8583563,3824821,Tula,
8583564,3526446,José Cardel,
8583564,8859713,Nicolás Blanco (San Pancho),
8583565,3532801,Apazapan,
8583566,3532781,Aquila,
8583567,3532670,Astacinga,
8583568,3532616,Atlahuilco,
8583569,3815030,Benito Juárez,
8583570,3532575,Atoyac,
8583570,3823806,General Miguel Alemán,
8583571,3532565,Atzacan,
8583571,3823859,Dos Ríos,
8583571,3526013,La Sidra,
8583572,3532561,Atzalan,
8583572,3521724,Colonias Pedernales,
8583572,3824699,Pahua Hueca,
8583572,3521383,Plan de Arroyos,
8583572,3516983,Santiago,
8583572,3824701,Tierra Nueva,
8583573,3522435,Ohuapan,
8583573,3823425,Tlaltetela,
8583574,3532533,Ayahualulco,
8583574,3823482,El Triunfo,
8583574,8859787,La Toma,
8583574,3823479,Los Altos,
8583574,8859163,San Antonio Xoquitla,
8583574,3823488,Tlalconteno,
8583575,3532414,Banderilla,
8583577,3531825,Calcahualco,
8583577,8859933,Cruz Verde,
8583577,3823502,Excola,
8583578,3530592,Ciudad Mendoza,
8583578,3823866,La Cuesta,
8583578,8858447,Necoxtla,
8583579,3823776,El Palmar,
8583579,3823777,Loma Angosta,
8583580,3531416,Catemaco,
8583580,3524450,La Victoria,
8583580,3825096,San Juan Seco de Valencia,
8583580,3516534,Sontecomapan,
8583580,3514109,Zapoapan de Cabañas,
8583581,3532388,Barra de Cazones,
8583581,3531391,Cazones de Herrera,
8583581,3824555,Manlio Fabio Altamirano,
8583581,8723687,Rancho Nuevo,
8583582,3531321,Cerro Azul,
8583583,3530604,Citlaltépec,
8583583,8726733,Las Sabinas,
8583584,3530564,Coacoatzintla,
8583585,3824673,Coahuitlán,
8583585,3824672,Macedonio Alonso,
8583586,3823410,Bella Esperanza,
8583586,3530531,Coatepec,
8583586,3823438,La Laguna,
8583586,3525306,La Orduña,
8583586,3524752,Las Lomas,
8583586,3523717,Mahuixtlan,
8583586,3522211,Pacho Viejo,
8583586,3514998,Tuzamapan,
8583587,3533056,Allende,
8583587,8858919,Centro de Readaptación Social,
8583587,3530517,Coatzacoalcos,
8583587,8858119,Fraccionamiento Ciudad Olmeca,
8583587,3823995,Guillermo Prieto,
8583587,3524929,Las Barrillas,
8583587,8858172,Lomas de Barrillas,
8583587,3823979,Mundo Nuevo,
8583587,8858328,Puerto Esmeralda,
8583588,3522101,Calichar Palma Sola,
8583588,3530513,Coatzintla,
8583588,3530204,Corralillos,
8583588,3824770,Manuel María Contreras,
8583589,3530477,Coetzala,
8583590,3530450,Colipa,
8583591,3532197,Boca del Monte,
8583591,3531331,Cerritos,
8583591,3530376,Comapa,
8583591,3823589,San Francisco Nacaxtle,
8583591,3823579,Sonora,
8583592,8858470,Colorines,
8583592,3530240,Córdoba,
8583592,8859410,El Porvenir,
8583592,8858666,Fredepo,
8583592,8859751,San Isidro Palotal,
8583592,8859423,San José de Abajo [Unidad Habitacional],
8583592,3823836,San José de Tapia,
8583592,3517879,San Rafael Calería,
8583592,3823827,Veinte de Noviembre,
8583593,3530177,Cosamaloapan,
8583593,3824981,Gabino Barreda,
8583593,3522647,Nopaltepec,
8583593,3522629,Paraiso Novillero,
8583593,3824977,Poblado Dos,
8583594,3530176,Cosautlán,
8583594,3524351,Limones,
8583594,3521506,Piedra Parada,
8583595,3820759,Bolonchén de Rejón,
8583595,3530700,Chunchintok,
8583595,3529666,Dzibalchén,
8583595,3527065,Hopelchén,
8583595,3820780,Suc-Tuc,
8583595,3820827,Ukum,
8583595,3526746,Vicente Guerrero,
8583595,3820828,Xmabén,
8583596,4019866,Abasolo,
8583597,4013728,Ciudad Acuña,
8583598,4018761,Allende,
8583598,3988628,Río Bravo,
8583599,4018127,Arteaga,
8583599,3977363,Huachichil,
8583599,3987673,San Antonio de las Alazanas,
8583600,4015674,Candela,
8583601,4015022,Castaños,
8583602,4012421,Cuatro Ciénegas de Carranza,
8583603,3980181,Escobedo,
8583603,3977684,Primero de Mayo,
8583604,4013484,Colón,
8583604,8858926,El Porvenir (El Porvenir de Arriba),
8583604,4006194,Francisco I. Madero,
8583604,4004871,Hidalgo,
8583604,3977509,Jaboncillo,
8583604,3977510,La Florida,
8583604,4000795,La Pinta,
8583604,3980055,Las Virginias,
8583604,4009471,Lequeitio,
8583604,3994605,Nuevo León,
8583604,8858706,Seis de Octubre (Santo Niño),
8583605,8858786,Colonia Diana Laura Riojas de Colosio,
8583605,3980180,Frontera,
8583605,4002733,La Cruz,
8583605,3977695,Ocho de Enero,
8583606,4005870,General Cepeda,
8583607,4005111,Guerrero,
8583608,3527116,Hidalgo,
8583609,4003937,Jiménez,
8583610,3980160,Juárez,
8583611,3977698,Lamadrid,
8583612,4013075,Compuertas,
8583612,3977506,El Cambio,
8583612,4010198,El Consuelo,
8583612,4010066,El Cuije,
8583612,4006628,Escuadrón Doscientos Uno,
8583612,4005722,Granada,
8583612,4004872,Hidalgo,
8583612,4004756,Hormiguero,
8583612,4002497,La Esperanza,
8583612,4001536,La Luz,
8583612,3996615,Maravillas,
8583612,3996426,Matamoros,
8583612,4000567,Purísima,
8583612,4010155,San Antonio del Coyote,
8583612,3985129,San Pedro,
8583612,3984739,Santa Ana del Pilar,
8583612,3983532,Santo Niño Aguanaval,
8583612,3982907,Solima,
8583612,3980517,Veinte de Noviembre,
8583613,3995523,Monclova,
8583614,3998238,Los Álamos,
8583614,3995395,Morelos,
8583615,3996271,Ciudad Melchor Múzquiz,
8583615,3999927,Las Esperanzas,
8583615,3977811,Minas de Barroterán,
8583615,3993893,Palaú,
8583616,3995154,Nadadores,
8583617,8858271,Colonia Venustiano Carranza,
8583617,3995050,Nava,
8583618,8858928,Chula Vista,
8583618,8858502,Laguna del Rey (Químicas del Rey),
8583618,3994534,Ocampo,
8583619,3993335,Parras de la Fuente,
8583620,3992619,Piedras Negras,
8583621,3991668,Progreso,
8583621,3986254,San José de Aura,
8583622,3993395,Paredón,
8583622,3991043,Ramos Arizpe,
8583623,4013688,Cloete,
8583623,3988333,Sabinas,
8583624,3988301,Sacramento,
8583625,4019291,Agua Nueva,
8583625,3988086,Saltillo,
8583625,3985879,San Juan de la Vaquería,
8583626,3987500,San Buenaventura,
8583627,3994667,Nueva Rosita,
8583627,3985846,San Juan de Sabinas,
8583628,8859465,Alejo González (Bilbao),
8583628,4013024,Concordia,
8583628,4009020,El Nilo,
8583628,4007938,El Retiro,
8583628,3977512,La Fe,
8583628,3997030,Luchana,
8583628,3977497,Mayrán,
8583628,3977500,San Esteban de Abajo,
8583628,3987090,San Francisco de Arriba,
8583628,3986848,San Ignacio,
8583628,3985749,San Lorenzo,
8583628,3985564,San Marcos,
8583628,3985430,San Miguel,
8583628,3985035,San Pedro,
8583628,3984411,Santa Elena,
8583628,8859137,Tacubaya,
8583628,3984203,Veinte de Noviembre (Santa Lucía),
8583629,8858320,Hércules,
8583629,3977752,La Esmeralda,
8583629,3983078,Sierra Mojada,
8583630,4018644,Albia,
8583630,4008641,El Perú,
8583630,8859287,Fraccionamiento la Noria,
8583630,4002800,La Concha,
8583630,4001048,La Palma,
8583630,4000915,La Partida,
8583630,3990933,Rancho Alegre,
8583630,3977504,Santa Fe,
8583630,3981254,Torreón,
8583631,4016864,Boquilla de las Perlas,
8583631,4005839,Gilita,
8583631,3977441,La Ventana,
8583631,3995950,Mieleras,
8583631,3980387,Venustiano Carranza,
8583631,3980230,Viesca,
8583632,3980122,Villa Unión,
8583633,3979706,Zaragoza,
8583634,4013671,Augusto Gómez Villanueva,
8583634,4018227,Ciudad de Armería,
8583634,4028116,Cofradía de Juárez,
8583634,4028091,Cuyutlán,
8583634,3988663,Rincón de López,
8583635,4013516,Colima,
8583635,3997104,Los Tepames,
8583635,3992749,Piscila,
8583636,4013537,Cofradía de Suchitlán,
8583636,4013130,Comala,
8583636,3982766,Suchitlán,
8583636,3979820,Zacualpan,
8583637,4012905,Coquimatlán,
8583637,4003760,Pueblo Juárez (La Magdalena),
8583638,3995794,Minatitlán,
8583639,4016136,Caleras,
8583639,4014743,Cerro de Ortega,
8583639,4028219,Cofradía de Morelos,
8583639,3996933,Madrid,
8583639,3982213,Tecomán,
8583640,3980194,Ciudad de Villa de Álvarez,
8583641,8859065,Agua Zarca,
8583641,3530600,Ciudad Cuauhtémoc,
8583641,3527542,Comalapa,
8583641,8858638,Doctor Rodulfo Figueroa (Tierra Blanca),
8583641,3528437,El Portal,
8583641,8859305,El Triunfo de las Tres Maravillas,
8583641,3527362,Guadalupe Grijalva,
8583641,3526480,Joaquín Miguel Gutiérrez,
8583641,3523002,Monte Redondo,
8583641,3522609,Nueva Independencia,
8583641,3522607,Nueva Libertad,
8583641,3521816,Paso Hondo,
8583641,3528206,Sabinalito,
8583641,3519597,San Caralampio,
8583641,3516644,Sinaloa,
8583641,3514779,Verapaz,
8583642,4004867,Hidalgo del Parral,
8583643,4004622,Huejotitán,
8583644,4017154,Benito Juárez,
8583644,3975344,Ignacio Zaragoza,
8583645,4004116,Janos,
8583645,4010135,Monte Verde,
8583647,4013708,Ciudad Juárez,
8583647,3998364,Loma Blanca,
8583647,3988043,Samalayuca,
8583647,3988004,San Agustín,
8583647,3986685,San Isidro,
8583648,3975328,Julimes,
8583649,3980154,López,
8583649,8858669,Octaviano López,
8583650,4011631,El Largo,
8583650,4006519,Las Varas (Estación Babícora),
8583650,3996956,Madera,
8583650,3974884,Mesa del Huracán,
8583650,3994952,Nicolás Bravo,
8583651,3996879,Maguarichi,
8583652,3996682,Manuel Benavides,
8583653,3516171,Barra de Tecoanapa,
8583653,8859161,El Polvorín,
8583653,3822029,Marquelia,
8583653,3822179,Zoyatlán,
8583654,4017924,Ayutla,
8583655,4019077,Ahuatlán,
8583655,3994013,Otatlán,
8583655,3982167,Tecualtitán,
8583655,3979719,Zapotlán del Rey,
8583656,4007715,El Salitre,
8583656,4001661,La Laja,
8583656,8859804,La Mezquitera,
8583656,4000903,La Paz,
8583656,4010858,La Purísima,
8583656,3996394,Matatlán,
8583656,3986512,San Joaquín Zorrillos,
8583656,3986185,San José de las Flores,
8583656,4014679,Santa Fe,
8583656,3979717,Zapotlanejo,
8583657,3986870,San Ignacio Cerro Gordo,
8583658,3533475,Acambay,
8583658,3817930,Boshindó,
8583658,3817921,Conejeras,
8583658,3827051,Detiña (San Antonio Detiña),
8583658,8859888,Doxteje Barrio Primero,
8583658,3827048,Doxtejé Centro,
8583658,3817924,Ganzda,
8583658,3827061,La Caridad,
8583658,8859753,La Estancia Sector Uno (La Estancia),
8583658,4026610,La Loma,
8583658,3521763,Pathé,
8583658,3521073,Pueblo Nuevo,
8583658,3817879,Puentecillas,
8583658,3827058,San Juanico Sector Uno,
8583658,3518005,San Pedro de los Metates,
8583658,3827050,Tixmadeje Chiquito,
8583659,3533378,Aculco de Espinoza,
8583659,8859945,El Colorado,
8583659,8859401,El Mogote,
8583659,8858672,Gunyo Poniente (San José Gunyo),
8583659,8859768,La Presita Segundo Cuartel,
8583659,3817874,La Soledad Barrio,
8583659,9172205,San Lucas Totolmaloya,
8583659,8859652,San Pedro Denxhi Centro,
8583659,3817873,Santa María Nativitas,
8583660,3533033,Almoloya de Alquisiras,
8583660,3519912,San Andrés Tepetitlán,
8583661,3826948,Benito Juárez,
8583661,3826905,Cañada de Guadarrama,
8583661,8859323,Colonia Bellavista,
8583661,8858480,Conjunto Habitacional Ecológico SUTEYM,
8583661,3519520,Ejido San Diego,
8583661,8859728,El Plan,
8583661,8859089,El Tepetatal,
8583661,8858212,Fraccionamiento Colinas del Sol,
8583661,3827250,La Cabecera,
8583661,3826938,La Campanilla,
8583661,8859002,Laguna de Tabernillas (El Resbaloso),
8583661,8858923,Loma de San Miguel,
8583661,3826954,Mayorazgo de León,
8583661,3523264,Mextepec,
8583661,3827241,Mina México,
8583661,3826975,Palos Amarillos (Palos Amarillos Yebuciví),
8583661,3520038,Salitrillo,
8583661,3826958,San Agustín Citlali,
8583661,3519249,San Francisco Tlalcilalcalpan,
8583661,8858691,San Isidro (El Reservado),
8583661,3826911,San Mateo Tlalchichilpan,
8583661,3518328,San Miguel Almoloyan,
8583661,3826917,San Nicolás Amealco,
8583661,3826915,San Pedro de la Hortaliza (Ejido Almoloyán),
8583661,3826952,Santa Juana Centro,
8583661,3826953,Santa Juana Primera Sección,
8583661,3827253,Santiaguito Tlalcilalcalli,
8583661,3533032,Villa de Almoloya de Juárez,
8583662,3533037,Almoloya del Río,
8583663,4026608,Amanalco de Becerra,
8583663,3826892,El Potrero,
8583663,8859154,Polvillos (San Bartolo Quinta Sección),
8583663,3520310,Rincón de Guadalupe,
8583663,3987619,San Bartolo,
8583663,4026605,San Jerónimo,
8583663,4026607,San Juan,
8583663,3518525,San Lucas,
8583663,3518399,San Mateo,
8583664,4018599,Amatepec,
8583664,3993857,Palmar Chico,
8583665,8859235,Colonia la Libertad,
8583665,3817592,Santa Cruz Atizapán,
8583666,3532617,Atlacomulco de Fabela,
8583666,3817934,Bobashi de Guadalupe,
8583666,3827077,Chosto de los Jarros,
8583666,8858607,Colonia Río Lerma (Tic Ti),
8583666,3827024,Cuendo,
8583666,3827036,El Rincón de la Candelaria,
8583666,8858653,La Mesa de Chosto,
8583666,3827029,Manto del Río Ejido,
8583666,3827038,San Antonio Enchisi,
8583666,3827034,San Bartolo Lanzados,
8583666,3827040,San Felipe Pueblo Nuevo,
8583666,3827037,San Francisco Chalchihuapan,
8583666,3827075,San Jerónimo de los Jarros,
8583666,3827035,San José del Tunal,
8583666,3515212,San José Toxi,
8583666,3827031,San Juan de los Jarros,
8583666,3827030,San Lorenzo Tlacotepec,
8583666,3827032,San Luis Boro,
8583666,3532579,San Pablo Atotonilco,
8583666,3827039,San Pedro del Rosal,
8583666,3827081,Santa Cruz Bombatevi,
8583666,3516974,Santiago Acutzilapan,
8583666,3516844,Santo Domingo Shomege (Shomege),
8583666,3827033,Tecoac (Santa María Nativitas),
8583667,3531798,Calimaya,
8583667,8859454,Colonia Arboledas (San Andrés),
8583667,3525958,La Concepción Coatipac (La Conchita),
8583667,3827283,San Andrés Ocotlán,
8583667,3827281,San Bartolito Tlaltelolco,
8583667,8858541,San Diego la Huerta,
8583667,3827276,Santa María Nativitas,
8583667,8858917,Villas del Campo,
8583667,3514052,Zaragoza,
8583668,8859712,Agua Blanca,
8583668,3531598,Capulhuac de Mirafuentes,
8583668,3533047,San Miguel Almaya,
8583669,3817477,Acuitlapilco,
8583669,3761648,Chiltepec de Hidalgo,
8583669,3817415,Llano Grande,
8583669,8859012,Primera de Analco,
8583669,3817511,San José del Progreso,
8583670,3531143,Chapa de Mota,
8583670,3827126,Dongu,
8583670,3827128,La Esperanza,
8583670,3519418,San Felipe Coamango,
8583670,3518605,San Juan Tuxtepec,
8583670,3517336,Santa María,
8583670,3827130,Tenjay,
8583671,3518280,Chapultepec,
8583671,8858517,Unidad Habitacional Santa Teresa,
8583672,4026807,Barrio de Arriba de San Juan Xoconusco,
8583672,3988029,San Agustín de las Palmas,
8583672,4002164,San Antonio de la Laguna,
8583672,4026598,San Francisco Mihualtepec,
8583672,4026806,San Juan Xoconusco,
8583672,3985715,San Lucas Texcaltitlán,
8583672,8859083,San Martín Obispo (San Martín San Pedro),
8583672,3985469,San Miguel Xoltepec,
8583672,3984771,San Simón de la Laguna,
8583672,4026814,Santiago Huitlapaltepec,
8583673,8859112,Colonia Palma,
8583673,8859898,Ejido Miraflores,
8583673,8859239,Ejido Palma (Ejido San Francisco),
8583673,3515339,Tlazala de Fabela,
8583674,3817450,Ahuacatitlán,
8583674,3530527,Coatepec Harinas,
8583674,8859680,Colonia 3 de Mayo,
8583674,3526681,Ixtapan de la Sal,
8583674,3817414,San Alejo,
8583674,3817452,San Miguel Laderas,
8583674,3516140,Tecomatepec,
8583675,4004284,Ixtapan del Oro,
8583676,3827203,Barrio de San Pedro la Cabecera,
8583676,8858440,Barrio San Joaquín el Junco,
8583676,8858863,Colonia San Francisco de Asís,
8583676,3826963,El Rincón de los Perales,
8583676,3826966,Emiliano Zapata (Santo Domingo),
8583676,3826965,Guadalupe Cachi,
8583676,3519063,Ixtapantongo,
8583676,3526670,Ixtlahuaca de Rayón,
8583676,3827140,Jalpa de los Baños,
8583676,3525956,La Concepción de los Baños,
8583676,3827017,La Concepción Enyege,
8583676,3826974,La Guadalupana,
8583676,3519953,San Andrés del Pedregal,
8583676,3827214,San Antonio Bonixi,
8583676,3826967,San Francisco de Guzmán,
8583676,3519192,San Ildefonso,
8583676,3827003,San Isidro Boxipe,
8583676,3827015,San Juan de las Manzanas,
8583676,3518530,San Lorenzo Toxico,
8583676,3518398,San Mateo Ixtlahuaca,
8583676,3518327,San Miguel Enyege,
8583676,3761193,San Pablo de los Remedios,
8583676,3519535,San Pedro de los Baños,
8583676,3517999,San Pedro el Alto,
8583676,3517984,San Pedro Los Baños,
8583676,3817987,Santa Ana Ixtlahuaca (Santa Ana Ixtlahuacingo),
8583676,3827002,Santa Ana la Ladera,
8583676,3827186,Santa María del Llano,
8583676,3516881,Santo Domingo de Guzmán,
8583677,8859164,El Águila (La Mesa),
8583677,8858856,Mezapa la Fábrica,
8583677,8859284,San Juan Tomasquillo Herradura,
8583677,8859714,Techichili,
8583677,3526611,Xalatlaco,
8583678,3827094,Agua Escondida,
8583678,3531697,Canalejas,
8583678,3827108,Coscomate del Progreso,
8583678,3817929,Denjhi,
8583678,3529688,Doxhicho,
8583678,3827101,El Magueyal,
8583678,3817872,El Rosal,
8583678,3526501,Jilotepec de Molina Enríquez,
8583678,3817911,La Comunidad,
8583678,3827097,Las Huertas,
8583678,3827104,Las Manzanas,
8583678,8859558,Octeyuco Dos Mil,
8583678,3518430,San Martín Tuchicuitlapilco,
8583678,3827511,San Pablo Huantepec,
8583678,8859486,San Vicente (Calpulalpan Tercera Manzana),
8583678,3827100,Xhimojay,
8583678,3514529,Xhitey,
8583678,8858648,Xhixhata,
8583679,8859260,Barrio de Ensido,
8583679,3827460,San Miguel Tecpan,
8583679,3517733,Santa Ana Jilotzingo,
8583679,3517233,Santa María Mazatla,
8583680,3827185,Buenos Aires,
8583680,3817963,Ejido Loma de Malacota,
8583680,3526487,Jiquipilco,
8583680,8858588,Manzana Quinta (La Cañada),
8583680,8859785,Manzana Segunda,
8583680,8858860,Manzana Sexta Parte Centro,
8583680,3517521,Manzana Tercera de Santa Cruz Tepexpan,
8583680,3827182,Rancho Alegre,
8583680,3827172,San Antonio Nixini,
8583680,3519634,San Bartolo Oxtotitlán,
8583680,3817983,San José del Sitio,
8583680,3827204,San Miguel Yuxtepec,
8583680,3517228,Santa María Nativitas,
8583680,8859644,Sección del Cerrito,
8583681,3827155,Barrio de Boyecha,
8583681,8859347,Barrio la Tenería,
8583681,8859695,Concepción Caro,
8583681,3826991,Ejido del Tunal Nenaxi,
8583681,3827151,Huemetla,
8583681,3526473,Jocotitlán,
8583681,3523907,Los Reyes,
8583681,3827011,Mavoro,
8583681,3519283,San Francisco,
8583681,3827150,San José Boqui,
8583681,3530556,San Juan Coajomulco,
8583681,3518326,San Miguel Tenochtitlán,
8583681,3517337,Santa María Citendejé,
8583681,3827009,Santa María Endare,
8583681,3817947,Santiago Casandeje,
8583681,3516907,Santiago Yeché,
8583682,3526450,Joquicingo,
8583682,3827302,Maxtleca de Galeana,
8583682,3516174,San Pedro Techuchulco,
8583683,3517284,Atarasquillo,
8583683,8858837,Colonia Adolfo López Mateos,
8583683,8858897,Colonia Agrícola Analco,
8583683,3827427,Colonia Álvaro Obregón,
8583683,8858403,Colonia Emiliano Zapata,
8583683,8858615,Colonia Guadalupe Victoria (La Capilla),
8583683,8859091,Colonia Isidro Fabela,
8583683,8858417,Colonia los Cedros,
8583683,8859192,Colonia Reforma Tlalmimilolpan,
8583683,8858853,Fraccionamiento y Club de Golf los Encinos,
8583683,3514458,La Concepción Xochicuautla,
8583683,3524389,Lerma de Villada,
8583683,8859942,Nueva Ameyalco,
8583683,8858806,Pueblo Nuevo Tlalmimilolpan,
8583683,3827432,San Agustín Huitzizilapan,
8583683,3827440,San Francisco Xochicuautla,
8583683,3827368,San Mateo Atarasquíllo,
8583683,3532895,San Miguel Ameyalco,
8583683,3526869,San Pedro Huitzizilapan,
8583683,3827267,San Pedro Tultepec,
8583683,3827438,Santa Cruz Huitzizilapan,
8583683,3827436,Santa María Tlalmimilolpan,
8583683,3827437,Zacamulpa Tlalmimilolpan,
8583684,8859892,Jalmolonga (La Hacienda),
8583684,3523686,Malinalco,
8583684,3817378,San Andrés Nicolás Bravo,
8583684,3817546,San Simón el Alto,
8583685,8858762,Colonia Agrícola Álvaro Obregón,
8583685,3523303,Metepec,
8583685,3827273,San Bartolomé Tlaltelulco,
8583685,3817591,San Gaspar Tlahuelilpan,
8583685,8858104,San Jorge Pueblo Nuevo,
8583685,3827264,San Miguel Totocuitlapilco,
8583685,8858087,San Salvador Tizatlalli,
8583685,3522459,Santa María Magdalena Ocotitlán,
8583686,3518377,Mexicaltzingo,
8583687,8858888,Barrio Bordo Nuevo,
8583687,8858662,Barrio de Jesús Fracción Primera,
8583687,8859411,Barrio del Cajón,
8583687,8858338,Barrio Santa Cruz,
8583687,3531889,Cacalomacan,
8583687,3531794,Calixtlahuaca,
8583687,8859125,Colonia Aviación Autopan,
8583687,8858838,Colonia el Refugio,
8583687,3827257,El Cerrillo Vista Hermosa,
8583687,8858437,Fraccionamiento Real de San Pablo,
8583687,8858929,Galaxias Toluca,
8583687,8858870,Guadalupe Totoltepec,
8583687,8858257,Jicaltepec Autopan,
8583687,8858297,Jicaltepec Cuexcontitlán,
8583687,8858218,La Constitución Toltepec,
8583687,8859727,La Loma Cuexcontitlán,
8583687,8859660,La Planada (El Arenal),
8583687,3522091,Palmillas,
8583687,3827260,San Antonio Buenavista,
8583687,3519601,San Buenaventura,
8583687,8859482,San Carlos Autopan,
8583687,8858401,San Diego los Padres Cuexcontitlán Sección 5 B,
8583687,3827262,San Felipe Tlalmimilolpan,
8583687,8858097,San José Guadalupe Otzacatipan,
8583687,3827274,San Juan Tilapa,
8583687,3827252,San Marcos Yachihuacaltepec,
8583687,3827251,San Martín Toltepec,
8583687,3827254,San Mateo Otzacatipan,
8583687,8858207,San Nicolás Tolentino,
8583687,3518138,San Pablo Autopan,
8583687,3827255,San Pedro Totoltepec,
8583687,3762210,Santiago Tlacotepec,
8583687,8858925,Sebastián Lerdo de Tejada,
8583687,3516182,Tecaxic,
8583687,3515302,Toluca,
8583688,3817381,El Terrero,
8583688,3519227,San Gaspar Tonatico,
8583689,4026574,Casas Viejas,
8583689,8859605,Colonia Rincón Villa del Valle,
8583689,4013141,Colorines,
8583689,4026564,Cuadrilla de Dolores,
8583689,8858824,El Arco,
8583689,4026570,La Compañía,
8583689,8858632,Loma Bonita,
8583689,3817596,Los Saucos,
8583689,4026816,San Gabriel Ixtla,
8583689,3986069,San Juan Atezcapan,
8583689,3985297,San Nicolás Tolentino,
8583689,3992440,Santa María Pipioltepec (Pipioltepec),
8583689,3980621,Valle de Bravo,
8583690,4018625,Amanalco de Becerra,
8583690,8859273,Barrio Chiquichuca,
8583690,8859668,Barrio el Boncho,
8583690,8859390,Barrio la Joya,
8583690,8859115,Barrio los Tules,
8583690,4026783,Cabecera de Indígenas,
8583690,8858759,El Jacal,
8583690,4026761,Loma de Juárez,
8583690,4026788,Los Berros,
8583690,3987248,San Felipe Santiago,
8583690,4026801,San Ildefonso,
8583690,3986551,San Jerónimo Totoltepec,
8583690,3980206,San José Villa de Allende,
8583690,4026779,Vare Chiquichuca,
8583691,3817482,Buenavista,
8583691,11085899,Ejido de la Finca,
8583691,11085891,Ejido de San Mateo Coapexco,
8583691,8859914,El Progreso Hidalgo,
8583691,3817500,Jesús Carranza (Rancho de Jesús),
8583691,3817447,La Finca,
8583691,8859185,La Joya,
8583691,3817505,Porfirío Díaz,
8583691,3827292,San Bartolomé,
8583691,11085890,San Francisco,
8583691,3817503,San Gaspar,
8583691,8859013,San Lucas,
8583691,3518384,San Mateo Coapexco,
8583691,3518329,San Miguel,
8583691,8858508,Santa María Aranzazú (Santa María),
8583691,3817502,Santiago Oxtotitlán,
8583691,3817481,Totolmajac,
8583691,3514675,Villa Guerrero,
8583691,8858360,Zacango,
8583692,3984564,Santa Clara de Valladares,
8583692,3981434,Tocumbo,
8583693,3530175,Coscomatepec de Bravo,
8583693,3823498,Cuiyachapa,
8583693,3823499,Tenixtepec,
8583693,3515753,Teteltzingo,
8583693,3823507,Tetlaxco,
8583693,3515181,Tozongo,
8583693,8859439,Xalatlaco,
8583693,3514424,Xocotla,
8583693,3514150,Zacatla,
8583694,3532370,Barrancas,
8583694,3823970,Calzadas,
8583694,3530568,Coacotla,
8583694,3530167,Cosoleacaque,
8583694,8858501,Fraccionamiento los Prados,
8583694,8858614,Hermenegildo J. Aldana,
8583694,3823962,José F. Gutiérrez,
8583694,8859190,Residencial las Olas,
8583694,3517982,San Pedro Mártir,
8583695,3530155,Cotaxtla,
8583695,3823676,Ejidal,
8583695,3823677,La Capilla,
8583695,3524557,La Tinaja,
8583696,3530144,Coxquihui,
8583696,3824662,El Arenal,
8583696,3520163,Sabanas de Xalostoc,
8583697,3530918,Chicualoque,
8583697,3530110,Coyutla,
8583697,3824671,El Panorama,
8583697,8724613,La Colonia Guadalupe,
8583697,3824668,Las Lomas,
8583698,3529918,Cuichapa,
8583698,9100352,La Providencia,
8583699,3529911,Cuitláhuac,
8583699,3528771,El Maguey,
8583699,3823778,Mata Naranjo,
8583699,8858677,San Francisco (Mata Clara),
8583699,8859202,San José de Abajo,
8583700,3531258,Chacaltianguis,
8583700,3824997,Las Sabanetas,
8583701,3531194,Chalma,
8583701,3531129,Chapopote Chico,
8583701,3824295,San Pedro Coyutla,
8583703,3530928,Chiconquiaco,
8583703,3824734,El Huérfano,
8583703,3824733,La Sombra,
8583704,3533198,Ahuateno,
8583704,3530926,Chicontepec,
8583704,3528702,El Mirador,
8583704,3516751,Sasaltitla,
8583704,3515485,Tlacolula,
8583705,3531266,Chacalapa,
8583705,3530836,Chinameca,
8583705,3524129,Los Cerritos,
8583706,3530834,Chinampa de Gorostiza,
8583706,8858438,Colonia las Flores,
8583707,3524903,Las Choapas,
8583708,3530778,Chocamán,
8583708,8858911,San José Neria,
8583708,3515743,Tetla,
8583709,3530748,Chontla,
8583709,3824344,San Francisco,
8583710,3530720,Chumatlán,
8583710,8859139,Lázaro Cárdenas (Santana),
8583711,3823412,Alborada,
8583711,3823374,Cerro Gordo,
8583711,3531061,Chavarrillo,
8583711,3529691,Dos Ríos,
8583711,3823414,El Chico,
8583711,3823416,El Lencero,
8583711,3823278,El Terrero,
8583711,3823413,Estanzuela,
8583711,8858181,Jacarandas,
8583711,8859663,Las Trancas,
8583711,3823417,Pacho Nuevo,
8583711,3823372,Palo Gacho,
8583711,3823383,Plan del Río,
8583711,3823399,Rancho Viejo,
8583711,3520319,Rinconada,
8583711,3527878,Villa Emiliano Zapata,
8583712,3824669,El Arenal,
8583712,3527811,Entabladero,
8583712,9093087,Espinal,
8583712,3824774,Melchor Ocampo,
8583712,3526587,San Leoncio Jamaya,
8583712,8859570,Santa Isabel,
8583713,8859407,Cerro Grande,
8583713,3527624,Filomeno Mata,
8583714,8858140,Córdoba (Santa Leticia),
8583714,3527596,Fortín de las Flores,
8583714,8859582,Fraccionamiento los Álamos,
8583714,8859258,Fraccionamiento Villas de la Llave,
8583714,3523040,Monte Blanco,
8583714,3823847,Monte Salas,
8583714,8858974,Santa Lucía Potrerillo,
8583714,3823837,Villa Unión,
8583715,3824632,Carrillo Puerto,
8583715,3527186,Gutiérrez Zamora,
8583716,3527113,Hidalgotitlán,
8583716,3825384,Vicente Guerrero,
8583717,3526983,Huayacocotla,
8583717,3522064,Palo Bendito,
8583718,3533312,El Aguacate,
8583718,3526932,Hueyapan de Ocampo,
8583718,3825090,Juan Díaz Covarrubias,
8583718,3524242,Loma de Sogotegoyo,
8583718,8858488,Los Mangos,
8583718,3524999,Sabaneta,
8583718,3517688,Santa Catalina,
8583718,3524234,Santa Rosa Loma Larga,
8583718,3515628,Tierra Nueva,
8583718,3514110,Zapoapan de Amapan,
8583719,3526915,Huiloapan de Cuauhtémoc,
8583720,3526808,Ignacio de la Llave,
8583720,8859702,Zacate Colorado Segundo (Fraternidad),
8583721,3526793,Ilamatlán,
8583721,3514429,Xococapa,
8583722,3825011,Isla,
8583723,3526725,Ixcatepec,
8583724,3823467,Ixhuacán de los Reyes,
8583725,3526734,Ixcapantla,
8583725,3823525,Ixcatla,
8583725,3526713,Ixhuatlán del Café,
8583725,3522460,Ocotitlán,
8583725,3521133,Presidio,
8583726,8858399,Fraccionamiento Valle Dorado,
8583726,3526714,Ixhuatlancillo,
8583726,3519159,San Isidro,
8583726,8858183,Unión y Progreso,
8583727,11839903,Ixhuatlán del Sureste,
8583728,3530455,Colatlán,
8583728,8723176,El Zapote Bravo,
8583728,3526939,Huexotitla,
8583728,3526712,Ixhuatlán de Madero,
8583728,3524328,Llano de Enmedio,
8583728,3824472,Pisaflores,
8583728,3519337,San Francisco,
8583728,3824457,Xochimilco,
8583729,3526709,Santiago,
8583730,3823849,Buenavista,
8583730,3823855,Campo Chico,
8583730,3823853,Campo Grande,
8583730,8858505,Capoluca,
8583730,3529980,Cuautlapán,
8583730,3526696,Ixtaczoquitlán,
8583730,3823858,Moyoapan,
8583730,3516477,Sumidero,
8583730,3515009,Tuxpanguillo,
8583730,3823852,Zapoapan,
8583731,3533175,Ahuacatán,
8583731,8859170,Cuauhtamingo,
8583731,3526625,Jalacingo,
8583731,8859742,Melchor Ocampo,
8583731,3523125,Mixquiapan,
8583731,3522314,Orilla del Monte,
8583732,3530864,Chiltoyac,
8583732,8858175,Colonia Santa Bárbara,
8583732,3529243,El Castillo,
8583732,8858425,Fraccionamiento las Fuentes,
8583732,8858216,Lomas Verdes,
8583732,3823262,Tronconal,
8583732,3526617,Xalapa de Enríquez,
8583733,3526610,Jalcomulco,
8583733,3515750,Santa María Tatetla,
8583734,3526593,Jáltipan de Morelos,
8583734,3824091,Las Lomas de Tacamichapan,
8583735,3526588,Jamapa,
8583736,3801469,El Paraíso,
8583736,3526538,Jesús Carranza,
8583736,8858556,Suchilapan del Río,
8583737,3823442,Colonia Úrsulo Galván,
8583737,3518456,San Marcos de León,
8583737,3823461,Tonalaco,
8583737,3514518,Xico,
8583738,8859716,El Pueblito (Garbanzal),
8583738,3526505,Jilotepec,
8583738,3525962,La Concepción,
8583739,3529384,El Blanco,
8583739,3825179,Huayacanes,
8583739,3520214,Juan Rodríguez Clara,
8583739,8858373,Los Tigres (San Marcos),
8583739,3522652,Nopalapan,
8583740,3526359,Juchique de Ferrer,
8583740,3525675,Laguna de Farfán,
8583740,3521372,Plan de las Hayas,
8583741,3525349,Landero y Coss,
8583742,3524391,Lerdo de Tejada,
8583744,3523670,Maltrata,
8583744,3823875,San José Súchil,
8583745,3823628,Loma de los Carmona,
8583745,3523616,Manlio Fabio Altamirano,
8583745,3523472,Mata Loma,
8583745,3515976,Tenenexpan,
8583746,3530938,Chicola,
8583746,3524240,Loma Grande,
8583746,3523559,Mariano Escobedo,
8583746,8858127,Palmira,
8583746,3823874,San Isidro el Berro,
8583746,8858989,Texmola,
8583747,3532709,Arroyo del Potrero,
8583747,8859710,El Progreso,
8583747,3824597,Felipe Carrillo Puerto,
8583747,3824624,La Palma,
8583747,8725858,La Unión Paso Largo,
8583747,3824616,María de la Torre,
8583747,3523513,Martínez de la Torre,
8583747,3526785,Villa Independencia,
8583748,3523399,Mecatlán,
8583748,8859783,Rancho Alegre,
8583749,3526976,Huazuntlán,
8583749,3526710,Ixhuapán,
8583749,3523397,Mecayapan,
8583750,3528046,El Tejar,
8583750,8858231,Fraccionamiento Arboledas San Ramón,
8583750,3523035,La Laguna y Monte del Castillo,
8583750,3528248,Los Robles,
8583750,3523387,Medellín de Bravo,
8583750,3521830,Paso del Toro,
8583750,3823656,Rancho del Padre,
8583751,3523243,Miahuatlán,
8583752,3524728,Las Minas,
8583753,3524248,Las Lomas,
8583753,3523594,Mapachapa,
8583753,3523183,Minatitlán,
8583754,3532699,Arroyo Hondo,
8583754,3525896,La Defensa,
8583754,3824592,La Libertad,
8583754,3523141,Misantla,
8583754,3824713,Salvador Díaz Mirón,
8583755,3523118,Mixtla de Altamirano,
8583756,8858189,Cuichapa,
8583756,3523063,Moloacán,
8583756,3824043,Tlacuilolapan,
8583757,3823272,El Espinal,
8583757,3522836,Naolinco de Victoria,
8583757,3824725,San Marcos Atesquilapan,
8583758,3522829,Naranjal,
8583759,8725893,La Isla de Chapachapa,
8583759,3522788,Nautla,
8583760,8858394,Agrícola Lázaro Cárdenas,
8583760,3823883,Cecilio Terán,
8583760,3522696,Nogales,
8583760,8859084,Taza de Agua Ojo Zarco,
8583761,3522350,Oluta,
8583762,3824902,Cruz Tetela,
8583762,3523455,Mata Tenatito (Casco Hacienda),
8583762,3522347,Omealca,
8583762,3823830,Rincón de Buena Vista,
8583763,3522307,Orizaba,
8583764,3522280,Otatitlán,
8583765,3522279,Oteapan,
8583766,3824279,Cucharas,
8583766,3522235,Ozuluama de Mascareñas,
8583767,3523173,Minzapan,
8583767,3522186,Pajapan,
8583767,3520953,San Juan Volador,
8583768,3824146,Antonio J Bermúdez,
8583768,3824222,Aquiles Serdán,
8583768,3528687,El Molino,
8583768,8708804,Guayalejo,
8583768,3522973,Moralillo,
8583768,3522260,Oviedo,
8583768,3521941,Pánuco,
8583768,3516371,Tamos,
8583769,3824568,Adolfo Ruíz Cortines,
8583769,3533268,Agua Dulce,
8583769,3531559,Caristay,
8583769,3531498,Carrizal,
8583769,3516422,Congregación el Tajín,
8583769,8724576,El Chote,
8583769,3520376,El Remolino,
8583769,3514623,El Volador,
8583769,3824633,Emiliano Zapata,
8583769,8858864,Fraccionamiento la Florida,
8583769,8723656,La Guásima,
8583769,3521922,Papantla de Olarte,
8583769,3824655,Paso de Valencia,
8583769,3521836,Paso del Correo,
8583769,3824571,Polutla,
8583769,3521079,Pueblillo,
8583769,3824566,Puente de Piedra,
8583769,8859285,Residencial Tajín,
8583769,3824569,Vicente Herrera,
8583770,3521833,Paso del Macho,
8583771,3533424,Acazónica,
8583771,3823609,Cerro Guzmán,
8583771,3823352,El Hatito,
8583771,3521825,Paso de Ovejas,
8583771,3823635,Puente Jula,
8583771,3823610,Tierra Colorada,
8583771,3515310,Tolome,
8583772,8859593,Barrio de San Miguel,
8583772,3530885,Chilapa,
8583772,3525203,La Perla,
8583772,8859734,Metlac Hernández (Metlac Primero),
8583773,8858572,Centro de Readaptación Social,
8583773,3823235,El Conejo,
8583773,3823226,El Escobillo,
8583773,3823224,Francisco I. Madero,
8583773,3823225,Guadalupe Victoria,
8583773,3823485,La Gloria,
8583773,3523982,Los Molinos,
8583773,3823234,Los Pescados,
8583773,3521628,Perote,
8583773,3516670,Sierra de Agua,
8583774,3521344,Platón Sánchez,
8583775,3824454,Tenantitla,
8583776,3533503,Abasolo del Valle,
8583776,3532746,Arenal Santa Ana,
8583776,9179499,El Nigromante,
8583776,8859794,La Nueva Era,
8583776,3521334,Playa Vicente,
8583777,8858397,Arroyo del Maíz Uno,
8583777,8859504,El Mollejon,
8583777,3527787,Escolín de Olarte,
8583777,3521168,Poza Rica de Hidalgo,
8583777,8858916,Villa de las Flores,
8583778,8859272,Barrio de San Miguel,
8583778,3524580,Las Vigas de Ramírez,
8583779,3532870,Anahuac,
8583779,3824169,Benito Juárez,
8583779,3514682,Ciudad Cuauhtémoc,
8583779,3521120,Primero de Mayo,
8583780,3823333,Cabezas,
8583780,8858771,Chichicaxtle,
8583780,3528552,El Palmar,
8583781,3526613,Jalapilla,
8583781,3520877,Rafael Delgado,
8583782,8859068,Piletas,
8583782,3520874,Rafael Lucio,
8583783,3523910,Los Reyes,
8583784,3520274,Río Blanco,
8583785,3520026,Saltabarranca,
8583785,3824827,Zamora,
8583786,3519914,San Andrés Tenejapan,
8583787,8859150,Abrevadero,
8583787,3532543,Axochío,
8583787,3825056,Buenos Aires,
8583787,3825060,Calería,
8583787,8858809,Cerro las Iguanas,
8583787,3825095,Chuniapan de Arriba,
8583787,3530362,Comoapan,
8583787,8859526,Cuesta Amarilla,
8583787,8859493,Cuesta de Laja,
8583787,8859917,El Huidero,
8583787,3528819,El Laurel,
8583787,3825094,El Salto de Eyipantla,
8583787,3825067,Juan Jacobo Torres [Bodega de Totontepec],
8583787,8650449,La Nueva Victoria,
8583787,3825099,Laguneta,
8583787,8859614,Los Naranjos,
8583787,8859364,Los Pinos,
8583787,8859552,Matacapan,
8583787,3523503,Mazumiapam,
8583787,3825064,Ocelota,
8583787,3522434,Ohuilapam,
8583787,3519907,San Andrés Tuxtla,
8583787,8859382,San Isidro Xoteapan (San Isidro Texcaltitán),
8583787,3825058,Santa Rosa Abata,
8583787,3825059,Sihuapan,
8583787,8859541,Soyata,
8583787,9101611,Texalpan de Abajo,
8583787,8858671,Texalpan de Arriba,
8583787,8858665,Texcaltitán Xoteapan (Texcaltitán),
8583787,3825072,Tilapan,
8583787,8859379,Tonalapan,
8583787,3515061,Tulapam,
8583787,3825061,Xoteapan,
8583788,3533408,Achotal de Moreno,
8583788,3825170,Estación Juanita,
8583788,3825185,La Cerquilla,
8583788,3518679,San Juan Evangelista,
8583788,3825183,Vista Hermosa,
8583789,8859856,Arroyo San Isidro,
8583789,8858798,Francisco I. Madero,
8583789,3516912,Santiago Tuxtla,
8583789,8650498,Sinapan,
8583789,3824817,Tapalapan,
8583789,3825054,Tlapacoyan,
8583789,3515111,Tres Zapotes,
8583790,3825209,Aguilera,
8583790,3524188,Almagres,
8583790,3530072,Cruz del Milagro,
8583790,3528828,El Juile,
8583790,3523385,Medias Aguas,
8583790,3516723,Sayula de Alemán,
8583791,3824113,Colonia Lealtad,
8583791,8858950,Fraccionamiento Santa Cruz,
8583791,3516611,Soconusco,
8583792,3516617,Sochiapa,
8583793,3526886,Huitzila,
8583793,8859075,Mexcala,
8583793,3532559,Soledad Atzompa,
8583793,8859909,Tetlatzinga,
8583793,8859746,Tlatilpa,
8583793,8859802,Tlatzala,
8583794,3516563,Soledad de Doblado,
8583795,3532041,Buenavista,
8583795,3824123,El Tulín,
8583795,3823904,Morelos,
8583795,3522476,Ocotal Chico,
8583795,3522448,Ocozotepec,
8583795,3823931,Saltillo,
8583795,3823895,San Fernando,
8583795,3516526,Soteapan,
8583796,3520081,Saladero,
8583796,3516410,Tamalín,
8583797,3529451,El Anono,
8583797,3824412,Estero de Milpas,
8583797,3516376,Tamiahua,
8583798,3516350,Tampico Alto,
8583799,3516317,Tancoco,
8583799,3514185,Zacamixtle,
8583800,3527185,Gutiérrez Zamora,
8583800,3524186,Los Altos,
8583800,3516275,Tantima,
8583801,8729238,El Lindero,
8583801,3517816,San Sebastián,
8583801,3516271,Tantoyuca,
8583802,3516232,Tatatila,
8583803,3531434,Castillo de Teayo,
8583803,3824501,La Guadalupe,
8583803,3824500,Mequetla,
8583803,3516205,Teayo,
8583804,3531438,Casitas,
8583804,3824607,Hueytepec,
8583804,3824574,La Guadalupe,
8583804,3516148,Tecolutla,
8583805,3516102,Tehuipango,
8583805,3514404,Xopilapa,
8583806,3533107,Álamo,
8583806,8859834,Buenos Aires (San Isidro),
8583806,3531130,Chapopote Núñez,
8583806,3824517,Doctor Montes de Oca,
8583806,3824490,Emiliano Zapata,
8583806,3824493,Estero del Ídolo,
8583806,8859412,Hidalgo Amajac,
8583806,3824488,La Camelia,
8583806,3824492,La Concepción,
8583806,8742423,La Unión,
8583806,3521207,Potrero del Llano,
8583806,3516053,Temapache,
8583806,3515650,Tierra Blanca Booxter,
8583806,3824499,Tincontlán,
8583806,3524686,Vegas de la Soledad y Soledad Dos,
8583807,3530220,Corozal,
8583807,3516019,Tempoal de Sánchez,
8583808,3823541,Coyolito,
8583808,3516012,Tenampa,
8583809,8858769,Tenochtitlán,
8583810,3823422,Llano Grande,
8583810,3523039,Monte Blanco,
8583810,3515946,Teocelo,
8583810,3516111,Texin,
8583811,3532035,Buena Vista,
8583811,3823532,La Palma,
8583811,3823530,San José Tenejapa,
8583811,3515907,Tepatlaxco,
8583812,3523767,Mafafas,
8583812,3515863,Tepetlán,
8583813,3528868,El Humo,
8583813,3515853,Tepetzintla,
8583813,3515655,Tierra Blanca,
8583814,3515799,Tequila,
8583815,8859361,Estación Dobladero,
8583815,3825001,Lindavista,
8583815,3514686,Tesechoacan,
8583815,9111588,Villa Azueta,
8583816,3532512,Ayotuxtla,
8583816,3515719,Texcatepec,
8583816,3514977,Tzicatlán,
8583817,3515713,Texhuacán,
8583818,3825232,San Lorenzo Tenochtitlán,
8583818,3515710,Texistepec,
8583818,3825225,Venustiano Carranza (Peña Blanca),
8583819,3824915,Caxapa,
8583819,3824916,Ixtacapa el Chico,
8583819,3525677,Laguna Chica (Pueblo Nuevo),
8583819,3522923,Motzorongo,
8583819,3824917,Palmar Grande,
8583819,3824927,Presidio (Plan de Libres),
8583819,3824920,Rancho Nuevo,
8583819,3824907,San Agustín del Palmar,
8583819,3801225,Tezonapa,
8583820,8859365,Huixcolotla,
8583820,3526483,Joachín,
8583820,3525596,La Isla,
8583820,3824880,Rodríguez Tejeda,
8583820,3801276,Tierra Blanca,
8583821,3824527,Acontitla,
8583821,3824525,El Águila,
8583821,3824521,Emiliano Zapata,
8583821,3824526,La Concepción,
8583821,8859583,La Isla (Kilómetro 10),
8583821,8531876,La Isla Km 10,
8583821,8723486,Miguel Hidalgo,
8583821,3824519,Nuevo Progreso,
8583821,3824524,Plan de Ayala,
8583821,8723482,Ricardo Flores Magón,
8583821,3523400,San Miguel Mecatepec,
8583821,3515603,Tihuatlan,
8583821,3824523,Totolapa,
8583821,8723546,Úrsulo Galván,
8583821,3824522,Zacate Colorado,
8583822,3515487,Tlacojalpan,
8583823,11057702,Tlacolulan,
8583824,3515479,Tlacotalpan,
8583825,3515474,Tlacotepec de Mejía,
8583826,3514901,Otatitlán,
8583826,3515499,Tlachichilco,
8583827,3529054,El Cocuite,
8583827,3521482,Piedras Negras,
8583827,3515443,Tlalixcoyan,
8583828,8858229,Guadalupe Victoria,
8583828,8858723,Otilpan,
8583828,3515435,Tlalnelhuayocan,
8583829,3528838,El Jobo,
8583829,3525265,La Palmilla,
8583829,3521502,Piedra Pinta,
8583829,8859941,San Pedro Tlapacoyan,
8583829,3515386,Tlapacoyan,
8583830,3515375,Tlaquilpa,
8583831,3823864,Tlilapan,
8583831,3515272,Tonalixco,
8583832,3516189,Tecama,
8583832,3515290,Tomatlán,
8583833,3515266,Tonayán,
8583834,3823543,Mata de Indio,
8583834,3823539,Mata Obscura,
8583834,3823428,Tlapala,
8583834,3515184,Totutla,
8583835,3824536,Alto Lucero,
8583835,8859290,Banderas,
8583835,3824539,La Victoria (La Peñita),
8583835,8859664,Ojite Rancho Nuevo,
8583835,3516956,Santiago de la Peña,
8583835,8859545,Tierra Blanca,
8583835,3515011,Túxpam de Rodríguez Cano,
8583836,3515007,Tuxtilla,
8583837,11095031,Bara de Chachalacas,
8583837,3823322,El Paraíso (La Charca),
8583837,3525722,La Gloria,
8583837,3823323,Playa de Chachalacas,
8583837,3514906,Úrsulo Galván,
8583837,3514044,Villa Zempoala,
8583838,3524794,Las Higueras,
8583838,3514843,Vega de Alatorre,
8583838,3527869,Villa Emilio Carranza,
8583839,8858664,Arboledas,
8583839,8859101,Colonia Chalchihuecan,
8583839,8858679,Colonia el Renacimiento,
8583839,8858322,Delfino Victoria (Santa Fe),
8583839,8858352,Fraccionamiento Costa Dorada,
8583839,8858135,Fraccionamiento Geovillas los Pinos,
8583839,8858987,Hacienda Sotavento,
8583839,3823668,Las Amapolas,
8583839,8858449,Lomas de Río Medio Cuatro,
8583839,8858279,Los Torrentes,
8583839,8858383,Oasis,
8583839,8858446,Río Medio [Granja],
8583839,3518590,San Julián,
8583839,3823643,Santa Rita,
8583839,3761202,Valente Diaz,
8583839,3823637,Vargas,
8583839,3514783,Veracruz,
8583840,3824688,Colonia Libertad,
8583840,3530076,Cruz Blanca,
8583840,3514688,Villa Aldama,
8583841,3514399,Xoxocotla,
8583842,3823807,Ex-hacienda la Concepción,
8583842,8859690,General Alatriste (San Joaquín),
8583842,8859627,General Juan José Baz (San José del Corral),
8583842,3823794,Palmillas,
8583842,3514329,Yanga,
8583843,3514277,Yecuatla,
8583844,3514137,Zacualpan,
8583845,3824080,Zaragoza,
8583846,3523603,Colonia Manuel González,
8583846,8859638,Ejido la Piña (Maromilla),
8583847,8859811,San José Independencia,
8583847,3514008,Zongolica,
8583848,3824438,Tetzacual,
8583848,3514002,Zontecomatlán de López y Fuentes,
8583849,3513976,Zozocolco de Hidalgo,
8583850,3533269,Agua Dulce,
8583850,3515281,Tonalá,
8583851,3528894,El Higo,
8583851,3824195,El Pueblito,
8583852,3522845,Nanchital de Lázaro Cárdenas del Río,
8583853,8858886,Colonia Adolfo Ruiz Cortines (Colonia Obrera),
8583853,3824963,La Guadalupe,
8583853,3523971,Los Naranjos,
8583853,3824980,Novara,
8583853,3824972,Nuevo San José Independencia,
8583853,3824976,Poblado Tres,
8583853,11839902,Tres Valles,
8583854,3531556,Carlos A. Carrillo,
8583855,3516234,Tatahuicapan,
8583856,3825344,Helio García Alfaro,
8583856,3825373,Hermanos Cedillo,
8583856,3825359,La Chinantla,
8583856,3825343,La Horqueta (Poblado Doce),
8583856,3825362,Niños Héroes,
8583856,8858386,Poblado 10,
8583856,3825367,Poblado Cinco,
8583857,8859403,Cementeras del Pital,
8583857,3528454,El Pital,
8583857,3824598,Guadalupe Victoria,
8583857,3527679,Puntilla Aldama,
8583857,3517915,San Rafael,
8583858,3762789,Boca del Monte,
8583858,3762787,Santa Teresa,
8583858,3516616,Xochiapa,
8583859,3533510,Abalá,
8583859,3514955,Uayalceh de Peón,
8583860,3533472,Acanceh,
8583860,3515669,Ticopó,
8583861,3533117,Akil,
8583862,3532467,Baca,
8583863,3532172,Bokoba,
8583864,3532089,Buctzotz,
8583865,3531892,Cacalchen,
8583865,3530759,Cholul Cantón,
8583866,3531786,Calotmul,
8583867,3531632,Cansahcab,
8583868,3531628,Cantamayec,
8583869,3531368,Celestún,
8583870,3531362,Cenotillo,
8583871,3530295,Conkal,
8583872,3529887,Cuncunul,
8583873,3529863,Cuzama,
8583874,3531227,Chacsinkin,
8583876,3531145,Chapab,
8583877,3531042,Chemax,
8583877,3514559,X-Cán,
8583878,3530916,Chicxulub Pueblo,
8583879,3530948,Chichimila,
8583880,3530898,Chikindzonot,
8583880,3529508,Ekpedz,
8583881,3530775,Chocholá,
8583883,3529672,Dzan,
8583884,3529669,Dzemul,
8583885,3529660,Dzidzantun,
8583886,3529655,Dzilam de Bravo,
8583887,3529654,Dzilam González,
8583888,3529652,Dzitás,
8583889,3529642,Dzoncauich,
8583890,3527720,Espita,
8583890,3822446,Nacuche,
8583891,3531350,Cepeda,
8583891,3822499,Cuch Holoch,
8583891,3527164,Halachó,
8583891,3517295,Santa María Acú,
8583892,3527094,Hocaba,
8583892,3520098,Sahcaba,
8583893,3527092,Hoctun,
8583894,3527080,Homun,
8583895,3526924,Huhi,
8583896,3526838,Hunucmá,
8583896,3516635,Sisal,
8583896,3822414,Texan de Palomeque,
8583897,3526711,Ixil,
8583898,3530606,Citilcum,
8583898,3526662,Izamal,
8583898,3526287,Kimbila,
8583898,3516630,Sitilpech,
8583898,3514578,Xanabá,
8583899,3526323,Kanasín,
8583900,3822438,Holcá,
8583900,3526301,Kantunil,
8583901,3526296,Kaua,
8583902,3526284,Kinchil,
8583903,3526273,Kopomá,
8583904,3523663,Mama,
8583905,3523619,Mani,
8583906,3530699,Chunchucmil,
8583906,3526279,Kochol,
8583906,3523436,Maxcanú,
8583906,3517913,San Rafael,
8583906,3822489,Santo Domingo,
8583907,3523430,Mayapan,
8583908,3531406,Caucel,
8583908,3531287,Chablekal,
8583908,3530758,Cholul,
8583908,3529643,Dzityá,
8583908,3529625,Dzununcán,
8583908,3526275,Komchén,
8583908,8858474,Leona Vicario,
8583908,3523349,Mérida,
8583908,3523077,Molas,
8583908,3518961,San José Tzal,
8583908,3530849,San Pedro Chimay,
8583908,3516668,Sierra Papacal,
8583908,3516621,Sitpach,
8583908,3514558,Xcanatún,
8583909,3523112,Mocochá,
8583910,3526283,Kini,
8583910,3522924,Motul,
8583910,3514949,Uci,
8583911,3522886,Muna,
8583912,3522870,Muxupip,
8583913,3531824,Calcehtok,
8583913,3522328,Opichén,
8583914,3822573,Emiliano Zapata,
8583914,3522251,Oxkutzkab,
8583914,3822575,Xohuayan,
8583914,3514363,Xul,
8583914,3822617,Yaxhachen,
8583915,3524279,Loché,
8583915,3521972,Panabá,
8583916,3521596,Peto,
8583917,8858311,Campestre Flamboyanes,
8583917,3531046,Chelem,
8583917,3530915,Chicxulub Puerto,
8583917,3530735,Chuburná,
8583917,3521108,Progreso,
8583918,3520889,Quintana Roo,
8583919,3822212,Las Coloradas,
8583919,3520249,Río Lagartos,
8583920,3520120,Sacalum,
8583921,3520011,Samahil,
8583921,3516110,San Antonio Tedzidz,
8583922,3519970,Sanahcat,
8583923,3519435,San Felipe,
8583924,3517498,Santa Elena,
8583925,3516683,Seyé,
8583926,3516643,Sinanche,
8583927,3516515,Sotuta,
8583927,3515674,Tibolón,
8583928,3516488,Sucilá,
8583929,3516485,Sudzal,
8583930,3516425,Tahmek,
8583931,3516212,Teabo,
8583932,3524393,Lepan,
8583932,3516168,Tekoh,
8583932,3516064,Telchaquillo,
8583933,3516079,Tekal de Venegas,
8583934,3516078,Tekanto,
8583935,3822667,Becanchén,
8583935,3822574,Kancab,
8583935,3822580,Kinil,
8583935,3521659,Pencuyut,
8583935,3516076,Tecax,
8583935,3514567,Xaya,
8583936,3516072,Tekit,
8583937,3516070,Tekom,
8583938,3516066,Telchac Pueblo,
8583939,3516065,Telchac Puerto,
8583940,3516048,Temax,
8583941,3526837,Hunuku,
8583941,3516022,Temozon,
8583942,3515924,Tepakan,
8583943,3515744,Tetiz,
8583944,3515703,Teya,
8583945,3520940,Pustunich,
8583945,3515665,Ticul,
8583945,3514214,Yotholin,
8583946,3516075,Tekik de Regil,
8583946,3515567,Timucuy,
8583947,3530978,Chichén-Itzá,
8583947,3521411,Piste,
8583947,3822452,San Francisco Grande,
8583947,3515544,Tinum,
8583948,3515529,Tixcacalcupul,
8583949,3822331,Ekmul,
8583949,3527665,Euán,
8583949,3522670,Nolo,
8583949,3515521,Tixkokob,
8583950,3515516,Tixmehuac,
8583951,3515512,Tixpéhual,
8583952,3531165,Chan Cenote,
8583952,3530420,Colonia Yucatán,
8583952,3822274,Dzonot Carretero,
8583952,3529047,El Cuyo,
8583952,3822398,Popolnah,
8583952,3516486,Sucopó,
8583952,3515526,Tixcancal,
8583952,3515504,Tizimín,
8583953,3515026,Tunkás,
8583954,3514961,Tzucacab,
8583955,3514952,Uayma,
8583956,3514948,Ucú,
8583957,3532168,Bolón,
8583957,3529663,Dzibikak,
8583957,3522255,Oxcum,
8583957,3526816,Paseos de Itzincab,
8583957,3514929,Umán,
8583957,3514294,Yaxcopoil,
8583958,3529647,Dzitnup,
8583958,3822558,Kanxoc,
8583958,3521393,Pixoy,
8583958,3521274,Popola,
8583958,3515769,Tesoco,
8583958,3515601,Tikuch,
8583958,3822557,Tixhualactún,
8583958,3514876,Valladolid,
8583958,3514468,Xocen,
8583958,3514344,Yalkoba,
8583959,3514469,Xocchel,
8583960,3524373,Libre Unión,
8583960,3516429,Tahdzibichen,
8583960,3515604,Tiholop,
8583960,3515527,Tixcacaltuyub,
8583960,3514316,Yaxcabá,
8583961,3514286,Yaxkukul,
8583962,3514243,Yobain,
8583963,4018380,Apozol,
8583964,3985049,Apulco,
8583965,4018019,Atolinga,
8583966,4016132,Víctor Rosales,
8583967,4015633,Cañitas de Felipe Pescador,
8583968,4013039,Concepción del Oro,
8583969,4014603,Chalchihuites,
8583970,4018721,Altamira,
8583970,4016677,Buenavista de Trujillo,
8583970,3972954,Carrillo,
8583970,3972907,Chichimequillas,
8583970,8858740,Colonia Montemariana (Colonia Mariana),
8583970,4013329,Colonia Plenitud,
8583970,8858674,El Salto,
8583970,3986452,Estación San José,
8583970,4006163,Fresnillo,
8583970,8859520,José María Morelos,
8583970,3972706,Las Catarinas,
8583970,3990207,Lázaro Cárdenas (Rancho Grande),
8583970,3992327,Plateros,
8583970,8858694,Rafael Yáñez Sosa (El Mezquite),
8583970,3972973,Río Florido,
8583970,3986450,San Jose de Lourdes,
8583970,3983677,Santiaguillo,
8583970,3972976,Seis de Enero,
8583970,8859066,Tapias de Santa Cruz (Pedro Ruiz González),
8583971,3971857,La Estanzuela,
8583972,3972273,Genaro Codina,
8583972,3972274,Paso de Méndez,
8583973,3972702,General Enrique Estrada,
8583974,4001711,La Laguna,
8583974,3994939,Nieves,
8583974,3984012,Santa Rita,
8583975,3972062,El Plateado de Joaquín Amaro,
8583976,8858405,El Saucito (El Horno),
8583976,4007088,El Tule,
8583976,3972429,General Pánfilo Natera,
8583976,4005272,Guanajuatillo,
8583976,3981783,La Tesorera,
8583976,8858481,San José el Saladillo (El Saladillo),
8583976,3985215,San Pablo,
8583976,3984416,Santa Elena,
8583977,4013828,Cieneguitas,
8583977,4005509,Guadalupe,
8583977,3972650,La Luz,
8583977,3972464,La Zacatecana,
8583977,8858999,Martínez Domínguez,
8583977,3986585,San Jerónimo,
8583977,3984049,Santa Mónica,
8583977,3982668,Tacoaleche,
8583977,3979618,Zóquite,
8583978,4004685,Huanusco,
8583979,4004148,Jalpa,
8583980,3972525,Ermita de Guadalupe,
8583980,4004024,Jerez de García Salinas,
8583981,4003934,Jiménez del Teul,
8583982,4020433,General Juan José Ríos,
8583982,4003804,Juan Aldama,
8583982,3994446,Ojitos,
8583983,4003739,Juchipila,
8583984,3997017,Luis Moya,
8583985,4014893,Cedros,
8583985,4016077,Estación Camacho,
8583985,3996332,Mazapil,
8583985,3981866,Terminal de Providencia,
8583986,3996008,Mezquital del Oro,
8583987,3973410,Emilio Carranza,
8583987,3995943,Miguel Auza,
8583988,3995533,Momax,
8583989,3995490,Monte Escobedo,
8583990,3972509,Hacienda Nueva,
8583990,8859624,Las Pilas,
8583990,3995398,Morelos,
8583991,3995292,Moyahua de Estrada,
8583992,3994912,Nochistlán de Mejía,
8583992,3971939,Tlachichila,
8583993,8859286,Colonia San Francisco (San Francisco),
8583993,8859645,General Lauro G. Caloca (El Rascón),
8583993,3972203,Ignacio Zaragoza,
8583993,3996618,Maravillas,
8583993,3994802,Noria de Ángeles,
8583993,8859175,Rancho Nuevo de Morelos (De Guadalupe),
8583994,3972455,Cerrito de la Cruz,
8583994,3972457,La Capilla,
8583994,4013064,La Concepción,
8583994,3995931,Milagros,
8583994,3993226,Pastoría,
8583994,3972430,Pozo de Jarillas,
8583994,3987378,San Cristóbal,
8583995,3972657,Casa de Cerros,
8583995,4002099,Laguna Seca,
8583995,3993496,Pánuco,
8583995,3991930,Pozo de Gamboa,
8583995,3987869,San Antonio del Cipres,
8583996,4009789,El Fuerte,
8583996,3973227,Emiliano Zapata,
8583996,4006206,Francisco García Salinas,
8583996,3973211,José María Morelos y Pavón,
8583996,4002363,La Florida,
8583996,8858571,Las Esperanzas (El Ranchito),
8583996,3998289,Loreto,
8583996,8859158,Los Condes,
8583996,3997248,Los Ramírez,
8583996,3993245,Pastelera,
8583996,3988594,Río Grande,
8583996,4004950,Tetillas,
8583996,8859226,Tierra Blanca,
8583997,3973239,Cañas,
8583997,4015577,Cantuna,
8583997,4014965,El Cazadero,
8583997,3973215,Emiliano Zapata,
8583997,3984048,José María Morelos (Santa Mónica),
8583997,3988606,Río de Medina,
8583997,3988251,Sain Alto,
8583997,3973195,Saín Bajo,
8583998,3984820,El Salvador,
8583999,8858504,Charco Blanco,
8583999,9819935,Ejido Zaragoza,
8583999,3973404,Hidalgo,
8583999,3973378,Ignacio Zaragoza,
8583999,3985534,San Martin,
8583999,3982887,Sombrerete,
8583999,4010804,Villa Insurgentes (El Calabazal),
8584000,3982750,Susticacán,
8584001,3982729,Tabasco,
8584002,3981981,Tepechitlán,
8584003,3981946,Tepetongo,
8584004,3981725,Teúl de González Ortega,
8584005,3972031,Cicacalco,
8584005,3987402,Tlaltenango de Sánchez Román,
8584006,8859701,J. Jesús González Ortega (San Mateo),
8584006,3998472,Lobatos,
8584006,3980586,Valparaíso,
8584007,3972655,El Lampotal,
8584007,4002565,San José de la Era,
8584007,8859277,Santa Rita,
8584007,3983349,Sauceda de La Borda,
8584007,3980331,Vetagrande,
8584008,3972672,Chaparrosa,
8584008,3972678,Chupaderos,
8584008,4007775,El Rucio,
8584008,4017546,Gonzales Ortega,
8584008,3980192,Villa de Cos,
8584009,4019381,Agua Gorda,
8584009,8859215,El Copetillo,
8584009,3972217,Granadas,
8584009,3980177,Villa García,
8584010,3972422,Bajío de San Nicolás,
8584010,4006450,Estancia de Ánimas,
8584010,3980175,Villa González Ortega,
8584011,3972204,Colonia José María Morelos,
8584011,8858892,El Refugio,
8584011,3972210,La Ballena,
8584011,3980167,Villa Hidalgo,
8584012,3972492,Colonia Felipe Ángeles,
8584012,3996776,Malpaso,
8584012,3972087,Tayahua,
8584012,3980140,Villanueva,
8584013,4013850,Cieneguillas,
8584013,3979844,Zacatecas,
8584014,3981145,Trancoso,
8584015,3972001,Santa María de la Paz,
